date,ret,model,level,var,es
2023-01-04,0.7510694562138917,GARCH-t,0.01,2.727952670851431,3.510100963995608
2023-01-05,-1.1713869136457158,GARCH-t,0.01,2.561807196440177,3.298402362005583
2023-01-06,2.258383558903089,GARCH-t,0.01,2.7387315183222505,3.523835114436491
2023-01-09,-0.0767927325990578,GARCH-t,0.01,3.453730803109094,4.434870154961131
2023-01-10,0.6953997970593733,GARCH-t,0.01,3.1102500432915012,3.9972151606164257
2023-01-11,1.2767571192293676,GARCH-t,0.01,2.872182588226719,3.6938752857559902
2023-01-12,0.341008491204273,GARCH-t,0.01,2.8974849516681216,3.726114953953811
2023-01-13,0.3988892144656051,GARCH-t,0.01,2.623063182409726,3.3764532787652857
2023-01-17,-0.2032555430996314,GARCH-t,0.01,2.3907476725936783,3.080442395393756
2023-01-18,-1.5684966977744674,GARCH-t,0.01,2.1985098151875766,2.8354975011278136
2023-01-19,-0.7667671901812427,GARCH-t,0.01,2.7616328923714235,3.5530154991989433
2023-01-20,1.874167355235196,GARCH-t,0.01,2.687275266550894,3.458270785331268
2023-01-23,1.1811315951328556,GARCH-t,0.01,3.1289604889453297,4.021055564344313
2023-01-24,-0.0711756364291819,GARCH-t,0.01,3.0580901399631486,3.9307542554748576
2023-01-25,-0.0181741573465663,GARCH-t,0.01,2.7618897873453916,3.553342828649475
2023-01-26,1.0947708029114305,GARCH-t,0.01,2.4977663049266026,3.216802985003833
2023-01-27,0.2491734021703855,GARCH-t,0.01,2.5105426846377528,3.2330823433970037
2023-01-30,-1.3053569315292664,GARCH-t,0.01,2.276518969207657,2.9348949051618107
2023-01-31,1.4536304416419528,GARCH-t,0.01,2.6193910497153605,3.3717743348429563
2023-02-01,1.039805629688473,GARCH-t,0.01,2.7981363669530355,3.597523057252402
2023-02-02,1.459238462685438,GARCH-t,0.01,2.7276858276045592,3.507808292074192
2023-02-03,-1.0408592637285454,GARCH-t,0.01,2.8834262180039287,3.706134844044647
2023-02-06,-0.6159393193939262,GARCH-t,0.01,2.912935903373805,3.743713754269109
2023-02-07,1.2790364037397075,GARCH-t,0.01,2.7573256490776563,3.545552923243442
2023-02-08,-1.1142573012411352,GARCH-t,0.01,2.8072356955116975,3.6091105359639815
2023-02-09,-0.8869009831037385,GARCH-t,0.01,2.891496440633152,3.716411814736601
2023-02-10,0.2192855709217127,GARCH-t,0.01,2.846145540811298,3.658660016584808
2023-02-13,1.1383569951155146,GARCH-t,0.01,2.572719914639009,3.3104679931793495
2023-02-14,-0.0280453855493762,GARCH-t,0.01,2.590701114451752,3.3333660310615474
2023-02-15,0.2769337533076689,GARCH-t,0.01,2.3522033223188656,3.02965262283785
2023-02-16,-1.3884689204881606,GARCH-t,0.01,2.1436009986423152,2.7640093977136218
2023-02-17,-0.2771242172282734,GARCH-t,0.01,2.5829678142961874,3.323518112026076
2023-02-21,-2.0244783973471696,GARCH-t,0.01,2.381932093030873,3.0675105258167337
2023-02-22,-0.1574795485643383,GARCH-t,0.01,3.236631757402045,4.1559220610027
2023-02-23,0.5315278263237728,GARCH-t,0.01,2.9321844086079127,3.768225633710766
2023-02-24,-1.0593464619774184,GARCH-t,0.01,2.6851667688755203,3.4536626829028307
2023-02-27,0.3068292539552277,GARCH-t,0.01,2.7671595350560527,3.5580758191573714
2023-02-28,-0.3040619830947711,GARCH-t,0.01,2.5092765303034748,3.2296764423919315
2023-03-01,-0.4736464203492832,GARCH-t,0.01,2.3244167678658485,2.99426802208223
2023-03-02,0.7553593731195973,GARCH-t,0.01,2.2201684642921813,2.8589341552930505
2023-03-03,1.601874917648306,GARCH-t,0.01,2.143636272497975,2.7615131273399776
2023-03-06,0.0686930778848301,GARCH-t,0.01,2.5587754626668437,3.2899611660242605
2023-03-07,-1.5445590479262548,GARCH-t,0.01,2.3217350029395645,2.9882224504364903
2023-03-08,0.1413794135603272,GARCH-t,0.01,2.8119199051630583,3.612199314840167
2023-03-09,-1.8631857945482353,GARCH-t,0.01,2.5438107106891845,3.2709119073195505
2023-03-10,-1.458396943606664,GARCH-t,0.01,3.1992311083452045,4.105223944961931
2023-03-13,-0.1510901840738767,GARCH-t,0.01,3.3839914843961214,4.340413155383048
2023-03-14,1.6342388235363663,GARCH-t,0.01,3.063965479494811,3.9330386684085186
2023-03-15,-0.7005363929353597,GARCH-t,0.01,3.243703907823953,4.161835231527732
2023-03-16,1.7409576249031722,GARCH-t,0.01,3.065574382192306,3.9350867079457625
2023-03-17,-1.10806212739537,GARCH-t,0.01,3.3090525038959724,4.2450201927234765
2023-03-20,0.8878869635940854,GARCH-t,0.01,3.284484391193349,4.213746414483954
2023-03-21,1.2898647518559103,GARCH-t,0.01,3.0830173670377463,3.957290612921881
2023-03-22,-1.6600248639842885,GARCH-t,0.01,3.0750332124850415,3.947127248648292
2023-03-23,0.2980083869182423,GARCH-t,0.01,3.4172863721021267,4.3827956105285
2023-03-24,0.5623963084303207,GARCH-t,0.01,3.084787537425465,3.959543936847156
2023-03-27,0.1645599563767083,GARCH-t,0.01,2.827903100134764,3.632544992229167
2023-03-28,-0.1575083288387886,GARCH-t,0.01,2.5582607767799135,3.2893060008316506
2023-03-29,1.41368707750468,GARCH-t,0.01,2.341057268916578,3.012818570967379
2023-03-30,0.5698999199482653,GARCH-t,0.01,2.5710488479219387,3.2837326745184714
2023-03-31,1.4333327782036556,GARCH-t,0.01,2.388417659582466,3.052703040395961
2023-04-03,0.3692022565802823,GARCH-t,0.01,2.6135301226762437,3.3374717617618943
2023-04-04,-0.5813839745162529,GARCH-t,0.01,2.3895195400105673,3.054096926262146
2023-04-05,-0.2495481657121423,GARCH-t,0.01,2.3084634449576646,2.951560441920473
2023-04-06,0.3572773132803247,GARCH-t,0.01,2.1437868497727655,2.743243484230913
2023-04-10,0.0995807017010084,GARCH-t,0.01,1.978675839079649,2.534376988114575
2023-04-11,-0.004135333298352,GARCH-t,0.01,1.8173866461704915,2.3303451162063964
2023-04-12,-0.4143456323461385,GARCH-t,0.01,1.6825395129050926,2.1597626207190075
2023-04-13,1.3175510497831548,GARCH-t,0.01,1.6650279951560107,2.1376104375388807
2023-04-14,-0.2071517584577988,GARCH-t,0.01,2.0263332545527732,2.5946639268356577
2023-04-17,0.3300703582614753,GARCH-t,0.01,1.8925700114110064,2.425452559362977
2023-04-18,0.0854854803465975,GARCH-t,0.01,1.7577087780041705,2.2548522271055007
2023-04-19,-0.0084265547939628,GARCH-t,0.01,1.6260035285115777,2.088244234905785
2023-04-20,-0.5970335188311131,GARCH-t,0.01,1.5183529579046666,1.9520655670313511
2023-04-21,0.0902781257300886,GARCH-t,0.01,1.6186670600227862,2.0789635548306693
2023-04-24,0.0851216778272312,GARCH-t,0.01,1.5061032158713623,1.9365695641537437
2023-04-25,-1.593718381857645,GARCH-t,0.01,1.4098182785510964,1.8147684958758443
2023-04-26,-0.3848583503344875,GARCH-t,0.01,2.2942294763076485,2.933554379542934
2023-04-27,1.9377193402696355,GARCH-t,0.01,2.164613854005312,2.7695897792501913
2023-04-28,0.8219331313243468,GARCH-t,0.01,2.814102149414631,3.5957969242622316
2023-05-01,-0.0386181048510787,GARCH-t,0.01,2.6662242523963338,3.4085201488518404
2023-05-02,-1.1653906680571788,GARCH-t,0.01,2.427549736965154,3.1062559530264267
2023-05-03,-0.7022908054892971,GARCH-t,0.01,2.6237770207442845,3.3547637672073947
2023-05-04,-0.7244913455062743,GARCH-t,0.01,2.5494909452734276,3.2606857680433023
2023-05-05,1.83061663818798,GARCH-t,0.01,2.497200927697796,3.1944642023112353
2023-05-08,0.0452026484882065,GARCH-t,0.01,2.9513555599485124,3.769618547758024
2023-05-09,-0.4589938949059595,GARCH-t,0.01,2.674308011099113,3.418757650828657
2023-05-10,0.4473942241914432,GARCH-t,0.01,2.510428886591399,3.2112164657448212
2023-05-11,-0.1698064889706758,GARCH-t,0.01,2.3121999451664896,2.9601736953808433
2023-05-12,-0.1584561589439047,GARCH-t,0.01,2.133680749216249,2.734091907361636
2023-05-15,0.2953797680316934,GARCH-t,0.01,1.977211520742355,2.5359348254015313
2023-05-16,-0.6398107681917463,GARCH-t,0.01,1.8272446907781008,2.3460125658852964
2023-05-17,1.1820688622071571,GARCH-t,0.01,1.8791313029836576,2.411723247581181
2023-05-18,0.9400723063727155,GARCH-t,0.01,2.0844772507219465,2.671779197195201
2023-05-19,-0.1446913880675441,GARCH-t,0.01,2.1107836403194096,2.7050943573093105
2023-05-22,0.0155022679802391,GARCH-t,0.01,1.955153711953528,2.508000188881244
2023-05-23,-1.1285468768284297,GARCH-t,0.01,1.801595157295761,2.313529267040716
2023-05-24,-0.734551267830521,GARCH-t,0.01,2.151713641049978,2.756929274554701
2023-05-25,0.8719456079011882,GARCH-t,0.01,2.1802249711578616,2.793036834054313
2023-05-26,1.2964680931640788,GARCH-t,0.01,2.1448618223815026,2.7350178462034584
2023-05-30,0.0016603130665768,GARCH-t,0.01,2.343991532822078,2.9860009662671745
2023-05-31,-0.6127358186214099,GARCH-t,0.01,2.140562627788153,2.729599140625006
2023-06-01,0.9806215085853812,GARCH-t,0.01,2.115493217866144,2.698001652201702
2023-06-02,1.4429812390107408,GARCH-t,0.01,2.150929701436838,2.7426658019711234
2023-06-05,-0.2005591490657713,GARCH-t,0.01,2.439949000861509,3.106945774898017
2023-06-06,0.2351130233850576,GARCH-t,0.01,2.2485391332022284,2.865692745956134
2023-06-07,-0.3819293926420617,GARCH-t,0.01,2.0565973177111574,2.623769249878841
2023-06-08,0.616957160752325,GARCH-t,0.01,1.9629760861789,2.5057690341290897
2023-06-09,0.1147401023050523,GARCH-t,0.01,1.8820719661587129,2.403797467838204
2023-06-12,0.927797498175416,GARCH-t,0.01,1.733118319423806,2.2160562667904995
2023-06-13,0.6908570725908897,GARCH-t,0.01,1.8267506680607668,2.334070494540863
2023-06-14,0.0819089980126584,GARCH-t,0.01,1.794679873904097,2.293648460267056
2023-06-15,1.2104580493589998,GARCH-t,0.01,1.6578758463736338,2.12122064127957
2023-06-16,-0.3678376467751089,GARCH-t,0.01,1.9400496645433871,2.476872568497486
2023-06-20,-0.4746353835236048,GARCH-t,0.01,1.8609900875551812,2.377225864550016
2023-06-21,-0.5259086366925201,GARCH-t,0.01,1.832761884167012,2.341647032318097
2023-06-22,0.3703930387334525,GARCH-t,0.01,1.8304328189352816,2.338711478113763
2023-06-23,-0.7688288056502157,GARCH-t,0.01,1.7097097251934057,2.186552070740334
2023-06-26,-0.4496934363132171,GARCH-t,0.01,1.854769092652726,2.3693849215432485
2023-06-27,1.139073352418076,GARCH-t,0.01,1.8251696531817856,2.3277705895006022
2023-06-28,-0.0354139388389821,GARCH-t,0.01,2.021131555114203,2.5744422604710464
2023-06-29,0.446356811449,GARCH-t,0.01,1.861521736476751,2.373529632667668
2023-06-30,1.21943502618858,GARCH-t,0.01,1.7529549991167075,2.236868688615149
2023-07-03,0.1169993092673641,GARCH-t,0.01,2.0203033656376497,2.573399757412814
2023-07-05,-0.1970258097612716,GARCH-t,0.01,1.8533246215953765,2.3632113207662933
2023-07-06,-0.7954061175894762,GARCH-t,0.01,1.742679506275008,2.2239341693830332
2023-07-07,-0.2869212795733482,GARCH-t,0.01,1.8958153426029565,2.4166975190952593
2023-07-10,0.2402138610626312,GARCH-t,0.01,1.8002617520539614,2.2964171808483123
2023-07-11,0.6719583998254874,GARCH-t,0.01,1.6682767242128234,2.130277910716701
2023-07-12,0.7383905235389678,GARCH-t,0.01,1.6628395755000525,2.1234337713964138
2023-07-13,0.8434482989627111,GARCH-t,0.01,1.6862084047453114,2.152849836977054
2023-07-14,-0.1024932196907483,GARCH-t,0.01,1.7534097250428216,2.2374410856113105
2023-07-17,0.3847969574420413,GARCH-t,0.01,1.6400205217012076,2.0947097486398536
2023-07-18,0.7092066941428338,GARCH-t,0.01,1.5526271065676676,1.9847012238693669
2023-07-19,0.2355134827233639,GARCH-t,0.01,1.5865934131756432,2.027457114300423
2023-07-20,-0.6779827396257692,GARCH-t,0.01,1.4850041050435885,1.8995791740347296
2023-07-21,0.0324042014613091,GARCH-t,0.01,1.6387510006876576,2.0931117090890203
2023-07-24,0.4026038496874852,GARCH-t,0.01,1.5268211014237234,1.9522173055813932
2023-07-25,0.2810719575838704,GARCH-t,0.01,1.4616001585489224,1.8701189037872343
2023-07-26,-0.0155450978675918,GARCH-t,0.01,1.3448235479533106,1.720368017433478
2023-07-27,-0.6445393055197076,GARCH-t,0.01,1.2789537669997313,1.63769326482827
2023-07-28,0.9829375810433848,GARCH-t,0.01,1.4550082901022074,1.8586635478899771
2023-07-31,0.1467635436568791,GARCH-t,0.01,1.6311514832522294,2.0797451228694377
2023-08-01,-0.2668645307682711,GARCH-t,0.01,1.517159101191114,1.9366705316176067
2023-08-02,-1.3936200638336185,GARCH-t,0.01,1.4766614496031556,1.8858409512295085
2023-08-03,-0.2551225450291527,GARCH-t,0.01,2.112447030023213,2.6838307852663026
2023-08-04,-0.531416937393797,GARCH-t,0.01,1.9792351893487,2.516633387424473
2023-08-07,0.8983618964856572,GARCH-t,0.01,1.948228638231304,2.477716316414658
2023-08-08,-0.4227205100058866,GARCH-t,0.01,1.968626973772508,2.5033187599025983
2023-08-09,-0.7063619102045117,GARCH-t,0.01,1.9015853816391308,2.4191732387903864
2023-08-10,0.0250682521080863,GARCH-t,0.01,1.959785531742535,2.4922216525201337
2023-08-11,-0.1070264899229486,GARCH-t,0.01,1.806928573415859,2.3003671931505405
2023-08-14,0.573400487941905,GARCH-t,0.01,1.68795483225137,2.151040377805246
2023-08-15,-1.1618139396096483,GARCH-t,0.01,1.634468364894853,2.083908221110465
2023-08-16,-0.7584081792624527,GARCH-t,0.01,2.0354196638046216,2.5871518779773788
2023-08-17,-0.7742811377529081,GARCH-t,0.01,2.0900712912017383,2.655746455173754
2023-08-18,-0.0148717883957202,GARCH-t,0.01,2.140835787705169,2.719462200524521
2023-08-21,0.6855634859799785,GARCH-t,0.01,1.9685000417239655,2.5031594444234972
2023-08-22,-0.2781331046545683,GARCH-t,0.01,1.9042140908312453,2.4224725951717634
2023-08-23,1.098433071079136,GARCH-t,0.01,1.8086353978389096,2.2907513975998826
2023-08-24,-1.354935398400801,GARCH-t,0.01,1.9590529608293183,2.47881736052075
2023-08-25,0.6695501060295156,GARCH-t,0.01,2.3657100846322052,2.987257745048829
2023-08-28,0.6245078594196461,GARCH-t,0.01,2.2445576609444906,2.835781768653175
2023-08-29,1.4404068712056506,GARCH-t,0.01,2.1286657656042416,2.6908829918176673
2023-08-30,0.3825854181192944,GARCH-t,0.01,2.3912396621254186,3.019177186361212
2023-08-31,-0.1598212974339857,GARCH-t,0.01,2.210351998629,2.7930146828633404
2023-09-01,0.1797512765518541,GARCH-t,0.01,2.0529333480619303,2.596195312092873
2023-09-05,-0.4202997821381205,GARCH-t,0.01,1.894713023389594,2.398373614136947
2023-09-06,-0.6996014491432261,GARCH-t,0.01,1.8395069961836596,2.3293499279455836
2023-09-07,-0.3216433115732967,GARCH-t,0.01,1.9018774868821104,2.4073312896819057
2023-09-08,0.1425606062257059,GARCH-t,0.01,1.8176175811533748,2.3019817547508916
2023-09-11,0.6700951498135518,GARCH-t,0.01,1.6866676006088164,2.1382559657141984
2023-09-12,-0.5712169023003997,GARCH-t,0.01,1.670903603028884,2.1185463565075846
2023-09-13,0.1240862117534604,GARCH-t,0.01,1.710893132302619,2.168544968239492
2023-09-14,0.839458553366625,GARCH-t,0.01,1.5929929466804589,2.0211352409658603
2023-09-15,-1.2234145842493929,GARCH-t,0.01,1.6637133059635132,2.109556381438169
2023-09-18,0.0721027694175518,GARCH-t,0.01,2.07715911993271,2.6264846149096583
2023-09-19,-0.2153327361533126,GARCH-t,0.01,1.9155957285635972,2.424483105468035
2023-09-20,-0.943920420629104,GARCH-t,0.01,1.8053857031368143,2.2866883284263224
2023-09-21,-1.6536918318488083,GARCH-t,0.01,1.9892007679421893,2.5084502973177623
2023-09-22,-0.2298237402760749,GARCH-t,0.01,2.5780130011369455,3.2424897294821435
2023-09-25,0.4014994203806617,GARCH-t,0.01,2.390055345324982,3.008173383514639
2023-09-26,-1.4844165482264944,GARCH-t,0.01,2.2154728897239413,2.7905311550576357
2023-09-27,0.0229287772294792,GARCH-t,0.01,2.614859083447605,3.2884236890910508
2023-09-28,0.5875877143000698,GARCH-t,0.01,2.3985561467055616,3.0187708593593343
2023-09-29,-0.2713259648289315,GARCH-t,0.01,2.255720425900671,2.8407055178436926
2023-10-02,0.0079364406152993,GARCH-t,0.01,2.113949834064612,2.663968013318157
2023-10-03,-1.3839395863449198,GARCH-t,0.01,1.9541058759643843,2.4646994492087058
2023-10-04,0.8077047607828945,GARCH-t,0.01,2.368269063982483,2.9810136393991797
2023-10-05,-0.1304881146995122,GARCH-t,0.01,2.2883816000544432,2.8814223854257
2023-10-06,1.1745642093961115,GARCH-t,0.01,2.120748272046555,2.672443247483714
2023-10-09,0.6284068119387409,GARCH-t,0.01,2.2343811734863825,2.814103059807098
2023-10-10,0.5194476099985355,GARCH-t,0.01,2.1229790411691485,2.675224223162758
2023-10-11,0.4283819500095073,GARCH-t,0.01,2.0015113009707095,2.5237971535215924
2023-10-12,-0.6266024940654918,GARCH-t,0.01,1.878456945089978,2.3703921384356215
2023-10-13,-0.5031495660219892,GARCH-t,0.01,1.8987844885543623,2.395733355245834
2023-10-16,1.0538642302589984,GARCH-t,0.01,1.8694992677322804,2.3592251007443696
2023-10-17,-0.0098249879443765,GARCH-t,0.01,1.9790303681919608,2.49577142613155
2023-10-18,-1.3490408251151895,GARCH-t,0.01,1.836080436521762,2.317563704288206
2023-10-19,-0.8519032328057976,GARCH-t,0.01,2.247563922756604,2.8283436409004334
2023-10-20,-1.2665149196155916,GARCH-t,0.01,2.2871745158241374,2.8777150900393447
2023-10-23,-0.1686992065434917,GARCH-t,0.01,2.508117446343002,3.1531028540679285
2023-10-24,0.723952351962882,GARCH-t,0.01,2.3401967742390553,2.9438031117485677
2023-10-25,-1.4443434657238052,GARCH-t,0.01,2.2531343591874164,2.8352867462070495
2023-10-26,-1.1903081205584871,GARCH-t,0.01,2.5787682713178812,3.2411634798182756
2023-10-27,-0.481183857862075,GARCH-t,0.01,2.700390737302628,3.392756196021169
2023-10-30,1.1938474300285915,GARCH-t,0.01,2.562997771770981,3.2215068083075127
2023-10-31,0.6454084821688244,GARCH-t,0.01,2.596400015348455,3.263140044323423
2023-11-01,1.0451194990191868,GARCH-t,0.01,2.4597709822918516,3.092842837590063
2023-11-02,1.8682938934086477,GARCH-t,0.01,2.454389779843687,3.0861355973696813
2023-11-03,0.934988354455146,GARCH-t,0.01,2.844338449434854,3.57217555326437
2023-11-06,0.1751457724100586,GARCH-t,0.01,2.7478736491671563,3.4519398634833074
2023-11-07,0.2836093401711954,GARCH-t,0.01,2.541977163061763,3.1953062939151455
2023-11-08,0.1004411032419886,GARCH-t,0.01,2.361259336269673,2.9700559176143333
2023-11-09,-0.8116690699068705,GARCH-t,0.01,2.192377532756547,2.7595582015508477
2023-11-10,1.5495759270772258,GARCH-t,0.01,2.22592004724622,2.8013662740857543
2023-11-13,-0.0836188441370084,GARCH-t,0.01,2.4956479390809596,3.1375606065048687
2023-11-14,1.889537047457725,GARCH-t,0.01,2.3209562367400043,2.919821314330888
2023-11-15,0.1595738207847176,GARCH-t,0.01,2.761041358619424,3.46835236446228
2023-11-16,0.118971939671373,GARCH-t,0.01,2.5576187412179334,3.1978313676500787
2023-11-17,0.1281227937177987,GARCH-t,0.01,2.364989478467923,2.958926137850693
2023-11-20,0.7363103793795632,GARCH-t,0.01,2.1932192916271993,2.7458910289891536
2023-11-21,-0.2022975931757968,GARCH-t,0.01,2.1305467894385854,2.6681625036149765
2023-11-22,0.4052905094313324,GARCH-t,0.01,2.0075595372494908,2.515629615687339
2023-11-24,0.0596695609645032,GARCH-t,0.01,1.8981601446047227,2.379948843894996
2023-11-27,-0.1956069316898358,GARCH-t,0.01,1.7799818118136248,2.2333801380312037
2023-11-28,0.0979638528050291,GARCH-t,0.01,1.7010254286735007,2.135455800944892
2023-11-29,-0.0946696615101938,GARCH-t,0.01,1.6063398763527446,2.018023624166908
2023-11-30,0.3776931264994605,GARCH-t,0.01,1.536138941071553,1.9309580852344852
2023-12-01,0.5856558953846637,GARCH-t,0.01,1.4857612290788853,1.8684779683064832
2023-12-04,-0.5423188063826943,GARCH-t,0.01,1.4921833173377377,1.876442856140084
2023-12-05,-0.0569031593934802,GARCH-t,0.01,1.5565922427024328,1.9563249513924217
2023-12-06,-0.3913851944943747,GARCH-t,0.01,1.488886985689746,1.872354635801098
2023-12-07,0.7936610684821922,GARCH-t,0.01,1.5009746296960091,1.887346134641008
2023-12-08,0.4087134146503793,GARCH-t,0.01,1.5781852891085637,1.9831053669953216
2023-12-11,0.3916813547781492,GARCH-t,0.01,1.527194656222585,1.9198650851537709
2023-12-12,0.45888127956924,GARCH-t,0.01,1.4805607437161146,1.8620281530866976
2023-12-13,1.355834517501981,GARCH-t,0.01,1.4545822675850824,1.8298087814226085
2023-12-14,0.2643565185154432,GARCH-t,0.01,1.843656346428414,2.312351417406638
2023-12-15,-0.0076252400448594,GARCH-t,0.01,1.7721301569553984,2.2341547570298688
2023-12-18,0.4518122263400515,GARCH-t,0.01,1.668264944509518,2.104809763277793
2023-12-19,0.5849267450818904,GARCH-t,0.01,1.612025382319075,2.0347737459352917
2023-12-20,-1.4793147965305629,GARCH-t,0.01,1.600075672977399,2.019892583669884
2023-12-21,1.0248769307271877,GARCH-t,0.01,2.2170469940234003,2.7882167394355704
2023-12-22,0.1658682152761075,GARCH-t,0.01,2.252084099798201,2.83184900206531
2023-12-26,0.4222761046978559,GARCH-t,0.01,2.0813653006792032,2.6192501782106503
2023-12-27,0.1429435616422998,GARCH-t,0.01,1.9574302381365736,2.4649118823294165
2023-12-28,0.0370106110327118,GARCH-t,0.01,1.824269799069266,2.299085078979267
2023-12-29,-0.2830477036733835,GARCH-t,0.01,1.710486312518297,2.15738870142944
2024-01-02,-0.5676660799723162,GARCH-t,0.01,1.6597005218397676,2.0941443521105443
2024-01-03,-0.8048618327197647,GARCH-t,0.01,1.7116322847537622,2.1588157988005983
2024-01-04,-0.3434271663317428,GARCH-t,0.01,1.860733384460462,2.3444937592634383
2024-01-05,0.182402163943398,GARCH-t,0.01,1.800480763802644,2.269460216665214
2024-01-08,1.401594543635314,GARCH-t,0.01,1.6898608247397406,2.131703454896671
2024-01-09,-0.1478993852317584,GARCH-t,0.01,2.0634313039047,2.596916688044667
2024-01-10,0.5649980650495912,GARCH-t,0.01,1.9341155343288063,2.4358777124920565
2024-01-11,-0.0671280836961164,GARCH-t,0.01,1.8617871387080904,2.345806016114082
2024-01-12,0.0750693753033959,GARCH-t,0.01,1.7505969817139078,2.207339152926385
2024-01-16,-0.3738319052356834,GARCH-t,0.01,1.645797996699401,2.076831317408422
2024-01-17,-0.5632731271107821,GARCH-t,0.01,1.6254629463846209,2.048848181540385
2024-01-18,0.8766720726243148,GARCH-t,0.01,1.6766141052272374,2.1124943125988893
2024-01-19,1.2238308232548512,GARCH-t,0.01,1.7571171512662307,2.2126622762333263
2024-01-22,0.2191921187231685,GARCH-t,0.01,1.989493460990681,2.5018024130016783
2024-01-23,0.2917115340764486,GARCH-t,0.01,1.85953981359409,2.3401042802343905
2024-01-24,0.0811598976216865,GARCH-t,0.01,1.7523889939297157,2.206779146147633
2024-01-25,0.524657813497798,GARCH-t,0.01,1.6500807091681575,2.079479459344061
2024-01-26,-0.0651997755426364,GARCH-t,0.01,1.6147177981787793,2.0354782574482204
2024-01-29,0.7528365505246204,GARCH-t,0.01,1.5404570980722003,1.9430774915922224
2024-01-30,-0.0600830396978616,GARCH-t,0.01,1.5990405076909144,2.015971389811009
2024-01-31,-1.6236851740733682,GARCH-t,0.01,1.526497691847429,1.925708145165207
2024-02-01,1.2416286114049784,GARCH-t,0.01,2.250081104865685,2.8260452201944872
2024-02-02,1.062777072263312,GARCH-t,0.01,2.3709708689548323,2.9764653855034133
2024-02-05,-0.3191424709283971,GARCH-t,0.01,2.389113420145312,2.9990397165045484
2024-02-06,0.2307745931748107,GARCH-t,0.01,2.248010969154147,2.82346940115565
2024-02-07,0.8207682594008627,GARCH-t,0.01,2.0866500590044046,2.6226919824717636
2024-02-08,0.0570420540090595,GARCH-t,0.01,2.0664364083428217,2.5975406332494253
2024-02-09,0.5725917128795516,GARCH-t,0.01,1.9242517969137771,2.4206238122374284
2024-02-12,-0.0949404142652441,GARCH-t,0.01,1.857292164025867,2.3373075850620904
2024-02-13,-1.3768609419845443,GARCH-t,0.01,1.7524710057174082,2.206881191401464
2024-02-14,0.9534168304216808,GARCH-t,0.01,2.0669907607712816,2.5664639053789746
2024-02-15,0.580437267404004,GARCH-t,0.01,2.0782787442291624,2.580342947180753
2024-02-16,-0.4815043575961042,GARCH-t,0.01,2.0067204544171577,2.49235907483806
2024-02-20,-0.602342646581725,GARCH-t,0.01,1.964869361283058,2.440901427577532
2024-02-21,0.1263401495103598,GARCH-t,0.01,1.955464656997276,2.4293379552883687
2024-02-22,2.090288866640342,GARCH-t,0.01,1.8575824993772163,2.3089878004244673
2024-02-23,0.0347887026502183,GARCH-t,0.01,2.4068451304843164,2.984328887318798
2024-02-26,-0.3793939244668484,GARCH-t,0.01,2.268868821974542,2.814681318237243
2024-02-27,0.1704895538720964,GARCH-t,0.01,2.1797231055490034,2.7050729785956955
2024-02-28,-0.1659531321112244,GARCH-t,0.01,2.0616908333133552,2.559947425707523
2024-02-29,0.5215470455799964,GARCH-t,0.01,1.966860728786267,2.443349896156784
2024-03-01,0.7975936433387976,GARCH-t,0.01,1.898348088217328,2.359110775329346
2024-03-04,-0.1193974574963011,GARCH-t,0.01,1.8922968121132993,2.3516704814703675
2024-03-05,-1.0245406275917994,GARCH-t,0.01,1.8101045651118404,2.2506117196311166
2024-03-06,0.5127932853001643,GARCH-t,0.01,1.9610465847855056,2.4362011660112066
2024-03-07,1.0251402284983626,GARCH-t,0.01,1.891888520231077,2.351168469740651
2024-03-08,-0.6549922992050338,GARCH-t,0.01,1.9509888644050108,2.423834783467119
2024-03-11,-0.11228682680281,GARCH-t,0.01,1.9569085288624395,2.431113255371664
2024-03-12,1.1139512586668012,GARCH-t,0.01,1.8676953488209205,2.321421966428341
2024-03-13,-0.1926384002121972,GARCH-t,0.01,1.9603879786111904,2.4353913825225675
2024-03-14,-0.2875221051495188,GARCH-t,0.01,1.8702548467803133,2.3298763714461885
2024-03-15,-0.6504022859737666,GARCH-t,0.01,1.817078823703336,2.2643748666535286
2024-03-18,0.6298184238480455,GARCH-t,0.01,1.8366074380088937,2.288429949179685
2024-03-19,0.563325304434312,GARCH-t,0.01,1.8039186373441385,2.248164327391662
2024-03-20,0.8864765516360184,GARCH-t,0.01,1.764233148659408,2.199280280092394
2024-03-21,0.3231309094528888,GARCH-t,0.01,1.7933368388940965,2.2351298114240605
2024-03-22,-0.1403171834326712,GARCH-t,0.01,1.7284970692558597,2.1552610616387327
2024-03-25,-0.3059640382031929,GARCH-t,0.01,1.6729272529143353,2.086810914734131
2024-03-26,-0.2803721982805726,GARCH-t,0.01,1.642132683214045,2.048878580984924
2024-03-27,0.8593595582706042,GARCH-t,0.01,1.6109134942136478,2.0104232069346253
2024-03-28,0.1115862700761605,GARCH-t,0.01,1.654309955816666,2.063878380398044
2024-04-01,-0.2015614526957724,GARCH-t,0.01,1.5943063613630275,1.9899667656841664
2024-04-02,-0.7265388203672426,GARCH-t,0.01,1.5579598591619603,1.945195636698584
2024-04-03,0.1090527523337897,GARCH-t,0.01,1.6349427051325531,2.040022063394614
2024-04-04,-1.241103561926225,GARCH-t,0.01,1.5766866040564211,1.968262987347951
2024-04-05,1.1038050135699558,GARCH-t,0.01,1.836945341735378,2.288846174412018
2024-04-08,-0.0374701190041576,GARCH-t,0.01,1.9152728303548832,2.3853289137056386
2024-04-09,0.144444947363452,GARCH-t,0.01,1.8362667623423263,2.2880103095091124
2024-04-10,-0.9501981832212592,GARCH-t,0.01,1.7605330254304965,2.194722518428624
2024-04-11,0.7417221983342437,GARCH-t,0.01,1.8738015263585492,2.334245123299924
2024-04-12,-1.4657587802248535,GARCH-t,0.01,1.826765250486507,2.2717721626868483
2024-04-15,-1.2094195787459194,GARCH-t,0.01,2.09657021006933,2.603595326609022
2024-04-16,-0.2058624527503996,GARCH-t,0.01,2.2252952376408226,2.76190948803432
2024-04-17,-0.5797375076004185,GARCH-t,0.01,2.1393639375123668,2.656225752892243
2024-04-18,-0.2210601700485304,GARCH-t,0.01,2.1074991037312207,2.617036369644941
2024-04-19,-0.8797129654056974,GARCH-t,0.01,2.0314161742466066,2.523464782150449
2024-04-22,0.869335115683908,GARCH-t,0.01,2.075172187107987,2.577278687761125
2024-04-23,1.189356656772209,GARCH-t,0.01,2.0626710604889977,2.561904013427049
2024-04-24,0.02129873779329,GARCH-t,0.01,2.126308110703043,2.640168873262646
2024-04-25,-0.4586934270119409,GARCH-t,0.01,2.0356683154046893,2.5286943336557295
2024-04-26,1.0157381332325344,GARCH-t,0.01,1.9935221997926535,2.4768603812664214
2024-04-29,0.3173408076639394,GARCH-t,0.01,2.021636535093413,2.5114371648270035
2024-04-30,-1.5855551118928124,GARCH-t,0.01,1.9430596029138287,2.414798295447274
2024-05-01,-0.3441353485631687,GARCH-t,0.01,2.235792171919984,2.774819280164828
2024-05-02,0.9087024725084856,GARCH-t,0.01,2.162217183392295,2.6843321167096263
2024-05-03,1.2478557659508005,GARCH-t,0.01,2.148692947975949,2.6676991586186443
2024-05-06,1.027317369124784,GARCH-t,0.01,2.2168922598051006,2.7515749756660943
2024-05-07,0.1342528228825613,GARCH-t,0.01,2.2224673582950274,2.758431583576364
2024-05-08,-0.0005835635193424,GARCH-t,0.01,2.1244326257004102,2.637862283463761
2024-05-09,0.5078032639106711,GARCH-t,0.01,2.034484791304468,2.5272387610371947
2024-05-10,0.1648040080166728,GARCH-t,0.01,1.978050638925483,2.4590153129547487
2024-05-13,-0.0241333173865208,GARCH-t,0.01,1.8947005903124992,2.3564388171106687
2024-05-14,0.4826148527454041,GARCH-t,0.01,1.819769410209242,2.2642231794192886
2024-05-15,1.164782778729962,GARCH-t,0.01,1.7700908332712484,2.2030851905924154
2024-05-16,-0.2083837474088046,GARCH-t,0.01,1.874735387162546,2.3318682186285176
2024-05-17,0.1164095687893751,GARCH-t,0.01,1.81391602211902,2.257019583871332
2024-05-20,0.0915970308491166,GARCH-t,0.01,1.7426089021445186,2.1692639722377907
2024-05-21,0.2498749766892608,GARCH-t,0.01,1.6769277021538844,2.0884320177280005
2024-05-22,-0.2709791209352147,GARCH-t,0.01,1.619925799521707,2.018281423628126
2024-05-23,-0.7408162283471933,GARCH-t,0.01,1.5889256636069815,1.980130452324104
2024-05-24,0.6976649076673259,GARCH-t,0.01,1.6589637154270576,2.066324258458615
2024-05-28,0.0248770906885915,GARCH-t,0.01,1.6586890576806423,2.0659862451082622
2024-05-29,-0.7394317215742535,GARCH-t,0.01,1.600863976823479,1.9948225893584024
2024-05-30,-0.5992957535754186,GARCH-t,0.01,1.6687644602274625,2.0783857518232507
2024-05-31,0.7995824231928896,GARCH-t,0.01,1.6919370156957194,2.1069035461046104
2024-06-03,0.1115460223535239,GARCH-t,0.01,1.709173990771051,2.1281165931465993
2024-06-04,0.1501681003782753,GARCH-t,0.01,1.6461222835020637,2.050520679331715
2024-06-05,1.1778015849957282,GARCH-t,0.01,1.5884875358250676,1.979591261125676
2024-06-06,-0.0199836601636851,GARCH-t,0.01,1.7280397171785549,2.1513340973789052
2024-06-07,-0.1115842050279066,GARCH-t,0.01,1.6661384250402087,2.0751539662159924
2024-06-10,0.2577529978240972,GARCH-t,0.01,1.572700349772595,1.9338857687286295
2024-06-11,0.2706714855209522,GARCH-t,0.01,1.5217502593763546,1.871956119387337
2024-06-12,0.8467720241887338,GARCH-t,0.01,1.4757272218253177,1.8160152848374704
2024-06-13,0.234191143711672,GARCH-t,0.01,1.5267017718178082,1.8779746647289344
2024-06-14,-0.0393938280997494,GARCH-t,0.01,1.478334738996233,1.8191847124634144
2024-06-17,0.7635164372320518,GARCH-t,0.01,1.4345723848629564,1.7659917303755306
2024-06-18,0.2518154181517116,GARCH-t,0.01,1.4705401441365538,1.8097104107955808
2024-06-20,-0.252912739541154,GARCH-t,0.01,1.4277381627780856,1.7576847583182682
2024-06-21,-0.1563351718825249,GARCH-t,0.01,1.4082143797593232,1.7339536711550418
2024-06-24,-0.3069879155866442,GARCH-t,0.01,1.3793767379833035,1.698901622588893
2024-06-25,0.3925873679181343,GARCH-t,0.01,1.37256165993349,1.6906179200365294
2024-06-26,0.1571196224720452,GARCH-t,0.01,1.350171530303496,1.6634027990051854
2024-06-27,0.0906909856799073,GARCH-t,0.01,1.3140099671980527,1.6194485507332654
2024-06-28,-0.4092013462369599,GARCH-t,0.01,1.2804533347677904,1.5786605862111431
2024-07-01,0.2671990981429523,GARCH-t,0.01,1.303342240185428,1.6064819673960702
2024-07-02,0.6176205771185049,GARCH-t,0.01,1.2761709736645788,1.5734553918844565
2024-07-03,0.5071562269533664,GARCH-t,0.01,1.2999395315584212,1.6023459874509458
2024-07-05,0.543397436096954,GARCH-t,0.01,1.300618164927918,1.603170863840318
2024-07-08,0.1016182476404432,GARCH-t,0.01,1.3073284724387233,1.6113272181840403
2024-07-09,0.0740797478065475,GARCH-t,0.01,1.274326959993314,1.571213999982031
2024-07-10,1.0156314878105883,GARCH-t,0.01,1.1528654858293756,1.4305424287424062
2024-07-11,-0.8801649969266724,GARCH-t,0.01,1.2981529937565712,1.607771639468993
2024-07-12,0.550186402496512,GARCH-t,0.01,1.446309367924182,1.7885004415005918
2024-07-15,0.2822216423352684,GARCH-t,0.01,1.4298747338502855,1.768452625504213
2024-07-16,0.6369049971453274,GARCH-t,0.01,1.3842589794960063,1.7128081708897254
2024-07-17,-1.4025441523645543,GARCH-t,0.01,1.389581698639461,1.7193010987826485
2024-07-18,-0.7847112145350073,GARCH-t,0.01,1.7339031107070988,2.139322151986966
2024-07-19,-0.7165879226406084,GARCH-t,0.01,1.7852787444840297,2.20199280519568
2024-07-22,1.0734217246220292,GARCH-t,0.01,1.8130614635979776,2.23588360180065
2024-07-23,-0.155931769394619,GARCH-t,0.01,1.8728129738493284,2.3087715820038412
2024-07-24,-2.3421242222892857,GARCH-t,0.01,1.802164779488777,2.222591263376218
2024-07-25,-0.5155889019717259,GARCH-t,0.01,2.491864375492152,3.0639224747242477
2024-07-26,1.1029420409570925,GARCH-t,0.01,2.4168060775482547,2.9723624838285136
2024-07-29,0.0812979571828451,GARCH-t,0.01,2.41491526276823,2.970055970241249
2024-07-30,-0.4972514361367621,GARCH-t,0.01,2.300350427467974,2.83030386335357
2024-07-31,1.5669980701917767,GARCH-t,0.01,2.2374499828579606,2.753574650280618
2024-08-01,-1.3788123791990166,GARCH-t,0.01,2.386680004983422,2.935613143578058
2024-08-02,-1.855290660855327,GARCH-t,0.01,2.5235631268343184,3.1025902498244005
2024-08-05,-3.04270413923931,GARCH-t,0.01,2.804883870033492,3.4457598312256494
2024-08-06,1.0300849493599515,GARCH-t,0.01,3.5415523712006047,4.344386140477296
2024-08-07,-0.7764715388769489,GARCH-t,0.01,3.5687954098515835,4.36979573052225
2024-08-08,2.278113959089888,GARCH-t,0.01,3.4330468270434777,4.204410222453904
2024-08-09,0.4660798434381699,GARCH-t,0.01,3.665481402467486,4.4875904189167315
2024-08-12,0.0043033051720097,GARCH-t,0.01,3.4647660920008776,4.243054506187972
2024-08-13,1.6707233419049987,GARCH-t,0.01,3.266139498539296,4.001063323694636
2024-08-14,0.381643656119841,GARCH-t,0.01,3.3204120776391997,4.0671848100699695
2024-08-15,1.6004489931304131,GARCH-t,0.01,3.1384453299833175,3.845490687081192
2024-08-16,0.1987802368396151,GARCH-t,0.01,3.188959370083271,3.9070330620636633
2024-08-19,0.9675327436177776,GARCH-t,0.01,3.008966867912192,3.687744206119312
2024-08-20,-0.1986527237609709,GARCH-t,0.01,2.9214016933191873,3.5810616125365184
2024-08-21,0.4230714721006796,GARCH-t,0.01,2.7686523500826414,3.394963701120432
2024-08-22,-0.8972942256657219,GARCH-t,0.01,2.628756774013055,3.2245258192201227
2024-08-23,1.141793740166443,GARCH-t,0.01,2.60723006831976,3.1982993564130964
2024-08-26,-0.3158710169605814,GARCH-t,0.01,2.5989104600399413,3.1881633931947366
2024-08-27,0.1593925112723203,GARCH-t,0.01,2.480237558293506,3.0435815659426364
2024-08-28,-0.5993900794735212,GARCH-t,0.01,2.348784549141188,2.8834294504947633
2024-08-29,-0.0039379843436586,GARCH-t,0.01,2.293032037779318,2.8155049298336285
2024-08-30,1.004245707914417,GARCH-t,0.01,2.1761601783708686,2.6731173523921616
2024-09-03,-2.1377963372397697,GARCH-t,0.01,2.184534231766414,2.683319647302094
2024-09-04,-0.1603829027380963,GARCH-t,0.01,2.719411993496899,3.3349730830017053
2024-09-05,-0.3022581014674196,GARCH-t,0.01,2.528567477788172,3.0684225558888456
2024-09-06,-1.7410944507424406,GARCH-t,0.01,2.42265627837398,2.9407429098068083
2024-09-09,1.1513534435818251,GARCH-t,0.01,2.672471765169102,3.2419041950744254
2024-09-10,0.4462699977793541,GARCH-t,0.01,2.6549663191767956,3.2208007691745353
2024-09-11,1.060855564984334,GARCH-t,0.01,2.536033226100297,3.077422775955298
2024-09-12,0.746735215680267,GARCH-t,0.01,2.513318172527053,3.050038986356012
2024-09-13,0.5393142234356035,GARCH-t,0.01,2.4374911278713367,2.958626838456275
2024-09-16,0.1255840867310285,GARCH-t,0.01,2.3420591712188767,2.8435802851389904
2024-09-17,0.026451509389645,GARCH-t,0.01,2.230450904911237,2.7090326261491176
2024-09-18,-0.2900658708313291,GARCH-t,0.01,2.1267709309296534,2.5840428001724183
2024-09-19,1.6834356892725129,GARCH-t,0.01,2.0491659207121913,2.4904872527556763
2024-09-20,-0.1942913630015734,GARCH-t,0.01,2.2755225798707297,2.7633681028407495
2024-09-23,0.2805334425713122,GARCH-t,0.01,2.1787589133426497,2.646716126805721
2024-09-24,0.2508031103345345,GARCH-t,0.01,2.0821765690663243,2.530282741071424
2024-09-25,-0.1862983206212128,GARCH-t,0.01,1.9909634566342147,2.420322151655115
2024-09-26,0.4030542158199222,GARCH-t,0.01,1.914169950104728,2.3277449002471817
2024-09-27,-0.1254002900072123,GARCH-t,0.01,1.8449028579616815,2.244241003974897
2024-09-30,0.4227603658441509,GARCH-t,0.01,1.7745400855281297,2.1594162268846753
2024-10-01,-0.9367848694454448,GARCH-t,0.01,1.7180947855364517,2.091369448396714
2024-10-02,0.0138381326986477,GARCH-t,0.01,1.8135974043149297,2.2065011873722784
2024-10-03,-0.1682828654458689,GARCH-t,0.01,1.721864461851767,2.109300713269706
2024-10-04,0.8930255699186382,GARCH-t,0.01,1.6618008113848592,2.036463473546585
2024-10-07,-0.9632263829388772,GARCH-t,0.01,1.7012449221121642,2.0842960665770893
2024-10-08,0.9642706804694384,GARCH-t,0.01,1.814867983336086,2.222083065604086
2024-10-09,0.7088231016994585,GARCH-t,0.01,1.852599727900264,2.2678391277586303
2024-10-10,-0.2072268505982484,GARCH-t,0.01,1.8282516796626669,2.2383130398088293
2024-10-11,0.603360870729872,GARCH-t,0.01,1.762873289838956,2.1590307881427417
2024-10-14,0.7678114574594324,GARCH-t,0.01,1.729072917960479,2.118042174062422
2024-10-15,-0.7638566037513421,GARCH-t,0.01,1.7301751335603468,2.119378795151051
2024-10-16,0.4668232782779766,GARCH-t,0.01,1.7792035028007789,2.178833907450071
2024-10-17,-0.0171175128538166,GARCH-t,0.01,1.7245469455656357,2.1125536742169944
2024-10-18,0.3963686942774387,GARCH-t,0.01,1.6544208232657256,2.0275140014514235
2024-10-21,-0.1824432756419033,GARCH-t,0.01,1.602932631498814,1.965075942201215
2024-10-22,-0.0474966667195793,GARCH-t,0.01,1.554575120200262,1.9064343575574916
2024-10-23,-0.9233824267679565,GARCH-t,0.01,1.4998384991210876,1.8400570334990067
2024-10-24,0.2143473130556828,GARCH-t,0.01,1.635273116073955,2.004294198325346
2024-10-25,-0.029949201318627,GARCH-t,0.01,1.5722480272855066,1.9278657184549055
2024-10-28,0.2647934626732945,GARCH-t,0.01,1.5151218916223663,1.8585907076054704
2024-10-29,0.1612825944901219,GARCH-t,0.01,1.464790172089291,1.7975550647031573
2024-10-30,-0.3305691672488118,GARCH-t,0.01,1.4142743546051002,1.7362961721899115
2024-10-31,-1.8790134928745348,GARCH-t,0.01,1.383043227756397,1.6855081872582771
2024-11-01,0.4084158004525459,GARCH-t,0.01,1.9590021046811912,2.37904236134817
2024-11-04,-0.2816044813190291,GARCH-t,0.01,1.8849991828197632,2.2899326048193096
2024-11-05,1.2191031029563082,GARCH-t,0.01,1.82357006274232,2.2159634452754045
2024-11-06,2.4981280957186653,GARCH-t,0.01,1.9256169728410544,2.338842043642754
2024-11-07,0.7403754173995657,GARCH-t,0.01,2.5389777465540577,3.0774132761714443
2024-11-08,0.3749794035718046,GARCH-t,0.01,2.458831022545833,2.9809055318376196
2024-11-11,0.0968594190956923,GARCH-t,0.01,2.3473281374097685,2.846640631252403
2024-11-12,-0.2896851476936499,GARCH-t,0.01,2.2342599866652275,2.7104909343136647
2024-11-13,0.0232200764140183,GARCH-t,0.01,2.1472206608608095,2.605683543797501
2024-11-14,-0.6068108582244001,GARCH-t,0.01,2.047897777347727,2.486085050319524
2024-11-15,-1.3291430866793768,GARCH-t,0.01,2.0206583115341297,2.453284964788158
2024-11-18,0.3910159746206537,GARCH-t,0.01,2.191194839165854,2.6586345384846664
2024-11-19,0.3955750520596487,GARCH-t,0.01,2.099075926273972,2.547710622333492
2024-11-20,0.0021950621335444,GARCH-t,0.01,2.0138213627079606,2.4450523324815445
2024-11-21,0.5326251844288491,GARCH-t,0.01,1.9239143967097991,2.3367919064223335
2024-11-22,0.3461959591536465,GARCH-t,0.01,1.8656280129701184,2.2666070362395536
2024-11-25,0.3015927820124541,GARCH-t,0.01,1.793552223534144,2.1798178137776127
2024-11-26,0.5705697155263866,GARCH-t,0.01,1.7237628371587594,2.0957817369338616
2024-11-27,-0.3808481083577711,GARCH-t,0.01,1.68758020519125,2.0522128420294745
2024-11-29,0.5592120396801623,GARCH-t,0.01,1.7005527880460152,2.0887279699351957
2024-12-02,0.2445463880581373,GARCH-t,0.01,1.6693528265336504,2.050793828625143
2024-12-03,0.0451347242022181,GARCH-t,0.01,1.6108816218933537,1.9797022364603576
2024-12-04,0.603318162813612,GARCH-t,0.01,1.553640717113378,1.910106491293225
2024-12-05,-0.1871525839382334,GARCH-t,0.01,1.5427867253050531,1.896909780814208
2024-12-06,0.2492345367538312,GARCH-t,0.01,1.5038369011827522,1.849553051490311
2024-12-09,-0.6163167285227462,GARCH-t,0.01,1.4579819276501724,1.793800769710596
2024-12-10,-0.2968284314279252,GARCH-t,0.01,1.5003983242942671,1.8453722943588773
2024-12-11,0.8132626411368236,GARCH-t,0.01,1.4777936240726337,1.8178886100556448
2024-12-12,-0.5428731461463251,GARCH-t,0.01,1.5179831308231948,1.8667525943157832
2024-12-13,-0.0026466989371873,GARCH-t,0.01,1.5365209537843738,1.889291609163972
2024-12-16,0.3792155008784429,GARCH-t,0.01,1.4859784909793776,1.827840093416333
2024-12-17,-0.3871479480655496,GARCH-t,0.01,1.4513558103503357,1.7857444754780092
2024-12-18,-2.993650530451818,GARCH-t,0.01,1.447225104923258,1.78072220122556
2024-12-19,-0.0865486750536793,GARCH-t,0.01,2.626052067852364,3.2139864241359373
2024-12-20,1.08104794023973,GARCH-t,0.01,2.505719517017955,3.067681372261352
2024-12-23,0.7260849585616372,GARCH-t,0.01,2.492209959079912,3.051255919952541
2024-12-24,1.0982233165126825,GARCH-t,0.01,2.4192999157399635,2.962609019350322
2024-12-26,-0.0405741088257819,GARCH-t,0.01,2.418119531094979,2.961173861236254
2024-12-27,-1.1117304964912211,GARCH-t,0.01,2.3091694332405535,2.8287080437346535
2024-12-30,-1.0759673941729728,GARCH-t,0.01,2.3929359169545767,2.9623767786915773
2023-01-04,0.7510694562138917,GARCH-t,0.05,1.652426532752154,2.338664088805633
2023-01-05,-1.1713869136457158,GARCH-t,0.05,1.5489208158045238,2.195191185054355
2023-01-06,2.258383558903089,GARCH-t,0.05,1.659141565703185,2.3479720314457233
2023-01-09,-0.0767927325990578,GARCH-t,0.05,2.104573581538411,2.9654009679362554
2023-01-10,0.6953997970593733,GARCH-t,0.05,1.890591091623366,2.668792335240406
2023-01-11,1.2767571192293676,GARCH-t,0.05,1.7422792419886046,2.4632120798175254
2023-01-12,0.341008491204273,GARCH-t,0.05,1.7580421706976304,2.4850616280376743
2023-01-13,0.3988892144656051,GARCH-t,0.05,1.587082220847782,2.2480880467374167
2023-01-17,-0.2032555430996314,GARCH-t,0.05,1.4423537322339783,2.0474748136783933
2023-01-18,-1.5684966977744674,GARCH-t,0.05,1.3225929182497065,1.881470149929879
2023-01-19,-0.7667671901812427,GARCH-t,0.05,1.673408720125809,2.3677482344772667
2023-01-20,1.874167355235196,GARCH-t,0.05,1.6270852232123345,2.303537611044242
2023-01-23,1.1811315951328556,GARCH-t,0.05,1.9022473711499177,2.684949513026606
2023-01-24,-0.0711756364291819,GARCH-t,0.05,1.858096386552094,2.6237502850947547
2023-01-25,-0.0181741573465663,GARCH-t,0.05,1.6735687611895518,2.3679700730076565
2023-01-26,1.0947708029114305,GARCH-t,0.05,1.509024463444842,2.139889452059028
2023-01-27,0.2491734021703855,GARCH-t,0.05,1.5169839239518694,2.150922339371085
2023-01-30,-1.3053569315292664,GARCH-t,0.05,1.3711912531964667,1.9488340061294045
2023-01-31,1.4536304416419528,GARCH-t,0.05,1.5847945465755575,2.244917021210013
2023-02-01,1.039805629688473,GARCH-t,0.05,1.6970869439015337,2.399443095169889
2023-02-02,1.459238462685438,GARCH-t,0.05,1.6531703273625782,2.3386005682109476
2023-02-03,-1.0408592637285454,GARCH-t,0.05,1.7502539134933384,2.4731011552767104
2023-02-06,-0.6159393193939262,GARCH-t,0.05,1.7686493090227284,2.4985863232295857
2023-02-07,1.2790364037397075,GARCH-t,0.05,1.6716468455830913,2.3641981243647052
2023-02-08,-1.1142573012411352,GARCH-t,0.05,1.7027591747569435,2.407301461454357
2023-02-09,-0.8869009831037385,GARCH-t,0.05,1.7552846325746856,2.4800707646285196
2023-02-10,0.2192855709217127,GARCH-t,0.05,1.7270143298120424,2.4409047998177327
2023-02-13,1.1383569951155146,GARCH-t,0.05,1.5565695257327414,2.204768835700197
2023-02-14,-0.0280453855493762,GARCH-t,0.05,1.567778431503931,2.2202977676924625
2023-02-15,0.2769337533076689,GARCH-t,0.05,1.4191065238173368,2.0143261955556353
2023-02-16,-1.3884689204881606,GARCH-t,0.05,1.2890704965170543,1.834172961536955
2023-02-17,-0.2771242172282734,GARCH-t,0.05,1.5629577391337466,2.2136191314811886
2023-02-21,-2.0244783973471696,GARCH-t,0.05,1.4376384901529786,2.0400005700917134
2023-02-22,-0.1574795485643383,GARCH-t,0.05,1.9704309678726588,2.7781366844808173
2023-02-23,0.5315278263237728,GARCH-t,0.05,1.780648212524844,2.515209726108486
2023-02-24,-1.0593464619774184,GARCH-t,0.05,1.626665303908263,2.30188023929772
2023-02-27,0.3068292539552277,GARCH-t,0.05,1.6777769760774064,2.3726908694633937
2023-02-28,-0.3040619830947711,GARCH-t,0.05,1.5170209458699884,2.1499778311529094
2023-03-01,-0.4736464203492832,GARCH-t,0.05,1.401785273076929,1.9903291587119376
2023-03-02,0.7553593731195973,GARCH-t,0.05,1.3393553507875735,1.9011323144767152
2023-03-03,1.601874917648306,GARCH-t,0.05,1.2916273998500585,1.8350332031627856
2023-03-06,0.0686930778848301,GARCH-t,0.05,1.55052163031844,2.193579468445942
2023-03-07,-1.5445590479262548,GARCH-t,0.05,1.4026955303879511,1.9888530211027111
2023-03-08,0.1413794135603272,GARCH-t,0.05,1.7083906949344447,2.4122145589978223
2023-03-09,-1.8631857945482353,GARCH-t,0.05,1.5411891268132174,2.180654752929935
2023-03-10,-1.458396943606664,GARCH-t,0.05,1.9499304923668104,2.746726425600434
2023-03-13,-0.1510901840738767,GARCH-t,0.05,2.0651530406386165,2.906299755158698
2023-03-14,1.6342388235363663,GARCH-t,0.05,1.8655744698101369,2.629900582138731
2023-03-15,-0.7005363929353597,GARCH-t,0.05,1.977665169001752,2.785136569806057
2023-03-16,1.7409576249031722,GARCH-t,0.05,1.866577833586987,2.631290154761726
2023-03-17,-1.10806212739537,GARCH-t,0.05,2.0184186678110856,2.8415766641599274
2023-03-20,0.8878869635940854,GARCH-t,0.05,2.003097197849122,2.82035774466693
2023-03-21,1.2898647518559103,GARCH-t,0.05,1.877455843289696,2.646355263573012
2023-03-22,-1.6600248639842885,GARCH-t,0.05,1.8724766661900296,2.6394595310955475
2023-03-23,0.2980083869182423,GARCH-t,0.05,2.0859168098401484,2.9350557915019646
2023-03-24,0.5623963084303207,GARCH-t,0.05,1.8785597788158508,2.6478841194277756
2023-03-27,0.1645599563767083,GARCH-t,0.05,1.7183583324416207,2.426018880536501
2023-03-28,-0.1575083288387886,GARCH-t,0.05,1.5502006555471215,2.193134945965476
2023-03-29,1.41368707750468,GARCH-t,0.05,1.414745520606869,2.0055412222336333
2023-03-30,0.5698999199482653,GARCH-t,0.05,1.5702630987121655,2.206923336122354
2023-03-31,1.4333327782036556,GARCH-t,0.05,1.4555953929381358,2.0490199558000963
2023-04-03,0.3692022565802823,GARCH-t,0.05,1.5969355984025135,2.2436527520840723
2023-04-04,-0.5813839745162529,GARCH-t,0.05,1.456287224940525,2.049972644362713
2023-04-05,-0.2495481657121423,GARCH-t,0.05,1.405394951045655,1.9798913426915827
2023-04-06,0.3572773132803247,GARCH-t,0.05,1.3020003034160756,1.837511548330712
2023-04-10,0.0995807017010084,GARCH-t,0.05,1.1983329015535922,1.6947561572394272
2023-04-11,-0.004135333298352,GARCH-t,0.05,1.0970650847847472,1.5553051193232477
2023-04-12,-0.4143456323461385,GARCH-t,0.05,1.01239930813215,1.4387159520349442
2023-04-13,1.3175510497831548,GARCH-t,0.05,1.0014044414658063,1.423575450172724
2023-04-14,-0.2071517584577988,GARCH-t,0.05,1.2282553181195133,1.735960877358976
2023-04-17,0.3300703582614753,GARCH-t,0.05,1.1442700779892814,1.620308844171236
2023-04-18,0.0854854803465975,GARCH-t,0.05,1.0595954483533336,1.5037074858655266
2023-04-19,-0.0084265547939628,GARCH-t,0.05,0.9769023501206276,1.3898347991127575
2023-04-20,-0.5970335188311131,GARCH-t,0.05,0.9093123395151292,1.2967598476381237
2023-04-21,0.0902781257300886,GARCH-t,0.05,0.9722960393489456,1.3834916701842277
2023-04-24,0.0851216778272312,GARCH-t,0.05,0.9016211569298648,1.286168690165398
2023-04-25,-1.593718381857645,GARCH-t,0.05,0.8411672280938504,1.2029204935390572
2023-04-26,-0.3848583503344875,GARCH-t,0.05,1.3964579422904857,1.9675846179438865
2023-04-27,1.9377193402696355,GARCH-t,0.05,1.3150768475441956,1.8555186280644984
2023-04-28,0.8219331313243468,GARCH-t,0.05,1.7200205351966664,2.4163515562454276
2023-05-01,-0.0386181048510787,GARCH-t,0.05,1.6272863974263487,2.2885210329014805
2023-05-02,-1.1653906680571788,GARCH-t,0.05,1.4776137563992708,2.0822029229498926
2023-05-03,-0.7022908054892971,GARCH-t,0.05,1.6006677647073382,2.2518282482055243
2023-05-04,-0.7244913455062743,GARCH-t,0.05,1.5540830127191605,2.1876129185580337
2023-05-05,1.83061663818798,GARCH-t,0.05,1.521291975034394,2.142411705617264
2023-05-08,0.0452026484882065,GARCH-t,0.05,1.806092064062945,2.5349979236407987
2023-05-09,-0.4589938949059595,GARCH-t,0.05,1.632355717509747,2.2955089000973103
2023-05-10,0.4473942241914432,GARCH-t,0.05,1.5295872198762093,2.1538463888406287
2023-05-11,-0.1698064889706758,GARCH-t,0.05,1.405277973296328,1.982490764807596
2023-05-12,-0.1584561589439047,GARCH-t,0.05,1.2933286959148167,1.8281728937437665
2023-05-15,0.2953797680316934,GARCH-t,0.05,1.195206939501699,1.6929157406036544
2023-05-16,-0.6398107681917463,GARCH-t,0.05,1.1011628331727985,1.563279474839127
2023-05-17,1.1820688622071571,GARCH-t,0.05,1.1337008955994623,1.6081319708951136
2023-05-18,0.9400723063727155,GARCH-t,0.05,1.2624732124372031,1.7856397695264157
2023-05-19,-0.1446913880675441,GARCH-t,0.05,1.2789699330855158,1.8083798788824297
2023-05-22,0.0155022679802391,GARCH-t,0.05,1.1813745012510977,1.673848244391238
2023-05-23,-1.1285468768284297,GARCH-t,0.05,1.0850780265880702,1.5411071735372637
2023-05-24,-0.734551267830521,GARCH-t,0.05,1.3046371112319437,1.8437611192121413
2023-05-25,0.8719456079011882,GARCH-t,0.05,1.3225165487107735,1.8684072517472277
2023-05-26,1.2964680931640788,GARCH-t,0.05,1.3071447960963751,1.8392756639425616
2023-05-30,0.0016603130665768,GARCH-t,0.05,1.432669421849471,2.0115553828400934
2023-05-31,-0.6127358186214099,GARCH-t,0.05,1.3044347294208607,1.8355561585287823
2023-06-01,0.9806215085853812,GARCH-t,0.05,1.28863182240438,1.8138670249246855
2023-06-02,1.4429812390107408,GARCH-t,0.05,1.3109697815586192,1.844525370255319
2023-06-05,-0.2005591490657713,GARCH-t,0.05,1.4931577600146524,2.0945742632641937
2023-06-06,0.2351130233850576,GARCH-t,0.05,1.3724994617113926,1.9289734690803688
2023-06-07,-0.3819293926420617,GARCH-t,0.05,1.2515058415098683,1.7629124531509972
2023-06-08,0.616957160752325,GARCH-t,0.05,1.1924901877200365,1.681914798830442
2023-06-09,0.1147401023050523,GARCH-t,0.05,1.1414909703508729,1.6119195227669565
2023-06-12,0.927797498175416,GARCH-t,0.05,1.0475956358998255,1.4830502931001466
2023-06-13,0.6908570725908897,GARCH-t,0.05,1.1066182975359722,1.5640575655317766
2023-06-14,0.0819089980126584,GARCH-t,0.05,1.0864019550062023,1.5363110911864502
2023-06-15,1.2104580493589998,GARCH-t,0.05,1.000165329043739,1.417953266254888
2023-06-16,-0.3678376467751089,GARCH-t,0.05,1.178038147945117,1.6620797000601304
2023-06-20,-0.4746353835236048,GARCH-t,0.05,1.128201668036188,1.5936802549469389
2023-06-21,-0.5259086366925201,GARCH-t,0.05,1.1104075645940517,1.5692582491400884
2023-06-22,0.3703930387334525,GARCH-t,0.05,1.10893940074788,1.5672432273609236
2023-06-23,-0.7688288056502157,GARCH-t,0.05,1.032839650850302,1.462798036292877
2023-06-26,-0.4496934363132171,GARCH-t,0.05,1.124280163529327,1.5882980784214633
2023-06-27,1.139073352418076,GARCH-t,0.05,1.1089823120008149,1.5636771152297215
2023-06-28,-0.0354139388389821,GARCH-t,0.05,1.2326847093544182,1.7332558068525084
2023-06-29,0.446356811449,GARCH-t,0.05,1.1319298329630063,1.5951349581172067
2023-06-30,1.21943502618858,GARCH-t,0.05,1.063396278471746,1.501185036761472
2023-07-03,0.1169993092673641,GARCH-t,0.05,1.2321619086329392,1.7325391201574682
2023-07-05,-0.1970258097612716,GARCH-t,0.05,1.126755343676009,1.5880414567633336
2023-07-06,-0.7954061175894762,GARCH-t,0.05,1.0569097977529252,1.4922929785874517
2023-07-07,-0.2869212795733482,GARCH-t,0.05,1.1535779250149751,1.6248114656452606
2023-07-10,0.2402138610626312,GARCH-t,0.05,1.0932590155223951,1.54212267407216
2023-07-11,0.6719583998254874,GARCH-t,0.05,1.0099424922710458,1.4279073693910682
2023-07-12,0.7383905235389678,GARCH-t,0.05,1.006510252004416,1.423202247855821
2023-07-13,0.8434482989627111,GARCH-t,0.05,1.021261997994218,1.4434248291284504
2023-07-14,-0.1024932196907483,GARCH-t,0.05,1.063683327569782,1.50157854094181
2023-07-17,0.3847969574420413,GARCH-t,0.05,0.9921055558240768,1.4034554233500425
2023-07-18,0.7092066941428338,GARCH-t,0.05,0.9369378173079134,1.3278281669872016
2023-07-19,0.2355134827233639,GARCH-t,0.05,0.958379299122594,1.3572214407666394
2023-07-20,-0.6779827396257692,GARCH-t,0.05,0.8942502983448656,1.2693095467402216
2023-07-21,0.0324042014613091,GARCH-t,0.05,0.9913041613115804,1.4023568235184294
2023-07-24,0.4026038496874852,GARCH-t,0.05,0.9206475860387444,1.3054965374961276
2023-07-25,0.2810719575838704,GARCH-t,0.05,0.8794763843321097,1.2490565762074908
2023-07-26,-0.0155450978675918,GARCH-t,0.05,0.8049983042431645,1.1473211558316674
2023-07-27,-0.6445393055197076,GARCH-t,0.05,0.7632847781531961,1.0902892685776735
2023-07-28,0.9829375810433848,GARCH-t,0.05,0.8747752801159635,1.242722168259124
2023-07-31,0.1467635436568791,GARCH-t,0.05,0.986321934388457,1.3952318409323952
2023-08-01,-0.2668645307682711,GARCH-t,0.05,0.9141336845669644,1.2965340680324775
2023-08-02,-1.3936200638336185,GARCH-t,0.05,0.8884876322856113,1.2614700756223058
2023-08-03,-0.2551225450291527,GARCH-t,0.05,1.2911132067530289,1.8119509033297083
2023-08-04,-0.531416937393797,GARCH-t,0.05,1.2067538008004712,1.696612388941754
2023-08-07,0.8983618964856572,GARCH-t,0.05,1.187118202195598,1.669766055131889
2023-08-08,-0.4227205100058866,GARCH-t,0.05,1.200035908759547,1.6874275010318671
2023-08-09,-0.7063619102045117,GARCH-t,0.05,1.1575803067811608,1.629381027086955
2023-08-10,0.0250682521080863,GARCH-t,0.05,1.1944368659594784,1.6797723347672109
2023-08-11,-0.1070264899229486,GARCH-t,0.05,1.0976367456784266,1.5474245314639168
2023-08-14,0.573400487941905,GARCH-t,0.05,1.0222939377285485,1.4444137593913515
2023-08-15,-1.1618139396096483,GARCH-t,0.05,0.9884224245818954,1.3981036892540146
2023-08-16,-0.7584081792624527,GARCH-t,0.05,1.242333887862244,1.7452584686190675
2023-08-17,-0.7742811377529081,GARCH-t,0.05,1.276943264913239,1.792577366706131
2023-08-18,-0.0148717883957202,GARCH-t,0.05,1.309091028556666,1.8365306788194624
2023-08-21,0.6855634859799785,GARCH-t,0.05,1.1999555261737562,1.6873175997360592
2023-08-22,-0.2781331046545683,GARCH-t,0.05,1.1592449962317826,1.6316570365726075
2023-08-23,1.098433071079136,GARCH-t,0.05,1.1074454489573895,1.5514047888006164
2023-08-24,-1.354935398400801,GARCH-t,0.05,1.2031071448208066,1.681735234067842
2023-08-25,0.6695501060295156,GARCH-t,0.05,1.4617306015803344,2.0340864021272456
2023-08-28,0.6245078594196461,GARCH-t,0.05,1.3846807805519952,1.929112960126791
2023-08-29,1.4404068712056506,GARCH-t,0.05,1.3109765200609464,1.828697543055312
2023-08-30,0.3825854181192944,GARCH-t,0.05,1.4779667553187978,2.0562066993586714
2023-08-31,-0.1598212974339857,GARCH-t,0.05,1.3629268603303264,1.8994752029951816
2023-09-01,0.1797512765518541,GARCH-t,0.05,1.2628126530902004,1.7630786119728945
2023-09-05,-0.4202997821381205,GARCH-t,0.05,1.1621886017672762,1.625987404304642
2023-09-06,-0.6996014491432261,GARCH-t,0.05,1.1270789903667886,1.578153720763028
2023-09-07,-0.3216433115732967,GARCH-t,0.05,1.166745016018512,1.6321951083686943
2023-09-08,0.1425606062257059,GARCH-t,0.05,1.113157886197665,1.5591874700751478
2023-09-11,0.6700951498135518,GARCH-t,0.05,1.0298770713570955,1.445724860172373
2023-09-12,-0.5712169023003997,GARCH-t,0.05,1.0198515749183636,1.4320660241765055
2023-09-13,0.1240862117534604,GARCH-t,0.05,1.045283885554517,1.4667152569699191
2023-09-14,0.839458553366625,GARCH-t,0.05,0.970302404170281,1.364559741458712
2023-09-15,-1.2234145842493929,GARCH-t,0.05,1.0152787311801694,1.4258359364161213
2023-09-18,0.0721027694175518,GARCH-t,0.05,1.2782196200339926,1.7840692168736147
2023-09-19,-0.2153327361533126,GARCH-t,0.05,1.1754694643969166,1.644081383555493
2023-09-20,-0.943920420629104,GARCH-t,0.05,1.1053787268269388,1.548589066028046
2023-09-21,-1.6536918318488083,GARCH-t,0.05,1.227182923769443,1.70909028434396
2023-09-22,-0.2298237402760749,GARCH-t,0.05,1.60286888373067,2.2195593344761964
2023-09-25,0.4014994203806617,GARCH-t,0.05,1.4829443163135676,2.0566099923627843
2023-09-26,-1.4844165482264944,GARCH-t,0.05,1.3715536662433414,1.9052562411051408
2023-09-27,0.0229287772294792,GARCH-t,0.05,1.6263781707721163,2.251502938188647
2023-09-28,0.5875877143000698,GARCH-t,0.05,1.4883681705527616,2.0639797373535815
2023-09-29,-0.2713259648289315,GARCH-t,0.05,1.397233218080417,1.9401487253370409
2023-10-02,0.0079364406152993,GARCH-t,0.05,1.306777860862007,1.8172411237768995
2023-10-03,-1.3839395863449198,GARCH-t,0.05,1.204790966810804,1.678664869988688
2023-10-04,0.8077047607828945,GARCH-t,0.05,1.4690437898660555,2.037722439224701
2023-10-05,-0.1304881146995122,GARCH-t,0.05,1.4180723648808236,1.9684642351151216
2023-10-06,1.1745642093961115,GARCH-t,0.05,1.3111155385723112,1.8231350097788868
2023-10-09,0.6284068119387409,GARCH-t,0.05,1.3836179141241467,1.921648722625904
2023-10-10,0.5194476099985355,GARCH-t,0.05,1.3125388592712142,1.825068968570633
2023-10-11,0.4283819500095073,GARCH-t,0.05,1.2350375405007574,1.7197628650877297
2023-10-12,-0.6266024940654918,GARCH-t,0.05,1.156523896914191,1.613081249761483
2023-10-13,-0.5031495660219892,GARCH-t,0.05,1.1694936897437926,1.6307041543459977
2023-10-16,1.0538642302589984,GARCH-t,0.05,1.150808537369281,1.605315417473378
2023-10-17,-0.0098249879443765,GARCH-t,0.05,1.220693798411733,1.7002730859107762
2023-10-18,-1.3490408251151895,GARCH-t,0.05,1.1294859747995711,1.576343059117297
2023-10-19,-0.8519032328057976,GARCH-t,0.05,1.394774264560808,1.934047801742639
2023-10-20,-1.2665149196155916,GARCH-t,0.05,1.4200524750523589,1.9683892959803195
2023-10-23,-0.1686992065434917,GARCH-t,0.05,1.5610511693853075,2.159941852700024
2023-10-24,0.723952351962882,GARCH-t,0.05,1.4538895803606426,2.014358402747296
2023-10-25,-1.4443434657238052,GARCH-t,0.05,1.39832913849031,1.9388772449742504
2023-10-26,-1.1903081205584871,GARCH-t,0.05,1.606138260660912,2.2211945306042797
2023-10-27,-0.481183857862075,GARCH-t,0.05,1.6837538189642745,2.3266384760576253
2023-10-30,1.1938474300285915,GARCH-t,0.05,1.5960740334875452,2.2075218618211627
2023-10-31,0.6454084821688244,GARCH-t,0.05,1.6173902743881012,2.2364808565371903
2023-11-01,1.0451194990191868,GARCH-t,0.05,1.530198006123562,2.118026554592921
2023-11-02,1.8682938934086477,GARCH-t,0.05,1.5267638952545215,2.1133611729726467
2023-11-03,0.934988354455146,GARCH-t,0.05,1.7756166335616668,2.4514379083278763
2023-11-06,0.1751457724100586,GARCH-t,0.05,1.714055890907931,2.3678050938208046
2023-11-07,0.2836093401711954,GARCH-t,0.05,1.5826593549770214,2.189297466351259
2023-11-08,0.1004411032419886,GARCH-t,0.05,1.4673310321357664,2.032619170804266
2023-11-09,-0.8116690699068705,GARCH-t,0.05,1.3595560798617845,1.8862024415140208
2023-11-10,1.5495759270772258,GARCH-t,0.05,1.3809618371611072,1.9152830479593856
2023-11-13,-0.0836188441370084,GARCH-t,0.05,1.5530935296509458,2.1491310700627615
2023-11-14,1.889537047457725,GARCH-t,0.05,1.4416108862233856,1.997677289022818
2023-11-15,0.1595738207847176,GARCH-t,0.05,1.7224591008941716,2.3792212020701187
2023-11-16,0.118971939671373,GARCH-t,0.05,1.6028355391608498,2.205409393370949
2023-11-17,0.1281227937177987,GARCH-t,0.05,1.4792200917801512,2.0382385916111274
2023-11-20,0.7363103793795632,GARCH-t,0.05,1.3689904818556278,1.8891700677396333
2023-11-21,-0.2022975931757968,GARCH-t,0.05,1.3287718292692474,1.8347805513723223
2023-11-22,0.4052905094313324,GARCH-t,0.05,1.249847557928356,1.7280476632266075
2023-11-24,0.0596695609645032,GARCH-t,0.05,1.1796429863492697,1.633106822362789
2023-11-27,-0.1956069316898358,GARCH-t,0.05,1.10380472963728,1.5305472924072303
2023-11-28,0.0979638528050291,GARCH-t,0.05,1.0531362668809496,1.462026021624401
2023-11-29,-0.0946696615101938,GARCH-t,0.05,0.9923739676148786,1.3798543958259135
2023-11-30,0.3776931264994605,GARCH-t,0.05,0.9473241143504244,1.3189314266585743
2023-12-01,0.5856558953846637,GARCH-t,0.05,0.9149953636866616,1.275211784147306
2023-12-04,-0.5423188063826943,GARCH-t,0.05,0.9191165927351608,1.28078510996436
2023-12-05,-0.0569031593934802,GARCH-t,0.05,0.9604495553941084,1.3366815586138996
2023-12-06,-0.3913851944943747,GARCH-t,0.05,0.917001246886018,1.2779244313914673
2023-12-07,0.7936610684821922,GARCH-t,0.05,0.9247582174536312,1.2884145361194117
2023-12-08,0.4087134146503793,GARCH-t,0.05,0.9743064017200488,1.355420803257298
2023-12-11,0.3916813547781492,GARCH-t,0.05,0.9415843230159144,1.3111692453159056
2023-12-12,0.45888127956924,GARCH-t,0.05,0.9116580705073278,1.2706986105244449
2023-12-13,1.355834517501981,GARCH-t,0.05,0.8949869744165229,1.2481535276988975
2023-12-14,0.2643565185154432,GARCH-t,0.05,1.1446664137386198,1.5858064095905424
2023-12-15,-0.0076252400448594,GARCH-t,0.05,1.0918478452074782,1.5218814363994084
2023-12-18,0.4518122263400515,GARCH-t,0.05,1.025498913338467,1.4318169667514091
2023-12-19,0.5849267450818904,GARCH-t,0.05,0.9895731708088312,1.383050048332433
2023-12-20,-1.4793147965305629,GARCH-t,0.05,0.98193971556145,1.372688116661937
2023-12-21,1.0248769307271877,GARCH-t,0.05,1.37606001032852,1.907681436460778
2023-12-22,0.1658682152761075,GARCH-t,0.05,1.398441657553772,1.9380631039632876
2023-12-26,0.4222761046978559,GARCH-t,0.05,1.2893867612629883,1.7900279944254582
2023-12-27,0.1429435616422998,GARCH-t,0.05,1.2102172411976715,1.6825603889024865
2023-12-28,0.0370106110327118,GARCH-t,0.05,1.1251545653385342,1.5670931979126177
2023-12-29,-0.2830477036733835,GARCH-t,0.05,1.052469855807685,1.468428311666388
2024-01-02,-0.5676660799723162,GARCH-t,0.05,1.0200279738118307,1.4243905131060728
2024-01-03,-0.8048618327197647,GARCH-t,0.05,1.0532019010419282,1.469422016672983
2024-01-04,-0.3434271663317428,GARCH-t,0.05,1.1484474454650822,1.5987118063223755
2024-01-05,0.182402163943398,GARCH-t,0.05,1.1099581675941304,1.5464650511609586
2024-01-08,1.401594543635314,GARCH-t,0.05,1.0392943271474264,1.4505433666086298
2024-01-09,-0.1478993852317584,GARCH-t,0.05,1.2779305527586196,1.7744769175044326
2024-01-10,0.5649980650495912,GARCH-t,0.05,1.1953238456318198,1.6623435484031628
2024-01-11,-0.0671280836961164,GARCH-t,0.05,1.1491205819959394,1.5996255464979074
2024-01-12,0.0750693753033959,GARCH-t,0.05,1.0780924872452002,1.5032094098152158
2024-01-16,-0.3738319052356834,GARCH-t,0.05,1.011147062950304,1.4123352395062856
2024-01-17,-0.5632731271107821,GARCH-t,0.05,1.0004506220421414,1.3954139745820588
2024-01-18,0.8766720726243148,GARCH-t,0.05,1.033156377080411,1.4397759134134749
2024-01-19,1.2238308232548512,GARCH-t,0.05,1.0846295589820545,1.5095939055163057
2024-01-22,0.2191921187231685,GARCH-t,0.05,1.233209627049114,1.711127240657044
2024-01-23,0.2917115340764486,GARCH-t,0.05,1.150118016726857,1.5984221546498072
2024-01-24,0.0811598976216865,GARCH-t,0.05,1.0816064025349788,1.505493309727398
2024-01-25,0.524657813497798,GARCH-t,0.05,1.0161910771443587,1.416764256989731
2024-01-26,-0.0651997755426364,GARCH-t,0.05,0.9935802364434212,1.3860950144992834
2024-01-29,0.7528365505246204,GARCH-t,0.05,0.94609837441701,1.321690830698828
2024-01-30,-0.0600830396978616,GARCH-t,0.05,0.9835562676035852,1.3724985483115897
2024-01-31,-1.6236851740733682,GARCH-t,0.05,0.9371728108364894,1.3095842364577948
2024-02-01,1.2416286114049784,GARCH-t,0.05,1.3998278589605098,1.937127459994682
2024-02-02,1.062777072263312,GARCH-t,0.05,1.477124074733431,2.0419716989369077
2024-02-05,-0.3191424709283971,GARCH-t,0.05,1.4887243170042033,2.057706215306991
2024-02-06,0.2307745931748107,GARCH-t,0.05,1.3985042261629452,1.9353320904295364
2024-02-07,0.8207682594008627,GARCH-t,0.05,1.2953309937373128,1.7953883826463113
2024-02-08,0.0570420540090595,GARCH-t,0.05,1.2824065024466855,1.7778576608699426
2024-02-09,0.5725917128795516,GARCH-t,0.05,1.191494484482089,1.6545450091587417
2024-02-12,-0.0949404142652441,GARCH-t,0.05,1.1486808825963015,1.5964728323877886
2024-02-13,-1.3768609419845443,GARCH-t,0.05,1.081658840397565,1.505564436208037
2024-02-14,0.9534168304216808,GARCH-t,0.05,1.3011454015997963,1.782830536125513
2024-02-15,0.580437267404004,GARCH-t,0.05,1.308460498768515,1.792644414861205
2024-02-16,-0.4815043575961042,GARCH-t,0.05,1.2620876594429349,1.7304309662528734
2024-02-20,-0.602342646581725,GARCH-t,0.05,1.2349663570388922,1.6940452331848923
2024-02-21,0.1263401495103598,GARCH-t,0.05,1.2288717055052274,1.6858686950326085
2024-02-22,2.090288866640342,GARCH-t,0.05,1.1654398714007366,1.6007690287498262
2024-02-23,0.0347887026502183,GARCH-t,0.05,1.5213856018924945,2.07830311407569
2024-02-26,-0.3793939244668484,GARCH-t,0.05,1.431971039274104,1.958345216797936
2024-02-27,0.1704895538720964,GARCH-t,0.05,1.374200793573351,1.880841094465449
2024-02-28,-0.1659531321112244,GARCH-t,0.05,1.2977108214122413,1.7782227294633095
2024-02-29,0.5215470455799964,GARCH-t,0.05,1.236256848545985,1.6957765467775827
2024-03-01,0.7975936433387976,GARCH-t,0.05,1.1918577204893834,1.6362110141991095
2024-03-04,-0.1193974574963011,GARCH-t,0.05,1.18793623417069,1.6309499779739305
2024-03-05,-1.0245406275917994,GARCH-t,0.05,1.1346721347348252,1.5594912672045351
2024-03-06,0.5127932853001643,GARCH-t,0.05,1.2324890339954775,1.6907216754280423
2024-03-07,1.0251402284983626,GARCH-t,0.05,1.1876716435285437,1.6305950051804414
2024-03-08,-0.6549922992050338,GARCH-t,0.05,1.2259712000392495,1.681977398955634
2024-03-11,-0.11228682680281,GARCH-t,0.05,1.229807396369079,1.6871240107803205
2024-03-12,1.1139512586668012,GARCH-t,0.05,1.1719934313531717,1.6095612349470754
2024-03-13,-0.1926384002121972,GARCH-t,0.05,1.232062228961699,1.690149077040259
2024-03-14,-0.2875221051495188,GARCH-t,0.05,1.1696753747040345,1.61062641701469
2024-03-15,-0.6504022859737666,GARCH-t,0.05,1.1352865036859952,1.5644127429405668
2024-03-18,0.6298184238480455,GARCH-t,0.05,1.1479156353821112,1.5813844712574787
2024-03-19,0.563325304434312,GARCH-t,0.05,1.1267758267851542,1.552975622825768
2024-03-20,0.8864765516360184,GARCH-t,0.05,1.1011112683488933,1.5184861643551046
2024-03-21,0.3231309094528888,GARCH-t,0.05,1.1199325902853017,1.5437793016947123
2024-03-22,-0.1403171834326712,GARCH-t,0.05,1.0780007882078706,1.4874290180948082
2024-03-25,-0.3059640382031929,GARCH-t,0.05,1.0420638539264466,1.439134970662029
2024-03-26,-0.2803721982805726,GARCH-t,0.05,1.0221490422462591,1.412372341096407
2024-03-27,0.8593595582706042,GARCH-t,0.05,1.001959629768603,1.38524068773387
2024-03-28,0.1115862700761605,GARCH-t,0.05,1.03002406998718,1.4229552405801582
2024-04-01,-0.2015614526957724,GARCH-t,0.05,0.9912198166623712,1.3708079306291645
2024-04-02,-0.7265388203672426,GARCH-t,0.05,0.967714576822603,1.3392202843694392
2024-04-03,0.1090527523337897,GARCH-t,0.05,1.0174992919535562,1.4061237485084062
2024-04-04,-1.241103561926225,GARCH-t,0.05,0.9798251405221694,1.3554951322227484
2024-04-05,1.1038050135699558,GARCH-t,0.05,1.1481341573210264,1.581678133170886
2024-04-08,-0.0374701190041576,GARCH-t,0.05,1.1987884512572973,1.649750185585683
2024-04-09,0.144444947363452,GARCH-t,0.05,1.147695320832834,1.5810884003347447
2024-04-10,-0.9501981832212592,GARCH-t,0.05,1.0987184030478212,1.515270499116516
2024-04-11,0.7417221983342437,GARCH-t,0.05,1.1719690081783112,1.6137087290152825
2024-04-12,-1.4657587802248535,GARCH-t,0.05,1.1450144520740124,1.5738515406502531
2024-04-15,-1.2094195787459194,GARCH-t,0.05,1.3198074934926851,1.8084092856240015
2024-04-16,-0.2058624527503996,GARCH-t,0.05,1.403201954108656,1.9203177258377695
2024-04-17,-0.5797375076004185,GARCH-t,0.05,1.3475313936944298,1.8456124572172143
2024-04-18,-0.2210601700485304,GARCH-t,0.05,1.3268877731341588,1.8179104328836897
2024-04-19,-0.8797129654056974,GARCH-t,0.05,1.2775974759312432,1.7517669476101012
2024-04-22,0.869335115683908,GARCH-t,0.05,1.3059447923787282,1.7898066920302074
2024-04-23,1.189356656772209,GARCH-t,0.05,1.2978459422083248,1.7789387077132577
2024-04-24,0.02129873779329,GARCH-t,0.05,1.3390731812146972,1.8342622385262837
2024-04-25,-0.4586934270119409,GARCH-t,0.05,1.2803522239785434,1.755463590706996
2024-04-26,1.0157381332325344,GARCH-t,0.05,1.2530478788575294,1.7188234271879588
2024-04-29,0.3173408076639394,GARCH-t,0.05,1.2712617403902549,1.7432649166986722
2024-04-30,-1.5855551118928124,GARCH-t,0.05,1.2203557044809998,1.6749532442687196
2024-05-01,-0.3441353485631687,GARCH-t,0.05,1.410002389026767,1.9294433447198864
2024-05-02,0.9087024725084856,GARCH-t,0.05,1.3623368604279469,1.8654801639755143
2024-05-03,1.2478557659508005,GARCH-t,0.05,1.3535751896086246,1.8537227293951528
2024-05-06,1.027317369124784,GARCH-t,0.05,1.3977580880835443,1.9130125097466384
2024-05-07,0.1342528228825613,GARCH-t,0.05,1.401369913539866,1.9178592795459255
2024-05-08,-0.0005835635193424,GARCH-t,0.05,1.337858148962317,1.8326317661523517
2024-05-09,0.5078032639106711,GARCH-t,0.05,1.2795854783360991,1.754434681733272
2024-05-10,0.1648040080166728,GARCH-t,0.05,1.2427836975909898,1.7054027919041976
2024-05-13,-0.0241333173865208,GARCH-t,0.05,1.1888257682160135,1.6329517754374043
2024-05-14,0.4826148527454041,GARCH-t,0.05,1.140317922194609,1.5678187580741525
2024-05-15,1.164782778729962,GARCH-t,0.05,1.108157735242396,1.524636259015348
2024-05-16,-0.2083837474088046,GARCH-t,0.05,1.1759009884534444,1.615597265317121
2024-05-17,0.1164095687893751,GARCH-t,0.05,1.1365286418470586,1.5627307716366112
2024-05-20,0.0915970308491166,GARCH-t,0.05,1.0903668866046297,1.500747924482429
2024-05-21,0.2498749766892608,GARCH-t,0.05,1.0478471567504315,1.4436553398796783
2024-05-22,-0.2709791209352147,GARCH-t,0.05,1.0109461028500597,1.3941071289911828
2024-05-23,-0.7408162283471933,GARCH-t,0.05,0.990877690507936,1.3671606377172625
2024-05-24,0.6976649076673259,GARCH-t,0.05,1.036217895061577,1.4280403628063254
2024-05-28,0.0248770906885915,GARCH-t,0.05,1.0360400911666785,1.4278016198992796
2024-05-29,-0.7394317215742535,GARCH-t,0.05,0.9986061402462578,1.3775378713461277
2024-05-30,-0.5992957535754186,GARCH-t,0.05,1.042562557177107,1.4365595410760108
2024-05-31,0.7995824231928896,GARCH-t,0.05,1.0575636655411782,1.456702003207063
2024-06-03,0.1115460223535239,GARCH-t,0.05,1.068722285112854,1.4716850342406649
2024-06-04,0.1501681003782753,GARCH-t,0.05,1.0279047976079725,1.4168781042193517
2024-06-05,1.1778015849957282,GARCH-t,0.05,0.9905940617841724,1.3667798004691716
2024-06-06,-0.0199836601636851,GARCH-t,0.05,1.0809353017822303,1.4880838375689591
2024-06-07,-0.1115842050279066,GARCH-t,0.05,1.0408625531155864,1.4342768919143107
2024-06-10,0.2577529978240972,GARCH-t,0.05,0.9972732641797104,1.3575846465266164
2024-06-11,0.2706714855209522,GARCH-t,0.05,0.9638153959864252,1.3131737889449846
2024-06-12,0.8467720241887338,GARCH-t,0.05,0.9335930212612408,1.2730576174081425
2024-06-13,0.234191143711672,GARCH-t,0.05,0.967066951564348,1.3174897952982785
2024-06-14,-0.0393938280997494,GARCH-t,0.05,0.935305323734852,1.275330470563428
2024-06-17,0.7635164372320518,GARCH-t,0.05,0.9065674929472728,1.23718483310263
2024-06-18,0.2518154181517116,GARCH-t,0.05,0.930186774868559,1.268536279630152
2024-06-20,-0.252912739541154,GARCH-t,0.05,0.9020796009741484,1.2312277550811388
2024-06-21,-0.1563351718825249,GARCH-t,0.05,0.8892587373839974,1.2142097686485784
2024-06-24,-0.3069879155866442,GARCH-t,0.05,0.870321655819596,1.1890733186060989
2024-06-25,0.3925873679181343,GARCH-t,0.05,0.8658463353374474,1.1831329275621545
2024-06-26,0.1571196224720452,GARCH-t,0.05,0.8511432013456345,1.163616478219303
2024-06-27,0.0906909856799073,GARCH-t,0.05,0.8273966524654314,1.1320961017780566
2024-06-28,-0.4092013462369599,GARCH-t,0.05,0.805360707560708,1.102846323962363
2024-07-01,0.2671990981429523,GARCH-t,0.05,0.8203913772728935,1.1227975332889149
2024-07-02,0.6176205771185049,GARCH-t,0.05,0.8025485697954355,1.0991135861479882
2024-07-03,0.5071562269533664,GARCH-t,0.05,0.8181568890539884,1.1198315482033037
2024-07-05,0.543397436096954,GARCH-t,0.05,0.8186025335200062,1.120423081794088
2024-07-08,0.1016182476404432,GARCH-t,0.05,0.8230090533610289,1.1262721491632268
2024-07-09,0.0740797478065475,GARCH-t,0.05,0.8013376442429984,1.097506243984388
2024-07-10,1.0156314878105883,GARCH-t,0.05,0.7158074388741943,0.989854219154336
2024-07-11,-0.8801649969266724,GARCH-t,0.05,0.8108193348061327,1.1163902334268452
2024-07-12,0.550186402496512,GARCH-t,0.05,0.9077073481315469,1.2454248444797809
2024-07-15,0.2822216423352684,GARCH-t,0.05,0.8969597913416612,1.2311113420912614
2024-07-16,0.6369049971453274,GARCH-t,0.05,0.8671290139582574,1.1913829729673528
2024-07-17,-1.4025441523645543,GARCH-t,0.05,0.8706098475450395,1.196018716777084
2024-07-18,-0.7847112145350073,GARCH-t,0.05,1.0957815132804167,1.495900377171134
2024-07-19,-0.7165879226406084,GARCH-t,0.05,1.1293790086156463,1.5406452284085477
2024-07-22,1.0734217246220292,GARCH-t,0.05,1.1475477338888715,1.564842178252944
2024-07-23,-0.155931769394619,GARCH-t,0.05,1.186622698796538,1.61688187569037
2024-07-24,-2.3421242222892857,GARCH-t,0.05,1.140421762555497,1.5553518717865698
2024-07-25,-0.5155889019717259,GARCH-t,0.05,1.591456178209525,2.156035572462056
2024-07-26,1.1029420409570925,GARCH-t,0.05,1.5423712204260407,2.090664653823555
2024-07-29,0.0812979571828451,GARCH-t,0.05,1.541134707392888,2.089017876551336
2024-07-30,-0.4972514361367621,GARCH-t,0.05,1.466214142202506,1.989239321316256
2024-07-31,1.5669980701917767,GARCH-t,0.05,1.425079907176918,1.9344571058975135
2024-08-01,-1.3788123791990166,GARCH-t,0.05,1.5226700409357687,2.0644267948195405
2024-08-02,-1.855290660855327,GARCH-t,0.05,1.612185823219359,2.1836431328743595
2024-08-05,-3.04270413923931,GARCH-t,0.05,1.7961577114957374,2.4286552890085367
2024-08-06,1.0300849493599515,GARCH-t,0.05,2.2779078080305353,3.0702458655672618
2024-08-07,-0.7764715388769489,GARCH-t,0.05,2.3026938664949235,3.096188382713956
2024-08-08,2.278113959089888,GARCH-t,0.05,2.2137909038994494,2.9779262088114224
2024-08-09,0.4660798434381699,GARCH-t,0.05,2.366014388943314,3.1804198010915945
2024-08-12,0.0043033051720097,GARCH-t,0.05,2.234564134586137,3.0055595671187816
2024-08-13,1.6707233419049987,GARCH-t,0.05,2.1044817997013343,2.8325189927591437
2024-08-14,0.381643656119841,GARCH-t,0.05,2.140025397799145,2.879800467488975
2024-08-15,1.6004489931304131,GARCH-t,0.05,2.020853745131954,2.721273706394321
2024-08-16,0.1987802368396151,GARCH-t,0.05,2.053935842378602,2.7652807970853885
2024-08-19,0.9675327436177776,GARCH-t,0.05,1.9360571407600269,2.608473969694795
2024-08-20,-0.1986527237609709,GARCH-t,0.05,1.8787099237175284,2.5321884741757565
2024-08-21,0.4230714721006796,GARCH-t,0.05,1.7786730108649036,2.3991154871901452
2024-08-22,-0.8972942256657219,GARCH-t,0.05,1.6870541452435377,2.2772405135948506
2024-08-23,1.141793740166443,GARCH-t,0.05,1.6729561128997297,2.2584867633929213
2024-08-26,-0.3158710169605814,GARCH-t,0.05,1.6675075269299204,2.251238842708698
2024-08-27,0.1593925112723203,GARCH-t,0.05,1.589787580785262,2.1478527516458215
2024-08-28,-0.5993900794735212,GARCH-t,0.05,1.5036978278465434,2.0333328184958854
2024-08-29,-0.0039379843436586,GARCH-t,0.05,1.467185008856642,1.9847620484901256
2024-08-30,1.004245707914417,GARCH-t,0.05,1.390644581468604,1.8829449990907028
2024-09-03,-2.1377963372397697,GARCH-t,0.05,1.396128824032293,1.8902403515610335
2024-09-04,-0.1603829027380963,GARCH-t,0.05,1.7464250603583538,2.356218010891644
2024-09-05,-0.3022581014674196,GARCH-t,0.05,1.643563716074437,2.1959885985694494
2024-09-06,-1.7410944507424406,GARCH-t,0.05,1.5733383108098271,2.1034878974330455
2024-09-09,1.1513534435818251,GARCH-t,0.05,1.7389807914785185,2.3216716949076717
2024-09-10,0.4462699977793541,GARCH-t,0.05,1.7273736427921942,2.306382792157536
2024-09-11,1.060855564984334,GARCH-t,0.05,1.648513949890336,2.2025090322648397
2024-09-12,0.746735215680267,GARCH-t,0.05,1.6334525224717866,2.1826701635380403
2024-09-13,0.5393142234356035,GARCH-t,0.05,1.5831746956657595,2.116444355176405
2024-09-16,0.1255840867310285,GARCH-t,0.05,1.5198976497236698,2.0330960128859057
2024-09-17,0.026451509389645,GARCH-t,0.05,1.445894751298518,1.9356196086606907
2024-09-18,-0.2900658708313291,GARCH-t,0.05,1.3771487807972602,1.8450676147247649
2024-09-19,1.6834356892725129,GARCH-t,0.05,1.3256920573985147,1.7772889671736245
2024-09-20,-0.1942913630015734,GARCH-t,0.05,1.4757799443422386,1.9749842986859696
2024-09-23,0.2805334425713122,GARCH-t,0.05,1.4116198957882669,1.8904728679035403
2024-09-24,0.2508031103345345,GARCH-t,0.05,1.3475800746387945,1.8061198003113277
2024-09-25,-0.1862983206212128,GARCH-t,0.05,1.287100372573094,1.7264561113013706
2024-09-26,0.4030542158199222,GARCH-t,0.05,1.2361817242379587,1.6593862146710747
2024-09-27,-0.1254002900072123,GARCH-t,0.05,1.190253534923216,1.5988897362594336
2024-09-30,0.4227603658441509,GARCH-t,0.05,1.1435988446070042,1.5374363128254185
2024-10-01,-0.9367848694454448,GARCH-t,0.05,1.1061722637626472,1.488138128554405
2024-10-02,0.0138381326986477,GARCH-t,0.05,1.16949616288423,1.5715481857177094
2024-10-03,-0.1682828654458689,GARCH-t,0.05,1.0996650349922357,1.4889162904612512
2024-10-04,0.8930255699186382,GARCH-t,0.05,1.0601150042113234,1.4365328306023173
2024-10-07,-0.9632263829388772,GARCH-t,0.05,1.0860877145155383,1.470933320331018
2024-10-08,0.9642706804694384,GARCH-t,0.05,1.1609049381423886,1.5700276814030576
2024-10-09,0.7088231016994585,GARCH-t,0.05,1.1857501090124631,1.6029347609997957
2024-10-10,-0.2072268505982484,GARCH-t,0.05,1.1697176825820603,1.5817000375425476
2024-10-11,0.603360870729872,GARCH-t,0.05,1.126668062556737,1.524681420919188
2024-10-14,0.7678114574594324,GARCH-t,0.05,1.1044115773479903,1.4952030190946308
2024-10-15,-0.7638566037513421,GARCH-t,0.05,1.1051373517650147,1.4961642971085831
2024-10-16,0.4668232782779766,GARCH-t,0.05,1.137420995824667,1.5389235298906496
2024-10-17,-0.0171175128538166,GARCH-t,0.05,1.1014313664194482,1.4912557716092565
2024-10-18,0.3963686942774387,GARCH-t,0.05,1.055255513404395,1.4300965033329478
2024-10-21,-0.1824432756419033,GARCH-t,0.05,1.0213521533287897,1.3851919794542813
2024-10-22,-0.0474966667195793,GARCH-t,0.05,0.9895102481918424,1.3430178236663095
2024-10-23,-0.9233824267679565,GARCH-t,0.05,0.9534678992554052,1.295280239106837
2024-10-24,0.2143473130556828,GARCH-t,0.05,1.0426473485171204,1.4133971661585722
2024-10-25,-0.029949201318627,GARCH-t,0.05,1.0011473034453309,1.3584309397805332
2024-10-28,0.2647934626732945,GARCH-t,0.05,0.9635315340688664,1.3086093819640492
2024-10-29,0.1612825944901219,GARCH-t,0.05,0.9303896747027576,1.2647134550715504
2024-10-30,-0.3305691672488118,GARCH-t,0.05,0.8971265926074818,1.2206569703781618
2024-10-31,-1.8790134928745348,GARCH-t,0.05,0.8851613969817707,1.1958066909225429
2024-11-01,0.4084158004525459,GARCH-t,0.05,1.2675818081522654,1.6989822891010675
2024-11-04,-0.2816044813190291,GARCH-t,0.05,1.2184459601952582,1.6343310336617929
2024-11-05,1.2191031029563082,GARCH-t,0.05,1.1776587611450644,1.5806646427458593
2024-11-06,2.4981280957186653,GARCH-t,0.05,1.2454150244515718,1.6698159990117087
2024-11-07,0.7403754173995657,GARCH-t,0.05,1.6526692376891037,2.205667058136165
2024-11-08,0.3749794035718046,GARCH-t,0.05,1.5994540787999116,2.1356483859521203
2024-11-11,0.0968594190956923,GARCH-t,0.05,1.525419315401347,2.038235995632635
2024-11-12,-0.2896851476936499,GARCH-t,0.05,1.450345259890851,1.9394561405679949
2024-11-13,0.0232200764140183,GARCH-t,0.05,1.3925536082718164,1.8634158769635287
2024-11-14,-0.6068108582244001,GARCH-t,0.05,1.3266060216064024,1.7766443150920428
2024-11-15,-1.3291430866793768,GARCH-t,0.05,1.3085197864013487,1.7528470700907994
2024-11-18,0.3910159746206537,GARCH-t,0.05,1.421751219459074,1.9018330875657692
2024-11-19,0.3955750520596487,GARCH-t,0.05,1.3605868656205056,1.8213551386097353
2024-11-20,0.0021950621335444,GARCH-t,0.05,1.3039802456702203,1.7468740988368594
2024-11-21,0.5326251844288491,GARCH-t,0.05,1.244284562034463,1.6683285755208808
2024-11-22,0.3461959591536465,GARCH-t,0.05,1.205584051063294,1.6174077768686073
2024-11-25,0.3015927820124541,GARCH-t,0.05,1.1577277645542443,1.5544401242867525
2024-11-26,0.5705697155263866,GARCH-t,0.05,1.1113895850378346,1.4934699445693356
2024-11-27,-0.3808481083577711,GARCH-t,0.05,1.0873653403415375,1.4618596713131389
2024-11-29,0.5592120396801623,GARCH-t,0.05,1.0827213110947809,1.4696266555241464
2024-12-02,0.2445463880581373,GARCH-t,0.05,1.0622396758551365,1.4424328700089657
2024-12-03,0.0451347242022181,GARCH-t,0.05,1.0238554655095389,1.3914695572121754
2024-12-04,0.603318162813612,GARCH-t,0.05,0.986278902088906,1.3415785697933402
2024-12-05,-0.1871525839382334,GARCH-t,0.05,0.979153652879092,1.332118265648345
2024-12-06,0.2492345367538312,GARCH-t,0.05,0.9535845158785508,1.2981697249549182
2024-12-09,-0.6163167285227462,GARCH-t,0.05,0.9234824004818494,1.2582026783752267
2024-12-10,-0.2968284314279252,GARCH-t,0.05,0.9513272157358724,1.2951726724634958
2024-12-11,0.8132626411368236,GARCH-t,0.05,0.9364880556151932,1.275470488881684
2024-12-12,-0.5428731461463251,GARCH-t,0.05,0.9628709989851714,1.3104995329432465
2024-12-13,-0.0026466989371873,GARCH-t,0.05,0.975040402715926,1.3266570394621215
2024-12-16,0.3792155008784429,GARCH-t,0.05,0.9418611218096028,1.28260439239769
2024-12-17,-0.3871479480655496,GARCH-t,0.05,0.91913259647531,1.2524273759736908
2024-12-18,-2.993650530451818,GARCH-t,0.05,0.9164209392251468,1.248827066487225
2024-12-19,-0.0865486750536793,GARCH-t,0.05,1.6902777869588597,2.2762888336019564
2024-12-20,1.08104794023973,GARCH-t,0.05,1.6112838621532284,2.171407371597952
2024-12-23,0.7260849585616372,GARCH-t,0.05,1.602415330766541,2.1596324846056567
2024-12-24,1.0982233165126825,GARCH-t,0.05,1.5545525501536972,2.096084326711189
2024-12-26,-0.0405741088257819,GARCH-t,0.05,1.553777670744584,2.095055507273434
2024-12-27,-1.1117304964912211,GARCH-t,0.05,1.482255910607362,2.0000949544619493
2024-12-30,-1.0759673941729728,GARCH-t,0.05,1.517525650424956,2.067950135276958
2023-01-04,0.7510694562138917,GARCH-t,0.1,1.1955945349653996,1.868819953916021
2023-01-05,-1.1713869136457158,GARCH-t,0.1,1.1186951872442363,1.7527112597479737
2023-01-06,2.258383558903089,GARCH-t,0.1,1.2005834541197076,1.8763526171372624
2023-01-09,-0.0767927325990578,GARCH-t,0.1,1.5315162033627538,2.3760209564758195
2023-01-10,0.6953997970593733,GARCH-t,0.1,1.3725383769829504,2.1359837081812736
2023-01-11,1.2767571192293676,GARCH-t,0.1,1.2623504102448144,1.9696132341768984
2023-01-12,0.341008491204273,GARCH-t,0.1,1.2740614439118012,1.9872954755316927
2023-01-13,0.3988892144656051,GARCH-t,0.1,1.147047120282239,1.7955192421266908
2023-01-17,-0.2032555430996314,GARCH-t,0.1,1.0395214038360407,1.6331684433745202
2023-01-18,-1.5684966977744674,GARCH-t,0.1,0.9505453670572632,1.4988254125325446
2023-01-19,-0.7667671901812427,GARCH-t,0.1,1.2111832055275646,1.892356956978152
2023-01-20,1.874167355235196,GARCH-t,0.1,1.1767672640524491,1.840393056871625
2023-01-23,1.1811315951328556,GARCH-t,0.1,1.3811983845543283,2.1490592699434368
2023-01-24,-0.0711756364291819,GARCH-t,0.1,1.348396506388144,2.099532409794441
2023-01-25,-0.0181741573465663,GARCH-t,0.1,1.2113021076884631,1.8925364848291
2023-01-26,1.0947708029114305,GARCH-t,0.1,1.0890542788636342,1.707957080837308
2023-01-27,0.2491734021703855,GARCH-t,0.1,1.094967742769328,1.7168856945700228
2023-01-30,-1.3053569315292664,GARCH-t,0.1,0.9866513945111028,1.5533411376133603
2023-01-31,1.4536304416419528,GARCH-t,0.1,1.1453474976476596,1.7929530179579891
2023-02-01,1.039805629688473,GARCH-t,0.1,1.2289495757518178,1.918414673826594
2023-02-02,1.459238462685438,GARCH-t,0.1,1.196314488025903,1.869164334042807
2023-02-03,-1.0408592637285454,GARCH-t,0.1,1.2684587377386145,1.9780388326082243
2023-02-06,-0.6159393193939262,GARCH-t,0.1,1.2821286284125015,1.9986683699378132
2023-02-07,1.2790364037397075,GARCH-t,0.1,1.2100446621721976,1.8898848465070224
2023-02-08,-1.1142573012411352,GARCH-t,0.1,1.2331646944507677,1.924775803598812
2023-02-09,-0.8869009831037385,GARCH-t,0.1,1.272197139543739,1.9836805382686171
2023-02-10,0.2192855709217127,GARCH-t,0.1,1.2511890591539698,1.95197677494214
2023-02-13,1.1383569951155146,GARCH-t,0.1,1.1245290026211467,1.7608312547074374
2023-02-14,-0.0280453855493762,GARCH-t,0.1,1.1328585063940482,1.7734014948885284
2023-02-15,0.2769337533076689,GARCH-t,0.1,1.0223782114144169,1.606673214184718
2023-02-16,-1.3884689204881606,GARCH-t,0.1,0.9257465149650812,1.460844162827998
2023-02-17,-0.2771242172282734,GARCH-t,0.1,1.1292761785464311,1.7679953239232835
2023-02-21,-2.0244783973471696,GARCH-t,0.1,1.0361495898757085,1.6274559090009832
2023-02-22,-0.1574795485643383,GARCH-t,0.1,1.4320755655178887,2.224956641751287
2023-02-23,0.5315278263237728,GARCH-t,0.1,1.2910451911913985,2.0121245539766694
2023-02-24,-1.0593464619774184,GARCH-t,0.1,1.1766182128166836,1.8394402452131415
2023-02-27,0.3068292539552277,GARCH-t,0.1,1.2146000528698355,1.896759488352352
2023-02-28,-0.3040619830947711,GARCH-t,0.1,1.0951398675972446,1.7164794546438085
2023-03-01,-0.4736464203492832,GARCH-t,0.1,1.009506533630807,1.5872482777557342
2023-03-02,0.7553593731195973,GARCH-t,0.1,0.9646018310711816,1.5163020857269127
2023-03-03,1.601874917648306,GARCH-t,0.1,0.9291290231126964,1.4627876446771897
2023-03-06,0.0686930778848301,GARCH-t,0.1,1.1215467812307414,1.753069958549242
2023-03-07,-1.5445590479262548,GARCH-t,0.1,1.011678103630247,1.5873215667798697
2023-03-08,0.1413794135603272,GARCH-t,0.1,1.2388796836853375,1.9300789142244716
2023-03-09,-1.8631857945482353,GARCH-t,0.1,1.11461059188865,1.7426059914426213
2023-03-10,-1.458396943606664,GARCH-t,0.1,1.4183991199977606,2.2009027605651377
2023-03-13,-0.1510901840738767,GARCH-t,0.1,1.5040358851856075,2.3300947779463783
2023-03-14,1.6342388235363663,GARCH-t,0.1,1.3557032587777376,2.106319496301221
2023-03-15,-0.7005363929353597,GARCH-t,0.1,1.4390123422027112,2.2319999622815248
2023-03-16,1.7409576249031722,GARCH-t,0.1,1.356448988059418,2.1074445069214756
2023-03-17,-1.10806212739537,GARCH-t,0.1,1.4693015335152075,2.277694375445359
2023-03-20,0.8878869635940854,GARCH-t,0.1,1.45791416927839,2.2605153454436726
2023-03-21,1.2898647518559103,GARCH-t,0.1,1.3645338427740048,2.1196413558860594
2023-03-22,-1.6600248639842885,GARCH-t,0.1,1.3608331728399654,2.1140585082225365
2023-03-23,0.2980083869182423,GARCH-t,0.1,1.5194681252653155,2.353375926226978
2023-03-24,0.5623963084303207,GARCH-t,0.1,1.365354319918919,2.1208791314761837
2023-03-27,0.1645599563767083,GARCH-t,0.1,1.246287923179104,1.9412550183585275
2023-03-28,-0.1575083288387886,GARCH-t,0.1,1.1213082234003957,1.752710069110438
2023-03-29,1.41368707750468,GARCH-t,0.1,1.020634008514932,1.600832486032704
2023-03-30,0.5698999199482653,GARCH-t,0.1,1.1397915355860593,1.7693100439871126
2023-03-31,1.4333327782036556,GARCH-t,0.1,1.0543572062850064,1.6411250358278515
2023-04-03,0.3692022565802823,GARCH-t,0.1,1.1596641501678666,1.7991267614958135
2023-04-04,-0.5813839745162529,GARCH-t,0.1,1.0548726626876104,1.64189842263517
2023-04-05,-0.2495481657121423,GARCH-t,0.1,1.0169548613549315,1.585006846228182
2023-04-06,0.3572773132803247,GARCH-t,0.1,0.939919637584436,1.4694237911687231
2023-04-10,0.0995807017010084,GARCH-t,0.1,0.8626811955251035,1.3535358289574704
2023-04-11,-0.004135333298352,GARCH-t,0.1,0.7872305885121949,1.240330320648392
2023-04-12,-0.4143456323461385,GARCH-t,0.1,0.7241494987298475,1.145683940503571
2023-04-13,1.3175510497831548,GARCH-t,0.1,0.7159576625624378,1.1333929727561856
2023-04-14,-0.2071517584577988,GARCH-t,0.1,0.8849751934133491,1.3869855712868937
2023-04-17,0.3300703582614753,GARCH-t,0.1,0.8224011442224279,1.293099950931267
2023-04-18,0.0854854803465975,GARCH-t,0.1,0.7593134584356539,1.1984436741923232
2023-04-19,-0.0084265547939628,GARCH-t,0.1,0.6977021325819768,1.1060025165000005
2023-04-20,-0.5970335188311131,GARCH-t,0.1,0.6473435143070865,1.0304448343918038
2023-04-21,0.0902781257300886,GARCH-t,0.1,0.694270154339503,1.1008532028387004
2023-04-24,0.0851216778272312,GARCH-t,0.1,0.6416131212442053,1.0218469968769477
2023-04-25,-1.593718381857645,GARCH-t,0.1,0.5965713125775476,0.9542666148609767
2023-04-26,-0.3848583503344875,GARCH-t,0.1,1.0102962529542356,1.5750163215859752
2023-04-27,1.9377193402696355,GARCH-t,0.1,0.9496624485146828,1.4840418294772706
2023-04-28,0.8219331313243468,GARCH-t,0.1,1.2503490703373914,1.9380183809932356
2023-05-01,-0.0386181048510787,GARCH-t,0.1,1.1812872526639235,1.8342967441470133
2023-05-02,-1.1653906680571788,GARCH-t,0.1,1.069821670583243,1.6668903101013777
2023-05-03,-0.7022908054892971,GARCH-t,0.1,1.161463580349091,1.8045242329380085
2023-05-04,-0.7244913455062743,GARCH-t,0.1,1.1267705565552035,1.7524199394764512
2023-05-05,1.83061663818798,GARCH-t,0.1,1.1023501141986023,1.715743692903975
2023-05-08,0.0452026484882065,GARCH-t,0.1,1.3144490487958336,2.034287997280376
2023-05-09,-0.4589938949059595,GARCH-t,0.1,1.1850625232141845,1.8399666968676585
2023-05-10,0.4473942241914432,GARCH-t,0.1,1.1085278250243733,1.7250217904171508
2023-05-11,-0.1698064889706758,GARCH-t,0.1,1.0159511026992123,1.5859839038265569
2023-05-12,-0.1584561589439047,GARCH-t,0.1,0.9325792100058498,1.4607704433582935
2023-05-15,0.2953797680316934,GARCH-t,0.1,0.859505075559407,1.3510228419884298
2023-05-16,-0.6398107681917463,GARCH-t,0.1,0.7894676860854559,1.245836026445557
2023-05-17,1.1820688622071571,GARCH-t,0.1,0.8136997303874568,1.2822293242735592
2023-05-18,0.9400723063727155,GARCH-t,0.1,0.9096002313320468,1.4262590829366733
2023-05-19,-0.1446913880675441,GARCH-t,0.1,0.921885820447521,1.444710398809969
2023-05-22,0.0155022679802391,GARCH-t,0.1,0.8492036552689783,1.3355514829892208
2023-05-23,-1.1285468768284297,GARCH-t,0.1,0.7774888613896483,1.2278454298062156
2023-05-24,-0.734551267830521,GARCH-t,0.1,0.9410009167859528,1.4734187234311014
2023-05-25,0.8719456079011882,GARCH-t,0.1,0.95431625546226,1.4934165857694248
2023-05-26,1.2964680931640788,GARCH-t,0.1,0.9444748404217432,1.4727710146615194
2023-05-30,0.0016603130665768,GARCH-t,0.1,1.0381338696029123,1.6128482058531086
2023-05-31,-0.6127358186214099,GARCH-t,0.1,0.9424527494390208,1.469746759256889
2023-06-01,0.9806215085853812,GARCH-t,0.1,0.9306615577065304,1.4521117588396428
2023-06-02,1.4429812390107408,GARCH-t,0.1,0.947328817662277,1.477039445789557
2023-06-05,-0.2005591490657713,GARCH-t,0.1,1.0832666791639354,1.6803491958715284
2023-06-06,0.2351130233850576,GARCH-t,0.1,0.9932386148384258,1.5457025046834394
2023-06-07,-0.3819293926420617,GARCH-t,0.1,0.9029603532048884,1.4106816164055596
2023-06-08,0.616957160752325,GARCH-t,0.1,0.8589263733600105,1.344824044876325
2023-06-09,0.1147401023050523,GARCH-t,0.1,0.8208737828094467,1.2879122868911344
2023-06-12,0.927797498175416,GARCH-t,0.1,0.7508146544386987,1.1831312956156186
2023-06-13,0.6908570725908897,GARCH-t,0.1,0.7948538631227665,1.2489966874384582
2023-06-14,0.0819089980126584,GARCH-t,0.1,0.7797696276305486,1.2264365845044936
2023-06-15,1.2104580493589998,GARCH-t,0.1,0.7154249731928534,1.13020220602945
2023-06-16,-0.3678376467751089,GARCH-t,0.1,0.8481431186250469,1.3286965230732182
2023-06-20,-0.4746353835236048,GARCH-t,0.1,0.8109580937896947,1.2730823032925491
2023-06-21,-0.5259086366925201,GARCH-t,0.1,0.7976811894090523,1.2532252591867197
2023-06-22,0.3703930387334525,GARCH-t,0.1,0.796585732643606,1.2515868853095065
2023-06-23,-0.7688288056502157,GARCH-t,0.1,0.7398046137709123,1.166664590962238
2023-06-26,-0.4496934363132171,GARCH-t,0.1,0.808032099763912,1.2687061632859922
2023-06-27,1.139073352418076,GARCH-t,0.1,0.7982087402518655,1.250280073587109
2023-06-28,-0.0354139388389821,GARCH-t,0.1,0.8905557323371521,1.3882386657423194
2023-06-29,0.446356811449,GARCH-t,0.1,0.8153396494501318,1.2758722023826945
2023-06-30,1.21943502618858,GARCH-t,0.1,0.7641776044972768,1.199440436343592
2023-07-03,0.1169993092673641,GARCH-t,0.1,0.8901654482753921,1.3876556143782717
2023-07-05,-0.1970258097612716,GARCH-t,0.1,0.8114767613294933,1.2701013743920633
2023-07-06,-0.7954061175894762,GARCH-t,0.1,0.7593352813376857,1.1922064152805043
2023-07-07,-0.2869212795733482,GARCH-t,0.1,0.8315005018519669,1.3000151484066025
2023-07-10,0.2402138610626312,GARCH-t,0.1,0.7864708987345609,1.2327447315678173
2023-07-11,0.6719583998254874,GARCH-t,0.1,0.7242729908696667,1.139826320147166
2023-07-12,0.7383905235389678,GARCH-t,0.1,0.7217107360426138,1.1359985282429463
2023-07-13,0.8434482989627111,GARCH-t,0.1,0.7327232903609456,1.152450352557773
2023-07-14,-0.1024932196907483,GARCH-t,0.1,0.764391893964187,1.1997605666748683
2023-07-17,0.3847969574420413,GARCH-t,0.1,0.7109572632513445,1.1199337498071444
2023-07-18,0.7092066941428338,GARCH-t,0.1,0.6697731405414794,1.0584081553085916
2023-07-19,0.2355134827233639,GARCH-t,0.1,0.685779753135875,1.0823206801113188
2023-07-20,-0.6779827396257692,GARCH-t,0.1,0.6379058197768486,1.0108010745670042
2023-07-21,0.0324042014613091,GARCH-t,0.1,0.7103590018248409,1.1190399978583536
2023-07-24,0.4026038496874852,GARCH-t,0.1,0.6576120677549816,1.0402405415852034
2023-07-25,0.2810719575838704,GARCH-t,0.1,0.6268767164644468,0.9943245274553442
2023-07-26,-0.0155450978675918,GARCH-t,0.1,0.5695247255674072,0.9109892885234886
2023-07-27,-0.6445393055197076,GARCH-t,0.1,0.5383482387256298,0.8645328474636245
2023-07-28,0.9829375810433848,GARCH-t,0.1,0.6216756985027901,0.9887000521731196
2023-07-31,0.1467635436568791,GARCH-t,0.1,0.7050451262435682,1.112929793827143
2023-08-01,-0.2668645307682711,GARCH-t,0.1,0.6510919788679035,1.0325335893486771
2023-08-02,-1.3936200638336185,GARCH-t,0.1,0.6319242439281948,1.0039715274012604
2023-08-03,-0.2551225450291527,GARCH-t,0.1,0.93284464316448,1.4523764699394972
2023-08-04,-0.531416937393797,GARCH-t,0.1,0.869794832798711,1.3584252234774383
2023-08-07,0.8983618964856572,GARCH-t,0.1,0.8551192817504749,1.3365570163329497
2023-08-08,-0.4227205100058866,GARCH-t,0.1,0.8647739129089218,1.3509434930916489
2023-08-09,-0.7063619102045117,GARCH-t,0.1,0.8330428021516078,1.3036606005661886
2023-08-10,0.0250682521080863,GARCH-t,0.1,0.8605892155086974,1.344707827440368
2023-08-11,-0.1070264899229486,GARCH-t,0.1,0.7882412756650207,1.236901331467688
2023-08-14,0.573400487941905,GARCH-t,0.1,0.7319304268625066,1.1529918890182778
2023-08-15,-1.1618139396096483,GARCH-t,0.1,0.7066150224143156,1.1152691141391644
2023-08-16,-0.7584081792624527,GARCH-t,0.1,0.8963872170943511,1.398050840691505
2023-08-17,-0.7742811377529081,GARCH-t,0.1,0.9222540974416334,1.436595376140759
2023-08-18,-0.0148717883957202,GARCH-t,0.1,0.9462811798815162,1.472398407600774
2023-08-21,0.6855634859799785,GARCH-t,0.1,0.8647138353546339,1.3508539708381004
2023-08-22,-0.2781331046545683,GARCH-t,0.1,0.8342869829633911,1.305514568681447
2023-08-23,1.098433071079136,GARCH-t,0.1,0.7994266858361988,1.2442286771289657
2023-08-24,-1.354935398400801,GARCH-t,0.1,0.8710352210788918,1.3505717643598865
2023-08-25,0.6695501060295156,GARCH-t,0.1,1.0646304396331765,1.638072592919403
2023-08-28,0.6245078594196461,GARCH-t,0.1,1.0069540125663947,1.552419544802398
2023-08-29,1.4404068712056506,GARCH-t,0.1,0.9517819388615189,1.4704856157417956
2023-08-30,0.3825854181192944,GARCH-t,0.1,1.076784177623004,1.6561216427268544
2023-08-31,-0.1598212974339857,GARCH-t,0.1,0.9906698943642228,1.528236625872648
2023-09-01,0.1797512765518541,GARCH-t,0.1,0.9157283864519592,1.4169438688553362
2023-09-05,-0.4202997821381205,GARCH-t,0.1,0.8404052295668039,1.305084339596723
2023-09-06,-0.6996014491432261,GARCH-t,0.1,0.8141235729158629,1.266054460039323
2023-09-07,-0.3216433115732967,GARCH-t,0.1,0.843815979789712,1.3101495138423396
2023-09-08,0.1425606062257059,GARCH-t,0.1,0.8037027888233961,1.2505789535511092
2023-09-11,0.6700951498135518,GARCH-t,0.1,0.7413620879741684,1.157999171462595
2023-09-12,-0.5712169023003997,GARCH-t,0.1,0.7338574006635497,1.146854248380324
2023-09-13,0.1240862117534604,GARCH-t,0.1,0.7528950154168185,1.1751262793542032
2023-09-14,0.839458553366625,GARCH-t,0.1,0.6967668650240161,1.0917725175002193
2023-09-15,-1.2234145842493929,GARCH-t,0.1,0.7304343519811037,1.141770810164484
2023-09-18,0.0721027694175518,GARCH-t,0.1,0.9272614282344588,1.4340711465486662
2023-09-19,-0.2153327361533126,GARCH-t,0.1,0.8503467543441381,1.3198481164708251
2023-09-20,-0.943920420629104,GARCH-t,0.1,0.7978796199685128,1.2419311889878977
2023-09-21,-1.6536918318488083,GARCH-t,0.1,0.8906351837159927,1.3750926154624932
2023-09-22,-0.2298237402760749,GARCH-t,0.1,1.1721932093364875,1.792146952301931
2023-09-25,0.4014994203806617,GARCH-t,0.1,1.082315683892534,1.659016981354766
2023-09-26,-1.4844165482264944,GARCH-t,0.1,0.9988339069594988,1.535360633643644
2023-09-27,0.0229287772294792,GARCH-t,0.1,1.1898122559567506,1.8182449468015136
2023-09-28,0.5875877143000698,GARCH-t,0.1,1.0863805940930602,1.665038079223513
2023-09-29,-0.2713259648289315,GARCH-t,0.1,1.0180794595875833,1.563867870014284
2023-10-02,0.0079364406152993,GARCH-t,0.1,0.9502876480760738,1.463452089179164
2023-10-03,-1.3839395863449198,GARCH-t,0.1,0.8738535206703355,1.3502349850072952
2023-10-04,0.8077047607828945,GARCH-t,0.1,1.0718979275780558,1.643585808893904
2023-10-05,-0.1304881146995122,GARCH-t,0.1,1.033697368304065,1.587001703788749
2023-10-06,1.1745642093961115,GARCH-t,0.1,0.953538522748146,1.4682674070075987
2023-10-09,0.6284068119387409,GARCH-t,0.1,1.0078754634080451,1.5487533271047336
2023-10-10,0.5194476099985355,GARCH-t,0.1,0.9546052311389768,1.4698474555945946
2023-10-11,0.4283819500095073,GARCH-t,0.1,0.8965218300498157,1.383812137406684
2023-10-12,-0.6266024940654918,GARCH-t,0.1,0.8376797416343044,1.2966530230170412
2023-10-13,-0.5031495660219892,GARCH-t,0.1,0.8473999591856504,1.3110509748277837
2023-10-16,1.0538642302589984,GARCH-t,0.1,0.8333963626404706,1.2903083209551185
2023-10-17,-0.0098249879443765,GARCH-t,0.1,0.885771905556997,1.3678889449473453
2023-10-18,-1.3490408251151895,GARCH-t,0.1,0.8174161577403019,1.266637840447554
2023-10-19,-0.8519032328057976,GARCH-t,0.1,1.0180113597777452,1.5602519266749193
2023-10-20,-1.2665149196155916,GARCH-t,0.1,1.0369575163567126,1.5883112322916342
2023-10-23,-0.1686992065434917,GARCH-t,0.1,1.142636806477147,1.7448225271543918
2023-10-24,0.723952351962882,GARCH-t,0.1,1.0623186112634917,1.6258710777303549
2023-10-25,-1.4443434657238052,GARCH-t,0.1,1.0206757571689031,1.5641979059225457
2023-10-26,-1.1903081205584871,GARCH-t,0.1,1.1764298272007985,1.7948700759669851
2023-10-27,-0.481183857862075,GARCH-t,0.1,1.2346031113053435,1.8810248562578584
2023-10-30,1.1938474300285915,GARCH-t,0.1,1.1688866340646924,1.783698587931947
2023-10-31,0.6454084821688244,GARCH-t,0.1,1.1848632728347477,1.8073600301937771
2023-11-01,1.0451194990191868,GARCH-t,0.1,1.1195121924025526,1.710574915461583
2023-11-02,1.8682938934086477,GARCH-t,0.1,1.1169383075836046,1.706762985561391
2023-11-03,0.934988354455146,GARCH-t,0.1,1.303454791677599,1.982994368318904
2023-11-06,0.1751457724100586,GARCH-t,0.1,1.257314679432508,1.9146607458621063
2023-11-07,0.2836093401711954,GARCH-t,0.1,1.158832259384893,1.7688080337053105
2023-11-08,0.1004411032419886,GARCH-t,0.1,1.0723930526510752,1.6407913508017653
2023-11-09,-0.8116690699068705,GARCH-t,0.1,0.9916151383380304,1.5211590562335515
2023-11-10,1.5495759270772258,GARCH-t,0.1,1.0076588701370002,1.5449198634402044
2023-11-13,-0.0836188441370084,GARCH-t,0.1,1.1366725121115857,1.7359893921756004
2023-11-14,1.889537047457725,GARCH-t,0.1,1.0531156630647858,1.6122414882668676
2023-11-15,0.1595738207847176,GARCH-t,0.1,1.2636129311310793,1.9239884724922869
2023-11-16,0.118971939671373,GARCH-t,0.1,1.1770660225875085,1.7865100252170476
2023-11-17,0.1281227937177987,GARCH-t,0.1,1.0842261258693753,1.6496181847856284
2023-11-20,0.7363103793795632,GARCH-t,0.1,1.0014395015637885,1.5275498309322926
2023-11-21,-0.2022975931757968,GARCH-t,0.1,0.9712337657000274,1.4830116644742943
2023-11-22,0.4052905094313324,GARCH-t,0.1,0.911958639855307,1.39561086637428
2023-11-24,0.0596695609645032,GARCH-t,0.1,0.8592323397637794,1.317866270421291
2023-11-27,-0.1956069316898358,GARCH-t,0.1,0.8022749281326844,1.233882927268049
2023-11-28,0.0979638528050291,GARCH-t,0.1,0.7642209878781366,1.1777726330814025
2023-11-29,-0.0946696615101938,GARCH-t,0.1,0.7185861929738617,1.11048441666812
2023-11-30,0.3776931264994605,GARCH-t,0.1,0.6847520418797967,1.0605961749053885
2023-12-01,0.5856558953846637,GARCH-t,0.1,0.6604719220707681,1.0247952918362877
2023-12-04,-0.5423188063826943,GARCH-t,0.1,0.6635671216378264,1.02935914401854
2023-12-05,-0.0569031593934802,GARCH-t,0.1,0.6946097466949787,1.0751312982982644
2023-12-06,-0.3913851944943747,GARCH-t,0.1,0.6619784165502436,1.0270166084166077
2023-12-07,0.7936610684821922,GARCH-t,0.1,0.6678041961077525,1.035606683521887
2023-12-08,0.4087134146503793,GARCH-t,0.1,0.7050167646607625,1.0904763804568998
2023-12-11,0.3916813547781492,GARCH-t,0.1,0.6804412405522052,1.0542399256167896
2023-12-12,0.45888127956924,GARCH-t,0.1,0.6579654881205412,1.0210995708316848
2023-12-13,1.355834517501981,GARCH-t,0.1,0.6454448616774574,1.002637986343372
2023-12-14,0.2643565185154432,GARCH-t,0.1,0.8329636050907854,1.2791331873146996
2023-12-15,-0.0076252400448594,GARCH-t,0.1,0.7908034564870868,1.2236503925655833
2023-12-18,0.4518122263400515,GARCH-t,0.1,0.7410565522737816,1.1500327999331783
2023-12-19,0.5849267450818904,GARCH-t,0.1,0.7141202562088798,1.1101713190613414
2023-12-20,-1.4793147965305629,GARCH-t,0.1,0.7083968669046222,1.1017016032279527
2023-12-21,1.0248769307271877,GARCH-t,0.1,1.0038992058270424,1.5389985798485633
2023-12-22,0.1658682152761075,GARCH-t,0.1,1.020680450517594,1.563832182160711
2023-12-26,0.4222761046978559,GARCH-t,0.1,0.9389135956949703,1.4428300996320278
2023-12-27,0.1429435616422998,GARCH-t,0.1,0.8795541091085383,1.354987397226842
2023-12-28,0.0370106110327118,GARCH-t,0.1,0.8157760697507056,1.2606059317952176
2023-12-29,-0.2830477036733835,GARCH-t,0.1,0.7612787450621693,1.1799584641402652
2024-01-02,-0.5676660799723162,GARCH-t,0.1,0.7369545675556902,1.14396250782684
2024-01-03,-0.8048618327197647,GARCH-t,0.1,0.7618276157541587,1.1807707064224682
2024-01-04,-0.3434271663317428,GARCH-t,0.1,0.8332405359277201,1.2864505944308875
2024-01-05,0.182402163943398,GARCH-t,0.1,0.8043821599818095,1.2437447376943669
2024-01-08,1.401594543635314,GARCH-t,0.1,0.7514000364867918,1.165339529452026
2024-01-09,-0.1478993852317584,GARCH-t,0.1,0.9303239938572252,1.430118840128234
2024-01-10,0.5649980650495912,GARCH-t,0.1,0.8683873834092005,1.3384623998109872
2024-01-11,-0.0671280836961164,GARCH-t,0.1,0.8337452382278134,1.2871974744411412
2024-01-12,0.0750693753033959,GARCH-t,0.1,0.7804900052273119,1.2083881070930893
2024-01-16,-0.3738319052356834,GARCH-t,0.1,0.7302958647023046,1.1341086750733709
2024-01-17,-0.5632731271107821,GARCH-t,0.1,0.7234337585047006,1.1213700333276555
2024-01-18,0.8766720726243148,GARCH-t,0.1,0.7479641740983645,1.1576443697875665
2024-01-19,1.2238308232548512,GARCH-t,0.1,0.7865707906555457,1.2147338794710334
2024-01-22,0.2191921187231685,GARCH-t,0.1,0.898010835820535,1.3795257753925436
2024-01-23,0.2917115340764486,GARCH-t,0.1,0.8356893351804574,1.287367895952106
2024-01-24,0.0811598976216865,GARCH-t,0.1,0.784303321705061,1.2113808612024182
2024-01-25,0.524657813497798,GARCH-t,0.1,0.7352396289039311,1.1388279566730068
2024-01-26,-0.0651997755426364,GARCH-t,0.1,0.7182807383763431,1.1137500080897218
2024-01-29,0.7528365505246204,GARCH-t,0.1,0.682667745882943,1.0610873180868854
2024-01-30,-0.0600830396978616,GARCH-t,0.1,0.7107624248180292,1.1026323066963617
2024-01-31,-1.6236851740733682,GARCH-t,0.1,0.6759732731890197,1.0511878708478513
2024-02-01,1.2416286114049784,GARCH-t,0.1,1.0229801101725715,1.5643240103709817
2024-02-02,1.062777072263312,GARCH-t,0.1,1.080954870104229,1.650054149752994
2024-02-05,-0.3191424709283971,GARCH-t,0.1,1.0896554417178872,1.6629201144938806
2024-02-06,0.2307745931748107,GARCH-t,0.1,1.0219873410840832,1.5628559537126947
2024-02-07,0.8207682594008627,GARCH-t,0.1,0.94460394887739,1.4484253116961834
2024-02-08,0.0570420540090595,GARCH-t,0.1,0.9349101459878132,1.4340906068376404
2024-02-09,0.5725917128795516,GARCH-t,0.1,0.8667230767542577,1.3332590215695912
2024-02-12,-0.0949404142652441,GARCH-t,0.1,0.8346114362771877,1.2857739536343464
2024-02-13,-1.3768609419845443,GARCH-t,0.1,0.7843426518645569,1.211439020650762
2024-02-14,0.9534168304216808,GARCH-t,0.1,0.9539100017586492,1.446207521815321
2024-02-15,0.580437267404004,GARCH-t,0.1,0.959423786504931,1.454275140758284
2024-02-16,-0.4815043575961042,GARCH-t,0.1,0.9244700670644592,1.4031318150644163
2024-02-20,-0.602342646581725,GARCH-t,0.1,0.9040272732032654,1.373220478552255
2024-02-21,0.1263401495103598,GARCH-t,0.1,0.8994334044021882,1.3664988554446331
2024-02-22,2.090288866640342,GARCH-t,0.1,0.8516213970908334,1.296541634835633
2024-02-23,0.0347887026502183,GARCH-t,0.1,1.1199169636463115,1.6891043652751256
2024-02-26,-0.3793939244668484,GARCH-t,0.1,1.052520367252618,1.590491509899575
2024-02-27,0.1704895538720964,GARCH-t,0.1,1.008975805617002,1.526778299014543
2024-02-28,-0.1659531321112244,GARCH-t,0.1,0.9513211727368,1.442419618039997
2024-02-29,0.5215470455799964,GARCH-t,0.1,0.9049999865142304,1.3746437260482525
2024-03-01,0.7975936433387976,GARCH-t,0.1,0.8715339601060531,1.3256771520849897
2024-03-04,-0.1193974574963011,GARCH-t,0.1,0.8685781235740072,1.3213522529647768
2024-03-05,-1.0245406275917994,GARCH-t,0.1,0.8284300883230448,1.2626087465317704
2024-03-06,0.5127932853001643,GARCH-t,0.1,0.9021599807130436,1.3704883072834495
2024-03-07,1.0251402284983626,GARCH-t,0.1,0.8683786872831382,1.3210604432420243
2024-03-08,-0.6549922992050338,GARCH-t,0.1,0.8972471364106697,1.363299967951852
2024-03-11,-0.11228682680281,GARCH-t,0.1,0.9001386852608487,1.367530803095342
2024-03-12,1.1139512586668012,GARCH-t,0.1,0.8565611700106114,1.3037693753832509
2024-03-13,-0.1926384002121972,GARCH-t,0.1,0.9018382746535604,1.3700175957814635
2024-03-14,-0.2875221051495188,GARCH-t,0.1,0.8531554480597506,1.302816050225502
2024-03-15,-0.6504022859737666,GARCH-t,0.1,0.8272545619578646,1.2648568003768663
2024-03-18,0.6298184238480455,GARCH-t,0.1,0.8367665259143211,1.2787971348872005
2024-03-19,0.563325304434312,GARCH-t,0.1,0.820844520961084,1.2554625137574955
2024-03-20,0.8864765516360184,GARCH-t,0.1,0.8015145812092352,1.2271333666498192
2024-03-21,0.3231309094528888,GARCH-t,0.1,0.8156903567241138,1.2479087873227153
2024-03-22,-0.1403171834326712,GARCH-t,0.1,0.7841083129552257,1.201623471622011
2024-03-25,-0.3059640382031929,GARCH-t,0.1,0.7570414621363704,1.161955432899048
2024-03-26,-0.2803721982805726,GARCH-t,0.1,0.7420420959519304,1.1399729923629742
2024-03-27,0.8593595582706042,GARCH-t,0.1,0.7268359069271886,1.1176874409665791
2024-03-28,0.1115862700761605,GARCH-t,0.1,0.7479733810022533,1.1486656343931747
2024-04-01,-0.2015614526957724,GARCH-t,0.1,0.7187469331462774,1.1058325810378171
2024-04-02,-0.7265388203672426,GARCH-t,0.1,0.7010433412031749,1.079886940910178
2024-04-03,0.1090527523337897,GARCH-t,0.1,0.738540013761726,1.1348404879256553
2024-04-04,-1.241103561926225,GARCH-t,0.1,0.7101647319824058,1.0932548677908978
2024-04-05,1.1038050135699558,GARCH-t,0.1,0.8369311114817752,1.2790383445760074
2024-04-08,-0.0374701190041576,GARCH-t,0.1,0.875082730275151,1.334951753260593
2024-04-09,0.144444947363452,GARCH-t,0.1,0.8366005901950465,1.2785539464726423
2024-04-10,-0.9501981832212592,GARCH-t,0.1,0.7997123315341089,1.2244920652889844
2024-04-11,0.7417221983342437,GARCH-t,0.1,0.8548829586647239,1.305347817147004
2024-04-12,-1.4657587802248535,GARCH-t,0.1,0.8360652263070467,1.2742095278201482
2024-04-15,-1.2094195787459194,GARCH-t,0.1,0.9678016866057536,1.46700778755699
2024-04-16,-0.2058624527503996,GARCH-t,0.1,1.0306536798024024,1.5589926099958895
2024-04-17,-0.5797375076004185,GARCH-t,0.1,0.988696388412014,1.4975874929539077
2024-04-18,-0.2210601700485304,GARCH-t,0.1,0.9731378886096916,1.4748173981813435
2024-04-19,-0.8797129654056974,GARCH-t,0.1,0.9359892170843178,1.4204497674936227
2024-04-22,0.869335115683908,GARCH-t,0.1,0.9573537696857812,1.4517171064845034
2024-04-23,1.189356656772209,GARCH-t,0.1,0.9512499005312708,1.4427840036215402
2024-04-24,0.02129873779329,GARCH-t,0.1,0.9823216782777278,1.4882580103077945
2024-04-25,-0.4586934270119409,GARCH-t,0.1,0.9380653910201948,1.4234882787823009
2024-04-26,1.0157381332325344,GARCH-t,0.1,0.9174868957447392,1.3933713463240085
2024-04-29,0.3173408076639394,GARCH-t,0.1,0.9312141564366844,1.4134613955507744
2024-04-30,-1.5855551118928124,GARCH-t,0.1,0.8928477493755405,1.3573115908803632
2024-05-01,-0.3441353485631687,GARCH-t,0.1,1.0357789709314575,1.5664935494327463
2024-05-02,0.9087024725084856,GARCH-t,0.1,0.999854840514647,1.5139180527842424
2024-05-03,1.2478557659508005,GARCH-t,0.1,0.9932514226058338,1.5042538529245566
2024-05-06,1.027317369124784,GARCH-t,0.1,1.0265507954159994,1.552987977961551
2024-05-07,0.1342528228825613,GARCH-t,0.1,1.0292729238083584,1.5569718531593288
2024-05-08,-0.0005835635193424,GARCH-t,0.1,0.981405943607868,1.4869178190628698
2024-05-09,0.5078032639106711,GARCH-t,0.1,0.9374875170037852,1.4226425516050385
2024-05-10,0.1648040080166728,GARCH-t,0.1,0.910007935629163,1.3822870575284325
2024-05-13,-0.0241333173865208,GARCH-t,0.1,0.86935263734671,1.3227525148734658
2024-05-14,0.4826148527454041,GARCH-t,0.1,0.8328037747071795,1.2692313278762275
2024-05-15,1.164782778729962,GARCH-t,0.1,0.8085722667804123,1.2337473490787356
2024-05-16,-0.2083837474088046,GARCH-t,0.1,0.8596142952240795,1.3084919444439864
2024-05-17,0.1164095687893751,GARCH-t,0.1,0.8299486925238935,1.2650504211013378
2024-05-20,0.0915970308491166,GARCH-t,0.1,0.7951675222610313,1.214117796029497
2024-05-21,0.2498749766892608,GARCH-t,0.1,0.7631304830318457,1.1672036038059463
2024-05-22,-0.2709791209352147,GARCH-t,0.1,0.7353269077161435,1.1264887840770823
2024-05-23,-0.7408162283471933,GARCH-t,0.1,0.7202061034288929,1.1043462785280518
2024-05-24,0.6976649076673259,GARCH-t,0.1,0.754368265722144,1.1543724447143977
2024-05-28,0.0248770906885915,GARCH-t,0.1,0.75423429708275,1.1541762645850322
2024-05-29,-0.7394317215742535,GARCH-t,0.1,0.7260292036295861,1.1128734723238956
2024-05-30,-0.5992957535754186,GARCH-t,0.1,0.7591487332789268,1.161372834865091
2024-05-31,0.7995824231928896,GARCH-t,0.1,0.7704515119839885,1.1779243248150877
2024-06-03,0.1115460223535239,GARCH-t,0.1,0.778859117916274,1.1902362003921472
2024-06-04,0.1501681003782753,GARCH-t,0.1,0.7481046551547574,1.1452001791979218
2024-06-05,1.1778015849957282,GARCH-t,0.1,0.7199923997063882,1.104033336453575
2024-06-06,-0.0199836601636851,GARCH-t,0.1,0.7880611729501417,1.2037114462044154
2024-06-07,-0.1115842050279066,GARCH-t,0.1,0.7578678432780854,1.1594971334531463
2024-06-10,0.2577529978240972,GARCH-t,0.1,0.7303289006224637,1.1039422362651714
2024-06-11,0.2706714855209522,GARCH-t,0.1,0.7049857879561254,1.0672417724266756
2024-06-12,0.8467720241887338,GARCH-t,0.1,0.6820934433727858,1.0340903724538073
2024-06-13,0.234191143711672,GARCH-t,0.1,0.7074487225004338,1.070808455074148
2024-06-14,-0.0393938280997494,GARCH-t,0.1,0.6833904499321067,1.0359686240701478
2024-06-17,0.7635164372320518,GARCH-t,0.1,0.6616225931389487,1.004445643779729
2024-06-18,0.2518154181517116,GARCH-t,0.1,0.6795133361884207,1.030354007009439
2024-06-20,-0.252912739541154,GARCH-t,0.1,0.6582231789487741,0.9995228042216548
2024-06-21,-0.1563351718825249,GARCH-t,0.1,0.6485118432304345,0.9854593965397797
2024-06-24,-0.3069879155866442,GARCH-t,0.1,0.6341676958721584,0.9646870128019402
2024-06-25,0.3925873679181343,GARCH-t,0.1,0.6307778041270583,0.9597779631107906
2024-06-26,0.1571196224720452,GARCH-t,0.1,0.6196407173542207,0.9436498633089214
2024-06-27,0.0906909856799073,GARCH-t,0.1,0.6016535742334742,0.9176018989427436
2024-06-28,-0.4092013462369599,GARCH-t,0.1,0.5849621511217737,0.8934303230834905
2024-07-01,0.2671990981429523,GARCH-t,0.1,0.5963473342352299,0.9099177019880182
2024-07-02,0.6176205771185049,GARCH-t,0.1,0.5828320595150148,0.8903456447720384
2024-07-03,0.5071562269533664,GARCH-t,0.1,0.5946547910535731,0.9074666565836392
2024-07-05,0.543397436096954,GARCH-t,0.1,0.5949923504535377,0.907955491034042
2024-07-08,0.1016182476404432,GARCH-t,0.1,0.5983301282268361,0.912789072215748
2024-07-09,0.0740797478065475,GARCH-t,0.1,0.5819148276540763,0.8890173614160399
2024-07-10,1.0156314878105883,GARCH-t,0.1,0.5145165720465447,0.7973828352490674
2024-07-11,-0.8801649969266724,GARCH-t,0.1,0.5863735996736472,0.9017785029821984
2024-07-12,0.550186402496512,GARCH-t,0.1,0.659649525619243,1.008235581300989
2024-07-15,0.2822216423352684,GARCH-t,0.1,0.6515212015015146,0.9964265508993262
2024-07-16,0.6369049971453274,GARCH-t,0.1,0.6289603319014309,0.963649561308784
2024-07-17,-1.4025441523645543,GARCH-t,0.1,0.6315928691511867,0.9674741765634922
2024-07-18,-0.7847112145350073,GARCH-t,0.1,0.8018890878181456,1.2148847367723452
2024-07-19,-0.7165879226406084,GARCH-t,0.1,0.8272987076012775,1.2518004611169538
2024-07-22,1.0734217246220292,GARCH-t,0.1,0.8410396247896116,1.271763605606954
2024-07-23,-0.155931769394619,GARCH-t,0.1,0.8705918277570128,1.314697777303798
2024-07-24,-2.3421242222892857,GARCH-t,0.1,0.8356502878655381,1.2639338435724434
2024-07-25,-0.5155889019717259,GARCH-t,0.1,1.1767653887539826,1.759514302534707
2024-07-26,1.1029420409570925,GARCH-t,0.1,1.1396426776142152,1.705581509243958
2024-07-29,0.0812979571828451,GARCH-t,0.1,1.138707508914412,1.7042228730175095
2024-07-30,-0.4972514361367621,GARCH-t,0.1,1.082045455495544,1.6219028397913928
2024-07-31,1.5669980701917767,GARCH-t,0.1,1.0509358367087471,1.576706015856167
2024-08-01,-1.3788123791990166,GARCH-t,0.1,1.12474277287036,1.683934558955854
2024-08-02,-1.855290660855327,GARCH-t,0.1,1.1924431168906653,1.782291293894007
2024-08-05,-3.04270413923931,GARCH-t,0.1,1.3315801473521542,1.984433014489664
2024-08-06,1.0300849493599515,GARCH-t,0.1,1.6959253659851794,2.5137627633063557
2024-08-07,-0.7764715388769489,GARCH-t,0.1,1.718103436624406,2.5384440646266353
2024-08-08,2.278113959089888,GARCH-t,0.1,1.650830256727917,2.4408183701897235
2024-08-09,0.4660798434381699,GARCH-t,0.1,1.766018295403557,2.6079772927178095
2024-08-12,0.0043033051720097,GARCH-t,0.1,1.6665494323798646,2.463629770533195
2024-08-13,1.6707233419049987,GARCH-t,0.1,1.5681156787615549,2.3207843815118134
2024-08-14,0.381643656119841,GARCH-t,0.1,1.5950116426214165,2.359815346800049
2024-08-15,1.6004489931304131,GARCH-t,0.1,1.504834040049036,2.228951143750181
2024-08-16,0.1987802368396151,GARCH-t,0.1,1.5298673776842906,2.265279097542104
2024-08-19,0.9675327436177776,GARCH-t,0.1,1.440668155651225,2.1358347036899152
2024-08-20,-0.1986527237609709,GARCH-t,0.1,1.3972733177736916,2.07286085305152
2024-08-21,0.4230714721006796,GARCH-t,0.1,1.321575039132,1.9630087986154896
2024-08-22,-0.8972942256657219,GARCH-t,0.1,1.252246726003634,1.8624007297876088
2024-08-23,1.141793740166443,GARCH-t,0.1,1.2415786960711894,1.8469194661988928
2024-08-26,-0.3158710169605814,GARCH-t,0.1,1.237455732185314,1.840936291133938
2024-08-27,0.1593925112723203,GARCH-t,0.1,1.1786447795928157,1.7555908370291504
2024-08-28,-0.5993900794735212,GARCH-t,0.1,1.1135003651930016,1.6610543708734944
2024-08-29,-0.0039379843436586,GARCH-t,0.1,1.08587098852518,1.6209590893927412
2024-08-30,1.004245707914417,GARCH-t,0.1,1.027952581863535,1.5369088827617683
2024-09-03,-2.1377963372397697,GARCH-t,0.1,1.0321025272175703,1.5429312128743968
2024-09-04,-0.1603829027380963,GARCH-t,0.1,1.2971729032257815,1.9275968340368277
2024-09-05,-0.3022581014674196,GARCH-t,0.1,1.2259348078461094,1.804978584264033
2024-09-06,-1.7410944507424406,GARCH-t,0.1,1.1725493527542443,1.728244486033258
2024-09-09,1.1513534435818251,GARCH-t,0.1,1.2984710071715229,1.9092391892311624
2024-09-10,0.4462699977793541,GARCH-t,0.1,1.2896472358795878,1.8965562565500391
2024-09-11,1.060855564984334,GARCH-t,0.1,1.2296979827836856,1.8103876200177351
2024-09-12,0.746735215680267,GARCH-t,0.1,1.2182482637818135,1.793930256095435
2024-09-13,0.5393142234356035,GARCH-t,0.1,1.1800269868100968,1.7389925353884277
2024-09-16,0.1255840867310285,GARCH-t,0.1,1.1319236845684264,1.6698507904490003
2024-09-17,0.026451509389645,GARCH-t,0.1,1.0756665736887154,1.5889890901039343
2024-09-18,-0.2900658708313291,GARCH-t,0.1,1.0234057870529836,1.5138715449144602
2024-09-19,1.6834356892725129,GARCH-t,0.1,0.9842883111790122,1.457645664080662
2024-09-20,-0.1942913630015734,GARCH-t,0.1,1.0983853408519046,1.6216441289751478
2024-09-23,0.2805334425713122,GARCH-t,0.1,1.0496107787420286,1.5515375421967466
2024-09-24,0.2508031103345345,GARCH-t,0.1,1.0009276136796952,1.4815623258452173
2024-09-25,-0.1862983206212128,GARCH-t,0.1,0.9549508563162894,1.4154771906752504
2024-09-26,0.4030542158199222,GARCH-t,0.1,0.9162424258872846,1.3598392552528171
2024-09-27,-0.1254002900072123,GARCH-t,0.1,0.8813277496547428,1.3096543089764707
2024-09-30,0.4227603658441509,GARCH-t,0.1,0.8458607863055662,1.258675527491891
2024-10-01,-0.9367848694454448,GARCH-t,0.1,0.8174090451816829,1.217780143262614
2024-10-02,0.0138381326986477,GARCH-t,0.1,0.8655479652784628,1.2869730838692517
2024-10-03,-0.1682828654458689,GARCH-t,0.1,0.809641099661245,1.2144835850898343
2024-10-04,0.8930255699186382,GARCH-t,0.1,0.7796530203261011,1.1711480412275492
2024-10-07,-0.9632263829388772,GARCH-t,0.1,0.799346347531485,1.1996067176024348
2024-10-08,0.9642706804694384,GARCH-t,0.1,0.8560751235515537,1.281585037520723
2024-10-09,0.7088231016994585,GARCH-t,0.1,0.8749135148356026,1.308808252540968
2024-10-10,-0.2072268505982484,GARCH-t,0.1,0.8627572240252853,1.2912412897579988
2024-10-11,0.603360870729872,GARCH-t,0.1,0.8301156458728287,1.2440711950696657
2024-10-14,0.7678114574594324,GARCH-t,0.1,0.8132400776119951,1.2196844405731448
2024-10-15,-0.7638566037513421,GARCH-t,0.1,0.8137903826400168,1.2204796821560735
2024-10-16,0.4668232782779766,GARCH-t,0.1,0.8382688586404866,1.2558533404202452
2024-10-17,-0.0171175128538166,GARCH-t,0.1,0.8109803877964383,1.2164189801205822
2024-10-18,0.3963686942774387,GARCH-t,0.1,0.7759684013013062,1.165823426483794
2024-10-21,-0.1824432756419033,GARCH-t,0.1,0.7502618055894796,1.1286750218270694
2024-10-22,-0.0474966667195793,GARCH-t,0.1,0.7261182699568915,1.0937853833242626
2024-10-23,-0.9233824267679565,GARCH-t,0.1,0.6987898255033803,1.0542932574675976
2024-10-24,0.2143473130556828,GARCH-t,0.1,0.7664084934720398,1.1520084768691627
2024-10-25,-0.029949201318627,GARCH-t,0.1,0.734941851867667,1.1065362739913005
2024-10-28,0.2647934626732945,GARCH-t,0.1,0.7064203904669769,1.0653201284778535
2024-10-29,0.1612825944901219,GARCH-t,0.1,0.6812911885836571,1.02900611122225
2024-10-30,-0.3305691672488118,GARCH-t,0.1,0.6560700718080426,0.99255926845948
2024-10-31,-1.8790134928745348,GARCH-t,0.1,0.6496364078680209,0.9757569294942088
2024-11-01,0.4084158004525459,GARCH-t,0.1,0.9405026746164288,1.393393970963044
2024-11-04,-0.2816044813190291,GARCH-t,0.1,0.9031302953152612,1.3397332625609548
2024-11-05,1.2191031029563082,GARCH-t,0.1,0.8721078394726394,1.2951900199840596
2024-11-06,2.4981280957186653,GARCH-t,0.1,0.923642775321028,1.369185875126052
2024-11-07,0.7403754173995657,GARCH-t,0.1,1.23339745671838,1.8139436332740924
2024-11-08,0.3749794035718046,GARCH-t,0.1,1.1929223823018582,1.7558279551601756
2024-11-11,0.0968594190956923,GARCH-t,0.1,1.1366120635784636,1.6749754204929377
2024-11-12,-0.2896851476936499,GARCH-t,0.1,1.0795112666069722,1.5929878865678926
2024-11-13,0.0232200764140183,GARCH-t,0.1,1.0355553441074303,1.5298742720777636
2024-11-14,-0.6068108582244001,GARCH-t,0.1,0.9853960749519874,1.4578536524077692
2024-11-15,-1.3291430866793768,GARCH-t,0.1,0.9716398120539742,1.438101877811772
2024-11-18,0.3910159746206537,GARCH-t,0.1,1.0577628411864053,1.5617606557487629
2024-11-19,0.3955750520596487,GARCH-t,0.1,1.011241665173205,1.494963750995935
2024-11-20,0.0021950621335444,GARCH-t,0.1,0.9681870694004788,1.4331442962988687
2024-11-21,0.5326251844288491,GARCH-t,0.1,0.9227829535820228,1.3679513098006082
2024-11-22,0.3461959591536465,GARCH-t,0.1,0.8933476179706578,1.3256869158686502
2024-11-25,0.3015927820124541,GARCH-t,0.1,0.8569484640794613,1.2734236021711662
2024-11-26,0.5705697155263866,GARCH-t,0.1,0.8217039716565746,1.2228181960918936
2024-11-27,-0.3808481083577711,GARCH-t,0.1,0.8034313006323631,1.1965815879365522
2024-11-29,0.5592120396801623,GARCH-t,0.1,0.7962700766327984,1.197313299149525
2024-12-02,0.2445463880581373,GARCH-t,0.1,0.7807578835577678,1.174843687637983
2024-12-03,0.0451347242022181,GARCH-t,0.1,0.7516868023210022,1.1327338519460814
2024-12-04,0.603318162813612,GARCH-t,0.1,0.7232274093059008,1.0915100545235914
2024-12-05,-0.1871525839382334,GARCH-t,0.1,0.7178309534000559,1.083693218621859
2024-12-06,0.2492345367538312,GARCH-t,0.1,0.6984656348952824,1.0556423052858237
2024-12-09,-0.6163167285227462,GARCH-t,0.1,0.6756671707816038,1.0226184363063453
2024-12-10,-0.2968284314279252,GARCH-t,0.1,0.6967560216133435,1.0531659084221223
2024-12-11,0.8132626411368236,GARCH-t,0.1,0.6855172746007163,1.0368864385864405
2024-12-12,-0.5428731461463251,GARCH-t,0.1,0.7054989463107243,1.0658301474806875
2024-12-13,-0.0026466989371873,GARCH-t,0.1,0.7147156977112215,1.0791807306229892
2024-12-16,0.3792155008784429,GARCH-t,0.1,0.6895866782024013,1.0427810221292866
2024-12-17,-0.3871479480655496,GARCH-t,0.1,0.6723727561121455,1.0178464342159506
2024-12-18,-2.993650530451818,GARCH-t,0.1,0.6703190260107315,1.0148715797060095
2024-12-19,-0.0865486750536793,GARCH-t,0.1,1.256415628846647,1.8638400595501428
2024-12-20,1.08104794023973,GARCH-t,0.1,1.1965879344754684,1.7771788734980225
2024-12-23,0.7260849585616372,GARCH-t,0.1,1.189871167500926,1.7674495500038188
2024-12-24,1.0982233165126825,GARCH-t,0.1,1.1536212936365011,1.7149411407069337
2024-12-26,-0.0405741088257819,GARCH-t,0.1,1.1530344225755051,1.7140910504144669
2024-12-27,-1.1117304964912211,GARCH-t,0.1,1.0988659277588833,1.6356272878241436
2024-12-30,-1.0759673941729728,GARCH-t,0.1,1.1199926440084065,1.6830983728591618
2023-01-04,0.7510694562138917,HS,0.01,4.126346282865613,6.495266071230259
2023-01-05,-1.1713869136457158,HS,0.01,4.126346282865613,6.495266071230259
2023-01-06,2.258383558903089,HS,0.01,4.126346282865613,6.495266071230259
2023-01-09,-0.0767927325990578,HS,0.01,4.126346282865613,6.495266071230259
2023-01-10,0.6953997970593733,HS,0.01,4.126346282865613,6.495266071230259
2023-01-11,1.2767571192293676,HS,0.01,4.126346282865613,6.495266071230259
2023-01-12,0.341008491204273,HS,0.01,4.126346282865613,6.495266071230259
2023-01-13,0.3988892144656051,HS,0.01,4.126346282865613,6.495266071230259
2023-01-17,-0.2032555430996314,HS,0.01,4.126346282865613,6.495266071230259
2023-01-18,-1.5684966977744674,HS,0.01,4.126346282865613,6.495266071230259
2023-01-19,-0.7667671901812427,HS,0.01,4.126346282865613,6.495266071230259
2023-01-20,1.874167355235196,HS,0.01,4.126346282865613,6.495266071230259
2023-01-23,1.1811315951328556,HS,0.01,4.126346282865613,6.495266071230259
2023-01-24,-0.0711756364291819,HS,0.01,4.126346282865613,6.495266071230259
2023-01-25,-0.0181741573465663,HS,0.01,4.126346282865613,6.495266071230259
2023-01-26,1.0947708029114305,HS,0.01,4.126346282865613,6.495266071230259
2023-01-27,0.2491734021703855,HS,0.01,4.126346282865613,6.495266071230259
2023-01-30,-1.3053569315292664,HS,0.01,4.126346282865613,6.495266071230259
2023-01-31,1.4536304416419528,HS,0.01,4.126346282865613,6.495266071230259
2023-02-01,1.039805629688473,HS,0.01,4.126346282865613,6.495266071230259
2023-02-02,1.459238462685438,HS,0.01,4.126346282865613,6.495266071230259
2023-02-03,-1.0408592637285454,HS,0.01,4.126346282865613,6.495266071230259
2023-02-06,-0.6159393193939262,HS,0.01,4.126346282865613,6.495266071230259
2023-02-07,1.2790364037397075,HS,0.01,4.126346282865613,6.495266071230259
2023-02-08,-1.1142573012411352,HS,0.01,4.126346282865613,6.495266071230259
2023-02-09,-0.8869009831037385,HS,0.01,4.126346282865613,6.495266071230259
2023-02-10,0.2192855709217127,HS,0.01,4.126346282865613,6.495266071230259
2023-02-13,1.1383569951155146,HS,0.01,4.126346282865613,6.495266071230259
2023-02-14,-0.0280453855493762,HS,0.01,4.126346282865613,6.495266071230259
2023-02-15,0.2769337533076689,HS,0.01,4.126346282865613,6.495266071230259
2023-02-16,-1.3884689204881606,HS,0.01,4.126346282865613,6.495266071230259
2023-02-17,-0.2771242172282734,HS,0.01,4.126346282865613,6.495266071230259
2023-02-21,-2.0244783973471696,HS,0.01,4.126346282865613,6.495266071230259
2023-02-22,-0.1574795485643383,HS,0.01,4.126346282865613,6.495266071230259
2023-02-23,0.5315278263237728,HS,0.01,4.126346282865613,6.495266071230259
2023-02-24,-1.0593464619774184,HS,0.01,4.126346282865613,6.495266071230259
2023-02-27,0.3068292539552277,HS,0.01,4.126346282865613,6.495266071230259
2023-02-28,-0.3040619830947711,HS,0.01,4.126346282865613,6.495266071230259
2023-03-01,-0.4736464203492832,HS,0.01,4.126346282865613,6.495266071230259
2023-03-02,0.7553593731195973,HS,0.01,4.126346282865613,6.495266071230259
2023-03-03,1.601874917648306,HS,0.01,4.126346282865613,6.495266071230259
2023-03-06,0.0686930778848301,HS,0.01,4.126346282865613,6.495266071230259
2023-03-07,-1.5445590479262548,HS,0.01,4.126346282865613,6.495266071230259
2023-03-08,0.1413794135603272,HS,0.01,4.126346282865613,6.495266071230259
2023-03-09,-1.8631857945482353,HS,0.01,4.126346282865613,6.495266071230259
2023-03-10,-1.458396943606664,HS,0.01,4.126346282865613,6.495266071230259
2023-03-13,-0.1510901840738767,HS,0.01,4.126346282865613,6.495266071230259
2023-03-14,1.6342388235363663,HS,0.01,4.126346282865613,6.495266071230259
2023-03-15,-0.7005363929353597,HS,0.01,4.126346282865613,6.495266071230259
2023-03-16,1.7409576249031722,HS,0.01,4.126346282865613,6.495266071230259
2023-03-17,-1.10806212739537,HS,0.01,4.126346282865613,6.495266071230259
2023-03-20,0.8878869635940854,HS,0.01,4.126346282865613,6.495266071230259
2023-03-21,1.2898647518559103,HS,0.01,4.126346282865613,6.495266071230259
2023-03-22,-1.6600248639842885,HS,0.01,4.126346282865613,6.495266071230259
2023-03-23,0.2980083869182423,HS,0.01,4.126346282865613,6.495266071230259
2023-03-24,0.5623963084303207,HS,0.01,4.126346282865613,6.495266071230259
2023-03-27,0.1645599563767083,HS,0.01,4.126346282865613,6.495266071230259
2023-03-28,-0.1575083288387886,HS,0.01,4.126346282865613,6.495266071230259
2023-03-29,1.41368707750468,HS,0.01,4.126346282865613,6.495266071230259
2023-03-30,0.5698999199482653,HS,0.01,4.126346282865613,6.495266071230259
2023-03-31,1.4333327782036556,HS,0.01,4.126346282865613,6.495266071230259
2023-04-03,0.3692022565802823,HS,0.01,4.126346282865613,6.495266071230259
2023-04-04,-0.5813839745162529,HS,0.01,4.126346282865613,6.495266071230259
2023-04-05,-0.2495481657121423,HS,0.01,4.126346282865613,6.495266071230259
2023-04-06,0.3572773132803247,HS,0.01,4.126346282865613,6.495266071230259
2023-04-10,0.0995807017010084,HS,0.01,4.126346282865613,6.495266071230259
2023-04-11,-0.004135333298352,HS,0.01,4.126346282865613,6.495266071230259
2023-04-12,-0.4143456323461385,HS,0.01,4.126346282865613,6.495266071230259
2023-04-13,1.3175510497831548,HS,0.01,4.126346282865613,6.495266071230259
2023-04-14,-0.2071517584577988,HS,0.01,4.126346282865613,6.495266071230259
2023-04-17,0.3300703582614753,HS,0.01,4.126346282865613,6.495266071230259
2023-04-18,0.0854854803465975,HS,0.01,4.126346282865613,6.495266071230259
2023-04-19,-0.0084265547939628,HS,0.01,4.126346282865613,6.495266071230259
2023-04-20,-0.5970335188311131,HS,0.01,4.126346282865613,6.495266071230259
2023-04-21,0.0902781257300886,HS,0.01,4.126346282865613,6.495266071230259
2023-04-24,0.0851216778272312,HS,0.01,4.126346282865613,6.495266071230259
2023-04-25,-1.593718381857645,HS,0.01,4.126346282865613,6.495266071230259
2023-04-26,-0.3848583503344875,HS,0.01,4.126346282865613,6.495266071230259
2023-04-27,1.9377193402696355,HS,0.01,4.126346282865613,6.495266071230259
2023-04-28,0.8219331313243468,HS,0.01,4.126346282865613,6.495266071230259
2023-05-01,-0.0386181048510787,HS,0.01,4.126346282865613,6.495266071230259
2023-05-02,-1.1653906680571788,HS,0.01,4.126346282865613,6.495266071230259
2023-05-03,-0.7022908054892971,HS,0.01,4.126346282865613,6.495266071230259
2023-05-04,-0.7244913455062743,HS,0.01,4.126346282865613,6.495266071230259
2023-05-05,1.83061663818798,HS,0.01,4.126346282865613,6.495266071230259
2023-05-08,0.0452026484882065,HS,0.01,4.126346282865613,6.495266071230259
2023-05-09,-0.4589938949059595,HS,0.01,4.126346282865613,6.495266071230259
2023-05-10,0.4473942241914432,HS,0.01,4.126346282865613,6.495266071230259
2023-05-11,-0.1698064889706758,HS,0.01,4.126346282865613,6.495266071230259
2023-05-12,-0.1584561589439047,HS,0.01,4.126346282865613,6.495266071230259
2023-05-15,0.2953797680316934,HS,0.01,4.126346282865613,6.495266071230259
2023-05-16,-0.6398107681917463,HS,0.01,4.126346282865613,6.495266071230259
2023-05-17,1.1820688622071571,HS,0.01,4.126346282865613,6.495266071230259
2023-05-18,0.9400723063727155,HS,0.01,4.126346282865613,6.495266071230259
2023-05-19,-0.1446913880675441,HS,0.01,4.126346282865613,6.495266071230259
2023-05-22,0.0155022679802391,HS,0.01,4.126346282865613,6.495266071230259
2023-05-23,-1.1285468768284297,HS,0.01,4.126346282865613,6.495266071230259
2023-05-24,-0.734551267830521,HS,0.01,4.126346282865613,6.495266071230259
2023-05-25,0.8719456079011882,HS,0.01,4.126346282865613,6.495266071230259
2023-05-26,1.2964680931640788,HS,0.01,4.126346282865613,6.495266071230259
2023-05-30,0.0016603130665768,HS,0.01,4.126346282865613,6.495266071230259
2023-05-31,-0.6127358186214099,HS,0.01,4.126346282865613,6.495266071230259
2023-06-01,0.9806215085853812,HS,0.01,4.126346282865613,6.495266071230259
2023-06-02,1.4429812390107408,HS,0.01,4.126346282865613,6.495266071230259
2023-06-05,-0.2005591490657713,HS,0.01,4.126346282865613,6.495266071230259
2023-06-06,0.2351130233850576,HS,0.01,4.126346282865613,6.495266071230259
2023-06-07,-0.3819293926420617,HS,0.01,4.126346282865613,6.495266071230259
2023-06-08,0.616957160752325,HS,0.01,4.126346282865613,6.495266071230259
2023-06-09,0.1147401023050523,HS,0.01,4.126346282865613,6.495266071230259
2023-06-12,0.927797498175416,HS,0.01,4.126346282865613,6.495266071230259
2023-06-13,0.6908570725908897,HS,0.01,4.126346282865613,6.495266071230259
2023-06-14,0.0819089980126584,HS,0.01,4.126346282865613,6.495266071230259
2023-06-15,1.2104580493589998,HS,0.01,4.126346282865613,6.495266071230259
2023-06-16,-0.3678376467751089,HS,0.01,4.126346282865613,6.495266071230259
2023-06-20,-0.4746353835236048,HS,0.01,4.126346282865613,6.495266071230259
2023-06-21,-0.5259086366925201,HS,0.01,4.126346282865613,6.495266071230259
2023-06-22,0.3703930387334525,HS,0.01,4.126346282865613,6.495266071230259
2023-06-23,-0.7688288056502157,HS,0.01,4.126346282865613,6.495266071230259
2023-06-26,-0.4496934363132171,HS,0.01,4.126346282865613,6.495266071230259
2023-06-27,1.139073352418076,HS,0.01,4.126346282865613,6.495266071230259
2023-06-28,-0.0354139388389821,HS,0.01,4.126346282865613,6.495266071230259
2023-06-29,0.446356811449,HS,0.01,4.126346282865613,6.495266071230259
2023-06-30,1.21943502618858,HS,0.01,4.126346282865613,6.495266071230259
2023-07-03,0.1169993092673641,HS,0.01,4.126346282865613,6.495266071230259
2023-07-05,-0.1970258097612716,HS,0.01,4.126346282865613,6.495266071230259
2023-07-06,-0.7954061175894762,HS,0.01,4.126346282865613,6.495266071230259
2023-07-07,-0.2869212795733482,HS,0.01,4.126346282865613,6.495266071230259
2023-07-10,0.2402138610626312,HS,0.01,4.126346282865613,6.495266071230259
2023-07-11,0.6719583998254874,HS,0.01,4.126346282865613,6.495266071230259
2023-07-12,0.7383905235389678,HS,0.01,4.126346282865613,6.495266071230259
2023-07-13,0.8434482989627111,HS,0.01,4.126346282865613,6.495266071230259
2023-07-14,-0.1024932196907483,HS,0.01,4.126346282865613,6.495266071230259
2023-07-17,0.3847969574420413,HS,0.01,4.126346282865613,6.495266071230259
2023-07-18,0.7092066941428338,HS,0.01,4.126346282865613,6.495266071230259
2023-07-19,0.2355134827233639,HS,0.01,4.126346282865613,6.495266071230259
2023-07-20,-0.6779827396257692,HS,0.01,4.126346282865613,6.495266071230259
2023-07-21,0.0324042014613091,HS,0.01,4.126346282865613,6.495266071230259
2023-07-24,0.4026038496874852,HS,0.01,4.126346282865613,6.495266071230259
2023-07-25,0.2810719575838704,HS,0.01,4.126346282865613,6.495266071230259
2023-07-26,-0.0155450978675918,HS,0.01,4.126346282865613,6.495266071230259
2023-07-27,-0.6445393055197076,HS,0.01,4.126346282865613,6.495266071230259
2023-07-28,0.9829375810433848,HS,0.01,4.126346282865613,6.495266071230259
2023-07-31,0.1467635436568791,HS,0.01,4.126346282865613,6.495266071230259
2023-08-01,-0.2668645307682711,HS,0.01,4.126346282865613,6.495266071230259
2023-08-02,-1.3936200638336185,HS,0.01,4.126346282865613,6.495266071230259
2023-08-03,-0.2551225450291527,HS,0.01,4.126346282865613,6.495266071230259
2023-08-04,-0.531416937393797,HS,0.01,4.126346282865613,6.495266071230259
2023-08-07,0.8983618964856572,HS,0.01,4.126346282865613,6.495266071230259
2023-08-08,-0.4227205100058866,HS,0.01,4.126346282865613,6.495266071230259
2023-08-09,-0.7063619102045117,HS,0.01,4.126346282865613,6.495266071230259
2023-08-10,0.0250682521080863,HS,0.01,4.126346282865613,6.495266071230259
2023-08-11,-0.1070264899229486,HS,0.01,4.126346282865613,6.495266071230259
2023-08-14,0.573400487941905,HS,0.01,4.126346282865613,6.495266071230259
2023-08-15,-1.1618139396096483,HS,0.01,4.126346282865613,6.495266071230259
2023-08-16,-0.7584081792624527,HS,0.01,4.126346282865613,6.495266071230259
2023-08-17,-0.7742811377529081,HS,0.01,4.126346282865613,6.495266071230259
2023-08-18,-0.0148717883957202,HS,0.01,4.126346282865613,6.495266071230259
2023-08-21,0.6855634859799785,HS,0.01,4.126346282865613,6.495266071230259
2023-08-22,-0.2781331046545683,HS,0.01,4.126346282865613,6.495266071230259
2023-08-23,1.098433071079136,HS,0.01,4.126346282865613,6.495266071230259
2023-08-24,-1.354935398400801,HS,0.01,4.126346282865613,6.495266071230259
2023-08-25,0.6695501060295156,HS,0.01,4.126346282865613,6.495266071230259
2023-08-28,0.6245078594196461,HS,0.01,4.126346282865613,6.495266071230259
2023-08-29,1.4404068712056506,HS,0.01,4.126346282865613,6.495266071230259
2023-08-30,0.3825854181192944,HS,0.01,4.126346282865613,6.495266071230259
2023-08-31,-0.1598212974339857,HS,0.01,4.126346282865613,6.495266071230259
2023-09-01,0.1797512765518541,HS,0.01,4.126346282865613,6.495266071230259
2023-09-05,-0.4202997821381205,HS,0.01,4.126346282865613,6.495266071230259
2023-09-06,-0.6996014491432261,HS,0.01,4.126346282865613,6.495266071230259
2023-09-07,-0.3216433115732967,HS,0.01,4.126346282865613,6.495266071230259
2023-09-08,0.1425606062257059,HS,0.01,4.126346282865613,6.495266071230259
2023-09-11,0.6700951498135518,HS,0.01,4.126346282865613,6.495266071230259
2023-09-12,-0.5712169023003997,HS,0.01,4.126346282865613,6.495266071230259
2023-09-13,0.1240862117534604,HS,0.01,4.126346282865613,6.495266071230259
2023-09-14,0.839458553366625,HS,0.01,4.126346282865613,6.495266071230259
2023-09-15,-1.2234145842493929,HS,0.01,4.126346282865613,6.495266071230259
2023-09-18,0.0721027694175518,HS,0.01,4.126346282865613,6.495266071230259
2023-09-19,-0.2153327361533126,HS,0.01,4.126346282865613,6.495266071230259
2023-09-20,-0.943920420629104,HS,0.01,4.126346282865613,6.495266071230259
2023-09-21,-1.6536918318488083,HS,0.01,4.126346282865613,6.495266071230259
2023-09-22,-0.2298237402760749,HS,0.01,4.126346282865613,6.495266071230259
2023-09-25,0.4014994203806617,HS,0.01,4.126346282865613,6.495266071230259
2023-09-26,-1.4844165482264944,HS,0.01,4.126346282865613,6.495266071230259
2023-09-27,0.0229287772294792,HS,0.01,4.126346282865613,6.495266071230259
2023-09-28,0.5875877143000698,HS,0.01,4.126346282865613,6.495266071230259
2023-09-29,-0.2713259648289315,HS,0.01,4.126346282865613,6.495266071230259
2023-10-02,0.0079364406152993,HS,0.01,4.126346282865613,6.495266071230259
2023-10-03,-1.3839395863449198,HS,0.01,4.126346282865613,6.495266071230259
2023-10-04,0.8077047607828945,HS,0.01,4.126346282865613,6.495266071230259
2023-10-05,-0.1304881146995122,HS,0.01,4.126346282865613,6.495266071230259
2023-10-06,1.1745642093961115,HS,0.01,4.126346282865613,6.495266071230259
2023-10-09,0.6284068119387409,HS,0.01,4.126346282865613,6.495266071230259
2023-10-10,0.5194476099985355,HS,0.01,4.126346282865613,6.495266071230259
2023-10-11,0.4283819500095073,HS,0.01,4.126346282865613,6.495266071230259
2023-10-12,-0.6266024940654918,HS,0.01,4.126346282865613,6.495266071230259
2023-10-13,-0.5031495660219892,HS,0.01,4.126346282865613,6.495266071230259
2023-10-16,1.0538642302589984,HS,0.01,4.126346282865613,6.495266071230259
2023-10-17,-0.0098249879443765,HS,0.01,4.126346282865613,6.495266071230259
2023-10-18,-1.3490408251151895,HS,0.01,4.126346282865613,6.495266071230259
2023-10-19,-0.8519032328057976,HS,0.01,4.126346282865613,6.495266071230259
2023-10-20,-1.2665149196155916,HS,0.01,4.126346282865613,6.495266071230259
2023-10-23,-0.1686992065434917,HS,0.01,4.126346282865613,6.495266071230259
2023-10-24,0.723952351962882,HS,0.01,4.126346282865613,6.495266071230259
2023-10-25,-1.4443434657238052,HS,0.01,4.126346282865613,6.495266071230259
2023-10-26,-1.1903081205584871,HS,0.01,4.126346282865613,6.495266071230259
2023-10-27,-0.481183857862075,HS,0.01,4.126346282865613,6.495266071230259
2023-10-30,1.1938474300285915,HS,0.01,4.126346282865613,6.495266071230259
2023-10-31,0.6454084821688244,HS,0.01,4.126346282865613,6.495266071230259
2023-11-01,1.0451194990191868,HS,0.01,4.126346282865613,6.495266071230259
2023-11-02,1.8682938934086477,HS,0.01,4.126346282865613,6.495266071230259
2023-11-03,0.934988354455146,HS,0.01,4.126346282865613,6.495266071230259
2023-11-06,0.1751457724100586,HS,0.01,4.126346282865613,6.495266071230259
2023-11-07,0.2836093401711954,HS,0.01,4.126346282865613,6.495266071230259
2023-11-08,0.1004411032419886,HS,0.01,4.126346282865613,6.495266071230259
2023-11-09,-0.8116690699068705,HS,0.01,4.126346282865613,6.495266071230259
2023-11-10,1.5495759270772258,HS,0.01,4.126346282865613,6.495266071230259
2023-11-13,-0.0836188441370084,HS,0.01,4.126346282865613,6.495266071230259
2023-11-14,1.889537047457725,HS,0.01,4.126346282865613,6.495266071230259
2023-11-15,0.1595738207847176,HS,0.01,4.126346282865613,6.495266071230259
2023-11-16,0.118971939671373,HS,0.01,4.126346282865613,6.495266071230259
2023-11-17,0.1281227937177987,HS,0.01,4.126346282865613,6.495266071230259
2023-11-20,0.7363103793795632,HS,0.01,4.126346282865613,6.495266071230259
2023-11-21,-0.2022975931757968,HS,0.01,4.126346282865613,6.495266071230259
2023-11-22,0.4052905094313324,HS,0.01,4.126346282865613,6.495266071230259
2023-11-24,0.0596695609645032,HS,0.01,4.126346282865613,6.495266071230259
2023-11-27,-0.1956069316898358,HS,0.01,4.126346282865613,6.495266071230259
2023-11-28,0.0979638528050291,HS,0.01,4.126346282865613,6.495266071230259
2023-11-29,-0.0946696615101938,HS,0.01,4.126346282865613,6.495266071230259
2023-11-30,0.3776931264994605,HS,0.01,4.126346282865613,6.495266071230259
2023-12-01,0.5856558953846637,HS,0.01,4.126346282865613,6.495266071230259
2023-12-04,-0.5423188063826943,HS,0.01,4.126346282865613,6.495266071230259
2023-12-05,-0.0569031593934802,HS,0.01,4.126346282865613,6.495266071230259
2023-12-06,-0.3913851944943747,HS,0.01,4.126346282865613,6.495266071230259
2023-12-07,0.7936610684821922,HS,0.01,4.126346282865613,6.495266071230259
2023-12-08,0.4087134146503793,HS,0.01,4.126346282865613,6.495266071230259
2023-12-11,0.3916813547781492,HS,0.01,4.126346282865613,6.495266071230259
2023-12-12,0.45888127956924,HS,0.01,4.126346282865613,6.495266071230259
2023-12-13,1.355834517501981,HS,0.01,4.126346282865613,6.495266071230259
2023-12-14,0.2643565185154432,HS,0.01,4.126346282865613,6.495266071230259
2023-12-15,-0.0076252400448594,HS,0.01,4.126346282865613,6.495266071230259
2023-12-18,0.4518122263400515,HS,0.01,4.126346282865613,6.495266071230259
2023-12-19,0.5849267450818904,HS,0.01,4.126346282865613,6.495266071230259
2023-12-20,-1.4793147965305629,HS,0.01,4.126346282865613,6.495266071230259
2023-12-21,1.0248769307271877,HS,0.01,4.126346282865613,6.495266071230259
2023-12-22,0.1658682152761075,HS,0.01,4.126346282865613,6.495266071230259
2023-12-26,0.4222761046978559,HS,0.01,4.126346282865613,6.495266071230259
2023-12-27,0.1429435616422998,HS,0.01,4.126346282865613,6.495266071230259
2023-12-28,0.0370106110327118,HS,0.01,4.126346282865613,6.495266071230259
2023-12-29,-0.2830477036733835,HS,0.01,4.126346282865613,6.495266071230259
2024-01-02,-0.5676660799723162,HS,0.01,4.126346282865613,6.495266071230259
2024-01-03,-0.8048618327197647,HS,0.01,4.126346282865613,6.495266071230259
2024-01-04,-0.3434271663317428,HS,0.01,4.126346282865613,6.495266071230259
2024-01-05,0.182402163943398,HS,0.01,4.126346282865613,6.495266071230259
2024-01-08,1.401594543635314,HS,0.01,4.126346282865613,6.495266071230259
2024-01-09,-0.1478993852317584,HS,0.01,4.126346282865613,6.495266071230259
2024-01-10,0.5649980650495912,HS,0.01,4.126346282865613,6.495266071230259
2024-01-11,-0.0671280836961164,HS,0.01,4.126346282865613,6.495266071230259
2024-01-12,0.0750693753033959,HS,0.01,4.126346282865613,6.495266071230259
2024-01-16,-0.3738319052356834,HS,0.01,4.126346282865613,6.495266071230259
2024-01-17,-0.5632731271107821,HS,0.01,4.126346282865613,6.495266071230259
2024-01-18,0.8766720726243148,HS,0.01,4.126346282865613,6.495266071230259
2024-01-19,1.2238308232548512,HS,0.01,4.126346282865613,6.495266071230259
2024-01-22,0.2191921187231685,HS,0.01,4.126346282865613,6.495266071230259
2024-01-23,0.2917115340764486,HS,0.01,4.126346282865613,6.495266071230259
2024-01-24,0.0811598976216865,HS,0.01,4.126346282865613,6.495266071230259
2024-01-25,0.524657813497798,HS,0.01,4.126346282865613,6.495266071230259
2024-01-26,-0.0651997755426364,HS,0.01,4.126346282865613,6.495266071230259
2024-01-29,0.7528365505246204,HS,0.01,4.126346282865613,6.495266071230259
2024-01-30,-0.0600830396978616,HS,0.01,4.126346282865613,6.495266071230259
2024-01-31,-1.6236851740733682,HS,0.01,4.126346282865613,6.495266071230259
2024-02-01,1.2416286114049784,HS,0.01,4.126346282865613,6.495266071230259
2024-02-02,1.062777072263312,HS,0.01,4.126346282865613,6.495266071230259
2024-02-05,-0.3191424709283971,HS,0.01,4.126346282865613,6.495266071230259
2024-02-06,0.2307745931748107,HS,0.01,4.126346282865613,6.495266071230259
2024-02-07,0.8207682594008627,HS,0.01,4.126346282865613,6.495266071230259
2024-02-08,0.0570420540090595,HS,0.01,4.126346282865613,6.495266071230259
2024-02-09,0.5725917128795516,HS,0.01,4.126346282865613,6.495266071230259
2024-02-12,-0.0949404142652441,HS,0.01,4.126346282865613,6.495266071230259
2024-02-13,-1.3768609419845443,HS,0.01,4.126346282865613,6.495266071230259
2024-02-14,0.9534168304216808,HS,0.01,4.126346282865613,6.495266071230259
2024-02-15,0.580437267404004,HS,0.01,4.126346282865613,6.495266071230259
2024-02-16,-0.4815043575961042,HS,0.01,4.126346282865613,6.495266071230259
2024-02-20,-0.602342646581725,HS,0.01,3.955687076305203,6.455922800620137
2024-02-21,0.1263401495103598,HS,0.01,3.955687076305203,6.455922800620137
2024-02-22,2.090288866640342,HS,0.01,3.955687076305203,6.455922800620137
2024-02-23,0.0347887026502183,HS,0.01,3.955687076305203,6.455922800620137
2024-02-26,-0.3793939244668484,HS,0.01,3.955687076305203,6.455922800620137
2024-02-27,0.1704895538720964,HS,0.01,3.955687076305203,6.455922800620137
2024-02-28,-0.1659531321112244,HS,0.01,3.955687076305203,6.455922800620137
2024-02-29,0.5215470455799964,HS,0.01,3.69849675067476,6.061217991116822
2024-03-01,0.7975936433387976,HS,0.01,3.69849675067476,6.061217991116822
2024-03-04,-0.1193974574963011,HS,0.01,3.6307262386305017,5.929780660877708
2024-03-05,-1.0245406275917994,HS,0.01,3.5929293463132934,5.293338912493963
2024-03-06,0.5127932853001643,HS,0.01,3.5929293463132934,5.293338912493963
2024-03-07,1.0251402284983626,HS,0.01,3.5759273621849226,4.376072358851568
2024-03-08,-0.6549922992050338,HS,0.01,3.5759273621849226,4.376072358851568
2024-03-11,-0.11228682680281,HS,0.01,3.428346649529098,4.201425576952618
2024-03-12,1.1139512586668012,HS,0.01,3.428346649529098,4.201425576952618
2024-03-13,-0.1926384002121972,HS,0.01,3.4267852849380427,4.100835099589345
2024-03-14,-0.2875221051495188,HS,0.01,3.4267852849380427,4.100835099589345
2024-03-15,-0.6504022859737666,HS,0.01,3.4267852849380427,4.100835099589345
2024-03-18,0.6298184238480455,HS,0.01,3.4267852849380427,4.100835099589345
2024-03-19,0.563325304434312,HS,0.01,3.4267852849380427,4.100835099589345
2024-03-20,0.8864765516360184,HS,0.01,3.3064370805872656,4.100835099589345
2024-03-21,0.3231309094528888,HS,0.01,3.3064370805872656,4.100835099589345
2024-03-22,-0.1403171834326712,HS,0.01,3.3064370805872656,4.100835099589345
2024-03-25,-0.3059640382031929,HS,0.01,3.256642641534655,3.979893543399882
2024-03-26,-0.2803721982805726,HS,0.01,3.256642641534655,3.979893543399882
2024-03-27,0.8593595582706042,HS,0.01,3.256642641534655,3.979893543399882
2024-03-28,0.1115862700761605,HS,0.01,3.256642641534655,3.979893543399882
2024-04-01,-0.2015614526957724,HS,0.01,3.256642641534655,3.979893543399882
2024-04-02,-0.7265388203672426,HS,0.01,3.256642641534655,3.979893543399882
2024-04-03,0.1090527523337897,HS,0.01,3.256642641534655,3.979893543399882
2024-04-04,-1.241103561926225,HS,0.01,3.256642641534655,3.979893543399882
2024-04-05,1.1038050135699558,HS,0.01,3.256642641534655,3.979893543399882
2024-04-08,-0.0374701190041576,HS,0.01,3.256642641534655,3.979893543399882
2024-04-09,0.144444947363452,HS,0.01,3.256642641534655,3.979893543399882
2024-04-10,-0.9501981832212592,HS,0.01,3.256642641534655,3.979893543399882
2024-04-11,0.7417221983342437,HS,0.01,3.256642641534655,3.979893543399882
2024-04-12,-1.4657587802248535,HS,0.01,3.256642641534655,3.979893543399882
2024-04-15,-1.2094195787459194,HS,0.01,3.256642641534655,3.979893543399882
2024-04-16,-0.2058624527503996,HS,0.01,3.256642641534655,3.979893543399882
2024-04-17,-0.5797375076004185,HS,0.01,3.256642641534655,3.979893543399882
2024-04-18,-0.2210601700485304,HS,0.01,3.256642641534655,3.979893543399882
2024-04-19,-0.8797129654056974,HS,0.01,3.256642641534655,3.979893543399882
2024-04-22,0.869335115683908,HS,0.01,3.256642641534655,3.979893543399882
2024-04-23,1.189356656772209,HS,0.01,3.256642641534655,3.979893543399882
2024-04-24,0.02129873779329,HS,0.01,3.256642641534655,3.979893543399882
2024-04-25,-0.4586934270119409,HS,0.01,3.256642641534655,3.979893543399882
2024-04-26,1.0157381332325344,HS,0.01,3.256642641534655,3.979893543399882
2024-04-29,0.3173408076639394,HS,0.01,3.256642641534655,3.979893543399882
2024-04-30,-1.5855551118928124,HS,0.01,3.256642641534655,3.979893543399882
2024-05-01,-0.3441353485631687,HS,0.01,3.256642641534655,3.979893543399882
2024-05-02,0.9087024725084856,HS,0.01,3.256642641534655,3.979893543399882
2024-05-03,1.2478557659508005,HS,0.01,3.256642641534655,3.979893543399882
2024-05-06,1.027317369124784,HS,0.01,3.256642641534655,3.979893543399882
2024-05-07,0.1342528228825613,HS,0.01,3.256642641534655,3.979893543399882
2024-05-08,-0.0005835635193424,HS,0.01,3.256642641534655,3.979893543399882
2024-05-09,0.5078032639106711,HS,0.01,3.256642641534655,3.979893543399882
2024-05-10,0.1648040080166728,HS,0.01,3.256642641534655,3.979893543399882
2024-05-13,-0.0241333173865208,HS,0.01,3.256642641534655,3.979893543399882
2024-05-14,0.4826148527454041,HS,0.01,3.256642641534655,3.979893543399882
2024-05-15,1.164782778729962,HS,0.01,3.256642641534655,3.979893543399882
2024-05-16,-0.2083837474088046,HS,0.01,3.256642641534655,3.979893543399882
2024-05-17,0.1164095687893751,HS,0.01,3.256642641534655,3.979893543399882
2024-05-20,0.0915970308491166,HS,0.01,3.256642641534655,3.979893543399882
2024-05-21,0.2498749766892608,HS,0.01,3.256642641534655,3.979893543399882
2024-05-22,-0.2709791209352147,HS,0.01,3.256642641534655,3.979893543399882
2024-05-23,-0.7408162283471933,HS,0.01,3.256642641534655,3.979893543399882
2024-05-24,0.6976649076673259,HS,0.01,3.256642641534655,3.979893543399882
2024-05-28,0.0248770906885915,HS,0.01,3.256642641534655,3.979893543399882
2024-05-29,-0.7394317215742535,HS,0.01,3.256642641534655,3.979893543399882
2024-05-30,-0.5992957535754186,HS,0.01,3.256642641534655,3.979893543399882
2024-05-31,0.7995824231928896,HS,0.01,3.256642641534655,3.979893543399882
2024-06-03,0.1115460223535239,HS,0.01,3.256642641534655,3.979893543399882
2024-06-04,0.1501681003782753,HS,0.01,2.998857614166837,3.6979818088330343
2024-06-05,1.1778015849957282,HS,0.01,2.998857614166837,3.6979818088330343
2024-06-06,-0.0199836601636851,HS,0.01,2.998857614166837,3.6979818088330343
2024-06-07,-0.1115842050279066,HS,0.01,2.998857614166837,3.6979818088330343
2024-06-10,0.2577529978240972,HS,0.01,2.998857614166837,3.6979818088330343
2024-06-11,0.2706714855209522,HS,0.01,2.998857614166837,3.6979818088330343
2024-06-12,0.8467720241887338,HS,0.01,2.998857614166837,3.6979818088330343
2024-06-13,0.234191143711672,HS,0.01,2.998857614166837,3.6979818088330343
2024-06-14,-0.0393938280997494,HS,0.01,2.998857614166837,3.6979818088330343
2024-06-17,0.7635164372320518,HS,0.01,2.998857614166837,3.6979818088330343
2024-06-18,0.2518154181517116,HS,0.01,2.998857614166837,3.6979818088330343
2024-06-20,-0.252912739541154,HS,0.01,2.998857614166837,3.6979818088330343
2024-06-21,-0.1563351718825249,HS,0.01,2.998857614166837,3.6979818088330343
2024-06-24,-0.3069879155866442,HS,0.01,2.998857614166837,3.6979818088330343
2024-06-25,0.3925873679181343,HS,0.01,2.998857614166837,3.6979818088330343
2024-06-26,0.1571196224720452,HS,0.01,2.998857614166837,3.6979818088330343
2024-06-27,0.0906909856799073,HS,0.01,2.998857614166837,3.6979818088330343
2024-06-28,-0.4092013462369599,HS,0.01,2.998857614166837,3.6979818088330343
2024-07-01,0.2671990981429523,HS,0.01,2.998857614166837,3.6979818088330343
2024-07-02,0.6176205771185049,HS,0.01,2.998857614166837,3.6979818088330343
2024-07-03,0.5071562269533664,HS,0.01,2.998857614166837,3.6979818088330343
2024-07-05,0.543397436096954,HS,0.01,2.998857614166837,3.6979818088330343
2024-07-08,0.1016182476404432,HS,0.01,2.998857614166837,3.6979818088330343
2024-07-09,0.0740797478065475,HS,0.01,2.998857614166837,3.6979818088330343
2024-07-10,1.0156314878105883,HS,0.01,2.998857614166837,3.6979818088330343
2024-07-11,-0.8801649969266724,HS,0.01,2.998857614166837,3.6979818088330343
2024-07-12,0.550186402496512,HS,0.01,2.998857614166837,3.6979818088330343
2024-07-15,0.2822216423352684,HS,0.01,2.998857614166837,3.6979818088330343
2024-07-16,0.6369049971453274,HS,0.01,2.998857614166837,3.6979818088330343
2024-07-17,-1.4025441523645543,HS,0.01,2.998857614166837,3.6979818088330343
2024-07-18,-0.7847112145350073,HS,0.01,2.998857614166837,3.6979818088330343
2024-07-19,-0.7165879226406084,HS,0.01,2.998857614166837,3.6979818088330343
2024-07-22,1.0734217246220292,HS,0.01,2.998857614166837,3.6979818088330343
2024-07-23,-0.155931769394619,HS,0.01,2.998857614166837,3.6979818088330343
2024-07-24,-2.3421242222892857,HS,0.01,2.998857614166837,3.6979818088330343
2024-07-25,-0.5155889019717259,HS,0.01,2.998857614166837,3.6979818088330343
2024-07-26,1.1029420409570925,HS,0.01,2.998857614166837,3.6979818088330343
2024-07-29,0.0812979571828451,HS,0.01,2.998857614166837,3.6979818088330343
2024-07-30,-0.4972514361367621,HS,0.01,2.998857614166837,3.6979818088330343
2024-07-31,1.5669980701917767,HS,0.01,2.998857614166837,3.6979818088330343
2024-08-01,-1.3788123791990166,HS,0.01,2.998857614166837,3.6979818088330343
2024-08-02,-1.855290660855327,HS,0.01,2.998857614166837,3.6979818088330343
2024-08-05,-3.04270413923931,HS,0.01,2.998857614166837,3.6979818088330343
2024-08-06,1.0300849493599515,HS,0.01,3.044838617386521,3.6979818088330343
2024-08-07,-0.7764715388769489,HS,0.01,3.044838617386521,3.6979818088330343
2024-08-08,2.278113959089888,HS,0.01,3.044838617386521,3.6979818088330343
2024-08-09,0.4660798434381699,HS,0.01,3.044838617386521,3.6979818088330343
2024-08-12,0.0043033051720097,HS,0.01,3.044838617386521,3.6979818088330343
2024-08-13,1.6707233419049987,HS,0.01,3.044838617386521,3.6979818088330343
2024-08-14,0.381643656119841,HS,0.01,3.044838617386521,3.6979818088330343
2024-08-15,1.6004489931304131,HS,0.01,3.044838617386521,3.6979818088330343
2024-08-16,0.1987802368396151,HS,0.01,3.044838617386521,3.6979818088330343
2024-08-19,0.9675327436177776,HS,0.01,3.044838617386521,3.6979818088330343
2024-08-20,-0.1986527237609709,HS,0.01,3.044838617386521,3.6979818088330343
2024-08-21,0.4230714721006796,HS,0.01,3.044838617386521,3.6979818088330343
2024-08-22,-0.8972942256657219,HS,0.01,3.044838617386521,3.6979818088330343
2024-08-23,1.141793740166443,HS,0.01,3.044838617386521,3.6979818088330343
2024-08-26,-0.3158710169605814,HS,0.01,3.044838617386521,3.6979818088330343
2024-08-27,0.1593925112723203,HS,0.01,3.044838617386521,3.6979818088330343
2024-08-28,-0.5993900794735212,HS,0.01,2.996723136019626,3.644676281335113
2024-08-29,-0.0039379843436586,HS,0.01,2.996723136019626,3.644676281335113
2024-08-30,1.004245707914417,HS,0.01,2.996723136019626,3.644676281335113
2024-09-03,-2.1377963372397697,HS,0.01,2.996723136019626,3.644676281335113
2024-09-04,-0.1603829027380963,HS,0.01,2.996723136019626,3.644676281335113
2024-09-05,-0.3022581014674196,HS,0.01,2.996723136019626,3.644676281335113
2024-09-06,-1.7410944507424406,HS,0.01,2.996723136019626,3.644676281335113
2024-09-09,1.1513534435818251,HS,0.01,2.996723136019626,3.644676281335113
2024-09-10,0.4462699977793541,HS,0.01,2.996723136019626,3.644676281335113
2024-09-11,1.060855564984334,HS,0.01,2.996723136019626,3.644676281335113
2024-09-12,0.746735215680267,HS,0.01,2.996723136019626,3.644676281335113
2024-09-13,0.5393142234356035,HS,0.01,2.996723136019626,3.644676281335113
2024-09-16,0.1255840867310285,HS,0.01,2.996723136019626,3.644676281335113
2024-09-17,0.026451509389645,HS,0.01,2.996723136019626,3.644676281335113
2024-09-18,-0.2900658708313291,HS,0.01,2.996723136019626,3.644676281335113
2024-09-19,1.6834356892725129,HS,0.01,2.996723136019626,3.644676281335113
2024-09-20,-0.1942913630015734,HS,0.01,2.996723136019626,3.644676281335113
2024-09-23,0.2805334425713122,HS,0.01,2.996723136019626,3.644676281335113
2024-09-24,0.2508031103345345,HS,0.01,2.996723136019626,3.644676281335113
2024-09-25,-0.1862983206212128,HS,0.01,2.996723136019626,3.644676281335113
2024-09-26,0.4030542158199222,HS,0.01,2.996723136019626,3.644676281335113
2024-09-27,-0.1254002900072123,HS,0.01,2.996723136019626,3.644676281335113
2024-09-30,0.4227603658441509,HS,0.01,2.996723136019626,3.644676281335113
2024-10-01,-0.9367848694454448,HS,0.01,2.996723136019626,3.644676281335113
2024-10-02,0.0138381326986477,HS,0.01,2.996723136019626,3.644676281335113
2024-10-03,-0.1682828654458689,HS,0.01,2.996723136019626,3.644676281335113
2024-10-04,0.8930255699186382,HS,0.01,2.996723136019626,3.644676281335113
2024-10-07,-0.9632263829388772,HS,0.01,2.996723136019626,3.644676281335113
2024-10-08,0.9642706804694384,HS,0.01,2.996723136019626,3.644676281335113
2024-10-09,0.7088231016994585,HS,0.01,2.996723136019626,3.644676281335113
2024-10-10,-0.2072268505982484,HS,0.01,2.996723136019626,3.644676281335113
2024-10-11,0.603360870729872,HS,0.01,2.996723136019626,3.644676281335113
2024-10-14,0.7678114574594324,HS,0.01,2.996723136019626,3.644676281335113
2024-10-15,-0.7638566037513421,HS,0.01,2.996723136019626,3.644676281335113
2024-10-16,0.4668232782779766,HS,0.01,2.996723136019626,3.644676281335113
2024-10-17,-0.0171175128538166,HS,0.01,2.996723136019626,3.644676281335113
2024-10-18,0.3963686942774387,HS,0.01,2.996723136019626,3.644676281335113
2024-10-21,-0.1824432756419033,HS,0.01,2.996723136019626,3.644676281335113
2024-10-22,-0.0474966667195793,HS,0.01,2.9546616531439547,3.5850467283935004
2024-10-23,-0.9233824267679565,HS,0.01,2.9546616531439547,3.5850467283935004
2024-10-24,0.2143473130556828,HS,0.01,2.9546616531439547,3.5850467283935004
2024-10-25,-0.029949201318627,HS,0.01,2.9546616531439547,3.5850467283935004
2024-10-28,0.2647934626732945,HS,0.01,2.9546616531439547,3.5850467283935004
2024-10-29,0.1612825944901219,HS,0.01,2.9546616531439547,3.5850467283935004
2024-10-30,-0.3305691672488118,HS,0.01,2.9546616531439547,3.5850467283935004
2024-10-31,-1.8790134928745348,HS,0.01,2.9546616531439547,3.5850467283935004
2024-11-01,0.4084158004525459,HS,0.01,2.9546616531439547,3.5850467283935004
2024-11-04,-0.2816044813190291,HS,0.01,2.9546616531439547,3.5850467283935004
2024-11-05,1.2191031029563082,HS,0.01,2.9546616531439547,3.5850467283935004
2024-11-06,2.4981280957186653,HS,0.01,2.9546616531439547,3.5850467283935004
2024-11-07,0.7403754173995657,HS,0.01,2.9546616531439547,3.5850467283935004
2024-11-08,0.3749794035718046,HS,0.01,2.9546616531439547,3.5850467283935004
2024-11-11,0.0968594190956923,HS,0.01,2.9546616531439547,3.5850467283935004
2024-11-12,-0.2896851476936499,HS,0.01,2.9546616531439547,3.5850467283935004
2024-11-13,0.0232200764140183,HS,0.01,2.9546616531439547,3.5850467283935004
2024-11-14,-0.6068108582244001,HS,0.01,2.9546616531439547,3.5850467283935004
2024-11-15,-1.3291430866793768,HS,0.01,2.9546616531439547,3.5850467283935004
2024-11-18,0.3910159746206537,HS,0.01,2.9546616531439547,3.5850467283935004
2024-11-19,0.3955750520596487,HS,0.01,2.9546616531439547,3.5850467283935004
2024-11-20,0.0021950621335444,HS,0.01,2.9546616531439547,3.5850467283935004
2024-11-21,0.5326251844288491,HS,0.01,2.9546616531439547,3.5850467283935004
2024-11-22,0.3461959591536465,HS,0.01,2.9546616531439547,3.5850467283935004
2024-11-25,0.3015927820124541,HS,0.01,2.9546616531439547,3.5850467283935004
2024-11-26,0.5705697155263866,HS,0.01,2.9546616531439547,3.5850467283935004
2024-11-27,-0.3808481083577711,HS,0.01,2.9546616531439547,3.5850467283935004
2024-11-29,0.5592120396801623,HS,0.01,2.9546616531439547,3.5850467283935004
2024-12-02,0.2445463880581373,HS,0.01,2.9546616531439547,3.5850467283935004
2024-12-03,0.0451347242022181,HS,0.01,2.9546616531439547,3.5850467283935004
2024-12-04,0.603318162813612,HS,0.01,2.9546616531439547,3.5850467283935004
2024-12-05,-0.1871525839382334,HS,0.01,2.9546616531439547,3.5850467283935004
2024-12-06,0.2492345367538312,HS,0.01,2.9546616531439547,3.5850467283935004
2024-12-09,-0.6163167285227462,HS,0.01,2.9546616531439547,3.5850467283935004
2024-12-10,-0.2968284314279252,HS,0.01,2.9546616531439547,3.5850467283935004
2024-12-11,0.8132626411368236,HS,0.01,2.9546616531439547,3.5850467283935004
2024-12-12,-0.5428731461463251,HS,0.01,2.9546616531439547,3.5850467283935004
2024-12-13,-0.0026466989371873,HS,0.01,2.9546616531439547,3.5850467283935004
2024-12-16,0.3792155008784429,HS,0.01,2.9546616531439547,3.5850467283935004
2024-12-17,-0.3871479480655496,HS,0.01,2.9546616531439547,3.5850467283935004
2024-12-18,-2.993650530451818,HS,0.01,2.9546616531439547,3.5850467283935004
2024-12-19,-0.0865486750536793,HS,0.01,2.9936766119617166,3.5850467283935004
2024-12-20,1.08104794023973,HS,0.01,2.9936766119617166,3.5850467283935004
2024-12-23,0.7260849585616372,HS,0.01,2.9936766119617166,3.5850467283935004
2024-12-24,1.0982233165126825,HS,0.01,2.9936766119617166,3.5850467283935004
2024-12-26,-0.0405741088257819,HS,0.01,2.9936766119617166,3.5850467283935004
2024-12-27,-1.1117304964912211,HS,0.01,2.9936766119617166,3.5850467283935004
2024-12-30,-1.0759673941729728,HS,0.01,2.9936766119617166,3.5850467283935004
2023-01-04,0.7510694562138917,HS,0.05,2.1634887261084956,3.6515359253298048
2023-01-05,-1.1713869136457158,HS,0.05,2.1634887261084956,3.6515359253298048
2023-01-06,2.258383558903089,HS,0.05,2.1634887261084956,3.6515359253298048
2023-01-09,-0.0767927325990578,HS,0.05,2.1634887261084956,3.6515359253298048
2023-01-10,0.6953997970593733,HS,0.05,2.1634887261084956,3.6515359253298048
2023-01-11,1.2767571192293676,HS,0.05,2.1634887261084956,3.6515359253298048
2023-01-12,0.341008491204273,HS,0.05,2.1634887261084956,3.6515359253298048
2023-01-13,0.3988892144656051,HS,0.05,2.1634887261084956,3.6515359253298048
2023-01-17,-0.2032555430996314,HS,0.05,2.1634887261084956,3.6515359253298048
2023-01-18,-1.5684966977744674,HS,0.05,2.1634887261084956,3.6515359253298048
2023-01-19,-0.7667671901812427,HS,0.05,2.1634887261084956,3.6515359253298048
2023-01-20,1.874167355235196,HS,0.05,2.1634887261084956,3.6515359253298048
2023-01-23,1.1811315951328556,HS,0.05,2.1634887261084956,3.6515359253298048
2023-01-24,-0.0711756364291819,HS,0.05,2.1634887261084956,3.6515359253298048
2023-01-25,-0.0181741573465663,HS,0.05,2.1634887261084956,3.6515359253298048
2023-01-26,1.0947708029114305,HS,0.05,2.1634887261084956,3.6515359253298048
2023-01-27,0.2491734021703855,HS,0.05,2.1634887261084956,3.6515359253298048
2023-01-30,-1.3053569315292664,HS,0.05,2.1634887261084956,3.6515359253298048
2023-01-31,1.4536304416419528,HS,0.05,2.1634887261084956,3.6515359253298048
2023-02-01,1.039805629688473,HS,0.05,2.1634887261084956,3.6515359253298048
2023-02-02,1.459238462685438,HS,0.05,2.1634887261084956,3.6515359253298048
2023-02-03,-1.0408592637285454,HS,0.05,2.1634887261084956,3.6515359253298048
2023-02-06,-0.6159393193939262,HS,0.05,2.1634887261084956,3.6515359253298048
2023-02-07,1.2790364037397075,HS,0.05,2.1634887261084956,3.6515359253298048
2023-02-08,-1.1142573012411352,HS,0.05,2.1634887261084956,3.6515359253298048
2023-02-09,-0.8869009831037385,HS,0.05,2.1634887261084956,3.6515359253298048
2023-02-10,0.2192855709217127,HS,0.05,2.1634887261084956,3.6515359253298048
2023-02-13,1.1383569951155146,HS,0.05,2.1634887261084956,3.6515359253298048
2023-02-14,-0.0280453855493762,HS,0.05,2.1634887261084956,3.6515359253298048
2023-02-15,0.2769337533076689,HS,0.05,2.1634887261084956,3.6515359253298048
2023-02-16,-1.3884689204881606,HS,0.05,2.1634887261084956,3.6515359253298048
2023-02-17,-0.2771242172282734,HS,0.05,2.1634887261084956,3.6515359253298048
2023-02-21,-2.0244783973471696,HS,0.05,2.1634887261084956,3.6515359253298048
2023-02-22,-0.1574795485643383,HS,0.05,2.1634887261084956,3.6515359253298048
2023-02-23,0.5315278263237728,HS,0.05,2.1634887261084956,3.6515359253298048
2023-02-24,-1.0593464619774184,HS,0.05,2.1634887261084956,3.6515359253298048
2023-02-27,0.3068292539552277,HS,0.05,2.1634887261084956,3.6515359253298048
2023-02-28,-0.3040619830947711,HS,0.05,2.1634887261084956,3.6515359253298048
2023-03-01,-0.4736464203492832,HS,0.05,2.1634887261084956,3.6515359253298048
2023-03-02,0.7553593731195973,HS,0.05,2.1634887261084956,3.6515359253298048
2023-03-03,1.601874917648306,HS,0.05,2.1634887261084956,3.6515359253298048
2023-03-06,0.0686930778848301,HS,0.05,2.1634887261084956,3.6515359253298048
2023-03-07,-1.5445590479262548,HS,0.05,2.1634887261084956,3.6515359253298048
2023-03-08,0.1413794135603272,HS,0.05,2.1634887261084956,3.6515359253298048
2023-03-09,-1.8631857945482353,HS,0.05,2.1634887261084956,3.6515359253298048
2023-03-10,-1.458396943606664,HS,0.05,2.1634887261084956,3.6515359253298048
2023-03-13,-0.1510901840738767,HS,0.05,2.1634887261084956,3.6515359253298048
2023-03-14,1.6342388235363663,HS,0.05,2.1634887261084956,3.6515359253298048
2023-03-15,-0.7005363929353597,HS,0.05,2.1634887261084956,3.6515359253298048
2023-03-16,1.7409576249031722,HS,0.05,2.1634887261084956,3.6515359253298048
2023-03-17,-1.10806212739537,HS,0.05,2.1634887261084956,3.6515359253298048
2023-03-20,0.8878869635940854,HS,0.05,2.1634887261084956,3.6515359253298048
2023-03-21,1.2898647518559103,HS,0.05,2.1634887261084956,3.6515359253298048
2023-03-22,-1.6600248639842885,HS,0.05,2.1634887261084956,3.6515359253298048
2023-03-23,0.2980083869182423,HS,0.05,2.1634887261084956,3.6515359253298048
2023-03-24,0.5623963084303207,HS,0.05,2.1634887261084956,3.6515359253298048
2023-03-27,0.1645599563767083,HS,0.05,2.1634887261084956,3.6515359253298048
2023-03-28,-0.1575083288387886,HS,0.05,2.1634887261084956,3.6515359253298048
2023-03-29,1.41368707750468,HS,0.05,2.1634887261084956,3.6515359253298048
2023-03-30,0.5698999199482653,HS,0.05,2.1634887261084956,3.6515359253298048
2023-03-31,1.4333327782036556,HS,0.05,2.1634887261084956,3.6515359253298048
2023-04-03,0.3692022565802823,HS,0.05,2.1634887261084956,3.6515359253298048
2023-04-04,-0.5813839745162529,HS,0.05,2.1634887261084956,3.6515359253298048
2023-04-05,-0.2495481657121423,HS,0.05,2.1634887261084956,3.6515359253298048
2023-04-06,0.3572773132803247,HS,0.05,2.1634887261084956,3.6515359253298048
2023-04-10,0.0995807017010084,HS,0.05,2.1634887261084956,3.6515359253298048
2023-04-11,-0.004135333298352,HS,0.05,2.1634887261084956,3.6515359253298048
2023-04-12,-0.4143456323461385,HS,0.05,2.1634887261084956,3.6515359253298048
2023-04-13,1.3175510497831548,HS,0.05,2.1634887261084956,3.6515359253298048
2023-04-14,-0.2071517584577988,HS,0.05,2.1634887261084956,3.6515359253298048
2023-04-17,0.3300703582614753,HS,0.05,2.1634887261084956,3.6515359253298048
2023-04-18,0.0854854803465975,HS,0.05,2.1634887261084956,3.6515359253298048
2023-04-19,-0.0084265547939628,HS,0.05,2.1634887261084956,3.6515359253298048
2023-04-20,-0.5970335188311131,HS,0.05,2.1634887261084956,3.6515359253298048
2023-04-21,0.0902781257300886,HS,0.05,2.1634887261084956,3.6515359253298048
2023-04-24,0.0851216778272312,HS,0.05,2.1634887261084956,3.6515359253298048
2023-04-25,-1.593718381857645,HS,0.05,2.1634887261084956,3.6515359253298048
2023-04-26,-0.3848583503344875,HS,0.05,2.1634887261084956,3.6515359253298048
2023-04-27,1.9377193402696355,HS,0.05,2.1634887261084956,3.6515359253298048
2023-04-28,0.8219331313243468,HS,0.05,2.1634887261084956,3.6515359253298048
2023-05-01,-0.0386181048510787,HS,0.05,2.1634887261084956,3.6515359253298048
2023-05-02,-1.1653906680571788,HS,0.05,2.1634887261084956,3.6515359253298048
2023-05-03,-0.7022908054892971,HS,0.05,2.1412097253414544,3.6459477199857986
2023-05-04,-0.7244913455062743,HS,0.05,2.1412097253414544,3.6459477199857986
2023-05-05,1.83061663818798,HS,0.05,2.1412097253414544,3.6459477199857986
2023-05-08,0.0452026484882065,HS,0.05,2.1412097253414544,3.6459477199857986
2023-05-09,-0.4589938949059595,HS,0.05,2.1412097253414544,3.6459477199857986
2023-05-10,0.4473942241914432,HS,0.05,2.1412097253414544,3.6459477199857986
2023-05-11,-0.1698064889706758,HS,0.05,2.1412097253414544,3.6459477199857986
2023-05-12,-0.1584561589439047,HS,0.05,2.1412097253414544,3.6459477199857986
2023-05-15,0.2953797680316934,HS,0.05,2.1412097253414544,3.6459477199857986
2023-05-16,-0.6398107681917463,HS,0.05,2.1412097253414544,3.6459477199857986
2023-05-17,1.1820688622071571,HS,0.05,2.1412097253414544,3.6459477199857986
2023-05-18,0.9400723063727155,HS,0.05,2.1412097253414544,3.6459477199857986
2023-05-19,-0.1446913880675441,HS,0.05,2.1412097253414544,3.6459477199857986
2023-05-22,0.0155022679802391,HS,0.05,2.1412097253414544,3.6459477199857986
2023-05-23,-1.1285468768284297,HS,0.05,2.1412097253414544,3.6459477199857986
2023-05-24,-0.734551267830521,HS,0.05,2.1412097253414544,3.6459477199857986
2023-05-25,0.8719456079011882,HS,0.05,2.1412097253414544,3.6459477199857986
2023-05-26,1.2964680931640788,HS,0.05,2.1412097253414544,3.6459477199857986
2023-05-30,0.0016603130665768,HS,0.05,2.1412097253414544,3.6459477199857986
2023-05-31,-0.6127358186214099,HS,0.05,2.1412097253414544,3.6459477199857986
2023-06-01,0.9806215085853812,HS,0.05,2.1412097253414544,3.6459477199857986
2023-06-02,1.4429812390107408,HS,0.05,2.1412097253414544,3.6459477199857986
2023-06-05,-0.2005591490657713,HS,0.05,2.1412097253414544,3.6459477199857986
2023-06-06,0.2351130233850576,HS,0.05,2.1412097253414544,3.6459477199857986
2023-06-07,-0.3819293926420617,HS,0.05,2.1412097253414544,3.6459477199857986
2023-06-08,0.616957160752325,HS,0.05,2.1412097253414544,3.6459477199857986
2023-06-09,0.1147401023050523,HS,0.05,2.1412097253414544,3.6459477199857986
2023-06-12,0.927797498175416,HS,0.05,2.1412097253414544,3.6459477199857986
2023-06-13,0.6908570725908897,HS,0.05,2.1412097253414544,3.6459477199857986
2023-06-14,0.0819089980126584,HS,0.05,2.1412097253414544,3.6459477199857986
2023-06-15,1.2104580493589998,HS,0.05,2.1412097253414544,3.6459477199857986
2023-06-16,-0.3678376467751089,HS,0.05,2.1412097253414544,3.6459477199857986
2023-06-20,-0.4746353835236048,HS,0.05,2.1412097253414544,3.6459477199857986
2023-06-21,-0.5259086366925201,HS,0.05,2.1412097253414544,3.6459477199857986
2023-06-22,0.3703930387334525,HS,0.05,2.1412097253414544,3.6459477199857986
2023-06-23,-0.7688288056502157,HS,0.05,2.1412097253414544,3.6459477199857986
2023-06-26,-0.4496934363132171,HS,0.05,2.1412097253414544,3.6459477199857986
2023-06-27,1.139073352418076,HS,0.05,2.1412097253414544,3.6459477199857986
2023-06-28,-0.0354139388389821,HS,0.05,2.1412097253414544,3.6459477199857986
2023-06-29,0.446356811449,HS,0.05,2.1412097253414544,3.6459477199857986
2023-06-30,1.21943502618858,HS,0.05,2.1412097253414544,3.6459477199857986
2023-07-03,0.1169993092673641,HS,0.05,2.1412097253414544,3.6459477199857986
2023-07-05,-0.1970258097612716,HS,0.05,2.1412097253414544,3.6459477199857986
2023-07-06,-0.7954061175894762,HS,0.05,2.1412097253414544,3.6459477199857986
2023-07-07,-0.2869212795733482,HS,0.05,2.1412097253414544,3.6459477199857986
2023-07-10,0.2402138610626312,HS,0.05,2.1412097253414544,3.6459477199857986
2023-07-11,0.6719583998254874,HS,0.05,2.1412097253414544,3.6459477199857986
2023-07-12,0.7383905235389678,HS,0.05,2.1412097253414544,3.6459477199857986
2023-07-13,0.8434482989627111,HS,0.05,2.1412097253414544,3.6459477199857986
2023-07-14,-0.1024932196907483,HS,0.05,2.1412097253414544,3.6459477199857986
2023-07-17,0.3847969574420413,HS,0.05,2.1412097253414544,3.6459477199857986
2023-07-18,0.7092066941428338,HS,0.05,2.1412097253414544,3.6459477199857986
2023-07-19,0.2355134827233639,HS,0.05,2.1412097253414544,3.6459477199857986
2023-07-20,-0.6779827396257692,HS,0.05,2.1412097253414544,3.6459477199857986
2023-07-21,0.0324042014613091,HS,0.05,2.1412097253414544,3.6459477199857986
2023-07-24,0.4026038496874852,HS,0.05,2.1412097253414544,3.6459477199857986
2023-07-25,0.2810719575838704,HS,0.05,2.1412097253414544,3.6459477199857986
2023-07-26,-0.0155450978675918,HS,0.05,2.1412097253414544,3.6459477199857986
2023-07-27,-0.6445393055197076,HS,0.05,2.1355180288789457,3.628288363920282
2023-07-28,0.9829375810433848,HS,0.05,2.1355180288789457,3.628288363920282
2023-07-31,0.1467635436568791,HS,0.05,2.1355180288789457,3.628288363920282
2023-08-01,-0.2668645307682711,HS,0.05,2.1355180288789457,3.628288363920282
2023-08-02,-1.3936200638336185,HS,0.05,2.1355180288789457,3.628288363920282
2023-08-03,-0.2551225450291527,HS,0.05,2.1355180288789457,3.628288363920282
2023-08-04,-0.531416937393797,HS,0.05,2.1355180288789457,3.628288363920282
2023-08-07,0.8983618964856572,HS,0.05,2.1014585217843145,3.6115332486574063
2023-08-08,-0.4227205100058866,HS,0.05,2.1014585217843145,3.6115332486574063
2023-08-09,-0.7063619102045117,HS,0.05,2.1014585217843145,3.6115332486574063
2023-08-10,0.0250682521080863,HS,0.05,2.1014585217843145,3.6115332486574063
2023-08-11,-0.1070264899229486,HS,0.05,2.1014585217843145,3.6115332486574063
2023-08-14,0.573400487941905,HS,0.05,2.1014585217843145,3.6115332486574063
2023-08-15,-1.1618139396096483,HS,0.05,2.1014585217843145,3.6115332486574063
2023-08-16,-0.7584081792624527,HS,0.05,2.07275367190604,3.600949055836337
2023-08-17,-0.7742811377529081,HS,0.05,2.07275367190604,3.600949055836337
2023-08-18,-0.0148717883957202,HS,0.05,2.07275367190604,3.600949055836337
2023-08-21,0.6855634859799785,HS,0.05,2.07275367190604,3.600949055836337
2023-08-22,-0.2781331046545683,HS,0.05,2.07275367190604,3.600949055836337
2023-08-23,1.098433071079136,HS,0.05,2.07275367190604,3.600949055836337
2023-08-24,-1.354935398400801,HS,0.05,2.07275367190604,3.600949055836337
2023-08-25,0.6695501060295156,HS,0.05,2.07275367190604,3.600949055836337
2023-08-28,0.6245078594196461,HS,0.05,2.07275367190604,3.600949055836337
2023-08-29,1.4404068712056506,HS,0.05,2.07275367190604,3.600949055836337
2023-08-30,0.3825854181192944,HS,0.05,2.07275367190604,3.600949055836337
2023-08-31,-0.1598212974339857,HS,0.05,2.07275367190604,3.600949055836337
2023-09-01,0.1797512765518541,HS,0.05,2.07275367190604,3.600949055836337
2023-09-05,-0.4202997821381205,HS,0.05,2.07275367190604,3.600949055836337
2023-09-06,-0.6996014491432261,HS,0.05,2.07275367190604,3.600949055836337
2023-09-07,-0.3216433115732967,HS,0.05,2.07275367190604,3.600949055836337
2023-09-08,0.1425606062257059,HS,0.05,2.07275367190604,3.600949055836337
2023-09-11,0.6700951498135518,HS,0.05,2.07275367190604,3.600949055836337
2023-09-12,-0.5712169023003997,HS,0.05,2.07275367190604,3.600949055836337
2023-09-13,0.1240862117534604,HS,0.05,2.07275367190604,3.600949055836337
2023-09-14,0.839458553366625,HS,0.05,2.07275367190604,3.600949055836337
2023-09-15,-1.2234145842493929,HS,0.05,2.07275367190604,3.600949055836337
2023-09-18,0.0721027694175518,HS,0.05,2.07275367190604,3.600949055836337
2023-09-19,-0.2153327361533126,HS,0.05,2.07275367190604,3.600949055836337
2023-09-20,-0.943920420629104,HS,0.05,2.07275367190604,3.600949055836337
2023-09-21,-1.6536918318488083,HS,0.05,2.07275367190604,3.600949055836337
2023-09-22,-0.2298237402760749,HS,0.05,2.07275367190604,3.600949055836337
2023-09-25,0.4014994203806617,HS,0.05,2.07275367190604,3.600949055836337
2023-09-26,-1.4844165482264944,HS,0.05,2.07275367190604,3.600949055836337
2023-09-27,0.0229287772294792,HS,0.05,2.07275367190604,3.600949055836337
2023-09-28,0.5875877143000698,HS,0.05,2.07275367190604,3.600949055836337
2023-09-29,-0.2713259648289315,HS,0.05,2.07275367190604,3.600949055836337
2023-10-02,0.0079364406152993,HS,0.05,2.07275367190604,3.600949055836337
2023-10-03,-1.3839395863449198,HS,0.05,2.07275367190604,3.600949055836337
2023-10-04,0.8077047607828945,HS,0.05,2.07275367190604,3.600949055836337
2023-10-05,-0.1304881146995122,HS,0.05,2.07275367190604,3.600949055836337
2023-10-06,1.1745642093961115,HS,0.05,2.07275367190604,3.600949055836337
2023-10-09,0.6284068119387409,HS,0.05,2.07275367190604,3.600949055836337
2023-10-10,0.5194476099985355,HS,0.05,2.07275367190604,3.600949055836337
2023-10-11,0.4283819500095073,HS,0.05,2.07275367190604,3.600949055836337
2023-10-12,-0.6266024940654918,HS,0.05,2.07275367190604,3.600949055836337
2023-10-13,-0.5031495660219892,HS,0.05,2.07275367190604,3.600949055836337
2023-10-16,1.0538642302589984,HS,0.05,2.07275367190604,3.600949055836337
2023-10-17,-0.0098249879443765,HS,0.05,2.07275367190604,3.600949055836337
2023-10-18,-1.3490408251151895,HS,0.05,2.07275367190604,3.600949055836337
2023-10-19,-0.8519032328057976,HS,0.05,2.07275367190604,3.600949055836337
2023-10-20,-1.2665149196155916,HS,0.05,2.07275367190604,3.600949055836337
2023-10-23,-0.1686992065434917,HS,0.05,2.07275367190604,3.600949055836337
2023-10-24,0.723952351962882,HS,0.05,2.07275367190604,3.600949055836337
2023-10-25,-1.4443434657238052,HS,0.05,2.07275367190604,3.600949055836337
2023-10-26,-1.1903081205584871,HS,0.05,2.07275367190604,3.600949055836337
2023-10-27,-0.481183857862075,HS,0.05,2.07275367190604,3.600949055836337
2023-10-30,1.1938474300285915,HS,0.05,2.07275367190604,3.600949055836337
2023-10-31,0.6454084821688244,HS,0.05,2.07275367190604,3.600949055836337
2023-11-01,1.0451194990191868,HS,0.05,2.07275367190604,3.600949055836337
2023-11-02,1.8682938934086477,HS,0.05,2.07275367190604,3.600949055836337
2023-11-03,0.934988354455146,HS,0.05,2.07275367190604,3.600949055836337
2023-11-06,0.1751457724100586,HS,0.05,2.07275367190604,3.600949055836337
2023-11-07,0.2836093401711954,HS,0.05,2.07275367190604,3.600949055836337
2023-11-08,0.1004411032419886,HS,0.05,2.07275367190604,3.600949055836337
2023-11-09,-0.8116690699068705,HS,0.05,2.07275367190604,3.600949055836337
2023-11-10,1.5495759270772258,HS,0.05,2.07275367190604,3.600949055836337
2023-11-13,-0.0836188441370084,HS,0.05,2.07275367190604,3.600949055836337
2023-11-14,1.889537047457725,HS,0.05,2.07275367190604,3.600949055836337
2023-11-15,0.1595738207847176,HS,0.05,2.07275367190604,3.600949055836337
2023-11-16,0.118971939671373,HS,0.05,2.07275367190604,3.600949055836337
2023-11-17,0.1281227937177987,HS,0.05,2.07275367190604,3.600949055836337
2023-11-20,0.7363103793795632,HS,0.05,2.07275367190604,3.600949055836337
2023-11-21,-0.2022975931757968,HS,0.05,2.07275367190604,3.600949055836337
2023-11-22,0.4052905094313324,HS,0.05,2.07275367190604,3.600949055836337
2023-11-24,0.0596695609645032,HS,0.05,2.07275367190604,3.600949055836337
2023-11-27,-0.1956069316898358,HS,0.05,2.07275367190604,3.600949055836337
2023-11-28,0.0979638528050291,HS,0.05,2.07275367190604,3.600949055836337
2023-11-29,-0.0946696615101938,HS,0.05,2.07275367190604,3.600949055836337
2023-11-30,0.3776931264994605,HS,0.05,2.07275367190604,3.600949055836337
2023-12-01,0.5856558953846637,HS,0.05,2.07275367190604,3.600949055836337
2023-12-04,-0.5423188063826943,HS,0.05,2.07275367190604,3.600949055836337
2023-12-05,-0.0569031593934802,HS,0.05,2.07275367190604,3.600949055836337
2023-12-06,-0.3913851944943747,HS,0.05,2.07275367190604,3.600949055836337
2023-12-07,0.7936610684821922,HS,0.05,2.07275367190604,3.600949055836337
2023-12-08,0.4087134146503793,HS,0.05,2.07275367190604,3.600949055836337
2023-12-11,0.3916813547781492,HS,0.05,2.07275367190604,3.600949055836337
2023-12-12,0.45888127956924,HS,0.05,2.07275367190604,3.600949055836337
2023-12-13,1.355834517501981,HS,0.05,2.07275367190604,3.600949055836337
2023-12-14,0.2643565185154432,HS,0.05,2.07275367190604,3.600949055836337
2023-12-15,-0.0076252400448594,HS,0.05,2.07275367190604,3.600949055836337
2023-12-18,0.4518122263400515,HS,0.05,2.07275367190604,3.600949055836337
2023-12-19,0.5849267450818904,HS,0.05,2.07275367190604,3.600949055836337
2023-12-20,-1.4793147965305629,HS,0.05,2.07275367190604,3.600949055836337
2023-12-21,1.0248769307271877,HS,0.05,2.07275367190604,3.600949055836337
2023-12-22,0.1658682152761075,HS,0.05,2.07275367190604,3.600949055836337
2023-12-26,0.4222761046978559,HS,0.05,2.07275367190604,3.600949055836337
2023-12-27,0.1429435616422998,HS,0.05,2.07275367190604,3.600949055836337
2023-12-28,0.0370106110327118,HS,0.05,2.07275367190604,3.600949055836337
2023-12-29,-0.2830477036733835,HS,0.05,2.07275367190604,3.600949055836337
2024-01-02,-0.5676660799723162,HS,0.05,2.07275367190604,3.600949055836337
2024-01-03,-0.8048618327197647,HS,0.05,2.07275367190604,3.600949055836337
2024-01-04,-0.3434271663317428,HS,0.05,2.07275367190604,3.600949055836337
2024-01-05,0.182402163943398,HS,0.05,2.07275367190604,3.600949055836337
2024-01-08,1.401594543635314,HS,0.05,2.07275367190604,3.600949055836337
2024-01-09,-0.1478993852317584,HS,0.05,2.07275367190604,3.600949055836337
2024-01-10,0.5649980650495912,HS,0.05,2.07275367190604,3.600949055836337
2024-01-11,-0.0671280836961164,HS,0.05,2.07275367190604,3.600949055836337
2024-01-12,0.0750693753033959,HS,0.05,2.07275367190604,3.600949055836337
2024-01-16,-0.3738319052356834,HS,0.05,2.07275367190604,3.600949055836337
2024-01-17,-0.5632731271107821,HS,0.05,2.07275367190604,3.600949055836337
2024-01-18,0.8766720726243148,HS,0.05,2.07275367190604,3.600949055836337
2024-01-19,1.2238308232548512,HS,0.05,2.07275367190604,3.600949055836337
2024-01-22,0.2191921187231685,HS,0.05,2.07275367190604,3.600949055836337
2024-01-23,0.2917115340764486,HS,0.05,2.07275367190604,3.600949055836337
2024-01-24,0.0811598976216865,HS,0.05,2.07275367190604,3.600949055836337
2024-01-25,0.524657813497798,HS,0.05,2.07275367190604,3.600949055836337
2024-01-26,-0.0651997755426364,HS,0.05,2.07275367190604,3.600949055836337
2024-01-29,0.7528365505246204,HS,0.05,2.07275367190604,3.600949055836337
2024-01-30,-0.0600830396978616,HS,0.05,2.07275367190604,3.600949055836337
2024-01-31,-1.6236851740733682,HS,0.05,2.07275367190604,3.600949055836337
2024-02-01,1.2416286114049784,HS,0.05,2.07275367190604,3.600949055836337
2024-02-02,1.062777072263312,HS,0.05,2.07275367190604,3.600949055836337
2024-02-05,-0.3191424709283971,HS,0.05,2.07275367190604,3.600949055836337
2024-02-06,0.2307745931748107,HS,0.05,2.07275367190604,3.600949055836337
2024-02-07,0.8207682594008627,HS,0.05,2.07275367190604,3.600949055836337
2024-02-08,0.0570420540090595,HS,0.05,2.07275367190604,3.600949055836337
2024-02-09,0.5725917128795516,HS,0.05,2.07275367190604,3.600949055836337
2024-02-12,-0.0949404142652441,HS,0.05,2.07275367190604,3.600949055836337
2024-02-13,-1.3768609419845443,HS,0.05,2.07275367190604,3.600949055836337
2024-02-14,0.9534168304216808,HS,0.05,2.0581270141501733,3.5741996285395503
2024-02-15,0.580437267404004,HS,0.05,2.035995537901486,3.5538524552686317
2024-02-16,-0.4815043575961042,HS,0.05,2.035995537901486,3.5538524552686317
2024-02-20,-0.602342646581725,HS,0.05,2.0249978432272857,3.504213528863099
2024-02-21,0.1263401495103598,HS,0.05,2.0249978432272857,3.504213528863099
2024-02-22,2.090288866640342,HS,0.05,2.0249978432272857,3.504213528863099
2024-02-23,0.0347887026502183,HS,0.05,1.96163402879496,3.4876821269642138
2024-02-26,-0.3793939244668484,HS,0.05,1.96163402879496,3.4876821269642138
2024-02-27,0.1704895538720964,HS,0.05,1.9504521987277457,3.4578270906932533
2024-02-28,-0.1659531321112244,HS,0.05,1.9504521987277457,3.4578270906932533
2024-02-29,0.5215470455799964,HS,0.05,1.91691173889218,3.338807020122095
2024-03-01,0.7975936433387976,HS,0.05,1.91691173889218,3.338807020122095
2024-03-04,-0.1193974574963011,HS,0.05,1.914379626036236,3.276904599781057
2024-03-05,-1.0245406275917994,HS,0.05,1.9098364617796184,3.1153016573518113
2024-03-06,0.5127932853001643,HS,0.05,1.9098364617796184,3.1153016573518113
2024-03-07,1.0251402284983626,HS,0.05,1.878104910228768,2.898189253055447
2024-03-08,-0.6549922992050338,HS,0.05,1.878104910228768,2.898189253055447
2024-03-11,-0.11228682680281,HS,0.05,1.8638488697474336,2.829273654361931
2024-03-12,1.1139512586668012,HS,0.05,1.8638488697474336,2.829273654361931
2024-03-13,-0.1926384002121972,HS,0.05,1.8586141858623135,2.7778821221461625
2024-03-14,-0.2875221051495188,HS,0.05,1.8560336915547495,2.7555865916245854
2024-03-15,-0.6504022859737666,HS,0.05,1.8560336915547495,2.7555865916245854
2024-03-18,0.6298184238480455,HS,0.05,1.8560336915547495,2.7555865916245854
2024-03-19,0.563325304434312,HS,0.05,1.8560336915547495,2.7555865916245854
2024-03-20,0.8864765516360184,HS,0.05,1.8295688530703635,2.72416911133735
2024-03-21,0.3231309094528888,HS,0.05,1.8295688530703635,2.72416911133735
2024-03-22,-0.1403171834326712,HS,0.05,1.8295688530703635,2.72416911133735
2024-03-25,-0.3059640382031929,HS,0.05,1.806752837367641,2.670440034841888
2024-03-26,-0.2803721982805726,HS,0.05,1.806752837367641,2.670440034841888
2024-03-27,0.8593595582706042,HS,0.05,1.806752837367641,2.670440034841888
2024-03-28,0.1115862700761605,HS,0.05,1.806752837367641,2.670440034841888
2024-04-01,-0.2015614526957724,HS,0.05,1.806752837367641,2.670440034841888
2024-04-02,-0.7265388203672426,HS,0.05,1.806752837367641,2.670440034841888
2024-04-03,0.1090527523337897,HS,0.05,1.806752837367641,2.670440034841888
2024-04-04,-1.241103561926225,HS,0.05,1.806752837367641,2.670440034841888
2024-04-05,1.1038050135699558,HS,0.05,1.806752837367641,2.670440034841888
2024-04-08,-0.0374701190041576,HS,0.05,1.8043515816128992,2.6619990687590938
2024-04-09,0.144444947363452,HS,0.05,1.8043515816128992,2.6619990687590938
2024-04-10,-0.9501981832212592,HS,0.05,1.8043515816128992,2.6619990687590938
2024-04-11,0.7417221983342437,HS,0.05,1.7756996110674417,2.6619990687590938
2024-04-12,-1.4657587802248535,HS,0.05,1.762320908933582,2.635171330137224
2024-04-15,-1.2094195787459194,HS,0.05,1.762320908933582,2.635171330137224
2024-04-16,-0.2058624527503996,HS,0.05,1.762320908933582,2.635171330137224
2024-04-17,-0.5797375076004185,HS,0.05,1.762320908933582,2.635171330137224
2024-04-18,-0.2210601700485304,HS,0.05,1.762320908933582,2.635171330137224
2024-04-19,-0.8797129654056974,HS,0.05,1.762320908933582,2.635171330137224
2024-04-22,0.869335115683908,HS,0.05,1.762320908933582,2.635171330137224
2024-04-23,1.189356656772209,HS,0.05,1.762320908933582,2.635171330137224
2024-04-24,0.02129873779329,HS,0.05,1.739453716017824,2.613484901356232
2024-04-25,-0.4586934270119409,HS,0.05,1.739453716017824,2.613484901356232
2024-04-26,1.0157381332325344,HS,0.05,1.739453716017824,2.613484901356232
2024-04-29,0.3173408076639394,HS,0.05,1.739453716017824,2.613484901356232
2024-04-30,-1.5855551118928124,HS,0.05,1.739453716017824,2.613484901356232
2024-05-01,-0.3441353485631687,HS,0.05,1.739453716017824,2.613484901356232
2024-05-02,0.9087024725084856,HS,0.05,1.739453716017824,2.613484901356232
2024-05-03,1.2478557659508005,HS,0.05,1.7270581831947571,2.6068238273467985
2024-05-06,1.027317369124784,HS,0.05,1.713015754498807,2.606119182295251
2024-05-07,0.1342528228825613,HS,0.05,1.713015754498807,2.606119182295251
2024-05-08,-0.0005835635193424,HS,0.05,1.713015754498807,2.606119182295251
2024-05-09,0.5078032639106711,HS,0.05,1.713015754498807,2.606119182295251
2024-05-10,0.1648040080166728,HS,0.05,1.713015754498807,2.606119182295251
2024-05-13,-0.0241333173865208,HS,0.05,1.713015754498807,2.606119182295251
2024-05-14,0.4826148527454041,HS,0.05,1.713015754498807,2.606119182295251
2024-05-15,1.164782778729962,HS,0.05,1.713015754498807,2.606119182295251
2024-05-16,-0.2083837474088046,HS,0.05,1.713015754498807,2.606119182295251
2024-05-17,0.1164095687893751,HS,0.05,1.713015754498807,2.606119182295251
2024-05-20,0.0915970308491166,HS,0.05,1.713015754498807,2.606119182295251
2024-05-21,0.2498749766892608,HS,0.05,1.713015754498807,2.606119182295251
2024-05-22,-0.2709791209352147,HS,0.05,1.713015754498807,2.606119182295251
2024-05-23,-0.7408162283471933,HS,0.05,1.713015754498807,2.606119182295251
2024-05-24,0.6976649076673259,HS,0.05,1.713015754498807,2.606119182295251
2024-05-28,0.0248770906885915,HS,0.05,1.713015754498807,2.606119182295251
2024-05-29,-0.7394317215742535,HS,0.05,1.713015754498807,2.606119182295251
2024-05-30,-0.5992957535754186,HS,0.05,1.713015754498807,2.606119182295251
2024-05-31,0.7995824231928896,HS,0.05,1.713015754498807,2.606119182295251
2024-06-03,0.1115460223535239,HS,0.05,1.713015754498807,2.606119182295251
2024-06-04,0.1501681003782753,HS,0.05,1.702642174178041,2.5188599517554366
2024-06-05,1.1778015849957282,HS,0.05,1.702642174178041,2.5188599517554366
2024-06-06,-0.0199836601636851,HS,0.05,1.702642174178041,2.5188599517554366
2024-06-07,-0.1115842050279066,HS,0.05,1.702642174178041,2.5188599517554366
2024-06-10,0.2577529978240972,HS,0.05,1.702642174178041,2.5188599517554366
2024-06-11,0.2706714855209522,HS,0.05,1.702642174178041,2.5188599517554366
2024-06-12,0.8467720241887338,HS,0.05,1.702642174178041,2.5188599517554366
2024-06-13,0.234191143711672,HS,0.05,1.702642174178041,2.5188599517554366
2024-06-14,-0.0393938280997494,HS,0.05,1.702642174178041,2.5188599517554366
2024-06-17,0.7635164372320518,HS,0.05,1.6621302937085547,2.5005120897335043
2024-06-18,0.2518154181517116,HS,0.05,1.6621302937085547,2.5005120897335043
2024-06-20,-0.252912739541154,HS,0.05,1.660023292290505,2.4846621784635277
2024-06-21,-0.1563351718825249,HS,0.05,1.660023292290505,2.4846621784635277
2024-06-24,-0.3069879155866442,HS,0.05,1.660023292290505,2.4846621784635277
2024-06-25,0.3925873679181343,HS,0.05,1.660023292290505,2.4846621784635277
2024-06-26,0.1571196224720452,HS,0.05,1.660023292290505,2.4846621784635277
2024-06-27,0.0906909856799073,HS,0.05,1.660023292290505,2.4846621784635277
2024-06-28,-0.4092013462369599,HS,0.05,1.660023292290505,2.4846621784635277
2024-07-01,0.2671990981429523,HS,0.05,1.660023292290505,2.4846621784635277
2024-07-02,0.6176205771185049,HS,0.05,1.660023292290505,2.4846621784635277
2024-07-03,0.5071562269533664,HS,0.05,1.660023292290505,2.4846621784635277
2024-07-05,0.543397436096954,HS,0.05,1.660023292290505,2.4846621784635277
2024-07-08,0.1016182476404432,HS,0.05,1.660023292290505,2.4846621784635277
2024-07-09,0.0740797478065475,HS,0.05,1.660023292290505,2.4846621784635277
2024-07-10,1.0156314878105883,HS,0.05,1.660023292290505,2.4846621784635277
2024-07-11,-0.8801649969266724,HS,0.05,1.660023292290505,2.4846621784635277
2024-07-12,0.550186402496512,HS,0.05,1.660023292290505,2.4846621784635277
2024-07-15,0.2822216423352684,HS,0.05,1.660023292290505,2.4846621784635277
2024-07-16,0.6369049971453274,HS,0.05,1.660023292290505,2.4846621784635277
2024-07-17,-1.4025441523645543,HS,0.05,1.660023292290505,2.4846621784635277
2024-07-18,-0.7847112145350073,HS,0.05,1.660023292290505,2.4846621784635277
2024-07-19,-0.7165879226406084,HS,0.05,1.660023292290505,2.4846621784635277
2024-07-22,1.0734217246220292,HS,0.05,1.660023292290505,2.4846621784635277
2024-07-23,-0.155931769394619,HS,0.05,1.660023292290505,2.4846621784635277
2024-07-24,-2.3421242222892857,HS,0.05,1.660023292290505,2.4846621784635277
2024-07-25,-0.5155889019717259,HS,0.05,1.6621302937085547,2.498304165629628
2024-07-26,1.1029420409570925,HS,0.05,1.6621302937085547,2.498304165629628
2024-07-29,0.0812979571828451,HS,0.05,1.6621302937085547,2.498304165629628
2024-07-30,-0.4972514361367621,HS,0.05,1.6621302937085547,2.498304165629628
2024-07-31,1.5669980701917767,HS,0.05,1.6621302937085547,2.498304165629628
2024-08-01,-1.3788123791990166,HS,0.05,1.6621302937085547,2.498304165629628
2024-08-02,-1.855290660855327,HS,0.05,1.6621302937085547,2.498304165629628
2024-08-05,-3.04270413923931,HS,0.05,1.702642174178041,2.501367309677342
2024-08-06,1.0300849493599515,HS,0.05,1.713015754498807,2.5279752370093647
2024-08-07,-0.7764715388769489,HS,0.05,1.713015754498807,2.5279752370093647
2024-08-08,2.278113959089888,HS,0.05,1.713015754498807,2.5279752370093647
2024-08-09,0.4660798434381699,HS,0.05,1.713015754498807,2.5279752370093647
2024-08-12,0.0043033051720097,HS,0.05,1.713015754498807,2.5279752370093647
2024-08-13,1.6707233419049987,HS,0.05,1.713015754498807,2.5279752370093647
2024-08-14,0.381643656119841,HS,0.05,1.713015754498807,2.5279752370093647
2024-08-15,1.6004489931304131,HS,0.05,1.713015754498807,2.5279752370093647
2024-08-16,0.1987802368396151,HS,0.05,1.713015754498807,2.5279752370093647
2024-08-19,0.9675327436177776,HS,0.05,1.713015754498807,2.5279752370093647
2024-08-20,-0.1986527237609709,HS,0.05,1.713015754498807,2.5279752370093647
2024-08-21,0.4230714721006796,HS,0.05,1.713015754498807,2.5279752370093647
2024-08-22,-0.8972942256657219,HS,0.05,1.713015754498807,2.5279752370093647
2024-08-23,1.141793740166443,HS,0.05,1.713015754498807,2.5279752370093647
2024-08-26,-0.3158710169605814,HS,0.05,1.713015754498807,2.5279752370093647
2024-08-27,0.1593925112723203,HS,0.05,1.713015754498807,2.5279752370093647
2024-08-28,-0.5993900794735212,HS,0.05,1.702642174178041,2.4907062041777577
2024-08-29,-0.0039379843436586,HS,0.05,1.702642174178041,2.4907062041777577
2024-08-30,1.004245707914417,HS,0.05,1.6621302937085547,2.468451215174216
2024-09-03,-2.1377963372397697,HS,0.05,1.6621302937085547,2.468451215174216
2024-09-04,-0.1603829027380963,HS,0.05,1.6621302937085547,2.47572465006822
2024-09-05,-0.3022581014674196,HS,0.05,1.6621302937085547,2.47572465006822
2024-09-06,-1.7410944507424406,HS,0.05,1.6621302937085547,2.47572465006822
2024-09-09,1.1513534435818251,HS,0.05,1.702642174178041,2.476503869913677
2024-09-10,0.4462699977793541,HS,0.05,1.702642174178041,2.476503869913677
2024-09-11,1.060855564984334,HS,0.05,1.702642174178041,2.476503869913677
2024-09-12,0.746735215680267,HS,0.05,1.702642174178041,2.476503869913677
2024-09-13,0.5393142234356035,HS,0.05,1.702642174178041,2.476503869913677
2024-09-16,0.1255840867310285,HS,0.05,1.702642174178041,2.476503869913677
2024-09-17,0.026451509389645,HS,0.05,1.6621302937085547,2.462531861254321
2024-09-18,-0.2900658708313291,HS,0.05,1.6621302937085547,2.462531861254321
2024-09-19,1.6834356892725129,HS,0.05,1.6621302937085547,2.462531861254321
2024-09-20,-0.1942913630015734,HS,0.05,1.6621302937085547,2.462531861254321
2024-09-23,0.2805334425713122,HS,0.05,1.6621302937085547,2.462531861254321
2024-09-24,0.2508031103345345,HS,0.05,1.6621302937085547,2.462531861254321
2024-09-25,-0.1862983206212128,HS,0.05,1.6621302937085547,2.462531861254321
2024-09-26,0.4030542158199222,HS,0.05,1.6621302937085547,2.462531861254321
2024-09-27,-0.1254002900072123,HS,0.05,1.6621302937085547,2.462531861254321
2024-09-30,0.4227603658441509,HS,0.05,1.6621302937085547,2.462531861254321
2024-10-01,-0.9367848694454448,HS,0.05,1.6621302937085547,2.462531861254321
2024-10-02,0.0138381326986477,HS,0.05,1.6621302937085547,2.462531861254321
2024-10-03,-0.1682828654458689,HS,0.05,1.6621302937085547,2.462531861254321
2024-10-04,0.8930255699186382,HS,0.05,1.6621302937085547,2.462531861254321
2024-10-07,-0.9632263829388772,HS,0.05,1.6621302937085547,2.462531861254321
2024-10-08,0.9642706804694384,HS,0.05,1.6621302937085547,2.462531861254321
2024-10-09,0.7088231016994585,HS,0.05,1.6621302937085547,2.462531861254321
2024-10-10,-0.2072268505982484,HS,0.05,1.6621302937085547,2.462531861254321
2024-10-11,0.603360870729872,HS,0.05,1.6621302937085547,2.462531861254321
2024-10-14,0.7678114574594324,HS,0.05,1.6621302937085547,2.462531861254321
2024-10-15,-0.7638566037513421,HS,0.05,1.6621302937085547,2.462531861254321
2024-10-16,0.4668232782779766,HS,0.05,1.6621302937085547,2.462531861254321
2024-10-17,-0.0171175128538166,HS,0.05,1.6621302937085547,2.462531861254321
2024-10-18,0.3963686942774387,HS,0.05,1.660023292290505,2.4582034125633627
2024-10-21,-0.1824432756419033,HS,0.05,1.660023292290505,2.4582034125633627
2024-10-22,-0.0474966667195793,HS,0.05,1.6540084007348568,2.419552792537603
2024-10-23,-0.9233824267679565,HS,0.05,1.6540084007348568,2.419552792537603
2024-10-24,0.2143473130556828,HS,0.05,1.6540084007348568,2.419552792537603
2024-10-25,-0.029949201318627,HS,0.05,1.6540084007348568,2.419552792537603
2024-10-28,0.2647934626732945,HS,0.05,1.6540084007348568,2.419552792537603
2024-10-29,0.1612825944901219,HS,0.05,1.6540084007348568,2.419552792537603
2024-10-30,-0.3305691672488118,HS,0.05,1.6540084007348568,2.419552792537603
2024-10-31,-1.8790134928745348,HS,0.05,1.6540084007348568,2.419552792537603
2024-11-01,0.4084158004525459,HS,0.05,1.660023292290505,2.423932598203698
2024-11-04,-0.2816044813190291,HS,0.05,1.660023292290505,2.423932598203698
2024-11-05,1.2191031029563082,HS,0.05,1.660023292290505,2.423932598203698
2024-11-06,2.4981280957186653,HS,0.05,1.660023292290505,2.423932598203698
2024-11-07,0.7403754173995657,HS,0.05,1.660023292290505,2.423932598203698
2024-11-08,0.3749794035718046,HS,0.05,1.660023292290505,2.423932598203698
2024-11-11,0.0968594190956923,HS,0.05,1.660023292290505,2.423932598203698
2024-11-12,-0.2896851476936499,HS,0.05,1.660023292290505,2.423932598203698
2024-11-13,0.0232200764140183,HS,0.05,1.660023292290505,2.423932598203698
2024-11-14,-0.6068108582244001,HS,0.05,1.660023292290505,2.423932598203698
2024-11-15,-1.3291430866793768,HS,0.05,1.660023292290505,2.423932598203698
2024-11-18,0.3910159746206537,HS,0.05,1.660023292290505,2.423932598203698
2024-11-19,0.3955750520596487,HS,0.05,1.660023292290505,2.423932598203698
2024-11-20,0.0021950621335444,HS,0.05,1.660023292290505,2.423932598203698
2024-11-21,0.5326251844288491,HS,0.05,1.660023292290505,2.423932598203698
2024-11-22,0.3461959591536465,HS,0.05,1.660023292290505,2.423932598203698
2024-11-25,0.3015927820124541,HS,0.05,1.660023292290505,2.423932598203698
2024-11-26,0.5705697155263866,HS,0.05,1.660023292290505,2.423932598203698
2024-11-27,-0.3808481083577711,HS,0.05,1.660023292290505,2.423932598203698
2024-11-29,0.5592120396801623,HS,0.05,1.660023292290505,2.423932598203698
2024-12-02,0.2445463880581373,HS,0.05,1.660023292290505,2.423932598203698
2024-12-03,0.0451347242022181,HS,0.05,1.660023292290505,2.423932598203698
2024-12-04,0.603318162813612,HS,0.05,1.660023292290505,2.423932598203698
2024-12-05,-0.1871525839382334,HS,0.05,1.660023292290505,2.423932598203698
2024-12-06,0.2492345367538312,HS,0.05,1.660023292290505,2.423932598203698
2024-12-09,-0.6163167285227462,HS,0.05,1.660023292290505,2.423932598203698
2024-12-10,-0.2968284314279252,HS,0.05,1.660023292290505,2.423932598203698
2024-12-11,0.8132626411368236,HS,0.05,1.660023292290505,2.423932598203698
2024-12-12,-0.5428731461463251,HS,0.05,1.660023292290505,2.423932598203698
2024-12-13,-0.0026466989371873,HS,0.05,1.660023292290505,2.423932598203698
2024-12-16,0.3792155008784429,HS,0.05,1.660023292290505,2.423932598203698
2024-12-17,-0.3871479480655496,HS,0.05,1.660023292290505,2.423932598203698
2024-12-18,-2.993650530451818,HS,0.05,1.660023292290505,2.423932598203698
2024-12-19,-0.0865486750536793,HS,0.05,1.6621302937085547,2.450605111533049
2024-12-20,1.08104794023973,HS,0.05,1.6621302937085547,2.450605111533049
2024-12-23,0.7260849585616372,HS,0.05,1.6621302937085547,2.450605111533049
2024-12-24,1.0982233165126825,HS,0.05,1.6621302937085547,2.450605111533049
2024-12-26,-0.0405741088257819,HS,0.05,1.6621302937085547,2.450605111533049
2024-12-27,-1.1117304964912211,HS,0.05,1.6621302937085547,2.450605111533049
2024-12-30,-1.0759673941729728,HS,0.05,1.6621302937085547,2.450605111533049
2023-01-04,0.7510694562138917,HS,0.1,1.330568853184671,2.6930757850619216
2023-01-05,-1.1713869136457158,HS,0.1,1.330568853184671,2.6930757850619216
2023-01-06,2.258383558903089,HS,0.1,1.330568853184671,2.6930757850619216
2023-01-09,-0.0767927325990578,HS,0.1,1.330568853184671,2.6930757850619216
2023-01-10,0.6953997970593733,HS,0.1,1.330568853184671,2.6930757850619216
2023-01-11,1.2767571192293676,HS,0.1,1.321854064360104,2.6921005134844016
2023-01-12,0.341008491204273,HS,0.1,1.321854064360104,2.6921005134844016
2023-01-13,0.3988892144656051,HS,0.1,1.321854064360104,2.6921005134844016
2023-01-17,-0.2032555430996314,HS,0.1,1.321854064360104,2.6921005134844016
2023-01-18,-1.5684966977744674,HS,0.1,1.321854064360104,2.6921005134844016
2023-01-19,-0.7667671901812427,HS,0.1,1.330568853184671,2.694502275211694
2023-01-20,1.874167355235196,HS,0.1,1.330568853184671,2.694502275211694
2023-01-23,1.1811315951328556,HS,0.1,1.330568853184671,2.694502275211694
2023-01-24,-0.0711756364291819,HS,0.1,1.330568853184671,2.694502275211694
2023-01-25,-0.0181741573465663,HS,0.1,1.330568853184671,2.694502275211694
2023-01-26,1.0947708029114305,HS,0.1,1.330568853184671,2.694502275211694
2023-01-27,0.2491734021703855,HS,0.1,1.330568853184671,2.694502275211694
2023-01-30,-1.3053569315292664,HS,0.1,1.330568853184671,2.694502275211694
2023-01-31,1.4536304416419528,HS,0.1,1.330568853184671,2.694502275211694
2023-02-01,1.039805629688473,HS,0.1,1.330568853184671,2.694502275211694
2023-02-02,1.459238462685438,HS,0.1,1.330568853184671,2.694502275211694
2023-02-03,-1.0408592637285454,HS,0.1,1.330568853184671,2.694502275211694
2023-02-06,-0.6159393193939262,HS,0.1,1.330568853184671,2.694502275211694
2023-02-07,1.2790364037397075,HS,0.1,1.330568853184671,2.694502275211694
2023-02-08,-1.1142573012411352,HS,0.1,1.330568853184671,2.694502275211694
2023-02-09,-0.8869009831037385,HS,0.1,1.330568853184671,2.694502275211694
2023-02-10,0.2192855709217127,HS,0.1,1.330568853184671,2.694502275211694
2023-02-13,1.1383569951155146,HS,0.1,1.330568853184671,2.694502275211694
2023-02-14,-0.0280453855493762,HS,0.1,1.330568853184671,2.694502275211694
2023-02-15,0.2769337533076689,HS,0.1,1.330568853184671,2.694502275211694
2023-02-16,-1.3884689204881606,HS,0.1,1.330568853184671,2.694502275211694
2023-02-17,-0.2771242172282734,HS,0.1,1.354570317843958,2.694878926352185
2023-02-21,-2.0244783973471696,HS,0.1,1.354570317843958,2.694878926352185
2023-02-22,-0.1574795485643383,HS,0.1,1.3903426723145764,2.7012390211207755
2023-02-23,0.5315278263237728,HS,0.1,1.3903426723145764,2.7012390211207755
2023-02-24,-1.0593464619774184,HS,0.1,1.3903426723145764,2.7012390211207755
2023-02-27,0.3068292539552277,HS,0.1,1.3903426723145764,2.7012390211207755
2023-02-28,-0.3040619830947711,HS,0.1,1.3903426723145764,2.7012390211207755
2023-03-01,-0.4736464203492832,HS,0.1,1.3903426723145764,2.7012390211207755
2023-03-02,0.7553593731195973,HS,0.1,1.3903426723145764,2.7012390211207755
2023-03-03,1.601874917648306,HS,0.1,1.3903426723145764,2.7012390211207755
2023-03-06,0.0686930778848301,HS,0.1,1.3903426723145764,2.7012390211207755
2023-03-07,-1.5445590479262548,HS,0.1,1.3903426723145764,2.7012390211207755
2023-03-08,0.1413794135603272,HS,0.1,1.4099460872210936,2.702612547212514
2023-03-09,-1.8631857945482353,HS,0.1,1.4099460872210936,2.702612547212514
2023-03-10,-1.458396943606664,HS,0.1,1.4361813253259084,2.706898375923597
2023-03-13,-0.1510901840738767,HS,0.1,1.4509196730502016,2.7069784759366775
2023-03-14,1.6342388235363663,HS,0.1,1.4361813253259084,2.70232551822539
2023-03-15,-0.7005363929353597,HS,0.1,1.4361813253259084,2.70232551822539
2023-03-16,1.7409576249031722,HS,0.1,1.4361813253259084,2.70232551822539
2023-03-17,-1.10806212739537,HS,0.1,1.4361813253259084,2.70232551822539
2023-03-20,0.8878869635940854,HS,0.1,1.4361813253259084,2.70232551822539
2023-03-21,1.2898647518559103,HS,0.1,1.4361813253259084,2.70232551822539
2023-03-22,-1.6600248639842885,HS,0.1,1.4361813253259084,2.70232551822539
2023-03-23,0.2980083869182423,HS,0.1,1.4509196730502016,2.7044218974422467
2023-03-24,0.5623963084303207,HS,0.1,1.4509196730502016,2.7044218974422467
2023-03-27,0.1645599563767083,HS,0.1,1.4509196730502016,2.7044218974422467
2023-03-28,-0.1575083288387886,HS,0.1,1.4509196730502016,2.7044218974422467
2023-03-29,1.41368707750468,HS,0.1,1.4509196730502016,2.7044218974422467
2023-03-30,0.5698999199482653,HS,0.1,1.4509196730502016,2.7044218974422467
2023-03-31,1.4333327782036556,HS,0.1,1.4509196730502016,2.7044218974422467
2023-04-03,0.3692022565802823,HS,0.1,1.4509196730502016,2.7044218974422467
2023-04-04,-0.5813839745162529,HS,0.1,1.4509196730502016,2.7044218974422467
2023-04-05,-0.2495481657121423,HS,0.1,1.4509196730502016,2.7044218974422467
2023-04-06,0.3572773132803247,HS,0.1,1.4509196730502016,2.7044218974422467
2023-04-10,0.0995807017010084,HS,0.1,1.4509196730502016,2.7044218974422467
2023-04-11,-0.004135333298352,HS,0.1,1.4509196730502016,2.7044218974422467
2023-04-12,-0.4143456323461385,HS,0.1,1.4509196730502016,2.7044218974422467
2023-04-13,1.3175510497831548,HS,0.1,1.4509196730502016,2.7044218974422467
2023-04-14,-0.2071517584577988,HS,0.1,1.4509196730502016,2.7044218974422467
2023-04-17,0.3300703582614753,HS,0.1,1.4509196730502016,2.7044218974422467
2023-04-18,0.0854854803465975,HS,0.1,1.4509196730502016,2.7044218974422467
2023-04-19,-0.0084265547939628,HS,0.1,1.4509196730502016,2.7044218974422467
2023-04-20,-0.5970335188311131,HS,0.1,1.4509196730502016,2.7044218974422467
2023-04-21,0.0902781257300886,HS,0.1,1.4509196730502016,2.7044218974422467
2023-04-24,0.0851216778272312,HS,0.1,1.4509196730502016,2.7044218974422467
2023-04-25,-1.593718381857645,HS,0.1,1.4509196730502016,2.7044218974422467
2023-04-26,-0.3848583503344875,HS,0.1,1.4559825191937752,2.7058019387626775
2023-04-27,1.9377193402696355,HS,0.1,1.4509196730502016,2.7037095931719177
2023-04-28,0.8219331313243468,HS,0.1,1.4509196730502016,2.7037095931719177
2023-05-01,-0.0386181048510787,HS,0.1,1.4509196730502016,2.7037095931719177
2023-05-02,-1.1653906680571788,HS,0.1,1.4509196730502016,2.7037095931719177
2023-05-03,-0.7022908054892971,HS,0.1,1.4361813253259084,2.693786993456406
2023-05-04,-0.7244913455062743,HS,0.1,1.4361813253259084,2.693786993456406
2023-05-05,1.83061663818798,HS,0.1,1.4361813253259084,2.693786993456406
2023-05-08,0.0452026484882065,HS,0.1,1.4361813253259084,2.693786993456406
2023-05-09,-0.4589938949059595,HS,0.1,1.4361813253259084,2.693786993456406
2023-05-10,0.4473942241914432,HS,0.1,1.4361813253259084,2.693786993456406
2023-05-11,-0.1698064889706758,HS,0.1,1.4361813253259084,2.693786993456406
2023-05-12,-0.1584561589439047,HS,0.1,1.4361813253259084,2.693786993456406
2023-05-15,0.2953797680316934,HS,0.1,1.4361813253259084,2.693786993456406
2023-05-16,-0.6398107681917463,HS,0.1,1.4361813253259084,2.693786993456406
2023-05-17,1.1820688622071571,HS,0.1,1.4361813253259084,2.693786993456406
2023-05-18,0.9400723063727155,HS,0.1,1.4361813253259084,2.693786993456406
2023-05-19,-0.1446913880675441,HS,0.1,1.4361813253259084,2.693786993456406
2023-05-22,0.0155022679802391,HS,0.1,1.4361813253259084,2.693786993456406
2023-05-23,-1.1285468768284297,HS,0.1,1.4361813253259084,2.693786993456406
2023-05-24,-0.734551267830521,HS,0.1,1.4361813253259084,2.693786993456406
2023-05-25,0.8719456079011882,HS,0.1,1.4361813253259084,2.693786993456406
2023-05-26,1.2964680931640788,HS,0.1,1.4361813253259084,2.693786993456406
2023-05-30,0.0016603130665768,HS,0.1,1.4361813253259084,2.693786993456406
2023-05-31,-0.6127358186214099,HS,0.1,1.4361813253259084,2.693786993456406
2023-06-01,0.9806215085853812,HS,0.1,1.4361813253259084,2.693786993456406
2023-06-02,1.4429812390107408,HS,0.1,1.4361813253259084,2.693786993456406
2023-06-05,-0.2005591490657713,HS,0.1,1.4361813253259084,2.693786993456406
2023-06-06,0.2351130233850576,HS,0.1,1.4361813253259084,2.693786993456406
2023-06-07,-0.3819293926420617,HS,0.1,1.4361813253259084,2.693786993456406
2023-06-08,0.616957160752325,HS,0.1,1.4361813253259084,2.693786993456406
2023-06-09,0.1147401023050523,HS,0.1,1.4361813253259084,2.693786993456406
2023-06-12,0.927797498175416,HS,0.1,1.4361813253259084,2.693786993456406
2023-06-13,0.6908570725908897,HS,0.1,1.4361813253259084,2.693786993456406
2023-06-14,0.0819089980126584,HS,0.1,1.4361813253259084,2.693786993456406
2023-06-15,1.2104580493589998,HS,0.1,1.4361813253259084,2.693786993456406
2023-06-16,-0.3678376467751089,HS,0.1,1.4361813253259084,2.693786993456406
2023-06-20,-0.4746353835236048,HS,0.1,1.4361813253259084,2.693786993456406
2023-06-21,-0.5259086366925201,HS,0.1,1.4361813253259084,2.693786993456406
2023-06-22,0.3703930387334525,HS,0.1,1.4361813253259084,2.693786993456406
2023-06-23,-0.7688288056502157,HS,0.1,1.4361813253259084,2.693786993456406
2023-06-26,-0.4496934363132171,HS,0.1,1.4361813253259084,2.693786993456406
2023-06-27,1.139073352418076,HS,0.1,1.4361813253259084,2.693786993456406
2023-06-28,-0.0354139388389821,HS,0.1,1.4361813253259084,2.693786993456406
2023-06-29,0.446356811449,HS,0.1,1.4361813253259084,2.693786993456406
2023-06-30,1.21943502618858,HS,0.1,1.4361813253259084,2.693786993456406
2023-07-03,0.1169993092673641,HS,0.1,1.4361813253259084,2.693786993456406
2023-07-05,-0.1970258097612716,HS,0.1,1.4361813253259084,2.693786993456406
2023-07-06,-0.7954061175894762,HS,0.1,1.4361813253259084,2.693786993456406
2023-07-07,-0.2869212795733482,HS,0.1,1.4361813253259084,2.693786993456406
2023-07-10,0.2402138610626312,HS,0.1,1.4361813253259084,2.693786993456406
2023-07-11,0.6719583998254874,HS,0.1,1.4361813253259084,2.693786993456406
2023-07-12,0.7383905235389678,HS,0.1,1.4361813253259084,2.693786993456406
2023-07-13,0.8434482989627111,HS,0.1,1.4361813253259084,2.693786993456406
2023-07-14,-0.1024932196907483,HS,0.1,1.4361813253259084,2.693786993456406
2023-07-17,0.3847969574420413,HS,0.1,1.4361813253259084,2.693786993456406
2023-07-18,0.7092066941428338,HS,0.1,1.4361813253259084,2.693786993456406
2023-07-19,0.2355134827233639,HS,0.1,1.4361813253259084,2.693786993456406
2023-07-20,-0.6779827396257692,HS,0.1,1.4361813253259084,2.693786993456406
2023-07-21,0.0324042014613091,HS,0.1,1.4361813253259084,2.693786993456406
2023-07-24,0.4026038496874852,HS,0.1,1.4361813253259084,2.693786993456406
2023-07-25,0.2810719575838704,HS,0.1,1.4361813253259084,2.693786993456406
2023-07-26,-0.0155450978675918,HS,0.1,1.4361813253259084,2.693786993456406
2023-07-27,-0.6445393055197076,HS,0.1,1.4099460872210936,2.677902840521112
2023-07-28,0.9829375810433848,HS,0.1,1.4099460872210936,2.677902840521112
2023-07-31,0.1467635436568791,HS,0.1,1.4099460872210936,2.677902840521112
2023-08-01,-0.2668645307682711,HS,0.1,1.4099460872210936,2.677902840521112
2023-08-02,-1.3936200638336185,HS,0.1,1.4099460872210936,2.677902840521112
2023-08-03,-0.2551225450291527,HS,0.1,1.4099460872210936,2.677902840521112
2023-08-04,-0.531416937393797,HS,0.1,1.4099460872210936,2.677902840521112
2023-08-07,0.8983618964856572,HS,0.1,1.3949787013254886,2.6622445524540996
2023-08-08,-0.4227205100058866,HS,0.1,1.3949787013254886,2.6622445524540996
2023-08-09,-0.7063619102045117,HS,0.1,1.3949787013254886,2.6622445524540996
2023-08-10,0.0250682521080863,HS,0.1,1.3949787013254886,2.6622445524540996
2023-08-11,-0.1070264899229486,HS,0.1,1.3949787013254886,2.6622445524540996
2023-08-14,0.573400487941905,HS,0.1,1.3949787013254886,2.6622445524540996
2023-08-15,-1.1618139396096483,HS,0.1,1.3949787013254886,2.6622445524540996
2023-08-16,-0.7584081792624527,HS,0.1,1.3889840348227065,2.649891871969597
2023-08-17,-0.7742811377529081,HS,0.1,1.3889840348227065,2.649891871969597
2023-08-18,-0.0148717883957202,HS,0.1,1.3889840348227065,2.649891871969597
2023-08-21,0.6855634859799785,HS,0.1,1.3889840348227065,2.649891871969597
2023-08-22,-0.2781331046545683,HS,0.1,1.3889840348227065,2.649891871969597
2023-08-23,1.098433071079136,HS,0.1,1.3889840348227065,2.649891871969597
2023-08-24,-1.354935398400801,HS,0.1,1.3889840348227065,2.649891871969597
2023-08-25,0.6695501060295156,HS,0.1,1.3889840348227065,2.649891871969597
2023-08-28,0.6245078594196461,HS,0.1,1.3889840348227065,2.649891871969597
2023-08-29,1.4404068712056506,HS,0.1,1.3889840348227065,2.649891871969597
2023-08-30,0.3825854181192944,HS,0.1,1.3889840348227065,2.649891871969597
2023-08-31,-0.1598212974339857,HS,0.1,1.3889840348227065,2.649891871969597
2023-09-01,0.1797512765518541,HS,0.1,1.3889840348227065,2.649891871969597
2023-09-05,-0.4202997821381205,HS,0.1,1.3889840348227065,2.649891871969597
2023-09-06,-0.6996014491432261,HS,0.1,1.3889840348227065,2.649891871969597
2023-09-07,-0.3216433115732967,HS,0.1,1.3889840348227065,2.649891871969597
2023-09-08,0.1425606062257059,HS,0.1,1.3889840348227065,2.649891871969597
2023-09-11,0.6700951498135518,HS,0.1,1.3889840348227065,2.649891871969597
2023-09-12,-0.5712169023003997,HS,0.1,1.3889840348227065,2.649891871969597
2023-09-13,0.1240862117534604,HS,0.1,1.3889840348227065,2.649891871969597
2023-09-14,0.839458553366625,HS,0.1,1.3889840348227065,2.649891871969597
2023-09-15,-1.2234145842493929,HS,0.1,1.3889840348227065,2.649891871969597
2023-09-18,0.0721027694175518,HS,0.1,1.3889840348227065,2.649891871969597
2023-09-19,-0.2153327361533126,HS,0.1,1.3889840348227065,2.649891871969597
2023-09-20,-0.943920420629104,HS,0.1,1.3889840348227065,2.649891871969597
2023-09-21,-1.6536918318488083,HS,0.1,1.3889840348227065,2.649891871969597
2023-09-22,-0.2298237402760749,HS,0.1,1.3949787013254886,2.652492589649749
2023-09-25,0.4014994203806617,HS,0.1,1.3889840348227065,2.6483633861004416
2023-09-26,-1.4844165482264944,HS,0.1,1.3889840348227065,2.6483633861004416
2023-09-27,0.0229287772294792,HS,0.1,1.3949787013254886,2.64927135094437
2023-09-28,0.5875877143000698,HS,0.1,1.3949787013254886,2.64927135094437
2023-09-29,-0.2713259648289315,HS,0.1,1.3889840348227065,2.647524392030596
2023-10-02,0.0079364406152993,HS,0.1,1.3889840348227065,2.647524392030596
2023-10-03,-1.3839395863449198,HS,0.1,1.3889840348227065,2.647524392030596
2023-10-04,0.8077047607828945,HS,0.1,1.3889840348227065,2.647524392030596
2023-10-05,-0.1304881146995122,HS,0.1,1.3889840348227065,2.647524392030596
2023-10-06,1.1745642093961115,HS,0.1,1.3889840348227065,2.647524392030596
2023-10-09,0.6284068119387409,HS,0.1,1.3889840348227065,2.647524392030596
2023-10-10,0.5194476099985355,HS,0.1,1.3889840348227065,2.647524392030596
2023-10-11,0.4283819500095073,HS,0.1,1.3889840348227065,2.647524392030596
2023-10-12,-0.6266024940654918,HS,0.1,1.3889840348227065,2.647524392030596
2023-10-13,-0.5031495660219892,HS,0.1,1.3889840348227065,2.647524392030596
2023-10-16,1.0538642302589984,HS,0.1,1.3889840348227065,2.647524392030596
2023-10-17,-0.0098249879443765,HS,0.1,1.3889840348227065,2.647524392030596
2023-10-18,-1.3490408251151895,HS,0.1,1.3889840348227065,2.647524392030596
2023-10-19,-0.8519032328057976,HS,0.1,1.3889840348227065,2.647524392030596
2023-10-20,-1.2665149196155916,HS,0.1,1.3889840348227065,2.647524392030596
2023-10-23,-0.1686992065434917,HS,0.1,1.3889840348227065,2.647524392030596
2023-10-24,0.723952351962882,HS,0.1,1.3889840348227065,2.647524392030596
2023-10-25,-1.4443434657238052,HS,0.1,1.3889840348227065,2.647524392030596
2023-10-26,-1.1903081205584871,HS,0.1,1.3949787013254886,2.648031626049498
2023-10-27,-0.481183857862075,HS,0.1,1.3949787013254886,2.648031626049498
2023-10-30,1.1938474300285915,HS,0.1,1.3949787013254886,2.648031626049498
2023-10-31,0.6454084821688244,HS,0.1,1.3949787013254886,2.648031626049498
2023-11-01,1.0451194990191868,HS,0.1,1.3949787013254886,2.648031626049498
2023-11-02,1.8682938934086477,HS,0.1,1.3949787013254886,2.648031626049498
2023-11-03,0.934988354455146,HS,0.1,1.3949787013254886,2.648031626049498
2023-11-06,0.1751457724100586,HS,0.1,1.3949787013254886,2.648031626049498
2023-11-07,0.2836093401711954,HS,0.1,1.3949787013254886,2.648031626049498
2023-11-08,0.1004411032419886,HS,0.1,1.3949787013254886,2.648031626049498
2023-11-09,-0.8116690699068705,HS,0.1,1.3949787013254886,2.648031626049498
2023-11-10,1.5495759270772258,HS,0.1,1.3949787013254886,2.648031626049498
2023-11-13,-0.0836188441370084,HS,0.1,1.3949787013254886,2.648031626049498
2023-11-14,1.889537047457725,HS,0.1,1.3949787013254886,2.648031626049498
2023-11-15,0.1595738207847176,HS,0.1,1.3949787013254886,2.648031626049498
2023-11-16,0.118971939671373,HS,0.1,1.3949787013254886,2.648031626049498
2023-11-17,0.1281227937177987,HS,0.1,1.3949787013254886,2.648031626049498
2023-11-20,0.7363103793795632,HS,0.1,1.3949787013254886,2.648031626049498
2023-11-21,-0.2022975931757968,HS,0.1,1.3949787013254886,2.648031626049498
2023-11-22,0.4052905094313324,HS,0.1,1.3949787013254886,2.648031626049498
2023-11-24,0.0596695609645032,HS,0.1,1.3949787013254886,2.648031626049498
2023-11-27,-0.1956069316898358,HS,0.1,1.3949787013254886,2.648031626049498
2023-11-28,0.0979638528050291,HS,0.1,1.3949787013254886,2.648031626049498
2023-11-29,-0.0946696615101938,HS,0.1,1.3949787013254886,2.648031626049498
2023-11-30,0.3776931264994605,HS,0.1,1.3949787013254886,2.648031626049498
2023-12-01,0.5856558953846637,HS,0.1,1.3949787013254886,2.648031626049498
2023-12-04,-0.5423188063826943,HS,0.1,1.3949787013254886,2.648031626049498
2023-12-05,-0.0569031593934802,HS,0.1,1.3949787013254886,2.648031626049498
2023-12-06,-0.3913851944943747,HS,0.1,1.3949787013254886,2.648031626049498
2023-12-07,0.7936610684821922,HS,0.1,1.3949787013254886,2.648031626049498
2023-12-08,0.4087134146503793,HS,0.1,1.3949787013254886,2.648031626049498
2023-12-11,0.3916813547781492,HS,0.1,1.3949787013254886,2.648031626049498
2023-12-12,0.45888127956924,HS,0.1,1.3949787013254886,2.648031626049498
2023-12-13,1.355834517501981,HS,0.1,1.3949787013254886,2.648031626049498
2023-12-14,0.2643565185154432,HS,0.1,1.3949787013254886,2.648031626049498
2023-12-15,-0.0076252400448594,HS,0.1,1.3949787013254886,2.648031626049498
2023-12-18,0.4518122263400515,HS,0.1,1.3949787013254886,2.648031626049498
2023-12-19,0.5849267450818904,HS,0.1,1.3949787013254886,2.648031626049498
2023-12-20,-1.4793147965305629,HS,0.1,1.3949787013254886,2.648031626049498
2023-12-21,1.0248769307271877,HS,0.1,1.4099460872210936,2.648752709627281
2023-12-22,0.1658682152761075,HS,0.1,1.4099460872210936,2.648752709627281
2023-12-26,0.4222761046978559,HS,0.1,1.4099460872210936,2.648752709627281
2023-12-27,0.1429435616422998,HS,0.1,1.4099460872210936,2.648752709627281
2023-12-28,0.0370106110327118,HS,0.1,1.4099460872210936,2.648752709627281
2023-12-29,-0.2830477036733835,HS,0.1,1.4099460872210936,2.648752709627281
2024-01-02,-0.5676660799723162,HS,0.1,1.4099460872210936,2.648752709627281
2024-01-03,-0.8048618327197647,HS,0.1,1.4099460872210936,2.648752709627281
2024-01-04,-0.3434271663317428,HS,0.1,1.4099460872210936,2.648752709627281
2024-01-05,0.182402163943398,HS,0.1,1.4099460872210936,2.648752709627281
2024-01-08,1.401594543635314,HS,0.1,1.4099460872210936,2.648752709627281
2024-01-09,-0.1478993852317584,HS,0.1,1.4099460872210936,2.648752709627281
2024-01-10,0.5649980650495912,HS,0.1,1.4099460872210936,2.648752709627281
2024-01-11,-0.0671280836961164,HS,0.1,1.4099460872210936,2.648752709627281
2024-01-12,0.0750693753033959,HS,0.1,1.4099460872210936,2.648752709627281
2024-01-16,-0.3738319052356834,HS,0.1,1.4099460872210936,2.648752709627281
2024-01-17,-0.5632731271107821,HS,0.1,1.4099460872210936,2.648752709627281
2024-01-18,0.8766720726243148,HS,0.1,1.3949787013254886,2.64696902165796
2024-01-19,1.2238308232548512,HS,0.1,1.3949787013254886,2.64696902165796
2024-01-22,0.2191921187231685,HS,0.1,1.3949787013254886,2.64696902165796
2024-01-23,0.2917115340764486,HS,0.1,1.3949787013254886,2.64696902165796
2024-01-24,0.0811598976216865,HS,0.1,1.3889840348227065,2.6430407787249335
2024-01-25,0.524657813497798,HS,0.1,1.3889840348227065,2.6430407787249335
2024-01-26,-0.0651997755426364,HS,0.1,1.3889840348227065,2.6430407787249335
2024-01-29,0.7528365505246204,HS,0.1,1.3889840348227065,2.6430407787249335
2024-01-30,-0.0600830396978616,HS,0.1,1.3889840348227065,2.6430407787249335
2024-01-31,-1.6236851740733682,HS,0.1,1.3889840348227065,2.6430407787249335
2024-02-01,1.2416286114049784,HS,0.1,1.3949787013254886,2.6453414298273312
2024-02-02,1.062777072263312,HS,0.1,1.3949787013254886,2.6453414298273312
2024-02-05,-0.3191424709283971,HS,0.1,1.3949787013254886,2.6453414298273312
2024-02-06,0.2307745931748107,HS,0.1,1.3949787013254886,2.6453414298273312
2024-02-07,0.8207682594008627,HS,0.1,1.3949787013254886,2.6453414298273312
2024-02-08,0.0570420540090595,HS,0.1,1.3949787013254886,2.6453414298273312
2024-02-09,0.5725917128795516,HS,0.1,1.3949787013254886,2.6453414298273312
2024-02-12,-0.0949404142652441,HS,0.1,1.3949787013254886,2.6453414298273312
2024-02-13,-1.3768609419845443,HS,0.1,1.3949787013254886,2.6453414298273312
2024-02-14,0.9534168304216808,HS,0.1,1.3889840348227065,2.6251895510452266
2024-02-15,0.580437267404004,HS,0.1,1.3843925197592435,2.6083263358747546
2024-02-16,-0.4815043575961042,HS,0.1,1.3843925197592435,2.6083263358747546
2024-02-20,-0.602342646581725,HS,0.1,1.3775688064205818,2.576997595385943
2024-02-21,0.1263401495103598,HS,0.1,1.3775688064205818,2.576997595385943
2024-02-22,2.090288866640342,HS,0.1,1.3775688064205818,2.576997595385943
2024-02-23,0.0347887026502183,HS,0.1,1.3571279527591753,2.5622557198828737
2024-02-26,-0.3793939244668484,HS,0.1,1.3571279527591753,2.5622557198828737
2024-02-27,0.1704895538720964,HS,0.1,1.3512169656352222,2.541294291426901
2024-02-28,-0.1659531321112244,HS,0.1,1.3492171232475751,2.537601385838905
2024-02-29,0.5215470455799964,HS,0.1,1.3239260943670932,2.4720813811496853
2024-03-01,0.7975936433387976,HS,0.1,1.3239260943670932,2.4720813811496853
2024-03-04,-0.1193974574963011,HS,0.1,1.315823787404946,2.435189844028364
2024-03-05,-1.0245406275917994,HS,0.1,1.307909043325945,2.3483973275206917
2024-03-06,0.5127932853001643,HS,0.1,1.307909043325945,2.3483973275206917
2024-03-07,1.0251402284983626,HS,0.1,1.3055307588627767,2.2338160820965176
2024-03-08,-0.6549922992050338,HS,0.1,1.3055307588627767,2.2338160820965176
2024-03-11,-0.11228682680281,HS,0.1,1.3047007971443596,2.19364737907973
2024-03-12,1.1139512586668012,HS,0.1,1.3047007971443596,2.19364737907973
2024-03-13,-0.1926384002121972,HS,0.1,1.2990163735058795,2.162366033959602
2024-03-14,-0.2875221051495188,HS,0.1,1.2697027147844209,2.1456184616630636
2024-03-15,-0.6504022859737666,HS,0.1,1.2697027147844209,2.1456184616630636
2024-03-18,0.6298184238480455,HS,0.1,1.2697027147844209,2.1456184616630636
2024-03-19,0.563325304434312,HS,0.1,1.2697027147844209,2.1456184616630636
2024-03-20,0.8864765516360184,HS,0.1,1.2634558086220429,2.1240157653175933
2024-03-21,0.3231309094528888,HS,0.1,1.2634558086220429,2.1240157653175933
2024-03-22,-0.1403171834326712,HS,0.1,1.24198564784227,2.120504613603183
2024-03-25,-0.3059640382031929,HS,0.1,1.2353405068470371,2.0877546292826428
2024-03-26,-0.2803721982805726,HS,0.1,1.2353405068470371,2.0877546292826428
2024-03-27,0.8593595582706042,HS,0.1,1.225679452642916,2.0848503987091935
2024-03-28,0.1115862700761605,HS,0.1,1.225679452642916,2.0848503987091935
2024-04-01,-0.2015614526957724,HS,0.1,1.225679452642916,2.0848503987091935
2024-04-02,-0.7265388203672426,HS,0.1,1.225679452642916,2.0848503987091935
2024-04-03,0.1090527523337897,HS,0.1,1.225679452642916,2.0848503987091935
2024-04-04,-1.241103561926225,HS,0.1,1.225679452642916,2.0848503987091935
2024-04-05,1.1038050135699558,HS,0.1,1.2353405068470371,2.084912804075961
2024-04-08,-0.0374701190041576,HS,0.1,1.225679452642916,2.0749847016560867
2024-04-09,0.144444947363452,HS,0.1,1.225679452642916,2.0749847016560867
2024-04-10,-0.9501981832212592,HS,0.1,1.225679452642916,2.0749847016560867
2024-04-11,0.7417221983342437,HS,0.1,1.2235390313931165,2.069188446597605
2024-04-12,-1.4657587802248535,HS,0.1,1.222004692940674,2.0502674772037683
2024-04-15,-1.2094195787459194,HS,0.1,1.2235390313931165,2.052690919163523
2024-04-16,-0.2058624527503996,HS,0.1,1.2235390313931165,2.052690919163523
2024-04-17,-0.5797375076004185,HS,0.1,1.2235390313931165,2.052690919163523
2024-04-18,-0.2210601700485304,HS,0.1,1.2235390313931165,2.052690919163523
2024-04-19,-0.8797129654056974,HS,0.1,1.2235390313931165,2.052690919163523
2024-04-22,0.869335115683908,HS,0.1,1.2235390313931165,2.052690919163523
2024-04-23,1.189356656772209,HS,0.1,1.2235390313931165,2.052690919163523
2024-04-24,0.02129873779329,HS,0.1,1.222004692940674,2.036464853991241
2024-04-25,-0.4586934270119409,HS,0.1,1.222004692940674,2.036464853991241
2024-04-26,1.0157381332325344,HS,0.1,1.222004692940674,2.036464853991241
2024-04-29,0.3173408076639394,HS,0.1,1.222004692940674,2.036464853991241
2024-04-30,-1.5855551118928124,HS,0.1,1.222004692940674,2.036464853991241
2024-05-01,-0.3441353485631687,HS,0.1,1.2235390313931165,2.0400862592676754
2024-05-02,0.9087024725084856,HS,0.1,1.2235390313931165,2.0400862592676754
2024-05-03,1.2478557659508005,HS,0.1,1.222004692940674,2.031607039338122
2024-05-06,1.027317369124784,HS,0.1,1.2205190139084785,2.02620852309735
2024-05-07,0.1342528228825613,HS,0.1,1.2205190139084785,2.02620852309735
2024-05-08,-0.0005835635193424,HS,0.1,1.2205190139084785,2.02620852309735
2024-05-09,0.5078032639106711,HS,0.1,1.2205190139084785,2.02620852309735
2024-05-10,0.1648040080166728,HS,0.1,1.2205190139084785,2.02620852309735
2024-05-13,-0.0241333173865208,HS,0.1,1.2205190139084785,2.02620852309735
2024-05-14,0.4826148527454041,HS,0.1,1.2205190139084785,2.02620852309735
2024-05-15,1.164782778729962,HS,0.1,1.2205190139084785,2.02620852309735
2024-05-16,-0.2083837474088046,HS,0.1,1.2205190139084785,2.02620852309735
2024-05-17,0.1164095687893751,HS,0.1,1.2205190139084785,2.02620852309735
2024-05-20,0.0915970308491166,HS,0.1,1.2205190139084785,2.02620852309735
2024-05-21,0.2498749766892608,HS,0.1,1.2205190139084785,2.02620852309735
2024-05-22,-0.2709791209352147,HS,0.1,1.2205190139084785,2.02620852309735
2024-05-23,-0.7408162283471933,HS,0.1,1.2205190139084785,2.02620852309735
2024-05-24,0.6976649076673259,HS,0.1,1.2205190139084785,2.02620852309735
2024-05-28,0.0248770906885915,HS,0.1,1.2205190139084785,2.02620852309735
2024-05-29,-0.7394317215742535,HS,0.1,1.2205190139084785,2.02620852309735
2024-05-30,-0.5992957535754186,HS,0.1,1.2205190139084785,2.02620852309735
2024-05-31,0.7995824231928896,HS,0.1,1.2205190139084785,2.02620852309735
2024-06-03,0.1115460223535239,HS,0.1,1.2205190139084785,2.02620852309735
2024-06-04,0.1501681003782753,HS,0.1,1.210514755323927,1.977659543546321
2024-06-05,1.1778015849957282,HS,0.1,1.210514755323927,1.977659543546321
2024-06-06,-0.0199836601636851,HS,0.1,1.210514755323927,1.977659543546321
2024-06-07,-0.1115842050279066,HS,0.1,1.210514755323927,1.977659543546321
2024-06-10,0.2577529978240972,HS,0.1,1.210514755323927,1.977659543546321
2024-06-11,0.2706714855209522,HS,0.1,1.210514755323927,1.977659543546321
2024-06-12,0.8467720241887338,HS,0.1,1.210514755323927,1.977659543546321
2024-06-13,0.234191143711672,HS,0.1,1.210514755323927,1.977659543546321
2024-06-14,-0.0393938280997494,HS,0.1,1.210514755323927,1.977659543546321
2024-06-17,0.7635164372320518,HS,0.1,1.2093542977399665,1.9635584737381175
2024-06-18,0.2518154181517116,HS,0.1,1.2093542977399665,1.9635584737381175
2024-06-20,-0.252912739541154,HS,0.1,1.199242969480827,1.9511267399062353
2024-06-21,-0.1563351718825249,HS,0.1,1.199242969480827,1.9511267399062353
2024-06-24,-0.3069879155866442,HS,0.1,1.199242969480827,1.9511267399062353
2024-06-25,0.3925873679181343,HS,0.1,1.199242969480827,1.9511267399062353
2024-06-26,0.1571196224720452,HS,0.1,1.199242969480827,1.9511267399062353
2024-06-27,0.0906909856799073,HS,0.1,1.199242969480827,1.9511267399062353
2024-06-28,-0.4092013462369599,HS,0.1,1.199242969480827,1.9511267399062353
2024-07-01,0.2671990981429523,HS,0.1,1.199242969480827,1.9511267399062353
2024-07-02,0.6176205771185049,HS,0.1,1.199242969480827,1.9511267399062353
2024-07-03,0.5071562269533664,HS,0.1,1.199242969480827,1.9511267399062353
2024-07-05,0.543397436096954,HS,0.1,1.199242969480827,1.9511267399062353
2024-07-08,0.1016182476404432,HS,0.1,1.199242969480827,1.9511267399062353
2024-07-09,0.0740797478065475,HS,0.1,1.199242969480827,1.9511267399062353
2024-07-10,1.0156314878105883,HS,0.1,1.199242969480827,1.9511267399062353
2024-07-11,-0.8801649969266724,HS,0.1,1.199242969480827,1.9511267399062353
2024-07-12,0.550186402496512,HS,0.1,1.199242969480827,1.9511267399062353
2024-07-15,0.2822216423352684,HS,0.1,1.199242969480827,1.9511267399062353
2024-07-16,0.6369049971453274,HS,0.1,1.199242969480827,1.9511267399062353
2024-07-17,-1.4025441523645543,HS,0.1,1.1910893379527874,1.950711564439003
2024-07-18,-0.7847112145350073,HS,0.1,1.199242969480827,1.9527558030176335
2024-07-19,-0.7165879226406084,HS,0.1,1.199242969480827,1.9527558030176335
2024-07-22,1.0734217246220292,HS,0.1,1.199242969480827,1.9527558030176335
2024-07-23,-0.155931769394619,HS,0.1,1.199242969480827,1.9527558030176335
2024-07-24,-2.3421242222892857,HS,0.1,1.199242969480827,1.9527558030176335
2024-07-25,-0.5155889019717259,HS,0.1,1.2093542977399665,1.964083574797578
2024-07-26,1.1029420409570925,HS,0.1,1.2093542977399665,1.964083574797578
2024-07-29,0.0812979571828451,HS,0.1,1.2093542977399665,1.964083574797578
2024-07-30,-0.4972514361367621,HS,0.1,1.2093542977399665,1.964083574797578
2024-07-31,1.5669980701917767,HS,0.1,1.2093542977399665,1.964083574797578
2024-08-01,-1.3788123791990166,HS,0.1,1.2093542977399665,1.964083574797578
2024-08-02,-1.855290660855327,HS,0.1,1.210514755323927,1.9657775028021087
2024-08-05,-3.04270413923931,HS,0.1,1.2205190139084785,1.9721266959654025
2024-08-06,1.0300849493599515,HS,0.1,1.222004692940674,1.9903352569742871
2024-08-07,-0.7764715388769489,HS,0.1,1.222004692940674,1.9903352569742871
2024-08-08,2.278113959089888,HS,0.1,1.222004692940674,1.9903352569742871
2024-08-09,0.4660798434381699,HS,0.1,1.222004692940674,1.9903352569742871
2024-08-12,0.0043033051720097,HS,0.1,1.222004692940674,1.9903352569742871
2024-08-13,1.6707233419049987,HS,0.1,1.222004692940674,1.9903352569742871
2024-08-14,0.381643656119841,HS,0.1,1.222004692940674,1.9903352569742871
2024-08-15,1.6004489931304131,HS,0.1,1.222004692940674,1.9903352569742871
2024-08-16,0.1987802368396151,HS,0.1,1.222004692940674,1.9903352569742871
2024-08-19,0.9675327436177776,HS,0.1,1.222004692940674,1.9903352569742871
2024-08-20,-0.1986527237609709,HS,0.1,1.222004692940674,1.9903352569742871
2024-08-21,0.4230714721006796,HS,0.1,1.222004692940674,1.9903352569742871
2024-08-22,-0.8972942256657219,HS,0.1,1.222004692940674,1.9903352569742871
2024-08-23,1.141793740166443,HS,0.1,1.222004692940674,1.9903352569742871
2024-08-26,-0.3158710169605814,HS,0.1,1.222004692940674,1.9903352569742871
2024-08-27,0.1593925112723203,HS,0.1,1.222004692940674,1.9903352569742871
2024-08-28,-0.5993900794735212,HS,0.1,1.2205190139084785,1.9667961432156105
2024-08-29,-0.0039379843436586,HS,0.1,1.2205190139084785,1.9667961432156105
2024-08-30,1.004245707914417,HS,0.1,1.210514755323927,1.950851027574403
2024-09-03,-2.1377963372397697,HS,0.1,1.210514755323927,1.950851027574403
2024-09-04,-0.1603829027380963,HS,0.1,1.210514755323927,1.9544877450214055
2024-09-05,-0.3022581014674196,HS,0.1,1.210514755323927,1.9544877450214055
2024-09-06,-1.7410944507424406,HS,0.1,1.210514755323927,1.9544877450214055
2024-09-09,1.1513534435818251,HS,0.1,1.2205190139084785,1.9596949760835696
2024-09-10,0.4462699977793541,HS,0.1,1.2205190139084785,1.9596949760835696
2024-09-11,1.060855564984334,HS,0.1,1.2205190139084785,1.9596949760835696
2024-09-12,0.746735215680267,HS,0.1,1.2205190139084785,1.9596949760835696
2024-09-13,0.5393142234356035,HS,0.1,1.2205190139084785,1.9596949760835696
2024-09-16,0.1255840867310285,HS,0.1,1.2205190139084785,1.9596949760835696
2024-09-17,0.026451509389645,HS,0.1,1.210514755323927,1.947891350614456
2024-09-18,-0.2900658708313291,HS,0.1,1.210514755323927,1.947891350614456
2024-09-19,1.6834356892725129,HS,0.1,1.210514755323927,1.947891350614456
2024-09-20,-0.1942913630015734,HS,0.1,1.210514755323927,1.947891350614456
2024-09-23,0.2805334425713122,HS,0.1,1.210514755323927,1.947891350614456
2024-09-24,0.2508031103345345,HS,0.1,1.210514755323927,1.947891350614456
2024-09-25,-0.1862983206212128,HS,0.1,1.210514755323927,1.947891350614456
2024-09-26,0.4030542158199222,HS,0.1,1.210514755323927,1.947891350614456
2024-09-27,-0.1254002900072123,HS,0.1,1.210514755323927,1.947891350614456
2024-09-30,0.4227603658441509,HS,0.1,1.2093542977399665,1.945913482014392
2024-10-01,-0.9367848694454448,HS,0.1,1.2093542977399665,1.945913482014392
2024-10-02,0.0138381326986477,HS,0.1,1.2093542977399665,1.945913482014392
2024-10-03,-0.1682828654458689,HS,0.1,1.2093542977399665,1.945913482014392
2024-10-04,0.8930255699186382,HS,0.1,1.2093542977399665,1.945913482014392
2024-10-07,-0.9632263829388772,HS,0.1,1.2093542977399665,1.945913482014392
2024-10-08,0.9642706804694384,HS,0.1,1.2093542977399665,1.945913482014392
2024-10-09,0.7088231016994585,HS,0.1,1.2093542977399665,1.945913482014392
2024-10-10,-0.2072268505982484,HS,0.1,1.2093542977399665,1.945913482014392
2024-10-11,0.603360870729872,HS,0.1,1.199242969480827,1.9415422889423977
2024-10-14,0.7678114574594324,HS,0.1,1.199242969480827,1.9415422889423977
2024-10-15,-0.7638566037513421,HS,0.1,1.199242969480827,1.9415422889423977
2024-10-16,0.4668232782779766,HS,0.1,1.199242969480827,1.9415422889423977
2024-10-17,-0.0171175128538166,HS,0.1,1.199242969480827,1.9415422889423977
2024-10-18,0.3963686942774387,HS,0.1,1.1910893379527874,1.9347590189020905
2024-10-21,-0.1824432756419033,HS,0.1,1.1910893379527874,1.9347590189020905
2024-10-22,-0.0474966667195793,HS,0.1,1.188729543271882,1.9107365579990976
2024-10-23,-0.9233824267679565,HS,0.1,1.188729543271882,1.9107365579990976
2024-10-24,0.2143473130556828,HS,0.1,1.1731036368607033,1.9104183860117936
2024-10-25,-0.029949201318627,HS,0.1,1.1731036368607033,1.9104183860117936
2024-10-28,0.2647934626732945,HS,0.1,1.1731036368607033,1.9104183860117936
2024-10-29,0.1612825944901219,HS,0.1,1.1731036368607033,1.9104183860117936
2024-10-30,-0.3305691672488118,HS,0.1,1.1731036368607033,1.9104183860117936
2024-10-31,-1.8790134928745348,HS,0.1,1.1731036368607033,1.9104183860117936
2024-11-01,0.4084158004525459,HS,0.1,1.188729543271882,1.9173229794825832
2024-11-04,-0.2816044813190291,HS,0.1,1.188729543271882,1.9173229794825832
2024-11-05,1.2191031029563082,HS,0.1,1.188729543271882,1.9173229794825832
2024-11-06,2.4981280957186653,HS,0.1,1.188729543271882,1.9173229794825832
2024-11-07,0.7403754173995657,HS,0.1,1.188729543271882,1.9173229794825832
2024-11-08,0.3749794035718046,HS,0.1,1.188729543271882,1.9173229794825832
2024-11-11,0.0968594190956923,HS,0.1,1.188729543271882,1.9173229794825832
2024-11-12,-0.2896851476936499,HS,0.1,1.188729543271882,1.9173229794825832
2024-11-13,0.0232200764140183,HS,0.1,1.188729543271882,1.9173229794825832
2024-11-14,-0.6068108582244001,HS,0.1,1.188729543271882,1.9173229794825832
2024-11-15,-1.3291430866793768,HS,0.1,1.188729543271882,1.9173229794825832
2024-11-18,0.3910159746206537,HS,0.1,1.1910893379527874,1.9187113291437925
2024-11-19,0.3955750520596487,HS,0.1,1.1910893379527874,1.9187113291437925
2024-11-20,0.0021950621335444,HS,0.1,1.1910893379527874,1.9187113291437925
2024-11-21,0.5326251844288491,HS,0.1,1.1910893379527874,1.9187113291437925
2024-11-22,0.3461959591536465,HS,0.1,1.1910893379527874,1.9187113291437925
2024-11-25,0.3015927820124541,HS,0.1,1.1910893379527874,1.9187113291437925
2024-11-26,0.5705697155263866,HS,0.1,1.1910893379527874,1.9187113291437925
2024-11-27,-0.3808481083577711,HS,0.1,1.1910893379527874,1.9187113291437925
2024-11-29,0.5592120396801623,HS,0.1,1.1910893379527874,1.9187113291437925
2024-12-02,0.2445463880581373,HS,0.1,1.1910893379527874,1.9187113291437925
2024-12-03,0.0451347242022181,HS,0.1,1.1910893379527874,1.9187113291437925
2024-12-04,0.603318162813612,HS,0.1,1.1910893379527874,1.9187113291437925
2024-12-05,-0.1871525839382334,HS,0.1,1.1910893379527874,1.9187113291437925
2024-12-06,0.2492345367538312,HS,0.1,1.1910893379527874,1.9187113291437925
2024-12-09,-0.6163167285227462,HS,0.1,1.1910893379527874,1.9187113291437925
2024-12-10,-0.2968284314279252,HS,0.1,1.1910893379527874,1.9187113291437925
2024-12-11,0.8132626411368236,HS,0.1,1.1910893379527874,1.9187113291437925
2024-12-12,-0.5428731461463251,HS,0.1,1.1910893379527874,1.9187113291437925
2024-12-13,-0.0026466989371873,HS,0.1,1.1910893379527874,1.9187113291437925
2024-12-16,0.3792155008784429,HS,0.1,1.1910893379527874,1.9187113291437925
2024-12-17,-0.3871479480655496,HS,0.1,1.1910893379527874,1.9187113291437925
2024-12-18,-2.993650530451818,HS,0.1,1.1910893379527874,1.9187113291437925
2024-12-19,-0.0865486750536793,HS,0.1,1.199242969480827,1.9366666315032952
2024-12-20,1.08104794023973,HS,0.1,1.199242969480827,1.9366666315032952
2024-12-23,0.7260849585616372,HS,0.1,1.199242969480827,1.9366666315032952
2024-12-24,1.0982233165126825,HS,0.1,1.199242969480827,1.9366666315032952
2024-12-26,-0.0405741088257819,HS,0.1,1.1910893379527874,1.9337830717362845
2024-12-27,-1.1117304964912211,HS,0.1,1.1910893379527874,1.9337830717362845
2024-12-30,-1.0759673941729728,HS,0.1,1.1910893379527874,1.9337830717362845
2023-01-04,0.7510694562138917,NN-t,0.01,3.743163354125608,5.425941257630005
2023-01-05,-1.1713869136457158,NN-t,0.01,3.1113553847683235,4.517180040524246
2023-01-06,2.258383558903089,NN-t,0.01,3.930951397133117,5.696046255981029
2023-01-09,-0.0767927325990578,NN-t,0.01,2.8839183082009296,4.190045840671378
2023-01-10,0.6953997970593733,NN-t,0.01,3.867801404917045,5.605214442249911
2023-01-11,1.2767571192293676,NN-t,0.01,3.53799377974422,5.130835527454475
2023-01-12,0.341008491204273,NN-t,0.01,3.473681321358408,5.038331680095272
2023-01-13,0.3988892144656051,NN-t,0.01,3.5840772600446256,5.197119717710681
2023-01-17,-0.2032555430996314,NN-t,0.01,2.5870213426237005,3.763003984793182
2023-01-18,-1.5684966977744674,NN-t,0.01,2.8833101368324097,4.189171077167481
2023-01-19,-0.7667671901812427,NN-t,0.01,3.636488384713904,5.272505277492061
2023-01-20,1.874167355235196,NN-t,0.01,3.260924975538251,4.732313514526417
2023-01-23,1.1811315951328556,NN-t,0.01,2.574719737704228,3.7453099669884584
2023-01-24,-0.0711756364291819,NN-t,0.01,2.9876449616973964,4.339241109565575
2023-01-25,-0.0181741573465663,NN-t,0.01,3.4319707167968443,4.978337217211014
2023-01-26,1.0947708029114305,NN-t,0.01,2.9225871051569414,4.24566511850592
2023-01-27,0.2491734021703855,NN-t,0.01,2.674778664651512,3.8892297600980794
2023-01-30,-1.3053569315292664,NN-t,0.01,2.312271449258513,3.3678173780965017
2023-01-31,1.4536304416419528,NN-t,0.01,3.277158302186675,4.7556627256762924
2023-02-01,1.039805629688473,NN-t,0.01,2.40572732026438,3.4970972582187843
2023-02-02,1.459238462685438,NN-t,0.01,2.6863534284558783,3.900190566520115
2023-02-03,-1.0408592637285454,NN-t,0.01,2.6838333536823433,3.896570713455918
2023-02-06,-0.6159393193939262,NN-t,0.01,4.198250612138475,6.071890275822313
2023-02-07,1.2790364037397075,NN-t,0.01,3.816413648791112,5.523416985937285
2023-02-08,-1.1142573012411352,NN-t,0.01,2.6213103365802466,3.806762213558728
2023-02-09,-0.8869009831037385,NN-t,0.01,3.972123973121968,5.747080386950446
2023-02-10,0.2192855709217127,NN-t,0.01,3.7171996486588945,5.380905300902571
2023-02-13,1.1383569951155146,NN-t,0.01,2.5724300130050475,3.736550174245119
2023-02-14,-0.0280453855493762,NN-t,0.01,2.450283237360421,3.5610976897623345
2023-02-15,0.2769337533076689,NN-t,0.01,2.5184277768933963,3.658980983872209
2023-02-16,-1.3884689204881606,NN-t,0.01,2.1867314914188114,3.1825301150458
2023-02-17,-0.2771242172282734,NN-t,0.01,3.505102968181013,5.076248142790901
2023-02-21,-2.0244783973471696,NN-t,0.01,2.6876939611887822,3.902116117131478
2023-02-22,-0.1574795485643383,NN-t,0.01,3.806753890343915,5.509541641212713
2023-02-23,0.5315278263237728,NN-t,0.01,3.3294738486111015,4.823973244714863
2023-02-24,-1.0593464619774184,NN-t,0.01,2.9508763475795172,4.28015314120084
2023-02-27,0.3068292539552277,NN-t,0.01,3.849583118883165,5.571061845213471
2023-02-28,-0.3040619830947711,NN-t,0.01,2.8569211654543456,4.145195259202757
2023-03-01,-0.4736464203492832,NN-t,0.01,2.5047823896246,3.639380653978889
2023-03-02,0.7553593731195973,NN-t,0.01,2.6144656831685045,3.7900280893746943
2023-03-03,1.601874917648306,NN-t,0.01,2.1428045254954458,3.1135294517070027
2023-03-06,0.0686930778848301,NN-t,0.01,2.297305574198925,3.335128680869272
2023-03-07,-1.5445590479262548,NN-t,0.01,2.5262779695431026,3.663541379252242
2023-03-08,0.1413794135603272,NN-t,0.01,3.476345732638048,5.026213579347286
2023-03-09,-1.8631857945482353,NN-t,0.01,2.8772713189608514,4.166967448685159
2023-03-10,-1.458396943606664,NN-t,0.01,3.714230035072163,5.367408532336735
2023-03-13,-0.1510901840738767,NN-t,0.01,3.9093349652027456,5.647245481571124
2023-03-14,1.6342388235363663,NN-t,0.01,3.587192776143755,5.185200327993401
2023-03-15,-0.7005363929353597,NN-t,0.01,3.128790387665805,4.527718603530715
2023-03-16,1.7409576249031722,NN-t,0.01,4.123189996451558,5.953975503631761
2023-03-17,-1.10806212739537,NN-t,0.01,3.13156924848087,4.531704294370584
2023-03-20,0.8878869635940854,NN-t,0.01,4.046989190020892,5.844681488424222
2023-03-21,1.2898647518559103,NN-t,0.01,3.30820167836835,4.785046330794203
2023-03-22,-1.6600248639842885,NN-t,0.01,3.049631674193537,4.414182093363736
2023-03-23,0.2980083869182423,NN-t,0.01,4.131717984066361,5.966207106572999
2023-03-24,0.5623963084303207,NN-t,0.01,3.136188324229574,4.538329386134974
2023-03-27,0.1645599563767083,NN-t,0.01,2.8809736146504856,4.172277612453227
2023-03-28,-0.1575083288387886,NN-t,0.01,2.7969103021549815,4.05170648749224
2023-03-29,1.41368707750468,NN-t,0.01,2.6599830367061763,3.8553131508166594
2023-03-30,0.5698999199482653,NN-t,0.01,2.092771379238166,3.0353259338592444
2023-03-31,1.4333327782036556,NN-t,0.01,2.3141929187193475,3.352401653792672
2023-04-03,0.3692022565802823,NN-t,0.01,2.4204667970932907,3.5045858838115382
2023-04-04,-0.5813839745162529,NN-t,0.01,2.737512503228949,3.958595442955216
2023-04-05,-0.2495481657121423,NN-t,0.01,3.349693239137016,4.8352384652295815
2023-04-06,0.3572773132803247,NN-t,0.01,2.6876473832523384,3.887188574169109
2023-04-10,0.0995807017010084,NN-t,0.01,2.3228306291723864,3.364770858102655
2023-04-11,-0.004135333298352,NN-t,0.01,1.9095533059644645,2.772957590543612
2023-04-12,-0.4143456323461385,NN-t,0.01,1.8492295502214,2.686573951778667
2023-04-13,1.3175510497831548,NN-t,0.01,2.023439010217848,2.936041957813744
2023-04-14,-0.2071517584577988,NN-t,0.01,1.9163916386410775,2.782750085265046
2023-04-17,0.3300703582614753,NN-t,0.01,2.3168754286368136,3.356243008907906
2023-04-18,0.0854854803465975,NN-t,0.01,2.093586858450569,3.0364937003690846
2023-04-19,-0.0084265547939628,NN-t,0.01,2.1423061564601893,3.106259751708297
2023-04-20,-0.5970335188311131,NN-t,0.01,2.121949754640106,3.0771093773703675
2023-04-21,0.0902781257300886,NN-t,0.01,2.1427523172260967,3.1068986540769994
2023-04-24,0.0851216778272312,NN-t,0.01,1.7585625845767676,2.5567388261024933
2023-04-25,-1.593718381857645,NN-t,0.01,1.589427886416976,2.3145378807455184
2023-04-26,-0.3848583503344875,NN-t,0.01,2.915100648712962,4.212901727758964
2023-04-27,1.9377193402696355,NN-t,0.01,2.607500051916374,3.772417568404994
2023-04-28,0.8219331313243468,NN-t,0.01,2.472093274121019,3.5805639433658496
2023-05-01,-0.0386181048510787,NN-t,0.01,2.8890566194127265,4.1779039196765675
2023-05-02,-1.1653906680571788,NN-t,0.01,3.174119866949531,4.586284357557895
2023-05-03,-0.7022908054892971,NN-t,0.01,3.4251266137851597,4.945875592379099
2023-05-04,-0.7244913455062743,NN-t,0.01,3.427307074001815,4.948999310731971
2023-05-05,1.83061663818798,NN-t,0.01,2.8573431390344615,4.132471317910025
2023-05-08,0.0452026484882065,NN-t,0.01,2.419465786466322,3.5051700206531557
2023-05-09,-0.4589938949059595,NN-t,0.01,2.9035292220889466,4.198637310842449
2023-05-10,0.4473942241914432,NN-t,0.01,3.0228787606851593,4.369616969756786
2023-05-11,-0.1698064889706758,NN-t,0.01,2.472988780671268,3.5818468423725665
2023-05-12,-0.1584561589439047,NN-t,0.01,2.618026143309486,3.789626772528947
2023-05-15,0.2953797680316934,NN-t,0.01,1.8588628419451547,2.7020525443058836
2023-05-16,-0.6398107681917463,NN-t,0.01,1.7399342801543232,2.5316759750343016
2023-05-17,1.1820688622071571,NN-t,0.01,2.2201902285318935,3.219688674630811
2023-05-18,0.9400723063727155,NN-t,0.01,1.871022844903144,2.719472914611532
2023-05-19,-0.1446913880675441,NN-t,0.01,2.052443250737913,2.979375043053557
2023-05-22,0.0155022679802391,NN-t,0.01,2.357609130985716,3.4165544300103012
2023-05-23,-1.1285468768284297,NN-t,0.01,2.217693837660391,3.216112355319092
2023-05-24,-0.734551267830521,NN-t,0.01,2.983541750021719,4.313262929807795
2023-05-25,0.8719456079011882,NN-t,0.01,2.6973710023458057,3.903295891774848
2023-05-26,1.2964680931640788,NN-t,0.01,1.9130232434726415,2.7743405657393545
2023-05-30,0.0016603130665768,NN-t,0.01,2.0865097197942823,3.0223852586026014
2023-05-31,-0.6127358186214099,NN-t,0.01,2.3424581411527523,3.3883310597438476
2023-06-01,0.9806215085853812,NN-t,0.01,2.758473124018365,3.983134244633584
2023-06-02,1.4429812390107408,NN-t,0.01,2.072856919363581,3.0028649780518686
2023-06-05,-0.2005591490657713,NN-t,0.01,2.1915069127744977,3.172506449812892
2023-06-06,0.2351130233850576,NN-t,0.01,2.4172562483094366,3.495274689644051
2023-06-07,-0.3819293926420617,NN-t,0.01,2.1700286803626123,3.141797649479808
2023-06-08,0.616957160752325,NN-t,0.01,2.5445917662255955,3.677334410388729
2023-06-09,0.1147401023050523,NN-t,0.01,1.9712844123462616,2.8576402790398787
2023-06-12,0.927797498175416,NN-t,0.01,1.6914588783034272,2.4575558452638107
2023-06-13,0.6908570725908897,NN-t,0.01,1.7317522089718442,2.5151657929784386
2023-06-14,0.0819089980126584,NN-t,0.01,1.8185303007623004,2.6392379718698677
2023-06-15,1.2104580493589998,NN-t,0.01,1.880902138400285,2.7284149707821475
2023-06-16,-0.3678376467751089,NN-t,0.01,1.8765362460116328,2.7221727756579037
2023-06-20,-0.4746353835236048,NN-t,0.01,2.4263970879581938,3.5083439317617167
2023-06-21,-0.5259086366925201,NN-t,0.01,2.4017844052629247,3.4731536077138068
2023-06-22,0.3703930387334525,NN-t,0.01,2.404727319008901,3.4773612794108804
2023-06-23,-0.7688288056502157,NN-t,0.01,1.892700408883183,2.7452837114488395
2023-06-26,-0.4496934363132171,NN-t,0.01,2.429185853605826,3.5123312080797393
2023-06-27,1.139073352418076,NN-t,0.01,2.123434532025053,3.0679474884943008
2023-06-28,-0.0354139388389821,NN-t,0.01,1.79101887035681,2.59342627194186
2023-06-29,0.446356811449,NN-t,0.01,1.945861979240889,2.814463812813704
2023-06-30,1.21943502618858,NN-t,0.01,1.8493353453694512,2.6766726645130565
2023-07-03,0.1169993092673641,NN-t,0.01,1.865939511138981,2.700375004232113
2023-07-05,-0.1970258097612716,NN-t,0.01,2.0109437128234124,2.907367568430797
2023-07-06,-0.7954061175894762,NN-t,0.01,1.984022238634738,2.868937337378253
2023-07-07,-0.2869212795733482,NN-t,0.01,2.6043018939671003,3.754382551282746
2023-07-10,0.2402138610626312,NN-t,0.01,2.1520562314749383,3.108804780159194
2023-07-11,0.6719583998254874,NN-t,0.01,1.6537680950592206,2.397501673984809
2023-07-12,0.7383905235389678,NN-t,0.01,1.6662109622741286,2.4152637868124267
2023-07-13,0.8434482989627111,NN-t,0.01,1.7289333224251342,2.504799552048421
2023-07-14,-0.1024932196907483,NN-t,0.01,1.728853641692218,2.5046858083152608
2023-07-17,0.3847969574420413,NN-t,0.01,1.9110304101865376,2.764741972274805
2023-07-18,0.7092066941428338,NN-t,0.01,1.7839564327512407,2.5833446877361044
2023-07-19,0.2355134827233639,NN-t,0.01,1.7438632423374254,2.526111916587013
2023-07-20,-0.6779827396257692,NN-t,0.01,1.7406590630437968,2.5215379712775947
2023-07-21,0.0324042014613091,NN-t,0.01,2.2303421555375684,3.220557432662691
2023-07-24,0.4026038496874852,NN-t,0.01,1.7247932509444903,2.4988896266684013
2023-07-25,0.2810719575838704,NN-t,0.01,1.6681337549901056,2.4180085610333064
2023-07-26,-0.0155450978675918,NN-t,0.01,1.615305599916042,2.352227606378622
2023-07-27,-0.6445393055197076,NN-t,0.01,1.6514696098607264,2.403922170934391
2023-07-28,0.9829375810433848,NN-t,0.01,2.042846153206733,2.9633745108867435
2023-07-31,0.1467635436568791,NN-t,0.01,1.6598885617189336,2.415956623169962
2023-08-01,-0.2668645307682711,NN-t,0.01,1.755266436724969,2.552294317032815
2023-08-02,-1.3936200638336185,NN-t,0.01,1.9546336233814376,2.837279303948783
2023-08-03,-0.2551225450291527,NN-t,0.01,3.092622690181239,4.463975275093111
2023-08-04,-0.531416937393797,NN-t,0.01,2.3906343186903434,3.460519539876195
2023-08-07,0.8983618964856572,NN-t,0.01,2.4948980201759055,3.609559058876245
2023-08-08,-0.4227205100058866,NN-t,0.01,1.997009901573758,2.897853981701523
2023-08-09,-0.7063619102045117,NN-t,0.01,2.5696879442442015,3.716467351507048
2023-08-10,0.0250682521080863,NN-t,0.01,2.526942538848734,3.655365025684817
2023-08-11,-0.1070264899229486,NN-t,0.01,1.9472382469994236,2.8267079994286544
2023-08-14,0.573400487941905,NN-t,0.01,1.9800794784210185,2.8736528255254106
2023-08-15,-1.1618139396096483,NN-t,0.01,1.7169900052666542,2.4975801561858053
2023-08-16,-0.7584081792624527,NN-t,0.01,2.872164082092782,4.148841202153316
2023-08-17,-0.7742811377529081,NN-t,0.01,2.664380003086107,3.851824706960963
2023-08-18,-0.0148717883957202,NN-t,0.01,2.7849559584769072,4.024181741464528
2023-08-21,0.6855634859799785,NN-t,0.01,2.138980659767373,3.100793770062853
2023-08-22,-0.2781331046545683,NN-t,0.01,2.0027621074188455,2.9060764597080215
2023-08-23,1.098433071079136,NN-t,0.01,2.1279241890440956,3.066064557345918
2023-08-24,-1.354935398400801,NN-t,0.01,1.853056211949556,2.6749451736899603
2023-08-25,0.6695501060295156,NN-t,0.01,3.102596312865842,4.452960056652073
2023-08-28,0.6245078594196461,NN-t,0.01,2.1745269710223543,3.1323773070400023
2023-08-29,1.4404068712056506,NN-t,0.01,2.1690804561773476,3.124627268087595
2023-08-30,0.3825854181192944,NN-t,0.01,2.329448564183489,3.352820731089146
2023-08-31,-0.1598212974339857,NN-t,0.01,2.37744805492645,3.4211209071723343
2023-09-01,0.1797512765518541,NN-t,0.01,2.3129192864474124,3.3293006361375657
2023-09-05,-0.4202997821381205,NN-t,0.01,2.064595427630502,2.975951818882897
2023-09-06,-0.6996014491432261,NN-t,0.01,2.3994681924960934,3.4524541411317644
2023-09-07,-0.3216433115732967,NN-t,0.01,2.2848322793177895,3.289334638521553
2023-09-08,0.1425606062257059,NN-t,0.01,1.9925197755982729,2.8733928198411465
2023-09-11,0.6700951498135518,NN-t,0.01,1.7456447309076235,2.5221055715407266
2023-09-12,-0.5712169023003997,NN-t,0.01,1.7423356445112417,2.517396955260657
2023-09-13,0.1240862117534604,NN-t,0.01,2.2930015764604224,3.3009590208781416
2023-09-14,0.839458553366625,NN-t,0.01,1.7541227008456306,2.534169175354664
2023-09-15,-1.2234145842493929,NN-t,0.01,1.754414269145417,2.5345840582192
2023-09-18,0.0721027694175518,NN-t,0.01,2.9804062308862247,4.2790914595972005
2023-09-19,-0.2153327361533126,NN-t,0.01,2.0484522680448216,2.9529811451283496
2023-09-20,-0.943920420629104,NN-t,0.01,2.17858580447533,3.138152764971735
2023-09-21,-1.6536918318488083,NN-t,0.01,2.7838085883825654,3.994203398892851
2023-09-22,-0.2298237402760749,NN-t,0.01,3.293833440178554,4.718885739836172
2023-09-25,0.4014994203806617,NN-t,0.01,2.570104363224195,3.690556081292739
2023-09-26,-1.4844165482264944,NN-t,0.01,2.3339829841726853,3.3550567558868103
2023-09-27,0.0229287772294792,NN-t,0.01,3.4067290408490187,4.879296449016282
2023-09-28,0.5875877143000698,NN-t,0.01,2.627339191539033,3.771879705466404
2023-09-29,-0.2713259648289315,NN-t,0.01,2.163178434843483,3.112364580758906
2023-10-02,0.0079364406152993,NN-t,0.01,2.460732969331621,3.535152834805432
2023-10-03,-1.3839395863449198,NN-t,0.01,2.226974574487691,3.2030110181976155
2023-10-04,0.8077047607828945,NN-t,0.01,2.924940916034801,4.194735010687158
2023-10-05,-0.1304881146995122,NN-t,0.01,2.1677265697735124,3.1188269189301026
2023-10-06,1.1745642093961115,NN-t,0.01,2.333811326561037,3.354812851615456
2023-10-09,0.6284068119387409,NN-t,0.01,2.2370993648160677,3.2173970951326725
2023-10-10,0.5194476099985355,NN-t,0.01,2.380071627698693,3.4205430277100697
2023-10-11,0.4283819500095073,NN-t,0.01,2.157808750384642,3.1047349221451013
2023-10-12,-0.6266024940654918,NN-t,0.01,2.092450114749535,3.01186837082682
2023-10-13,-0.5031495660219892,NN-t,0.01,2.6368570043531587,3.785403342298046
2023-10-16,1.0538642302589984,NN-t,0.01,2.343263580102817,3.368243336815787
2023-10-17,-0.0098249879443765,NN-t,0.01,1.9916528918742116,2.868647962690525
2023-10-18,-1.3490408251151895,NN-t,0.01,2.113107461411818,3.0412199098433716
2023-10-19,-0.8519032328057976,NN-t,0.01,2.986560836098441,4.281309937873645
2023-10-20,-1.2665149196155916,NN-t,0.01,2.947447509690389,4.225722870728774
2023-10-23,-0.1686992065434917,NN-t,0.01,3.206028543294039,4.593212997427826
2023-10-24,0.723952351962882,NN-t,0.01,2.5874624472702688,3.7141193924887177
2023-10-25,-1.4443434657238052,NN-t,0.01,2.3771880947229715,3.4152817423244293
2023-10-26,-1.1903081205584871,NN-t,0.01,3.1003738508631806,4.443058688866746
2023-10-27,-0.481183857862075,NN-t,0.01,3.179420168192662,4.555397713758378
2023-10-30,1.1938474300285915,NN-t,0.01,2.8025287333907496,4.019767241573633
2023-10-31,0.6454084821688244,NN-t,0.01,2.4367903418679417,3.499987248562085
2023-11-01,1.0451194990191868,NN-t,0.01,2.546478113090665,3.6558732870012407
2023-11-02,1.8682938934086477,NN-t,0.01,2.3358647146154037,3.356553791632423
2023-11-03,0.934988354455146,NN-t,0.01,2.4720213469448584,3.55005683927807
2023-11-06,0.1751457724100586,NN-t,0.01,2.7786688314914927,3.9858580323412784
2023-11-07,0.2836093401711954,NN-t,0.01,2.7802099781383607,3.988048278735712
2023-11-08,0.1004411032419886,NN-t,0.01,2.67700762818319,3.841379189622247
2023-11-09,-0.8116690699068705,NN-t,0.01,2.552669937370621,3.66467298223576
2023-11-10,1.5495759270772258,NN-t,0.01,2.547004655692477,3.656621598680391
2023-11-13,-0.0836188441370084,NN-t,0.01,2.1031525210904354,3.0258279364098466
2023-11-14,1.889537047457725,NN-t,0.01,2.453326471662354,3.523488061241855
2023-11-15,0.1595738207847176,NN-t,0.01,2.4869696142826188,3.571301014000895
2023-11-16,0.118971939671373,NN-t,0.01,2.950774730288544,4.218520952361289
2023-11-17,0.1281227937177987,NN-t,0.01,2.853522387720155,4.080700830010576
2023-11-20,0.7363103793795632,NN-t,0.01,2.496098671933096,3.574181614741508
2023-11-21,-0.2022975931757968,NN-t,0.01,2.4028333632105694,3.442011674977057
2023-11-22,0.4052905094313324,NN-t,0.01,2.0990226190218255,3.01146951188099
2023-11-24,0.0596695609645032,NN-t,0.01,1.9450011141486772,2.7931995752845413
2023-11-27,-0.1956069316898358,NN-t,0.01,1.996441988210253,2.8660984625479364
2023-11-28,0.0979638528050291,NN-t,0.01,2.0377598112008277,2.924651575711475
2023-11-29,-0.0946696615101938,NN-t,0.01,1.7365443436097336,2.497787281227884
2023-11-30,0.3776931264994605,NN-t,0.01,1.7698730588746194,2.5450187153948143
2023-12-01,0.5856558953846637,NN-t,0.01,1.6661086982319833,2.397970155928443
2023-12-04,-0.5423188063826943,NN-t,0.01,1.7069121520609785,2.455794336308358
2023-12-05,-0.0569031593934802,NN-t,0.01,2.087516359774549,2.9951635390336673
2023-12-06,-0.3913851944943747,NN-t,0.01,1.8506535562453088,2.659495937610319
2023-12-07,0.7936610684821922,NN-t,0.01,2.0223863634309622,2.902865257802421
2023-12-08,0.4087134146503793,NN-t,0.01,1.7862511809132997,2.5682287967525825
2023-12-11,0.3916813547781492,NN-t,0.01,1.8200713094984504,2.616156632076905
2023-12-12,0.45888127956924,NN-t,0.01,1.7982163986707078,2.585185177768487
2023-12-13,1.355834517501981,NN-t,0.01,1.7667554973080408,2.540600696196566
2023-12-14,0.2643565185154432,NN-t,0.01,1.8265948846514284,2.6254014471837004
2023-12-15,-0.0076252400448594,NN-t,0.01,1.9380935542306563,2.7857664322480415
2023-12-18,0.4518122263400515,NN-t,0.01,1.974077444888398,2.836781405980502
2023-12-19,0.5849267450818904,NN-t,0.01,1.8959344465684247,2.7259967483517276
2023-12-20,-1.4793147965305629,NN-t,0.01,1.88774124894812,2.714381112750779
2023-12-21,1.0248769307271877,NN-t,0.01,2.809378612796926,4.021002076970662
2023-12-22,0.1658682152761075,NN-t,0.01,2.2331566446152933,3.2040823933697298
2023-12-26,0.4222761046978559,NN-t,0.01,2.4102319896518045,3.455125121395599
2023-12-27,0.1429435616422998,NN-t,0.01,2.3432423477136206,3.3601527667847964
2023-12-28,0.0370106110327118,NN-t,0.01,2.3503849161666146,3.370278907548105
2023-12-29,-0.2830477036733835,NN-t,0.01,2.0293203371176247,2.9151001937620795
2024-01-02,-0.5676660799723162,NN-t,0.01,1.9519746517100351,2.8054459002084045
2024-01-03,-0.8048618327197647,NN-t,0.01,2.169812540230832,3.1142783793453512
2024-01-04,-0.3434271663317428,NN-t,0.01,2.3830316818110076,3.4165627823975355
2024-01-05,0.182402163943398,NN-t,0.01,2.1803706034135426,3.1292467250713507
2024-01-08,1.401594543635314,NN-t,0.01,1.97211456055803,2.833998591484259
2024-01-09,-0.1478993852317584,NN-t,0.01,2.0496320260509924,2.9438964205862828
2024-01-10,0.5649980650495912,NN-t,0.01,2.354373538923104,3.375933645861046
2024-01-11,-0.0671280836961164,NN-t,0.01,2.1068689921744745,3.0250422408392414
2024-01-12,0.0750693753033959,NN-t,0.01,2.2316228146917085,3.2019078566025416
2024-01-16,-0.3738319052356834,NN-t,0.01,2.1673181667330947,3.1107420636179515
2024-01-17,-0.5632731271107821,NN-t,0.01,2.0511630141821944,2.9483311347280066
2024-01-18,0.8766720726243148,NN-t,0.01,2.2253188228506247,3.1955362486806043
2024-01-19,1.2238308232548512,NN-t,0.01,1.863489924407161,2.6819389431703833
2024-01-22,0.2191921187231685,NN-t,0.01,2.018521111093857,2.901997650738708
2024-01-23,0.2917115340764486,NN-t,0.01,2.1882382961096267,3.1429023692337092
2024-01-24,0.0811598976216865,NN-t,0.01,2.1594901642200113,3.102095890977064
2024-01-25,0.524657813497798,NN-t,0.01,2.001496886613284,2.877832649382439
2024-01-26,-0.0651997755426364,NN-t,0.01,1.874805627914357,2.6980009958595126
2024-01-29,0.7528365505246204,NN-t,0.01,1.7620599635704797,2.537964388324631
2024-01-30,-0.0600830396978616,NN-t,0.01,1.7208798219254071,2.4795113187096196
2024-01-31,-1.6236851740733682,NN-t,0.01,1.833545682248132,2.639434648586445
2024-02-01,1.2416286114049784,NN-t,0.01,3.015947710932875,4.317792841021401
2024-02-02,1.062777072263312,NN-t,0.01,2.322262340958479,3.33314253137683
2024-02-05,-0.3191424709283971,NN-t,0.01,2.496610059296823,3.5806200511261816
2024-02-06,0.2307745931748107,NN-t,0.01,2.9079488024344404,4.164494006568277
2024-02-07,0.8207682594008627,NN-t,0.01,2.609595135704157,3.740996491635232
2024-02-08,0.0570420540090595,NN-t,0.01,2.2484030860167934,3.228303159816879
2024-02-09,0.5725917128795516,NN-t,0.01,2.184210093137178,3.137184544588973
2024-02-12,-0.0949404142652441,NN-t,0.01,1.9663395734455316,2.827928671591793
2024-02-13,-1.3768609419845443,NN-t,0.01,2.0897039228420167,3.003037950365877
2024-02-14,0.9534168304216808,NN-t,0.01,2.903749657286687,4.157147973874505
2024-02-15,0.580437267404004,NN-t,0.01,2.1717892026353876,3.119175282286374
2024-02-16,-0.4815043575961042,NN-t,0.01,2.28320631629944,3.277172781500933
2024-02-20,-0.602342646581725,NN-t,0.01,2.677206154583792,3.835892955562964
2024-02-21,0.1263401495103598,NN-t,0.01,2.7804442748815177,3.9822920525619665
2024-02-22,2.090288866640342,NN-t,0.01,2.157711118813652,3.0992115445407173
2024-02-23,0.0347887026502183,NN-t,0.01,2.2322812015990876,3.204957297673818
2024-02-26,-0.3793939244668484,NN-t,0.01,2.664591958422775,3.818005116051595
2024-02-27,0.1704895538720964,NN-t,0.01,2.876973780863868,4.119177850839012
2024-02-28,-0.1659531321112244,NN-t,0.01,2.537809565751865,3.638218543525215
2024-02-29,0.5215470455799964,NN-t,0.01,2.6652616799028572,3.818954829390448
2024-03-01,0.7975936433387976,NN-t,0.01,1.859642153670943,2.67652826423228
2024-03-04,-0.1193974574963011,NN-t,0.01,1.9284390156408435,2.77408717405854
2024-03-05,-1.0245406275917994,NN-t,0.01,2.043576962520832,2.937361083007469
2024-03-06,0.5127932853001643,NN-t,0.01,2.642885699444927,3.787224076020847
2024-03-07,1.0251402284983626,NN-t,0.01,2.080456450350611,2.9896588553854917
2024-03-08,-0.6549922992050338,NN-t,0.01,2.08236824393737,2.992369916512359
2024-03-11,-0.11228682680281,NN-t,0.01,2.609117487455596,3.739338317075874
2024-03-12,1.1139512586668012,NN-t,0.01,2.310179942634463,3.3154233281676855
2024-03-13,-0.1926384002121972,NN-t,0.01,2.0597688646594885,2.9603223675112877
2024-03-14,-0.2875221051495188,NN-t,0.01,2.3421157400151777,3.363045740252427
2024-03-15,-0.6504022859737666,NN-t,0.01,2.247520731483691,3.228865050684033
2024-03-18,0.6298184238480455,NN-t,0.01,2.3549548000248155,3.3812576306285433
2024-03-19,0.563325304434312,NN-t,0.01,1.9495660322364683,2.806223648925204
2024-03-20,0.8864765516360184,NN-t,0.01,1.8637735934459592,2.6845291877123474
2024-03-21,0.3231309094528888,NN-t,0.01,1.8955639230177332,2.729622987160839
2024-03-22,-0.1403171834326712,NN-t,0.01,1.9836531111546456,2.854575330748784
2024-03-25,-0.3059640382031929,NN-t,0.01,2.0654063680496577,2.970540311934694
2024-03-26,-0.2803721982805726,NN-t,0.01,2.078837902625285,2.9895926128890244
2024-03-27,0.8593595582706042,NN-t,0.01,2.0252487206294516,2.913577678219257
2024-03-28,0.1115862700761605,NN-t,0.01,1.7722484644868846,2.554703046701143
2024-04-01,-0.2015614526957724,NN-t,0.01,1.852681399253146,2.668795183469166
2024-04-02,-0.7265388203672426,NN-t,0.01,1.9624442000007296,2.8244910126879637
2024-04-03,0.1090527523337897,NN-t,0.01,2.27211950914157,3.263757810882634
2024-04-04,-1.241103561926225,NN-t,0.01,1.8935306364393172,2.7267388202326095
2024-04-05,1.1038050135699558,NN-t,0.01,2.5366506946512835,3.638988781681939
2024-04-08,-0.0374701190041576,NN-t,0.01,1.9893083774689169,2.862597186716895
2024-04-09,0.144444947363452,NN-t,0.01,2.24533829711234,3.225769321285286
2024-04-10,-0.9501981832212592,NN-t,0.01,2.107973179819434,3.030920285938242
2024-04-11,0.7417221983342437,NN-t,0.01,2.60333337455829,3.733576520623919
2024-04-12,-1.4657587802248535,NN-t,0.01,1.86674450055766,2.690632966870138
2024-04-15,-1.2094195787459194,NN-t,0.01,2.987867239761025,4.282339222237549
2024-04-16,-0.2058624527503996,NN-t,0.01,3.1456570802462873,4.506360257001576
2024-04-17,-0.5797375076004185,NN-t,0.01,2.5066362373986903,3.599114834797921
2024-04-18,-0.2210601700485304,NN-t,0.01,2.8041206413180073,4.0214662598783555
2024-04-19,-0.8797129654056974,NN-t,0.01,2.404204377745151,3.4536879104673095
2024-04-22,0.869335115683908,NN-t,0.01,2.7747287607614237,3.979737340730602
2024-04-23,1.189356656772209,NN-t,0.01,1.8463519634961356,2.6616808034105826
2024-04-24,0.02129873779329,NN-t,0.01,1.853652113637824,2.672045141086851
2024-04-25,-0.4586934270119409,NN-t,0.01,2.1203694162127436,3.050715186816977
2024-04-26,1.0157381332325344,NN-t,0.01,2.524092911636168,3.623898827317284
2024-04-29,0.3173408076639394,NN-t,0.01,1.9132131872262217,2.7566065633932215
2024-04-30,-1.5855551118928124,NN-t,0.01,2.0350362141931986,2.9295639634089548
2024-05-01,-0.3441353485631687,NN-t,0.01,3.0003169069137066,4.30001455107643
2024-05-02,0.9087024725084856,NN-t,0.01,2.616062642574404,3.7544722167597886
2024-05-03,1.2478557659508005,NN-t,0.01,2.1061486673661416,3.0305253769918465
2024-05-06,1.027317369124784,NN-t,0.01,2.1016184351566607,3.024093611143246
2024-05-07,0.1342528228825613,NN-t,0.01,2.2582168926589055,3.246423188156666
2024-05-08,-0.0005835635193424,NN-t,0.01,2.1983657321985133,3.1614499170200037
2024-05-09,0.5078032639106711,NN-t,0.01,2.231209519856344,3.208079657401574
2024-05-10,0.1648040080166728,NN-t,0.01,2.041431189541122,2.9450663538862174
2024-05-13,-0.0241333173865208,NN-t,0.01,2.0281526074744467,2.926183693235409
2024-05-14,0.4826148527454041,NN-t,0.01,1.9906220485865775,2.872813777384731
2024-05-15,1.164782778729962,NN-t,0.01,1.8623838892866755,2.6904541223865257
2024-05-16,-0.2083837474088046,NN-t,0.01,1.7352454291277206,2.509658282379425
2024-05-17,0.1164095687893751,NN-t,0.01,2.2280821555291945,3.210491294079449
2024-05-20,0.0915970308491166,NN-t,0.01,2.0906474771028605,3.0150538308513357
2024-05-21,0.2498749766892608,NN-t,0.01,2.1152751000015777,3.0500752693978215
2024-05-22,-0.2709791209352147,NN-t,0.01,2.052474265692819,2.9607700380948536
2024-05-23,-0.7408162283471933,NN-t,0.01,2.0785764419759487,2.9978883489602017
2024-05-24,0.6976649076673259,NN-t,0.01,2.4469522159051027,3.5217330408222813
2024-05-28,0.0248770906885915,NN-t,0.01,1.8797866598655264,2.7152015396615226
2024-05-29,-0.7394317215742535,NN-t,0.01,2.104969538092304,3.035420359154274
2024-05-30,-0.5992957535754186,NN-t,0.01,2.668077578047461,3.8361819144787552
2024-05-31,0.7995824231928896,NN-t,0.01,2.613553468422361,3.75864650789931
2024-06-03,0.1115460223535239,NN-t,0.01,1.747626863205706,2.52726516366321
2024-06-04,0.1501681003782753,NN-t,0.01,1.9617975468090816,2.8318242136828187
2024-06-05,1.1778015849957282,NN-t,0.01,1.962657795330629,2.8330475205710224
2024-06-06,-0.0199836601636851,NN-t,0.01,1.645121727150692,2.3814988695383787
2024-06-07,-0.1115842050279066,NN-t,0.01,2.0067987433086873,2.895817667058758
2024-06-10,0.2577529978240972,NN-t,0.01,1.9735491775973109,2.843967140169319
2024-06-11,0.2706714855209522,NN-t,0.01,1.9092565538086337,2.752614629872699
2024-06-12,0.8467720241887338,NN-t,0.01,1.908322254434117,2.751287096662805
2024-06-13,0.234191143711672,NN-t,0.01,1.7682307141700224,2.5522329420756513
2024-06-14,-0.0393938280997494,NN-t,0.01,1.934929833773746,2.789093442435548
2024-06-17,0.7635164372320518,NN-t,0.01,1.9719005350908545,2.8416246065679287
2024-06-18,0.2518154181517116,NN-t,0.01,1.792256143407809,2.586370346065254
2024-06-20,-0.252912739541154,NN-t,0.01,1.9195113604009997,2.7671855443822406
2024-06-21,-0.1563351718825249,NN-t,0.01,2.042296984199998,2.9416499588264733
2024-06-24,-0.3069879155866442,NN-t,0.01,2.0184815347877385,2.9078109123006537
2024-06-25,0.3925873679181343,NN-t,0.01,2.084286931784002,3.001312901369158
2024-06-26,0.1571196224720452,NN-t,0.01,1.9667373433779525,2.83428829804105
2024-06-27,0.0906909856799073,NN-t,0.01,2.000681389789105,2.8825189295902613
2024-06-28,-0.4092013462369599,NN-t,0.01,2.0111878237892857,2.89744737804396
2024-07-01,0.2671990981429523,NN-t,0.01,2.1234321753063417,3.056933842796159
2024-07-02,0.6176205771185049,NN-t,0.01,1.9969923324621996,2.8772771984618406
2024-07-03,0.5071562269533664,NN-t,0.01,1.9026388638321832,2.7432116446453327
2024-07-05,0.543397436096954,NN-t,0.01,1.9134200451908023,2.758530477864991
2024-07-08,0.1016182476404432,NN-t,0.01,1.8880615766081543,2.722498976492188
2024-07-09,0.0740797478065475,NN-t,0.01,1.9709738367959944,2.840307873628217
2024-07-10,1.0156314878105883,NN-t,0.01,1.5389921257766013,2.2246695186048244
2024-07-11,-0.8801649969266724,NN-t,0.01,1.2768080577645653,1.8525896755891584
2024-07-12,0.550186402496512,NN-t,0.01,2.3809331066711494,3.4195143098044105
2024-07-15,0.2822216423352684,NN-t,0.01,1.5606347472734374,2.2553837541037587
2024-07-16,0.6369049971453274,NN-t,0.01,1.683296061369596,2.429459176912817
2024-07-17,-1.4025441523645543,NN-t,0.01,1.5109903236427142,2.1849306198184415
2024-07-18,-0.7847112145350073,NN-t,0.01,3.139994624431554,4.496740292714094
2024-07-19,-0.7165879226406084,NN-t,0.01,2.9057262225475653,4.164277108137508
2024-07-22,1.0734217246220292,NN-t,0.01,2.864908522780022,4.10635046355943
2024-07-23,-0.155931769394619,NN-t,0.01,1.6301289284412006,2.354006771953251
2024-07-24,-2.3421242222892857,NN-t,0.01,2.4265289796891354,3.484221923059979
2024-07-25,-0.5155889019717259,NN-t,0.01,3.4013987182436476,4.867713231408413
2024-07-26,1.1029420409570925,NN-t,0.01,4.27908313313522,6.113283497314734
2024-07-29,0.0812979571828451,NN-t,0.01,2.698254668745176,3.869842805724192
2024-07-30,-0.4972514361367621,NN-t,0.01,3.508470523650445,5.019664724301323
2024-07-31,1.5669980701917767,NN-t,0.01,4.251224468775744,6.073747733223135
2024-08-01,-1.3788123791990166,NN-t,0.01,2.263394351510549,3.2527085923555323
2024-08-02,-1.855290660855327,NN-t,0.01,3.781447243188368,5.407061013186195
2024-08-05,-3.04270413923931,NN-t,0.01,3.395607655233352,4.859494815117512
2024-08-06,1.0300849493599515,NN-t,0.01,2.873998721484596,4.119250864917241
2024-08-07,-0.7764715388769489,NN-t,0.01,4.656385822437953,6.66446685980544
2024-08-08,2.278113959089888,NN-t,0.01,4.899122327993439,7.0098532009290775
2024-08-09,0.4660798434381699,NN-t,0.01,4.084407066009018,5.850606375856603
2024-08-12,0.0043033051720097,NN-t,0.01,4.902058591551768,7.01403116882338
2024-08-13,1.6707233419049987,NN-t,0.01,3.4964825296390467,5.014056867125136
2024-08-14,0.381643656119841,NN-t,0.01,3.699026433341248,5.302253723450937
2024-08-15,1.6004489931304131,NN-t,0.01,3.895386762374009,5.5816520588239245
2024-08-16,0.1987802368396151,NN-t,0.01,3.3808254203444164,4.8494900018619385
2024-08-19,0.9675327436177776,NN-t,0.01,3.258703463236895,4.675724396067705
2024-08-20,-0.1986527237609709,NN-t,0.01,3.6411709550259217,5.219931981512864
2024-08-21,0.4230714721006796,NN-t,0.01,2.9414526973463193,4.224312767648384
2024-08-22,-0.8972942256657219,NN-t,0.01,2.8825237565499604,4.140463611126299
2024-08-23,1.141793740166443,NN-t,0.01,3.2226555225120603,4.624432290978277
2024-08-26,-0.3158710169605814,NN-t,0.01,3.0180679540333397,4.333327532942223
2024-08-27,0.1593925112723203,NN-t,0.01,2.737629127541028,3.9342950925207503
2024-08-28,-0.5993900794735212,NN-t,0.01,2.4551116355037825,3.5323049482906095
2024-08-29,-0.0039379843436586,NN-t,0.01,3.128282047903338,4.49014960852951
2024-08-30,1.004245707914417,NN-t,0.01,2.203569348389145,3.1743889851124356
2024-09-03,-2.1377963372397697,NN-t,0.01,2.506507492365302,3.605435386210078
2024-09-04,-0.1603829027380963,NN-t,0.01,3.7922178005497873,5.434854401996626
2024-09-05,-0.3022581014674196,NN-t,0.01,3.5405893594146685,5.0454484032042535
2024-09-06,-1.7410944507424406,NN-t,0.01,3.3794417061920714,4.817476450245208
2024-09-09,1.1513534435818251,NN-t,0.01,3.3403739967939443,4.762208242294175
2024-09-10,0.4462699977793541,NN-t,0.01,3.0601487833519254,4.365779948743424
2024-09-11,1.060855564984334,NN-t,0.01,3.042932880229851,4.341424998620311
2024-09-12,0.746735215680267,NN-t,0.01,2.9786722472457092,4.250516929487319
2024-09-13,0.5393142234356035,NN-t,0.01,3.118932377243812,4.44893977411782
2024-09-16,0.1255840867310285,NN-t,0.01,2.8901494169301754,4.125285676627445
2024-09-17,0.026451509389645,NN-t,0.01,2.540373309809796,3.63046530137507
2024-09-18,-0.2900658708313291,NN-t,0.01,2.454503049319937,3.5089865792621624
2024-09-19,1.6834356892725129,NN-t,0.01,2.349521084967933,3.360470960448005
2024-09-20,-0.1942913630015734,NN-t,0.01,2.608294166248342,3.726551406132412
2024-09-23,0.2805334425713122,NN-t,0.01,2.7994564748883013,3.9969844156197656
2024-09-24,0.2508031103345345,NN-t,0.01,2.7204292683848124,3.8851864077479887
2024-09-25,-0.1862983206212128,NN-t,0.01,2.709606884799596,3.8698762256121952
2024-09-26,0.4030542158199222,NN-t,0.01,2.7833656741842305,3.974221122529081
2024-09-27,-0.1254002900072123,NN-t,0.01,2.2472684595289323,3.215816475878385
2024-09-30,0.4227603658441509,NN-t,0.01,2.0336716909831134,2.913645941605265
2024-10-01,-0.9367848694454448,NN-t,0.01,2.2360951541568967,3.20000985260009
2024-10-02,0.0138381326986477,NN-t,0.01,2.888214202782383,4.1225479727897305
2024-10-03,-0.1682828654458689,NN-t,0.01,2.0659121394521467,2.9683873410035972
2024-10-04,0.8930255699186382,NN-t,0.01,2.1629693624912596,3.1060840347951975
2024-10-07,-0.9632263829388772,NN-t,0.01,2.3608755813452165,3.386856873371104
2024-10-08,0.9642706804694384,NN-t,0.01,2.900016016640783,4.1517443604120885
2024-10-09,0.7088231016994585,NN-t,0.01,1.9573142978195204,2.814317780001524
2024-10-10,-0.2072268505982484,NN-t,0.01,2.0379744944407836,2.9287517401700787
2024-10-11,0.603360870729872,NN-t,0.01,2.31441385648903,3.3209408529016775
2024-10-14,0.7678114574594324,NN-t,0.01,2.038821737472474,2.9299537379261325
2024-10-15,-0.7638566037513421,NN-t,0.01,1.9944352909598453,2.8669819492990896
2024-10-16,0.4668232782779766,NN-t,0.01,2.389308177154013,3.4271946691187365
2024-10-17,-0.0171175128538166,NN-t,0.01,2.0356729573993597,2.9254865113563997
2024-10-18,0.3963686942774387,NN-t,0.01,2.0564439491975985,2.9549546622866742
2024-10-21,-0.1824432756419033,NN-t,0.01,2.004446882089886,2.8811855598602985
2024-10-22,-0.0474966667195793,NN-t,0.01,2.0368078925612285,2.9270966627141632
2024-10-23,-0.9233824267679565,NN-t,0.01,1.947457398605376,2.800333633429787
2024-10-24,0.2143473130556828,NN-t,0.01,2.3127374204547295,3.318562465265517
2024-10-25,-0.029949201318627,NN-t,0.01,1.990401267793816,2.861258813655521
2024-10-28,0.2647934626732945,NN-t,0.01,1.935511287691892,2.7833854875324797
2024-10-29,0.1612825944901219,NN-t,0.01,1.945769245885531,2.79793862313731
2024-10-30,-0.3305691672488118,NN-t,0.01,1.9279735005474872,2.7726915037588955
2024-10-31,-1.8790134928745348,NN-t,0.01,1.8264247739606887,2.6227091641904714
2024-11-01,0.4084158004525459,NN-t,0.01,3.1066442945786483,4.434731590032617
2024-11-04,-0.2816044813190291,NN-t,0.01,2.540845247318537,3.633899743896917
2024-11-05,1.2191031029563082,NN-t,0.01,2.884317082318544,4.120049703057628
2024-11-06,2.4981280957186653,NN-t,0.01,2.284002298333587,3.2703642908087542
2024-11-07,0.7403754173995657,NN-t,0.01,2.481033230030978,3.549241827879826
2024-11-08,0.3749794035718046,NN-t,0.01,2.7917141178796876,3.988979487707627
2024-11-11,0.0968594190956923,NN-t,0.01,3.1210311544521354,4.455094748310053
2024-11-12,-0.2896851476936499,NN-t,0.01,3.3655102621713393,4.801130423209964
2024-11-13,0.0232200764140183,NN-t,0.01,3.487801895304959,4.974221973652825
2024-11-14,-0.6068108582244001,NN-t,0.01,1.9473221388707571,2.793827267698627
2024-11-15,-1.3291430866793768,NN-t,0.01,2.1732241421495324,3.113568913089426
2024-11-18,0.3910159746206537,NN-t,0.01,3.1008095163406715,4.426473046207316
2024-11-19,0.3955750520596487,NN-t,0.01,2.2370698495906485,3.203936113256173
2024-11-20,0.0021950621335444,NN-t,0.01,2.234975597933339,3.200971909924411
2024-11-21,0.5326251844288491,NN-t,0.01,2.2019351768128863,3.154206505190831
2024-11-22,0.3461959591536465,NN-t,0.01,2.199998429342956,3.1514652332509896
2024-11-25,0.3015927820124541,NN-t,0.01,2.0088065498665153,2.8808522893997734
2024-11-26,0.5705697155263866,NN-t,0.01,1.970720454401638,2.8269452383169944
2024-11-27,-0.3808481083577711,NN-t,0.01,2.0653076550101375,2.9608239411018884
2024-11-29,0.5592120396801623,NN-t,0.01,2.2237032603388704,3.19701776349984
2024-12-02,0.2445463880581373,NN-t,0.01,2.1340365062944224,3.069621979003801
2024-12-03,0.0451347242022181,NN-t,0.01,2.038281014801173,2.933575502373909
2024-12-04,0.603318162813612,NN-t,0.01,1.8811165285037543,2.710281002197717
2024-12-05,-0.1871525839382334,NN-t,0.01,1.946229122565467,2.8027909864105074
2024-12-06,0.2492345367538312,NN-t,0.01,1.9221943659333711,2.7686431385381565
2024-12-09,-0.6163167285227462,NN-t,0.01,1.9041831046218856,2.7430532887773142
2024-12-10,-0.2968284314279252,NN-t,0.01,2.3999057796933667,3.4473609193613455
2024-12-11,0.8132626411368236,NN-t,0.01,2.1722099605368226,3.123857656451471
2024-12-12,-0.5428731461463251,NN-t,0.01,1.9912982897063205,2.866823882054816
2024-12-13,-0.0026466989371873,NN-t,0.01,2.440243942412363,3.504672148472729
2024-12-16,0.3792155008784429,NN-t,0.01,2.0449330198469933,2.9430264678997022
2024-12-17,-0.3871479480655496,NN-t,0.01,2.0162934674730586,2.902336266930855
2024-12-18,-2.993650530451818,NN-t,0.01,2.2881373045964715,3.2885636848831488
2024-12-19,-0.0865486750536793,NN-t,0.01,2.8627955121079043,4.105020508185982
2024-12-20,1.08104794023973,NN-t,0.01,4.4917647692684595,6.419410257736059
2024-12-23,0.7260849585616372,NN-t,0.01,3.809073356853689,5.449463157719745
2024-12-24,1.0982233165126825,NN-t,0.01,4.070775368491836,5.8212813798927785
2024-12-26,-0.0405741088257819,NN-t,0.01,3.839200018028188,5.492266197435772
2024-12-27,-1.1117304964912211,NN-t,0.01,2.702224816642119,3.876886570095637
2024-12-30,-1.0759673941729728,NN-t,0.01,3.9667839672682623,5.671560284915795
2023-01-04,0.7510694562138917,NN-t,0.05,2.02348052529345,3.1804729488563934
2023-01-05,-1.1713869136457158,NN-t,0.05,1.6746996527090134,2.641273121602519
2023-01-06,2.258383558903089,NN-t,0.05,2.1271463235702743,3.340735695230098
2023-01-09,-0.0767927325990578,NN-t,0.05,1.549146152483425,2.4471729545517364
2023-01-10,0.6953997970593733,NN-t,0.05,2.092285241632311,3.286842001979239
2023-01-11,1.2767571192293676,NN-t,0.05,1.9102194924303904,3.0053763935268796
2023-01-12,0.341008491204273,NN-t,0.05,1.8747166870816832,2.950490624220776
2023-01-13,0.3988892144656051,NN-t,0.05,1.935659241927779,3.044705122859802
2023-01-17,-0.2032555430996314,NN-t,0.05,1.3852482788509712,2.193794079457312
2023-01-18,-1.5684966977744674,NN-t,0.05,1.548810419870224,2.446653926757294
2023-01-19,-0.7667671901812427,NN-t,0.05,1.96459208019805,3.0894340131848232
2023-01-20,1.874167355235196,NN-t,0.05,1.7572674817186726,2.7689193391512115
2023-01-23,1.1811315951328556,NN-t,0.05,1.3784573475773958,2.1832955995880683
2023-01-24,-0.0711756364291819,NN-t,0.05,1.606407020455007,2.5356957278618166
2023-01-25,-0.0181741573465663,NN-t,0.05,1.8516909233044303,2.9148938102123543
2023-01-26,1.0947708029114305,NN-t,0.05,1.570492728339104,2.48017381818441
2023-01-27,0.2491734021703855,NN-t,0.05,1.4336934977102236,2.2686882485286426
2023-01-30,-1.3053569315292664,NN-t,0.05,1.233576390875464,1.9593160383030792
2023-01-31,1.4536304416419528,NN-t,0.05,1.7662288657277176,2.7827732431047973
2023-02-01,1.039805629688473,NN-t,0.05,1.287201051557193,2.039271173384683
2023-02-02,1.459238462685438,NN-t,0.05,1.4423126338175296,2.2787756996902875
2023-02-03,-1.0408592637285454,NN-t,0.05,1.440919702888699,2.2766249043890956
2023-02-06,-0.6159393193939262,NN-t,0.05,2.277989563121357,3.569126840338893
2023-02-07,1.2790364037397075,NN-t,0.05,2.066935303302184,3.2432424042048376
2023-02-08,-1.1142573012411352,NN-t,0.05,1.4063611075644946,2.223263705423187
2023-02-09,-0.8869009831037385,NN-t,0.05,2.153001688703316,3.376135696671784
2023-02-10,0.2192855709217127,NN-t,0.05,2.012096355343771,3.1585667399992254
2023-02-13,1.1383569951155146,NN-t,0.05,1.3793432923654452,2.181546066180748
2023-02-14,-0.0280453855493762,NN-t,0.05,1.311828620404462,2.077298083592613
2023-02-15,0.2769337533076689,NN-t,0.05,1.3494944221271905,2.1354570544964235
2023-02-16,-1.3884689204881606,NN-t,0.05,1.166154618138853,1.85236592572765
2023-02-17,-0.2771242172282734,NN-t,0.05,1.8948633155774233,2.977549673140351
2023-02-21,-2.0244783973471696,NN-t,0.05,1.4430535917940075,2.2799197972913996
2023-02-22,-0.1574795485643383,NN-t,0.05,2.0615960266872837,3.2349981396706777
2023-02-23,0.5315278263237728,NN-t,0.05,1.7977871354492043,2.827656388587661
2023-02-24,-1.0593464619774184,NN-t,0.05,1.5885234364895022,2.5045367197535033
2023-02-27,0.3068292539552277,NN-t,0.05,2.085269196117333,3.2715513818455917
2023-02-28,-0.3040619830947711,NN-t,0.05,1.5365912158742752,2.4243492720001023
2023-03-01,-0.4736464203492832,NN-t,0.05,1.3419521530793876,2.123811195758863
2023-03-02,0.7553593731195973,NN-t,0.05,1.405844013011311,2.2179415800547164
2023-03-03,1.601874917648306,NN-t,0.05,1.144780792015109,1.815373307293728
2023-03-06,0.0686930778848301,NN-t,0.05,1.2302967196374128,1.9472417456938096
2023-03-07,-1.5445590479262548,NN-t,0.05,1.3570323434540383,2.14267234285896
2023-03-08,0.1413794135603272,NN-t,0.05,1.8828923731878169,2.9535662063306325
2023-03-09,-1.8631857945482353,NN-t,0.05,1.5513062472016077,2.44224924065312
2023-03-10,-1.458396943606664,NN-t,0.05,2.014560714342448,3.156603219639741
2023-03-13,-0.1510901840738767,NN-t,0.05,2.122550784466974,3.3231275421370907
2023-03-14,1.6342388235363663,NN-t,0.05,1.9442459227535096,3.048175444591643
2023-03-15,-0.7005363929353597,NN-t,0.05,1.6905213959368262,2.656923685236474
2023-03-16,1.7409576249031722,NN-t,0.05,2.240918986672757,3.505655293575884
2023-03-17,-1.10806212739537,NN-t,0.05,1.69205948815256,2.659295475197053
2023-03-20,0.8878869635940854,NN-t,0.05,2.19874203899396,3.440617020805814
2023-03-21,1.2898647518559103,NN-t,0.05,1.7898250775564153,2.8100533043220626
2023-03-22,-1.6600248639842885,NN-t,0.05,1.6467072544227386,2.589360804473242
2023-03-23,0.2980083869182423,NN-t,0.05,2.245639205582281,3.512934029991568
2023-03-24,0.5623963084303207,NN-t,0.05,1.6946161345360171,2.663237909963319
2023-03-27,0.1645599563767083,NN-t,0.05,1.553355458212717,2.4454091929976793
2023-03-28,-0.1575083288387886,NN-t,0.05,1.5068266339271716,2.373660180039228
2023-03-29,1.41368707750468,NN-t,0.05,1.4310377495156943,2.256791169630234
2023-03-30,0.5698999199482653,NN-t,0.05,1.1203839462303016,1.7732722435796882
2023-03-31,1.4333327782036556,NN-t,0.05,1.243123746250977,1.9622697415804289
2023-04-03,0.3692022565802823,NN-t,0.05,1.3020341603398826,2.052981318975171
2023-04-04,-0.5813839745162529,NN-t,0.05,1.477780958323878,2.3236001817647596
2023-04-05,-0.2495481657121423,NN-t,0.05,1.8171288884210404,2.8461357385221446
2023-04-06,0.3572773132803247,NN-t,0.05,1.450139406972203,2.2810371007963557
2023-04-10,0.0995807017010084,NN-t,0.05,1.2479118570017496,1.9696425819459336
2023-04-11,-0.004135333298352,NN-t,0.05,1.018821335264448,1.616883856440916
2023-04-12,-0.4143456323461385,NN-t,0.05,0.9853822862281684,1.5653936584585473
2023-04-13,1.3175510497831548,NN-t,0.05,1.0819511852240635,1.714092615861411
2023-04-14,-0.2071517584577988,NN-t,0.05,1.0226120034495263,1.622720812364016
2023-04-17,0.3300703582614753,NN-t,0.05,1.2446107322578248,1.964559435997472
2023-04-18,0.0854854803465975,NN-t,0.05,1.1208359878685537,1.7739683074367858
2023-04-19,-0.0084265547939628,NN-t,0.05,1.1478423798792852,1.8155533558008508
2023-04-20,-0.5970335188311131,NN-t,0.05,1.13655828938659,1.7981778600775882
2023-04-21,0.0902781257300886,NN-t,0.05,1.1480896985607147,1.8159341826556377
2023-04-24,0.0851216778272312,NN-t,0.05,0.9351231955462996,1.4880035829568323
2023-04-25,-1.593718381857645,NN-t,0.05,0.8413673708991929,1.343636260553549
2023-04-26,-0.3848583503344875,NN-t,0.05,1.5762227518089371,2.4751830641244155
2023-04-27,1.9377193402696355,NN-t,0.05,1.405711627075915,2.212626208480159
2023-04-28,0.8219331313243468,NN-t,0.05,1.3295590469982153,2.096834994825324
2023-05-01,-0.0386181048510787,NN-t,0.05,1.560602746032868,2.4527341856388065
2023-05-02,-1.1653906680571788,NN-t,0.05,1.7185592376848071,2.69605000769994
2023-05-03,-0.7022908054892971,NN-t,0.05,1.8576446703167475,2.9102968931786326
2023-05-04,-0.7244913455062743,NN-t,0.05,1.8588528858583355,2.9121580256629893
2023-05-05,1.83061663818798,NN-t,0.05,1.5430299787894282,2.425665134769101
2023-05-08,0.0452026484882065,NN-t,0.05,1.3003976121720071,2.05191478665271
2023-05-09,-0.4589938949059595,NN-t,0.05,1.5686221647533156,2.4650872800764683
2023-05-10,0.4473942241914432,NN-t,0.05,1.6347549775933905,2.5669581152229917
2023-05-11,-0.1698064889706758,NN-t,0.05,1.3300552564329668,2.09759935471499
2023-05-12,-0.1584561589439047,NN-t,0.05,1.4104219580640671,2.221396039923736
2023-05-15,0.2953797680316934,NN-t,0.05,0.9897617266572414,1.5734119720152362
2023-05-16,-0.6398107681917463,NN-t,0.05,0.9238621814159164,1.471900461749612
2023-05-17,1.1820688622071571,NN-t,0.05,1.1899769659635162,1.881823073271642
2023-05-18,0.9400723063727155,NN-t,0.05,0.9964997099725867,1.583791146256584
2023-05-19,-0.1446913880675441,NN-t,0.05,1.0970266318657056,1.7386425891057786
2023-05-22,0.0155022679802391,NN-t,0.05,1.2661222000679702,1.9991170194615089
2023-05-23,-1.1285468768284297,NN-t,0.05,1.188593689980864,1.87969227808028
2023-05-24,-0.734551267830521,NN-t,0.05,1.6129579334280617,2.5333819977483367
2023-05-25,0.8719456079011882,NN-t,0.05,1.4543877645027827,2.289120868604973
2023-05-26,1.2964680931640788,NN-t,0.05,1.0214508133717677,1.6196490032605213
2023-05-30,0.0016603130665768,NN-t,0.05,1.1177601000706008,1.7677401234642791
2023-05-31,-0.6127358186214099,NN-t,0.05,1.259847312949521,1.9862222163456087
2023-06-01,0.9806215085853812,NN-t,0.05,1.4907938806896632,2.3413399531304364
2023-06-02,1.4429812390107408,NN-t,0.05,1.1101808841063283,1.7560858518889408
2023-06-05,-0.2005591490657713,NN-t,0.05,1.1760482443439126,1.8573675817905544
2023-06-06,0.2351130233850576,NN-t,0.05,1.3013707359818008,2.0500712016545135
2023-06-07,-0.3819293926420617,NN-t,0.05,1.1641248178786394,1.839033383267923
2023-06-08,0.616957160752325,NN-t,0.05,1.3720597785051805,2.158767048672402
2023-06-09,0.1147401023050523,NN-t,0.05,1.0537939200820323,1.6693817659853727
2023-06-12,0.927797498175416,NN-t,0.05,0.8984515662848347,1.4305177480132183
2023-06-13,0.6908570725908897,NN-t,0.05,0.9208200068553888,1.4649128467087698
2023-06-14,0.0819089980126584,NN-t,0.05,0.968993998849612,1.53898815848447
2023-06-15,1.2104580493589998,NN-t,0.05,1.0036191023180396,1.592229860666785
2023-06-16,-0.3678376467751089,NN-t,0.05,1.001195420710861,1.5885030578160209
2023-06-20,-0.4746353835236048,NN-t,0.05,1.3064451819274785,2.0578739838187996
2023-06-21,-0.5259086366925201,NN-t,0.05,1.2927816966553969,2.036864163175464
2023-06-22,0.3703930387334525,NN-t,0.05,1.2944154258641545,2.039376286325032
2023-06-23,-0.7688288056502157,NN-t,0.05,1.010168794481832,1.6023010727250668
2023-06-26,-0.4496934363132171,NN-t,0.05,1.3079933373571595,2.060254523429149
2023-06-27,1.139073352418076,NN-t,0.05,1.142385119354017,1.8001390365558123
2023-06-28,-0.0354139388389821,NN-t,0.05,0.9575720609127132,1.5163644077718164
2023-06-29,0.446356811449,NN-t,0.05,1.043660148302491,1.6485499537921868
2023-06-30,1.21943502618858,NN-t,0.05,0.9899942580213392,1.566147669985314
2023-07-03,0.1169993092673641,NN-t,0.05,0.9992256722192532,1.5803222156546417
2023-07-05,-0.1970258097612716,NN-t,0.05,1.079843624651606,1.7041085417820374
2023-07-06,-0.7954061175894762,NN-t,0.05,1.064876098881045,1.6811263775065364
2023-07-07,-0.2869212795733482,NN-t,0.05,1.4097328352200822,2.210643031598115
2023-07-10,0.2402138610626312,NN-t,0.05,1.1582979189693383,1.8245726390395136
2023-07-11,0.6719583998254874,NN-t,0.05,0.8812647791532179,1.3991969806568445
2023-07-12,0.7383905235389678,NN-t,0.05,0.8881826371573369,1.4098191336781511
2023-07-13,0.8434482989627111,NN-t,0.05,0.9230543732060832,1.4633635857625764
2023-07-14,-0.1024932196907483,NN-t,0.05,0.9230100731274552,1.4632955643874972
2023-07-17,0.3847969574420413,NN-t,0.05,1.0242948489211738,1.6188151466872571
2023-07-18,0.7092066941428338,NN-t,0.05,0.95364555911257,1.5103353879603771
2023-07-19,0.2355134827233639,NN-t,0.05,0.9313549573224478,1.4761088711670696
2023-07-20,-0.6779827396257692,NN-t,0.05,0.9295735305025504,1.473373546408171
2023-07-21,0.0324042014613091,NN-t,0.05,1.201822526042028,1.8914033019763776
2023-07-24,0.4026038496874852,NN-t,0.05,0.920752618623692,1.4598293141170622
2023-07-25,0.2810719575838704,NN-t,0.05,0.8892516517783838,1.411460571949942
2023-07-26,-0.0155450978675918,NN-t,0.05,0.8521344962346457,1.3641303123673834
2023-07-27,-0.6445393055197076,NN-t,0.05,0.8722147545755199,1.3950008292612162
2023-07-28,0.9829375810433848,NN-t,0.05,1.0895286561856292,1.7290897815564157
2023-07-31,0.1467635436568791,NN-t,0.05,0.876889422250116,1.4021874602782047
2023-08-01,-0.2668645307682711,NN-t,0.05,0.9298484932451264,1.4836044355023383
2023-08-02,-1.3936200638336185,NN-t,0.05,1.0405481811082418,1.6537893268672144
2023-08-03,-0.2551225450291527,NN-t,0.05,1.6724226465058254,2.6252056815628015
2023-08-04,-0.531416937393797,NN-t,0.05,1.2826398797886442,2.025970588039409
2023-08-07,0.8983618964856572,NN-t,0.05,1.3405328530681078,2.114972730308665
2023-08-08,-0.4227205100058866,NN-t,0.05,1.0640778343443764,1.6899627936325083
2023-08-09,-0.7063619102045117,NN-t,0.05,1.382060355103498,2.1788153079976516
2023-08-10,0.0250682521080863,NN-t,0.05,1.3583257420299124,2.142326744881645
2023-08-11,-0.1070264899229486,NN-t,0.05,1.036441859145993,1.647476445859649
2023-08-14,0.573400487941905,NN-t,0.05,1.0546771270874284,1.675510554659125
2023-08-15,-1.1618139396096483,NN-t,0.05,0.9085953016542224,1.450930701981722
2023-08-16,-0.7584081792624527,NN-t,0.05,1.5500118350206784,2.4370166174685446
2023-08-17,-0.7742811377529081,NN-t,0.05,1.434638623035708,2.2596468531349885
2023-08-18,-0.0148717883957202,NN-t,0.05,1.501589061818586,2.362573549416047
2023-08-21,0.6855634859799785,NN-t,0.05,1.1429078508646158,1.8111526366822677
2023-08-22,-0.2781331046545683,NN-t,0.05,1.067271777150385,1.694873022558703
2023-08-23,1.098433071079136,NN-t,0.05,1.1467132327944012,1.8036148724855936
2023-08-24,-1.354935398400801,NN-t,0.05,0.9934338341809048,1.5689342868356233
2023-08-25,0.6695501060295156,NN-t,0.05,1.6902365582975094,2.6357839278008814
2023-08-28,0.6245078594196461,NN-t,0.05,1.1727011505971596,1.843404040664373
2023-08-29,1.4404068712056506,NN-t,0.05,1.1696639160352922,1.8387538398403689
2023-08-30,0.3825854181192944,NN-t,0.05,1.2590927662483926,1.9756751425846104
2023-08-31,-0.1598212974339857,NN-t,0.05,1.28585955499041,2.016656812102934
2023-09-01,0.1797512765518541,NN-t,0.05,1.2498752583462998,1.9615625470742972
2023-09-05,-0.4202997821381205,NN-t,0.05,1.1113981169085134,1.7495451660973602
2023-09-06,-0.6996014491432261,NN-t,0.05,1.2981390263196604,2.035457469915319
2023-09-07,-0.3216433115732967,NN-t,0.05,1.23421261329325,1.937582033403664
2023-09-08,0.1425606062257059,NN-t,0.05,1.0712053206615504,1.6880074183799925
2023-09-11,0.6700951498135518,NN-t,0.05,0.9335361065797384,1.4772270259793274
2023-09-12,-0.5712169023003997,NN-t,0.05,0.9316908033248488,1.4744017483981484
2023-09-13,0.1240862117534604,NN-t,0.05,1.238768200183923,1.9445569289809777
2023-09-14,0.839458553366625,NN-t,0.05,0.938263824036305,1.484465464487899
2023-09-15,-1.2234145842493929,NN-t,0.05,0.9384264163255868,1.484714403706189
2023-09-18,0.0721027694175518,NN-t,0.05,1.6220975830689486,2.5314587885005277
2023-09-19,-0.2153327361533126,NN-t,0.05,1.1023959267691952,1.7357622358853575
2023-09-20,-0.943920420629104,NN-t,0.05,1.1749645483102025,1.846869447664012
2023-09-21,-1.6536918318488083,NN-t,0.05,1.5138448957945243,2.363499582214988
2023-09-22,-0.2298237402760749,NN-t,0.05,1.7986480139941037,2.798984725854176
2023-09-25,0.4014994203806617,NN-t,0.05,1.3945102604660589,2.181028051932341
2023-09-26,-1.4844165482264944,NN-t,0.05,1.2626576560475702,1.979415616164876
2023-09-27,0.0229287772294792,NN-t,0.05,1.8616900775106953,2.895380728325592
2023-09-28,0.5875877143000698,NN-t,0.05,1.426470776735575,2.2298980576626137
2023-09-29,-0.2713259648289315,NN-t,0.05,1.1672786405342457,1.8335740097472184
2023-10-02,0.0079364406152993,NN-t,0.05,1.333436150228585,2.0876411963475516
2023-10-03,-1.3839395863449198,NN-t,0.05,1.2029030604733628,1.888046396609843
2023-10-04,0.8077047607828945,NN-t,0.05,1.5926546378150948,2.484005537490186
2023-10-05,-0.1304881146995122,NN-t,0.05,1.1698183658152854,1.837457438537639
2023-10-06,1.1745642093961115,NN-t,0.05,1.262561800673292,1.979269046170488
2023-10-09,0.6284068119387409,NN-t,0.05,1.2085568474339088,1.8966914572474636
2023-10-10,0.5194476099985355,NN-t,0.05,1.288394028194091,2.0187684427484855
2023-10-11,0.4283819500095073,NN-t,0.05,1.164280153554169,1.82898910020875
2023-10-12,-0.6266024940654918,NN-t,0.05,1.127783219797705,1.7731825748455483
2023-10-13,-0.5031495660219892,NN-t,0.05,1.4317856212149325,2.238024850045171
2023-10-16,1.0538642302589984,NN-t,0.05,1.2678400361812918,1.9873398607138597
2023-10-17,-0.0098249879443765,NN-t,0.05,1.0714970147634586,1.6871167823106978
2023-10-18,-1.3490408251151895,NN-t,0.05,1.1393184944464414,1.7908208674635469
2023-10-19,-0.8519032328057976,NN-t,0.05,1.6287233684460862,2.5372573675578596
2023-10-20,-1.2665149196155916,NN-t,0.05,1.6068864876244229,2.5038607540193074
2023-10-23,-0.1686992065434917,NN-t,0.05,1.751251688237558,2.724648184818922
2023-10-24,0.723952351962882,NN-t,0.05,1.4059076492705214,2.1964902715429955
2023-10-25,-1.4443434657238052,NN-t,0.05,1.2885119583869529,2.016949129584644
2023-10-26,-1.1903081205584871,NN-t,0.05,1.6922649147069078,2.6344357366411164
2023-10-27,-0.481183857862075,NN-t,0.05,1.736396293176419,2.7019288279716203
2023-10-30,1.1938474300285915,NN-t,0.05,1.5259786657260257,2.3801229692022465
2023-10-31,0.6454084821688244,NN-t,0.05,1.3217877568713314,2.067840050831375
2023-11-01,1.0451194990191868,NN-t,0.05,1.3830261890822877,2.1614961123796537
2023-11-02,1.8682938934086477,NN-t,0.05,1.2654412096313197,1.9816654786580623
2023-11-03,0.934988354455146,NN-t,0.05,1.341457146558772,2.097921774100157
2023-11-06,0.1751457724100586,NN-t,0.05,1.512657736977726,2.3597503751026254
2023-11-07,0.2836093401711954,NN-t,0.05,1.5135181556315949,2.3610662713379575
2023-11-08,0.1004411032419886,NN-t,0.05,1.455900519305406,2.272947736960024
2023-11-09,-0.8116690699068705,NN-t,0.05,1.386483070439283,2.1667829540156474
2023-11-10,1.5495759270772258,NN-t,0.05,1.383320156614564,2.1619456967387247
2023-11-13,-0.0836188441370084,NN-t,0.05,1.1355185233648175,1.7829659584029338
2023-11-14,1.889537047457725,NN-t,0.05,1.331019840376707,2.0819592983330053
2023-11-15,0.1595738207847176,NN-t,0.05,1.3498027300803477,2.1106852374308382
2023-11-16,0.118971939671373,NN-t,0.05,1.6129542505316186,2.5069349901950617
2023-11-17,0.1281227937177987,NN-t,0.05,1.558512058501346,2.42388548453619
2023-11-20,0.7363103793795632,NN-t,0.05,1.358425047153841,2.118660313368739
2023-11-21,-0.2022975931757968,NN-t,0.05,1.3062148102265003,2.039015570836382
2023-11-22,0.4052905094313324,NN-t,0.05,1.1361405226652272,1.77957367512075
2023-11-24,0.0596695609645032,NN-t,0.05,1.049918760560125,1.6480456367955512
2023-11-27,-0.1956069316898358,NN-t,0.05,1.078715536760102,1.6919740301755866
2023-11-28,0.0979638528050291,NN-t,0.05,1.101845394551896,1.7272577537718066
2023-11-29,-0.0946696615101938,NN-t,0.05,0.9332239516539949,1.4700321176627875
2023-11-30,0.3776931264994605,NN-t,0.05,0.9518814797777748,1.4984934714347813
2023-12-01,0.5856558953846637,NN-t,0.05,0.8937938378885081,1.4098829698386908
2023-12-04,-0.5423188063826943,NN-t,0.05,0.9166357500747816,1.444727443299982
2023-12-05,-0.0569031593934802,NN-t,0.05,1.1296992796170218,1.7697478023732929
2023-12-06,-0.3913851944943747,NN-t,0.05,0.997102676861674,1.567476697918974
2023-12-07,0.7936610684821922,NN-t,0.05,1.093239286220204,1.7141294608809496
2023-12-08,0.4087134146503793,NN-t,0.05,0.961050008181068,1.5124797148815812
2023-12-11,0.3916813547781492,NN-t,0.05,0.9799826311523504,1.5413607154429927
2023-12-12,0.45888127956924,NN-t,0.05,0.967748177763716,1.5226975193437686
2023-12-13,1.355834517501981,NN-t,0.05,0.950136258213014,1.4958312019189248
2023-12-14,0.2643565185154432,NN-t,0.05,0.9836345507033122,1.546931580650711
2023-12-15,-0.0076252400448594,NN-t,0.05,1.044364444551332,1.64169777699525
2023-12-18,0.4518122263400515,NN-t,0.05,1.0645005750149468,1.672425926120903
2023-12-19,0.5849267450818904,NN-t,0.05,1.0207727406916591,1.6056963518138738
2023-12-20,-1.4793147965305629,NN-t,0.05,1.016187930845336,1.598699837715738
2023-12-21,1.0248769307271877,NN-t,0.05,1.5319245524107166,2.385724526776888
2023-12-22,0.1658682152761075,NN-t,0.05,1.20947802105405,1.8936644897960633
2023-12-26,0.4222761046978559,NN-t,0.05,1.3085671463367743,2.0448765324434777
2023-12-27,0.1429435616422998,NN-t,0.05,1.271080589293563,1.9876712755986976
2023-12-28,0.0370106110327118,NN-t,0.05,1.275077480335245,1.993770613512192
2023-12-29,-0.2830477036733835,NN-t,0.05,1.0954137993712412,1.7196001421248863
2024-01-02,-0.5676660799723162,NN-t,0.05,1.0521321312776364,1.6535514266584028
2024-01-03,-0.8048618327197647,NN-t,0.05,1.174031460755214,1.8395723099295187
2024-01-04,-0.3434271663317428,NN-t,0.05,1.2933461978144964,2.021649052026047
2024-01-05,0.182402163943398,NN-t,0.05,1.1799396194841372,1.84858828163314
2024-01-08,1.401594543635314,NN-t,0.05,1.063402169749735,1.6707497371008313
2024-01-09,-0.1478993852317584,NN-t,0.05,1.1067799638082338,1.7369451427662803
2024-01-10,0.5649980650495912,NN-t,0.05,1.2773094632233304,1.9971766652933385
2024-01-11,-0.0671280836961164,NN-t,0.05,1.1388090467155318,1.7858221818633275
2024-01-12,0.0750693753033959,NN-t,0.05,1.2086197092126745,1.892354688277556
2024-01-16,-0.3738319052356834,NN-t,0.05,1.172635640868667,1.837442260081864
2024-01-17,-0.5632731271107821,NN-t,0.05,1.107771689115602,1.7386476519760543
2024-01-18,0.8766720726243148,NN-t,0.05,1.205114602487107,1.887357806059812
2024-01-19,1.2238308232548512,NN-t,0.05,1.0028734060217843,1.5783952072760614
2024-01-22,0.2191921187231685,NN-t,0.05,1.0895267740082422,1.710775010374444
2024-01-23,0.2917115340764486,NN-t,0.05,1.1843887563042166,1.855695061720006
2024-01-24,0.0811598976216865,NN-t,0.05,1.1683202316106114,1.8311472780106253
2024-01-25,0.524657813497798,NN-t,0.05,1.080011228006647,1.6962381708339238
2024-01-26,-0.0651997755426364,NN-t,0.05,1.0091982226021816,1.5880575896277462
2024-01-29,0.7528365505246204,NN-t,0.05,0.9461799889805068,1.491785032053886
2024-01-30,-0.0600830396978616,NN-t,0.05,0.9231626977891784,1.4566216616440664
2024-01-31,-1.6236851740733682,NN-t,0.05,0.986136325629529,1.5528260752474623
2024-02-01,1.2416286114049784,NN-t,0.05,1.6470299192947444,2.5624690450632035
2024-02-02,1.062777072263312,NN-t,0.05,1.259300360385473,1.9701370462440293
2024-02-05,-0.3191424709283971,NN-t,0.05,1.3567505400406372,2.1190110703519984
2024-02-06,0.2307745931748107,NN-t,0.05,1.586664844626489,2.4702497016690534
2024-02-07,0.8207682594008627,NN-t,0.05,1.4199025910062832,2.215488059837251
2024-02-08,0.0570420540090595,NN-t,0.05,1.218017355756207,1.9070692607543072
2024-02-09,0.5725917128795516,NN-t,0.05,1.1821372263897798,1.8522554136870544
2024-02-12,-0.0949404142652441,NN-t,0.05,1.0603603457522457,1.6662176420997874
2024-02-13,-1.3768609419845443,NN-t,0.05,1.1293138033960095,1.7715574039340958
2024-02-14,0.9534168304216808,NN-t,0.05,1.5829756520975529,2.4658295811455195
2024-02-15,0.580437267404004,NN-t,0.05,1.1734769420225857,1.8407855794094632
2024-02-16,-0.4815043575961042,NN-t,0.05,1.2358097689338987,1.9359281491260696
2024-02-20,-0.602342646581725,NN-t,0.05,1.456234826765814,2.2723769750697205
2024-02-21,0.1263401495103598,NN-t,0.05,1.5139918774696297,2.3605352456874136
2024-02-22,2.090288866640342,NN-t,0.05,1.1656008919864205,1.8287638618524609
2024-02-23,0.0347887026502183,NN-t,0.05,1.2073194746185472,1.8924415956122744
2024-02-26,-0.3793939244668484,NN-t,0.05,1.4491777555487224,2.261605317124181
2024-02-27,0.1704895538720964,NN-t,0.05,1.5679957624237386,2.44296482001948
2024-02-28,-0.1659531321112244,NN-t,0.05,1.3782487512165298,2.1533418534887727
2024-02-29,0.5215470455799964,NN-t,0.05,1.4495524343725037,2.2621772133124227
2024-03-01,0.7975936433387976,NN-t,0.05,0.9988448111576173,1.5742334188726157
2024-03-04,-0.1193974574963011,NN-t,0.05,1.037333538321574,1.6329812182097192
2024-03-05,-1.0245406275917994,NN-t,0.05,1.1017480028304478,1.7313011241721603
2024-03-06,0.5127932853001643,NN-t,0.05,1.4370340871367226,2.243069661423086
2024-03-07,1.0251402284983626,NN-t,0.05,1.1223804053032216,1.762793676138076
2024-03-08,-0.6549922992050338,NN-t,0.05,1.1234499671938027,1.764426216675434
2024-03-11,-0.11228682680281,NN-t,0.05,1.418142302528281,2.214233925531673
2024-03-12,1.1139512586668012,NN-t,0.05,1.2509002907237654,1.958961775107692
2024-03-13,-0.1926384002121972,NN-t,0.05,1.110806638440207,1.745127897523305
2024-03-14,-0.2875221051495188,NN-t,0.05,1.266975677320213,1.985731864151949
2024-03-15,-0.6504022859737666,NN-t,0.05,1.2140682982853164,1.9049553333156428
2024-03-18,0.6298184238480455,NN-t,0.05,1.2741566166205736,1.9966953890025496
2024-03-19,0.563325304434312,NN-t,0.05,1.047421004173024,1.6505259789004512
2024-03-20,0.8864765516360184,NN-t,0.05,0.999436938756858,1.5772661348022627
2024-03-21,0.3231309094528888,NN-t,0.05,1.017217401409264,1.6044125199743302
2024-03-22,-0.1403171834326712,NN-t,0.05,1.066486048222533,1.679633603331155
2024-03-25,-0.3059640382031929,NN-t,0.05,1.1122109825190605,1.749444310883978
2024-03-26,-0.2803721982805726,NN-t,0.05,1.1197232952916365,1.7609137613726469
2024-03-27,0.8593595582706042,NN-t,0.05,1.0897506444294096,1.7151529090911228
2024-03-28,0.1115862700761605,NN-t,0.05,0.9482465560482,1.4991110342696718
2024-04-01,-0.2015614526957724,NN-t,0.05,0.9932330287239888,1.567794292892551
2024-04-02,-0.7265388203672426,NN-t,0.05,1.054623816602096,1.6615228986288182
2024-04-03,0.1090527523337897,NN-t,0.05,1.2278264962446446,1.9259607114308703
2024-04-04,-1.241103561926225,NN-t,0.05,1.016080175826637,1.602676256734333
2024-04-05,1.1038050135699558,NN-t,0.05,1.3757798810541026,2.1518490727219173
2024-04-08,-0.0374701190041576,NN-t,0.05,1.0696490620334869,1.6844627460196953
2024-04-09,0.144444947363452,NN-t,0.05,1.2128476537259851,1.9030917098535551
2024-04-10,-0.9501981832212592,NN-t,0.05,1.1360187761814606,1.785792945308807
2024-04-11,0.7417221983342437,NN-t,0.05,1.413075779386078,2.2087907193624265
2024-04-12,-1.4657587802248535,NN-t,0.05,1.000801685018749,1.579940184160609
2024-04-15,-1.2094195787459194,NN-t,0.05,1.6273205650891445,2.5372478086006596
2024-04-16,-0.2058624527503996,NN-t,0.05,1.7154985233897302,2.6719818676592197
2024-04-17,-0.5797375076004185,NN-t,0.05,1.3583934457717357,2.1263328466886926
2024-04-18,-0.2210601700485304,NN-t,0.05,1.524637148681887,2.3803497157304574
2024-04-19,-0.8797129654056974,NN-t,0.05,1.3011512797273073,2.038868025217331
2024-04-22,0.869335115683908,NN-t,0.05,1.508212035315122,2.3552524892007
2024-04-23,1.189356656772209,NN-t,0.05,0.9894056897054626,1.5625273438639748
2024-04-24,0.02129873779329,NN-t,0.05,0.9934852447186509,1.5687608178145265
2024-04-25,-0.4586934270119409,NN-t,0.05,1.142535317347963,1.7965061827033737
2024-04-26,1.0157381332325344,NN-t,0.05,1.3681487879930427,2.141238803691026
2024-04-29,0.3173408076639394,NN-t,0.05,1.026769858272122,1.619619004766049
2024-04-30,-1.5855551118928124,NN-t,0.05,1.094848422512439,1.7236416139504112
2024-05-01,-0.3441353485631687,NN-t,0.05,1.6342778332356187,2.547878367477266
2024-05-02,0.9087024725084856,NN-t,0.05,1.4195443852928915,2.2197701915276817
2024-05-03,1.2478557659508005,NN-t,0.05,1.134588312680601,1.7843633273138093
2024-05-06,1.027317369124784,NN-t,0.05,1.1320566755002155,1.7804950391389556
2024-05-07,0.1342528228825613,NN-t,0.05,1.2195688512721323,1.9142117965467784
2024-05-08,-0.0005835635193424,NN-t,0.05,1.1861221279907874,1.8631059093528113
2024-05-09,0.5078032639106711,NN-t,0.05,1.2044762763289751,1.8911506606016113
2024-05-10,0.1648040080166728,NN-t,0.05,1.0950123775494822,1.7284392014551917
2024-05-13,-0.0241333173865208,NN-t,0.05,1.0876032056221812,1.7171017033200038
2024-05-14,0.4826148527454041,NN-t,0.05,1.06666193629601,1.6850574203335218
2024-05-15,1.164782778729962,NN-t,0.05,0.9951077172444068,1.5755653160845793
2024-05-16,-0.2083837474088046,NN-t,0.05,0.9241671073841063,1.4670121552331437
2024-05-17,0.1164095687893751,NN-t,0.05,1.1991597247932138,1.8878052367890084
2024-05-20,0.0915970308491166,NN-t,0.05,1.1224740398216575,1.7704609749887104
2024-05-21,0.2498749766892608,NN-t,0.05,1.1362157398993538,1.7914884933853508
2024-05-22,-0.2709791209352147,NN-t,0.05,1.1011741837877809,1.7378679834326602
2024-05-23,-0.7408162283471933,NN-t,0.05,1.115738653908712,1.760154502689638
2024-05-24,0.6976649076673259,NN-t,0.05,1.32128465491912,2.074680528811931
2024-05-28,0.0248770906885915,NN-t,0.05,1.004818100369852,1.590424122393424
2024-05-29,-0.7394317215742535,NN-t,0.05,1.1304654512307406,1.7826894146628056
2024-05-30,-0.5992957535754186,NN-t,0.05,1.444667996406395,2.2634814390554605
2024-05-31,0.7995824231928896,NN-t,0.05,1.4142446800939392,2.216927749204137
2024-06-03,0.1115460223535239,NN-t,0.05,0.9310756894397584,1.4775836518782863
2024-06-04,0.1501681003782753,NN-t,0.05,1.0505784653112402,1.6604465293883035
2024-06-05,1.1778015849957282,NN-t,0.05,1.0510584660495983,1.6611810254331274
2024-06-06,-0.0199836601636851,NN-t,0.05,0.873879960810796,1.3900628772176022
2024-06-07,-0.1115842050279066,NN-t,0.05,1.0756881946577648,1.698869380475388
2024-06-10,0.2577529978240972,NN-t,0.05,1.060307838590269,1.6713034347466778
2024-06-11,0.2706714855209522,NN-t,0.05,1.0244064108137585,1.61640714220429
2024-06-12,0.8467720241887338,NN-t,0.05,1.0238846918429148,1.6156093901642703
2024-06-13,0.234191143711672,NN-t,0.05,0.9456566460965956,1.4959921506761251
2024-06-14,-0.0393938280997494,NN-t,0.05,1.0387425407169826,1.638328286566353
2024-06-17,0.7635164372320518,NN-t,0.05,1.0593872256740908,1.6698957404265682
2024-06-18,0.2518154181517116,NN-t,0.05,0.9590726052183628,1.51650627677913
2024-06-20,-0.252912739541154,NN-t,0.05,1.0301327628669583,1.6251632145106636
2024-06-21,-0.1563351718825249,NN-t,0.05,1.098697070015205,1.7300037876100685
2024-06-24,-0.3069879155866442,NN-t,0.05,1.0853983650214611,1.7096689528977531
2024-06-25,0.3925873679181343,NN-t,0.05,1.122144535396017,1.765856927683922
2024-06-26,0.1571196224720452,NN-t,0.05,1.056504065158099,1.6654871463138825
2024-06-27,0.0906909856799073,NN-t,0.05,1.075458645930507,1.6944702892010637
2024-06-28,-0.4092013462369599,NN-t,0.05,1.081325508398058,1.7034412137094015
2024-07-01,0.2671990981429523,NN-t,0.05,1.1440034991510275,1.7992811156142303
2024-07-02,0.6176205771185049,NN-t,0.05,1.0733986518381733,1.691320385552877
2024-07-03,0.5071562269533664,NN-t,0.05,1.0207110488151907,1.6107566239411666
2024-07-05,0.543397436096954,NN-t,0.05,1.0267313320309472,1.6199621416341548
2024-07-08,0.1016182476404432,NN-t,0.05,1.012570994892814,1.598309799145915
2024-07-09,0.0740797478065475,NN-t,0.05,1.0588697511965697,1.6691044785726368
2024-07-10,1.0156314878105883,NN-t,0.05,0.8176624074689189,1.2999933259627992
2024-07-11,-0.8801649969266724,NN-t,0.05,0.6710882301368166,1.076114383079856
2024-07-12,0.550186402496512,NN-t,0.05,1.2883500719502574,2.0189266242433286
2024-07-15,0.2822216423352684,NN-t,0.05,0.8297617293890563,1.318473957752008
2024-07-16,0.6369049971453274,NN-t,0.05,0.8983356184908674,1.4232144385169183
2024-07-17,-1.4025441523645543,NN-t,0.05,0.8020079813906632,1.2760825906229836
2024-07-18,-0.7847112145350073,NN-t,0.05,1.712703917528246,2.667089159319719
2024-07-19,-0.7165879226406084,NN-t,0.05,1.5817360118831336,2.4670474002519778
2024-07-22,1.0734217246220292,NN-t,0.05,1.558916849722061,2.432193171525725
2024-07-23,-0.155931769394619,NN-t,0.05,0.8686124975202663,1.377815030359213
2024-07-24,-2.3421242222892857,NN-t,0.05,1.3138404750400574,2.057860934510507
2024-07-25,-0.5155889019717259,NN-t,0.05,1.8588420497659088,2.890302082330886
2024-07-26,1.1029420409570925,NN-t,0.05,2.349512104759617,3.6397566944308832
2024-07-29,0.0812979571828451,NN-t,0.05,1.4657489019531658,2.289887466409513
2024-07-30,-0.4972514361367621,NN-t,0.05,1.9187006136823244,2.9817306835758006
2024-07-31,1.5669980701917767,NN-t,0.05,2.3339376999491996,3.6159681844187346
2024-08-01,-1.3788123791990166,NN-t,0.05,1.222639952823135,1.9185602959127896
2024-08-02,-1.855290660855327,NN-t,0.05,2.071308430017107,3.2148254702468133
2024-08-05,-3.04270413923931,NN-t,0.05,1.8556045521443003,2.8853570943507085
2024-08-06,1.0300849493599515,NN-t,0.05,1.5639987313444297,2.439955291062609
2024-08-07,-0.7764715388769489,NN-t,0.05,2.5559534188542075,3.962129680647153
2024-08-08,2.278113959089888,NN-t,0.05,2.691319237252296,4.169376941759382
2024-08-09,0.4660798434381699,NN-t,0.05,2.2369804967832625,3.4737769690803364
2024-08-12,0.0043033051720097,NN-t,0.05,2.692956690665808,4.1718839094648565
2024-08-13,1.6707233419049987,NN-t,0.05,1.909115160500559,2.9718098272838533
2024-08-14,0.381643656119841,NN-t,0.05,2.0220669442606853,3.1447408382218223
2024-08-15,1.6004489931304131,NN-t,0.05,2.1315703606487975,3.3123923428441193
2024-08-16,0.1987802368396151,NN-t,0.05,1.844617160014818,2.873062343568468
2024-08-19,0.9675327436177776,NN-t,0.05,1.7765139357782926,2.7687952038801877
2024-08-20,-0.1986527237609709,NN-t,0.05,1.9898029296121895,3.0953441090658593
2024-08-21,0.4230714721006796,NN-t,0.05,1.599594071730973,2.4979280256363725
2024-08-22,-0.8972942256657219,NN-t,0.05,1.5667314238981844,2.4476147793764342
2024-08-23,1.141793740166443,NN-t,0.05,1.7564112364063285,2.7380176454455327
2024-08-26,-0.3158710169605814,NN-t,0.05,1.6423197709391926,2.563341763349449
2024-08-27,0.1593925112723203,NN-t,0.05,1.485928662103469,2.323904441933558
2024-08-28,-0.5993900794735212,NN-t,0.05,1.3283783528334228,2.082692365871801
2024-08-29,-0.0039379843436586,NN-t,0.05,1.7037823885276535,2.657442026670996
2024-08-30,1.004245707914417,NN-t,0.05,1.188101852275428,1.867926770811778
2024-09-03,-2.1377963372397697,NN-t,0.05,1.3570400582922262,2.126573901295121
2024-09-04,-0.1603829027380963,NN-t,0.05,2.074036571412367,3.224307179382893
2024-09-05,-0.3022581014674196,NN-t,0.05,1.946473609826926,3.010878604048911
2024-09-06,-1.7410944507424406,NN-t,0.05,1.8561137616845889,2.8732531208503196
2024-09-09,1.1513534435818251,NN-t,0.05,1.8342074402589372,2.8398879909470476
2024-09-10,0.4462699977793541,NN-t,0.05,1.677077583100557,2.6005662904248945
2024-09-11,1.060855564984334,NN-t,0.05,1.667424160536625,2.585863333611724
2024-09-12,0.746735215680267,NN-t,0.05,1.6313914853976532,2.53098260473835
2024-09-13,0.5393142234356035,NN-t,0.05,1.7100391342687555,2.650769444809933
2024-09-16,0.1255840867310285,NN-t,0.05,1.5817543399321066,2.455381148231542
2024-09-17,0.026451509389645,NN-t,0.05,1.385625415364043,2.1566606593438142
2024-09-18,-0.2900658708313291,NN-t,0.05,1.3374756375507195,2.083324586146513
2024-09-19,1.6834356892725129,NN-t,0.05,1.2786094104178436,1.9936664789252787
2024-09-20,-0.1942913630015734,NN-t,0.05,1.4237104768014992,2.214667341412618
2024-09-23,0.2805334425713122,NN-t,0.05,1.5309003541209354,2.377926343761176
2024-09-24,0.2508031103345345,NN-t,0.05,1.4865876617796794,2.3104344674391917
2024-09-25,-0.1862983206212128,NN-t,0.05,1.480519258562243,2.301191790053015
2024-09-26,0.4030542158199222,NN-t,0.05,1.5218778069163537,2.364184262026414
2024-09-27,-0.1254002900072123,NN-t,0.05,1.2212735974410294,1.906339318380606
2024-09-30,0.4227603658441509,NN-t,0.05,1.1015041116090902,1.723920537263328
2024-10-01,-0.9367848694454448,NN-t,0.05,1.215008422885428,1.8967969420567776
2024-10-02,0.0138381326986477,NN-t,0.05,1.5806692130126605,2.453728410652952
2024-10-03,-0.1682828654458689,NN-t,0.05,1.115870236662704,1.7510445598736923
2024-10-04,0.8930255699186382,NN-t,0.05,1.1701460070306795,1.8339229425754895
2024-10-07,-0.9632263829388772,NN-t,0.05,1.2808179606737689,2.002917550412497
2024-10-08,0.9642706804694384,NN-t,0.05,1.5823129091785306,2.463296344770055
2024-10-09,0.7088231016994585,NN-t,0.05,1.0551407893289917,1.6583114978965234
2024-10-10,-0.2072268505982484,NN-t,0.05,1.100247110863528,1.7271882536397338
2024-10-11,0.603360870729872,NN-t,0.05,1.2548359077133395,1.963243299562925
2024-10-14,0.7678114574594324,NN-t,0.05,1.1007209011368742,1.7279117251138107
2024-10-15,-0.7638566037513421,NN-t,0.05,1.075899373146123,1.6900095805267552
2024-10-16,0.4668232782779766,NN-t,0.05,1.2967178699516368,2.027196501353606
2024-10-17,-0.0171175128538166,NN-t,0.05,1.0989600588333728,1.7252229422311782
2024-10-18,0.3963686942774387,NN-t,0.05,1.1105754909038124,1.7429595532060935
2024-10-21,-0.1824432756419033,NN-t,0.05,1.0814979963518705,1.6985586040321472
2024-10-22,-0.0474966667195793,NN-t,0.05,1.0995947306104883,1.7261920776313244
2024-10-23,-0.9233824267679565,NN-t,0.05,1.049628672028133,1.649894567762496
2024-10-24,0.2143473130556828,NN-t,0.05,1.2538984209979238,1.9618117697614812
2024-10-25,-0.029949201318627,NN-t,0.05,1.0736434903981666,1.6865648774401305
2024-10-28,0.2647934626732945,NN-t,0.05,1.0429482380281894,1.6396936334983168
2024-10-29,0.1612825944901219,NN-t,0.05,1.0486846331766253,1.648453032935995
2024-10-30,-0.3305691672488118,NN-t,0.05,1.0387330009616236,1.633257022310431
2024-10-31,-1.8790134928745348,NN-t,0.05,0.9838572208664168,1.54657742798279
2024-11-01,0.4084158004525459,NN-t,0.05,1.7013633716368703,2.6398993609595065
2024-11-04,-0.2816044813190291,NN-t,0.05,1.3842581486878918,2.15670058288728
2024-11-05,1.2191031029563082,NN-t,0.05,1.576758848966202,2.450029410105914
2024-11-06,2.4981280957186653,NN-t,0.05,1.2403090893970534,1.9373538029536963
2024-11-07,0.7403754173995657,NN-t,0.05,1.35073617093122,2.105620444440004
2024-11-08,0.3749794035718046,NN-t,0.05,1.5248590024989452,2.3709454323590395
2024-11-11,0.0968594190956923,NN-t,0.05,1.7094265672710978,2.6521859018167753
2024-11-12,-0.2896851476936499,NN-t,0.05,1.846446242958224,2.8609738216377143
2024-11-13,0.0232200764140183,NN-t,0.05,1.9149852689205695,2.965412257836523
2024-11-14,-0.6068108582244001,NN-t,0.05,1.051614821448107,1.6498251433679332
2024-11-15,-1.3291430866793768,NN-t,0.05,1.1782228556277838,1.8427480061351285
2024-11-18,0.3910159746206537,NN-t,0.05,1.6980932377210018,2.6349163944300193
2024-11-19,0.3955750520596487,NN-t,0.05,1.2140055374659575,1.8972729615412864
2024-11-20,0.0021950621335444,NN-t,0.05,1.2128318024766211,1.8954844469676264
2024-11-21,0.5326251844288491,NN-t,0.05,1.1943141146924765,1.867267554080115
2024-11-22,0.3461959591536465,NN-t,0.05,1.1932286538009775,1.865613549861768
2024-11-25,0.3015927820124541,NN-t,0.05,1.086074101560209,1.7023335249346891
2024-11-26,0.5705697155263866,NN-t,0.05,1.0647285375262454,1.669807569157124
2024-11-27,-0.3808481083577711,NN-t,0.05,1.1177404601908818,1.7505861070083693
2024-11-29,0.5592120396801623,NN-t,0.05,1.2023197452565724,1.885641232148913
2024-12-02,0.2445463880581373,NN-t,0.05,1.1522453425211232,1.8090789294556804
2024-12-03,0.0451347242022181,NN-t,0.05,1.0987706840898948,1.7273177348816997
2024-12-04,0.603318162813612,NN-t,0.05,1.011002169812398,1.593122233987749
2024-12-05,-0.1871525839382334,NN-t,0.05,1.0473643008267517,1.6487188727734388
2024-12-06,0.2492345367538312,NN-t,0.05,1.033942089929639,1.6281967034138505
2024-12-09,-0.6163167285227462,NN-t,0.05,1.0238837002589518,1.6128177186930104
2024-12-10,-0.2968284314279252,NN-t,0.05,1.3007200499311915,2.036092430766428
2024-12-11,0.8132626411368236,NN-t,0.05,1.173563309719865,1.841673480130551
2024-12-12,-0.5428731461463251,NN-t,0.05,1.0725331791965833,1.6872013544194162
2024-12-13,-0.0026466989371873,NN-t,0.05,1.3232468986737902,2.070535326096951
2024-12-16,0.3792155008784429,NN-t,0.05,1.1024854965999753,1.732997574965824
2024-12-17,-0.3871479480655496,NN-t,0.05,1.0864917373185308,1.7085435830574636
2024-12-18,-2.993650530451818,NN-t,0.05,1.2383029401030088,1.9406584885754603
2024-12-19,-0.0865486750536793,NN-t,0.05,1.559220841334212,2.431332608515514
2024-12-20,1.08104794023973,NN-t,0.05,2.4689187945609863,3.8222342718329303
2024-12-23,0.7260849585616372,NN-t,0.05,2.0876697453052944,3.2393155845181156
2024-12-24,1.0982233165126825,NN-t,0.05,2.2338172452019656,3.462770853352042
2024-12-26,-0.0405741088257819,NN-t,0.05,2.104493980561747,3.2650393499935007
2024-12-27,-1.1117304964912211,NN-t,0.05,1.469550129396996,2.294228702826898
2024-12-30,-1.0759673941729728,NN-t,0.05,2.1767188848013737,3.3741472634792733
