date,ret,model,level,var,es
2023-01-04,0.7095546441984838,GARCH-t,0.01,2.783687796425057,4.02879206247878
2023-01-05,-0.976252439712064,GARCH-t,0.01,2.7572560192975724,3.9908361582246856
2023-01-06,1.589647009927115,GARCH-t,0.01,2.7616504531347768,3.997146543983895
2023-01-09,0.4549233258291232,GARCH-t,0.01,2.8169580100757248,4.0765679285413325
2023-01-10,-0.0587546745238274,GARCH-t,0.01,2.7782769161919996,4.021022064605925
2023-01-11,0.1601623341199926,GARCH-t,0.01,2.735233229469628,3.959211538431404
2023-01-12,1.108736566761589,GARCH-t,0.01,2.666423628706631,3.837874376194718
2023-01-13,1.2008862043122857,GARCH-t,0.01,2.6742639671366617,3.849068065263083
2023-01-17,-0.5855345730477272,GARCH-t,0.01,2.6910831693641506,3.873080921569305
2023-01-18,-0.1469161128852995,GARCH-t,0.01,2.6673188577314875,3.8391524990000847
2023-01-19,0.9251314471138228,GARCH-t,0.01,2.6261054688294836,3.7803119444832487
2023-01-20,0.2234663176594187,GARCH-t,0.01,2.6194566636147516,3.7708194131449617
2023-01-23,0.0363280747150776,GARCH-t,0.01,2.5788034549700636,3.712778630688808
2023-01-24,0.3522432457450443,GARCH-t,0.01,2.5386088290520052,3.655392569007762
2023-01-25,0.3767611384967313,GARCH-t,0.01,2.503812427755582,3.6057135787082686
2023-01-26,-0.6252753139314502,GARCH-t,0.01,2.471117465116002,3.5590348225352577
2023-01-27,-0.0259221820840704,GARCH-t,0.01,2.46006827870901,3.5432598457020443
2023-01-30,-0.2959862564306045,GARCH-t,0.01,2.4248091186933967,3.4929201725426835
2023-01-31,0.3426426124651446,GARCH-t,0.01,2.3975675146384168,3.4540272027766084
2023-02-01,-0.0881420299387641,GARCH-t,0.01,2.3681156153315803,3.4119785837972554
2023-02-02,-0.5983212723418652,GARCH-t,0.01,2.337316991021244,3.368007239021777
2023-02-03,-2.826184255379748,GARCH-t,0.01,2.3308266022186612,3.358740879560731
2023-02-06,0.1769825234386303,GARCH-t,0.01,2.723159188768257,3.918876009493721
2023-02-07,0.2942831061813177,GARCH-t,0.01,2.6781038704478903,3.8545503137785104
2023-02-08,0.3040771209810025,GARCH-t,0.01,2.6365367092314154,3.7952046768185466
2023-02-09,-0.5983602271623308,GARCH-t,0.01,2.5967487563959986,3.73839922426301
2023-02-10,-0.1823493315013401,GARCH-t,0.01,2.567318626260361,3.6803772024946504
2023-02-13,-0.5868606069231898,GARCH-t,0.01,2.529083909102369,3.626000347047979
2023-02-14,0.1133314874589582,GARCH-t,0.01,2.511745582823023,3.601342033037615
2023-02-15,-1.07370746218953,GARCH-t,0.01,2.4727191432959894,3.5458392016189664
2023-02-16,0.4243545311346954,GARCH-t,0.01,2.5045137806364193,3.591057069754248
2023-02-17,-0.0868985268310338,GARCH-t,0.01,2.472388471647549,3.5453689252376015
2023-02-21,-0.402898370723679,GARCH-t,0.01,2.4362728174435526,3.494005770126562
2023-02-22,-0.0545702605629464,GARCH-t,0.01,2.4125429394490467,3.4602574847621788
2023-02-23,-0.767127049665148,GARCH-t,0.01,2.3785887754071813,3.4119683693415577
2023-02-24,-0.5073326778902653,GARCH-t,0.01,2.383975488031602,3.4196292732394613
2023-02-27,0.4523120437649741,GARCH-t,0.01,2.368863084497692,3.3981366339969754
2023-02-28,0.6527917163400628,GARCH-t,0.01,2.344216322018439,3.3630843689305228
2023-03-01,0.4800056571569328,GARCH-t,0.01,2.3316502317419063,3.345213059155344
2023-03-02,-0.2288054619760342,GARCH-t,0.01,2.31004597760018,3.31448780494087
2023-03-03,0.7714887423290702,GARCH-t,0.01,2.2849314647060703,3.278770312076637
2023-03-06,0.0108276460496213,GARCH-t,0.01,2.284271793670886,3.2778321375800306
2023-03-07,-1.85706355718125,GARCH-t,0.01,2.2554525384759936,3.236845814408399
2023-03-08,-0.0661817291164826,GARCH-t,0.01,2.4357559934466937,3.493270750598304
2023-03-09,0.9115987157307688,GARCH-t,0.01,2.4009338883511293,3.4437472621073075
2023-03-10,1.7717772147514534,GARCH-t,0.01,2.405564000167256,3.4503321394031716
2023-03-13,2.6341694156230084,GARCH-t,0.01,2.545261175227805,3.6862241590973546
2023-03-14,-0.2881167105143215,GARCH-t,0.01,2.816342990818848,4.075449744852437
2023-03-15,1.0645072763326822,GARCH-t,0.01,2.774277541467906,4.01505119274752
2023-03-16,-0.3952561643726087,GARCH-t,0.01,2.7727295482114083,4.012828547968889
2023-03-17,2.6127822516268666,GARCH-t,0.01,2.736475277423956,3.96077382141852
2023-03-20,0.4760658443617601,GARCH-t,0.01,2.9769631095347617,4.306071852996966
2023-03-21,-2.103618451687445,GARCH-t,0.01,2.930002850307704,4.238645218845908
2023-03-22,0.4530510589810312,GARCH-t,0.01,3.0774542125944375,4.4503593197394204
2023-03-23,2.3855366038062704,GARCH-t,0.01,3.025865142304357,4.376286530834578
2023-03-24,-0.5885513691905921,GARCH-t,0.01,3.1883631634404135,4.609604975020229
2023-03-27,-1.5097478869044785,GARCH-t,0.01,3.1443116195186107,4.54635474206382
2023-03-28,1.0191690210182351,GARCH-t,0.01,3.184702854050374,4.604349417530043
2023-03-29,-0.3199215031879452,GARCH-t,0.01,3.1590986040645603,4.567586238941986
2023-03-30,0.7196500323830661,GARCH-t,0.01,3.1048098368754378,4.489637162339277
2023-03-31,-0.5722573380642285,GARCH-t,0.01,3.0634326944601797,4.430226897366924
2023-04-03,0.7538817015696077,GARCH-t,0.01,3.023663487724118,4.373125343900089
2023-04-04,1.9121386856435452,GARCH-t,0.01,2.987577425824973,4.321312135590025
2023-04-05,-0.0643034706267317,GARCH-t,0.01,3.0746629948973343,4.446351624347694
2023-04-06,-0.4463407474970126,GARCH-t,0.01,3.0179461279065354,4.36491622548645
2023-04-10,-1.1397298492928634,GARCH-t,0.01,2.973900220915564,4.301674086166644
2023-04-11,0.7862066660321816,GARCH-t,0.01,3.0006709155594025,4.314369640040649
2023-04-12,0.3038065675472636,GARCH-t,0.01,2.960206622140215,4.256634800289704
2023-04-13,1.5004488526765063,GARCH-t,0.01,2.898822465679168,4.1690513004417875
2023-04-14,-1.9340332101503832,GARCH-t,0.01,2.942911742989239,4.231958301779043
2023-04-17,-0.4003608688523414,GARCH-t,0.01,3.0833214256289123,4.432296176030385
2023-04-18,0.6597421632108531,GARCH-t,0.01,3.024575333127439,4.348476690998714
2023-04-19,-0.6096093088757149,GARCH-t,0.01,2.9745179128693375,4.277054286386138
2023-04-20,0.6195695166983959,GARCH-t,0.01,2.933985343583737,4.21922202997786
2023-04-21,-1.4095679073773075,GARCH-t,0.01,2.8865651421378877,4.151562434317271
2023-04-24,0.4837975290905525,GARCH-t,0.01,2.9411429859006692,4.229434622296764
2023-04-25,0.2460408684692785,GARCH-t,0.01,2.886647560400669,4.151680029480615
2023-04-26,-0.4171199318677286,GARCH-t,0.01,2.8277970798386143,4.067711602568576
2023-04-27,0.2112926265503246,GARCH-t,0.01,2.7836016338406795,4.004653118734965
2023-04-28,0.0100477975901019,GARCH-t,0.01,2.729471545506526,3.927419792471199
2023-05-01,-0.3372320383288464,GARCH-t,0.01,2.6774095201222217,3.8531371981470097
2023-05-02,1.5459208663897124,GARCH-t,0.01,2.637580381071004,3.796308602705633
2023-05-03,0.7074123181844181,GARCH-t,0.01,2.7118000598035095,3.902205948140459
2023-05-04,0.9517819252434988,GARCH-t,0.01,2.682643423696518,3.8606049816815817
2023-05-05,-1.50541414369174,GARCH-t,0.01,2.6758760216809483,3.850949187946311
2023-05-08,0.440192824598679,GARCH-t,0.01,2.765415192456245,3.9787045307269406
2023-05-09,0.4873807724603167,GARCH-t,0.01,2.7156666431262124,3.9127666489856456
2023-05-10,-0.2803233566718522,GARCH-t,0.01,2.672530632998781,3.8511683206272913
2023-05-11,-0.7811791440417504,GARCH-t,0.01,2.630026095897095,3.790471737299931
2023-05-12,-0.0099251054533082,GARCH-t,0.01,2.6263231344465736,3.785183899258032
2023-05-15,0.1735896282152275,GARCH-t,0.01,2.5793391948439304,3.7180907181626335
2023-05-16,-1.4776614414791789,GARCH-t,0.01,2.535148322139952,3.6549860434553447
2023-05-17,-0.3880014587498261,GARCH-t,0.01,2.6389019267197944,3.803146445504391
2023-05-18,-1.2293130260797065,GARCH-t,0.01,2.603744576523201,3.752941663114417
2023-05-19,1.1282876071055623,GARCH-t,0.01,2.6590335586167213,3.8318944652751816
2023-05-22,-0.1972886611210169,GARCH-t,0.01,2.673591033413566,3.8526825750228255
2023-05-23,-0.1216064382496189,GARCH-t,0.01,2.6279073471734433,3.787446158921152
2023-05-24,-0.4879037635297988,GARCH-t,0.01,2.5827892591549575,3.723017418468487
2023-05-25,-1.0087426800028507,GARCH-t,0.01,2.557450779190951,3.686834006875398
2023-05-26,0.0514509176076067,GARCH-t,0.01,2.5857729394697064,3.727278121282709
2023-05-30,0.7124411621889729,GARCH-t,0.01,2.5407370149922386,3.662966710568324
2023-05-31,0.3008760462139833,GARCH-t,0.01,2.5227459539613095,3.6372754312491544
2023-06-01,0.7153928630061794,GARCH-t,0.01,2.484409320341002,3.582530624325162
2023-06-02,-1.3026835665023309,GARCH-t,0.01,2.47056062855354,3.5627546584549377
2023-06-05,0.2864146572821607,GARCH-t,0.01,2.550655536276744,3.677130383311987
2023-06-06,0.3823121771459306,GARCH-t,0.01,2.510236847234024,3.619412396133465
2023-06-07,-1.1667932951336448,GARCH-t,0.01,2.4436497075841355,3.47796877996562
2023-06-08,1.0700777840001092,GARCH-t,0.01,2.5064304313263843,3.5665838338177034
2023-06-09,-0.0713242905666815,GARCH-t,0.01,2.528194568763147,3.5973039354036773
2023-06-12,-0.3522608540493114,GARCH-t,0.01,2.483650001356183,3.5344292343124333
2023-06-13,-0.5487371483662417,GARCH-t,0.01,2.45292085286887,3.4910550107336853
2023-06-14,0.5487371483662364,GARCH-t,0.01,2.4383729847775197,3.470520680488612
2023-06-15,0.1277759463212647,GARCH-t,0.01,2.414566946337394,3.436918433610454
2023-06-16,0.0306407016705376,GARCH-t,0.01,2.37701611783652,3.383915401924217
2023-06-20,-1.1762134766634988,GARCH-t,0.01,2.34207301753012,3.334593181171821
2023-06-21,-0.1137278422884502,GARCH-t,0.01,2.417736951548034,3.441392899110494
2023-06-22,-1.071258172670636,GARCH-t,0.01,2.3820561032782765,3.391029346375839
2023-06-23,0.3340482534468814,GARCH-t,0.01,2.436306001321561,3.4676031312897035
2023-06-26,0.2394076127153564,GARCH-t,0.01,2.401745706888899,3.418821241407901
2023-06-27,-0.5055096516834761,GARCH-t,0.01,2.366891749880791,3.369624846509491
2023-06-28,-0.0888561410255391,GARCH-t,0.01,2.3558264849129675,3.3540062140286517
2023-06-29,-0.1622451046078489,GARCH-t,0.01,2.3241152116212667,3.309245720314064
2023-06-30,0.6213645369454395,GARCH-t,0.01,2.296828597969656,3.27073063807153
2023-07-03,0.0312259603543151,GARCH-t,0.01,2.289668131976292,3.260623633217413
2023-07-05,-0.1093367263780203,GARCH-t,0.01,2.261205675218056,3.220448847263227
2023-07-06,-0.5694461811811972,GARCH-t,0.01,2.237147335902505,3.1864904774490777
2023-07-07,0.9126768323334932,GARCH-t,0.01,2.204353939262807,3.112594092044797
2023-07-10,-0.0623157055421522,GARCH-t,0.01,2.2328463863703067,3.152510234397593
2023-07-11,0.3267408839185718,GARCH-t,0.01,2.2059588768929075,3.1148425096225765
2023-07-12,1.2810414334619995,GARCH-t,0.01,2.1852210352960135,3.0857900862154817
2023-07-13,0.1532410819786124,GARCH-t,0.01,2.2718841330684807,3.2071996841474717
2023-07-14,0.0459278160234018,GARCH-t,0.01,2.241713573595735,3.1649326109742235
2023-07-17,-0.3936082358076451,GARCH-t,0.01,2.213069283456695,3.1248037459992055
2023-07-18,1.2622280219577664,GARCH-t,0.01,2.2020516725144654,3.109368759839593
2023-07-19,0.0151742904597291,GARCH-t,0.01,2.283450875659296,3.223403969517246
2023-07-20,-0.4663169815610156,GARCH-t,0.01,2.251990082911522,3.17932935995093
2023-07-21,-0.2034278228194697,GARCH-t,0.01,2.243223853255686,3.167048418636222
2023-07-24,-0.2038424953129538,GARCH-t,0.01,2.2196765591888226,3.1340601274427757
2023-07-25,0.0917768138358643,GARCH-t,0.01,2.1978802415251004,3.103524845044976
2023-07-26,0.3459707764402434,GARCH-t,0.01,2.1724387571708075,3.067882911331073
2023-07-27,-1.2007399562659369,GARCH-t,0.01,2.1550223007704203,3.043483541549454
2023-07-28,0.7680922504028945,GARCH-t,0.01,2.2528439161219067,3.1805255270559414
2023-07-31,0.5138771146053185,GARCH-t,0.01,2.260349524494901,3.1910404165328066
2023-08-01,-1.5238610077067491,GARCH-t,0.01,2.245552610902548,3.170310862938973
2023-08-02,-0.1701826964249552,GARCH-t,0.01,2.397144151985755,3.3826811627074416
2023-08-03,-0.2791144821277962,GARCH-t,0.01,2.3614352629828517,3.3326552350880165
2023-08-04,0.3926017871570145,GARCH-t,0.01,2.298694501105516,3.2224577195438635
2023-08-07,-0.3149921596681774,GARCH-t,0.01,2.272023422733885,3.1853269872036067
2023-08-08,-0.4873518808943379,GARCH-t,0.01,2.2490749802341496,3.1533788048237827
2023-08-09,-0.4531822404694159,GARCH-t,0.01,2.2392972558757975,3.1397665293474017
2023-08-10,-0.0522220486697309,GARCH-t,0.01,2.227634234495512,3.1235295958752745
2023-08-11,-0.0783842425555493,GARCH-t,0.01,2.198527508685966,3.083008023021098
2023-08-14,-0.1203111863770946,GARCH-t,0.01,2.171907170941501,3.0459479303685137
2023-08-15,-0.424850532184941,GARCH-t,0.01,2.148138766282689,3.0128582195122786
2023-08-16,-0.3369678571619132,GARCH-t,0.01,2.141371015232793,3.003436345027951
2023-08-17,-0.634889183821112,GARCH-t,0.01,2.1292519034219137,2.986564455163533
2023-08-18,0.1060951786910589,GARCH-t,0.01,2.1427739607253806,3.0053894866612736
2023-08-21,0.3810171935338446,GARCH-t,0.01,2.1188486581761348,2.9720813469326366
2023-08-22,0.1636000853602539,GARCH-t,0.01,2.1045735160118224,2.952207891670101
2023-08-23,1.1586265785144558,GARCH-t,0.01,2.0840562433979675,2.9236443162809835
2023-08-24,-0.0156409848335913,GARCH-t,0.01,2.1577695065431013,3.0262658678220022
2023-08-25,-0.3708241118610018,GARCH-t,0.01,2.1330072512324927,2.9917925457737535
2023-08-28,0.3551870450310163,GARCH-t,0.01,2.123653554132221,2.978770589234064
2023-08-29,0.9651369784435556,GARCH-t,0.01,2.1077791907684933,2.9566707427667573
2023-08-30,0.4019820260445598,GARCH-t,0.01,2.1495886491596594,3.0148767060646176
2023-08-31,-0.3142358107314131,GARCH-t,0.01,2.134111292629067,2.993329561451094
2023-09-01,0.082521802323536,GARCH-t,0.01,2.04513938685119,2.873998075326175
2023-09-05,-0.703577535386759,GARCH-t,0.01,2.0208055247564345,2.840070527315482
2023-09-06,-0.4214024777917077,GARCH-t,0.01,2.045884966084526,2.8750376010346828
2023-09-07,-0.0312845757977861,GARCH-t,0.01,2.0403260576669284,2.867287079087501
2023-09-08,0.0469263758101142,GARCH-t,0.01,2.0168979118099872,2.8346223282038263
2023-09-11,0.2550968049488467,GARCH-t,0.01,1.9943403202835377,2.8031713498700506
2023-09-12,-0.6258821711373876,GARCH-t,0.01,1.9765573684619584,2.7783774248716644
2023-09-13,-0.1151750325271196,GARCH-t,0.01,1.9961059428750625,2.8056330735787434
2023-09-14,0.0471328028319684,GARCH-t,0.01,1.977406916908221,2.7795619099150053
2023-09-15,0.714714748905865,GARCH-t,0.01,1.957427730601639,2.751705879499791
2023-09-18,0.4046513576601789,GARCH-t,0.01,1.9756842805537207,2.7771601198746625
2023-09-19,0.0258832666127204,GARCH-t,0.01,1.9661010936744925,2.763798737629855
2023-09-20,0.7014664451038297,GARCH-t,0.01,1.946943090207658,2.7370876434402422
2023-09-21,-1.3661993139932882,GARCH-t,0.01,1.9646080207656185,2.7617170169970167
2023-09-22,0.3225343940292486,GARCH-t,0.01,2.1125656405437017,2.9680072979652268
2023-09-25,-0.4580980852414224,GARCH-t,0.01,2.089556899103043,2.9359273027366104
2023-09-26,-0.8488367011878772,GARCH-t,0.01,2.083792695371751,2.9278905472854904
2023-09-27,-1.5270736211994371,GARCH-t,0.01,2.122732049957409,2.9821818396856
2023-09-28,-0.6002135474614082,GARCH-t,0.01,2.2856551451742737,3.2093377721675305
2023-09-29,-0.6633460391607215,GARCH-t,0.01,2.2785219569430337,3.199392306657686
2023-10-02,-0.9842104245885984,GARCH-t,0.01,2.238365527367348,3.1153530293609455
2023-10-03,-0.2955195304593961,GARCH-t,0.01,2.278493799712146,3.1708901324120395
2023-10-04,-0.3348786103828984,GARCH-t,0.01,2.2477200637120225,3.128299608383971
2023-10-05,-0.1045376798357328,GARCH-t,0.01,2.2208364839496726,3.0910930193034547
2023-10-06,0.7458615173471331,GARCH-t,0.01,2.1864868031211593,3.0435534255837515
2023-10-09,1.049010847035107,GARCH-t,0.01,2.1891803951195747,3.047281328322953
2023-10-10,0.6198645369741984,GARCH-t,0.01,2.22973962184664,3.1034148676654634
2023-10-11,0.6320685606708135,GARCH-t,0.01,2.2175794241192484,3.086585283064736
2023-10-12,-0.1870607909598343,GARCH-t,0.01,2.2072679917975533,3.0723143701648787
2023-10-13,3.060790174466398,GARCH-t,0.01,2.176051831300126,3.029111535327913
2023-10-16,-0.3274031158004244,GARCH-t,0.01,2.749237085487189,3.822393844011227
2023-10-17,0.0832496856667774,GARCH-t,0.01,2.6940722907482013,3.746046353546472
2023-10-18,1.6813236521731816,GARCH-t,0.01,2.6332735329556147,3.661901518007768
2023-10-19,0.6677383090401854,GARCH-t,0.01,2.7399963181833464,3.809604720133304
2023-10-20,0.7137632114181282,GARCH-t,0.01,2.700375681800013,3.754770179865429
2023-10-23,-0.3132240155776103,GARCH-t,0.01,2.6666868469095637,3.7081451899105673
2023-10-24,-0.0658036018004734,GARCH-t,0.01,2.615219498820481,3.6369149263689464
2023-10-25,0.4597000160347398,GARCH-t,0.01,2.5590780859578746,3.5592158067857738
2023-10-26,0.1561189672270591,GARCH-t,0.01,2.516158494255459,3.4998155473675063
2023-10-27,0.0704273101122533,GARCH-t,0.01,2.4650985883163052,3.429149179437277
2023-10-30,0.3814487522985262,GARCH-t,0.01,2.4459793394043556,3.4575055810675654
2023-10-31,-0.5525708674736282,GARCH-t,0.01,2.410199513432853,3.40724512824605
2023-11-01,-0.3229015088034683,GARCH-t,0.01,2.392829075674762,3.3828446164010515
2023-11-02,0.3430498125606122,GARCH-t,0.01,2.3619791361610365,3.339509248288553
2023-11-03,0.2967000466915511,GARCH-t,0.01,2.329001767911486,3.29318544944156
2023-11-06,-0.4983536766927965,GARCH-t,0.01,2.2961059378745534,3.2469761885325585
2023-11-07,-0.7496705490809967,GARCH-t,0.01,2.281321292372194,3.2262079774645116
2023-11-08,-0.7809573743291399,GARCH-t,0.01,2.2901305147270947,3.2385824229108184
2023-11-09,0.6486705243964606,GARCH-t,0.01,2.3017270887870764,3.254872302685448
2023-11-10,-1.621877893218127,GARCH-t,0.01,2.2899331369669045,3.2383051634403013
2023-11-13,0.6652779492155402,GARCH-t,0.01,2.437112329286037,3.4450499602919193
2023-11-14,0.8343430595057661,GARCH-t,0.01,2.418641138937911,3.4191032049390944
2023-11-15,-0.086696414395553,GARCH-t,0.01,2.4161262467332327,3.4155704985166233
2023-11-16,1.2069136779111171,GARCH-t,0.01,2.3762497529528375,3.3595553955942865
2023-11-17,-0.1160029800050582,GARCH-t,0.01,2.422195641707804,3.424096267759256
2023-11-20,-0.1970058216140758,GARCH-t,0.01,2.382598912433335,3.3684741541924965
2023-11-21,1.0862615061766792,GARCH-t,0.01,2.3471807935732683,3.31872179672125
2023-11-22,-0.395922248666503,GARCH-t,0.01,2.378707404794026,3.3630076956282267
2023-11-24,0.5408630384414501,GARCH-t,0.01,2.352507901768844,3.3262048647035285
2023-11-27,0.4783316372955455,GARCH-t,0.01,2.33008163411664,3.2947023535344124
2023-11-28,1.3772846290545528,GARCH-t,0.01,2.315536003726592,3.265815943359373
2023-11-29,0.3621431258758112,GARCH-t,0.01,2.3956005107203517,3.3779334187358634
2023-11-30,-0.4406156206906349,GARCH-t,0.01,2.361473592286973,3.330144153794432
2023-12-01,1.6013593082084947,GARCH-t,0.01,2.3397399372136434,3.2997096625445814
2023-12-04,-2.2906437155782733,GARCH-t,0.01,2.458354651290946,3.465810507777888
2023-12-05,-0.2770483946805913,GARCH-t,0.01,2.7480170497895067,3.8714361470351033
2023-12-06,0.5927406833356961,GARCH-t,0.01,2.6957116305514943,3.79819081307043
2023-12-07,-0.0295525360406161,GARCH-t,0.01,2.656399804418269,3.743140918129588
2023-12-08,-1.568969924387106,GARCH-t,0.01,2.6027307473671226,3.66798602854936
2023-12-11,-1.021061033941788,GARCH-t,0.01,2.708459638163298,3.8160423490778537
2023-12-12,-0.010109265866683,GARCH-t,0.01,2.719351470111456,3.831294609362771
2023-12-13,0.227267080423067,GARCH-t,0.01,2.6622625487460296,3.751350749395489
2023-12-14,2.38764749712153,GARCH-t,0.01,2.6095398945051245,3.677521144860504
2023-12-15,-0.4492380744304142,GARCH-t,0.01,2.870026871360071,4.042291294706143
2023-12-18,0.2569588413335528,GARCH-t,0.01,2.819397623251663,3.9713931690414577
2023-12-19,0.5953704386447858,GARCH-t,0.01,2.759222540603143,3.887127636154961
2023-12-20,-0.191510991317096,GARCH-t,0.01,2.7164731088236267,3.8272639269426825
2023-12-21,0.2258433605997732,GARCH-t,0.01,2.6629133720632745,3.752262122861529
2023-12-22,0.8788749383462259,GARCH-t,0.01,2.6101280677972047,3.678344787034395
2023-12-26,0.0534519247083802,GARCH-t,0.01,2.5991389791625865,3.662956334389606
2023-12-27,1.1449100696166308,GARCH-t,0.01,2.5893839101481935,3.665056639573716
2023-12-28,-0.3850045843342173,GARCH-t,0.01,2.6152757714784314,3.7014965893569696
2023-12-29,-0.5560539696971308,GARCH-t,0.01,2.576496135170711,3.6469185124221983
2024-01-02,0.096927413552285,GARCH-t,0.01,2.551521362564106,3.611769264246285
2024-01-03,-1.4736982781769346,GARCH-t,0.01,2.5047072416205047,3.5458835330285092
2024-01-04,0.3974050443617223,GARCH-t,0.01,2.6089168858361065,3.692547156539903
2024-01-05,0.0048951249376952,GARCH-t,0.01,2.5661230631365717,3.6323195533438617
2024-01-08,-0.7766098913480239,GARCH-t,0.01,2.518435033207089,3.565203891254972
2024-01-09,-0.0098668231945362,GARCH-t,0.01,2.5178542386321943,3.5643864867094432
2024-01-10,-0.2322114267195562,GARCH-t,0.01,2.473175098787723,3.5015055067935608
2024-01-11,-0.3666952743148285,GARCH-t,0.01,2.4363008639735027,3.4496090730923332
2024-01-12,1.5956951403282442,GARCH-t,0.01,2.408104918037445,3.409926377402883
2024-01-16,-1.0165310319773104,GARCH-t,0.01,2.5274135782348854,3.577840206804735
2024-01-17,-1.161708172610901,GARCH-t,0.01,2.555091354662436,3.616793635848254
2024-01-18,0.7957865627687473,GARCH-t,0.01,2.6010559753682965,3.681483788825852
2024-01-19,0.3905977358156148,GARCH-t,0.01,2.5860871835842403,3.6604168591845303
2024-01-22,-0.3311646301174294,GARCH-t,0.01,2.544413124612375,3.601765200393758
2024-01-23,0.1928974182280517,GARCH-t,0.01,2.5073267580337384,3.54957021454349
2024-01-24,-0.4854342213876016,GARCH-t,0.01,2.464364140785111,3.489105051567016
2024-01-25,0.148853851225342,GARCH-t,0.01,2.441823545612986,3.4573816406588316
2024-01-26,-0.0049570163444326,GARCH-t,0.01,2.355957531990071,3.2825005919468517
2024-01-29,0.4156315901078261,GARCH-t,0.01,2.334551615425672,3.252828483237094
2024-01-30,0.3105999442300761,GARCH-t,0.01,2.3183724408418476,3.2304014955563227
2024-01-31,0.8284516486208303,GARCH-t,0.01,2.3004144252481797,3.2055087426903675
2024-02-01,0.2243185104943779,GARCH-t,0.01,2.3016034985949783,3.2071569932338067
2024-02-02,-0.8265936631712222,GARCH-t,0.01,2.28283060517306,3.1811346861423977
2024-02-05,-0.5120905671782916,GARCH-t,0.01,2.2895026385852537,3.190383217973593
2024-02-06,0.4334792726306237,GARCH-t,0.01,2.2805750966294194,3.1780081816313044
2024-02-07,0.0343981712251408,GARCH-t,0.01,2.266559805431594,3.158580690976107
2024-02-08,-0.1475144129439514,GARCH-t,0.01,2.247705774461011,3.132445913944102
2024-02-09,-0.4389060106493958,GARCH-t,0.01,2.2306902992467905,3.108859676522984
2024-02-12,-0.2523865081532603,GARCH-t,0.01,2.221112620019885,3.0955834433678677
2024-02-13,-1.2615124246704408,GARCH-t,0.01,2.206721148193563,3.075634504706944
2024-02-14,-0.1305470931603462,GARCH-t,0.01,2.249654127471924,3.135146650545166
2024-02-15,0.5911211825204105,GARCH-t,0.01,2.2323623657830507,3.1111774347878356
2024-02-16,0.4684094906416617,GARCH-t,0.01,2.2250982653577727,3.1011082010388864
2024-02-20,0.7922794599725028,GARCH-t,0.01,2.213873767802262,3.085549207772817
2024-02-21,-0.2568005317217988,GARCH-t,0.01,2.2164729823177796,3.089152145093085
2024-02-22,-0.128654033393718,GARCH-t,0.01,2.2023214078194884,3.069535743447107
2024-02-23,0.9314324420003008,GARCH-t,0.01,2.186455959320682,3.04754363153873
2024-02-26,-0.4966682111913958,GARCH-t,0.01,2.195333407030688,3.0002872666174123
2024-02-27,0.2707693962003279,GARCH-t,0.01,2.1907375076443296,2.994037469407878
2024-02-28,-0.0491762980158615,GARCH-t,0.01,2.17980503937827,2.979170801554934
2024-02-29,0.6227470697706523,GARCH-t,0.01,2.1680473365077377,2.9631819270358575
2024-03-01,1.9939659139843433,GARCH-t,0.01,2.165870615186368,2.9602218825055946
2024-03-04,1.4650906546489963,GARCH-t,0.01,2.2581276315848773,3.085678859514007
2024-03-05,0.7433252615668022,GARCH-t,0.01,2.296970066981496,3.1384992813608923
2024-03-06,0.784356635087546,GARCH-t,0.01,2.2937667934928503,3.134143265698293
2024-03-07,0.3574476839149819,GARCH-t,0.01,2.2922462055440325,3.132075473190132
2024-03-08,0.9500646655496024,GARCH-t,0.01,2.278902848219877,3.1139303245783383
2024-03-11,0.1788495240181465,GARCH-t,0.01,2.285195645607212,3.1224876719537544
2024-03-12,-1.0177664197878151,GARCH-t,0.01,2.269964361019454,3.1017751993968625
2024-03-13,0.6919166252700285,GARCH-t,0.01,2.284462546394848,3.1214907568721615
2024-03-14,-0.571636381552069,GARCH-t,0.01,2.279931114430815,3.115328626576605
2024-03-15,-0.2638684542595182,GARCH-t,0.01,2.2743349227741807,3.1077185681180883
2024-03-18,0.1574758242870781,GARCH-t,0.01,2.261461936301602,3.0902130598005013
2024-03-19,-0.2038408092312079,GARCH-t,0.01,2.2469223253061728,3.070441169124072
2024-03-20,0.0741668725171895,GARCH-t,0.01,2.2341542288299405,3.053078296915626
2024-03-21,1.128966261576579,GARCH-t,0.01,2.22024896649921,3.03416903402567
2024-03-22,-1.1196893703511956,GARCH-t,0.01,2.238755809968794,3.0593358205347054
2024-03-25,0.7708478525094481,GARCH-t,0.01,2.228501419408437,3.038563785760565
2024-03-26,0.0367804712304893,GARCH-t,0.01,2.2276918731156012,3.0374662572103466
2024-03-27,0.6870990033479146,GARCH-t,0.01,2.2169859240324765,3.0229518497207373
2024-03-28,1.215977082804257,GARCH-t,0.01,2.2143226238103697,3.0193411259641896
2024-04-01,0.8576849575533693,GARCH-t,0.01,2.229907661152903,3.0404702739709615
2024-04-02,1.089504940506698,GARCH-t,0.01,2.231579251299746,3.0427365037426997
2024-04-03,1.4664135564459966,GARCH-t,0.01,2.2413058966260317,3.0559232369016636
2024-04-04,-0.2443644773025144,GARCH-t,0.01,2.2680620503948585,3.0921974350731767
2024-04-05,1.5993363911782323,GARCH-t,0.01,2.258020029111081,3.078583136350065
2024-04-08,0.2576546332762105,GARCH-t,0.01,2.291416632809519,3.1238600110189525
2024-04-09,0.5047944048811654,GARCH-t,0.01,2.280037374628712,3.1084327762279673
2024-04-10,-0.5948917440644637,GARCH-t,0.01,2.2719857410615556,3.097516911633119
2024-04-11,1.075919796756191,GARCH-t,0.01,2.2679794623673164,3.092085467766383
2024-04-12,0.0594312199089228,GARCH-t,0.01,2.2760216581533896,3.102988537250832
2024-04-15,0.406612066202905,GARCH-t,0.01,2.2641891638284553,3.086946835303894
2024-04-16,1.0511806622644015,GARCH-t,0.01,2.2550321359684906,3.0745323512893257
2024-04-17,-0.802108139040866,GARCH-t,0.01,2.262544429720343,3.0847170151476564
2024-04-18,0.4459451082454631,GARCH-t,0.01,2.2645770851261817,3.087472752973162
2024-04-19,0.6735379565596977,GARCH-t,0.01,2.2559674805038448,3.075800428656769
2024-04-22,-2.7989800481359612,GARCH-t,0.01,2.2519406555904475,3.070341129604573
2024-04-23,-0.1931372558694458,GARCH-t,0.01,2.4184160880776826,3.26320765665016
2024-04-24,-0.1375672460389939,GARCH-t,0.01,2.401577555173783,3.2406324620894713
2024-04-25,0.2277485793112752,GARCH-t,0.01,2.384675968988709,3.217972732842873
2024-04-26,0.2143807319077468,GARCH-t,0.01,2.367997015983197,3.1956114849053634
2024-04-29,0.4529666146779776,GARCH-t,0.01,2.351697324400297,3.173758707655514
2024-04-30,-2.329297954868033,GARCH-t,0.01,2.33870432888652,3.1563391733455064
2024-05-01,0.3702659409149452,GARCH-t,0.01,2.445343910020009,3.299309425308569
2024-05-02,-0.030438616232441,GARCH-t,0.01,2.4283958365460134,3.276587371179038
2024-05-03,-0.0086969324572335,GARCH-t,0.01,2.410080459956059,3.2520321921542226
2024-05-06,0.978239943094232,GARCH-t,0.01,2.3921988101678178,3.2280585048181867
2024-05-07,-0.2760589407145369,GARCH-t,0.01,2.3927551190277763,3.2288043406235425
2024-05-08,-0.0691260612882343,GARCH-t,0.01,2.3777004707580924,3.208620776196019
2024-05-09,0.7964395898361993,GARCH-t,0.01,2.360986516232325,3.1862126021911257
2024-05-10,1.498089474872309,GARCH-t,0.01,2.3561341673919034,3.1797071233721557
2024-05-13,-1.3267171767020014,GARCH-t,0.01,2.384359128900985,3.2175479495992367
2024-05-14,0.7378135479851928,GARCH-t,0.01,2.4083641803437312,3.249731199164515
2024-05-15,1.4888214910604234,GARCH-t,0.01,2.4002019107506385,3.238788154115846
2024-05-16,-0.3648776779096939,GARCH-t,0.01,2.425861157389992,3.2731891609298036
2024-05-17,1.3438686241467437,GARCH-t,0.01,2.4112937929361427,3.253658891359469
2024-05-20,0.895569503877859,GARCH-t,0.01,2.4281911300520016,3.2763129239361266
2024-05-21,-0.5025116242057949,GARCH-t,0.01,2.446135316625067,3.3328960380059502
2024-05-22,-1.351119128257647,GARCH-t,0.01,2.434680545179223,3.317394476254078
2024-05-23,-2.294667031813439,GARCH-t,0.01,2.458552158336906,3.349699554293403
2024-05-24,-0.1071237381498803,GARCH-t,0.01,2.553207118238616,3.477794620438932
2024-05-28,0.96849750810076,GARCH-t,0.01,2.532593320649979,3.449898292889177
2024-05-29,-0.6346481676084355,GARCH-t,0.01,2.5284665272740683,3.444313568422492
2024-05-30,0.1110289464388048,GARCH-t,0.01,2.51782660023103,3.42991472276478
2024-05-31,-0.857307357068379,GARCH-t,0.01,2.4976683193415594,3.402634838788302
2024-06-03,1.015115058545777,GARCH-t,0.01,2.4953685559027976,3.3995226051545524
2024-06-04,-0.9032443941432378,GARCH-t,0.01,2.4942927318438115,3.3980667094028676
2024-06-05,1.2223460620860391,GARCH-t,0.01,2.493878574504291,3.397506236799471
2024-06-06,0.685801971176186,GARCH-t,0.01,2.5017468806650873,3.4081542915782914
2024-06-07,-2.7849130615993234,GARCH-t,0.01,2.4899003599945337,3.3921225817718046
2024-06-10,0.10839169709689,GARCH-t,0.01,2.6321375374061877,3.584609913315959
2024-06-11,-0.0086648974742449,GARCH-t,0.01,2.6087836543899328,3.5530054713212813
2024-06-12,1.2275377571110555,GARCH-t,0.01,2.5861386262879744,3.5223603115156057
2024-06-13,-1.5444010517410591,GARCH-t,0.01,2.59072070106704,3.5285611611331817
2024-06-14,1.3472849167638714,GARCH-t,0.01,2.6191688337938994,3.5670595710120496
2024-06-17,-0.8182999621581656,GARCH-t,0.01,2.628192487981332,3.5792711400752433
2024-06-18,0.7753980763100304,GARCH-t,0.01,2.6200560517427767,3.5682602290860155
2024-06-20,0.9991179448078678,GARCH-t,0.01,2.6537793712759785,3.602834089290338
2024-06-21,-1.6016849994939064,GARCH-t,0.01,2.6467011895006336,3.5932785853085525
2024-06-24,0.5854053366742159,GARCH-t,0.01,2.682503933667819,3.641612080449927
2024-06-25,-0.576763190651134,GARCH-t,0.01,2.660489810112513,3.61189314245642
2024-06-26,-0.7539420565480928,GARCH-t,0.01,2.642074759754494,3.587032932220823
2024-06-27,1.0943747042885628,GARCH-t,0.01,2.6302197413931725,3.5710287267975693
2024-06-28,0.1375672460389905,GARCH-t,0.01,2.6284111128947703,3.5685870889071363
2024-07-01,-0.004289885274544,GARCH-t,0.01,2.6018891597083664,3.532782607287268
2024-07-02,-0.1978281967874755,GARCH-t,0.01,2.5761522109822685,3.4980378770956984
2024-07-03,1.571743658704651,GARCH-t,0.01,2.55270055376064,3.466378277063763
2024-07-05,1.2088663472560883,GARCH-t,0.01,2.5828333736414497,3.507057407593649
2024-07-08,-1.403992502750996,GARCH-t,0.01,2.588840825916382,3.5151674330147906
2024-07-09,0.2078403578812869,GARCH-t,0.01,2.6135084695426496,3.548468607578167
2024-07-10,0.511374163037859,GARCH-t,0.01,2.587838293012557,3.5138140194605154
2024-07-11,1.7881513074975277,GARCH-t,0.01,2.567322357170297,3.48611762611362
2024-07-12,-0.0414164429196259,GARCH-t,0.01,2.6130454996911996,3.5478436009875782
2024-07-15,0.3680006850383179,GARCH-t,0.01,2.587093706637637,3.5128088322110003
2024-07-16,1.6171314917783013,GARCH-t,0.01,2.5640144196515013,3.481651929818217
2024-07-17,-0.309113301982428,GARCH-t,0.01,2.596818517902943,3.5259372705186216
2024-07-18,-0.1222842829709735,GARCH-t,0.01,2.5743269414030854,3.495573773843579
2024-07-19,-2.323049125293214,GARCH-t,0.01,2.503382422340592,3.385369665197976
2024-07-22,-0.1462141252654495,GARCH-t,0.01,2.583759041766451,3.4934776068990554
2024-07-23,0.5253774082549602,GARCH-t,0.01,2.5643069373570353,3.4673141904170253
2024-07-24,0.36115155414233,GARCH-t,0.01,2.5485759652779016,3.446155761204896
2024-07-25,-2.5771655108934746,GARCH-t,0.01,2.5310709064757155,3.4226111547014297
2024-07-26,1.1877017079959726,GARCH-t,0.01,2.6311116587623307,3.557167694814561
2024-07-29,-0.1135077221973772,GARCH-t,0.01,2.631373790979138,3.557520267174721
2024-07-30,1.1584493096314896,GARCH-t,0.01,2.61040402788055,3.52931557353693
2024-07-31,0.8899986305409351,GARCH-t,0.01,2.610287022401742,3.529158199146565
2024-08-01,0.3496866671419319,GARCH-t,0.01,2.6013396699724125,3.5171238555561244
2024-08-02,-0.3826634135013617,GARCH-t,0.01,2.5822267046388716,3.491416586990056
2024-08-05,-0.994332279261066,GARCH-t,0.01,2.5654006816154777,3.4687852953399765
2024-08-06,-0.5260032745343862,GARCH-t,0.01,2.5647149432283727,3.4678629653626163
2024-08-07,0.058578222243603,GARCH-t,0.01,2.5509110970153497,3.4492965537331166
2024-08-08,1.3173648862206806,GARCH-t,0.01,2.531685624994865,3.423437961729462
2024-08-09,0.4078923886462572,GARCH-t,0.01,2.540906948967802,3.435840801779143
2024-08-12,1.2381322610815697,GARCH-t,0.01,2.5241619868390304,3.413318538432725
2024-08-13,0.1744760725796685,GARCH-t,0.01,2.53029077717406,3.4215618673133172
2024-08-14,-1.1129137775200022,GARCH-t,0.01,2.511898861029196,3.3968244223627466
2024-08-15,0.5600503269123788,GARCH-t,0.01,2.5176920597147414,3.4046163746771563
2024-08-16,1.837804343675201,GARCH-t,0.01,2.517945613122524,3.402347444592008
2024-08-19,0.1279878215723032,GARCH-t,0.01,2.5595563913606347,3.458271859723929
2024-08-20,0.3790074479647874,GARCH-t,0.01,2.5388757887410973,3.430477363801379
2024-08-21,-0.1155506040310699,GARCH-t,0.01,2.520737020639709,3.406099064710722
2024-08-22,-1.18301867569216,GARCH-t,0.01,2.5016326194927028,3.380422965732756
2024-08-23,1.1830186756921703,GARCH-t,0.01,2.5122506114424454,3.394693426772126
2024-08-26,0.3700706198852698,GARCH-t,0.01,2.5175961880056352,3.401877821188606
2024-08-27,-0.0675428115696949,GARCH-t,0.01,2.499984667359344,3.378208136711868
2024-08-28,-0.5979686942712076,GARCH-t,0.01,2.4812228493162856,3.352992465549329
2024-08-29,0.9827580801596992,GARCH-t,0.01,2.4710732068066887,3.339351460858207
2024-08-30,-1.2710561536922458,GARCH-t,0.01,2.469931025860046,3.337816382589536
2024-09-03,-0.1565161353524096,GARCH-t,0.01,2.4862542319274916,3.359754586849403
2024-09-04,0.140469195620637,GARCH-t,0.01,2.4684774216886836,3.3358627550305515
2024-09-05,0.7193125924703407,GARCH-t,0.01,2.450515188651206,3.311721717068321
2024-09-06,-0.7152981683501989,GARCH-t,0.01,2.441777367622491,3.299978184472943
2024-09-09,0.332314631166116,GARCH-t,0.01,2.4362524452334133,3.2925527512957418
2024-09-10,0.4188195346663044,GARCH-t,0.01,2.4206660293995057,3.271604784773072
2024-09-11,-0.0079592057221238,GARCH-t,0.01,2.406683777670905,3.2528127966570435
2024-09-12,1.5444721969289847,GARCH-t,0.01,2.3905012267130754,3.231063631273007
2024-09-13,1.1729349341314652,GARCH-t,0.01,2.419757306213199,3.270383471092751
2024-09-16,-0.0348779085190971,GARCH-t,0.01,2.410299296331385,3.252209248896739
2024-09-17,-0.625883189495714,GARCH-t,0.01,2.3937733326892294,3.2300463758289206
2024-09-18,0.249266043134922,GARCH-t,0.01,2.386965016969771,3.220915783485664
2024-09-19,0.6707160271705417,GARCH-t,0.01,2.3717256890334895,3.200478410028717
2024-09-20,1.225073519220459,GARCH-t,0.01,2.363822896110895,3.1898800207173705
2024-09-23,0.2516049581020544,GARCH-t,0.01,2.376111897893016,3.206360729045482
2024-09-24,0.9360187860914404,GARCH-t,0.01,2.361231331239489,3.186404488244004
2024-09-25,0.3012958044237874,GARCH-t,0.01,2.3617017077119216,3.187035307376754
2024-09-26,0.4015674633472966,GARCH-t,0.01,2.3477170485890086,3.1682805629183304
2024-09-27,-0.963458348443632,GARCH-t,0.01,2.335381458243282,3.1517373749403808
2024-09-30,-0.3105809232568264,GARCH-t,0.01,2.34238652599489,3.1611318302818123
2024-10-01,1.176615388576509,GARCH-t,0.01,2.3305877618023896,3.145308576714409
2024-10-02,-0.7602005078805537,GARCH-t,0.01,2.342032681321467,3.160657291262327
2024-10-03,0.3770601213994833,GARCH-t,0.01,2.341155170455636,3.159480466578686
2024-10-04,-0.4261843753354774,GARCH-t,0.01,2.328699392159889,3.1427760952447596
2024-10-07,-0.0378028954542206,GARCH-t,0.01,2.319378190542474,3.130275486338702
2024-10-08,-1.133136902967098,GARCH-t,0.01,2.305711569423619,3.1119472607851546
2024-10-09,-0.3447618814232795,GARCH-t,0.01,2.321650121120011,3.1333223591322743
2024-10-10,0.558685775053781,GARCH-t,0.01,2.311074614511434,3.119139609147523
2024-10-11,1.4020160169731888,GARCH-t,0.01,2.3026857188661007,3.107889310321231
2024-10-14,-0.3694371660486623,GARCH-t,0.01,2.302848312159223,3.0927528481059796
2024-10-15,0.512313847150435,GARCH-t,0.01,2.293627155890831,3.080447588150767
2024-10-16,0.4723215245810717,GARCH-t,0.01,2.2851399784083535,3.0691217931888164
2024-10-17,0.6337393065017404,GARCH-t,0.01,2.276300098351279,3.057325330911296
2024-10-18,0.840012761358353,GARCH-t,0.01,2.2707690380276957,3.049944354694359
2024-10-21,0.3457973722361968,GARCH-t,0.01,2.270701889297666,3.0498547474309508
2024-10-22,0.7718602631013913,GARCH-t,0.01,2.2606938129766196,3.036499374503997
2024-10-23,-1.091867720094922,GARCH-t,0.01,2.259091792824499,3.0343615434282025
2024-10-24,0.7523937915991553,GARCH-t,0.01,2.272923184415656,3.052818975893037
2024-10-25,0.2191461563702766,GARCH-t,0.01,2.2703454540629604,3.0493790990314884
2024-10-28,0.072942126259476,GARCH-t,0.01,2.259280023664627,3.0346127298685945
2024-10-29,0.9253781457162932,GARCH-t,0.01,2.248106387569618,3.0197019645814547
2024-10-30,0.7234316137240295,GARCH-t,0.01,2.2515815143261593,3.024339380635571
2024-10-31,-1.8166509123427008,GARCH-t,0.01,2.249059100698082,3.020973321704929
2024-11-01,0.0109568851138485,GARCH-t,0.01,2.3043336493371065,3.0947349704736102
2024-11-04,-0.0913292083432016,GARCH-t,0.01,2.291688414734519,3.077860416518499
2024-11-05,0.1533836784366828,GARCH-t,0.01,2.2798445041231923,3.06205519700842
2024-11-06,-2.688819289182318,GARCH-t,0.01,2.268142666697265,3.0464395684160217
2024-11-07,1.1479740190580865,GARCH-t,0.01,2.3952945206009866,3.2161185729282606
2024-11-08,-0.4047575121093911,GARCH-t,0.01,2.4008339302779977,3.223510691019534
2024-11-11,-2.88015263656269,GARCH-t,0.01,2.366347555511063,3.148263316469043
2024-11-12,-0.4298422060717889,GARCH-t,0.01,2.51159941201038,3.3402987073966623
2024-11-13,-0.741199771886598,GARCH-t,0.01,2.4945244134449065,3.3177240973115607
2024-11-14,-0.4894201906120731,GARCH-t,0.01,2.4854161627358886,3.3056822100150542
2024-11-15,-0.0973918559053458,GARCH-t,0.01,2.4703724889606593,3.285793185227084
2024-11-18,1.7348790536743832,GARCH-t,0.01,2.4506888095561163,3.259769675714397
2024-11-19,0.6300496006653572,GARCH-t,0.01,2.483058550047699,3.3025652441796853
2024-11-20,0.7999532098494133,GARCH-t,0.01,2.4684676733691586,3.283274855922558
2024-11-21,0.8984571185138248,GARCH-t,0.01,2.4584988651287865,3.27009523788765
2024-11-22,1.404698113449777,GARCH-t,0.01,2.451776169169804,3.2612072582247067
2024-11-25,-3.4959481903407377,GARCH-t,0.01,2.4657667386565643,3.279703988975289
2024-11-26,0.1336617767776714,GARCH-t,0.01,2.671097099647744,3.5511683068336697
2024-11-27,0.7452166991228204,GARCH-t,0.01,2.644696340352432,3.516264242581072
2024-11-29,0.6456666117155565,GARCH-t,0.01,2.6271483604190577,3.493064310630382
2024-12-02,-0.8352473231234763,GARCH-t,0.01,2.607991201293806,3.467736906008206
2024-12-03,0.3712425318383127,GARCH-t,0.01,2.5975976709224313,3.4539957689509024
2024-12-04,0.3434974654697664,GARCH-t,0.01,2.575089145331502,3.424237570913146
2024-12-05,-1.0302322170881693,GARCH-t,0.01,2.5530092751903406,3.3950460920819685
2024-12-06,0.4558239129528256,GARCH-t,0.01,2.5515661561192826,3.3931381651084704
2024-12-09,0.991798633808684,GARCH-t,0.01,2.5316106846483737,3.36675532321289
2024-12-10,1.2196028210303025,GARCH-t,0.01,2.566277208952863,3.4520165586429576
2024-12-11,1.3330075570755335,GARCH-t,0.01,2.568287667550188,3.454703736112851
2024-12-12,-1.7081207143532986,GARCH-t,0.01,2.575449095501647,3.464275695400664
2024-12-13,-1.1790161839593785,GARCH-t,0.01,2.6113379955980407,3.51224477264832
2024-12-16,-0.173346606353259,GARCH-t,0.01,2.6153973031318407,3.5176704400869383
2024-12-17,-0.264360600282425,GARCH-t,0.01,2.5911709234190288,3.4852894789331113
2024-12-18,-0.299187955944324,GARCH-t,0.01,2.568787912449714,3.4553723630744932
2024-12-19,-1.6945362817807692,GARCH-t,0.01,2.5476739512365865,3.427151458178656
2024-12-20,1.398249166131256,GARCH-t,0.01,2.5842367173096856,3.476021224190925
2024-12-23,-0.6258330803749558,GARCH-t,0.01,2.593872330746925,3.4889001779637643
2024-12-24,0.294323974486273,GARCH-t,0.01,2.5784247137708496,3.4682529045720667
2024-12-26,0.7149969097485895,GARCH-t,0.01,2.5554221571534645,3.437507704459796
2024-12-27,-0.8219261513672151,GARCH-t,0.01,2.5403913934075018,3.417417596786259
2024-12-30,-0.4250136932791705,GARCH-t,0.01,2.533011713888846,3.407553922615623
2023-01-04,0.7095546441984838,GARCH-t,0.05,1.5068197684687383,2.3652419412915298
2023-01-05,-0.976252439712064,GARCH-t,0.05,1.4922061096139565,2.3426831114839066
2023-01-06,1.589647009927115,GARCH-t,0.05,1.4946357138228252,2.346433645719884
2023-01-09,0.4549233258291232,GARCH-t,0.05,1.5252142770926398,2.393637197644847
2023-01-10,-0.0587546745238274,GARCH-t,0.05,1.5038281891493228,2.360623896666749
2023-01-11,0.1601623341199926,GARCH-t,0.05,1.480030101318189,2.323887236911362
2023-01-12,1.108736566761589,GARCH-t,0.05,1.450046933974778,2.26563348275809
2023-01-13,1.2008862043122857,GARCH-t,0.05,1.454405318447733,2.2723265344629753
2023-01-17,-0.5855345730477272,GARCH-t,0.05,1.463754984981898,2.2866845613706306
2023-01-18,-0.1469161128852995,GARCH-t,0.05,1.4505445849775365,2.266397711777609
2023-01-19,0.9251314471138228,GARCH-t,0.05,1.427634375696218,2.2312151306535477
2023-01-20,0.2234663176594187,GARCH-t,0.05,1.4239383554707898,2.225539253588412
2023-01-23,0.0363280747150776,GARCH-t,0.05,1.4013395461318756,2.190834880829937
2023-01-24,0.3522432457450443,GARCH-t,0.05,1.378995659441154,2.1565219858026463
2023-01-25,0.3767611384967313,GARCH-t,0.05,1.3596526047403297,2.1268173863010684
2023-01-26,-0.6252753139314502,GARCH-t,0.05,1.34147772379815,2.098906719256669
2023-01-27,-0.0259221820840704,GARCH-t,0.05,1.3353355651522207,2.089474374393129
2023-01-30,-0.2959862564306045,GARCH-t,0.05,1.315735266400717,2.0593747322461264
2023-01-31,0.3426426124651446,GARCH-t,0.05,1.3005918659989104,2.0361194268672644
2023-02-01,-0.0881420299387641,GARCH-t,0.05,1.2842197792856256,2.0109772615606385
2023-02-02,-0.5983212723418652,GARCH-t,0.05,1.267099058390669,1.984685439238422
2023-02-03,-2.826184255379748,GARCH-t,0.05,1.2634911006433005,1.979144797309739
2023-02-06,0.1769825234386303,GARCH-t,0.05,1.4815858000892663,2.314066855932849
2023-02-07,0.2942831061813177,GARCH-t,0.05,1.4565398914790717,2.2756045398237355
2023-02-08,0.3040771209810025,GARCH-t,0.05,1.4334330228601346,2.240119954339321
2023-02-09,-0.5983602271623308,GARCH-t,0.05,1.4113152026415137,2.206154223403656
2023-02-10,-0.1823493315013401,GARCH-t,0.05,1.4018223677084236,2.181911753248282
2023-02-13,-0.5868606069231898,GARCH-t,0.05,1.380490266623104,2.1492664014430245
2023-02-14,0.1133314874589582,GARCH-t,0.05,1.3708167825140694,2.1344626889226803
2023-02-15,-1.07370746218953,GARCH-t,0.05,1.349042959798167,2.1011413531638174
2023-02-16,0.4243545311346954,GARCH-t,0.05,1.3667819799382794,2.1282880721315536
2023-02-17,-0.0868985268310338,GARCH-t,0.05,1.348858469848851,2.1008590209511646
2023-02-21,-0.402898370723679,GARCH-t,0.05,1.3287086467689893,2.070022955594787
2023-02-22,-0.0545702605629464,GARCH-t,0.05,1.315469156751857,2.049762044229197
2023-02-23,-0.767127049665148,GARCH-t,0.05,1.2965252828736846,2.02077149028264
2023-02-24,-0.5073326778902653,GARCH-t,0.05,1.2995306640236717,2.025370743049998
2023-02-27,0.4523120437649741,GARCH-t,0.05,1.291099077659494,2.012467555406451
2023-02-28,0.6527917163400628,GARCH-t,0.05,1.2773480349497823,1.9914237948714617
2023-03-01,0.4800056571569328,GARCH-t,0.05,1.2703371001776331,1.9806946861350505
2023-03-02,-0.2288054619760342,GARCH-t,0.05,1.258283548654815,1.9622486630081493
2023-03-03,0.7714887423290702,GARCH-t,0.05,1.2442715363375296,1.9408055304368264
2023-03-06,0.0108276460496213,GARCH-t,0.05,1.243903489435353,1.9402422938126256
2023-03-07,-1.85706355718125,GARCH-t,0.05,1.227824509107586,1.9156359989441387
2023-03-08,-0.0661817291164826,GARCH-t,0.05,1.3284202977876496,2.0695816838278445
2023-03-09,0.9115987157307688,GARCH-t,0.05,1.308992177976204,2.0398500693177386
2023-03-10,1.7717772147514534,GARCH-t,0.05,1.3115754326891866,2.043803325425546
2023-03-13,2.6341694156230084,GARCH-t,0.05,1.3748917727117986,2.16167299649132
2023-03-14,-0.2881167105143215,GARCH-t,0.05,1.5247848594372202,2.3930352468843847
2023-03-15,1.0645072763326822,GARCH-t,0.05,1.5015250179979964,2.3571333292127408
2023-03-16,-0.3952561643726087,GARCH-t,0.05,1.5006690642818068,2.3558121516832347
2023-03-17,2.6127822516268666,GARCH-t,0.05,1.4806224796613587,2.3248699445954726
2023-03-20,0.4760658443617601,GARCH-t,0.05,1.6135988041573377,2.5301209161812777
2023-03-21,-2.103618451687445,GARCH-t,0.05,1.5876324065455232,2.4900413880501673
2023-03-22,0.4530510589810312,GARCH-t,0.05,1.6691647652795003,2.6158878190540356
2023-03-23,2.3855366038062704,GARCH-t,0.05,1.6406388939656509,2.57185770448521
2023-03-24,-0.5885513691905921,GARCH-t,0.05,1.7304912137228787,2.710546121384318
2023-03-27,-1.5097478869044785,GARCH-t,0.05,1.7061331730366642,2.672949116536111
2023-03-28,1.0191690210182351,GARCH-t,0.05,1.7284672672931016,2.707422129405115
2023-03-29,-0.3199215031879452,GARCH-t,0.05,1.7143095486896047,2.685569476236813
2023-03-30,0.7196500323830661,GARCH-t,0.05,1.6842908959417136,2.639235230907391
2023-03-31,-0.5722573380642285,GARCH-t,0.05,1.6614116497518585,2.603920767769552
2023-04-03,0.7538817015696077,GARCH-t,0.05,1.6394215020863183,2.5699786416747377
2023-04-04,1.9121386856435452,GARCH-t,0.05,1.6194679275758552,2.539179997100935
2023-04-05,-0.0643034706267317,GARCH-t,0.05,1.667621377961435,2.6135055773447173
2023-04-06,-0.4463407474970126,GARCH-t,0.05,1.636260121788238,2.565099003286531
2023-04-10,-1.1397298492928634,GARCH-t,0.05,1.6119051980095895,2.5275068094323765
2023-04-11,0.7862066660321816,GARCH-t,0.05,1.634739541217169,2.5503405001449977
2023-04-12,0.3038065675472636,GARCH-t,0.05,1.612232470901699,2.5157964776060955
2023-04-13,1.5004488526765063,GARCH-t,0.05,1.578089343492746,2.463393346224184
2023-04-14,-1.9340332101503832,GARCH-t,0.05,1.6026127042319571,2.5010319866261144
2023-04-17,-0.4003608688523414,GARCH-t,0.05,1.6807114508826375,2.6208985364145523
2023-04-18,0.6597421632108531,GARCH-t,0.05,1.6480356687803168,2.570747497758801
2023-04-19,-0.6096093088757149,GARCH-t,0.05,1.6201927044688262,2.528013904570313
2023-04-20,0.6195695166983959,GARCH-t,0.05,1.597647657715456,2.4934115955059597
2023-04-21,-1.4095679073773075,GARCH-t,0.05,1.5712715686223155,2.452929373548565
2023-04-24,0.4837975290905525,GARCH-t,0.05,1.6016288852449052,2.499522013769294
2023-04-25,0.2460408684692785,GARCH-t,0.05,1.5713174113512738,2.4529997333173035
2023-04-26,-0.4171199318677286,GARCH-t,0.05,1.538583566467644,2.4027595794636127
2023-04-27,0.2112926265503246,GARCH-t,0.05,1.514001152525692,2.365030303757403
2023-04-28,0.0100477975901019,GARCH-t,0.05,1.4838928866603185,2.3188199085312475
2023-05-01,-0.3372320383288464,GARCH-t,0.05,1.4549349198437105,2.2743750010256214
2023-05-02,1.5459208663897124,GARCH-t,0.05,1.4327811354208912,2.2403732043591824
2023-05-03,0.7074123181844181,GARCH-t,0.05,1.4740636436984726,2.303733911746452
2023-05-04,0.9517819252434988,GARCH-t,0.05,1.4578461244099372,2.2788431399144917
2023-05-05,-1.50541414369174,GARCH-t,0.05,1.4540819565437253,2.27306586647161
2023-05-08,0.440192824598679,GARCH-t,0.05,1.5038854806470985,2.3495046936947688
2023-05-09,0.4873807724603167,GARCH-t,0.05,1.4732166625587535,2.306364930537676
2023-05-10,-0.2803233566718522,GARCH-t,0.05,1.4492423822909524,2.2695413909083517
2023-05-11,-0.7811791440417504,GARCH-t,0.05,1.4256190642761757,2.233256915321337
2023-05-12,-0.0099251054533082,GARCH-t,0.05,1.4235610196083115,2.230095840680536
2023-05-15,0.1735896282152275,GARCH-t,0.05,1.397448123844619,2.189987472827583
2023-05-16,-1.4776614414791789,GARCH-t,0.05,1.3728875684211086,2.1522634379096077
2023-05-17,-0.3880014587498261,GARCH-t,0.05,1.4305521040989209,2.2408338680130044
2023-05-18,-1.2293130260797065,GARCH-t,0.05,1.4110122309257562,2.2108214010648153
2023-05-19,1.1282876071055623,GARCH-t,0.05,1.4417409318073555,2.2580194617378178
2023-05-22,-0.1972886611210169,GARCH-t,0.05,1.4498317352854704,2.2704466136348267
2023-05-23,-0.1216064382496189,GARCH-t,0.05,1.4244414988136345,2.231448221671658
2023-05-24,-0.4879037635297988,GARCH-t,0.05,1.399365612469324,2.1929326589842426
2023-05-25,-1.0087426800028507,GARCH-t,0.05,1.3852829048099329,2.171302180913947
2023-05-26,0.0514509176076067,GARCH-t,0.05,1.4010238925903642,2.195479711203185
2023-05-30,0.7124411621889729,GARCH-t,0.05,1.3759936713818497,2.1570342883455735
2023-05-31,0.3008760462139833,GARCH-t,0.05,1.3659945375213836,2.1416760169874003
2023-06-01,0.7153928630061794,GARCH-t,0.05,1.3446876712576266,2.108949519028922
2023-06-02,-1.3026835665023309,GARCH-t,0.05,1.336990797641495,2.097127427710244
2023-06-05,0.2864146572821607,GARCH-t,0.05,1.381506221300454,2.1655013454634044
2023-06-06,0.3823121771459306,GARCH-t,0.05,1.3590421831034891,2.1309974775040574
2023-06-07,-1.1667932951336448,GARCH-t,0.05,1.3425381742526925,2.0770102005988593
2023-06-08,1.0700777840001092,GARCH-t,0.05,1.377816283376868,2.1306333188132935
2023-06-09,-0.0713242905666815,GARCH-t,0.05,1.39004611396372,2.1492227973194376
2023-06-12,-0.3522608540493114,GARCH-t,0.05,1.3650153717836238,2.111175790826153
2023-06-13,-0.5487371483662417,GARCH-t,0.05,1.3477478700886905,2.084928996209238
2023-06-14,0.5487371483662364,GARCH-t,0.05,1.339573047508469,2.072503174970967
2023-06-15,0.1277759463212647,GARCH-t,0.05,1.3261958200436652,2.052169640449555
2023-06-16,0.0306407016705376,GARCH-t,0.05,1.30509504027254,2.020096220525005
2023-06-20,-1.1762134766634988,GARCH-t,0.05,1.285459610282799,1.9902501485650548
2023-06-21,-0.1137278422884502,GARCH-t,0.05,1.3279771277935457,2.054877248040197
2023-06-22,-1.071258172670636,GARCH-t,0.05,1.3079271381809447,2.0244010408429727
2023-06-23,0.3340482534468814,GARCH-t,0.05,1.3384115561529928,2.07073769519311
2023-06-26,0.2394076127153564,GARCH-t,0.05,1.31899123466443,2.0412185905472815
2023-06-27,-0.5055096516834761,GARCH-t,0.05,1.299405896594906,2.0114486588631584
2023-06-28,-0.0888561410255391,GARCH-t,0.05,1.293188038600381,2.001997445559538
2023-06-29,-0.1622451046078489,GARCH-t,0.05,1.2753686556279238,1.974911785263036
2023-06-30,0.6213645369454395,GARCH-t,0.05,1.260035603113543,1.951605374914548
2023-07-03,0.0312259603543151,GARCH-t,0.05,1.256011952450786,1.945489381158104
2023-07-05,-0.1093367263780203,GARCH-t,0.05,1.2400181633447285,1.9211786438418823
2023-07-06,-0.5694461811811972,GARCH-t,0.05,1.2264991615058043,1.9006296106950633
2023-07-07,0.9126768323334932,GARCH-t,0.05,1.2211507403343849,1.8747508842028215
2023-07-10,-0.0623157055421522,GARCH-t,0.05,1.2372766193328284,1.899097638300174
2023-07-11,0.3267408839185718,GARCH-t,0.05,1.2220590873754589,1.8761223010444228
2023-07-12,1.2810414334619995,GARCH-t,0.05,1.2103220848281286,1.858401845936988
2023-07-13,0.1532410819786124,GARCH-t,0.05,1.2593708247638855,1.9324553353694789
2023-07-14,0.0459278160234018,GARCH-t,0.05,1.242295183997152,1.9066746367270964
2023-07-17,-0.3936082358076451,GARCH-t,0.05,1.2260833663517352,1.8821981329828863
2023-07-18,1.2622280219577664,GARCH-t,0.05,1.2198477257191145,1.872783600656523
2023-07-19,0.0151742904597291,GARCH-t,0.05,1.265917257603504,1.942339099880945
2023-07-20,-0.4663169815610156,GARCH-t,0.05,1.2481113831157291,1.9154558988049593
2023-07-21,-0.2034278228194697,GARCH-t,0.05,1.2431499574379268,1.907965168472591
2023-07-24,-0.2038424953129538,GARCH-t,0.05,1.2298228882174296,1.8878440403665724
2023-07-25,0.0917768138358643,GARCH-t,0.05,1.2174868196470223,1.869219119018671
2023-07-26,0.3459707764402434,GARCH-t,0.05,1.2030876949705698,1.8474794081012975
2023-07-27,-1.2007399562659369,GARCH-t,0.05,1.1932304978181223,1.8325970717534352
2023-07-28,0.7680922504028945,GARCH-t,0.05,1.2485946273587931,1.9161854980259372
2023-07-31,0.5138771146053185,GARCH-t,0.05,1.2528425788238242,1.9225990293284216
2023-08-01,-1.5238610077067491,GARCH-t,0.05,1.2444679651151302,1.909955088452667
2023-08-02,-0.1701826964249552,GARCH-t,0.05,1.3302642759575185,2.039489837085051
2023-08-03,-0.2791144821277962,GARCH-t,0.05,1.3100541051337529,2.00897664401451
2023-08-04,0.3926017871570145,GARCH-t,0.05,1.284405084887259,1.9567698671109912
2023-08-07,-0.3149921596681774,GARCH-t,0.05,1.269218677160577,1.93397035808045
2023-08-08,-0.4873518808943379,GARCH-t,0.05,1.256151923741863,1.9143531077121216
2023-08-09,-0.4531822404694159,GARCH-t,0.05,1.250584525728328,1.9059947162102795
2023-08-10,-0.0522220486697309,GARCH-t,0.05,1.2439436469630205,1.8960246970915156
2023-08-11,-0.0783842425555493,GARCH-t,0.05,1.2273703911098686,1.8711430988037572
2023-08-14,-0.1203111863770946,GARCH-t,0.05,1.2122128748978718,1.8483869648993032
2023-08-15,-0.424850532184941,GARCH-t,0.05,1.1986792382322684,1.8280687779437823
2023-08-16,-0.3369678571619132,GARCH-t,0.05,1.1948257072499695,1.8222834325209785
2023-08-17,-0.634889183821112,GARCH-t,0.05,1.187925132377038,1.8119235289833624
2023-08-18,0.1060951786910589,GARCH-t,0.05,1.195624538927185,1.8234827266770648
2023-08-21,0.3810171935338446,GARCH-t,0.05,1.1820015652163227,1.8030304171030285
2023-08-22,0.1636000853602539,GARCH-t,0.05,1.1738733550913738,1.7908274522227747
2023-08-23,1.1586265785144558,GARCH-t,0.05,1.1621909002985105,1.773288463520344
2023-08-24,-0.0156409848335913,GARCH-t,0.05,1.2041629440752224,1.8363015215351184
2023-08-25,-0.3708241118610018,GARCH-t,0.05,1.1900634127349714,1.815133751124631
2023-08-28,0.3551870450310163,GARCH-t,0.05,1.184737454184015,1.8071378351539653
2023-08-29,0.9651369784435556,GARCH-t,0.05,1.175698653761926,1.7935677917600552
2023-08-30,0.4019820260445598,GARCH-t,0.05,1.199504795872601,1.8293081960612696
2023-08-31,-0.3142358107314131,GARCH-t,0.05,1.190692049588791,1.8160775300540224
2023-09-01,0.082521802323536,GARCH-t,0.05,1.1381355211075666,1.7397846095354
2023-09-05,-0.703577535386759,GARCH-t,0.05,1.124299842036621,1.7189850987929702
2023-09-06,-0.4214024777917077,GARCH-t,0.05,1.138559440457246,1.7404218977394967
2023-09-07,-0.0312845757977861,GARCH-t,0.05,1.1353987718978875,1.735670388303889
2023-09-08,0.0469263758101142,GARCH-t,0.05,1.1220780624255593,1.7156450438053816
2023-09-11,0.2550968049488467,GARCH-t,0.05,1.109252330293186,1.6963638107051555
2023-09-12,-0.6258821711373876,GARCH-t,0.05,1.099141349414796,1.6811637287779737
2023-09-13,-0.1151750325271196,GARCH-t,0.05,1.1102562230349802,1.6978729869270184
2023-09-14,0.0471328028319684,GARCH-t,0.05,1.0996243832880026,1.6818898852740296
2023-09-15,0.714714748905865,GARCH-t,0.05,1.0882646735649797,1.6648125590941336
2023-09-18,0.4046513576601789,GARCH-t,0.05,1.0986449315403106,1.680417451789316
2023-09-19,0.0258832666127204,GARCH-t,0.05,1.09319615001843,1.6722261668356555
2023-09-20,0.7014664451038297,GARCH-t,0.05,1.082303346131606,1.6558507514839838
2023-09-21,-1.3661993139932882,GARCH-t,0.05,1.0923472228108924,1.6709499540468091
2023-09-22,0.3225343940292486,GARCH-t,0.05,1.1764725513501604,1.797417593668298
2023-09-25,-0.4580980852414224,GARCH-t,0.05,1.1633903056647157,1.7777507375440535
2023-09-26,-0.8488367011878772,GARCH-t,0.05,1.1601129108716015,1.7728237507400804
2023-09-27,-1.5270736211994371,GARCH-t,0.05,1.1822529399051775,1.806107391489496
2023-09-28,-0.6002135474614082,GARCH-t,0.05,1.2748872965020888,1.945366858645077
2023-09-29,-0.6633460391607215,GARCH-t,0.05,1.2708315283410063,1.9392697243445
2023-10-02,-0.9842104245885984,GARCH-t,0.05,1.2623544876191457,1.9076403302137384
2023-10-03,-0.2955195304593961,GARCH-t,0.05,1.2853340675997218,1.9419577003944104
2023-10-04,-0.3348786103828984,GARCH-t,0.05,1.2677113919549867,1.9156402531571035
2023-10-05,-0.1045376798357328,GARCH-t,0.05,1.2523164263804667,1.8926496357051716
2023-10-06,0.7458615173471331,GARCH-t,0.05,1.2326459748064804,1.863274069708924
2023-10-09,1.049010847035107,GARCH-t,0.05,1.2341884686430151,1.8655776075470616
2023-10-10,0.6198645369741984,GARCH-t,0.05,1.257414835991116,1.9002635263893892
2023-10-11,0.6320685606708135,GARCH-t,0.05,1.2504512609372191,1.8898642247873816
2023-10-12,-0.1870607909598343,GARCH-t,0.05,1.2445463871436329,1.8810459722337696
2023-10-13,3.060790174466398,GARCH-t,0.05,1.2266703557343182,1.8543501671862752
2023-10-16,-0.3274031158004244,GARCH-t,0.05,1.5549066744849305,2.3445335067785127
2023-10-17,0.0832496856667774,GARCH-t,0.05,1.5233163831829686,2.2973570256748097
2023-10-18,1.6813236521731816,GARCH-t,0.05,1.4884997854134523,2.2453624254646245
2023-10-19,0.6677383090401854,GARCH-t,0.05,1.5496149203442102,2.3366308781880116
2023-10-20,0.7137632114181282,GARCH-t,0.05,1.5269260396760105,2.3027476341281186
2023-10-23,-0.3132240155776103,GARCH-t,0.05,1.5076340235840726,2.273937218171077
2023-10-24,-0.0658036018004734,GARCH-t,0.05,1.478161086607394,2.229922763189949
2023-10-25,0.4597000160347398,GARCH-t,0.05,1.4460115318990898,2.1819110862575943
2023-10-26,0.1561189672270591,GARCH-t,0.05,1.4214334942057432,2.1452066026007985
2023-10-27,0.0704273101122533,GARCH-t,0.05,1.3921938802436038,2.101540588812608
2023-10-30,0.3814487522985262,GARCH-t,0.05,1.3575443627230792,2.081978775222992
2023-10-31,-0.5525708674736282,GARCH-t,0.05,1.3373461599449683,2.0514098435674266
2023-11-01,-0.3229015088034683,GARCH-t,0.05,1.327540309450841,2.0365691977499414
2023-11-02,0.3430498125606122,GARCH-t,0.05,1.310125095232444,2.0102121748475805
2023-11-03,0.2967000466915511,GARCH-t,0.05,1.2915089182973365,1.982037557201206
2023-11-06,-0.4983536766927965,GARCH-t,0.05,1.2729387708022253,1.9539326027234232
2023-11-07,-0.7496705490809967,GARCH-t,0.05,1.2645926355220545,1.9413011601257613
2023-11-08,-0.7809573743291399,GARCH-t,0.05,1.2695655624329751,1.948827426919795
2023-11-09,0.6486705243964606,GARCH-t,0.05,1.276111987633071,1.958735101712865
2023-11-10,-1.621877893218127,GARCH-t,0.05,1.2694541399786738,1.948658794817828
2023-11-13,0.6652779492155402,GARCH-t,0.05,1.3525388138266703,2.074403136746942
2023-11-14,0.8343430595057661,GARCH-t,0.05,1.342111573389512,2.0586220494996614
2023-11-15,-0.086696414395553,GARCH-t,0.05,1.3406918822273577,2.056473420605067
2023-11-16,1.2069136779111171,GARCH-t,0.05,1.318181054251336,2.022404450733404
2023-11-17,-0.1160029800050582,GARCH-t,0.05,1.344118138982616,2.061658882387807
2023-11-20,-0.1970058216140758,GARCH-t,0.05,1.321765241909481,2.0278289327413432
2023-11-21,1.0862615061766792,GARCH-t,0.05,1.3017712277595908,1.99756902997758
2023-11-22,-0.395922248666503,GARCH-t,0.05,1.3195684324427746,2.024504175623803
2023-11-24,0.5408630384414501,GARCH-t,0.05,1.304778453441484,2.0021203099777134
2023-11-27,0.4783316372955455,GARCH-t,0.05,1.2921185175894714,1.982960154092784
2023-11-28,1.3772846290545528,GARCH-t,0.05,1.2858358959580023,1.9702138110761944
2023-11-29,0.3621431258758112,GARCH-t,0.05,1.331168590123265,2.038630591056843
2023-11-30,-0.4406156206906349,GARCH-t,0.05,1.31184585631484,2.0094684322233913
2023-12-01,1.6013593082084947,GARCH-t,0.05,1.299540214582613,1.99089657369133
2023-12-04,-2.2906437155782733,GARCH-t,0.05,1.3667001179988114,2.0922553042974763
2023-12-05,-0.2770483946805913,GARCH-t,0.05,1.5307075841702469,2.339777824960565
2023-12-06,0.5927406833356961,GARCH-t,0.05,1.501092144538707,2.295081760572364
2023-12-07,-0.0295525360406161,GARCH-t,0.05,1.4788337049617997,2.2614889906898985
2023-12-08,-1.568969924387106,GARCH-t,0.05,1.4484461706998666,2.215627669538901
2023-12-11,-1.021061033941788,GARCH-t,0.05,1.5083100935648268,2.305975197186373
2023-12-12,-0.010109265866683,GARCH-t,0.05,1.5144770719819145,2.315282493240059
2023-12-13,0.227267080423067,GARCH-t,0.05,1.4821532032708349,2.266498827180698
2023-12-14,2.38764749712153,GARCH-t,0.05,1.4523015242931558,2.221446226838365
2023-12-15,-0.4492380744304142,GARCH-t,0.05,1.5997898046708707,2.444037745258608
2023-12-18,0.2569588413335528,GARCH-t,0.05,1.5711234166983006,2.400774003827107
2023-12-19,0.5953704386447858,GARCH-t,0.05,1.5370521569041526,2.3493531490131003
2023-12-20,-0.191510991317096,GARCH-t,0.05,1.5128473376981766,2.3128228738865095
2023-12-21,0.2258433605997732,GARCH-t,0.05,1.4825217008174263,2.267054969188863
2023-12-22,0.8788749383462259,GARCH-t,0.05,1.4526345492622363,2.22194883310206
2023-12-26,0.0534519247083802,GARCH-t,0.05,1.4464125039024,2.212558429194857
2023-12-27,1.1449100696166308,GARCH-t,0.05,1.436820646829727,2.2045973822863623
2023-12-28,-0.3850045843342173,GARCH-t,0.05,1.4514104281530915,2.226716012018935
2023-12-29,-0.5560539696971308,GARCH-t,0.05,1.429558526263424,2.1935877480554415
2024-01-02,0.096927413552285,GARCH-t,0.05,1.4154855144284044,2.1722525593297255
2024-01-03,-1.4736982781769346,GARCH-t,0.05,1.389106268120028,2.1322606794798933
2024-01-04,0.3974050443617223,GARCH-t,0.05,1.4478272654828417,2.2212838093958625
2024-01-05,0.0048951249376952,GARCH-t,0.05,1.4237134133648446,2.1847263480739545
2024-01-08,-0.7766098913480239,GARCH-t,0.05,1.3968417288791617,2.1439879143540805
2024-01-09,-0.0098668231945362,GARCH-t,0.05,1.396514457473934,2.143491759211392
2024-01-10,-0.2322114267195562,GARCH-t,0.05,1.3713382497176545,2.1053237287872686
2024-01-11,-0.3666952743148285,GARCH-t,0.05,1.3505600207775217,2.0738231913741796
2024-01-12,1.5956951403282442,GARCH-t,0.05,1.3346719129213256,2.0497362522327687
2024-01-16,-1.0165310319773104,GARCH-t,0.05,1.4019010410269737,2.1516580123232494
2024-01-17,-1.161708172610901,GARCH-t,0.05,1.417497166019476,2.1753022950116847
2024-01-18,0.7957865627687473,GARCH-t,0.05,1.4433977282137709,2.214568472642713
2024-01-19,0.3905977358156148,GARCH-t,0.05,1.4349629773853592,2.201781089040096
2024-01-22,-0.3311646301174294,GARCH-t,0.05,1.4114800999088593,2.1661802078174093
2024-01-23,0.1928974182280517,GARCH-t,0.05,1.3905823370342938,2.1344984526891544
2024-01-24,-0.4854342213876016,GARCH-t,0.05,1.3663733710297972,2.097796795317197
2024-01-25,0.148853851225342,GARCH-t,0.05,1.3536719916169655,2.078541050347569
2024-01-26,-0.0049570163444326,GARCH-t,0.05,1.328511681850328,2.008280005880253
2024-01-29,0.4156315901078261,GARCH-t,0.05,1.3162721658378935,1.9899759087127649
2024-01-30,0.3105999442300761,GARCH-t,0.05,1.3070212063757778,1.976141173686066
2024-01-31,0.8284516486208303,GARCH-t,0.05,1.2967531377906747,1.9607853601953016
2024-02-01,0.2243185104943779,GARCH-t,0.05,1.2974330284285882,1.961802131143352
2024-02-02,-0.8265936631712222,GARCH-t,0.05,1.2866990274365713,1.945749519507876
2024-02-05,-0.5120905671782916,GARCH-t,0.05,1.2905139754925614,1.9514547434591196
2024-02-06,0.4334792726306237,GARCH-t,0.05,1.2854093684372463,1.9438208449089311
2024-02-07,0.0343981712251408,GARCH-t,0.05,1.277395678366156,1.9318364362458469
2024-02-08,-0.1475144129439514,GARCH-t,0.05,1.2666152843910077,1.91571444427946
2024-02-09,-0.4389060106493958,GARCH-t,0.05,1.256886143351095,1.901164592572102
2024-02-12,-0.2523865081532603,GARCH-t,0.05,1.2514097995604894,1.8929747647419837
2024-02-13,-1.2615124246704408,GARCH-t,0.05,1.2431810162084267,1.8806686858175108
2024-02-14,-0.1305470931603462,GARCH-t,0.05,1.2677293174109532,1.9173804716472225
2024-02-15,0.5911211825204105,GARCH-t,0.05,1.2578422007608696,1.9025943686930231
2024-02-16,0.4684094906416617,GARCH-t,0.05,1.2536887194930322,1.8963828710625124
2024-02-20,0.7922794599725028,GARCH-t,0.05,1.2472707547612305,1.886784856733427
2024-02-21,-0.2568005317217988,GARCH-t,0.05,1.2487569386201052,1.8890074326697597
2024-02-22,-0.128654033393718,GARCH-t,0.05,1.2406653242221932,1.8769064888063944
2024-02-23,0.9314324420003008,GARCH-t,0.05,1.231593747662442,1.8633400194588068
2024-02-26,-0.4966682111913958,GARCH-t,0.05,1.2616938156828883,1.874173923665428
2024-02-27,0.2707693962003279,GARCH-t,0.05,1.2590162181586435,1.8702378943624345
2024-02-28,-0.0491762980158615,GARCH-t,0.05,1.2526468990108022,1.8608750881232496
2024-02-29,0.6227470697706523,GARCH-t,0.05,1.245796793416587,1.850805532821043
2024-03-01,1.9939659139843433,GARCH-t,0.05,1.244528623003986,1.8489413408130997
2024-03-04,1.4650906546489963,GARCH-t,0.05,1.298278093550728,1.9279522784827017
2024-03-05,0.7433252615668022,GARCH-t,0.05,1.3209079207315255,1.9612177943411504
2024-03-06,0.784356635087546,GARCH-t,0.05,1.3190416750978342,1.958474440482222
2024-03-07,0.3574476839149819,GARCH-t,0.05,1.3181557717773142,1.957172175523574
2024-03-08,0.9500646655496024,GARCH-t,0.05,1.310381854741114,1.9457446308771256
2024-03-11,0.1788495240181465,GARCH-t,0.05,1.314048074840474,1.9511339209446743
2024-03-12,-1.0177664197878151,GARCH-t,0.05,1.3051742404775415,1.938089513872231
2024-03-13,0.6919166252700285,GARCH-t,0.05,1.3136209670056336,1.950506078657606
2024-03-14,-0.571636381552069,GARCH-t,0.05,1.3109809285739409,1.946625260672796
2024-03-15,-0.2638684542595182,GARCH-t,0.05,1.3077205549962514,1.9418325590720904
2024-03-18,0.1574758242870781,GARCH-t,0.05,1.3002206787346162,1.9308078503668675
2024-03-19,-0.2038408092312079,GARCH-t,0.05,1.2917498174010542,1.918355807769501
2024-03-20,0.0741668725171895,GARCH-t,0.05,1.28431105065704,1.907420929163788
2024-03-21,1.128966261576579,GARCH-t,0.05,1.2762097645189554,1.8955121567128443
2024-03-22,-1.1196893703511956,GARCH-t,0.05,1.286991958403101,1.9113618244445656
2024-03-25,0.7708478525094481,GARCH-t,0.05,1.2820319595430458,1.9020993350011877
2024-03-26,0.0367804712304893,GARCH-t,0.05,1.2815588890857978,1.9014058266987424
2024-03-27,0.6870990033479146,GARCH-t,0.05,1.2753027079719437,1.8922344369457256
2024-03-28,1.215977082804257,GARCH-t,0.05,1.2737463687421662,1.8899528863632795
2024-04-01,0.8576849575533693,GARCH-t,0.05,1.282853717892066,1.9033040101799432
2024-04-02,1.089504940506698,GARCH-t,0.05,1.283830536539865,1.9047359994996165
2024-04-03,1.4664135564459966,GARCH-t,0.05,1.2895144468890545,1.913068456023003
2024-04-04,-0.2443644773025144,GARCH-t,0.05,1.3051498046315793,1.9359894612136928
2024-04-05,1.5993363911782323,GARCH-t,0.05,1.2992815996352078,1.9273868337972415
2024-04-08,0.2576546332762105,GARCH-t,0.05,1.3187974033909322,1.9559964663078448
2024-04-09,0.5047944048811654,GARCH-t,0.05,1.3121477640579144,1.9462482776077052
2024-04-10,-0.5948917440644637,GARCH-t,0.05,1.307442671826725,1.939350741572412
2024-04-11,1.075919796756191,GARCH-t,0.05,1.3051015430852069,1.9359187111117035
2024-04-12,0.0594312199089228,GARCH-t,0.05,1.3098011202081778,1.9428081621497633
2024-04-15,0.406612066202905,GARCH-t,0.05,1.3028866255706006,1.9326717028445917
2024-04-16,1.0511806622644015,GARCH-t,0.05,1.2975355796883774,1.9248272164911728
2024-04-17,-0.802108139040866,GARCH-t,0.05,1.301925500649812,1.9312627200978536
2024-04-18,0.4459451082454631,GARCH-t,0.05,1.3031133131699584,1.933004020641671
2024-04-19,0.6735379565596977,GARCH-t,0.05,1.2980821622259548,1.9256284914851487
2024-04-22,-2.7989800481359612,GARCH-t,0.05,1.295729026994656,1.922178859840053
2024-04-23,-0.1931372558694458,GARCH-t,0.05,1.4040232358333746,2.065359589935793
2024-04-24,-0.1375672460389939,GARCH-t,0.05,1.3940730630846598,2.0509185308596605
2024-04-25,0.2277485793112752,GARCH-t,0.05,1.384085631089926,2.036423396041681
2024-04-26,0.2143807319077468,GARCH-t,0.05,1.3742297567913937,2.0221191958447116
2024-04-29,0.4529666146779776,GARCH-t,0.05,1.3645979944563822,2.0081402577498797
2024-04-30,-2.329297954868033,GARCH-t,0.05,1.356920214532015,1.9969972076479956
2024-05-01,0.3702659409149452,GARCH-t,0.05,1.419935339435389,2.0884534229722003
2024-05-02,-0.030438616232441,GARCH-t,0.05,1.409920437318524,2.073918419735195
2024-05-03,-0.0086969324572335,GARCH-t,0.05,1.3990975727573478,2.058210790285132
2024-05-06,0.978239943094232,GARCH-t,0.05,1.388531004669708,2.042875133524269
2024-05-07,-0.2760589407145369,GARCH-t,0.05,1.388859736946434,2.043352235012687
2024-05-08,-0.0691260612882343,GARCH-t,0.05,1.379963691678749,2.030441070704391
2024-05-09,0.7964395898361993,GARCH-t,0.05,1.3700871343922745,2.016106852510922
2024-05-10,1.498089474872309,GARCH-t,0.05,1.3672197997215658,2.0119453821107127
2024-05-13,-1.3267171767020014,GARCH-t,0.05,1.3838984049447172,2.036151667711747
2024-05-14,0.7378135479851928,GARCH-t,0.05,1.3980833942226014,2.0567388749220634
2024-05-15,1.4888214910604234,GARCH-t,0.05,1.393260171621418,2.0497387509764744
2024-05-16,-0.3648776779096939,GARCH-t,0.05,1.408422652706948,2.0717446287262007
2024-05-17,1.3438686241467437,GARCH-t,0.05,1.3998145516546454,2.0592513686623817
2024-05-20,0.895569503877859,GARCH-t,0.05,1.4097994728028014,2.073742859394507
2024-05-21,-0.5025116242057949,GARCH-t,0.05,1.405508237551191,2.086721691604673
2024-05-22,-1.351119128257647,GARCH-t,0.05,1.3988024355558974,2.076907127644927
2024-05-23,-2.294667031813439,GARCH-t,0.05,1.4127772504965954,2.097360567092939
2024-05-24,-0.1071237381498803,GARCH-t,0.05,1.4681897414375291,2.1784618935100246
2024-05-28,0.96849750810076,GARCH-t,0.05,1.456122102580308,2.160799783371604
2024-05-29,-0.6346481676084355,GARCH-t,0.05,1.4537062133253211,2.1572639050934543
2024-05-30,0.1110289464388048,GARCH-t,0.05,1.4474774339618648,2.1481475080544876
2024-05-31,-0.857307357068379,GARCH-t,0.05,1.435676461690232,2.1308756892282807
2024-06-03,1.015115058545777,GARCH-t,0.05,1.4343301442775047,2.128905228667917
2024-06-04,-0.9032443941432378,GARCH-t,0.05,1.4337003400814592,2.127983451739737
2024-06-05,1.2223460620860391,GARCH-t,0.05,1.4334578859105618,2.127628597544929
2024-06-06,0.685801971176186,GARCH-t,0.05,1.4380641151489275,2.1343702417964185
2024-06-07,-2.7849130615993234,GARCH-t,0.05,1.4311289770429028,2.124220023141137
2024-06-10,0.10839169709689,GARCH-t,0.05,1.5143968407974449,2.246090274482282
2024-06-11,-0.0086648974742449,GARCH-t,0.05,1.500725113162489,2.226080431452667
2024-06-12,1.2275377571110555,GARCH-t,0.05,1.4874683602584682,2.2066779424787337
2024-06-13,-1.5444010517410591,GARCH-t,0.05,1.490150778353086,2.210603910465096
2024-06-14,1.3472849167638714,GARCH-t,0.05,1.5068047592818243,2.2349785581394848
2024-06-17,-0.8182999621581656,GARCH-t,0.05,1.5120873472881418,2.2427101162584657
2024-06-18,0.7753980763100304,GARCH-t,0.05,1.5073241505171684,2.2357387354460907
2024-06-20,0.9991179448078678,GARCH-t,0.05,1.5334334138990933,2.2660515555052254
2024-06-21,-1.6016849994939064,GARCH-t,0.05,1.5292796766962524,2.2599854615577284
2024-06-24,0.5854053366742159,GARCH-t,0.05,1.5502900427946555,2.2906688795017063
2024-06-25,-0.576763190651134,GARCH-t,0.05,1.5373713460301663,2.2718024889657285
2024-06-26,-0.7539420565480928,GARCH-t,0.05,1.5265647176908466,2.256020551023877
2024-06-27,1.0943747042885628,GARCH-t,0.05,1.5196077572212368,2.245860645922319
2024-06-28,0.1375672460389905,GARCH-t,0.05,1.5185463875477283,2.2443106277487757
2024-07-01,-0.004289885274544,GARCH-t,0.05,1.5029823306841263,2.2215809685218466
2024-07-02,-0.1978281967874755,GARCH-t,0.05,1.4878789432882866,2.1995240683390564
2024-07-03,1.571743658704651,GARCH-t,0.05,1.474116648936216,2.1794256927327065
2024-07-05,1.2088663472560883,GARCH-t,0.05,1.4917996950825314,2.205249911734358
2024-07-08,-1.403992502750996,GARCH-t,0.05,1.4953250888631204,2.2103983765578783
2024-07-09,0.2078403578812869,GARCH-t,0.05,1.5098009687273193,2.231538868346538
2024-07-10,0.511374163037859,GARCH-t,0.05,1.4947367657101045,2.2095391928051744
2024-07-11,1.7881513074975277,GARCH-t,0.05,1.4826972605569686,2.1919567686473957
2024-07-12,-0.0414164429196259,GARCH-t,0.05,1.509529281003438,2.231142097155448
2024-07-15,0.3680006850383179,GARCH-t,0.05,1.4942998150602913,2.2089010725865017
2024-07-16,1.6171314917783013,GARCH-t,0.05,1.4807560412477447,2.1891218231206557
2024-07-17,-0.309113301982428,GARCH-t,0.05,1.5000066917166683,2.2172353624690397
2024-07-18,-0.1222842829709735,GARCH-t,0.05,1.486807808016983,2.1979597885425974
2024-07-19,-2.323049125293214,GARCH-t,0.05,1.452738491188326,2.138670539840062
2024-07-22,-0.1462141252654495,GARCH-t,0.05,1.500080907809962,2.207579938131907
2024-07-23,0.5253774082549602,GARCH-t,0.05,1.4886234760630648,2.1909030385566592
2024-07-24,0.36115155414233,GARCH-t,0.05,1.479357818470677,2.1774163825083934
2024-07-25,-2.5771655108934746,GARCH-t,0.05,1.4690472108248331,2.1624087462363217
2024-07-26,1.1877017079959726,GARCH-t,0.05,1.5279719455017322,2.2481768227488343
2024-07-29,-0.1135077221973772,GARCH-t,0.05,1.528126343294358,2.2484015569247946
2024-07-30,1.1584493096314896,GARCH-t,0.05,1.5157749994811718,2.2304235209266623
2024-07-31,0.8899986305409351,GARCH-t,0.05,1.5157060823985136,2.2303232084576985
2024-08-01,0.3496866671419319,GARCH-t,0.05,1.510436026387255,2.222652362425429
2024-08-02,-0.3826634135013617,GARCH-t,0.05,1.499178350036111,2.206266217423124
2024-08-05,-0.994332279261066,GARCH-t,0.05,1.489267699429643,2.191840739834379
2024-08-06,-0.5260032745343862,GARCH-t,0.05,1.488863794504956,2.191252834794598
2024-08-07,0.058578222243603,GARCH-t,0.05,1.4807332281404335,2.1794183642303064
2024-08-08,1.3173648862206806,GARCH-t,0.05,1.4694092845279387,2.1629357637144895
2024-08-09,0.4078923886462572,GARCH-t,0.05,1.474840711781887,2.1708414941491383
2024-08-12,1.2381322610815697,GARCH-t,0.05,1.464977806635135,2.1564855126092857
2024-08-13,0.1744760725796685,GARCH-t,0.05,1.4685877089612125,2.1617399169032283
2024-08-14,-1.1129137775200022,GARCH-t,0.05,1.4577547358551024,2.1459719499990495
2024-08-15,0.5600503269123788,GARCH-t,0.05,1.461166972245512,2.1509386410400224
2024-08-16,1.837804343675201,GARCH-t,0.05,1.462436646290568,2.151315356935029
2024-08-19,0.1279878215723032,GARCH-t,0.05,1.486964497343544,2.186992393095025
2024-08-20,0.3790074479647874,GARCH-t,0.05,1.4747741283522424,2.1692608668244593
2024-08-21,-0.1155506040310699,GARCH-t,0.05,1.4640820667971948,2.1537087067146947
2024-08-22,-1.18301867569216,GARCH-t,0.05,1.4528208040755834,2.1373286138782537
2024-08-23,1.1830186756921703,GARCH-t,0.05,1.4590796758403624,2.1464324686672653
2024-08-26,0.3700706198852698,GARCH-t,0.05,1.462230674482683,2.1510157602185456
2024-08-27,-0.0675428115696949,GARCH-t,0.05,1.4518494037273812,2.1359156615053045
2024-08-28,-0.5979686942712076,GARCH-t,0.05,1.4407900797270026,2.119829299050868
2024-08-29,0.9827580801596992,GARCH-t,0.05,1.4348072807922705,2.1111270065641996
2024-08-30,-1.2710561536922458,GARCH-t,0.05,1.4341340118624155,2.110147701858543
2024-09-03,-0.1565161353524096,GARCH-t,0.05,1.4437558738914855,2.124143201048268
2024-09-04,0.140469195620637,GARCH-t,0.05,1.4332771716850667,2.1089013832175585
2024-09-05,0.7193125924703407,GARCH-t,0.05,1.422689170326357,2.093500584080247
2024-09-06,-0.7152981683501989,GARCH-t,0.05,1.4175385823826885,2.0860087858010328
2024-09-09,0.332314631166116,GARCH-t,0.05,1.414281866714861,2.081271723333026
2024-09-10,0.4188195346663044,GARCH-t,0.05,1.40509431237891,2.0679079472909394
2024-09-11,-0.0079592057221238,GARCH-t,0.05,1.3968523471404368,2.055919579814011
2024-09-12,1.5444721969289847,GARCH-t,0.05,1.38731339554286,2.042044678162816
2024-09-13,1.1729349341314652,GARCH-t,0.05,1.404558657245652,2.0671288090159528
2024-09-16,-0.0348779085190971,GARCH-t,0.05,1.4001289496917295,2.058799411697275
2024-09-17,-0.625883189495714,GARCH-t,0.05,1.3903664632256636,2.044626874341121
2024-09-18,0.249266043134922,GARCH-t,0.05,1.3863445440500477,2.0387881159512387
2024-09-19,0.6707160271705417,GARCH-t,0.05,1.377342119988652,2.025718987328162
2024-09-20,1.225073519220459,GARCH-t,0.05,1.3726736534095445,2.0189416138364447
2024-09-23,0.2516049581020544,GARCH-t,0.05,1.379933212741587,2.029480565790972
2024-09-24,0.9360187860914404,GARCH-t,0.05,1.3711427219896968,2.016719108042156
2024-09-25,0.3012958044237874,GARCH-t,0.05,1.371420590442364,2.017122499231399
2024-09-26,0.4015674633472966,GARCH-t,0.05,1.3631593447821275,2.0051293647840387
2024-09-27,-0.963458348443632,GARCH-t,0.05,1.35587226389482,1.9945504588412069
2024-09-30,-0.3105809232568264,GARCH-t,0.05,1.3600104116361416,2.0005579502372792
2024-10-01,1.176615388576509,GARCH-t,0.05,1.3530404534394669,1.9904394222109856
2024-10-02,-0.7602005078805537,GARCH-t,0.05,1.3598013827461972,2.000254495808784
2024-10-03,0.3770601213994833,GARCH-t,0.05,1.3592830052320624,1.9995019493433728
2024-10-04,-0.4261843753354774,GARCH-t,0.05,1.351924924960945,1.9888199711532388
2024-10-07,-0.0378028954542206,GARCH-t,0.05,1.3464185528904316,1.980826181442237
2024-10-08,-1.133136902967098,GARCH-t,0.05,1.3383451838210882,1.9691057939033645
2024-10-09,-0.3447618814232795,GARCH-t,0.05,1.3477606647330638,1.982774571362362
2024-10-10,0.558685775053781,GARCH-t,0.05,1.341513329184372,1.9737050994867256
2024-10-11,1.4020160169731888,GARCH-t,0.05,1.3365577040858212,1.966510848096321
2024-10-14,-0.3694371660486623,GARCH-t,0.05,1.3432690117518913,1.9676082767155645
2024-10-15,0.512313847150435,GARCH-t,0.05,1.337794437410183,1.959696031818396
2024-10-16,0.4723215245810717,GARCH-t,0.05,1.33275562419341,1.9524135799465765
2024-10-17,0.6337393065017404,GARCH-t,0.05,1.3275074124577375,1.9448284904157849
2024-10-18,0.840012761358353,GARCH-t,0.05,1.324223637619898,1.9400825450541153
2024-10-21,0.3457973722361968,GARCH-t,0.05,1.3241837716091942,1.9400249278550288
2024-10-22,0.7718602631013913,GARCH-t,0.05,1.3182420050625332,1.931437463496236
2024-10-23,-1.091867720094922,GARCH-t,0.05,1.3172908902387055,1.930062844586759
2024-10-24,0.7523937915991553,GARCH-t,0.05,1.325502548225094,1.9419309177819823
2024-10-25,0.2191461563702766,GARCH-t,0.05,1.3239721570205674,1.9397190873741943
2024-10-28,0.072942126259476,GARCH-t,0.05,1.317402642355001,1.930224356707467
2024-10-29,0.9253781457162932,GARCH-t,0.05,1.3107688862739977,1.920636779770007
2024-10-30,0.7234316137240295,GARCH-t,0.05,1.3128320591800635,1.92361862425308
2024-10-31,-1.8166509123427008,GARCH-t,0.05,1.3113345093581628,1.921454258551382
2024-11-01,0.0109568851138485,GARCH-t,0.05,1.3441508522246204,1.968882775397098
2024-11-04,-0.0913292083432016,GARCH-t,0.05,1.3366434122805095,1.95803248829148
2024-11-05,0.1533836784366828,GARCH-t,0.05,1.3296117161188776,1.9478697799966205
2024-11-06,-2.688819289182318,GARCH-t,0.05,1.32266436840475,1.9378289780878448
2024-11-07,1.1479740190580865,GARCH-t,0.05,1.3981540636903718,2.046932064287974
2024-11-08,-0.4047575121093911,GARCH-t,0.05,1.4014427955156774,2.0516851738411104
2024-11-11,-2.88015263656269,GARCH-t,0.05,1.3936982295170854,2.0240074029555317
2024-11-12,-0.4298422060717889,GARCH-t,0.05,1.4807545929705084,2.148776385067395
2024-11-13,-0.741199771886598,GARCH-t,0.05,1.4705207321655036,2.134109239036214
2024-11-14,-0.4894201906120731,GARCH-t,0.05,1.4650617232188408,2.126285399829111
2024-11-15,-0.0973918559053458,GARCH-t,0.05,1.45604533221762,2.113363128751859
2024-11-18,1.7348790536743832,GARCH-t,0.05,1.4442479645994604,2.0964551683118997
2024-11-19,0.6300496006653572,GARCH-t,0.05,1.4636486935198616,2.1242602488781435
2024-11-20,0.7999532098494133,GARCH-t,0.05,1.4549036854088149,2.111726923141892
2024-11-21,0.8984571185138248,GARCH-t,0.05,1.4489289033007775,2.103163879012914
2024-11-22,1.404698113449777,GARCH-t,0.05,1.444899671063083,2.097389192533408
2024-11-25,-3.4959481903407377,GARCH-t,0.05,1.4532848864504366,2.1094068641563286
2024-11-26,0.1336617767776714,GARCH-t,0.05,1.5763491622902073,2.285782304408629
2024-11-27,0.7452166991228204,GARCH-t,0.05,1.5605259284118174,2.26310448160041
2024-11-29,0.6456666117155565,GARCH-t,0.05,1.5500085873204807,2.248031052267568
2024-12-02,-0.8352473231234763,GARCH-t,0.05,1.538526788411075,2.2315753641833065
2024-12-03,0.3712425318383127,GARCH-t,0.05,1.532297450078461,2.2226474906521947
2024-12-04,0.3434974654697664,GARCH-t,0.05,1.5188070174473722,2.20331303328619
2024-12-05,-1.0302322170881693,GARCH-t,0.05,1.5055734984663436,2.184346783979161
2024-12-06,0.4558239129528256,GARCH-t,0.05,1.5047085683967083,2.183107168170443
2024-12-09,0.991798633808684,GARCH-t,0.05,1.492748302833672,2.16596574276636
2024-12-10,1.2196028210303025,GARCH-t,0.05,1.4945910876227593,2.192355127144181
2024-12-11,1.3330075570755335,GARCH-t,0.05,1.4957827610729326,2.1940799033568195
2024-12-12,-1.7081207143532986,GARCH-t,0.05,1.5000276052922752,2.200223705868165
2024-12-13,-1.1790161839593785,GARCH-t,0.05,1.5213002887773757,2.2310128607736086
2024-12-16,-0.173346606353259,GARCH-t,0.05,1.523706391057002,2.2344953483430605
2024-12-17,-0.264360600282425,GARCH-t,0.05,1.509346516381648,2.2137114916137537
2024-12-18,-0.299187955944324,GARCH-t,0.05,1.496079274796788,2.1945090643971636
2024-12-19,-1.6945362817807692,GARCH-t,0.05,1.4835642461166898,2.176395357353692
2024-12-20,1.398249166131256,GARCH-t,0.05,1.5052363549838814,2.2077626231482004
2024-12-23,-0.6258330803749558,GARCH-t,0.05,1.510947740796337,2.2160290340421342
2024-12-24,0.294323974486273,GARCH-t,0.05,1.50179136471213,2.2027764943789268
2024-12-26,0.7149969097485895,GARCH-t,0.05,1.488156895420637,2.183042557785393
2024-12-27,-0.8219261513672151,GARCH-t,0.05,1.4792476037218556,2.170147637292467
2024-12-30,-0.4250136932791705,GARCH-t,0.05,1.474873393695909,2.1638165963510576
2023-01-04,0.7095546441984838,HS,0.01,2.6420657233597753,3.985498579218055
2023-01-05,-0.976252439712064,HS,0.01,2.6420657233597753,3.985498579218055
2023-01-06,1.589647009927115,HS,0.01,2.6420657233597753,3.985498579218055
2023-01-09,0.4549233258291232,HS,0.01,2.6420657233597753,3.985498579218055
2023-01-10,-0.0587546745238274,HS,0.01,2.6420657233597753,3.985498579218055
2023-01-11,0.1601623341199926,HS,0.01,2.6420657233597753,3.985498579218055
2023-01-12,1.108736566761589,HS,0.01,2.6420657233597753,3.985498579218055
2023-01-13,1.2008862043122857,HS,0.01,2.6420657233597753,3.985498579218055
2023-01-17,-0.5855345730477272,HS,0.01,2.6420657233597753,3.985498579218055
2023-01-18,-0.1469161128852995,HS,0.01,2.6420657233597753,3.985498579218055
2023-01-19,0.9251314471138228,HS,0.01,2.6420657233597753,3.985498579218055
2023-01-20,0.2234663176594187,HS,0.01,2.6420657233597753,3.985498579218055
2023-01-23,0.0363280747150776,HS,0.01,2.6420657233597753,3.985498579218055
2023-01-24,0.3522432457450443,HS,0.01,2.6420657233597753,3.985498579218055
2023-01-25,0.3767611384967313,HS,0.01,2.6420657233597753,3.985498579218055
2023-01-26,-0.6252753139314502,HS,0.01,2.6420657233597753,3.985498579218055
2023-01-27,-0.0259221820840704,HS,0.01,2.6420657233597753,3.985498579218055
2023-01-30,-0.2959862564306045,HS,0.01,2.6420657233597753,3.985498579218055
2023-01-31,0.3426426124651446,HS,0.01,2.6420657233597753,3.985498579218055
2023-02-01,-0.0881420299387641,HS,0.01,2.6420657233597753,3.985498579218055
2023-02-02,-0.5983212723418652,HS,0.01,2.6420657233597753,3.985498579218055
2023-02-03,-2.826184255379748,HS,0.01,2.6420657233597753,3.985498579218055
2023-02-06,0.1769825234386303,HS,0.01,2.644469405980843,4.003718740527033
2023-02-07,0.2942831061813177,HS,0.01,2.644469405980843,4.003718740527033
2023-02-08,0.3040771209810025,HS,0.01,2.644469405980843,4.003718740527033
2023-02-09,-0.5983602271623308,HS,0.01,2.644469405980843,4.003718740527033
2023-02-10,-0.1823493315013401,HS,0.01,2.644469405980843,4.003718740527033
2023-02-13,-0.5868606069231898,HS,0.01,2.644469405980843,4.003718740527033
2023-02-14,0.1133314874589582,HS,0.01,2.644469405980843,4.003718740527033
2023-02-15,-1.07370746218953,HS,0.01,2.644469405980843,4.003718740527033
2023-02-16,0.4243545311346954,HS,0.01,2.644469405980843,4.003718740527033
2023-02-17,-0.0868985268310338,HS,0.01,2.644469405980843,4.003718740527033
2023-02-21,-0.402898370723679,HS,0.01,2.644469405980843,4.003718740527033
2023-02-22,-0.0545702605629464,HS,0.01,2.644469405980843,4.003718740527033
2023-02-23,-0.767127049665148,HS,0.01,2.644469405980843,4.003718740527033
2023-02-24,-0.5073326778902653,HS,0.01,2.644469405980843,4.003718740527033
2023-02-27,0.4523120437649741,HS,0.01,2.644469405980843,4.003718740527033
2023-02-28,0.6527917163400628,HS,0.01,2.644469405980843,4.003718740527033
2023-03-01,0.4800056571569328,HS,0.01,2.644469405980843,4.003718740527033
2023-03-02,-0.2288054619760342,HS,0.01,2.644469405980843,4.003718740527033
2023-03-03,0.7714887423290702,HS,0.01,2.644469405980843,4.003718740527033
2023-03-06,0.0108276460496213,HS,0.01,2.644469405980843,4.003718740527033
2023-03-07,-1.85706355718125,HS,0.01,2.644469405980843,4.003718740527033
2023-03-08,-0.0661817291164826,HS,0.01,2.644469405980843,4.003718740527033
2023-03-09,0.9115987157307688,HS,0.01,2.644469405980843,4.003718740527033
2023-03-10,1.7717772147514534,HS,0.01,2.644469405980843,4.003718740527033
2023-03-13,2.6341694156230084,HS,0.01,2.644469405980843,4.003718740527033
2023-03-14,-0.2881167105143215,HS,0.01,2.644469405980843,4.003718740527033
2023-03-15,1.0645072763326822,HS,0.01,2.644469405980843,4.003718740527033
2023-03-16,-0.3952561643726087,HS,0.01,2.644469405980843,4.003718740527033
2023-03-17,2.6127822516268666,HS,0.01,2.644469405980843,4.003718740527033
2023-03-20,0.4760658443617601,HS,0.01,2.644469405980843,4.003718740527033
2023-03-21,-2.103618451687445,HS,0.01,2.644469405980843,4.003718740527033
2023-03-22,0.4530510589810312,HS,0.01,2.644469405980843,4.003718740527033
2023-03-23,2.3855366038062704,HS,0.01,2.644469405980843,4.003718740527033
2023-03-24,-0.5885513691905921,HS,0.01,2.644469405980843,4.003718740527033
2023-03-27,-1.5097478869044785,HS,0.01,2.644469405980843,4.003718740527033
2023-03-28,1.0191690210182351,HS,0.01,2.644469405980843,4.003718740527033
2023-03-29,-0.3199215031879452,HS,0.01,2.644469405980843,4.003718740527033
2023-03-30,0.7196500323830661,HS,0.01,2.644469405980843,4.003718740527033
2023-03-31,-0.5722573380642285,HS,0.01,2.644469405980843,4.003718740527033
2023-04-03,0.7538817015696077,HS,0.01,2.644469405980843,4.003718740527033
2023-04-04,1.9121386856435452,HS,0.01,2.644469405980843,4.003718740527033
2023-04-05,-0.0643034706267317,HS,0.01,2.644469405980843,4.003718740527033
2023-04-06,-0.4463407474970126,HS,0.01,2.644469405980843,4.003718740527033
2023-04-10,-1.1397298492928634,HS,0.01,2.644469405980843,4.003718740527033
2023-04-11,0.7862066660321816,HS,0.01,2.644469405980843,4.003718740527033
2023-04-12,0.3038065675472636,HS,0.01,2.644469405980843,4.003718740527033
2023-04-13,1.5004488526765063,HS,0.01,2.644469405980843,4.003718740527033
2023-04-14,-1.9340332101503832,HS,0.01,2.644469405980843,4.003718740527033
2023-04-17,-0.4003608688523414,HS,0.01,2.644469405980843,4.003718740527033
2023-04-18,0.6597421632108531,HS,0.01,2.644469405980843,4.003718740527033
2023-04-19,-0.6096093088757149,HS,0.01,2.644469405980843,4.003718740527033
2023-04-20,0.6195695166983959,HS,0.01,2.644469405980843,4.003718740527033
2023-04-21,-1.4095679073773075,HS,0.01,2.644469405980843,4.003718740527033
2023-04-24,0.4837975290905525,HS,0.01,2.644469405980843,4.003718740527033
2023-04-25,0.2460408684692785,HS,0.01,2.644469405980843,4.003718740527033
2023-04-26,-0.4171199318677286,HS,0.01,2.644469405980843,4.003718740527033
2023-04-27,0.2112926265503246,HS,0.01,2.644469405980843,4.003718740527033
2023-04-28,0.0100477975901019,HS,0.01,2.644469405980843,4.003718740527033
2023-05-01,-0.3372320383288464,HS,0.01,2.644469405980843,4.003718740527033
2023-05-02,1.5459208663897124,HS,0.01,2.644469405980843,4.003718740527033
2023-05-03,0.7074123181844181,HS,0.01,2.644469405980843,4.003718740527033
2023-05-04,0.9517819252434988,HS,0.01,2.644469405980843,4.003718740527033
2023-05-05,-1.50541414369174,HS,0.01,2.644469405980843,4.003718740527033
2023-05-08,0.440192824598679,HS,0.01,2.644469405980843,4.003718740527033
2023-05-09,0.4873807724603167,HS,0.01,2.644469405980843,4.003718740527033
2023-05-10,-0.2803233566718522,HS,0.01,2.644469405980843,4.003718740527033
2023-05-11,-0.7811791440417504,HS,0.01,2.644469405980843,4.003718740527033
2023-05-12,-0.0099251054533082,HS,0.01,2.644469405980843,4.003718740527033
2023-05-15,0.1735896282152275,HS,0.01,2.644469405980843,4.003718740527033
2023-05-16,-1.4776614414791789,HS,0.01,2.644469405980843,4.003718740527033
2023-05-17,-0.3880014587498261,HS,0.01,2.644469405980843,4.003718740527033
2023-05-18,-1.2293130260797065,HS,0.01,2.644469405980843,4.003718740527033
2023-05-19,1.1282876071055623,HS,0.01,2.644469405980843,4.003718740527033
2023-05-22,-0.1972886611210169,HS,0.01,2.644469405980843,4.003718740527033
2023-05-23,-0.1216064382496189,HS,0.01,2.644469405980843,4.003718740527033
2023-05-24,-0.4879037635297988,HS,0.01,2.644469405980843,4.003718740527033
2023-05-25,-1.0087426800028507,HS,0.01,2.644469405980843,4.003718740527033
2023-05-26,0.0514509176076067,HS,0.01,2.644469405980843,4.003718740527033
2023-05-30,0.7124411621889729,HS,0.01,2.644469405980843,4.003718740527033
2023-05-31,0.3008760462139833,HS,0.01,2.644469405980843,4.003718740527033
2023-06-01,0.7153928630061794,HS,0.01,2.644469405980843,4.003718740527033
2023-06-02,-1.3026835665023309,HS,0.01,2.644469405980843,4.003718740527033
2023-06-05,0.2864146572821607,HS,0.01,2.644469405980843,4.003718740527033
2023-06-06,0.3823121771459306,HS,0.01,2.644469405980843,4.003718740527033
2023-06-07,-1.1667932951336448,HS,0.01,2.644469405980843,4.003718740527033
2023-06-08,1.0700777840001092,HS,0.01,2.644469405980843,4.003718740527033
2023-06-09,-0.0713242905666815,HS,0.01,2.644469405980843,4.003718740527033
2023-06-12,-0.3522608540493114,HS,0.01,2.644469405980843,4.003718740527033
2023-06-13,-0.5487371483662417,HS,0.01,2.644469405980843,4.003718740527033
2023-06-14,0.5487371483662364,HS,0.01,2.644469405980843,4.003718740527033
2023-06-15,0.1277759463212647,HS,0.01,2.644469405980843,4.003718740527033
2023-06-16,0.0306407016705376,HS,0.01,2.644469405980843,4.003718740527033
2023-06-20,-1.1762134766634988,HS,0.01,2.644469405980843,4.003718740527033
2023-06-21,-0.1137278422884502,HS,0.01,2.644469405980843,4.003718740527033
2023-06-22,-1.071258172670636,HS,0.01,2.644469405980843,4.003718740527033
2023-06-23,0.3340482534468814,HS,0.01,2.644469405980843,4.003718740527033
2023-06-26,0.2394076127153564,HS,0.01,2.644469405980843,4.003718740527033
2023-06-27,-0.5055096516834761,HS,0.01,2.644469405980843,4.003718740527033
2023-06-28,-0.0888561410255391,HS,0.01,2.644469405980843,4.003718740527033
2023-06-29,-0.1622451046078489,HS,0.01,2.644469405980843,4.003718740527033
2023-06-30,0.6213645369454395,HS,0.01,2.644469405980843,4.003718740527033
2023-07-03,0.0312259603543151,HS,0.01,2.644469405980843,4.003718740527033
2023-07-05,-0.1093367263780203,HS,0.01,2.644469405980843,4.003718740527033
2023-07-06,-0.5694461811811972,HS,0.01,2.644469405980843,4.003718740527033
2023-07-07,0.9126768323334932,HS,0.01,2.644469405980843,4.003718740527033
2023-07-10,-0.0623157055421522,HS,0.01,2.644469405980843,4.003718740527033
2023-07-11,0.3267408839185718,HS,0.01,2.644469405980843,4.003718740527033
2023-07-12,1.2810414334619995,HS,0.01,2.644469405980843,4.003718740527033
2023-07-13,0.1532410819786124,HS,0.01,2.644469405980843,4.003718740527033
2023-07-14,0.0459278160234018,HS,0.01,2.644469405980843,4.003718740527033
2023-07-17,-0.3936082358076451,HS,0.01,2.644469405980843,4.003718740527033
2023-07-18,1.2622280219577664,HS,0.01,2.644469405980843,4.003718740527033
2023-07-19,0.0151742904597291,HS,0.01,2.644469405980843,4.003718740527033
2023-07-20,-0.4663169815610156,HS,0.01,2.644469405980843,4.003718740527033
2023-07-21,-0.2034278228194697,HS,0.01,2.644469405980843,4.003718740527033
2023-07-24,-0.2038424953129538,HS,0.01,2.644469405980843,4.003718740527033
2023-07-25,0.0917768138358643,HS,0.01,2.644469405980843,4.003718740527033
2023-07-26,0.3459707764402434,HS,0.01,2.644469405980843,4.003718740527033
2023-07-27,-1.2007399562659369,HS,0.01,2.644469405980843,4.003718740527033
2023-07-28,0.7680922504028945,HS,0.01,2.644469405980843,4.003718740527033
2023-07-31,0.5138771146053185,HS,0.01,2.644469405980843,4.003718740527033
2023-08-01,-1.5238610077067491,HS,0.01,2.644469405980843,4.003718740527033
2023-08-02,-0.1701826964249552,HS,0.01,2.644469405980843,4.003718740527033
2023-08-03,-0.2791144821277962,HS,0.01,2.644469405980843,4.003718740527033
2023-08-04,0.3926017871570145,HS,0.01,2.644469405980843,4.003718740527033
2023-08-07,-0.3149921596681774,HS,0.01,2.644469405980843,4.003718740527033
2023-08-08,-0.4873518808943379,HS,0.01,2.644469405980843,4.003718740527033
2023-08-09,-0.4531822404694159,HS,0.01,2.644469405980843,4.003718740527033
2023-08-10,-0.0522220486697309,HS,0.01,2.644469405980843,4.003718740527033
2023-08-11,-0.0783842425555493,HS,0.01,2.644469405980843,4.003718740527033
2023-08-14,-0.1203111863770946,HS,0.01,2.644469405980843,4.003718740527033
2023-08-15,-0.424850532184941,HS,0.01,2.644469405980843,4.003718740527033
2023-08-16,-0.3369678571619132,HS,0.01,2.644469405980843,4.003718740527033
2023-08-17,-0.634889183821112,HS,0.01,2.644469405980843,4.003718740527033
2023-08-18,0.1060951786910589,HS,0.01,2.644469405980843,4.003718740527033
2023-08-21,0.3810171935338446,HS,0.01,2.644469405980843,4.003718740527033
2023-08-22,0.1636000853602539,HS,0.01,2.644469405980843,4.003718740527033
2023-08-23,1.1586265785144558,HS,0.01,2.644469405980843,4.003718740527033
2023-08-24,-0.0156409848335913,HS,0.01,2.644469405980843,4.003718740527033
2023-08-25,-0.3708241118610018,HS,0.01,2.644469405980843,4.003718740527033
2023-08-28,0.3551870450310163,HS,0.01,2.644469405980843,4.003718740527033
2023-08-29,0.9651369784435556,HS,0.01,2.644469405980843,4.003718740527033
2023-08-30,0.4019820260445598,HS,0.01,2.644469405980843,4.003718740527033
2023-08-31,-0.3142358107314131,HS,0.01,2.644469405980843,4.003718740527033
2023-09-01,0.082521802323536,HS,0.01,2.644469405980843,4.003718740527033
2023-09-05,-0.703577535386759,HS,0.01,2.644469405980843,4.003718740527033
2023-09-06,-0.4214024777917077,HS,0.01,2.644469405980843,4.003718740527033
2023-09-07,-0.0312845757977861,HS,0.01,2.644469405980843,4.003718740527033
2023-09-08,0.0469263758101142,HS,0.01,2.644469405980843,4.003718740527033
2023-09-11,0.2550968049488467,HS,0.01,2.644469405980843,4.003718740527033
2023-09-12,-0.6258821711373876,HS,0.01,2.644469405980843,4.003718740527033
2023-09-13,-0.1151750325271196,HS,0.01,2.644469405980843,4.003718740527033
2023-09-14,0.0471328028319684,HS,0.01,2.644469405980843,4.003718740527033
2023-09-15,0.714714748905865,HS,0.01,2.644469405980843,4.003718740527033
2023-09-18,0.4046513576601789,HS,0.01,2.644469405980843,4.003718740527033
2023-09-19,0.0258832666127204,HS,0.01,2.644469405980843,4.003718740527033
2023-09-20,0.7014664451038297,HS,0.01,2.644469405980843,4.003718740527033
2023-09-21,-1.3661993139932882,HS,0.01,2.644469405980843,4.003718740527033
2023-09-22,0.3225343940292486,HS,0.01,2.644469405980843,4.003718740527033
2023-09-25,-0.4580980852414224,HS,0.01,2.644469405980843,4.003718740527033
2023-09-26,-0.8488367011878772,HS,0.01,2.644469405980843,4.003718740527033
2023-09-27,-1.5270736211994371,HS,0.01,2.644469405980843,4.003718740527033
2023-09-28,-0.6002135474614082,HS,0.01,2.644469405980843,4.003718740527033
2023-09-29,-0.6633460391607215,HS,0.01,2.644469405980843,4.003718740527033
2023-10-02,-0.9842104245885984,HS,0.01,2.644469405980843,4.003718740527033
2023-10-03,-0.2955195304593961,HS,0.01,2.644469405980843,4.003718740527033
2023-10-04,-0.3348786103828984,HS,0.01,2.644469405980843,4.003718740527033
2023-10-05,-0.1045376798357328,HS,0.01,2.644469405980843,4.003718740527033
2023-10-06,0.7458615173471331,HS,0.01,2.644469405980843,4.003718740527033
2023-10-09,1.049010847035107,HS,0.01,2.644469405980843,4.003718740527033
2023-10-10,0.6198645369741984,HS,0.01,2.644469405980843,4.003718740527033
2023-10-11,0.6320685606708135,HS,0.01,2.644469405980843,4.003718740527033
2023-10-12,-0.1870607909598343,HS,0.01,2.644469405980843,4.003718740527033
2023-10-13,3.060790174466398,HS,0.01,2.644469405980843,4.003718740527033
2023-10-16,-0.3274031158004244,HS,0.01,2.644469405980843,4.003718740527033
2023-10-17,0.0832496856667774,HS,0.01,2.644469405980843,4.003718740527033
2023-10-18,1.6813236521731816,HS,0.01,2.644469405980843,4.003718740527033
2023-10-19,0.6677383090401854,HS,0.01,2.644469405980843,4.003718740527033
2023-10-20,0.7137632114181282,HS,0.01,2.644469405980843,4.003718740527033
2023-10-23,-0.3132240155776103,HS,0.01,2.644469405980843,4.003718740527033
2023-10-24,-0.0658036018004734,HS,0.01,2.644469405980843,4.003718740527033
2023-10-25,0.4597000160347398,HS,0.01,2.644469405980843,4.003718740527033
2023-10-26,0.1561189672270591,HS,0.01,2.644469405980843,4.003718740527033
2023-10-27,0.0704273101122533,HS,0.01,2.644469405980843,4.003718740527033
2023-10-30,0.3814487522985262,HS,0.01,2.644469405980843,4.003718740527033
2023-10-31,-0.5525708674736282,HS,0.01,2.644469405980843,4.003718740527033
2023-11-01,-0.3229015088034683,HS,0.01,2.644469405980843,4.003718740527033
2023-11-02,0.3430498125606122,HS,0.01,2.644469405980843,4.003718740527033
2023-11-03,0.2967000466915511,HS,0.01,2.644469405980843,4.003718740527033
2023-11-06,-0.4983536766927965,HS,0.01,2.644469405980843,4.003718740527033
2023-11-07,-0.7496705490809967,HS,0.01,2.644469405980843,4.003718740527033
2023-11-08,-0.7809573743291399,HS,0.01,2.644469405980843,4.003718740527033
2023-11-09,0.6486705243964606,HS,0.01,2.644469405980843,4.003718740527033
2023-11-10,-1.621877893218127,HS,0.01,2.644469405980843,4.003718740527033
2023-11-13,0.6652779492155402,HS,0.01,2.644469405980843,4.003718740527033
2023-11-14,0.8343430595057661,HS,0.01,2.644469405980843,4.003718740527033
2023-11-15,-0.086696414395553,HS,0.01,2.644469405980843,4.003718740527033
2023-11-16,1.2069136779111171,HS,0.01,2.644469405980843,4.003718740527033
2023-11-17,-0.1160029800050582,HS,0.01,2.644469405980843,4.003718740527033
2023-11-20,-0.1970058216140758,HS,0.01,2.644469405980843,4.003718740527033
2023-11-21,1.0862615061766792,HS,0.01,2.644469405980843,4.003718740527033
2023-11-22,-0.395922248666503,HS,0.01,2.644469405980843,4.003718740527033
2023-11-24,0.5408630384414501,HS,0.01,2.644469405980843,4.003718740527033
2023-11-27,0.4783316372955455,HS,0.01,2.644469405980843,4.003718740527033
2023-11-28,1.3772846290545528,HS,0.01,2.644469405980843,4.003718740527033
2023-11-29,0.3621431258758112,HS,0.01,2.644469405980843,4.003718740527033
2023-11-30,-0.4406156206906349,HS,0.01,2.644469405980843,4.003718740527033
2023-12-01,1.6013593082084947,HS,0.01,2.644469405980843,4.003718740527033
2023-12-04,-2.2906437155782733,HS,0.01,2.644469405980843,4.003718740527033
2023-12-05,-0.2770483946805913,HS,0.01,2.644469405980843,4.003718740527033
2023-12-06,0.5927406833356961,HS,0.01,2.644469405980843,4.003718740527033
2023-12-07,-0.0295525360406161,HS,0.01,2.644469405980843,4.003718740527033
2023-12-08,-1.568969924387106,HS,0.01,2.644469405980843,4.003718740527033
2023-12-11,-1.021061033941788,HS,0.01,2.644469405980843,4.003718740527033
2023-12-12,-0.010109265866683,HS,0.01,2.644469405980843,4.003718740527033
2023-12-13,0.227267080423067,HS,0.01,2.644469405980843,4.003718740527033
2023-12-14,2.38764749712153,HS,0.01,2.644469405980843,4.003718740527033
2023-12-15,-0.4492380744304142,HS,0.01,2.644469405980843,4.003718740527033
2023-12-18,0.2569588413335528,HS,0.01,2.644469405980843,4.003718740527033
2023-12-19,0.5953704386447858,HS,0.01,2.644469405980843,4.003718740527033
2023-12-20,-0.191510991317096,HS,0.01,2.644469405980843,4.003718740527033
2023-12-21,0.2258433605997732,HS,0.01,2.644469405980843,4.003718740527033
2023-12-22,0.8788749383462259,HS,0.01,2.644469405980843,4.003718740527033
2023-12-26,0.0534519247083802,HS,0.01,2.644469405980843,4.003718740527033
2023-12-27,1.1449100696166308,HS,0.01,2.644469405980843,4.003718740527033
2023-12-28,-0.3850045843342173,HS,0.01,2.644469405980843,4.003718740527033
2023-12-29,-0.5560539696971308,HS,0.01,2.644469405980843,4.003718740527033
2024-01-02,0.096927413552285,HS,0.01,2.644469405980843,4.003718740527033
2024-01-03,-1.4736982781769346,HS,0.01,2.644469405980843,4.003718740527033
2024-01-04,0.3974050443617223,HS,0.01,2.644469405980843,4.003718740527033
2024-01-05,0.0048951249376952,HS,0.01,2.644469405980843,4.003718740527033
2024-01-08,-0.7766098913480239,HS,0.01,2.644469405980843,4.003718740527033
2024-01-09,-0.0098668231945362,HS,0.01,2.644469405980843,4.003718740527033
2024-01-10,-0.2322114267195562,HS,0.01,2.644469405980843,4.003718740527033
2024-01-11,-0.3666952743148285,HS,0.01,2.644469405980843,4.003718740527033
2024-01-12,1.5956951403282442,HS,0.01,2.644469405980843,4.003718740527033
2024-01-16,-1.0165310319773104,HS,0.01,2.644469405980843,4.003718740527033
2024-01-17,-1.161708172610901,HS,0.01,2.644469405980843,4.003718740527033
2024-01-18,0.7957865627687473,HS,0.01,2.644469405980843,4.003718740527033
2024-01-19,0.3905977358156148,HS,0.01,2.644469405980843,4.003718740527033
2024-01-22,-0.3311646301174294,HS,0.01,2.644469405980843,4.003718740527033
2024-01-23,0.1928974182280517,HS,0.01,2.644469405980843,4.003718740527033
2024-01-24,-0.4854342213876016,HS,0.01,2.644469405980843,4.003718740527033
2024-01-25,0.148853851225342,HS,0.01,2.644469405980843,4.003718740527033
2024-01-26,-0.0049570163444326,HS,0.01,2.644469405980843,4.003718740527033
2024-01-29,0.4156315901078261,HS,0.01,2.644469405980843,4.003718740527033
2024-01-30,0.3105999442300761,HS,0.01,2.644469405980843,4.003718740527033
2024-01-31,0.8284516486208303,HS,0.01,2.644469405980843,4.003718740527033
2024-02-01,0.2243185104943779,HS,0.01,2.644469405980843,4.003718740527033
2024-02-02,-0.8265936631712222,HS,0.01,2.644469405980843,4.003718740527033
2024-02-05,-0.5120905671782916,HS,0.01,2.644469405980843,4.003718740527033
2024-02-06,0.4334792726306237,HS,0.01,2.644469405980843,4.003718740527033
2024-02-07,0.0343981712251408,HS,0.01,2.644469405980843,4.003718740527033
2024-02-08,-0.1475144129439514,HS,0.01,2.644469405980843,4.003718740527033
2024-02-09,-0.4389060106493958,HS,0.01,2.644469405980843,4.003718740527033
2024-02-12,-0.2523865081532603,HS,0.01,2.644469405980843,4.003718740527033
2024-02-13,-1.2615124246704408,HS,0.01,2.644469405980843,4.003718740527033
2024-02-14,-0.1305470931603462,HS,0.01,2.644469405980843,4.003718740527033
2024-02-15,0.5911211825204105,HS,0.01,2.644469405980843,4.003718740527033
2024-02-16,0.4684094906416617,HS,0.01,2.644469405980843,4.003718740527033
2024-02-20,0.7922794599725028,HS,0.01,2.644469405980843,4.003718740527033
2024-02-21,-0.2568005317217988,HS,0.01,2.6420657233597753,3.794260217285383
2024-02-22,-0.128654033393718,HS,0.01,2.6420657233597753,3.794260217285383
2024-02-23,0.9314324420003008,HS,0.01,2.6420657233597753,3.794260217285383
2024-02-26,-0.4966682111913958,HS,0.01,2.6420657233597753,3.794260217285383
2024-02-27,0.2707693962003279,HS,0.01,2.6420657233597753,3.794260217285383
2024-02-28,-0.0491762980158615,HS,0.01,2.6420657233597753,3.794260217285383
2024-02-29,0.6227470697706523,HS,0.01,2.6420657233597753,3.794260217285383
2024-03-01,1.9939659139843433,HS,0.01,2.6420657233597753,3.794260217285383
2024-03-04,1.4650906546489963,HS,0.01,2.6420657233597753,3.794260217285383
2024-03-05,0.7433252615668022,HS,0.01,2.531335227985358,3.735906326902357
2024-03-06,0.784356635087546,HS,0.01,2.5194012874091487,3.51476449824305
2024-03-07,0.3574476839149819,HS,0.01,2.5194012874091487,3.51476449824305
2024-03-08,0.9500646655496024,HS,0.01,2.5194012874091487,3.51476449824305
2024-03-11,0.1788495240181465,HS,0.01,2.5155644526678667,3.4495665045746913
2024-03-12,-1.0177664197878151,HS,0.01,2.5155644526678667,3.4495665045746913
2024-03-13,0.6919166252700285,HS,0.01,2.5155644526678667,3.4495665045746913
2024-03-14,-0.571636381552069,HS,0.01,2.5155644526678667,3.4495665045746913
2024-03-15,-0.2638684542595182,HS,0.01,2.5155644526678667,3.4495665045746913
2024-03-18,0.1574758242870781,HS,0.01,2.5155644526678667,3.4495665045746913
2024-03-19,-0.2038408092312079,HS,0.01,2.5155644526678667,3.4495665045746913
2024-03-20,0.0741668725171895,HS,0.01,2.5155644526678667,3.4495665045746913
2024-03-21,1.128966261576579,HS,0.01,2.5155644526678667,3.4495665045746913
2024-03-22,-1.1196893703511956,HS,0.01,2.5155644526678667,3.4495665045746913
2024-03-25,0.7708478525094481,HS,0.01,2.5155644526678667,3.4495665045746913
2024-03-26,0.0367804712304893,HS,0.01,2.5155644526678667,3.4495665045746913
2024-03-27,0.6870990033479146,HS,0.01,2.5155644526678667,3.4495665045746913
2024-03-28,1.215977082804257,HS,0.01,2.5155644526678667,3.4495665045746913
2024-04-01,0.8576849575533693,HS,0.01,2.5155644526678667,3.4495665045746913
2024-04-02,1.089504940506698,HS,0.01,2.5155644526678667,3.4495665045746913
2024-04-03,1.4664135564459966,HS,0.01,2.5155644526678667,3.4495665045746913
2024-04-04,-0.2443644773025144,HS,0.01,2.5155644526678667,3.4495665045746913
2024-04-05,1.5993363911782323,HS,0.01,2.5155644526678667,3.4495665045746913
2024-04-08,0.2576546332762105,HS,0.01,2.5155644526678667,3.4495665045746913
2024-04-09,0.5047944048811654,HS,0.01,2.5155644526678667,3.4495665045746913
2024-04-10,-0.5948917440644637,HS,0.01,2.5155644526678667,3.4495665045746913
2024-04-11,1.075919796756191,HS,0.01,2.5155644526678667,3.4495665045746913
2024-04-12,0.0594312199089228,HS,0.01,2.5155644526678667,3.4495665045746913
2024-04-15,0.406612066202905,HS,0.01,2.5155644526678667,3.4495665045746913
2024-04-16,1.0511806622644015,HS,0.01,2.5155644526678667,3.4495665045746913
2024-04-17,-0.802108139040866,HS,0.01,2.5155644526678667,3.4495665045746913
2024-04-18,0.4459451082454631,HS,0.01,2.5155644526678667,3.4495665045746913
2024-04-19,0.6735379565596977,HS,0.01,2.5155644526678667,3.4495665045746913
2024-04-22,-2.7989800481359612,HS,0.01,2.5155644526678667,3.4495665045746913
2024-04-23,-0.1931372558694458,HS,0.01,2.5194012874091487,3.477535305542633
2024-04-24,-0.1375672460389939,HS,0.01,2.5194012874091487,3.477535305542633
2024-04-25,0.2277485793112752,HS,0.01,2.5194012874091487,3.477535305542633
2024-04-26,0.2143807319077468,HS,0.01,2.5194012874091487,3.477535305542633
2024-04-29,0.4529666146779776,HS,0.01,2.5194012874091487,3.477535305542633
2024-04-30,-2.329297954868033,HS,0.01,2.5194012874091487,3.477535305542633
2024-05-01,0.3702659409149452,HS,0.01,2.5194012874091487,3.477535305542633
2024-05-02,-0.030438616232441,HS,0.01,2.5194012874091487,3.477535305542633
2024-05-03,-0.0086969324572335,HS,0.01,2.5194012874091487,3.477535305542633
2024-05-06,0.978239943094232,HS,0.01,2.5194012874091487,3.477535305542633
2024-05-07,-0.2760589407145369,HS,0.01,2.5194012874091487,3.477535305542633
2024-05-08,-0.0691260612882343,HS,0.01,2.5194012874091487,3.477535305542633
2024-05-09,0.7964395898361993,HS,0.01,2.5194012874091487,3.477535305542633
2024-05-10,1.498089474872309,HS,0.01,2.5194012874091487,3.477535305542633
2024-05-13,-1.3267171767020014,HS,0.01,2.5194012874091487,3.477535305542633
2024-05-14,0.7378135479851928,HS,0.01,2.5194012874091487,3.477535305542633
2024-05-15,1.4888214910604234,HS,0.01,2.5194012874091487,3.477535305542633
2024-05-16,-0.3648776779096939,HS,0.01,2.5194012874091487,3.477535305542633
2024-05-17,1.3438686241467437,HS,0.01,2.5194012874091487,3.477535305542633
2024-05-20,0.895569503877859,HS,0.01,2.5194012874091487,3.477535305542633
2024-05-21,-0.5025116242057949,HS,0.01,2.5194012874091487,3.477535305542633
2024-05-22,-1.351119128257647,HS,0.01,2.5194012874091487,3.477535305542633
2024-05-23,-2.294667031813439,HS,0.01,2.5194012874091487,3.477535305542633
2024-05-24,-0.1071237381498803,HS,0.01,2.5194012874091487,3.477535305542633
2024-05-28,0.96849750810076,HS,0.01,2.5194012874091487,3.477535305542633
2024-05-29,-0.6346481676084355,HS,0.01,2.5194012874091487,3.477535305542633
2024-05-30,0.1110289464388048,HS,0.01,2.5194012874091487,3.477535305542633
2024-05-31,-0.857307357068379,HS,0.01,2.5194012874091487,3.477535305542633
2024-06-03,1.015115058545777,HS,0.01,2.5194012874091487,3.477535305542633
2024-06-04,-0.9032443941432378,HS,0.01,2.5194012874091487,3.477535305542633
2024-06-05,1.2223460620860391,HS,0.01,2.5194012874091487,3.477535305542633
2024-06-06,0.685801971176186,HS,0.01,2.5194012874091487,3.477535305542633
2024-06-07,-2.7849130615993234,HS,0.01,2.5194012874091487,3.477535305542633
2024-06-10,0.10839169709689,HS,0.01,2.531335227985358,3.5030049183308547
2024-06-11,-0.0086648974742449,HS,0.01,2.531335227985358,3.5030049183308547
2024-06-12,1.2275377571110555,HS,0.01,2.531335227985358,3.5030049183308547
2024-06-13,-1.5444010517410591,HS,0.01,2.531335227985358,3.5030049183308547
2024-06-14,1.3472849167638714,HS,0.01,2.531335227985358,3.5030049183308547
2024-06-17,-0.8182999621581656,HS,0.01,2.531335227985358,3.5030049183308547
2024-06-18,0.7753980763100304,HS,0.01,2.531335227985358,3.5030049183308547
2024-06-20,0.9991179448078678,HS,0.01,2.531335227985358,3.5030049183308547
2024-06-21,-1.6016849994939064,HS,0.01,2.531335227985358,3.5030049183308547
2024-06-24,0.5854053366742159,HS,0.01,2.531335227985358,3.5030049183308547
2024-06-25,-0.576763190651134,HS,0.01,2.531335227985358,3.5030049183308547
2024-06-26,-0.7539420565480928,HS,0.01,2.531335227985358,3.5030049183308547
2024-06-27,1.0943747042885628,HS,0.01,2.531335227985358,3.5030049183308547
2024-06-28,0.1375672460389905,HS,0.01,2.531335227985358,3.5030049183308547
2024-07-01,-0.004289885274544,HS,0.01,2.531335227985358,3.5030049183308547
2024-07-02,-0.1978281967874755,HS,0.01,2.531335227985358,3.5030049183308547
2024-07-03,1.571743658704651,HS,0.01,2.531335227985358,3.5030049183308547
2024-07-05,1.2088663472560883,HS,0.01,2.531335227985358,3.5030049183308547
2024-07-08,-1.403992502750996,HS,0.01,2.531335227985358,3.5030049183308547
2024-07-09,0.2078403578812869,HS,0.01,2.531335227985358,3.5030049183308547
2024-07-10,0.511374163037859,HS,0.01,2.531335227985358,3.5030049183308547
2024-07-11,1.7881513074975277,HS,0.01,2.531335227985358,3.5030049183308547
2024-07-12,-0.0414164429196259,HS,0.01,2.531335227985358,3.5030049183308547
2024-07-15,0.3680006850383179,HS,0.01,2.531335227985358,3.5030049183308547
2024-07-16,1.6171314917783013,HS,0.01,2.531335227985358,3.5030049183308547
2024-07-17,-0.309113301982428,HS,0.01,2.531335227985358,3.5030049183308547
2024-07-18,-0.1222842829709735,HS,0.01,2.531335227985358,3.5030049183308547
2024-07-19,-2.323049125293214,HS,0.01,2.531335227985358,3.5030049183308547
2024-07-22,-0.1462141252654495,HS,0.01,2.531335227985358,3.5030049183308547
2024-07-23,0.5253774082549602,HS,0.01,2.531335227985358,3.5030049183308547
2024-07-24,0.36115155414233,HS,0.01,2.531335227985358,3.5030049183308547
2024-07-25,-2.5771655108934746,HS,0.01,2.531335227985358,3.5030049183308547
2024-07-26,1.1877017079959726,HS,0.01,2.577814319389963,3.5030049183308547
2024-07-29,-0.1135077221973772,HS,0.01,2.577814319389963,3.5030049183308547
2024-07-30,1.1584493096314896,HS,0.01,2.577814319389963,3.5030049183308547
2024-07-31,0.8899986305409351,HS,0.01,2.577814319389963,3.5030049183308547
2024-08-01,0.3496866671419319,HS,0.01,2.577814319389963,3.5030049183308547
2024-08-02,-0.3826634135013617,HS,0.01,2.577814319389963,3.5030049183308547
2024-08-05,-0.994332279261066,HS,0.01,2.5306864194888696,3.2966500847464983
2024-08-06,-0.5260032745343862,HS,0.01,2.5306864194888696,3.2966500847464983
2024-08-07,0.058578222243603,HS,0.01,2.5306864194888696,3.2966500847464983
2024-08-08,1.3173648862206806,HS,0.01,2.5306864194888696,3.2966500847464983
2024-08-09,0.4078923886462572,HS,0.01,2.5306864194888696,3.2966500847464983
2024-08-12,1.2381322610815697,HS,0.01,2.5306864194888696,3.2966500847464983
2024-08-13,0.1744760725796685,HS,0.01,2.5306864194888696,3.2966500847464983
2024-08-14,-1.1129137775200022,HS,0.01,2.5306864194888696,3.2966500847464983
2024-08-15,0.5600503269123788,HS,0.01,2.5306864194888696,3.2966500847464983
2024-08-16,1.837804343675201,HS,0.01,2.5306864194888696,3.2966500847464983
2024-08-19,0.1279878215723032,HS,0.01,2.5306864194888696,3.2966500847464983
2024-08-20,0.3790074479647874,HS,0.01,2.5306864194888696,3.2966500847464983
2024-08-21,-0.1155506040310699,HS,0.01,2.5306864194888696,3.2966500847464983
2024-08-22,-1.18301867569216,HS,0.01,2.5306864194888696,3.2966500847464983
2024-08-23,1.1830186756921703,HS,0.01,2.5306864194888696,3.2966500847464983
2024-08-26,0.3700706198852698,HS,0.01,2.5306864194888696,3.2966500847464983
2024-08-27,-0.0675428115696949,HS,0.01,2.5306864194888696,3.2966500847464983
2024-08-28,-0.5979686942712076,HS,0.01,2.5306864194888696,3.2966500847464983
2024-08-29,0.9827580801596992,HS,0.01,2.5306864194888696,3.2966500847464983
2024-08-30,-1.2710561536922458,HS,0.01,2.5306864194888696,3.2966500847464983
2024-09-03,-0.1565161353524096,HS,0.01,2.5306864194888696,3.2966500847464983
2024-09-04,0.140469195620637,HS,0.01,2.5306864194888696,3.2966500847464983
2024-09-05,0.7193125924703407,HS,0.01,2.5306864194888696,3.2966500847464983
2024-09-06,-0.7152981683501989,HS,0.01,2.5306864194888696,3.2966500847464983
2024-09-09,0.332314631166116,HS,0.01,2.5306864194888696,3.2966500847464983
2024-09-10,0.4188195346663044,HS,0.01,2.5306864194888696,3.2966500847464983
2024-09-11,-0.0079592057221238,HS,0.01,2.5306864194888696,3.2966500847464983
2024-09-12,1.5444721969289847,HS,0.01,2.5306864194888696,3.2966500847464983
2024-09-13,1.1729349341314652,HS,0.01,2.5194012874091487,3.28546714206398
2024-09-16,-0.0348779085190971,HS,0.01,2.5194012874091487,3.28546714206398
2024-09-17,-0.625883189495714,HS,0.01,2.5194012874091487,3.28546714206398
2024-09-18,0.249266043134922,HS,0.01,2.5194012874091487,3.28546714206398
2024-09-19,0.6707160271705417,HS,0.01,2.5194012874091487,3.28546714206398
2024-09-20,1.225073519220459,HS,0.01,2.5194012874091487,3.28546714206398
2024-09-23,0.2516049581020544,HS,0.01,2.5194012874091487,3.28546714206398
2024-09-24,0.9360187860914404,HS,0.01,2.5194012874091487,3.28546714206398
2024-09-25,0.3012958044237874,HS,0.01,2.5194012874091487,3.28546714206398
2024-09-26,0.4015674633472966,HS,0.01,2.5194012874091487,3.28546714206398
2024-09-27,-0.963458348443632,HS,0.01,2.5194012874091487,3.28546714206398
2024-09-30,-0.3105809232568264,HS,0.01,2.5194012874091487,3.28546714206398
2024-10-01,1.176615388576509,HS,0.01,2.5194012874091487,3.28546714206398
2024-10-02,-0.7602005078805537,HS,0.01,2.5194012874091487,3.28546714206398
2024-10-03,0.3770601213994833,HS,0.01,2.5194012874091487,3.28546714206398
2024-10-04,-0.4261843753354774,HS,0.01,2.5194012874091487,3.28546714206398
2024-10-07,-0.0378028954542206,HS,0.01,2.5194012874091487,3.28546714206398
2024-10-08,-1.133136902967098,HS,0.01,2.5194012874091487,3.28546714206398
2024-10-09,-0.3447618814232795,HS,0.01,2.5194012874091487,3.28546714206398
2024-10-10,0.558685775053781,HS,0.01,2.5194012874091487,3.28546714206398
2024-10-11,1.4020160169731888,HS,0.01,2.5194012874091487,3.28546714206398
2024-10-14,-0.3694371660486623,HS,0.01,2.5194012874091487,3.28546714206398
2024-10-15,0.512313847150435,HS,0.01,2.5194012874091487,3.28546714206398
2024-10-16,0.4723215245810717,HS,0.01,2.5194012874091487,3.28546714206398
2024-10-17,0.6337393065017404,HS,0.01,2.5194012874091487,3.28546714206398
2024-10-18,0.840012761358353,HS,0.01,2.5194012874091487,3.28546714206398
2024-10-21,0.3457973722361968,HS,0.01,2.5194012874091487,3.28546714206398
2024-10-22,0.7718602631013913,HS,0.01,2.5194012874091487,3.28546714206398
2024-10-23,-1.091867720094922,HS,0.01,2.5194012874091487,3.28546714206398
2024-10-24,0.7523937915991553,HS,0.01,2.5194012874091487,3.28546714206398
2024-10-25,0.2191461563702766,HS,0.01,2.5194012874091487,3.28546714206398
2024-10-28,0.072942126259476,HS,0.01,2.5194012874091487,3.28546714206398
2024-10-29,0.9253781457162932,HS,0.01,2.5194012874091487,3.28546714206398
2024-10-30,0.7234316137240295,HS,0.01,2.5194012874091487,3.28546714206398
2024-10-31,-1.8166509123427008,HS,0.01,2.5194012874091487,3.28546714206398
2024-11-01,0.0109568851138485,HS,0.01,2.4724329328994603,3.0267025087070536
2024-11-04,-0.0913292083432016,HS,0.01,2.4724329328994603,3.0267025087070536
2024-11-05,0.1533836784366828,HS,0.01,2.4724329328994603,3.0267025087070536
2024-11-06,-2.688819289182318,HS,0.01,2.4724329328994603,3.0267025087070536
2024-11-07,1.1479740190580865,HS,0.01,2.5194012874091487,3.043655233779631
2024-11-08,-0.4047575121093911,HS,0.01,2.5194012874091487,3.043655233779631
2024-11-11,-2.88015263656269,HS,0.01,2.5194012874091487,3.043655233779631
2024-11-12,-0.4298422060717889,HS,0.01,2.5306864194888696,3.0786488040641897
2024-11-13,-0.741199771886598,HS,0.01,2.5306864194888696,3.0786488040641897
2024-11-14,-0.4894201906120731,HS,0.01,2.5306864194888696,3.0786488040641897
2024-11-15,-0.0973918559053458,HS,0.01,2.5306864194888696,3.0786488040641897
2024-11-18,1.7348790536743832,HS,0.01,2.5306864194888696,3.0786488040641897
2024-11-19,0.6300496006653572,HS,0.01,2.5306864194888696,3.0786488040641897
2024-11-20,0.7999532098494133,HS,0.01,2.5306864194888696,3.0786488040641897
2024-11-21,0.8984571185138248,HS,0.01,2.5306864194888696,3.0786488040641897
2024-11-22,1.404698113449777,HS,0.01,2.5306864194888696,3.0786488040641897
2024-11-25,-3.4959481903407377,HS,0.01,2.5306864194888696,3.0786488040641897
2024-11-26,0.1336617767776714,HS,0.01,2.5778336822074395,3.170527072008916
2024-11-27,0.7452166991228204,HS,0.01,2.5778336822074395,3.170527072008916
2024-11-29,0.6456666117155565,HS,0.01,2.5778336822074395,3.170527072008916
2024-12-02,-0.8352473231234763,HS,0.01,2.5778336822074395,3.170527072008916
2024-12-03,0.3712425318383127,HS,0.01,2.5778336822074395,3.170527072008916
2024-12-04,0.3434974654697664,HS,0.01,2.5778336822074395,3.170527072008916
2024-12-05,-1.0302322170881693,HS,0.01,2.5778336822074395,3.170527072008916
2024-12-06,0.4558239129528256,HS,0.01,2.5778336822074395,3.170527072008916
2024-12-09,0.991798633808684,HS,0.01,2.5778336822074395,3.170527072008916
2024-12-10,1.2196028210303025,HS,0.01,2.5778336822074395,3.170527072008916
2024-12-11,1.3330075570755335,HS,0.01,2.5778336822074395,3.170527072008916
2024-12-12,-1.7081207143532986,HS,0.01,2.5778336822074395,3.170527072008916
2024-12-13,-1.1790161839593785,HS,0.01,2.5778336822074395,3.170527072008916
2024-12-16,-0.173346606353259,HS,0.01,2.5778336822074395,3.170527072008916
2024-12-17,-0.264360600282425,HS,0.01,2.5778336822074395,3.170527072008916
2024-12-18,-0.299187955944324,HS,0.01,2.5778336822074395,3.170527072008916
2024-12-19,-1.6945362817807692,HS,0.01,2.5778336822074395,3.170527072008916
2024-12-20,1.398249166131256,HS,0.01,2.5778336822074395,3.170527072008916
2024-12-23,-0.6258330803749558,HS,0.01,2.5778336822074395,3.170527072008916
2024-12-24,0.294323974486273,HS,0.01,2.5778336822074395,3.170527072008916
2024-12-26,0.7149969097485895,HS,0.01,2.5778336822074395,3.170527072008916
2024-12-27,-0.8219261513672151,HS,0.01,2.5778336822074395,3.170527072008916
2024-12-30,-0.4250136932791705,HS,0.01,2.5778336822074395,3.170527072008916
2023-01-04,0.7095546441984838,HS,0.05,1.714252691608853,2.435036900434248
2023-01-05,-0.976252439712064,HS,0.05,1.714252691608853,2.435036900434248
2023-01-06,1.589647009927115,HS,0.05,1.714252691608853,2.435036900434248
2023-01-09,0.4549233258291232,HS,0.05,1.714252691608853,2.435036900434248
2023-01-10,-0.0587546745238274,HS,0.05,1.714252691608853,2.435036900434248
2023-01-11,0.1601623341199926,HS,0.05,1.714252691608853,2.435036900434248
2023-01-12,1.108736566761589,HS,0.05,1.714252691608853,2.435036900434248
2023-01-13,1.2008862043122857,HS,0.05,1.714252691608853,2.435036900434248
2023-01-17,-0.5855345730477272,HS,0.05,1.714252691608853,2.435036900434248
2023-01-18,-0.1469161128852995,HS,0.05,1.714252691608853,2.435036900434248
2023-01-19,0.9251314471138228,HS,0.05,1.714252691608853,2.435036900434248
2023-01-20,0.2234663176594187,HS,0.05,1.714252691608853,2.435036900434248
2023-01-23,0.0363280747150776,HS,0.05,1.714252691608853,2.435036900434248
2023-01-24,0.3522432457450443,HS,0.05,1.714252691608853,2.435036900434248
2023-01-25,0.3767611384967313,HS,0.05,1.714252691608853,2.435036900434248
2023-01-26,-0.6252753139314502,HS,0.05,1.714252691608853,2.435036900434248
2023-01-27,-0.0259221820840704,HS,0.05,1.714252691608853,2.435036900434248
2023-01-30,-0.2959862564306045,HS,0.05,1.714252691608853,2.435036900434248
2023-01-31,0.3426426124651446,HS,0.05,1.714252691608853,2.435036900434248
2023-02-01,-0.0881420299387641,HS,0.05,1.714252691608853,2.435036900434248
2023-02-02,-0.5983212723418652,HS,0.05,1.714252691608853,2.435036900434248
2023-02-03,-2.826184255379748,HS,0.05,1.714252691608853,2.435036900434248
2023-02-06,0.1769825234386303,HS,0.05,1.7227232792044846,2.4571078470271495
2023-02-07,0.2942831061813177,HS,0.05,1.7227232792044846,2.4571078470271495
2023-02-08,0.3040771209810025,HS,0.05,1.7227232792044846,2.4571078470271495
2023-02-09,-0.5983602271623308,HS,0.05,1.7227232792044846,2.4571078470271495
2023-02-10,-0.1823493315013401,HS,0.05,1.7227232792044846,2.4571078470271495
2023-02-13,-0.5868606069231898,HS,0.05,1.7227232792044846,2.4571078470271495
2023-02-14,0.1133314874589582,HS,0.05,1.7227232792044846,2.4571078470271495
2023-02-15,-1.07370746218953,HS,0.05,1.7227232792044846,2.4571078470271495
2023-02-16,0.4243545311346954,HS,0.05,1.7227232792044846,2.4571078470271495
2023-02-17,-0.0868985268310338,HS,0.05,1.7227232792044846,2.4571078470271495
2023-02-21,-0.402898370723679,HS,0.05,1.7227232792044846,2.4571078470271495
2023-02-22,-0.0545702605629464,HS,0.05,1.7227232792044846,2.4571078470271495
2023-02-23,-0.767127049665148,HS,0.05,1.7227232792044846,2.4571078470271495
2023-02-24,-0.5073326778902653,HS,0.05,1.7227232792044846,2.4571078470271495
2023-02-27,0.4523120437649741,HS,0.05,1.7227232792044846,2.4571078470271495
2023-02-28,0.6527917163400628,HS,0.05,1.7227232792044846,2.4571078470271495
2023-03-01,0.4800056571569328,HS,0.05,1.7227232792044846,2.4571078470271495
2023-03-02,-0.2288054619760342,HS,0.05,1.7227232792044846,2.4571078470271495
2023-03-03,0.7714887423290702,HS,0.05,1.7227232792044846,2.4571078470271495
2023-03-06,0.0108276460496213,HS,0.05,1.7227232792044846,2.4571078470271495
2023-03-07,-1.85706355718125,HS,0.05,1.7227232792044846,2.4571078470271495
2023-03-08,-0.0661817291164826,HS,0.05,1.7245176514201632,2.4597618382681508
2023-03-09,0.9115987157307688,HS,0.05,1.7245176514201632,2.4597618382681508
2023-03-10,1.7717772147514534,HS,0.05,1.7245176514201632,2.4597618382681508
2023-03-13,2.6341694156230084,HS,0.05,1.7245176514201632,2.4597618382681508
2023-03-14,-0.2881167105143215,HS,0.05,1.7245176514201632,2.4597618382681508
2023-03-15,1.0645072763326822,HS,0.05,1.7245176514201632,2.4597618382681508
2023-03-16,-0.3952561643726087,HS,0.05,1.7245176514201632,2.4597618382681508
2023-03-17,2.6127822516268666,HS,0.05,1.7245176514201632,2.4597618382681508
2023-03-20,0.4760658443617601,HS,0.05,1.7245176514201632,2.4597618382681508
2023-03-21,-2.103618451687445,HS,0.05,1.7245176514201632,2.4597618382681508
2023-03-22,0.4530510589810312,HS,0.05,1.727676170739433,2.467285464883684
2023-03-23,2.3855366038062704,HS,0.05,1.727676170739433,2.467285464883684
2023-03-24,-0.5885513691905921,HS,0.05,1.727676170739433,2.467285464883684
2023-03-27,-1.5097478869044785,HS,0.05,1.727676170739433,2.467285464883684
2023-03-28,1.0191690210182351,HS,0.05,1.727676170739433,2.467285464883684
2023-03-29,-0.3199215031879452,HS,0.05,1.727676170739433,2.467285464883684
2023-03-30,0.7196500323830661,HS,0.05,1.727676170739433,2.467285464883684
2023-03-31,-0.5722573380642285,HS,0.05,1.727676170739433,2.467285464883684
2023-04-03,0.7538817015696077,HS,0.05,1.727676170739433,2.467285464883684
2023-04-04,1.9121386856435452,HS,0.05,1.727676170739433,2.467285464883684
2023-04-05,-0.0643034706267317,HS,0.05,1.727676170739433,2.467285464883684
2023-04-06,-0.4463407474970126,HS,0.05,1.727676170739433,2.467285464883684
2023-04-10,-1.1397298492928634,HS,0.05,1.727676170739433,2.467285464883684
2023-04-11,0.7862066660321816,HS,0.05,1.727676170739433,2.467285464883684
2023-04-12,0.3038065675472636,HS,0.05,1.727676170739433,2.467285464883684
2023-04-13,1.5004488526765063,HS,0.05,1.727676170739433,2.467285464883684
2023-04-14,-1.9340332101503832,HS,0.05,1.727676170739433,2.467285464883684
2023-04-17,-0.4003608688523414,HS,0.05,1.7322521853578858,2.4713217667370144
2023-04-18,0.6597421632108531,HS,0.05,1.7322521853578858,2.4713217667370144
2023-04-19,-0.6096093088757149,HS,0.05,1.7322521853578858,2.4713217667370144
2023-04-20,0.6195695166983959,HS,0.05,1.7322521853578858,2.4713217667370144
2023-04-21,-1.4095679073773075,HS,0.05,1.7322521853578858,2.4713217667370144
2023-04-24,0.4837975290905525,HS,0.05,1.7322521853578858,2.4713217667370144
2023-04-25,0.2460408684692785,HS,0.05,1.7322521853578858,2.4713217667370144
2023-04-26,-0.4171199318677286,HS,0.05,1.7322521853578858,2.4713217667370144
2023-04-27,0.2112926265503246,HS,0.05,1.7322521853578858,2.4713217667370144
2023-04-28,0.0100477975901019,HS,0.05,1.7322521853578858,2.4713217667370144
2023-05-01,-0.3372320383288464,HS,0.05,1.7322521853578858,2.4713217667370144
2023-05-02,1.5459208663897124,HS,0.05,1.7322521853578858,2.4713217667370144
2023-05-03,0.7074123181844181,HS,0.05,1.7322521853578858,2.4713217667370144
2023-05-04,0.9517819252434988,HS,0.05,1.7322521853578858,2.4713217667370144
2023-05-05,-1.50541414369174,HS,0.05,1.7322521853578858,2.4713217667370144
2023-05-08,0.440192824598679,HS,0.05,1.7322521853578858,2.4713217667370144
2023-05-09,0.4873807724603167,HS,0.05,1.7322521853578858,2.4713217667370144
2023-05-10,-0.2803233566718522,HS,0.05,1.7322521853578858,2.4713217667370144
2023-05-11,-0.7811791440417504,HS,0.05,1.7322521853578858,2.4713217667370144
2023-05-12,-0.0099251054533082,HS,0.05,1.7322521853578858,2.4713217667370144
2023-05-15,0.1735896282152275,HS,0.05,1.7322521853578858,2.4713217667370144
2023-05-16,-1.4776614414791789,HS,0.05,1.7322521853578858,2.4713217667370144
2023-05-17,-0.3880014587498261,HS,0.05,1.7322521853578858,2.4713217667370144
2023-05-18,-1.2293130260797065,HS,0.05,1.7322521853578858,2.4713217667370144
2023-05-19,1.1282876071055623,HS,0.05,1.7322521853578858,2.4713217667370144
2023-05-22,-0.1972886611210169,HS,0.05,1.7322521853578858,2.4713217667370144
2023-05-23,-0.1216064382496189,HS,0.05,1.7322521853578858,2.4713217667370144
2023-05-24,-0.4879037635297988,HS,0.05,1.7322521853578858,2.4713217667370144
2023-05-25,-1.0087426800028507,HS,0.05,1.7322521853578858,2.4713217667370144
2023-05-26,0.0514509176076067,HS,0.05,1.7322521853578858,2.4713217667370144
2023-05-30,0.7124411621889729,HS,0.05,1.7322521853578858,2.4713217667370144
2023-05-31,0.3008760462139833,HS,0.05,1.7322521853578858,2.4713217667370144
2023-06-01,0.7153928630061794,HS,0.05,1.7322521853578858,2.4713217667370144
2023-06-02,-1.3026835665023309,HS,0.05,1.7322521853578858,2.4713217667370144
2023-06-05,0.2864146572821607,HS,0.05,1.7322521853578858,2.4713217667370144
2023-06-06,0.3823121771459306,HS,0.05,1.7322521853578858,2.4713217667370144
2023-06-07,-1.1667932951336448,HS,0.05,1.7322521853578858,2.4713217667370144
2023-06-08,1.0700777840001092,HS,0.05,1.7322521853578858,2.4713217667370144
2023-06-09,-0.0713242905666815,HS,0.05,1.7322521853578858,2.4713217667370144
2023-06-12,-0.3522608540493114,HS,0.05,1.7322521853578858,2.4713217667370144
2023-06-13,-0.5487371483662417,HS,0.05,1.7322521853578858,2.4713217667370144
2023-06-14,0.5487371483662364,HS,0.05,1.7322521853578858,2.4713217667370144
2023-06-15,0.1277759463212647,HS,0.05,1.7322521853578858,2.4713217667370144
2023-06-16,0.0306407016705376,HS,0.05,1.7322521853578858,2.4713217667370144
2023-06-20,-1.1762134766634988,HS,0.05,1.7322521853578858,2.4713217667370144
2023-06-21,-0.1137278422884502,HS,0.05,1.7322521853578858,2.4713217667370144
2023-06-22,-1.071258172670636,HS,0.05,1.7322521853578858,2.4713217667370144
2023-06-23,0.3340482534468814,HS,0.05,1.7322521853578858,2.4713217667370144
2023-06-26,0.2394076127153564,HS,0.05,1.7322521853578858,2.4713217667370144
2023-06-27,-0.5055096516834761,HS,0.05,1.7322521853578858,2.4713217667370144
2023-06-28,-0.0888561410255391,HS,0.05,1.7322521853578858,2.4713217667370144
2023-06-29,-0.1622451046078489,HS,0.05,1.7322521853578858,2.4713217667370144
2023-06-30,0.6213645369454395,HS,0.05,1.7322521853578858,2.4713217667370144
2023-07-03,0.0312259603543151,HS,0.05,1.7322521853578858,2.4713217667370144
2023-07-05,-0.1093367263780203,HS,0.05,1.7322521853578858,2.4713217667370144
2023-07-06,-0.5694461811811972,HS,0.05,1.7322521853578858,2.4713217667370144
2023-07-07,0.9126768323334932,HS,0.05,1.7322521853578858,2.4713217667370144
2023-07-10,-0.0623157055421522,HS,0.05,1.7322521853578858,2.4713217667370144
2023-07-11,0.3267408839185718,HS,0.05,1.7322521853578858,2.4713217667370144
2023-07-12,1.2810414334619995,HS,0.05,1.7322521853578858,2.4713217667370144
2023-07-13,0.1532410819786124,HS,0.05,1.7322521853578858,2.4713217667370144
2023-07-14,0.0459278160234018,HS,0.05,1.7322521853578858,2.4713217667370144
2023-07-17,-0.3936082358076451,HS,0.05,1.7322521853578858,2.4713217667370144
2023-07-18,1.2622280219577664,HS,0.05,1.7322521853578858,2.4713217667370144
2023-07-19,0.0151742904597291,HS,0.05,1.7322521853578858,2.4713217667370144
2023-07-20,-0.4663169815610156,HS,0.05,1.7322521853578858,2.4713217667370144
2023-07-21,-0.2034278228194697,HS,0.05,1.7322521853578858,2.4713217667370144
2023-07-24,-0.2038424953129538,HS,0.05,1.7322521853578858,2.4713217667370144
2023-07-25,0.0917768138358643,HS,0.05,1.7322521853578858,2.4713217667370144
2023-07-26,0.3459707764402434,HS,0.05,1.7322521853578858,2.4713217667370144
2023-07-27,-1.2007399562659369,HS,0.05,1.7322521853578858,2.4713217667370144
2023-07-28,0.7680922504028945,HS,0.05,1.7322521853578858,2.4713217667370144
2023-07-31,0.5138771146053185,HS,0.05,1.7322521853578858,2.4713217667370144
2023-08-01,-1.5238610077067491,HS,0.05,1.7322521853578858,2.4713217667370144
2023-08-02,-0.1701826964249552,HS,0.05,1.7322521853578858,2.4713217667370144
2023-08-03,-0.2791144821277962,HS,0.05,1.7322521853578858,2.4713217667370144
2023-08-04,0.3926017871570145,HS,0.05,1.7322521853578858,2.4713217667370144
2023-08-07,-0.3149921596681774,HS,0.05,1.7322521853578858,2.4713217667370144
2023-08-08,-0.4873518808943379,HS,0.05,1.7322521853578858,2.4713217667370144
2023-08-09,-0.4531822404694159,HS,0.05,1.7322521853578858,2.4713217667370144
2023-08-10,-0.0522220486697309,HS,0.05,1.7322521853578858,2.4713217667370144
2023-08-11,-0.0783842425555493,HS,0.05,1.7322521853578858,2.4713217667370144
2023-08-14,-0.1203111863770946,HS,0.05,1.7322521853578858,2.4713217667370144
2023-08-15,-0.424850532184941,HS,0.05,1.7322521853578858,2.4713217667370144
2023-08-16,-0.3369678571619132,HS,0.05,1.7322521853578858,2.4713217667370144
2023-08-17,-0.634889183821112,HS,0.05,1.7322521853578858,2.4713217667370144
2023-08-18,0.1060951786910589,HS,0.05,1.7322521853578858,2.4713217667370144
2023-08-21,0.3810171935338446,HS,0.05,1.7322521853578858,2.4713217667370144
2023-08-22,0.1636000853602539,HS,0.05,1.7322521853578858,2.4713217667370144
2023-08-23,1.1586265785144558,HS,0.05,1.7322521853578858,2.4713217667370144
2023-08-24,-0.0156409848335913,HS,0.05,1.7322521853578858,2.4713217667370144
2023-08-25,-0.3708241118610018,HS,0.05,1.7322521853578858,2.4713217667370144
2023-08-28,0.3551870450310163,HS,0.05,1.727676170739433,2.4604280381660435
2023-08-29,0.9651369784435556,HS,0.05,1.727676170739433,2.4604280381660435
2023-08-30,0.4019820260445598,HS,0.05,1.727676170739433,2.4604280381660435
2023-08-31,-0.3142358107314131,HS,0.05,1.727676170739433,2.4604280381660435
2023-09-01,0.082521802323536,HS,0.05,1.727676170739433,2.4604280381660435
2023-09-05,-0.703577535386759,HS,0.05,1.727676170739433,2.4604280381660435
2023-09-06,-0.4214024777917077,HS,0.05,1.727676170739433,2.4604280381660435
2023-09-07,-0.0312845757977861,HS,0.05,1.727676170739433,2.4604280381660435
2023-09-08,0.0469263758101142,HS,0.05,1.727676170739433,2.4604280381660435
2023-09-11,0.2550968049488467,HS,0.05,1.727676170739433,2.4604280381660435
2023-09-12,-0.6258821711373876,HS,0.05,1.727676170739433,2.4604280381660435
2023-09-13,-0.1151750325271196,HS,0.05,1.727676170739433,2.4604280381660435
2023-09-14,0.0471328028319684,HS,0.05,1.727676170739433,2.4604280381660435
2023-09-15,0.714714748905865,HS,0.05,1.727676170739433,2.4604280381660435
2023-09-18,0.4046513576601789,HS,0.05,1.7228769354934643,2.4587522576105876
2023-09-19,0.0258832666127204,HS,0.05,1.7228769354934643,2.4587522576105876
2023-09-20,0.7014664451038297,HS,0.05,1.7228769354934643,2.4587522576105876
2023-09-21,-1.3661993139932882,HS,0.05,1.714252691608853,2.448140994099157
2023-09-22,0.3225343940292486,HS,0.05,1.714252691608853,2.448140994099157
2023-09-25,-0.4580980852414224,HS,0.05,1.714252691608853,2.448140994099157
2023-09-26,-0.8488367011878772,HS,0.05,1.714252691608853,2.448140994099157
2023-09-27,-1.5270736211994371,HS,0.05,1.714252691608853,2.448140994099157
2023-09-28,-0.6002135474614082,HS,0.05,1.714252691608853,2.448140994099157
2023-09-29,-0.6633460391607215,HS,0.05,1.714252691608853,2.448140994099157
2023-10-02,-0.9842104245885984,HS,0.05,1.714252691608853,2.448140994099157
2023-10-03,-0.2955195304593961,HS,0.05,1.714252691608853,2.448140994099157
2023-10-04,-0.3348786103828984,HS,0.05,1.714252691608853,2.448140994099157
2023-10-05,-0.1045376798357328,HS,0.05,1.714252691608853,2.448140994099157
2023-10-06,0.7458615173471331,HS,0.05,1.714252691608853,2.448140994099157
2023-10-09,1.049010847035107,HS,0.05,1.714252691608853,2.448140994099157
2023-10-10,0.6198645369741984,HS,0.05,1.714252691608853,2.448140994099157
2023-10-11,0.6320685606708135,HS,0.05,1.714252691608853,2.448140994099157
2023-10-12,-0.1870607909598343,HS,0.05,1.714252691608853,2.448140994099157
2023-10-13,3.060790174466398,HS,0.05,1.714252691608853,2.448140994099157
2023-10-16,-0.3274031158004244,HS,0.05,1.714252691608853,2.448140994099157
2023-10-17,0.0832496856667774,HS,0.05,1.714252691608853,2.448140994099157
2023-10-18,1.6813236521731816,HS,0.05,1.714252691608853,2.448140994099157
2023-10-19,0.6677383090401854,HS,0.05,1.714252691608853,2.448140994099157
2023-10-20,0.7137632114181282,HS,0.05,1.714252691608853,2.448140994099157
2023-10-23,-0.3132240155776103,HS,0.05,1.714252691608853,2.448140994099157
2023-10-24,-0.0658036018004734,HS,0.05,1.714252691608853,2.448140994099157
2023-10-25,0.4597000160347398,HS,0.05,1.714252691608853,2.448140994099157
2023-10-26,0.1561189672270591,HS,0.05,1.714252691608853,2.448140994099157
2023-10-27,0.0704273101122533,HS,0.05,1.709370326817211,2.446013713752805
2023-10-30,0.3814487522985262,HS,0.05,1.709370326817211,2.446013713752805
2023-10-31,-0.5525708674736282,HS,0.05,1.6955125102085111,2.444993802480459
2023-11-01,-0.3229015088034683,HS,0.05,1.6955125102085111,2.444993802480459
2023-11-02,0.3430498125606122,HS,0.05,1.6955125102085111,2.444993802480459
2023-11-03,0.2967000466915511,HS,0.05,1.6955125102085111,2.444993802480459
2023-11-06,-0.4983536766927965,HS,0.05,1.6955125102085111,2.444993802480459
2023-11-07,-0.7496705490809967,HS,0.05,1.6955125102085111,2.444993802480459
2023-11-08,-0.7809573743291399,HS,0.05,1.6955125102085111,2.444993802480459
2023-11-09,0.6486705243964606,HS,0.05,1.6955125102085111,2.444993802480459
2023-11-10,-1.621877893218127,HS,0.05,1.6955125102085111,2.444993802480459
2023-11-13,0.6652779492155402,HS,0.05,1.6955125102085111,2.444993802480459
2023-11-14,0.8343430595057661,HS,0.05,1.6955125102085111,2.444993802480459
2023-11-15,-0.086696414395553,HS,0.05,1.6955125102085111,2.444993802480459
2023-11-16,1.2069136779111171,HS,0.05,1.6955125102085111,2.444993802480459
2023-11-17,-0.1160029800050582,HS,0.05,1.6955125102085111,2.444993802480459
2023-11-20,-0.1970058216140758,HS,0.05,1.6955125102085111,2.444993802480459
2023-11-21,1.0862615061766792,HS,0.05,1.6955125102085111,2.444993802480459
2023-11-22,-0.395922248666503,HS,0.05,1.6955125102085111,2.444993802480459
2023-11-24,0.5408630384414501,HS,0.05,1.6955125102085111,2.444993802480459
2023-11-27,0.4783316372955455,HS,0.05,1.6955125102085111,2.444993802480459
2023-11-28,1.3772846290545528,HS,0.05,1.6955125102085111,2.444993802480459
2023-11-29,0.3621431258758112,HS,0.05,1.6955125102085111,2.444993802480459
2023-11-30,-0.4406156206906349,HS,0.05,1.6955125102085111,2.444993802480459
2023-12-01,1.6013593082084947,HS,0.05,1.6955125102085111,2.444993802480459
2023-12-04,-2.2906437155782733,HS,0.05,1.6955125102085111,2.444993802480459
2023-12-05,-0.2770483946805913,HS,0.05,1.709370326817211,2.4566239450865344
2023-12-06,0.5927406833356961,HS,0.05,1.709370326817211,2.4566239450865344
2023-12-07,-0.0295525360406161,HS,0.05,1.709370326817211,2.4566239450865344
2023-12-08,-1.568969924387106,HS,0.05,1.709370326817211,2.4566239450865344
2023-12-11,-1.021061033941788,HS,0.05,1.709370326817211,2.4566239450865344
2023-12-12,-0.010109265866683,HS,0.05,1.709370326817211,2.4566239450865344
2023-12-13,0.227267080423067,HS,0.05,1.709370326817211,2.4566239450865344
2023-12-14,2.38764749712153,HS,0.05,1.709370326817211,2.4566239450865344
2023-12-15,-0.4492380744304142,HS,0.05,1.709370326817211,2.4566239450865344
2023-12-18,0.2569588413335528,HS,0.05,1.709370326817211,2.4566239450865344
2023-12-19,0.5953704386447858,HS,0.05,1.709370326817211,2.4566239450865344
2023-12-20,-0.191510991317096,HS,0.05,1.709370326817211,2.4566239450865344
2023-12-21,0.2258433605997732,HS,0.05,1.709370326817211,2.4566239450865344
2023-12-22,0.8788749383462259,HS,0.05,1.709370326817211,2.4566239450865344
2023-12-26,0.0534519247083802,HS,0.05,1.709370326817211,2.4566239450865344
2023-12-27,1.1449100696166308,HS,0.05,1.709370326817211,2.4566239450865344
2023-12-28,-0.3850045843342173,HS,0.05,1.709370326817211,2.4566239450865344
2023-12-29,-0.5560539696971308,HS,0.05,1.709370326817211,2.4566239450865344
2024-01-02,0.096927413552285,HS,0.05,1.709370326817211,2.4566239450865344
2024-01-03,-1.4736982781769346,HS,0.05,1.709370326817211,2.4566239450865344
2024-01-04,0.3974050443617223,HS,0.05,1.709370326817211,2.4566239450865344
2024-01-05,0.0048951249376952,HS,0.05,1.709370326817211,2.4566239450865344
2024-01-08,-0.7766098913480239,HS,0.05,1.709370326817211,2.4566239450865344
2024-01-09,-0.0098668231945362,HS,0.05,1.709370326817211,2.4566239450865344
2024-01-10,-0.2322114267195562,HS,0.05,1.709370326817211,2.4566239450865344
2024-01-11,-0.3666952743148285,HS,0.05,1.709370326817211,2.4566239450865344
2024-01-12,1.5956951403282442,HS,0.05,1.709370326817211,2.4566239450865344
2024-01-16,-1.0165310319773104,HS,0.05,1.709370326817211,2.4566239450865344
2024-01-17,-1.161708172610901,HS,0.05,1.709370326817211,2.4566239450865344
2024-01-18,0.7957865627687473,HS,0.05,1.709370326817211,2.4566239450865344
2024-01-19,0.3905977358156148,HS,0.05,1.709370326817211,2.4566239450865344
2024-01-22,-0.3311646301174294,HS,0.05,1.709370326817211,2.4566239450865344
2024-01-23,0.1928974182280517,HS,0.05,1.709370326817211,2.4566239450865344
2024-01-24,-0.4854342213876016,HS,0.05,1.709370326817211,2.4566239450865344
2024-01-25,0.148853851225342,HS,0.05,1.709370326817211,2.4566239450865344
2024-01-26,-0.0049570163444326,HS,0.05,1.6955125102085111,2.456530448469454
2024-01-29,0.4156315901078261,HS,0.05,1.6955125102085111,2.456530448469454
2024-01-30,0.3105999442300761,HS,0.05,1.6955125102085111,2.456530448469454
2024-01-31,0.8284516486208303,HS,0.05,1.6955125102085111,2.456530448469454
2024-02-01,0.2243185104943779,HS,0.05,1.6955125102085111,2.456530448469454
2024-02-02,-0.8265936631712222,HS,0.05,1.6955125102085111,2.456530448469454
2024-02-05,-0.5120905671782916,HS,0.05,1.6955125102085111,2.456530448469454
2024-02-06,0.4334792726306237,HS,0.05,1.6955125102085111,2.456530448469454
2024-02-07,0.0343981712251408,HS,0.05,1.6955125102085111,2.456530448469454
2024-02-08,-0.1475144129439514,HS,0.05,1.6955125102085111,2.456530448469454
2024-02-09,-0.4389060106493958,HS,0.05,1.6955125102085111,2.456530448469454
2024-02-12,-0.2523865081532603,HS,0.05,1.6955125102085111,2.456530448469454
2024-02-13,-1.2615124246704408,HS,0.05,1.6955125102085111,2.456530448469454
2024-02-14,-0.1305470931603462,HS,0.05,1.6955125102085111,2.456530448469454
2024-02-15,0.5911211825204105,HS,0.05,1.6955125102085111,2.456530448469454
2024-02-16,0.4684094906416617,HS,0.05,1.6955125102085111,2.456530448469454
2024-02-20,0.7922794599725028,HS,0.05,1.6955125102085111,2.456530448469454
2024-02-21,-0.2568005317217988,HS,0.05,1.693607455561463,2.3956550000478463
2024-02-22,-0.128654033393718,HS,0.05,1.693607455561463,2.3956550000478463
2024-02-23,0.9314324420003008,HS,0.05,1.693607455561463,2.3956550000478463
2024-02-26,-0.4966682111913958,HS,0.05,1.693607455561463,2.3956550000478463
2024-02-27,0.2707693962003279,HS,0.05,1.693607455561463,2.3956550000478463
2024-02-28,-0.0491762980158615,HS,0.05,1.693607455561463,2.3956550000478463
2024-02-29,0.6227470697706523,HS,0.05,1.693607455561463,2.3956550000478463
2024-03-01,1.9939659139843433,HS,0.05,1.693607455561463,2.3956550000478463
2024-03-04,1.4650906546489963,HS,0.05,1.693607455561463,2.3956550000478463
2024-03-05,0.7433252615668022,HS,0.05,1.6907102388294253,2.3650141933473456
2024-03-06,0.784356635087546,HS,0.05,1.6623001016750854,2.3039927098329747
2024-03-07,0.3574476839149819,HS,0.05,1.6557918813778738,2.297495602445671
2024-03-08,0.9500646655496024,HS,0.05,1.6557918813778738,2.297495602445671
2024-03-11,0.1788495240181465,HS,0.05,1.6461983853603774,2.267180715515427
2024-03-12,-1.0177664197878151,HS,0.05,1.6461983853603774,2.267180715515427
2024-03-13,0.6919166252700285,HS,0.05,1.6461983853603774,2.267180715515427
2024-03-14,-0.571636381552069,HS,0.05,1.6461983853603774,2.267180715515427
2024-03-15,-0.2638684542595182,HS,0.05,1.6461983853603774,2.267180715515427
2024-03-18,0.1574758242870781,HS,0.05,1.641936035855591,2.266198953894042
2024-03-19,-0.2038408092312079,HS,0.05,1.641936035855591,2.266198953894042
2024-03-20,0.0741668725171895,HS,0.05,1.641936035855591,2.266198953894042
2024-03-21,1.128966261576579,HS,0.05,1.641936035855591,2.266198953894042
2024-03-22,-1.1196893703511956,HS,0.05,1.622870875779734,2.2508626917445143
2024-03-25,0.7708478525094481,HS,0.05,1.622870875779734,2.2508626917445143
2024-03-26,0.0367804712304893,HS,0.05,1.622870875779734,2.2508626917445143
2024-03-27,0.6870990033479146,HS,0.05,1.622870875779734,2.2508626917445143
2024-03-28,1.215977082804257,HS,0.05,1.622870875779734,2.2508626917445143
2024-04-01,0.8576849575533693,HS,0.05,1.622870875779734,2.2508626917445143
2024-04-02,1.089504940506698,HS,0.05,1.622870875779734,2.2508626917445143
2024-04-03,1.4664135564459966,HS,0.05,1.622870875779734,2.2508626917445143
2024-04-04,-0.2443644773025144,HS,0.05,1.622870875779734,2.2508626917445143
2024-04-05,1.5993363911782323,HS,0.05,1.622870875779734,2.2508626917445143
2024-04-08,0.2576546332762105,HS,0.05,1.605177930499301,2.2494293510219263
2024-04-09,0.5047944048811654,HS,0.05,1.605177930499301,2.2494293510219263
2024-04-10,-0.5948917440644637,HS,0.05,1.601130122947949,2.2449116888302267
2024-04-11,1.075919796756191,HS,0.05,1.601130122947949,2.2449116888302267
2024-04-12,0.0594312199089228,HS,0.05,1.601130122947949,2.2449116888302267
2024-04-15,0.406612066202905,HS,0.05,1.601130122947949,2.2449116888302267
2024-04-16,1.0511806622644015,HS,0.05,1.601130122947949,2.2449116888302267
2024-04-17,-0.802108139040866,HS,0.05,1.601130122947949,2.2449116888302267
2024-04-18,0.4459451082454631,HS,0.05,1.601130122947949,2.2449116888302267
2024-04-19,0.6735379565596977,HS,0.05,1.601130122947949,2.2449116888302267
2024-04-22,-2.7989800481359612,HS,0.05,1.601130122947949,2.2449116888302267
2024-04-23,-0.1931372558694458,HS,0.05,1.605177930499301,2.2688053100910848
2024-04-24,-0.1375672460389939,HS,0.05,1.605177930499301,2.2688053100910848
2024-04-25,0.2277485793112752,HS,0.05,1.605177930499301,2.2688053100910848
2024-04-26,0.2143807319077468,HS,0.05,1.605177930499301,2.2688053100910848
2024-04-29,0.4529666146779776,HS,0.05,1.605177930499301,2.2688053100910848
2024-04-30,-2.329297954868033,HS,0.05,1.605177930499301,2.2688053100910848
2024-05-01,0.3702659409149452,HS,0.05,1.622870875779734,2.282953711324083
2024-05-02,-0.030438616232441,HS,0.05,1.622870875779734,2.282953711324083
2024-05-03,-0.0086969324572335,HS,0.05,1.622870875779734,2.282953711324083
2024-05-06,0.978239943094232,HS,0.05,1.622870875779734,2.282953711324083
2024-05-07,-0.2760589407145369,HS,0.05,1.622870875779734,2.282953711324083
2024-05-08,-0.0691260612882343,HS,0.05,1.622870875779734,2.282953711324083
2024-05-09,0.7964395898361993,HS,0.05,1.622870875779734,2.282953711324083
2024-05-10,1.498089474872309,HS,0.05,1.622870875779734,2.282953711324083
2024-05-13,-1.3267171767020014,HS,0.05,1.622870875779734,2.282953711324083
2024-05-14,0.7378135479851928,HS,0.05,1.605177930499301,2.280704016959064
2024-05-15,1.4888214910604234,HS,0.05,1.605177930499301,2.280704016959064
2024-05-16,-0.3648776779096939,HS,0.05,1.601130122947949,2.278132007161642
2024-05-17,1.3438686241467437,HS,0.05,1.601130122947949,2.278132007161642
2024-05-20,0.895569503877859,HS,0.05,1.601130122947949,2.278132007161642
2024-05-21,-0.5025116242057949,HS,0.05,1.601130122947949,2.278132007161642
2024-05-22,-1.351119128257647,HS,0.05,1.601130122947949,2.278132007161642
2024-05-23,-2.294667031813439,HS,0.05,1.601130122947949,2.278132007161642
2024-05-24,-0.1071237381498803,HS,0.05,1.605177930499301,2.29193936809605
2024-05-28,0.96849750810076,HS,0.05,1.605177930499301,2.29193936809605
2024-05-29,-0.6346481676084355,HS,0.05,1.600011616711474,2.2737148117921873
2024-05-30,0.1110289464388048,HS,0.05,1.600011616711474,2.2737148117921873
2024-05-31,-0.857307357068379,HS,0.05,1.600011616711474,2.2737148117921873
2024-06-03,1.015115058545777,HS,0.05,1.600011616711474,2.2737148117921873
2024-06-04,-0.9032443941432378,HS,0.05,1.600011616711474,2.2737148117921873
2024-06-05,1.2223460620860391,HS,0.05,1.600011616711474,2.2737148117921873
2024-06-06,0.685801971176186,HS,0.05,1.600011616711474,2.2737148117921873
2024-06-07,-2.7849130615993234,HS,0.05,1.600011616711474,2.2737148117921873
2024-06-10,0.10839169709689,HS,0.05,1.605177930499301,2.2973270933223127
2024-06-11,-0.0086648974742449,HS,0.05,1.605177930499301,2.2973270933223127
2024-06-12,1.2275377571110555,HS,0.05,1.605177930499301,2.2973270933223127
2024-06-13,-1.5444010517410591,HS,0.05,1.605177930499301,2.2973270933223127
2024-06-14,1.3472849167638714,HS,0.05,1.605177930499301,2.2973270933223127
2024-06-17,-0.8182999621581656,HS,0.05,1.605177930499301,2.2973270933223127
2024-06-18,0.7753980763100304,HS,0.05,1.605177930499301,2.2973270933223127
2024-06-20,0.9991179448078678,HS,0.05,1.605177930499301,2.2973270933223127
2024-06-21,-1.6016849994939064,HS,0.05,1.605177930499301,2.2973270933223127
2024-06-24,0.5854053366742159,HS,0.05,1.605177930499301,2.2973270933223127
2024-06-25,-0.576763190651134,HS,0.05,1.605177930499301,2.2973270933223127
2024-06-26,-0.7539420565480928,HS,0.05,1.605177930499301,2.2973270933223127
2024-06-27,1.0943747042885628,HS,0.05,1.605177930499301,2.2973270933223127
2024-06-28,0.1375672460389905,HS,0.05,1.605177930499301,2.2973270933223127
2024-07-01,-0.004289885274544,HS,0.05,1.605177930499301,2.2973270933223127
2024-07-02,-0.1978281967874755,HS,0.05,1.605177930499301,2.2973270933223127
2024-07-03,1.571743658704651,HS,0.05,1.605177930499301,2.2973270933223127
2024-07-05,1.2088663472560883,HS,0.05,1.605177930499301,2.2973270933223127
2024-07-08,-1.403992502750996,HS,0.05,1.605177930499301,2.2973270933223127
2024-07-09,0.2078403578812869,HS,0.05,1.605177930499301,2.2973270933223127
2024-07-10,0.511374163037859,HS,0.05,1.605177930499301,2.2973270933223127
2024-07-11,1.7881513074975277,HS,0.05,1.605177930499301,2.2973270933223127
2024-07-12,-0.0414164429196259,HS,0.05,1.605177930499301,2.2973270933223127
2024-07-15,0.3680006850383179,HS,0.05,1.605177930499301,2.2973270933223127
2024-07-16,1.6171314917783013,HS,0.05,1.605177930499301,2.2973270933223127
2024-07-17,-0.309113301982428,HS,0.05,1.605177930499301,2.2973270933223127
2024-07-18,-0.1222842829709735,HS,0.05,1.605177930499301,2.2973270933223127
2024-07-19,-2.323049125293214,HS,0.05,1.605177930499301,2.2973270933223127
2024-07-22,-0.1462141252654495,HS,0.05,1.622870875779734,2.3113505179638145
2024-07-23,0.5253774082549602,HS,0.05,1.622870875779734,2.3113505179638145
2024-07-24,0.36115155414233,HS,0.05,1.622870875779734,2.3113505179638145
2024-07-25,-2.5771655108934746,HS,0.05,1.622870875779734,2.3113505179638145
2024-07-26,1.1877017079959726,HS,0.05,1.641936035855591,2.330059077292679
2024-07-29,-0.1135077221973772,HS,0.05,1.641936035855591,2.330059077292679
2024-07-30,1.1584493096314896,HS,0.05,1.641936035855591,2.330059077292679
2024-07-31,0.8899986305409351,HS,0.05,1.641936035855591,2.330059077292679
2024-08-01,0.3496866671419319,HS,0.05,1.622870875779734,2.322120282244512
2024-08-02,-0.3826634135013617,HS,0.05,1.622870875779734,2.322120282244512
2024-08-05,-0.994332279261066,HS,0.05,1.605177930499301,2.261743563174134
2024-08-06,-0.5260032745343862,HS,0.05,1.605177930499301,2.261743563174134
2024-08-07,0.058578222243603,HS,0.05,1.605177930499301,2.261743563174134
2024-08-08,1.3173648862206806,HS,0.05,1.605177930499301,2.261743563174134
2024-08-09,0.4078923886462572,HS,0.05,1.605177930499301,2.261743563174134
2024-08-12,1.2381322610815697,HS,0.05,1.605177930499301,2.261743563174134
2024-08-13,0.1744760725796685,HS,0.05,1.6018156987738634,2.2526971732521535
2024-08-14,-1.1129137775200022,HS,0.05,1.6018156987738634,2.2526971732521535
2024-08-15,0.5600503269123788,HS,0.05,1.6018156987738634,2.2526971732521535
2024-08-16,1.837804343675201,HS,0.05,1.6018156987738634,2.2526971732521535
2024-08-19,0.1279878215723032,HS,0.05,1.6018156987738634,2.2526971732521535
2024-08-20,0.3790074479647874,HS,0.05,1.6018156987738634,2.2526971732521535
2024-08-21,-0.1155506040310699,HS,0.05,1.6018156987738634,2.2526971732521535
2024-08-22,-1.18301867569216,HS,0.05,1.6018156987738634,2.2526971732521535
2024-08-23,1.1830186756921703,HS,0.05,1.6018156987738634,2.2526971732521535
2024-08-26,0.3700706198852698,HS,0.05,1.6018156987738634,2.2526971732521535
2024-08-27,-0.0675428115696949,HS,0.05,1.599880917431517,2.2500865108923547
2024-08-28,-0.5979686942712076,HS,0.05,1.599880917431517,2.2500865108923547
2024-08-29,0.9827580801596992,HS,0.05,1.599880917431517,2.2500865108923547
2024-08-30,-1.2710561536922458,HS,0.05,1.599880917431517,2.2500865108923547
2024-09-03,-0.1565161353524096,HS,0.05,1.599880917431517,2.2500865108923547
2024-09-04,0.140469195620637,HS,0.05,1.599880917431517,2.2500865108923547
2024-09-05,0.7193125924703407,HS,0.05,1.599880917431517,2.2500865108923547
2024-09-06,-0.7152981683501989,HS,0.05,1.599880917431517,2.2500865108923547
2024-09-09,0.332314631166116,HS,0.05,1.599880917431517,2.2500865108923547
2024-09-10,0.4188195346663044,HS,0.05,1.599880917431517,2.2500865108923547
2024-09-11,-0.0079592057221238,HS,0.05,1.599880917431517,2.2500865108923547
2024-09-12,1.5444721969289847,HS,0.05,1.599880917431517,2.2500865108923547
2024-09-13,1.1729349341314652,HS,0.05,1.5996804268366276,2.229241302996389
2024-09-16,-0.0348779085190971,HS,0.05,1.5996804268366276,2.229241302996389
2024-09-17,-0.625883189495714,HS,0.05,1.570505171775615,2.2200467531573556
2024-09-18,0.249266043134922,HS,0.05,1.570505171775615,2.2200467531573556
2024-09-19,0.6707160271705417,HS,0.05,1.570505171775615,2.2200467531573556
2024-09-20,1.225073519220459,HS,0.05,1.570505171775615,2.2200467531573556
2024-09-23,0.2516049581020544,HS,0.05,1.570505171775615,2.2200467531573556
2024-09-24,0.9360187860914404,HS,0.05,1.570505171775615,2.2200467531573556
2024-09-25,0.3012958044237874,HS,0.05,1.570505171775615,2.2200467531573556
2024-09-26,0.4015674633472966,HS,0.05,1.570505171775615,2.2200467531573556
2024-09-27,-0.963458348443632,HS,0.05,1.570505171775615,2.2200467531573556
2024-09-30,-0.3105809232568264,HS,0.05,1.570505171775615,2.2200467531573556
2024-10-01,1.176615388576509,HS,0.05,1.570505171775615,2.2200467531573556
2024-10-02,-0.7602005078805537,HS,0.05,1.570505171775615,2.2200467531573556
2024-10-03,0.3770601213994833,HS,0.05,1.570505171775615,2.2200467531573556
2024-10-04,-0.4261843753354774,HS,0.05,1.570505171775615,2.2200467531573556
2024-10-07,-0.0378028954542206,HS,0.05,1.5668877263077474,2.2157390331905225
2024-10-08,-1.133136902967098,HS,0.05,1.5668877263077474,2.2157390331905225
2024-10-09,-0.3447618814232795,HS,0.05,1.5668877263077474,2.2157390331905225
2024-10-10,0.558685775053781,HS,0.05,1.5668877263077474,2.2157390331905225
2024-10-11,1.4020160169731888,HS,0.05,1.5668877263077474,2.2157390331905225
2024-10-14,-0.3694371660486623,HS,0.05,1.5668877263077474,2.2157390331905225
2024-10-15,0.512313847150435,HS,0.05,1.5668877263077474,2.2157390331905225
2024-10-16,0.4723215245810717,HS,0.05,1.5668877263077474,2.2157390331905225
2024-10-17,0.6337393065017404,HS,0.05,1.5668877263077474,2.2157390331905225
2024-10-18,0.840012761358353,HS,0.05,1.5668877263077474,2.2157390331905225
2024-10-21,0.3457973722361968,HS,0.05,1.5668877263077474,2.2157390331905225
2024-10-22,0.7718602631013913,HS,0.05,1.5567947909075075,2.2126218574145327
2024-10-23,-1.091867720094922,HS,0.05,1.5567947909075075,2.2126218574145327
2024-10-24,0.7523937915991553,HS,0.05,1.5567947909075075,2.2126218574145327
2024-10-25,0.2191461563702766,HS,0.05,1.5567947909075075,2.2126218574145327
2024-10-28,0.072942126259476,HS,0.05,1.5567947909075075,2.2126218574145327
2024-10-29,0.9253781457162932,HS,0.05,1.5567947909075075,2.2126218574145327
2024-10-30,0.7234316137240295,HS,0.05,1.5567947909075075,2.2126218574145327
2024-10-31,-1.8166509123427008,HS,0.05,1.5567947909075075,2.2126218574145327
2024-11-01,0.0109568851138485,HS,0.05,1.5567947909075075,2.1468161082208703
2024-11-04,-0.0913292083432016,HS,0.05,1.5567947909075075,2.1468161082208703
2024-11-05,0.1533836784366828,HS,0.05,1.5567947909075075,2.1468161082208703
2024-11-06,-2.688819289182318,HS,0.05,1.5567947909075075,2.1468161082208703
2024-11-07,1.1479740190580865,HS,0.05,1.5668877263077474,2.169256931265814
2024-11-08,-0.4047575121093911,HS,0.05,1.5668877263077474,2.169256931265814
2024-11-11,-2.88015263656269,HS,0.05,1.5668877263077474,2.169256931265814
2024-11-12,-0.4298422060717889,HS,0.05,1.570505171775615,2.1954805855093253
2024-11-13,-0.741199771886598,HS,0.05,1.570505171775615,2.1954805855093253
2024-11-14,-0.4894201906120731,HS,0.05,1.570505171775615,2.1954805855093253
2024-11-15,-0.0973918559053458,HS,0.05,1.5668877263077474,2.1893427923336843
2024-11-18,1.7348790536743832,HS,0.05,1.5567947909075075,2.184439512517896
2024-11-19,0.6300496006653572,HS,0.05,1.5567947909075075,2.184439512517896
2024-11-20,0.7999532098494133,HS,0.05,1.5567947909075075,2.184439512517896
2024-11-21,0.8984571185138248,HS,0.05,1.5567947909075075,2.184439512517896
2024-11-22,1.404698113449777,HS,0.05,1.5567947909075075,2.184439512517896
2024-11-25,-3.4959481903407377,HS,0.05,1.5567947909075075,2.184439512517896
2024-11-26,0.1336617767776714,HS,0.05,1.5668877263077474,2.2230229135860076
2024-11-27,0.7452166991228204,HS,0.05,1.5668877263077474,2.2230229135860076
2024-11-29,0.6456666117155565,HS,0.05,1.5668877263077474,2.2230229135860076
2024-12-02,-0.8352473231234763,HS,0.05,1.5668877263077474,2.2230229135860076
2024-12-03,0.3712425318383127,HS,0.05,1.5567947909075075,2.2152790519569634
2024-12-04,0.3434974654697664,HS,0.05,1.5567947909075075,2.2152790519569634
2024-12-05,-1.0302322170881693,HS,0.05,1.5567947909075075,2.2152790519569634
2024-12-06,0.4558239129528256,HS,0.05,1.5567947909075075,2.2152790519569634
2024-12-09,0.991798633808684,HS,0.05,1.5567947909075075,2.2152790519569634
2024-12-10,1.2196028210303025,HS,0.05,1.5567947909075075,2.2152790519569634
2024-12-11,1.3330075570755335,HS,0.05,1.5567947909075075,2.2152790519569634
2024-12-12,-1.7081207143532986,HS,0.05,1.5567947909075075,2.2152790519569634
2024-12-13,-1.1790161839593785,HS,0.05,1.5668877263077474,2.2181059035053265
2024-12-16,-0.173346606353259,HS,0.05,1.5668877263077474,2.2181059035053265
2024-12-17,-0.264360600282425,HS,0.05,1.5668877263077474,2.2181059035053265
2024-12-18,-0.299187955944324,HS,0.05,1.5668877263077474,2.2181059035053265
2024-12-19,-1.6945362817807692,HS,0.05,1.5668877263077474,2.2181059035053265
2024-12-20,1.398249166131256,HS,0.05,1.570505171775615,2.2206172306531995
2024-12-23,-0.6258330803749558,HS,0.05,1.570505171775615,2.2206172306531995
2024-12-24,0.294323974486273,HS,0.05,1.570505171775615,2.2206172306531995
2024-12-26,0.7149969097485895,HS,0.05,1.570505171775615,2.2206172306531995
2024-12-27,-0.8219261513672151,HS,0.05,1.570505171775615,2.2206172306531995
2024-12-30,-0.4250136932791705,HS,0.05,1.5668877263077474,2.204528417946107
2023-01-04,0.7095546441984838,NN-t,0.01,2.442188157772346,3.697336946856011
2023-01-05,-0.976252439712064,NN-t,0.01,3.1766855788853072,4.797306171970136
2023-01-06,1.589647009927115,NN-t,0.01,3.217507868332553,4.858440848280681
2023-01-09,0.4549233258291232,NN-t,0.01,2.483894985918009,3.759796291325646
2023-01-10,-0.0587546745238274,NN-t,0.01,3.1469322536319946,4.752748163755671
2023-01-11,0.1601623341199926,NN-t,0.01,3.015073651655965,4.555279254987509
2023-01-12,1.108736566761589,NN-t,0.01,3.25620261197646,4.9324033873239586
2023-01-13,1.2008862043122857,NN-t,0.01,2.9578408045566302,4.484194060934074
2023-01-17,-0.5855345730477272,NN-t,0.01,2.8606452620797076,4.33818358795024
2023-01-18,-0.1469161128852995,NN-t,0.01,3.2280175856799076,4.8900628754471045
2023-01-19,0.9251314471138228,NN-t,0.01,3.1707685447882494,4.804061405364806
2023-01-20,0.2234663176594187,NN-t,0.01,3.275124987630672,4.9608292281479365
2023-01-23,0.0363280747150776,NN-t,0.01,3.15541163835368,4.780991734524578
2023-01-24,0.3522432457450443,NN-t,0.01,3.033867457690574,4.598403903284619
2023-01-25,0.3767611384967313,NN-t,0.01,3.0870735308753248,4.678331888800646
2023-01-26,-0.6252753139314502,NN-t,0.01,3.0474326409374584,4.618781986183433
2023-01-27,-0.0259221820840704,NN-t,0.01,2.982567909179219,4.521339964433941
2023-01-30,-0.2959862564306045,NN-t,0.01,2.7180750631533668,4.124009751906505
2023-01-31,0.3426426124651446,NN-t,0.01,2.656979541713035,4.032229966996978
2023-02-01,-0.0881420299387641,NN-t,0.01,2.7648591916897005,4.194290472211641
2023-02-02,-0.5983212723418652,NN-t,0.01,2.4820135619964274,3.7693900794520583
2023-02-03,-2.826184255379748,NN-t,0.01,2.647295531771495,4.017682315572736
2023-02-06,0.1769825234386303,NN-t,0.01,2.429189109135053,3.690035377056804
2023-02-07,0.2942831061813177,NN-t,0.01,2.7671444981881987,4.197723537908435
2023-02-08,0.3040771209810025,NN-t,0.01,2.7666244222268377,4.196942261985993
2023-02-09,-0.5983602271623308,NN-t,0.01,2.76742140946417,4.198139523511773
2023-02-10,-0.1823493315013401,NN-t,0.01,2.362861552110719,3.5596193625516523
2023-02-13,-0.5868606069231898,NN-t,0.01,2.410056773894492,3.629947257674978
2023-02-14,0.1133314874589582,NN-t,0.01,2.379541596368441,3.5844751076646633
2023-02-15,-1.07370746218953,NN-t,0.01,2.454811830466017,3.696638943948246
2023-02-16,0.4243545311346954,NN-t,0.01,2.5454257526429904,3.831667156015393
2023-02-17,-0.0868985268310338,NN-t,0.01,2.3586921334727773,3.553406309076921
2023-02-21,-0.402898370723679,NN-t,0.01,2.284481157937167,3.442820925489158
2023-02-22,-0.0545702605629464,NN-t,0.01,2.318997504978342,3.4942554127741965
2023-02-23,-0.767127049665148,NN-t,0.01,2.320750455463587,3.496867569539717
2023-02-24,-0.5073326778902653,NN-t,0.01,2.370616493839246,3.5711753783506683
2023-02-27,0.4523120437649741,NN-t,0.01,2.3807695779944154,3.5863049828033073
2023-02-28,0.6527917163400628,NN-t,0.01,2.5498973877804163,3.838330556993048
2023-03-01,0.4800056571569328,NN-t,0.01,2.6177934129062645,3.9395057258738753
2023-03-02,-0.2288054619760342,NN-t,0.01,2.5062778943026136,3.773331028509124
2023-03-03,0.7714887423290702,NN-t,0.01,2.4397425543362297,3.674183482755679
2023-03-06,0.0108276460496213,NN-t,0.01,2.7443382385992585,4.1280763246203
2023-03-07,-1.85706355718125,NN-t,0.01,2.4807774885189153,3.735331633744657
2023-03-08,-0.0661817291164826,NN-t,0.01,2.868656488576765,4.313328994612826
2023-03-09,0.9115987157307688,NN-t,0.01,1.9160436994768095,2.89379435121393
2023-03-10,1.7717772147514534,NN-t,0.01,2.6439328493958763,3.978457371369824
2023-03-13,2.6341694156230084,NN-t,0.01,2.8073390623644374,4.2678142937415915
2023-03-14,-0.2881167105143215,NN-t,0.01,1.9137623659589436,2.922446677537547
2023-03-15,1.0645072763326822,NN-t,0.01,3.1007216228221024,4.709530598101945
2023-03-16,-0.3952561643726087,NN-t,0.01,3.0545563103942848,4.6400241790310695
2023-03-17,2.6127822516268666,NN-t,0.01,3.0680631811847645,4.660360101656247
2023-03-20,0.4760658443617601,NN-t,0.01,2.005710961751125,3.0608843333446547
2023-03-21,-2.103618451687445,NN-t,0.01,3.2814869325793388,4.981690553547022
2023-03-22,0.4530510589810312,NN-t,0.01,3.0370056682712563,4.613599960885172
2023-03-23,2.3855366038062704,NN-t,0.01,3.243637686802596,4.92470479085803
2023-03-24,-0.5885513691905921,NN-t,0.01,2.5684233815327615,3.9081032344813607
2023-03-27,-1.5097478869044785,NN-t,0.01,3.392930988416587,5.149480542190404
2023-03-28,1.0191690210182351,NN-t,0.01,3.4616517758630767,5.252946447649284
2023-03-29,-0.3199215031879452,NN-t,0.01,3.502901143345658,5.31505142803116
2023-03-30,0.7196500323830661,NN-t,0.01,3.3962948614901673,5.154545184001701
2023-03-31,-0.5722573380642285,NN-t,0.01,3.39250735222741,5.148842716235158
2023-04-03,0.7538817015696077,NN-t,0.01,3.3437869840336214,5.075489409371707
2023-04-04,1.9121386856435452,NN-t,0.01,3.26903473938483,4.962942551789592
2023-04-05,-0.0643034706267317,NN-t,0.01,3.110856740401554,4.72479001459374
2023-04-06,-0.4463407474970126,NN-t,0.01,3.320363117868237,5.040222474690025
2023-04-10,-1.1397298492928634,NN-t,0.01,3.281826724106074,4.982202143115292
2023-04-11,0.7862066660321816,NN-t,0.01,3.5319349763843606,5.273068975579444
2023-04-12,0.3038065675472636,NN-t,0.01,3.1925095338607035,4.770350145162004
2023-04-13,1.5004488526765063,NN-t,0.01,3.054221591560344,4.565533581921533
2023-04-14,-1.9340332101503832,NN-t,0.01,2.088308614147678,3.1349318018087184
2023-04-17,-0.4003608688523414,NN-t,0.01,3.637622286398012,5.429601145015521
2023-04-18,0.6597421632108531,NN-t,0.01,3.0081604040325014,4.497312926011151
2023-04-19,-0.6096093088757149,NN-t,0.01,3.1769458854764574,4.747299017778672
2023-04-20,0.6195695166983959,NN-t,0.01,2.6429389378531756,3.956387923583801
2023-04-21,-1.4095679073773075,NN-t,0.01,2.842832105330946,4.252447224901081
2023-04-24,0.4837975290905525,NN-t,0.01,3.655827690524667,5.456564944198581
2023-04-25,0.2460408684692785,NN-t,0.01,2.909480768644457,4.351159736905889
2023-04-26,-0.4171199318677286,NN-t,0.01,2.886494457184647,4.317114994924353
2023-04-27,0.2112926265503246,NN-t,0.01,2.7840653758470673,4.165408547735521
2023-04-28,0.0100477975901019,NN-t,0.01,2.8329840371987745,4.237861372831575
2023-05-01,-0.3372320383288464,NN-t,0.01,2.992823228003567,4.474597224035938
2023-05-02,1.5459208663897124,NN-t,0.01,2.928613254437898,4.379496625294528
2023-05-03,0.7074123181844181,NN-t,0.01,2.1455352683550015,3.2196894925048247
2023-05-04,0.9517819252434988,NN-t,0.01,2.856778817010787,4.273103527303545
2023-05-05,-1.50541414369174,NN-t,0.01,2.72009041479536,4.07065602312572
2023-05-08,0.440192824598679,NN-t,0.01,2.839630494743702,4.247705359005865
2023-05-09,0.4873807724603167,NN-t,0.01,3.2125897530045298,4.802584718588323
2023-05-10,-0.2803233566718522,NN-t,0.01,3.000317379228689,4.488179643955225
2023-05-11,-0.7811791440417504,NN-t,0.01,2.6010437699035194,3.896799584902089
2023-05-12,-0.0099251054533082,NN-t,0.01,2.6651850665441708,3.991801816227129
2023-05-15,0.1735896282152275,NN-t,0.01,2.907291528382006,4.350395347967917
2023-05-16,-1.4776614414791789,NN-t,0.01,2.8540809415995674,4.271583026745798
2023-05-17,-0.3880014587498261,NN-t,0.01,4.025322412818165,6.006355459077132
2023-05-18,-1.2293130260797065,NN-t,0.01,2.693718843586224,4.034064330848765
2023-05-19,1.1282876071055623,NN-t,0.01,3.4423000851458188,5.142817848487467
2023-05-22,-0.1972886611210169,NN-t,0.01,3.144366599464745,4.70153668629453
2023-05-23,-0.1216064382496189,NN-t,0.01,2.7974242617589304,4.187666559723247
2023-05-24,-0.4879037635297988,NN-t,0.01,2.617744431993734,3.9215356012639786
2023-05-25,-1.0087426800028507,NN-t,0.01,2.7247061629736145,4.079960884843871
2023-05-26,0.0514509176076067,NN-t,0.01,3.4917536555587954,5.216065502998479
2023-05-30,0.7124411621889729,NN-t,0.01,2.902663736960757,4.343540941615819
2023-05-31,0.3008760462139833,NN-t,0.01,3.257288695528489,4.868790104198729
2023-06-01,0.7153928630061794,NN-t,0.01,2.9590645297629283,4.42707840414525
2023-06-02,-1.3026835665023309,NN-t,0.01,3.237720137544865,4.839806332905907
2023-06-05,0.2864146572821607,NN-t,0.01,3.850502855281723,5.7474232435613635
2023-06-06,0.3823121771459306,NN-t,0.01,2.8180245917072946,4.218178529602669
2023-06-07,-1.1667932951336448,NN-t,0.01,2.7487954002816792,4.107929499900784
2023-06-08,1.0700777840001092,NN-t,0.01,3.348693434032691,4.9957225526585445
2023-06-09,-0.0713242905666815,NN-t,0.01,2.9780889809464384,4.44726258069667
2023-06-12,-0.3522608540493114,NN-t,0.01,2.559917885672837,3.8284084215545264
2023-06-13,-0.5487371483662417,NN-t,0.01,2.6528443739453915,3.965930943823354
2023-06-14,0.5487371483662364,NN-t,0.01,2.733372818520233,4.085105519535675
2023-06-15,0.1277759463212647,NN-t,0.01,2.854949378837357,4.265027472192926
2023-06-16,0.0306407016705376,NN-t,0.01,2.814795243282096,4.205603102417029
2023-06-20,-1.1762134766634988,NN-t,0.01,2.6397370933123274,3.9465333928532
2023-06-21,-0.1137278422884502,NN-t,0.01,3.524635757612765,5.25610075657391
2023-06-22,-1.071258172670636,NN-t,0.01,2.393589645197453,3.582258162571087
2023-06-23,0.3340482534468814,NN-t,0.01,2.93809080159507,4.388069011534477
2023-06-26,0.2394076127153564,NN-t,0.01,2.296277244574242,3.4382448997166124
2023-06-27,-0.5055096516834761,NN-t,0.01,2.270895925987737,3.4006829191079495
2023-06-28,-0.0888561410255391,NN-t,0.01,2.4746275572497183,3.702186702560028
2023-06-29,-0.1622451046078489,NN-t,0.01,2.309051734281352,3.4571499512027533
2023-06-30,0.6213645369454395,NN-t,0.01,2.6479164109753217,3.9586380189545736
2023-07-03,0.0312259603543151,NN-t,0.01,2.444832171947148,3.658092315534846
2023-07-05,-0.1093367263780203,NN-t,0.01,2.5637356492563703,3.834058355036288
2023-07-06,-0.5694461811811972,NN-t,0.01,2.6309339508337617,3.933505564297004
2023-07-07,0.9126768323334932,NN-t,0.01,2.493799247436552,3.702090264124457
2023-07-10,-0.0623157055421522,NN-t,0.01,2.222084304152631,3.3025452795041272
2023-07-11,0.3267408839185718,NN-t,0.01,2.061991118150135,3.067135225253453
2023-07-12,1.2810414334619995,NN-t,0.01,1.907479257467761,2.8399322666900373
2023-07-13,0.1532410819786124,NN-t,0.01,2.4945496085568224,3.7031936374562098
2023-07-14,0.0459278160234018,NN-t,0.01,1.86067002110172,2.771101324240116
2023-07-17,-0.3936082358076451,NN-t,0.01,1.871107006050968,2.786448455835571
2023-07-18,1.2622280219577664,NN-t,0.01,1.973649077169052,2.9372321033326503
2023-07-19,0.0151742904597291,NN-t,0.01,2.6487128837567417,3.929884016256646
2023-07-20,-0.4663169815610156,NN-t,0.01,1.98451332470556,2.9532075059454894
2023-07-21,-0.2034278228194697,NN-t,0.01,2.1424208069132087,3.1854035780038625
2023-07-24,-0.2038424953129538,NN-t,0.01,1.9447337372649904,2.8947133559364566
2023-07-25,0.0917768138358643,NN-t,0.01,1.9492161159823864,2.901304498528984
2023-07-26,0.3459707764402434,NN-t,0.01,2.045115433233637,3.0423202659106607
2023-07-27,-1.2007399562659369,NN-t,0.01,2.003724627336925,2.98145688936775
2023-07-28,0.7680922504028945,NN-t,0.01,2.4328958863321297,3.612534525372298
2023-07-31,0.5138771146053185,NN-t,0.01,2.1438498174264327,3.1875048756970545
2023-08-01,-1.5238610077067491,NN-t,0.01,2.0773686136906324,3.0897471623996826
2023-08-02,-0.1701826964249552,NN-t,0.01,2.1711105635690884,3.2275906150629785
2023-08-03,-0.2791144821277962,NN-t,0.01,2.3194047167154146,3.445650705619801
2023-08-04,0.3926017871570145,NN-t,0.01,2.120564083884531,3.150823250974713
2023-08-07,-0.3149921596681774,NN-t,0.01,2.1800555097810697,3.2383030845653433
2023-08-08,-0.4873518808943379,NN-t,0.01,2.1319977468927496,3.1676360088169897
2023-08-09,-0.4531822404694159,NN-t,0.01,2.652414629419199,3.932888843071508
2023-08-10,-0.0522220486697309,NN-t,0.01,2.547025498393972,3.77791821486062
2023-08-11,-0.0783842425555493,NN-t,0.01,2.33421398006908,3.4649871339749914
2023-08-14,-0.1203111863770946,NN-t,0.01,2.2816543686964503,3.387700264696349
2023-08-15,-0.424850532184941,NN-t,0.01,2.361207815841493,3.504680522152479
2023-08-16,-0.3369678571619132,NN-t,0.01,2.6264287150652956,3.894677564233895
2023-08-17,-0.634889183821112,NN-t,0.01,2.641153201137436,3.916329349711999
2023-08-18,0.1060951786910589,NN-t,0.01,2.4448143196974073,3.627620642248598
2023-08-21,0.3810171935338446,NN-t,0.01,2.126984101652347,3.160263638013917
2023-08-22,0.1636000853602539,NN-t,0.01,2.161123937228903,3.2104649416478637
2023-08-23,1.1586265785144558,NN-t,0.01,2.14794766404714,3.191089743156405
2023-08-24,-0.0156409848335913,NN-t,0.01,2.5170406672891676,3.7338266840935943
2023-08-25,-0.3708241118610018,NN-t,0.01,2.037404630458313,3.028540501190484
2023-08-28,0.3551870450310163,NN-t,0.01,2.1122371364155414,3.1385787977963338
2023-08-29,0.9651369784435556,NN-t,0.01,1.9912303682826415,2.9606430401626938
2023-08-30,0.4019820260445598,NN-t,0.01,2.3533314014896822,3.49309856044281
2023-08-31,-0.3142358107314131,NN-t,0.01,2.0633921278519813,3.066754107826652
2023-09-01,0.082521802323536,NN-t,0.01,1.709423930042871,2.5536056148571653
2023-09-05,-0.703577535386759,NN-t,0.01,1.7626926882247829,2.6320903902269404
2023-09-06,-0.4214024777917077,NN-t,0.01,1.6624709798205743,2.4844263834104567
2023-09-07,-0.0312845757977861,NN-t,0.01,1.8138074308117875,2.7074014961537007
2023-09-08,0.0469263758101142,NN-t,0.01,1.9159726595323412,2.8579290342530808
2023-09-11,0.2550968049488467,NN-t,0.01,1.8859766075359023,2.81373364687647
2023-09-12,-0.6258821711373876,NN-t,0.01,1.761633881146904,2.630530371962887
2023-09-13,-0.1151750325271196,NN-t,0.01,1.8805600733904144,2.805753069138209
2023-09-14,0.0471328028319684,NN-t,0.01,2.0112567501165715,2.998318085942219
2023-09-15,0.714714748905865,NN-t,0.01,2.0013925931754857,2.9837844987485873
2023-09-18,0.4046513576601789,NN-t,0.01,1.699932492185254,2.53962118207487
2023-09-19,0.0258832666127204,NN-t,0.01,1.781724468482179,2.6601313104467748
2023-09-20,0.7014664451038297,NN-t,0.01,1.9646388514015791,2.929632510499248
2023-09-21,-1.3661993139932882,NN-t,0.01,1.709262655840725,2.5533679977254655
2023-09-22,0.3225343940292486,NN-t,0.01,1.7789598583123158,2.656058007152831
2023-09-25,-0.4580980852414224,NN-t,0.01,2.127623762920724,3.1697701560129454
2023-09-26,-0.8488367011878772,NN-t,0.01,1.8810187315237017,2.806428843866046
2023-09-27,-1.5270736211994371,NN-t,0.01,1.821012225222291,2.7180168491334475
2023-09-28,-0.6002135474614082,NN-t,0.01,1.9606296285470468,2.9237254278886344
2023-09-29,-0.6633460391607215,NN-t,0.01,2.1724306109044513,3.235787377345967
2023-10-02,-0.9842104245885984,NN-t,0.01,2.2744519947281865,3.374668704648077
2023-10-03,-0.2955195304593961,NN-t,0.01,2.2455208778710136,3.3321156890057795
2023-10-04,-0.3348786103828984,NN-t,0.01,2.5860018559804487,3.8329083980782386
2023-10-05,-0.1045376798357328,NN-t,0.01,2.382409343282527,3.5334565856833304
2023-10-06,0.7458615173471331,NN-t,0.01,2.4411324091910336,3.619828762551049
2023-10-09,1.049010847035107,NN-t,0.01,2.2078345372193073,3.276685148554473
2023-10-10,0.6198645369741984,NN-t,0.01,2.3904712156591814,3.5453143021705156
2023-10-11,0.6320685606708135,NN-t,0.01,2.4171511565999935,3.584556200428186
2023-10-12,-0.1870607909598343,NN-t,0.01,2.4687352356949135,3.660428076908316
2023-10-13,3.060790174466398,NN-t,0.01,2.558238672173758,3.7920732239424297
2023-10-16,-0.3274031158004244,NN-t,0.01,3.6068818776051064,5.334458571324745
2023-10-17,0.0832496856667774,NN-t,0.01,4.942564813367281,7.299033155127782
2023-10-18,1.6813236521731816,NN-t,0.01,5.112226005729366,7.548577457482798
2023-10-19,0.6677383090401854,NN-t,0.01,6.283511204527738,9.271349434524575
2023-10-20,0.7137632114181282,NN-t,0.01,6.693817577699321,9.874844059426204
2023-10-23,-0.3132240155776103,NN-t,0.01,3.845967492622607,5.686115023646103
2023-10-24,-0.0658036018004734,NN-t,0.01,3.332408745974812,4.930752778654716
2023-10-25,0.4597000160347398,NN-t,0.01,3.47078617564125,5.134283702061738
2023-10-26,0.1561189672270591,NN-t,0.01,2.9822384192496325,4.415708597534187
2023-10-27,0.0704273101122533,NN-t,0.01,3.0871678166804135,4.570042849898241
2023-10-30,0.3814487522985262,NN-t,0.01,2.994646798434472,4.45022304056219
2023-10-31,-0.5525708674736282,NN-t,0.01,2.818088184499606,4.189637832120172
2023-11-01,-0.3229015088034683,NN-t,0.01,2.9942192558919767,4.44959202483279
2023-11-02,0.3430498125606122,NN-t,0.01,2.9491741204691677,4.383109309875694
2023-11-03,0.2967000466915511,NN-t,0.01,2.7139867970541136,4.035993208717122
2023-11-06,-0.4983536766927965,NN-t,0.01,2.711308247772338,4.0320399021785285
2023-11-07,-0.7496705490809967,NN-t,0.01,2.943363212870873,4.374532914003571
2023-11-08,-0.7809573743291399,NN-t,0.01,2.938439986125058,4.367266658117359
2023-11-09,0.6486705243964606,NN-t,0.01,2.8221091730598897,4.195572462658849
2023-11-10,-1.621877893218127,NN-t,0.01,2.7638883853689515,4.109643627140813
2023-11-13,0.6652779492155402,NN-t,0.01,2.4148494260004294,3.594492381022709
2023-11-14,0.8343430595057661,NN-t,0.01,3.148949781841201,4.677960867667591
2023-11-15,-0.086696414395553,NN-t,0.01,2.8553403997825613,4.244618872512893
2023-11-16,1.2069136779111171,NN-t,0.01,2.4517256823340996,3.648918538597868
2023-11-17,-0.1160029800050582,NN-t,0.01,3.347380788688392,4.970827831947853
2023-11-20,-0.1970058216140758,NN-t,0.01,2.1703191429391255,3.2335868813600146
2023-11-21,1.0862615061766792,NN-t,0.01,2.1239345746435476,3.1651272795970824
2023-11-22,-0.395922248666503,NN-t,0.01,2.4476701992237553,3.642932997093606
2023-11-24,0.5408630384414501,NN-t,0.01,2.15210443818828,3.206703556166037
2023-11-27,0.4783316372955455,NN-t,0.01,2.1194143644986703,3.158455841276666
2023-11-28,1.3772846290545528,NN-t,0.01,2.3895056000449237,3.5489218228421717
2023-11-29,0.3621431258758112,NN-t,0.01,3.020611890949223,4.477846767298608
2023-11-30,-0.4406156206906349,NN-t,0.01,2.3383997170656627,3.4736991064913596
2023-12-01,1.6013593082084947,NN-t,0.01,2.3189162620035098,3.445021421492377
2023-12-04,-2.2906437155782733,NN-t,0.01,2.9958438909954865,4.441390764066008
2023-12-05,-0.2770483946805913,NN-t,0.01,1.802391491271699,2.6847489430245943
2023-12-06,0.5927406833356961,NN-t,0.01,3.2536155889725493,4.820804760847248
2023-12-07,-0.0295525360406161,NN-t,0.01,2.781227040863376,4.125496360125394
2023-12-08,-1.568969924387106,NN-t,0.01,3.435983514192377,5.089231992911003
2023-12-11,-1.021061033941788,NN-t,0.01,2.19003437017134,3.2553202476376657
2023-12-12,-0.010109265866683,NN-t,0.01,2.383537891679067,3.540137956729314
2023-12-13,0.227267080423067,NN-t,0.01,2.3711024486694976,3.5218342361462036
2023-12-14,2.38764749712153,NN-t,0.01,2.373005366020682,3.524635138973873
2023-12-15,-0.4492380744304142,NN-t,0.01,1.770436345647704,2.63771418469358
2023-12-18,0.2569588413335528,NN-t,0.01,2.759090391603874,4.092913440290494
2023-12-19,0.5953704386447858,NN-t,0.01,2.6497525784693168,3.931979183324883
2023-12-20,-0.191510991317096,NN-t,0.01,2.633998980707388,3.908791472891796
2023-12-21,0.2258433605997732,NN-t,0.01,2.744907310058751,4.072037371668764
2023-12-22,0.8788749383462259,NN-t,0.01,2.746561401417915,4.074472027678508
2023-12-26,0.0534519247083802,NN-t,0.01,2.564732915753306,3.806838796349796
2023-12-27,1.1449100696166308,NN-t,0.01,2.691727407614074,3.99027494155348
2023-12-28,-0.3850045843342173,NN-t,0.01,2.449658707712596,3.634063273283922
2023-12-29,-0.5560539696971308,NN-t,0.01,2.4806653581044515,3.679690529794281
2024-01-02,0.096927413552285,NN-t,0.01,2.418786287985482,3.588633541397937
2024-01-03,-1.4736982781769346,NN-t,0.01,2.6515642630799334,3.9311736173290743
2024-01-04,0.3974050443617223,NN-t,0.01,2.4418745954845944,3.62260870851011
2024-01-05,0.0048951249376952,NN-t,0.01,2.4126224411870765,3.5795632479155013
2024-01-08,-0.7766098913480239,NN-t,0.01,2.5982769052497123,3.8527596024725255
2024-01-09,-0.0098668231945362,NN-t,0.01,2.6707690621724693,3.959434080273347
2024-01-10,-0.2322114267195562,NN-t,0.01,2.613685889082213,3.875434404458688
2024-01-11,-0.3666952743148285,NN-t,0.01,2.934121395270321,4.346965280935168
2024-01-12,1.5956951403282442,NN-t,0.01,2.8516293704060525,4.225575684478483
2024-01-16,-1.0165310319773104,NN-t,0.01,2.947453286198644,4.366583575703135
2024-01-17,-1.161708172610901,NN-t,0.01,2.762460003134389,4.09436016967914
2024-01-18,0.7957865627687473,NN-t,0.01,2.8052181683262862,4.157280148021446
2024-01-19,0.3905977358156148,NN-t,0.01,2.97375869750697,4.4052928117607895
2024-01-22,-0.3311646301174294,NN-t,0.01,2.7981191390192786,4.14683370420788
2024-01-23,0.1928974182280517,NN-t,0.01,2.3939521903903347,3.552089389519
2024-01-24,-0.4854342213876016,NN-t,0.01,2.3208599527481955,3.444531874158037
2024-01-25,0.148853851225342,NN-t,0.01,2.561712820413963,3.798954407239135
2024-01-26,-0.0049570163444326,NN-t,0.01,2.68115476883187,3.9648520135323064
2024-01-29,0.4156315901078261,NN-t,0.01,2.507195025884669,3.709297353515164
2024-01-30,0.3105999442300761,NN-t,0.01,3.18692805067942,4.7078556355113
2024-01-31,0.8284516486208303,NN-t,0.01,2.8943023247335757,4.277975327346801
2024-02-01,0.2243185104943779,NN-t,0.01,3.4303075440853266,5.065391020645595
2024-02-02,-0.8265936631712222,NN-t,0.01,2.4950641906288125,3.691476612767833
2024-02-05,-0.5120905671782916,NN-t,0.01,2.635997322166977,3.898513700229604
2024-02-06,0.4334792726306237,NN-t,0.01,2.2862636413781994,3.384739246575424
2024-02-07,0.0343981712251408,NN-t,0.01,2.3308308691264124,3.45021050183336
2024-02-08,-0.1475144129439514,NN-t,0.01,2.0853335220594484,3.0895638947396136
2024-02-09,-0.4389060106493958,NN-t,0.01,2.0725090845841785,3.0707242212417145
2024-02-12,-0.2523865081532603,NN-t,0.01,2.421593809541553,3.5835453296905575
2024-02-13,-1.2615124246704408,NN-t,0.01,2.373725440529475,3.5132245499445816
2024-02-14,-0.1305470931603462,NN-t,0.01,3.0376479444295637,4.488556468050563
2024-02-15,0.5911211825204105,NN-t,0.01,1.985864535982232,2.9434394955622243
2024-02-16,0.4684094906416617,NN-t,0.01,2.264665713697263,3.3530109226996427
2024-02-20,0.7922794599725028,NN-t,0.01,2.039396980091717,3.0220810555146227
2024-02-21,-0.2568005317217988,NN-t,0.01,2.286371615976154,3.384897866099708
2024-02-22,-0.128654033393718,NN-t,0.01,1.9197900982138285,2.846373184738499
2024-02-23,0.9314324420003008,NN-t,0.01,1.8525399722278104,2.7475797352236717
2024-02-26,-0.4966682111913958,NN-t,0.01,2.2513797185867186,3.3231635770827803
2024-02-27,0.2707693962003279,NN-t,0.01,2.0378830958419805,3.010053156438894
2024-02-28,-0.0491762980158615,NN-t,0.01,2.0502481087079025,3.02818746849471
2024-02-29,0.6227470697706523,NN-t,0.01,1.9761099693801607,2.919457767330215
2024-03-01,1.9939659139843433,NN-t,0.01,2.199137824253082,3.246546526659478
2024-03-04,1.4650906546489963,NN-t,0.01,2.919101180953246,4.302432219680956
2024-03-05,0.7433252615668022,NN-t,0.01,3.000410863062178,4.421679580319479
2024-03-06,0.784356635087546,NN-t,0.01,2.7797971689585665,4.098131387038815
2024-03-07,0.3574476839149819,NN-t,0.01,2.829140676914042,4.1704977145870314
2024-03-08,0.9500646655496024,NN-t,0.01,3.0359927362190735,4.473863334461451
2024-03-11,0.1788495240181465,NN-t,0.01,2.7550924787719864,4.061899919595671
2024-03-12,-1.0177664197878151,NN-t,0.01,2.33076342421414,3.439586334228643
2024-03-13,0.6919166252700285,NN-t,0.01,2.858556195048082,4.213638000077258
2024-03-14,-0.571636381552069,NN-t,0.01,2.753202763789634,4.059128496584784
2024-03-15,-0.2638684542595182,NN-t,0.01,2.5655257535702347,3.783884669026714
2024-03-18,0.1574758242870781,NN-t,0.01,2.284078089998294,3.371118437892404
2024-03-19,-0.2038408092312079,NN-t,0.01,2.223141353224491,3.2817496833022024
2024-03-20,0.0741668725171895,NN-t,0.01,2.2423418962025448,3.309908864516218
2024-03-21,1.128966261576579,NN-t,0.01,2.3492083345547052,3.4666373178049885
2024-03-22,-1.1196893703511956,NN-t,0.01,2.914165816735888,4.295194100659395
2024-03-25,0.7708478525094481,NN-t,0.01,2.3749709889554333,3.494906386337843
2024-03-26,0.0367804712304893,NN-t,0.01,2.8580463204100286,4.200567129933966
2024-03-27,0.6870990033479146,NN-t,0.01,2.803770474942484,4.121282738912365
2024-03-28,1.215977082804257,NN-t,0.01,2.8844210751965464,4.239094514511394
2024-04-01,0.8576849575533693,NN-t,0.01,3.1067449820160005,4.563858051769676
2024-04-02,1.089504940506698,NN-t,0.01,2.969036093753615,4.362697383518571
2024-04-03,1.4664135564459966,NN-t,0.01,3.204771354611703,4.707051790869591
2024-04-04,-0.2443644773025144,NN-t,0.01,3.96487205733924,5.817382193127078
2024-04-05,1.5993363911782323,NN-t,0.01,2.925184507856186,4.298640412074651
2024-04-08,0.2576546332762105,NN-t,0.01,4.236708741927205,6.214472386918268
2024-04-09,0.5047944048811654,NN-t,0.01,3.342595240783949,4.9083804443298344
2024-04-10,-0.5948917440644637,NN-t,0.01,3.250392894565301,4.773694253672894
2024-04-11,1.075919796756191,NN-t,0.01,2.447191577139574,3.6004038742917697
2024-04-12,0.0594312199089228,NN-t,0.01,3.3708897953879684,4.949712210084614
2024-04-15,0.406612066202905,NN-t,0.01,2.571901108007329,3.782575503757256
2024-04-16,1.0511806622644015,NN-t,0.01,2.5682614083203195,3.777258748749568
2024-04-17,-0.802108139040866,NN-t,0.01,2.8976771978968014,4.2584586277102545
2024-04-18,0.4459451082454631,NN-t,0.01,2.480156852636224,3.6485584773218425
2024-04-19,0.6735379565596977,NN-t,0.01,2.6995529063346626,3.969045101900078
2024-04-22,-2.7989800481359612,NN-t,0.01,2.8057853143549116,4.124225950841071
2024-04-23,-0.1931372558694458,NN-t,0.01,1.979057507595592,2.927865898546603
2024-04-24,-0.1375672460389939,NN-t,0.01,2.0250633627070296,2.99521013524203
2024-04-25,0.2277485793112752,NN-t,0.01,1.9255342803333344,2.849517590994844
2024-04-26,0.2143807319077468,NN-t,0.01,1.9154311386821052,2.8347284220710245
2024-04-29,0.4529666146779776,NN-t,0.01,1.8423577708894967,2.7277622508122277
2024-04-30,-2.329297954868033,NN-t,0.01,1.8591808724642804,2.7523882235641564
2024-05-01,0.3702659409149452,NN-t,0.01,2.521475042450301,3.7218668961701455
2024-05-02,-0.030438616232441,NN-t,0.01,1.9263442040930632,2.8507031726397956
2024-05-03,-0.0086969324572335,NN-t,0.01,1.8766064280832584,2.7778960798861667
2024-05-06,0.978239943094232,NN-t,0.01,1.8499023833388448,2.7388061965302986
2024-05-07,-0.2760589407145369,NN-t,0.01,1.837009803443559,2.719933795398318
2024-05-08,-0.0691260612882343,NN-t,0.01,2.164461947827192,3.199264408086227
2024-05-09,0.7964395898361993,NN-t,0.01,2.2349196134657756,3.302401665295742
2024-05-10,1.498089474872309,NN-t,0.01,2.3156400615748707,3.420561776665313
2024-05-13,-1.3267171767020014,NN-t,0.01,2.112049712972932,3.1225423921338686
2024-05-14,0.7378135479851928,NN-t,0.01,2.1811697532547165,3.2237216081675406
2024-05-15,1.4888214910604234,NN-t,0.01,1.9192881749051085,2.8403744242965145
2024-05-16,-0.3648776779096939,NN-t,0.01,1.7873556488152822,2.6472491091970034
2024-05-17,1.3438686241467437,NN-t,0.01,1.8829149327999737,2.7871305878375483
2024-05-20,0.895569503877859,NN-t,0.01,1.844649756937756,2.7311173031324745
2024-05-21,-0.5025116242057949,NN-t,0.01,2.3855587971015733,3.5711540389620966
2024-05-22,-1.351119128257647,NN-t,0.01,2.16747236657191,3.247819225002926
2024-05-23,-2.294667031813439,NN-t,0.01,2.5839801455682223,3.865333413791497
2024-05-24,-0.1071237381498803,NN-t,0.01,1.9395657287761447,2.9099249775122247
2024-05-28,0.96849750810076,NN-t,0.01,2.990927675123139,4.468673582366937
2024-05-29,-0.6346481676084355,NN-t,0.01,2.788668153737353,4.168803734619353
2024-05-30,0.1110289464388048,NN-t,0.01,2.9445375371787272,4.399895591066115
2024-05-31,-0.857307357068379,NN-t,0.01,2.8327759125809187,4.234197872004259
2024-06-03,1.015115058545777,NN-t,0.01,2.4282554466825688,3.634456066582166
2024-06-04,-0.9032443941432378,NN-t,0.01,2.715394518463639,4.060168285949769
2024-06-05,1.2223460620860391,NN-t,0.01,2.5223342466933363,3.7739372402852047
2024-06-06,0.685801971176186,NN-t,0.01,2.5768213435013956,3.854719778047053
2024-06-07,-2.7849130615993234,NN-t,0.01,2.7296672150412,4.0813289775223405
2024-06-10,0.10839169709689,NN-t,0.01,1.840469616248415,2.7630051392150303
2024-06-11,-0.0086648974742449,NN-t,0.01,3.0641538728375997,4.577238700139004
2024-06-12,1.2275377571110555,NN-t,0.01,2.9120738016293317,4.351764875785983
2024-06-13,-1.5444010517410591,NN-t,0.01,2.5757778753230336,3.8531727327379817
2024-06-14,1.3472849167638714,NN-t,0.01,2.6339100741840715,3.939359496665115
2024-06-17,-0.8182999621581656,NN-t,0.01,2.4558539861550064,3.6753736450128502
2024-06-18,0.7753980763100304,NN-t,0.01,2.927755077466303,4.37501392614219
2024-06-20,0.9991179448078678,NN-t,0.01,2.9979679078180195,4.431625931824848
2024-06-21,-1.6016849994939064,NN-t,0.01,2.7941972561567754,4.132616644829026
2024-06-24,0.5854053366742159,NN-t,0.01,2.6120484027367303,3.865334784834892
2024-06-25,-0.576763190651134,NN-t,0.01,2.9364903303327954,4.341414871202405
2024-06-26,-0.7539420565480928,NN-t,0.01,2.8672354670411413,4.239791565171779
2024-06-27,1.0943747042885628,NN-t,0.01,2.564655537665272,3.795791370814387
2024-06-28,0.1375672460389905,NN-t,0.01,2.580548479321055,3.819112379576052
2024-07-01,-0.004289885274544,NN-t,0.01,2.517217229354544,3.7261812742247193
2024-07-02,-0.1978281967874755,NN-t,0.01,2.468876073133309,3.655246355302761
2024-07-03,1.571743658704651,NN-t,0.01,2.604073193414318,3.8536321101185087
2024-07-05,1.2088663472560883,NN-t,0.01,2.642318983609934,3.9097532755746327
2024-07-08,-1.403992502750996,NN-t,0.01,2.6954483055298213,3.987714260320596
2024-07-09,0.2078403578812869,NN-t,0.01,2.67158664644295,3.952700102923856
2024-07-10,0.511374163037859,NN-t,0.01,2.6251205384427285,3.884516595096073
2024-07-11,1.7881513074975277,NN-t,0.01,2.651609988466599,3.923386724331938
2024-07-12,-0.0414164429196259,NN-t,0.01,2.117506255340769,3.139652780695856
2024-07-15,0.3680006850383179,NN-t,0.01,3.5753098539066124,5.278806829787121
2024-07-16,1.6171314917783013,NN-t,0.01,3.047377534347935,4.5041287043241995
2024-07-17,-0.309113301982428,NN-t,0.01,2.1808435221821663,3.232592715098158
2024-07-18,-0.1222842829709735,NN-t,0.01,3.603591382613596,5.320306622151163
2024-07-19,-2.323049125293214,NN-t,0.01,2.886698872270419,4.259974045944207
2024-07-22,-0.1462141252654495,NN-t,0.01,1.9930232141110404,2.950758687760286
2024-07-23,0.5253774082549602,NN-t,0.01,3.536477055812207,5.211884920475429
2024-07-24,0.36115155414233,NN-t,0.01,3.219822526168559,4.747992937223005
2024-07-25,-2.5771655108934746,NN-t,0.01,3.162877705445385,4.6645700161899315
2024-07-26,1.1877017079959726,NN-t,0.01,1.8175816539491751,2.693740626531299
2024-07-29,-0.1135077221973772,NN-t,0.01,3.3080383491590224,4.87722719490864
2024-07-30,1.1584493096314896,NN-t,0.01,3.4045527129509,5.018618633970463
2024-07-31,0.8899986305409351,NN-t,0.01,3.419365042925319,5.040318374492586
2024-08-01,0.3496866671419319,NN-t,0.01,3.757529076133931,5.535721311587217
2024-08-02,-0.3826634135013617,NN-t,0.01,3.001320467756387,4.427892184722707
2024-08-05,-0.994332279261066,NN-t,0.01,2.9553859967862595,4.360599186065895
2024-08-06,-0.5260032745343862,NN-t,0.01,2.9947626536541283,4.418285130015102
2024-08-07,0.058578222243603,NN-t,0.01,2.8849134871897903,4.257358495720263
2024-08-08,1.3173648862206806,NN-t,0.01,2.7935497233945767,4.123512573376869
2024-08-09,0.4078923886462572,NN-t,0.01,2.8357389081169764,4.185318809323349
2024-08-12,1.2381322610815697,NN-t,0.01,2.98276380171257,4.40070707348079
2024-08-13,0.1744760725796685,NN-t,0.01,2.78380437772385,4.109235854405688
2024-08-14,-1.1129137775200022,NN-t,0.01,2.730896864721588,4.031727501175457
2024-08-15,0.5600503269123788,NN-t,0.01,2.6821479655402714,3.960311426540293
2024-08-16,1.837804343675201,NN-t,0.01,3.1386003101056152,4.631264119528104
2024-08-19,0.1279878215723032,NN-t,0.01,2.2334570643599956,3.3035856374925436
2024-08-20,0.3790074479647874,NN-t,0.01,3.064623859607387,4.522754287558956
2024-08-21,-0.1155506040310699,NN-t,0.01,3.1172814063086705,4.599993213000515
2024-08-22,-1.18301867569216,NN-t,0.01,2.7418444199781637,4.049296281377629
2024-08-23,1.1830186756921703,NN-t,0.01,2.9782762504603,4.396098243691152
2024-08-26,0.3700706198852698,NN-t,0.01,2.7223065779322217,4.020637864500819
2024-08-27,-0.0675428115696949,NN-t,0.01,3.846844075720752,5.670127318323182
2024-08-28,-0.5979686942712076,NN-t,0.01,3.342620236966104,4.930523787069461
2024-08-29,0.9827580801596992,NN-t,0.01,3.3935546760949817,5.005235230969433
2024-08-30,-1.2710561536922458,NN-t,0.01,3.183384322444623,4.696954019774486
2024-09-03,-0.1565161353524096,NN-t,0.01,3.615242393500759,5.330410294159319
2024-09-04,0.140469195620637,NN-t,0.01,3.1053643804035778,4.582513130219785
2024-09-05,0.7193125924703407,NN-t,0.01,3.112656789532373,4.593209751697113
2024-09-06,-0.7152981683501989,NN-t,0.01,3.212818394692751,4.74012838421481
2024-09-09,0.332314631166116,NN-t,0.01,3.246622782048247,4.789713196233503
2024-09-10,0.4188195346663044,NN-t,0.01,3.017901707525111,4.454221493169123
2024-09-11,-0.0079592057221238,NN-t,0.01,2.948498253414593,4.352419404897922
2024-09-12,1.5444721969289847,NN-t,0.01,2.761547890632885,4.0781976449271555
2024-09-13,1.1729349341314652,NN-t,0.01,2.7997561621828058,4.134242144194024
2024-09-16,-0.0348779085190971,NN-t,0.01,2.941596815731472,4.3489711051339075
2024-09-17,-0.625883189495714,NN-t,0.01,2.386258208651331,3.5340500396469925
2024-09-18,0.249266043134922,NN-t,0.01,2.5773147275137887,3.814412290595531
2024-09-19,0.6707160271705417,NN-t,0.01,2.2963893554410735,3.402173702078368
2024-09-20,1.225073519220459,NN-t,0.01,2.9283774688313833,4.3295726262175895
2024-09-23,0.2516049581020544,NN-t,0.01,3.5179519803138004,5.194732517778747
2024-09-24,0.9360187860914404,NN-t,0.01,2.6133944812674867,3.867356838294205
2024-09-25,0.3012958044237874,NN-t,0.01,3.12342522089275,4.61579173633204
2024-09-26,0.4015674633472966,NN-t,0.01,2.439636261914993,3.6123786476073665
2024-09-27,-0.963458348443632,NN-t,0.01,2.581939630537034,3.8211990164802905
2024-09-30,-0.3105809232568264,NN-t,0.01,2.545315509752834,3.767455647747285
2024-10-01,1.176615388576509,NN-t,0.01,2.527813270529291,3.7417723200358406
2024-10-02,-0.7602005078805537,NN-t,0.01,3.428901894385312,5.064057664668683
2024-10-03,0.3770601213994833,NN-t,0.01,2.407653352997593,3.565445936861079
2024-10-04,-0.4261843753354774,NN-t,0.01,2.5360490781862146,3.7538577991747992
2024-10-07,-0.0378028954542206,NN-t,0.01,2.4658181310137532,3.6507987329217695
2024-10-08,-1.133136902967098,NN-t,0.01,2.326885467844102,3.44692464158778
2024-10-09,-0.3447618814232795,NN-t,0.01,2.447314085448738,3.6236453235686095
2024-10-10,0.558685775053781,NN-t,0.01,2.4911680907529283,3.687998048685742
2024-10-11,1.4020160169731888,NN-t,0.01,2.8979096989817172,4.284863277448475
2024-10-14,-0.3694371660486623,NN-t,0.01,3.317129186993999,4.856146315235566
2024-10-15,0.512313847150435,NN-t,0.01,2.174367607189305,3.1942118284132373
2024-10-16,0.4723215245810717,NN-t,0.01,2.5649981598631437,3.762311420286174
2024-10-17,0.6337393065017404,NN-t,0.01,2.616002414601887,3.836487636412968
2024-10-18,0.840012761358353,NN-t,0.01,2.6617112997352734,3.902962720892407
2024-10-21,0.3457973722361968,NN-t,0.01,2.961802629939052,4.3393898284149435
2024-10-22,0.7718602631013913,NN-t,0.01,2.6778635871443988,3.926453223164
2024-10-23,-1.091867720094922,NN-t,0.01,2.6253519376828565,3.8500847813627126
2024-10-24,0.7523937915991553,NN-t,0.01,1.9185441536047387,2.822164126107
2024-10-25,0.2191461563702766,NN-t,0.01,2.6511699936918394,3.887632348958897
2024-10-28,0.072942126259476,NN-t,0.01,2.5770311751051427,3.779811206212259
2024-10-29,0.9253781457162932,NN-t,0.01,2.543840130508244,3.73154099600912
2024-10-30,0.7234316137240295,NN-t,0.01,2.678567059140323,3.927476292534901
2024-10-31,-1.8166509123427008,NN-t,0.01,2.633758744913431,3.862310921187038
2024-11-01,0.0109568851138485,NN-t,0.01,2.6843653161589835,3.9359087805298314
2024-11-04,-0.0913292083432016,NN-t,0.01,2.4404590584405104,3.581192426377128
2024-11-05,0.1533836784366828,NN-t,0.01,2.5712441673008315,3.7713950781104217
2024-11-06,-2.688819289182318,NN-t,0.01,2.7088299807740057,3.971488091692179
2024-11-07,1.1479740190580865,NN-t,0.01,1.9205449293625163,2.825073882867301
2024-11-08,-0.4047575121093911,NN-t,0.01,2.5631588340972233,3.759636462554915
2024-11-11,-2.88015263656269,NN-t,0.01,1.9712952340873409,2.9075167954260963
2024-11-12,-0.4298422060717889,NN-t,0.01,2.0379798609977287,3.0047404415547048
2024-11-13,-0.741199771886598,NN-t,0.01,3.3796739904626767,4.960879379412523
2024-11-14,-0.4894201906120731,NN-t,0.01,2.425213217536403,3.5693119263123783
2024-11-15,-0.0973918559053458,NN-t,0.01,2.439647417100978,3.590356439502829
2024-11-18,1.7348790536743832,NN-t,0.01,2.474281955305917,3.6408522770335656
2024-11-19,0.6300496006653572,NN-t,0.01,2.9230863280283628,4.295191958249385
2024-11-20,0.7999532098494133,NN-t,0.01,2.9296838506381295,4.304810894925741
2024-11-21,0.8984571185138248,NN-t,0.01,3.0929306333730104,4.542818486354245
2024-11-22,1.404698113449777,NN-t,0.01,3.147792441468461,4.622804912962216
2024-11-25,-3.4959481903407377,NN-t,0.01,3.168513662170509,4.653015663508905
2024-11-26,0.1336617767776714,NN-t,0.01,1.738765592479271,2.5684974346295624
2024-11-27,0.7452166991228204,NN-t,0.01,3.951600593162852,5.7947265824145235
2024-11-29,0.6456666117155565,NN-t,0.01,4.0928429603356955,6.000652574065237
2024-12-02,-0.8352473231234763,NN-t,0.01,4.068732204173854,5.965500009919948
2024-12-03,0.3712425318383127,NN-t,0.01,3.5858247893890938,5.261439392305534
2024-12-04,0.3434974654697664,NN-t,0.01,4.13415739909203,6.060887452173586
2024-12-05,-1.0302322170881693,NN-t,0.01,4.101393790676779,6.0131193590156045
2024-12-06,0.4558239129528256,NN-t,0.01,3.67361527862129,5.38943458181208
2024-12-09,0.991798633808684,NN-t,0.01,4.3409022697128865,6.362313598969885
2024-12-10,1.2196028210303025,NN-t,0.01,3.5189200219605143,5.139679395623472
2024-12-11,1.3330075570755335,NN-t,0.01,3.3421009008155975,4.883322716680396
2024-12-12,-1.7081207143532986,NN-t,0.01,3.338196841509355,4.877662516179089
2024-12-13,-1.1790161839593785,NN-t,0.01,1.3143665970624503,1.9434640151824256
2024-12-16,-0.173346606353259,NN-t,0.01,1.3359645795106794,1.974777297458956
2024-12-17,-0.264360600282425,NN-t,0.01,1.8810620861154257,2.7650729713007975
2024-12-18,-0.299187955944324,NN-t,0.01,1.7572573902449478,2.5855779004882837
2024-12-19,-1.6945362817807692,NN-t,0.01,1.7889373467746357,2.6315082749434064
2024-12-20,1.398249166131256,NN-t,0.01,1.294519245640091,1.9146888405095337
2024-12-23,-0.6258330803749558,NN-t,0.01,2.86210221249089,4.187408898993761
2024-12-24,0.294323974486273,NN-t,0.01,1.494227297003671,2.204230449325705
2024-12-26,0.7149969097485895,NN-t,0.01,2.4749489251566517,3.6261046105194534
2024-12-27,-0.8219261513672151,NN-t,0.01,2.557526165293812,3.745827109425539
2024-12-30,-0.4250136932791705,NN-t,0.01,2.476890813572838,3.6289200077571966
2023-01-04,0.7095546441984838,NN-t,0.05,1.2616496489807276,2.0710200619341657
2023-01-05,-0.976252439712064,NN-t,0.05,1.6524001436309672,2.6974414726542153
2023-01-06,1.589647009927115,NN-t,0.05,1.6741174830466672,2.7322570559487316
2023-01-09,0.4549233258291232,NN-t,0.05,1.283837560414802,2.106590030422383
2023-01-10,-0.0587546745238274,NN-t,0.05,1.6365714610161195,2.6720661351199446
2023-01-11,0.1601623341199926,NN-t,0.05,1.5664230677543018,2.55960957762756
2023-01-12,1.108736566761589,NN-t,0.05,1.6893074723834067,2.765144222967025
2023-01-13,1.2008862043122857,NN-t,0.05,1.531021575085728,2.510681620430477
2023-01-17,-0.5855345730477272,NN-t,0.05,1.4794577245133715,2.4277868595108005
2023-01-18,-0.1469161128852995,NN-t,0.05,1.6743548475274013,2.7411061759864013
2023-01-19,0.9251314471138228,NN-t,0.05,1.6439832799151408,2.692280422904962
2023-01-20,0.2234663176594187,NN-t,0.05,1.699346107138076,2.781282471346683
2023-01-23,0.0363280747150776,NN-t,0.05,1.6358361858358643,2.679183041534188
2023-01-24,0.3522432457450443,NN-t,0.05,1.5713549780568146,2.5755221581182814
2023-01-25,0.3767611384967313,NN-t,0.05,1.599581684110662,2.620899802027948
2023-01-26,-0.6252753139314502,NN-t,0.05,1.5785515332084568,2.58709143993333
2023-01-27,-0.0259221820840704,NN-t,0.05,1.5441397150266511,2.531770524033356
2023-01-30,-0.2959862564306045,NN-t,0.05,1.4038218646152236,2.3061936027307812
2023-01-31,0.3426426124651446,NN-t,0.05,1.3714096751474047,2.254087317668771
2023-02-01,-0.0881420299387641,NN-t,0.05,1.4286416223070768,2.3460941892291345
2023-02-02,-0.5983212723418652,NN-t,0.05,1.2785873151559963,2.1048648051124075
2023-02-03,-2.826184255379748,NN-t,0.05,1.366272146935292,2.245828156102403
2023-02-06,0.1769825234386303,NN-t,0.05,1.2505630650258308,2.0598126321519445
2023-02-07,0.2942831061813177,NN-t,0.05,1.429854015383936,2.34804324914478
2023-02-08,0.3040771209810025,NN-t,0.05,1.429578106443315,2.347599694107394
2023-02-09,-0.5983602271623308,NN-t,0.05,1.4300009214178149,2.3482794173211445
2023-02-10,-0.1823493315013401,NN-t,0.05,1.2260140421600934,2.0035978574567928
2023-02-13,-0.5868606069231898,NN-t,0.05,1.2512346239163392,2.043848708693172
2023-02-14,0.1133314874589582,NN-t,0.05,1.2349276652770065,2.0178235768126584
2023-02-15,-1.07370746218953,NN-t,0.05,1.2751512095494986,2.082018444019123
2023-02-16,0.4243545311346954,NN-t,0.05,1.3235742436224989,2.1592993077091034
2023-02-17,-0.0868985268310338,NN-t,0.05,1.2237859529667423,2.000041932873858
2023-02-21,-0.402898370723679,NN-t,0.05,1.1841284642429553,1.9367504634518955
2023-02-22,-0.0545702605629464,NN-t,0.05,1.202573601686471,1.966188027202369
2023-02-23,-0.767127049665148,NN-t,0.05,1.2035103581918296,1.9676830461161403
2023-02-24,-0.5073326778902653,NN-t,0.05,1.2301581935060772,2.010211726277917
2023-02-27,0.4523120437649741,NN-t,0.05,1.235583884483581,2.0188708715149604
2023-02-28,0.6527917163400628,NN-t,0.05,1.3259638338247497,2.1631129802356255
2023-03-01,0.4800056571569328,NN-t,0.05,1.362246685941769,2.221018689830608
2023-03-02,-0.2288054619760342,NN-t,0.05,1.3026540800012978,2.125911719671046
2023-03-03,0.7714887423290702,NN-t,0.05,1.2670983623273795,2.0691664821294444
2023-03-06,0.0108276460496213,NN-t,0.05,1.4298707801105004,2.3289435339395834
2023-03-07,-1.85706355718125,NN-t,0.05,1.2890269574965716,2.104163479046827
2023-03-08,-0.0661817291164826,NN-t,0.05,1.4963050179177932,2.4349694237793904
2023-03-09,0.9115987157307688,NN-t,0.05,0.9872397392416086,1.6225254048571656
2023-03-10,1.7717772147514534,NN-t,0.05,1.376215299079532,2.2433119332942484
2023-03-13,2.6341694156230084,NN-t,0.05,1.448117182109756,2.382357482720457
2023-03-14,-0.2881167105143215,NN-t,0.05,0.975009173085922,1.6202467739878563
2023-03-15,1.0645072763326822,NN-t,0.05,1.6034498352762774,2.632576621133075
2023-03-16,-0.3952561643726087,NN-t,0.05,1.5790074128893168,2.5932033036386133
2023-03-17,2.6127822516268666,NN-t,0.05,1.5861586834780992,2.604722998492228
2023-03-20,0.4760658443617601,NN-t,0.05,1.0236917509360002,1.6986675853049276
2023-03-21,-2.103618451687445,NN-t,0.05,1.699156802729482,2.786747134853411
2023-03-22,0.4530510589810312,NN-t,0.05,1.5697151502493922,2.5782347705950617
2023-03-23,2.3855366038062704,NN-t,0.05,1.6791173574479294,2.7544663965128287
2023-03-24,-0.5885513691905921,NN-t,0.05,1.321622251638164,2.1785918747112096
2023-03-27,-1.5097478869044785,NN-t,0.05,1.7581613353977954,2.881795169028666
2023-03-28,1.0191690210182351,NN-t,0.05,1.7945458506365468,2.9404055247330865
2023-03-29,-0.3199215031879452,NN-t,0.05,1.816385504917684,2.9755861475194445
2023-03-30,0.7196500323830661,NN-t,0.05,1.7599423524037807,2.8846641378620133
2023-03-31,-0.5722573380642285,NN-t,0.05,1.7579370394030385,2.8814338596103735
2023-04-03,0.7538817015696077,NN-t,0.05,1.7321418317977009,2.839881394686834
2023-04-04,1.9121386856435452,NN-t,0.05,1.6925639357109796,2.7761269499057546
2023-04-05,-0.0643034706267317,NN-t,0.05,1.6088159166865528,2.641220626368032
2023-04-06,-0.4463407474970126,NN-t,0.05,1.7197399655340389,2.819903725935658
2023-04-10,-1.1397298492928634,NN-t,0.05,1.6993367068086098,2.787036935116
2023-04-11,0.7862066660321816,NN-t,0.05,1.8575282498344925,2.9995065294902044
2023-04-12,0.3038065675472636,NN-t,0.05,1.6751381344119485,2.710015236173079
2023-04-13,1.5004488526765063,NN-t,0.05,1.6008291681477271,2.592071351445272
2023-04-14,-1.9340332101503832,NN-t,0.05,1.0817962455460262,1.7682574529232158
2023-04-17,-0.4003608688523414,NN-t,0.05,1.9143192803735325,3.0896457831524504
2023-04-18,0.6597421632108531,NN-t,0.05,1.576078208858289,2.5527863978778083
2023-04-19,-0.6096093088757149,NN-t,0.05,1.66677501465259,2.69674121444392
2023-04-20,0.6195695166983959,NN-t,0.05,1.3798266112291708,2.24129403064296
2023-04-21,-1.4095679073773075,NN-t,0.05,1.4872391187223517,2.4117801649414026
2023-04-24,0.4837975290905525,NN-t,0.05,1.9241019464438376,3.1051729220339706
2023-04-25,0.2460408684692785,NN-t,0.05,1.5230527492626205,2.4686238935583025
2023-04-26,-0.4171199318677286,NN-t,0.05,1.5107010646949526,2.449019184542929
2023-04-27,0.2112926265503246,NN-t,0.05,1.4556608419323818,2.3616588293225504
2023-04-28,0.0100477975901019,NN-t,0.05,1.4819472635509745,2.403380883028236
2023-05-01,-0.3372320383288464,NN-t,0.05,1.5678367839215643,2.5397055313068257
2023-05-02,1.5459208663897124,NN-t,0.05,1.533333582267479,2.484941727647386
2023-05-03,0.7074123181844181,NN-t,0.05,1.1125469635491183,1.8170652795125128
2023-05-04,0.9517819252434988,NN-t,0.05,1.4947333782396648,2.423675123585926
2023-05-05,-1.50541414369174,NN-t,0.05,1.4212839241515045,2.307095464605185
2023-05-08,0.440192824598679,NN-t,0.05,1.4855187346515413,2.4090495552890796
2023-05-09,0.4873807724603167,NN-t,0.05,1.683638869164493,2.726430690851807
2023-05-10,-0.2803233566718522,NN-t,0.05,1.5695780536795534,2.545386553101014
2023-05-11,-0.7811791440417504,NN-t,0.05,1.3550354230434267,2.204851677831487
2023-05-12,-0.0099251054533082,NN-t,0.05,1.389500617316987,2.259556892353596
2023-05-15,0.1735896282152275,NN-t,0.05,1.5195922537376458,2.4660461064121932
2023-05-16,-1.4776614414791789,NN-t,0.05,1.4910004835846151,2.42066354139969
2023-05-17,-0.3880014587498261,NN-t,0.05,2.1203464270093924,3.4195990056945487
2023-05-18,-1.2293130260797065,NN-t,0.05,1.4048327390641102,2.2838929515847752
2023-05-19,1.1282876071055623,NN-t,0.05,1.8070696639650443,2.922347419322958
2023-05-22,-0.1972886611210169,NN-t,0.05,1.6469803610916554,2.668244117688531
2023-05-23,-0.1216064382496189,NN-t,0.05,1.4605570161171226,2.372341851831162
2023-05-24,-0.4879037635297988,NN-t,0.05,1.3640092292117223,2.219095438874002
2023-05-25,-1.0087426800028507,NN-t,0.05,1.421483228509102,2.310321602755477
2023-05-26,0.0514509176076067,NN-t,0.05,1.833642667647109,2.9645256776372975
2023-05-30,0.7124411621889729,NN-t,0.05,1.517105591653397,2.462099127855128
2023-05-31,0.3008760462139833,NN-t,0.05,1.707657057423796,2.7645537935602555
2023-06-01,0.7153928630061794,NN-t,0.05,1.5474115627347125,2.510202574948593
2023-06-02,-1.3026835665023309,NN-t,0.05,1.6971422379879255,2.7478640442341713
2023-06-05,0.2864146572821607,NN-t,0.05,2.0264102216491064,3.270497850922602
2023-06-06,0.3823121771459306,NN-t,0.05,1.4716262400174052,2.389911585030744
2023-06-07,-1.1667932951336448,NN-t,0.05,1.43963588173558,2.3321736656319447
2023-06-08,1.0700777840001092,NN-t,0.05,1.7622246311559866,2.8438218922085037
2023-06-09,-0.0713242905666815,NN-t,0.05,1.5629360515565602,2.5277363234705703
2023-06-12,-0.3522608540493114,NN-t,0.05,1.3380690190300588,2.1710815467170956
2023-06-13,-0.5487371483662417,NN-t,0.05,1.3880392438904985,2.2503378040336077
2023-06-14,0.5487371483662364,NN-t,0.05,1.4313425533975113,2.319019869214017
2023-06-15,0.1277759463212647,NN-t,0.05,1.4967190479766113,2.4227115434316935
2023-06-16,0.0306407016705376,NN-t,0.05,1.4751265911855205,2.388464402933328
2023-06-20,-1.1762134766634988,NN-t,0.05,1.3809909439631187,2.239158709397782
2023-06-21,-0.1137278422884502,NN-t,0.05,1.8568357332776744,2.993881690332241
2023-06-22,-1.071258172670636,NN-t,0.05,1.2486277872381233,2.029221523044888
2023-06-23,0.3340482534468814,NN-t,0.05,1.5414274585455578,2.493622196768977
2023-06-26,0.2394076127153564,NN-t,0.05,1.1962990849354107,1.946224556224625
2023-06-27,-0.5055096516834761,NN-t,0.05,1.1826505524168662,1.9245770329584464
2023-06-28,-0.0888561410255391,NN-t,0.05,1.292205057430396,2.0983381089549153
2023-06-29,-0.1622451046078489,NN-t,0.05,1.2031684301028442,1.95711981614604
2023-06-30,0.6213645369454395,NN-t,0.05,1.3853892845269629,2.2461347838994934
2023-07-03,0.0312259603543151,NN-t,0.05,1.2761829077607996,2.072925863552303
2023-07-05,-0.1093367263780203,NN-t,0.05,1.3401219805513598,2.1743376866894
2023-07-06,-0.5694461811811972,NN-t,0.05,1.3762571482789192,2.2316505797089814
2023-07-07,0.9126768323334932,NN-t,0.05,1.3146487026327134,2.1161404565176873
2023-07-10,-0.0623157055421522,NN-t,0.05,1.167680911154404,1.884379579089977
2023-07-11,0.3267408839185718,NN-t,0.05,1.0810881691684489,1.747827143623202
2023-07-12,1.2810414334619995,NN-t,0.05,0.9975143080946238,1.616035332794025
2023-07-13,0.1532410819786124,NN-t,0.05,1.3150545651713157,2.116780481499456
2023-07-14,0.0459278160234018,NN-t,0.05,0.972195678186534,1.5761091161465333
2023-07-17,-0.3936082358076451,NN-t,0.05,0.977840934973462,1.5850114045532846
2023-07-18,1.2622280219577664,NN-t,0.05,1.033304876498714,1.6724752741820854
2023-07-19,0.0151742904597291,NN-t,0.05,1.3984398799772078,2.248274964267482
2023-07-20,-0.4663169815610156,NN-t,0.05,1.0391812351826226,1.6817419987546158
2023-07-21,-0.2034278228194697,NN-t,0.05,1.1245917526811346,1.816430125165847
2023-07-24,-0.2038424953129538,NN-t,0.05,1.0176648693861714,1.6478117629806297
2023-07-25,0.0917768138358643,NN-t,0.05,1.0200893414917662,1.651635034575308
2023-07-26,0.3459707764402434,NN-t,0.05,1.0719602864252835,1.73343292777268
2023-07-27,-1.2007399562659369,NN-t,0.05,1.0495724292959434,1.698128393630668
2023-07-28,0.7680922504028945,NN-t,0.05,1.2817067069995547,2.0641925723223435
2023-07-31,0.5138771146053185,NN-t,0.05,1.12536468962965,1.817649008184924
2023-08-01,-1.5238610077067491,NN-t,0.05,1.0894056968345405,1.7609434699320663
2023-08-02,-0.1701826964249552,NN-t,0.05,1.1401097441570722,1.84090122379367
2023-08-03,-0.2791144821277962,NN-t,0.05,1.220320511786029,1.9673896039880527
2023-08-04,0.3926017871570145,NN-t,0.05,1.1151584634585312,1.7985534220844943
2023-08-07,-0.3149921596681774,NN-t,0.05,1.1473366624493666,1.84929698533424
2023-08-08,-0.4873518808943379,NN-t,0.05,1.121342794694976,1.808305832508188
2023-08-09,-0.4531822404694159,NN-t,0.05,1.4028300468790031,2.2521984875714947
2023-08-10,-0.0522220486697309,NN-t,0.05,1.3458263294777986,2.162306205525427
2023-08-11,-0.0783842425555493,NN-t,0.05,1.230719130734414,1.98078736347962
2023-08-14,-0.1203111863770946,NN-t,0.05,1.202290267110087,1.9359563323877216
2023-08-15,-0.424850532184941,NN-t,0.05,1.245319772859235,2.003811915206668
2023-08-16,-0.3369678571619132,NN-t,0.05,1.3887745773649105,2.2300336483741123
2023-08-17,-0.634889183821112,NN-t,0.05,1.3967388753410777,2.2425929857754556
2023-08-18,0.1060951786910589,NN-t,0.05,1.2905415283888864,2.0751245766964233
2023-08-21,0.3810171935338446,NN-t,0.05,1.118630974095892,1.804029414175056
2023-08-22,0.1636000853602539,NN-t,0.05,1.1370968018373098,1.8331491886603344
2023-08-23,1.1586265785144558,NN-t,0.05,1.129969913651141,1.821910408592136
2023-08-24,-0.0156409848335913,NN-t,0.05,1.3296078938384348,2.1367304666560027
2023-08-25,-0.3708241118610018,NN-t,0.05,1.0701785121463596,1.7276220749003428
2023-08-28,0.3551870450310163,NN-t,0.05,1.1106545174090725,1.7914509030373826
2023-08-29,0.9651369784435556,NN-t,0.05,1.0452034073450776,1.688237465136638
2023-08-30,0.4019820260445598,NN-t,0.05,1.2410595147711596,1.997093681044028
2023-08-31,-0.3142358107314131,NN-t,0.05,1.0842348379076814,1.749788264360847
2023-09-01,0.082521802323536,NN-t,0.05,0.888933016084111,1.447154322932215
2023-09-05,-0.703577535386759,NN-t,0.05,0.9176934091106932,1.492588991557669
2023-09-06,-0.4214024777917077,NN-t,0.05,0.863582597785654,1.4071066137843435
2023-09-07,-0.0312845757977861,NN-t,0.05,0.9452908252403232,1.536186429729309
2023-09-08,0.0469263758101142,NN-t,0.05,1.000450964728079,1.6233264996387724
2023-09-11,0.2550968049488467,NN-t,0.05,0.9842557637489746,1.5977418843962703
2023-09-12,-0.6258821711373876,NN-t,0.05,0.9171217474324704,1.4916859003206364
2023-09-13,-0.1151750325271196,NN-t,0.05,0.981331316921546,1.5931219450096925
2023-09-14,0.0471328028319684,NN-t,0.05,1.0518959014586198,1.7045974214460369
2023-09-15,0.714714748905865,NN-t,0.05,1.046570133781951,1.6961839588990562
2023-09-18,0.4046513576601789,NN-t,0.05,0.8838084835721979,1.4390587646996158
2023-09-19,0.0258832666127204,NN-t,0.05,0.9279688782389396,1.5088218203087036
2023-09-20,0.7014664451038297,NN-t,0.05,1.0267263811830023,1.664835488703068
2023-09-21,-1.3661993139932882,NN-t,0.05,0.8888459423546478,1.4470167668828076
2023-09-22,0.3225343940292486,NN-t,0.05,0.9264762345625276,1.5064637937424126
2023-09-25,-0.4580980852414224,NN-t,0.05,1.1147237415998834,1.8038506581675569
2023-09-26,-0.8488367011878772,NN-t,0.05,0.9815789515319332,1.5935131495545236
2023-09-27,-1.5270736211994371,NN-t,0.05,0.9491807736076976,1.542331634868837
2023-09-28,-0.6002135474614082,NN-t,0.05,1.0245617573216066,1.6614158912118109
2023-09-29,-0.6633460391607215,NN-t,0.05,1.1389154555101937,1.842067886422429
2023-10-02,-0.9842104245885984,NN-t,0.05,1.2013411416063189,1.93084440096265
2023-10-03,-0.2955195304593961,NN-t,0.05,1.1856963230707818,1.906167525857918
2023-10-04,-0.3348786103828984,NN-t,0.05,1.3698151437724275,2.1965817056430454
2023-10-05,-0.1045376798357328,NN-t,0.05,1.2597202610868583,2.0229269161336116
2023-10-06,0.7458615173471331,NN-t,0.05,1.2914754026019422,2.073014915513141
2023-10-09,1.049010847035107,NN-t,0.05,1.1653170213080783,1.874022858716042
2023-10-10,0.6198645369741984,NN-t,0.05,1.2640798069354362,2.029803312186039
2023-10-11,0.6320685606708135,NN-t,0.05,1.2785072774205364,2.0525600406472435
2023-10-12,-0.1870607909598343,NN-t,0.05,1.3064019335704151,2.0965588217348237
2023-10-13,3.060790174466398,NN-t,0.05,1.3548018978348884,2.1729010222221574
2023-10-16,-0.3274031158004244,NN-t,0.05,1.9218672046631504,3.0673441070711096
2023-10-17,0.0832496856667774,NN-t,0.05,2.644152391722266,4.20661851351882
2023-10-18,1.6813236521731816,NN-t,0.05,2.7358985410372565,4.351331490715935
2023-10-19,0.6677383090401854,NN-t,0.05,3.3692838499772892,5.350382398617631
2023-10-20,0.7137632114181282,NN-t,0.05,3.591161518369208,5.700354339743036
2023-10-23,-0.3132240155776103,NN-t,0.05,2.0511553714446777,3.2712728350995324
2023-10-24,-0.0658036018004734,NN-t,0.05,1.7734428504138668,2.833231500140548
2023-10-25,0.4597000160347398,NN-t,0.05,1.848271962170356,2.9512609065423243
2023-10-26,0.1561189672270591,NN-t,0.05,1.584084408249654,2.534552764001882
2023-10-27,0.0704273101122533,NN-t,0.05,1.64082612997274,2.6240525799957535
2023-10-30,0.3814487522985262,NN-t,0.05,1.5848771287453756,2.5447889934493007
2023-10-31,-0.5525708674736282,NN-t,0.05,1.489700816166493,2.394199489390886
2023-11-01,-0.3229015088034683,NN-t,0.05,1.5846466561461725,2.54442433596812
2023-11-02,0.3430498125606122,NN-t,0.05,1.5603644656961444,2.506004660754384
2023-11-03,0.2967000466915511,NN-t,0.05,1.4335835530627927,2.305409846349211
2023-11-06,-0.4983536766927965,NN-t,0.05,1.4321396447876955,2.303125271278366
2023-11-07,-0.7496705490809967,NN-t,0.05,1.557232017238284,2.501048450044216
2023-11-08,-0.7809573743291399,NN-t,0.05,1.5545780851688504,2.4968493557179943
2023-11-09,0.6486705243964606,NN-t,0.05,1.4918683845199172,2.3976290511642984
2023-11-10,-1.621877893218127,NN-t,0.05,1.4604836802318233,2.347971663462427
2023-11-13,0.6652779492155402,NN-t,0.05,1.272329500955577,2.0502710720443194
2023-11-14,0.8343430595057661,NN-t,0.05,1.668056242203928,2.67639633464946
2023-11-15,-0.086696414395553,NN-t,0.05,1.509782127448957,2.4259724655120456
2023-11-16,1.2069136779111171,NN-t,0.05,1.2922081464735304,2.081723387108749
2023-11-17,-0.1160029800050582,NN-t,0.05,1.7750231644748395,2.8456411324249684
2023-11-20,-0.1970058216140758,NN-t,0.05,1.1405121393612505,1.841707506479344
2023-11-21,1.0862615061766792,NN-t,0.05,1.1155079094766351,1.8021454087718285
2023-11-22,-0.395922248666503,NN-t,0.05,1.290021983365618,2.078264404413465
2023-11-24,0.5408630384414501,NN-t,0.05,1.1306932560212506,1.8261719101475096
2023-11-27,0.4783316372955455,NN-t,0.05,1.11307122896537,1.7982900533814197
2023-11-28,1.3772846290545528,NN-t,0.05,1.260319870404427,2.028201843810759
2023-11-29,0.3621431258758112,NN-t,0.05,1.601372799108507,2.5665002232081955
2023-11-30,-0.4406156206906349,NN-t,0.05,1.232702001092571,1.98461138308822
2023-12-01,1.6013593082084947,NN-t,0.05,1.2221730466105931,1.9679930852893
2023-12-04,-2.2906437155782733,NN-t,0.05,1.5879880507006587,2.5453745040889832
2023-12-05,-0.2770483946805913,NN-t,0.05,0.9430405322541472,1.5274263360573093
2023-12-06,0.5927406833356961,NN-t,0.05,1.727289138012165,2.7652393497978647
2023-12-07,-0.0295525360406161,NN-t,0.05,1.4720080543962009,2.362318330695497
2023-12-08,-1.568969924387106,NN-t,0.05,1.8258416574440153,2.9207889933598747
2023-12-11,-1.021061033941788,NN-t,0.05,1.152524641421507,1.8580640376679811
2023-12-12,-0.010109265866683,NN-t,0.05,1.2570948915931544,2.023111722244305
2023-12-13,0.227267080423067,NN-t,0.05,1.2503747173225586,2.012504984654114
2023-12-14,2.38764749712153,NN-t,0.05,1.2514030631734183,2.014128066757767
2023-12-15,-0.4492380744304142,NN-t,0.05,0.9257718151469028,1.5001703835328022
2023-12-18,0.2569588413335528,NN-t,0.05,1.4600453007832863,2.3434370065930143
2023-12-19,0.5953704386447858,NN-t,0.05,1.400958611385518,2.250177965342043
2023-12-20,-0.191510991317096,NN-t,0.05,1.392445290045252,2.2367410272744883
2023-12-21,0.2258433605997732,NN-t,0.05,1.4523806940938464,2.3313396310468737
2023-12-22,0.8788749383462259,NN-t,0.05,1.4532745731606809,2.3327504784918225
2023-12-26,0.0534519247083802,NN-t,0.05,1.3550135695048855,2.1776609467089876
2023-12-27,1.1449100696166308,NN-t,0.05,1.4263910363784027,2.2867590457946236
2023-12-28,-0.3850045843342173,NN-t,0.05,1.2955460272714994,2.0802872645311563
2023-12-29,-0.5560539696971308,NN-t,0.05,1.3123060026609163,2.106734295229572
2024-01-02,0.096927413552285,NN-t,0.05,1.2788586073696682,2.053954725481024
2024-01-03,-1.4736982781769346,NN-t,0.05,1.4046817157827605,2.2525020105129823
2024-01-04,0.3974050443617223,NN-t,0.05,1.2913384934772645,2.073647829040635
2024-01-05,0.0048951249376952,NN-t,0.05,1.2755268730694502,2.048697290594069
2024-01-08,-0.7766098913480239,NN-t,0.05,1.3758783850612923,2.207050716336959
2024-01-09,-0.0098668231945362,NN-t,0.05,1.4150624552719295,2.2688826870690866
2024-01-10,-0.2322114267195562,NN-t,0.05,1.3842073785689712,2.220193763499402
2024-01-11,-0.3666952743148285,NN-t,0.05,1.5574118727576978,2.4935082802859463
2024-01-12,1.5956951403282442,NN-t,0.05,1.5128225898433634,2.423146951784211
2024-01-16,-1.0165310319773104,NN-t,0.05,1.5646181385435622,2.5048796772021995
2024-01-17,-1.161708172610901,NN-t,0.05,1.4646240136645092,2.3470902038353443
2024-01-18,0.7957865627687473,NN-t,0.05,1.4877360166463294,2.3835606543079653
2024-01-19,0.3905977358156148,NN-t,0.05,1.5788369606531518,2.5273167999359885
2024-01-22,-0.3311646301174294,NN-t,0.05,1.4838987896330738,2.3775055582676425
2024-01-23,0.1928974182280517,NN-t,0.05,1.2654350721198764,2.0327725554250526
2024-01-24,-0.4854342213876016,NN-t,0.05,1.225926641233016,1.970428747619056
2024-01-25,0.148853851225342,NN-t,0.05,1.3561144584765403,2.1758634883749037
2024-01-26,-0.0049570163444326,NN-t,0.05,1.425947803777109,2.278753574170973
2024-01-29,0.4156315901078261,NN-t,0.05,1.3317720664761583,2.1303714292460088
2024-01-30,0.3105999442300761,NN-t,0.05,1.6997558177356678,2.7101621468374417
2024-01-31,0.8284516486208303,NN-t,0.05,1.5413384561824257,2.4605616810029542
2024-02-01,0.2243185104943779,NN-t,0.05,1.8315129866479585,2.9177571377847453
2024-02-02,-0.8265936631712222,NN-t,0.05,1.3252048553792588,2.120024211409859
2024-02-05,-0.5120905671782916,NN-t,0.05,1.401501137196408,2.240235703990484
2024-02-06,0.4334792726306237,NN-t,0.05,1.2121675207558789,1.9419239634190344
2024-02-07,0.0343981712251408,NN-t,0.05,1.2362946634012968,1.9799383955778955
2024-02-08,-0.1475144129439514,NN-t,0.05,1.1033909623853906,1.7705369426093165
2024-02-09,-0.4389060106493958,NN-t,0.05,1.0964482592390077,1.759598104072321
2024-02-12,-0.2523865081532603,NN-t,0.05,1.285430553627304,2.0573563058962776
2024-02-13,-1.2615124246704408,NN-t,0.05,1.259516288241923,2.016526104909906
2024-02-14,-0.1305470931603462,NN-t,0.05,1.6189407749432017,2.5828309494885056
2024-02-15,0.5911211825204105,NN-t,0.05,1.0495419226955414,1.685693051387148
2024-02-16,0.4684094906416617,NN-t,0.05,1.2004751560221478,1.923501615921061
2024-02-20,0.7922794599725028,NN-t,0.05,1.0785225207817482,1.7313545288385834
2024-02-21,-0.2568005317217988,NN-t,0.05,1.2122259744371726,1.9420160623274976
2024-02-22,-0.128654033393718,NN-t,0.05,1.0137715266937843,1.629333651018509
2024-02-23,0.9314324420003008,NN-t,0.05,0.977364654097765,1.5719714258782476
2024-02-26,-0.4966682111913958,NN-t,0.05,1.199764821244099,1.9136875957075752
2024-02-27,0.2707693962003279,NN-t,0.05,1.084007451634424,1.7315767739468335
2024-02-28,-0.0491762980158615,NN-t,0.05,1.090711732695864,1.7421240258197006
2024-02-29,0.6227470697706523,NN-t,0.05,1.0505142069176885,1.6788848171464563
2024-03-01,1.9939659139843433,NN-t,0.05,1.171439388299341,1.869125699668539
2024-03-04,1.4650906546489963,NN-t,0.05,1.5618018367330468,2.483248381520284
2024-03-05,0.7433252615668022,NN-t,0.05,1.6058877562371805,2.5526048558082466
2024-03-06,0.784356635087546,NN-t,0.05,1.486271527179351,2.3644232320974248
2024-03-07,0.3574476839149819,NN-t,0.05,1.513025461807484,2.4065128289575735
2024-03-08,0.9500646655496024,NN-t,0.05,1.62518016465786,2.5829558940452126
2024-03-11,0.1788495240181465,NN-t,0.05,1.4728767019298683,2.343350339358499
2024-03-12,-1.0177664197878151,NN-t,0.05,1.242806480803679,1.981401228271718
2024-03-13,0.6919166252700285,NN-t,0.05,1.5289744869542343,2.431604018274946
2024-03-14,-0.571636381552069,NN-t,0.05,1.4718521028853642,2.3417384283881737
2024-03-15,-0.2638684542595182,NN-t,0.05,1.3700940668101018,2.181651518734722
2024-03-18,0.1574758242870781,NN-t,0.05,1.2174938017612746,1.9415790312321537
2024-03-19,-0.2038408092312079,NN-t,0.05,1.1844540455775598,1.8896005077940403
2024-03-20,0.0741668725171895,NN-t,0.05,1.1948645350815292,1.9059784093038288
2024-03-21,1.128966261576579,NN-t,0.05,1.252807268058581,1.997134581503444
2024-03-22,-1.1196893703511956,NN-t,0.05,1.5591258937952976,2.4790385573939964
2024-03-25,0.7708478525094481,NN-t,0.05,1.2670601828226302,2.0178097174820233
2024-03-26,0.0367804712304893,NN-t,0.05,1.5299399708775754,2.429899803718268
2024-03-27,0.6870990033479146,NN-t,0.05,1.5004041576741804,2.3835994932223517
2024-03-28,1.215977082804257,NN-t,0.05,1.5442925769760978,2.452398934323238
2024-04-01,0.8576849575533693,NN-t,0.05,1.6652767334807623,2.6420535740203985
2024-04-02,1.089504940506698,NN-t,0.05,1.5903383522334875,2.524580244408084
2024-04-03,1.4664135564459966,NN-t,0.05,1.7186206953306866,2.7256755139252022
2024-04-04,-0.2443644773025144,NN-t,0.05,2.132252066304989,3.3740836269870917
2024-04-05,1.5993363911782323,NN-t,0.05,1.5664752094564012,2.4871724062565175
2024-04-08,0.2576546332762105,NN-t,0.05,2.280180071270318,3.605975415906888
2024-04-09,0.5047944048811654,NN-t,0.05,1.7936216561058371,2.843246943141255
2024-04-10,-0.5948917440644637,NN-t,0.05,1.7434470111717997,2.764593221184439
2024-04-11,1.075919796756191,NN-t,0.05,1.3063611607009322,2.0794178901105447
2024-04-12,0.0594312199089228,NN-t,0.05,1.8090189782895572,2.8673837696102806
2024-04-15,0.406612066202905,NN-t,0.05,1.3742255555650456,2.185802045921252
2024-04-16,1.0511806622644015,NN-t,0.05,1.37224490488801,2.182697179950602
2024-04-17,-0.802108139040866,NN-t,0.05,1.5515062898257697,2.463707143190492
2024-04-18,0.4459451082454631,NN-t,0.05,1.3243001943701491,2.107539100898334
2024-04-19,0.6735379565596977,NN-t,0.05,1.4436910726471903,2.2946961192793887
2024-04-22,-2.7989800481359612,NN-t,0.05,1.5015005923774571,2.3853182631390837
2024-04-23,-0.1931372558694458,NN-t,0.05,1.044477993788207,1.6783895077494595
2024-04-24,-0.1375672460389939,NN-t,0.05,1.0694654699767805,1.7176334406730245
2024-04-25,0.2277485793112752,NN-t,0.05,1.0154075556122026,1.6327331030278236
2024-04-26,0.2143807319077468,NN-t,0.05,1.0099201668694355,1.624114917096539
2024-04-29,0.4529666146779776,NN-t,0.05,0.9702313265400068,1.561781843682169
2024-04-30,-2.329297954868033,NN-t,0.05,0.9793685732882658,1.576132292514561
2024-05-01,0.3702659409149452,NN-t,0.05,1.339084956393651,2.1410827302282525
2024-05-02,-0.030438616232441,NN-t,0.05,1.015847455068734,1.6334239845172127
2024-05-03,-0.0086969324572335,NN-t,0.05,0.9888330350409532,1.5909966469366357
2024-05-06,0.978239943094232,NN-t,0.05,0.9743290837379428,1.5682175520105837
2024-05-07,-0.2760589407145369,NN-t,0.05,0.967326648235714,1.5572199183529385
2024-05-08,-0.0691260612882343,NN-t,0.05,1.1451779813076466,1.8365432774936736
2024-05-09,0.7964395898361993,NN-t,0.05,1.183446137353917,1.8966451036106735
2024-05-10,1.498089474872309,NN-t,0.05,1.2272883889580073,1.9655012925344584
2024-05-13,-1.3267171767020014,NN-t,0.05,1.116710964071722,1.7918345719601612
2024-05-14,0.7378135479851928,NN-t,0.05,1.1542526064672558,1.850795376360427
2024-05-15,1.4888214910604234,NN-t,0.05,1.012015065454568,1.627405047677802
2024-05-16,-0.3648776779096939,NN-t,0.05,0.9403576460634372,1.5148639115166704
2024-05-17,1.3438686241467437,NN-t,0.05,0.9922594165528844,1.596377930152676
2024-05-20,0.895569503877859,NN-t,0.05,0.971476188670418,1.563736954537554
2024-05-21,-0.5025116242057949,NN-t,0.05,1.2477495378250572,2.0241302425097576
2024-05-22,-1.351119128257647,NN-t,0.05,1.1306694043534469,1.8381287679186464
2024-05-23,-2.294667031813439,NN-t,0.05,1.3542724329252744,2.1933597691498097
2024-05-24,-0.1071237381498803,NN-t,0.05,1.0083172731026,1.6437518385693044
2024-05-28,0.96849750810076,NN-t,0.05,1.57274302259248,2.5404370283565845
2024-05-29,-0.6346481676084355,NN-t,0.05,1.4641595967358636,2.367934002210115
2024-05-30,0.1110289464388048,NN-t,0.05,1.5478383848802344,2.500871824583065
2024-05-31,-0.857307357068379,NN-t,0.05,1.4878389346937375,2.405552611336264
2024-06-03,1.015115058545777,NN-t,0.05,1.270671318972067,2.060545345287484
2024-06-04,-0.9032443941432378,NN-t,0.05,1.424822500076704,2.3054404111303706
2024-06-05,1.2223460620860391,NN-t,0.05,1.3211777096510204,2.1407832376096514
2024-06-06,0.685801971176186,NN-t,0.05,1.3504292158143094,2.187254172678256
2024-06-07,-2.7849130615993234,NN-t,0.05,1.4324848255879346,2.3176133033335686
2024-06-10,0.10839169709689,NN-t,0.05,0.955117328231724,1.5592347825945756
2024-06-11,-0.0086648974742449,NN-t,0.05,1.6120546523037171,2.6028901609082555
2024-06-12,1.2275377571110555,NN-t,0.05,1.5304101639593857,2.473184165757808
2024-06-13,-1.5444010517410591,NN-t,0.05,1.3498690278498435,2.186364219922402
2024-06-14,1.3472849167638714,NN-t,0.05,1.3810774142914877,2.2359439882881644
2024-06-17,-0.8182999621581656,NN-t,0.05,1.285487649713997,2.084083577473535
2024-06-18,0.7753980763100304,NN-t,0.05,1.5388286880442577,2.4865584065212647
2024-06-20,0.9991179448078678,NN-t,0.05,1.5928633042196452,2.5470065841453273
2024-06-21,-1.6016849994939064,NN-t,0.05,1.482434469580453,2.3731935237199817
2024-06-24,0.5854053366742159,NN-t,0.05,1.3837230729683458,2.2178235064589176
2024-06-25,-0.576763190651134,NN-t,0.05,1.5595469400485178,2.4945672078017345
2024-06-26,-0.7539420565480928,NN-t,0.05,1.5220158540749216,2.4354939328235856
2024-06-27,1.0943747042885628,NN-t,0.05,1.3580395958955334,2.1773981613307583
2024-06-28,0.1375672460389905,NN-t,0.05,1.366652411390448,2.190954582757655
2024-07-01,-0.004289885274544,NN-t,0.05,1.3323314919006697,2.1369340538566544
2024-07-02,-0.1978281967874755,NN-t,0.05,1.306134110172232,2.0956998317603297
2024-07-03,1.571743658704651,NN-t,0.05,1.3794010910524137,2.211020782275821
2024-07-05,1.2088663472560883,NN-t,0.05,1.400127520529501,2.2436438209130873
2024-07-08,-1.403992502750996,NN-t,0.05,1.4289197389228403,2.2889622706796953
2024-07-09,0.2078403578812869,NN-t,0.05,1.4159884596437151,2.2686086625476944
2024-07-10,0.511374163037859,NN-t,0.05,1.3908072173261827,2.2289738261680196
2024-07-11,1.7881513074975277,NN-t,0.05,1.4051625676797366,2.2515688973428785
2024-07-12,-0.0414164429196259,NN-t,0.05,1.1157172901351626,1.7959870768875277
2024-07-15,0.3680006850383179,NN-t,0.05,1.9057405403433028,3.0394698988743216
2024-07-16,1.6171314917783013,NN-t,0.05,1.6196397189446026,2.589152194082891
2024-07-17,-0.309113301982428,NN-t,0.05,1.1500414703323902,1.850012738085204
2024-07-18,-0.1222842829709735,NN-t,0.05,1.921067066668198,3.0635935840958823
2024-07-19,-2.323049125293214,NN-t,0.05,1.5362254515497058,2.452569888652355
2024-07-22,-0.1462141252654495,NN-t,0.05,1.0511899049246711,1.690257435102588
2024-07-23,0.5253774082549602,NN-t,0.05,1.8888875315355589,3.006835853979244
2024-07-24,0.36115155414233,NN-t,0.05,1.7170257364036063,2.736727018389535
2024-07-25,-2.5771655108934746,NN-t,0.05,1.6861193756957225,2.688152632810049
2024-07-26,1.1877017079959726,NN-t,0.05,0.9559703560235384,1.5406043870862134
2024-07-29,-0.1135077221973772,NN-t,0.05,1.764904191561804,2.811975817942022
2024-07-30,1.1584493096314896,NN-t,0.05,1.8172866155112009,2.8943033388868296
2024-07-31,0.8899986305409351,NN-t,0.05,1.8253258929608405,2.906938374318861
2024-08-01,0.3496866671419319,NN-t,0.05,2.008861804674141,3.19539498774893
2024-08-02,-0.3826634135013617,NN-t,0.05,1.5984354353553236,2.5503430224363277
2024-08-05,-0.994332279261066,NN-t,0.05,1.573504856758369,2.5111605528814684
2024-08-06,-0.5260032745343862,NN-t,0.05,1.594876232507273,2.544749154781353
2024-08-07,0.058578222243603,NN-t,0.05,1.5352564476156578,2.4510469409599573
2024-08-08,1.3173648862206806,NN-t,0.05,1.485669471950009,2.373112922831146
2024-08-09,0.4078923886462572,NN-t,0.05,1.508567325423651,2.409100633389624
2024-08-12,1.2381322610815697,NN-t,0.05,1.5883639484843048,2.534514038517597
2024-08-13,0.1744760725796685,NN-t,0.05,1.4803802610139225,2.3648000653630987
2024-08-14,-1.1129137775200022,NN-t,0.05,1.4516651178237443,2.319669535422249
2024-08-15,0.5600503269123788,NN-t,0.05,1.425207030098184,2.2780863361894323
2024-08-16,1.837804343675201,NN-t,0.05,1.6745048641263436,2.6685272123488093
2024-08-19,0.1279878215723032,NN-t,0.05,1.183809876128211,1.8964497287529825
2024-08-20,0.3790074479647874,NN-t,0.05,1.6344008544461186,2.6054260932558044
2024-08-21,-0.1155506040310699,NN-t,0.05,1.6629474898743182,2.65034241599317
2024-08-22,-1.18301867569216,NN-t,0.05,1.4594161169480957,2.33009869212151
2024-08-23,1.1830186756921703,NN-t,0.05,1.587590209574992,2.5317725084799703
2024-08-26,0.3700706198852698,NN-t,0.05,1.4488242893967058,2.313433122342776
2024-08-27,-0.0675428115696949,NN-t,0.05,2.0584569818731753,3.272651550566812
2024-08-28,-0.5979686942712076,NN-t,0.05,1.785107860980968,2.842554022441275
2024-08-29,0.9827580801596992,NN-t,0.05,1.8127203677466217,2.886000552894689
2024-08-30,-1.2710561536922458,NN-t,0.05,1.6987831101393218,2.7067274946958793
2024-09-03,-0.1565161353524096,NN-t,0.05,1.9329014024536215,3.075097798886687
2024-09-04,0.140469195620637,NN-t,0.05,1.6564870484900862,2.6401773206715218
2024-09-05,0.7193125924703407,NN-t,0.05,1.6604403991080694,2.6463976674685346
2024-09-06,-0.7152981683501989,NN-t,0.05,1.7147398681402428,2.7318344427288306
2024-09-09,0.332314631166116,NN-t,0.05,1.7330658552430085,2.7606692226894656
2024-09-10,0.4188195346663044,NN-t,0.05,1.6090719068314527,2.5655725984886315
2024-09-11,-0.0079592057221238,NN-t,0.05,1.571447003544752,2.5063721962822756
2024-09-12,1.5444721969289847,NN-t,0.05,1.47009773484878,2.346905541327648
2024-09-13,1.1729349341314652,NN-t,0.05,1.490811149479824,2.3794967872872954
2024-09-16,-0.0348779085190971,NN-t,0.05,1.562348004501226,2.4989485182607116
2024-09-17,-0.625883189495714,NN-t,0.05,1.2614042658436038,2.0252539586328093
2024-09-18,0.249266043134922,NN-t,0.05,1.3649397707559805,2.188221979247179
2024-09-19,0.6707160271705417,NN-t,0.05,1.2127034041906248,1.9485973273398325
2024-09-20,1.225073519220459,NN-t,0.05,1.5551843036023425,2.4876726360717707
2024-09-23,0.2516049581020544,NN-t,0.05,1.874680833180296,2.990569850535012
2024-09-24,0.9360187860914404,NN-t,0.05,1.3844917627227795,2.218997406793449
2024-09-25,0.3012958044237874,NN-t,0.05,1.6608826990925047,2.654045111965182
2024-09-26,0.4015674633472966,NN-t,0.05,1.290330385343727,2.0707845468400077
2024-09-27,-0.963458348443632,NN-t,0.05,1.367446053569744,2.1921669443063103
2024-09-30,-0.3105809232568264,NN-t,0.05,1.3475990634751858,2.1609271807720476
2024-10-01,1.176615388576509,NN-t,0.05,1.3381144189003975,2.1459980629405155
2024-10-02,-0.7602005078805537,NN-t,0.05,1.8264236699911456,2.914611614062836
2024-10-03,0.3770601213994833,NN-t,0.05,1.272998515994043,2.043503659536128
2024-10-04,-0.4261843753354774,NN-t,0.05,1.342577488306235,2.1530230693627024
2024-10-07,-0.0378028954542206,NN-t,0.05,1.304518611177787,2.093117244035654
2024-10-08,-1.133136902967098,NN-t,0.05,1.2292295631215595,1.9746100020412531
2024-10-09,-0.3447618814232795,NN-t,0.05,1.294491077378353,2.077333602121506
2024-10-10,0.558685775053781,NN-t,0.05,1.318256016720036,2.1147403364375488
2024-10-11,1.4020160169731888,NN-t,0.05,1.538673503794406,2.461684137095147
2024-10-14,-0.3694371660486623,NN-t,0.05,1.7805512577666671,2.819637006672889
2024-10-15,0.512313847150435,NN-t,0.05,1.156139744206899,1.8446997198771755
2024-10-16,0.4723215245810717,NN-t,0.05,1.3695825296035231,2.1779628413311105
2024-10-17,0.6337393065017404,NN-t,0.05,1.3974515483579426,2.221476685871217
2024-10-18,0.840012761358353,NN-t,0.05,1.4224271466399088,2.26047283103565
2024-10-21,0.3457973722361968,NN-t,0.05,1.586398779052271,2.516493187713891
2024-10-22,0.7718602631013913,NN-t,0.05,1.4312528495746435,2.2742530171571405
2024-10-23,-1.091867720094922,NN-t,0.05,1.402560181655754,2.2294531516769296
2024-10-24,0.7523937915991553,NN-t,0.05,1.0163563347190454,1.6264461242504549
2024-10-25,0.2191461563702766,NN-t,0.05,1.4166673162625152,2.251479605768989
2024-10-28,0.072942126259476,NN-t,0.05,1.3761574384845414,2.1882287055667726
2024-10-29,0.9253781457162932,NN-t,0.05,1.358021660418813,2.159912049199356
2024-10-30,0.7234316137240295,NN-t,0.05,1.431637230727707,2.274853178285379
2024-10-31,-1.8166509123427008,NN-t,0.05,1.4071537095795277,2.236625347502232
2024-11-01,0.0109568851138485,NN-t,0.05,1.4348054317812016,2.2797999117648886
2024-11-04,-0.0913292083432016,NN-t,0.05,1.3015336467998413,2.0717133700619508
2024-11-05,0.1533836784366828,NN-t,0.05,1.3729953840666027,2.1832915692584582
2024-11-06,-2.688819289182318,NN-t,0.05,1.448173065529974,2.300671731542215
2024-11-07,1.1479740190580865,NN-t,0.05,1.0174495701246504,1.6281530690088777
2024-11-08,-0.4047575121093911,NN-t,0.05,1.3685775114039926,2.176393636255047
2024-11-11,-2.88015263656269,NN-t,0.05,1.0414232350243755,1.6709658362360789
2024-11-12,-0.4298422060717889,NN-t,0.05,1.077775961856259,1.7278538876011855
2024-11-13,-0.741199771886598,NN-t,0.05,1.8091925182677449,2.872440999947679
2024-11-14,-0.4894201906120731,NN-t,0.05,1.2888739177518598,2.0581991575336054
2024-11-15,-0.0973918559053458,NN-t,0.05,1.296742635597624,2.0705128424755217
2024-11-18,1.7348790536743832,NN-t,0.05,1.3156234476325253,2.1000592533905444
2024-11-19,0.6300496006653572,NN-t,0.05,1.560286475956258,2.482930199682692
2024-11-20,0.7999532098494133,NN-t,0.05,1.5638830760770372,2.488558486478256
2024-11-21,0.8984571185138248,NN-t,0.05,1.652876086518856,2.6278228385738314
2024-11-22,1.404698113449777,NN-t,0.05,1.682783674153367,2.6746249502675905
2024-11-25,-3.4959481903407377,NN-t,0.05,1.6940797240932877,2.692302036010754
2024-11-26,0.1336617767776714,NN-t,0.05,0.914661087085042,1.4725969046158125
2024-11-27,0.7452166991228204,NN-t,0.05,2.120974896292982,3.360346405719848
2024-11-29,0.6456666117155565,NN-t,0.05,2.1979723307664902,3.480838990156972
2024-12-02,-0.8352473231234763,NN-t,0.05,2.184828495776764,3.460270322406463
2024-12-03,0.3712425318383127,NN-t,0.05,1.921574397371864,3.048306379745686
2024-12-04,0.3434974654697664,NN-t,0.05,2.2204946507659686,3.5160839637436023
2024-12-05,-1.0302322170881693,NN-t,0.05,2.202633764952707,3.488133626090252
2024-12-06,0.4558239129528256,NN-t,0.05,1.969432859229709,3.1231996511367126
2024-12-09,0.991798633808684,NN-t,0.05,2.3332003845128613,3.6924561407246137
2024-12-10,1.2196028210303025,NN-t,0.05,1.8902184730369165,2.9900244154303217
2024-12-11,1.3330075570755335,NN-t,0.05,1.7933266660192608,2.8391604518227727
2024-12-12,-1.7081207143532986,NN-t,0.05,1.7911873534922185,2.835829466704846
2024-12-13,-1.1790161839593785,NN-t,0.05,0.6821864252457109,1.1090758759783137
2024-12-16,-0.173346606353259,NN-t,0.05,0.6940215001730962,1.1275035053940012
2024-12-17,-0.264360600282425,NN-t,0.05,0.9927192997875738,1.5925865228103462
2024-12-18,-0.299187955944324,NN-t,0.05,0.9248778773074192,1.4869550333463777
2024-12-19,-1.6945362817807692,NN-t,0.05,0.942237584869174,1.513984710781922
2024-12-20,1.398249166131256,NN-t,0.05,0.6713106459104501,1.0921419036607212
2024-12-23,-0.6258330803749558,NN-t,0.05,1.5303011517154734,2.4296204417933107
2024-12-24,0.294323974486273,NN-t,0.05,0.7807449302078661,1.2625349471164502
2024-12-26,0.7149969097485895,NN-t,0.05,1.3181522542447293,2.0992971200125963
2024-12-27,-0.8219261513672151,NN-t,0.05,1.363402213432474,2.1697529036981975
2024-12-30,-0.4250136932791705,NN-t,0.05,1.3192163534012722,2.10095395995984
