date,ret,model,level,var,es
2023-01-13,0.1872277587171562,GARCH-t,0.01,2.833462417033536,3.966339800380082
2023-01-16,0.3144915094552991,GARCH-t,0.01,2.636598249131465,3.693641399720231
2023-01-17,0.3497914614155125,GARCH-t,0.01,2.4719555499175367,3.465576530249963
2023-01-18,-0.0347099371499678,GARCH-t,0.01,2.3321739342457373,3.2719495058830343
2023-01-19,-1.7370582414515032,GARCH-t,0.01,2.201043719221821,3.0903064964096587
2023-01-20,0.755826001684081,GARCH-t,0.01,2.8674021294603373,4.013353461607898
2023-01-23,0.4605095159965551,GARCH-t,0.01,2.754100372348565,3.856406627221558
2023-01-24,-0.0651730319789013,GARCH-t,0.01,2.5929729751786716,3.633211192628445
2023-01-25,-0.0760284918850211,GARCH-t,0.01,2.4307621723873876,3.4085150127073853
2023-01-26,0.338976505849431,GARCH-t,0.01,2.290174213497403,3.2137710328867275
2023-01-27,0.1134678469968637,GARCH-t,0.01,2.173326463838756,3.051912250802696
2023-01-30,-0.1582118708790759,GARCH-t,0.01,2.057892929885307,2.892012455796431
2023-01-31,0.0144736420190294,GARCH-t,0.01,1.9784392880646595,2.7819524012827572
2023-02-01,0.3462386659907409,GARCH-t,0.01,1.8924065312633351,2.6627788846692644
2023-02-02,2.1405244587293084,GARCH-t,0.01,1.833720534407938,2.581486399327002
2023-02-03,-0.2114577941051755,GARCH-t,0.01,2.797409131159946,3.916398394074232
2023-02-06,-0.8469202017936116,GARCH-t,0.01,2.625723252586944,3.678577235446582
2023-02-07,-0.1632402932545597,GARCH-t,0.01,2.6564734993339068,3.721172813896205
2023-02-08,0.5933062044065663,GARCH-t,0.01,2.4963152380407987,3.499319836929779
2023-02-09,0.7200187960002645,GARCH-t,0.01,2.413337967653595,3.405981965636403
2023-02-10,-1.3975554593732504,GARCH-t,0.01,2.3639169488760383,3.3370930229992255
2023-02-13,0.58204654024423,GARCH-t,0.01,2.73289458347006,3.851418298614392
2023-02-14,-0.1090410679064897,GARCH-t,0.01,2.6048133009618435,3.672883247297084
2023-02-15,0.8144616074990894,GARCH-t,0.01,2.453862658214735,3.462470139140499
2023-02-16,0.1759009649695851,GARCH-t,0.01,2.426659851655427,3.4245516051444844
2023-02-17,-0.332991334302645,GARCH-t,0.01,2.2877843309350374,3.2309702501409383
2023-02-20,-0.0287484499692288,GARCH-t,0.01,2.213221298660333,3.127035354012111
2023-02-21,-0.5177614650416545,GARCH-t,0.01,2.1045816218876374,2.9756003442442744
2023-02-22,0.0147384075620377,GARCH-t,0.01,2.1086173944756106,2.9812258880551163
2023-02-23,0.4910089679164108,GARCH-t,0.01,2.0110590526747507,2.845237371866338
2023-02-24,-1.7334405869660656,GARCH-t,0.01,1.9655276026224544,2.781770176563101
2023-02-27,1.1224889814446148,GARCH-t,0.01,2.6952178839805963,3.798899996602646
2023-02-28,-0.1059633054260411,GARCH-t,0.01,2.7394779110096645,3.8605949300245785
2023-03-01,-0.3920435745910764,GARCH-t,0.01,2.572069328170027,3.627240771298732
2023-03-02,0.1476863054314378,GARCH-t,0.01,2.4705035530155564,3.4856662139224635
2023-03-03,1.6226963337134577,GARCH-t,0.01,2.325551709546022,3.2836149515866766
2023-03-06,0.4814974887177785,GARCH-t,0.01,2.7126642315839233,3.823218808092216
2023-03-07,-0.6026319598284786,GARCH-t,0.01,2.568974826784862,3.622927284169444
2023-03-08,0.4638456276087954,GARCH-t,0.01,2.523900283640307,3.560096980507384
2023-03-09,0.0085708640276845,GARCH-t,0.01,2.40515573020664,3.4147431037976195
2023-03-10,-1.3215417024382794,GARCH-t,0.01,2.274411524042758,3.2314695691867197
2023-03-13,-3.0837552271425768,GARCH-t,0.01,2.61260634305476,3.705541512303889
2023-03-14,1.810844640668792,GARCH-t,0.01,4.123393544757496,5.823320331151932
2023-03-15,-3.320972704836144,GARCH-t,0.01,4.2038903900864035,5.9361585348576
2023-03-16,1.5611187600414351,GARCH-t,0.01,5.278897902667105,7.443073696489928
2023-03-17,-1.3378199102217023,GARCH-t,0.01,5.089929756119265,7.178183487104415
2023-03-20,1.1122734211361045,GARCH-t,0.01,4.923760451179755,6.94525204980671
2023-03-21,1.7389823716577375,GARCH-t,0.01,4.655820727435898,6.569661714494626
2023-03-22,0.1371229202679795,GARCH-t,0.01,4.617963052092958,6.516593894697277
2023-03-23,-0.0381296965047421,GARCH-t,0.01,4.259445275295535,6.014033803490292
2023-03-24,-1.6783897541230277,GARCH-t,0.01,3.937779525306381,5.5631318423748315
2023-03-27,1.133133133217044,GARCH-t,0.01,4.090596397980546,5.777346217335908
2023-03-28,0.0947471907078762,GARCH-t,0.01,3.92979603155003,5.551940806364895
2023-03-29,1.225849548428203,GARCH-t,0.01,3.6370713759277766,5.141607653732474
2023-03-30,1.2552042103065504,GARCH-t,0.01,3.5674969792424385,5.044080229970692
2023-03-31,0.6833748290709876,GARCH-t,0.01,3.5184460543286344,4.975322029139838
2023-04-03,-0.3070831681625113,GARCH-t,0.01,3.320569612539217,4.697944423148508
2023-04-04,0.1446224144328903,GARCH-t,0.01,3.1183321097560377,4.4144536050582905
2023-04-05,-0.5352844624026384,GARCH-t,0.01,2.907424048057441,4.118808642428093
2023-04-06,0.499516288859765,GARCH-t,0.01,2.7643965792879475,3.877452195675847
2023-04-11,0.3665582721320525,GARCH-t,0.01,2.622171429989351,3.679935088534219
2023-04-12,0.3088751677893238,GARCH-t,0.01,2.4788346174215636,3.4808741439339617
2023-04-13,0.1645424133099298,GARCH-t,0.01,2.3470544273674196,3.297862615758857
2023-04-14,0.494912626016291,GARCH-t,0.01,2.2222971961851123,3.1246043170708075
2023-04-17,-0.1137431482918061,GARCH-t,0.01,2.1515596437553173,3.026366580699169
2023-04-18,0.5881493319267852,GARCH-t,0.01,2.0622621007683377,2.9023534054441127
2023-04-19,0.078861635727574,GARCH-t,0.01,2.03671974390648,2.866881110552431
2023-04-20,-0.6262362247234691,GARCH-t,0.01,1.9509767176117656,2.747804318614989
2023-04-21,0.5410167302099126,GARCH-t,0.01,2.0203857065988213,2.8441969944670347
2023-04-24,-0.1115742465090833,GARCH-t,0.01,1.9898236246611496,2.801753488221308
2023-04-25,0.051548191591333,GARCH-t,0.01,1.922582868529195,2.7083719751858326
2023-04-26,-0.4825053630805876,GARCH-t,0.01,1.852956758625432,2.611677769712764
2023-04-27,0.0298752982063484,GARCH-t,0.01,1.8899035718175892,2.6629881581764523
2023-04-28,0.7687226368913168,GARCH-t,0.01,1.8255868956631216,2.5736675009112275
2023-05-02,-1.235046664211514,GARCH-t,0.01,1.8990044908922523,2.675627183108559
2023-05-03,0.5587430719483529,GARCH-t,0.01,2.2925542964695853,3.22217481900232
2023-05-04,-0.5123379169960087,GARCH-t,0.01,2.225078928246341,3.128467485239634
2023-05-05,1.4310226108008792,GARCH-t,0.01,2.207043805948719,3.1034209642780497
2023-05-08,-0.0513222529089768,GARCH-t,0.01,2.511977424931231,3.526901667857439
2023-05-09,0.0166125412826278,GARCH-t,0.01,2.399121405826807,3.4131011419469512
2023-05-10,-0.3720369587487674,GARCH-t,0.01,2.2606612065809193,3.2186186708314763
2023-05-11,-0.3864997452142485,GARCH-t,0.01,2.2000982564085403,3.133551393218719
2023-05-12,0.4970927503231007,GARCH-t,0.01,2.153022817154727,3.0674287976656873
2023-05-15,0.0214879544030366,GARCH-t,0.01,2.088422033812785,2.97668994239346
2023-05-16,-0.1213920861888167,GARCH-t,0.01,1.992243141108598,2.8415961838683668
2023-05-17,0.3351425952408643,GARCH-t,0.01,1.923480858077429,2.7450120478041495
2023-05-18,1.3206655655658732,GARCH-t,0.01,1.865280464993656,2.6632632396378173
2023-05-19,0.6906555293001099,GARCH-t,0.01,2.224253794914169,3.1674804850825624
2023-05-22,-0.3162503832106413,GARCH-t,0.01,2.1991541001617785,3.1322252226585916
2023-05-23,-0.4393879945849793,GARCH-t,0.01,2.134755736560874,3.0417706880189637
2023-05-24,-1.942430589231978,GARCH-t,0.01,2.1136135614860687,3.012074194183923
2023-05-25,-0.3055394053591321,GARCH-t,0.01,2.994562668284755,4.2494634233653725
2023-05-26,1.196888232836375,GARCH-t,0.01,2.8156692713020934,3.998188110308483
2023-05-29,-0.1956324077609966,GARCH-t,0.01,2.8765432607553088,4.083692276559857
2023-05-30,-0.2750664389509437,GARCH-t,0.01,2.6960410080189026,3.830157149893275
2023-05-31,-1.5513006778311815,GARCH-t,0.01,2.551363830849326,3.626942254326192
2023-06-01,1.203406567368588,GARCH-t,0.01,2.991340971281968,4.244938198082584
2023-06-02,1.2385113008230193,GARCH-t,0.01,3.021315582515978,4.287040813095896
2023-06-05,-0.5456236720305127,GARCH-t,0.01,3.0608010728988875,4.3425024965594385
2023-06-06,0.1786862807888011,GARCH-t,0.01,2.955068446772187,4.194949933077793
2023-06-07,-0.1995485241074591,GARCH-t,0.01,2.7437615695066357,3.89784426850779
2023-06-08,0.1840370632747577,GARCH-t,0.01,2.578509473035094,3.6654934118810902
2023-06-09,-0.2512234800077262,GARCH-t,0.01,2.4153202066431176,3.4360429743491943
2023-06-12,0.9238184345050416,GARCH-t,0.01,2.3043496897239244,3.2800141237807385
2023-06-13,0.8216286734134776,GARCH-t,0.01,2.358110712212843,3.355604206418986
2023-06-14,0.4923595281371546,GARCH-t,0.01,2.3607750508151955,3.3593503698251905
2023-06-15,-0.1268058133693415,GARCH-t,0.01,2.266628070403816,3.2269760640555307
2023-06-16,0.4135651727713478,GARCH-t,0.01,2.157924765722394,3.074135001822889
2023-06-19,-0.9609122366319118,GARCH-t,0.01,2.079321940028362,2.9636163804362443
2023-06-20,-0.5563175710652921,GARCH-t,0.01,2.2998277760002366,3.2736561377114253
2023-06-21,-0.5488853897582908,GARCH-t,0.01,2.2886213211167585,3.257899427524254
2023-06-22,-0.2184837938773562,GARCH-t,0.01,2.2768667470228983,3.241372040469526
2023-06-23,-0.994534731941198,GARCH-t,0.01,2.1805126971057716,3.1058945093777997
2023-06-26,-0.1066957050622756,GARCH-t,0.01,2.3937584103028295,3.4057262524615592
2023-06-27,0.2135241919475105,GARCH-t,0.01,2.2646001171095316,3.224124683073462
2023-06-28,0.6424735713688167,GARCH-t,0.01,2.1456383703423154,3.0568598534140627
2023-06-29,-0.0142983037281051,GARCH-t,0.01,2.1255394653687567,3.028600013523503
2023-06-30,1.25368861412709,GARCH-t,0.01,2.0263965229712877,2.889201191442535
2023-07-03,-0.4149093739210347,GARCH-t,0.01,2.316895746273921,3.2976543658649335
2023-07-04,-0.2607090112677748,GARCH-t,0.01,2.207381449839834,3.1188150194622626
2023-07-05,-0.6354003176892583,GARCH-t,0.01,2.123548258403922,3.001886806461424
2023-07-06,-2.6000223749537517,GARCH-t,0.01,2.1661632491647675,3.061325015020169
2023-07-07,0.4809240594387629,GARCH-t,0.01,3.578199268079954,5.030793736854392
2023-07-10,0.4460840967480253,GARCH-t,0.01,3.3163095145863535,4.665517163760471
2023-07-11,0.7448645527859914,GARCH-t,0.01,3.0813059600325627,4.337740716124858
2023-07-12,1.4626839269726633,GARCH-t,0.01,2.9352259155509017,4.13399231690781
2023-07-13,0.7339304325099197,GARCH-t,0.01,3.0976164870661793,4.36049018738411
2023-07-14,-0.2230345697049001,GARCH-t,0.01,2.946421253107862,4.149607263590084
2023-07-17,-0.2263955590769147,GARCH-t,0.01,2.7546283786122623,3.8820998754428913
2023-07-18,0.3531071288459615,GARCH-t,0.01,2.5880968045606756,3.649826249346304
2023-07-19,-0.1027507141257687,GARCH-t,0.01,2.433210218976355,3.433794730565096
2023-07-20,0.5897928058184373,GARCH-t,0.01,2.2935807903590253,3.239043471655507
2023-07-21,-0.166762236102906,GARCH-t,0.01,2.2252133213171255,3.143686419806054
2023-07-24,0.0848393320147906,GARCH-t,0.01,2.122508528528434,3.0004366200345225
2023-07-25,0.1273952671861861,GARCH-t,0.01,2.014280969012964,2.8494838182285687
2023-07-26,-0.4955008710854717,GARCH-t,0.01,1.921577203213244,2.7201831738448226
2023-07-27,1.687750713192438,GARCH-t,0.01,1.951023833944581,2.7612545186348267
2023-07-28,0.3876457640344605,GARCH-t,0.01,2.53418053372275,3.574625328413128
2023-07-31,-0.1392606736468624,GARCH-t,0.01,2.39100425158894,3.37492701647652
2023-08-01,-1.2630769199588878,GARCH-t,0.01,2.2841846323491826,3.2645604992579886
2023-08-02,-1.3662828206126842,GARCH-t,0.01,2.6100976409623184,3.724087008791781
2023-08-03,-0.7936497865689316,GARCH-t,0.01,2.91041784128573,4.147528509284082
2023-08-04,0.3672795938017441,GARCH-t,0.01,2.8769935036080017,4.100401304107817
2023-08-07,-0.0068996586104494,GARCH-t,0.01,2.6952165889225492,3.844101896254536
2023-08-08,-1.1084511098277747,GARCH-t,0.01,2.5236367196807534,3.6021799835501
2023-08-09,0.4910316823599382,GARCH-t,0.01,2.7032286119391102,3.855398582406376
2023-08-10,0.9038901249810708,GARCH-t,0.01,2.5608480942116767,3.654646784816838
2023-08-11,-1.0327228225598208,GARCH-t,0.01,2.5491843215393657,3.6382012530262826
2023-08-14,0.4542428052187615,GARCH-t,0.01,2.685157725494232,3.829919233154462
2023-08-15,-0.8649445057065229,GARCH-t,0.01,2.5391123442856496,3.6240000998682698
2023-08-16,0.1405083808944577,GARCH-t,0.01,2.6003656949958955,3.7103652884469818
2023-08-17,-0.7153691646610253,GARCH-t,0.01,2.43765598655983,3.480950007654557
2023-08-18,-0.6568779754443819,GARCH-t,0.01,2.4573307235438,3.5086907328582293
2023-08-21,0.186162963193506,GARCH-t,0.01,2.4519176096942727,3.5010584222500487
2023-08-22,0.6537451456842291,GARCH-t,0.01,2.3089755999540897,3.2995149395852565
2023-08-23,0.1450023611823725,GARCH-t,0.01,2.2592870447683673,3.2294557283084964
2023-08-24,-0.6821095767501448,GARCH-t,0.01,2.1400234873274475,3.061298076367506
2023-08-25,0.0661054993562347,GARCH-t,0.01,2.203032917902597,3.1501392791876106
2023-08-28,1.023353097525468,GARCH-t,0.01,2.091309432058862,2.9926128775837366
2023-08-29,0.8717225363247004,GARCH-t,0.01,2.2356306473927208,3.176862306774382
2023-08-30,-0.2447943175912836,GARCH-t,0.01,2.2792784762581033,3.238173359452191
2023-08-31,0.3464331723171214,GARCH-t,0.01,2.1899487829755064,3.112694093405913
2023-09-01,-0.6715904331487367,GARCH-t,0.01,2.1010772600610843,2.98785840822743
2023-09-04,-0.0978376310273538,GARCH-t,0.01,2.1631210468060695,3.075009819336207
2023-09-05,-0.3363638273423204,GARCH-t,0.01,2.0698655686494587,2.944016097944286
2023-09-06,-0.192554031843608,GARCH-t,0.01,2.030703982512065,2.889006762244646
2023-09-07,-0.1443734458280984,GARCH-t,0.01,1.9689934842764456,2.802323513468013
2023-09-08,0.1375738541732063,GARCH-t,0.01,1.9093523231392409,2.71854701261326
2023-09-11,0.3848321011110978,GARCH-t,0.01,1.8428170002956232,2.6250864490562167
2023-09-12,-0.5423198310995345,GARCH-t,0.01,1.812374794794679,2.582325017076323
2023-09-13,-0.3921003528322211,GARCH-t,0.01,1.8823407533350864,2.6806045118698543
2023-09-14,0.9616287303144746,GARCH-t,0.01,1.889251723908528,2.690312185582329
2023-09-15,0.5567428783243866,GARCH-t,0.01,2.04480800100636,2.9088183369174545
2023-09-18,-1.0525507256928552,GARCH-t,0.01,2.019581469156412,2.873383235943687
2023-09-19,-0.3990859364067893,GARCH-t,0.01,2.2844734125027863,3.245470561123733
2023-09-20,0.744830214040099,GARCH-t,0.01,2.226815976521829,3.1644805511601555
2023-09-21,-1.3378599108415867,GARCH-t,0.01,2.2264768611780754,3.164004204014256
2023-09-22,-0.0936120220512701,GARCH-t,0.01,2.6032738568994707,3.6932818577725777
2023-09-25,-0.9805386957205736,GARCH-t,0.01,2.4515571724013,3.4801690895737636
2023-09-26,-0.9759599905361404,GARCH-t,0.01,2.526912125640818,3.5481224122144956
2023-09-27,-0.25215461812357,GARCH-t,0.01,2.61977019342598,3.677337868758369
2023-09-28,0.6944789225067006,GARCH-t,0.01,2.488109135074579,3.4941266069939463
2023-09-29,0.4108108261458599,GARCH-t,0.01,2.4313739562351113,3.4151774945398574
2023-10-02,-0.9099173076763926,GARCH-t,0.01,2.322706041069048,3.2639620470857853
2023-10-03,-1.068174189590285,GARCH-t,0.01,2.427288970128225,3.409493084371019
2023-10-04,0.0974649581371627,GARCH-t,0.01,2.5821217901522147,3.624948714717143
2023-10-05,-0.1968847691965825,GARCH-t,0.01,2.4309696238859075,3.414614851030855
2023-10-06,1.0531441313921008,GARCH-t,0.01,2.3152166842057587,3.2535403283337985
2023-10-09,-0.6697408387907724,GARCH-t,0.01,2.4129476264778416,3.389536571044419
2023-10-10,1.9338960806318537,GARCH-t,0.01,2.4091646910861333,3.384272475684967
2023-10-11,0.2363088169419606,GARCH-t,0.01,2.9742136837428887,4.170559174270196
2023-10-12,-0.2265142418434755,GARCH-t,0.01,2.7838334510258846,3.90563799645319
2023-10-13,-1.5574111193234097,GARCH-t,0.01,2.629040007184098,3.6902371595297767
2023-10-16,0.337424595961899,GARCH-t,0.01,2.996113318601853,4.201033331055283
2023-10-17,0.0898677581145981,GARCH-t,0.01,2.8112303168888495,3.943761754730658
2023-10-18,-1.0332733505565326,GARCH-t,0.01,2.6341422732039494,3.6973371525501864
2023-10-19,-0.3296582660916618,GARCH-t,0.01,2.7309741902714544,3.832082368236179
2023-10-20,-1.6537250021769485,GARCH-t,0.01,2.5976730387092504,3.646588855741548
2023-10-23,0.0152031190441692,GARCH-t,0.01,3.030967868571921,4.249534734265971
2023-10-24,0.5338216254913195,GARCH-t,0.01,2.8397095459622834,3.966403691344572
2023-10-25,0.0822195964130725,GARCH-t,0.01,2.708535108512804,3.784428775702685
2023-10-26,-1.0878724208663224,GARCH-t,0.01,2.550641410247221,3.5653869183032096
2023-10-27,-0.2966822906791264,GARCH-t,0.01,2.6857046446492125,3.7527566617114023
2023-10-30,0.1981359113235535,GARCH-t,0.01,2.5579606349583788,3.5755406900690683
2023-10-31,0.6353540949674668,GARCH-t,0.01,2.421413379870444,3.3861122030185458
2023-11-01,0.759613332444547,GARCH-t,0.01,2.3693267987246873,3.3138538316897277
2023-11-02,1.4656266410818382,GARCH-t,0.01,2.3597507105801836,3.300569171460508
2023-11-03,0.3009966137605249,GARCH-t,0.01,2.658378057012224,3.714847191110952
2023-11-06,-0.351392858762129,GARCH-t,0.01,2.517453209875267,3.5193457834569606
2023-11-07,0.1100738786106285,GARCH-t,0.01,2.4206734430185137,3.3850857076980523
2023-11-08,0.5066125961720225,GARCH-t,0.01,2.2976519474931387,3.214421158219873
2023-11-09,0.8040058240867269,GARCH-t,0.01,2.2345432681843787,3.126872114238605
2023-11-10,-0.7725586025069316,GARCH-t,0.01,2.2621341656270526,3.1651482550190697
2023-11-13,0.7234338895524853,GARCH-t,0.01,2.32322364194346,3.2498961107403255
2023-11-14,1.740577862138782,GARCH-t,0.01,2.310326841862444,3.232004712443328
2023-11-15,0.8528696390834213,GARCH-t,0.01,2.78485716507148,3.890308397326597
2023-11-16,0.24379715599134,GARCH-t,0.01,2.7377782232739034,3.8249969949779272
2023-11-17,0.8361290376463646,GARCH-t,0.01,2.5825876482586847,3.609705110782219
2023-11-20,-0.1120666580541593,GARCH-t,0.01,2.562071089451038,3.5812430176269023
2023-11-21,-0.0050299239027282,GARCH-t,0.01,2.4043875657539893,3.3629078836170394
2023-11-22,0.3596551595645857,GARCH-t,0.01,2.281752504885628,3.1929269589686764
2023-11-23,0.2310311494073794,GARCH-t,0.01,2.1919215556913594,3.0684148683971832
2023-11-24,0.2170843100155807,GARCH-t,0.01,2.10067507057423,2.941940744265817
2023-11-27,-0.3945522850599633,GARCH-t,0.01,2.020756369549004,2.831167735301064
2023-11-28,0.1645844843406254,GARCH-t,0.01,2.0054849938697505,2.810000521453481
2023-11-29,1.0807631821599466,GARCH-t,0.01,1.9356415486697456,2.7131925343113057
2023-11-30,0.302511958645477,GARCH-t,0.01,2.1337620952338545,2.987801715880968
2023-12-01,1.1166836505028106,GARCH-t,0.01,2.0571722181058987,2.88164269381395
2023-12-04,0.0441447036472812,GARCH-t,0.01,2.2436577651776743,3.140124937801602
2023-12-05,0.7793476771123728,GARCH-t,0.01,2.1401652998946945,2.996677013379541
2023-12-06,0.7431896493775858,GARCH-t,0.01,2.171007718505049,3.0394268012188235
2023-12-07,-0.1649323756979799,GARCH-t,0.01,2.184597863666096,3.058263709882814
2023-12-08,0.7801024705102276,GARCH-t,0.01,2.103218103166937,2.945465568475618
2023-12-11,0.2098668662753746,GARCH-t,0.01,2.1410181818331635,2.997859168462192
2023-12-12,-0.0160152416128724,GARCH-t,0.01,2.0551136865713215,2.878789422561931
2023-12-13,-0.1531057758321442,GARCH-t,0.01,1.9787734212346928,2.7729763802073415
2023-12-14,-0.0824643315097979,GARCH-t,0.01,1.9251349601081185,2.698629654609861
2023-12-15,-0.004721964053434,GARCH-t,0.01,1.871778018047322,2.6246731344786496
2023-12-18,-0.6040896244381847,GARCH-t,0.01,1.820906759715451,2.5541619489494214
2023-12-19,0.5621184724288284,GARCH-t,0.01,1.8369820708276952,2.5830243368096437
2023-12-20,-0.0678628254225011,GARCH-t,0.01,1.8404707087503605,2.5878666970230952
2023-12-21,-0.2730714844525453,GARCH-t,0.01,1.7877781147589258,2.5147274013025647
2023-12-22,0.1123554682210487,GARCH-t,0.01,1.7719700996870644,2.4927852837958153
2023-12-27,0.2146039854072149,GARCH-t,0.01,1.7221726480355162,2.423664554171773
2023-12-28,-0.2423155732024419,GARCH-t,0.01,1.6839288148624252,2.3705806801004368
2023-12-29,0.2994624971626512,GARCH-t,0.01,1.6781350867292544,2.362538768265062
2024-01-02,0.1057173213820018,GARCH-t,0.01,1.6548940556806049,2.3302793459448488
2024-01-03,-1.3868991583284898,GARCH-t,0.01,1.6213821838566336,2.283763611610715
2024-01-04,0.4759280290394104,GARCH-t,0.01,2.1660161074883995,3.0397359140259614
2024-01-05,-0.1389767322435139,GARCH-t,0.01,2.1021101973549383,2.9510321151524295
2024-01-08,0.7340607192363031,GARCH-t,0.01,2.021961601875826,2.8397828601378667
2024-01-09,-0.168307006473176,GARCH-t,0.01,2.04445431763753,2.871003592788085
2024-01-10,0.0086953351805129,GARCH-t,0.01,1.9752832971119512,2.774991623319784
2024-01-11,-0.859179928062285,GARCH-t,0.01,1.9000515129792284,2.6705670867680102
2024-01-12,0.9475181747553496,GARCH-t,0.01,2.061162771420202,2.8941955529797263
2024-01-15,-0.4941371965947412,GARCH-t,0.01,2.1532187580426565,3.021972713267553
2024-01-16,-0.3045201322342683,GARCH-t,0.01,2.1344883908432046,2.9959742614589833
2024-01-17,-0.8483441393796812,GARCH-t,0.01,2.0748372162608835,2.9131761950255375
2024-01-18,0.8222113392252062,GARCH-t,0.01,2.193940564512028,3.078496107164648
2024-01-19,-0.0737791999955264,GARCH-t,0.01,2.091426417833832,2.9058279223141987
2024-01-22,0.7715702540190797,GARCH-t,0.01,2.0161319775229227,2.802313529899499
2024-01-23,-0.3378494502023984,GARCH-t,0.01,2.033929036070946,2.826780830469904
2024-01-24,1.568370612352123,GARCH-t,0.01,1.9931354112048296,2.770697973953904
2024-01-25,0.1006011302378808,GARCH-t,0.01,2.3178113665217177,3.217060734703726
2024-01-26,0.3216620446146262,GARCH-t,0.01,2.2175448148984236,3.079214817688539
2024-01-29,-0.1160937424798049,GARCH-t,0.01,2.1364237731201716,2.9676900448494132
2024-01-30,0.1806266952600262,GARCH-t,0.01,2.0596247735387783,2.8621071924250105
2024-01-31,-0.4048882404080683,GARCH-t,0.01,1.9846468058845717,2.759027884920154
2024-02-01,-0.264911268204156,GARCH-t,0.01,1.9610189581447488,2.7265444466642155
2024-02-02,0.3503656190535221,GARCH-t,0.01,1.9173270704642391,2.6664770739867145
2024-02-05,-0.0836749918298895,GARCH-t,0.01,1.868755430478156,2.5997010440304034
2024-02-06,0.7612880719440723,GARCH-t,0.01,1.8159987850571997,2.527171491064235
2024-02-07,-0.6554500720230801,GARCH-t,0.01,1.858980799828942,2.5862629342768355
2024-02-08,0.2471192831997178,GARCH-t,0.01,1.9118212220386517,2.6589076631225295
2024-02-09,-0.2202993782380713,GARCH-t,0.01,1.854728690419753,2.5804171570832533
2024-02-12,0.6527528784014754,GARCH-t,0.01,1.816683880788108,2.528113356998002
2024-02-13,-0.9229306744622006,GARCH-t,0.01,1.8318346231681053,2.5489425163040687
2024-02-14,0.3822496057037969,GARCH-t,0.01,1.979714842084241,2.752247447558585
2024-02-15,0.5954858644379811,GARCH-t,0.01,1.9282439846859465,2.681485589064815
2024-02-16,0.4141776969236116,GARCH-t,0.01,1.8747693018985745,2.574690199877506
2024-02-19,-0.1472079125049205,GARCH-t,0.01,1.8334012334895615,2.518553561739541
2024-02-20,-0.1395175704703923,GARCH-t,0.01,1.7856387309208832,2.453739650276434
2024-02-21,0.290696135291251,GARCH-t,0.01,1.7423421607975682,2.3949860274193897
2024-02-22,1.4632940280449829,GARCH-t,0.01,1.7019420485382617,2.340162909738127
2024-02-23,0.2810071953807722,GARCH-t,0.01,2.036809324759147,2.7945791740798818
2024-02-26,0.0223886567466426,GARCH-t,0.01,1.9647473105656463,2.696790725891373
2024-02-27,0.7619295273403105,GARCH-t,0.01,1.8932954743125372,2.599830291665248
2024-02-28,0.2544562298983276,GARCH-t,0.01,1.9185070608857884,2.6340425178285134
2024-02-29,0.4363387697094966,GARCH-t,0.01,1.8565386618120816,2.549951146667665
2024-03-01,0.3212407367573934,GARCH-t,0.01,1.8202702785929428,2.5007348022038207
2024-03-04,-0.1066275385050985,GARCH-t,0.01,1.7741742172018478,2.438182258238932
2024-03-05,-0.1003515365818269,GARCH-t,0.01,1.7292112981873105,2.3771673931166393
2024-03-06,0.1034052855964254,GARCH-t,0.01,1.688665363120527,2.3221463932888216
2024-03-07,0.7094530922551384,GARCH-t,0.01,1.6449750600791029,2.2628584732504735
2024-03-08,-0.1589565251828572,GARCH-t,0.01,1.6927630999515046,2.32770703893925
2024-03-11,-0.3837954031859242,GARCH-t,0.01,1.6618750658046488,2.2857918501866283
2024-03-12,1.2256182194385463,GARCH-t,0.01,1.6703252844101102,2.297258831418416
2024-03-13,-0.0207563589655537,GARCH-t,0.01,1.900363092669839,2.609421078701721
2024-03-14,-0.1077434895516357,GARCH-t,0.01,1.836820871954004,2.5231940251313305
2024-03-15,-0.0300382873379964,GARCH-t,0.01,1.7609320687681262,2.4328739823702987
2024-03-18,-0.0221398232560864,GARCH-t,0.01,1.7036294535869756,2.3547976233250982
2024-03-19,0.3051800118650186,GARCH-t,0.01,1.6524661273216008,2.285086211048122
2024-03-20,0.1535478784097713,GARCH-t,0.01,1.615467992078407,2.234675253675259
2024-03-21,0.9068825687253148,GARCH-t,0.01,1.5722799374909529,2.1758303642094994
2024-03-22,0.146705064961775,GARCH-t,0.01,1.7014652006603823,2.351848770327253
2024-03-25,0.3036759629654587,GARCH-t,0.01,1.64800790832835,2.2790117673998025
2024-03-26,0.6715093919433112,GARCH-t,0.01,1.6113957939548105,2.229126773875585
2024-03-27,0.5031839853687976,GARCH-t,0.01,1.6530744036173368,2.285915003910618
2024-03-28,0.0833138568696976,GARCH-t,0.01,1.6470408263569472,2.277694092124657
2024-04-02,-1.1385892638780295,GARCH-t,0.01,1.5991832862316853,2.2124869026442515
2024-04-03,0.4615990643743557,GARCH-t,0.01,1.916304473833825,2.644573075776009
2024-04-04,0.1925991141967733,GARCH-t,0.01,1.868714440642829,2.579730371710114
2024-04-05,-1.2471632880227137,GARCH-t,0.01,1.7981928371719544,2.4836427845096174
2024-04-08,0.7888000679608055,GARCH-t,0.01,2.118714395890864,2.920362055020273
2024-04-09,-1.3313940610920385,GARCH-t,0.01,2.1170278685026345,2.9180641159561187
2024-04-10,0.1139566313916028,GARCH-t,0.01,2.400239026883324,3.3039469594779196
2024-04-11,-0.7923106969112904,GARCH-t,0.01,2.273712717832605,3.131551450077897
2024-04-12,-0.1346540004377691,GARCH-t,0.01,2.3053788308825736,3.17469738336976
2024-04-15,0.5354187626759636,GARCH-t,0.01,2.1977046300862044,3.0279883800423217
2024-04-16,-1.4547848971801618,GARCH-t,0.01,2.154250216515162,2.9932953472194
2024-04-17,0.0213250554819905,GARCH-t,0.01,2.5073322550871513,3.4780935292998314
2024-04-18,0.3784657240037666,GARCH-t,0.01,2.367763958649113,3.286459719030471
2024-04-19,-0.5624284183328198,GARCH-t,0.01,2.256968440356395,3.1343322812593275
2024-04-22,0.693529668303137,GARCH-t,0.01,2.2278634004693068,3.094369697822045
2024-04-23,1.5381498851941169,GARCH-t,0.01,2.1882828742431077,3.040023780828208
2024-04-24,-0.2702519144003532,GARCH-t,0.01,2.4770751281214003,3.4365490763242597
2024-04-25,-0.9521819658271264,GARCH-t,0.01,2.3641841098849468,3.2815444189489096
2024-04-26,1.3511404392249289,GARCH-t,0.01,2.441571375953545,3.387800761123567
2024-04-29,-0.2353377128828865,GARCH-t,0.01,2.587888394265081,3.5887008827263243
2024-04-30,-1.032729618214251,GARCH-t,0.01,2.4585967514639364,3.41117739939737
2024-05-02,-0.1991139148488078,GARCH-t,0.01,2.5497731153938705,3.536366819002819
2024-05-03,0.5855458133382536,GARCH-t,0.01,2.4205027029701527,3.35887248597679
2024-05-06,0.9598008131742796,GARCH-t,0.01,2.33394629006283,3.2400264755861548
2024-05-07,1.392389776909481,GARCH-t,0.01,2.353247535369275,3.266527989722352
2024-05-08,0.3700680103170389,GARCH-t,0.01,2.5353236641935872,3.516527045497804
2024-05-09,1.012346141279731,GARCH-t,0.01,2.405646224193891,3.338473844539299
2024-05-10,0.4604987751622837,GARCH-t,0.01,2.430677711270223,3.3728432491073015
2024-05-13,-0.1632885813641824,GARCH-t,0.01,2.3229998271167203,3.224996469081299
2024-05-14,-0.1377561219501679,GARCH-t,0.01,2.214451249540958,3.0759541861915203
2024-05-15,0.8138200143103556,GARCH-t,0.01,2.096793613238389,2.899354912447337
2024-05-16,-0.6942605969100953,GARCH-t,0.01,2.10927900035912,2.916409089449883
2024-05-17,-0.1836948053896265,GARCH-t,0.01,2.143324279276236,2.962912590473849
2024-05-20,0.3444636056986854,GARCH-t,0.01,2.053362712200016,2.8400312994486967
2024-05-21,-0.2250986987468292,GARCH-t,0.01,1.9711930369815207,2.7277931948655314
2024-05-22,-0.248940690098104,GARCH-t,0.01,1.909818069280501,2.643959225395674
2024-05-23,0.059516413663495,GARCH-t,0.01,1.8608644053349344,2.57709189947475
2024-05-24,0.0109607871940305,GARCH-t,0.01,1.7893553220698872,2.479415427652185
2024-05-27,0.4341931825481289,GARCH-t,0.01,1.7289253888175378,2.396872310008169
2024-05-28,-0.5171446800186583,GARCH-t,0.01,1.705281040419019,2.364575762147938
2024-05-29,-1.1013500301549617,GARCH-t,0.01,1.7541585738497358,2.43133909904049
2024-05-30,0.1271298539624551,GARCH-t,0.01,2.044475136662695,2.8278914847299927
2024-05-31,0.0062192137719634,GARCH-t,0.01,1.949386088782444,2.698006408851112
2024-06-03,0.5940857619672008,GARCH-t,0.01,1.868037700617656,2.586890125693938
2024-06-04,-1.0943029245612654,GARCH-t,0.01,1.8566949503739436,2.571396711794841
2024-06-05,0.9209992193333072,GARCH-t,0.01,2.1157491910293444,2.925246923300225
2024-06-06,0.4122129657173716,GARCH-t,0.01,2.1602661505549796,2.986054017227233
2024-06-07,-0.5127694431069029,GARCH-t,0.01,2.072818153289239,2.866606089063933
2024-06-10,-0.3367089255844471,GARCH-t,0.01,2.057793712242903,2.8460837396573155
2024-06-11,-0.6778908249741008,GARCH-t,0.01,2.003873915178447,2.772433018683536
2024-06-12,1.410370884898602,GARCH-t,0.01,2.057978316445719,2.8400858038328582
2024-06-13,-1.9795439985809713,GARCH-t,0.01,2.351315592112564,3.240303902345823
2024-06-14,-1.4539924336691077,GARCH-t,0.01,3.0144061597033844,4.144999173343308
2024-06-17,0.3670144586792632,GARCH-t,0.01,3.187672868846521,4.381397608254875
2024-06-18,0.3522624952010773,GARCH-t,0.01,2.962658755959637,4.074397005643261
2024-06-19,-0.3539272076323118,GARCH-t,0.01,2.7624009472147293,3.8011729523889946
2024-06-20,1.0256632533436991,GARCH-t,0.01,2.6098729920082784,3.593069675831238
2024-06-21,-0.4978916597184417,GARCH-t,0.01,2.608838736052282,3.5916585767776192
2024-06-24,0.8882741103415963,GARCH-t,0.01,2.505537709642682,3.450718628828275
2024-06-25,-0.8106782473733726,GARCH-t,0.01,2.476322939643913,3.4108591201080793
2024-06-26,-0.1231882624435676,GARCH-t,0.01,2.48550447733302,3.423386057051248
2024-06-27,0.3041902182248652,GARCH-t,0.01,2.3383580108054036,3.222625076699509
2024-06-28,0.1366319561731131,GARCH-t,0.01,2.2103376410209448,3.047959007242133
2024-07-01,0.3023096655678078,GARCH-t,0.01,2.0888922328437585,2.8822635625588373
2024-07-02,-0.6945609011884646,GARCH-t,0.01,1.9940116944512492,2.752812204646645
2024-07-03,1.1520481699241631,GARCH-t,0.01,2.05143843449872,2.8311630403982524
2024-07-04,0.4124983539930859,GARCH-t,0.01,2.2146555518440043,3.053850198722059
2024-07-05,0.1352369677175872,GARCH-t,0.01,2.116389076295542,2.919779198361906
2024-07-08,-0.0183960349662873,GARCH-t,0.01,2.007223553863723,2.7708379575614783
2024-07-09,-1.2850769881641582,GARCH-t,0.01,1.915090890402624,2.6451356945350284
2024-07-10,0.933496589228261,GARCH-t,0.01,2.2763140729224234,3.105185985188681
2024-07-11,0.6894109801932471,GARCH-t,0.01,2.30153206395956,3.139244913752535
2024-07-12,1.1459537415983594,GARCH-t,0.01,2.2414808162112148,3.058140865685453
2024-07-15,-0.8424954962485622,GARCH-t,0.01,2.3641733215132144,3.2238469787238504
2024-07-16,-0.392689530755699,GARCH-t,0.01,2.404846805549821,3.278779795743486
2024-07-17,-0.4368985143234455,GARCH-t,0.01,2.298090314325721,3.1345965535901033
2024-07-18,-0.4486900319050667,GARCH-t,0.01,2.2185857184248383,3.0272191915988724
2024-07-19,-1.001085002510522,GARCH-t,0.01,2.155276182345189,2.9417145626388517
2024-07-22,1.2856768308834885,GARCH-t,0.01,2.3133324854750694,3.1551823337011835
2024-07-23,0.8149908245219187,GARCH-t,0.01,2.4863374836092555,3.3888395216970335
2024-07-24,-0.9215793646682898,GARCH-t,0.01,2.4314235692450836,3.3146738562506206
2024-07-25,-0.4837811049421177,GARCH-t,0.01,2.490698452421284,3.394729361415802
2024-07-26,0.6472906328498461,GARCH-t,0.01,2.391623064714469,3.260920068384755
2024-07-29,-0.5274130433874562,GARCH-t,0.01,2.3054003876856743,3.144469396593201
2024-07-30,0.4928145452450372,GARCH-t,0.01,2.248599890334639,3.0677557488319107
2024-07-31,0.52801396634034,GARCH-t,0.01,2.150592501247457,2.9353888739791714
2024-08-01,-2.326313285080173,GARCH-t,0.01,2.075544019031973,2.83402985252347
2024-08-02,-2.360376335616341,GARCH-t,0.01,3.149467574257132,4.284450133686622
2024-08-05,-1.841301571168847,GARCH-t,0.01,3.829554834823754,5.202962769792929
2024-08-06,0.0883185198640146,GARCH-t,0.01,4.014846071955856,5.453213513386933
2024-08-07,1.4917864641052032,GARCH-t,0.01,3.685017402278765,5.006464254622758
2024-08-08,0.3697354079403876,GARCH-t,0.01,3.6607770925514824,4.973729703774957
2024-08-09,0.2399805195305926,GARCH-t,0.01,3.343592499914341,4.545397917067883
2024-08-12,0.0202533677150119,GARCH-t,0.01,3.057232099435706,4.158691674626007
2024-08-13,0.4816196058523744,GARCH-t,0.01,2.8044226284209106,3.817293211617696
2024-08-14,0.4120659561104712,GARCH-t,0.01,2.6171502566030407,3.564397227753231
2024-08-15,1.6504405608105874,GARCH-t,0.01,2.4465471805676975,3.334011761144082
2024-08-16,0.7624072770183437,GARCH-t,0.01,2.800437957804551,3.8119122406494848
2024-08-19,0.5404368679973559,GARCH-t,0.01,2.6756908710880545,3.643451527928465
2024-08-20,-0.3489470750472152,GARCH-t,0.01,2.5182202553244277,3.430800372198908
2024-08-21,0.4968141669871004,GARCH-t,0.01,2.381297066094461,3.2458968313399854
2024-08-22,0.2405988785574235,GARCH-t,0.01,2.261297727592754,3.0838475633198836
2024-08-23,0.752614335218902,GARCH-t,0.01,2.1243096487399695,2.8988563943455823
2024-08-26,-0.0863357191590031,GARCH-t,0.01,2.118374861608362,2.8908419509116428
2024-08-27,0.3474161557193789,GARCH-t,0.01,2.00501260865947,2.737755522762572
2024-08-28,0.5364002209628965,GARCH-t,0.01,1.9206723767431897,2.623860954531394
2024-08-29,0.6912442222435738,GARCH-t,0.01,1.8893055948697348,2.581502687342553
2024-08-30,-0.0298808399162741,GARCH-t,0.01,1.9104378083393672,2.61004000902412
2024-09-02,0.1264857362725436,GARCH-t,0.01,1.8261297372429517,2.496188871343336
2024-09-03,-0.9753271985521456,GARCH-t,0.01,1.7524054152802797,2.396630219116604
2024-09-04,-0.8316282224677957,GARCH-t,0.01,1.9742869883514504,2.669066515901277
2024-09-05,-0.0825950595543589,GARCH-t,0.01,2.1023097147633476,2.8401058482189767
2024-09-06,-1.4892440106686575,GARCH-t,0.01,1.9785670710111385,2.674784738758228
2024-09-09,0.7710386776698133,GARCH-t,0.01,2.5049077620266793,3.3779798892293287
2024-09-10,-0.9678263453723406,GARCH-t,0.01,2.4189083485504637,3.2630840213397447
2024-09-11,0.3516741860656538,GARCH-t,0.01,2.502847363364622,3.3752271810083467
2024-09-12,1.0210560022440305,GARCH-t,0.01,2.324719589479092,3.1372471256969496
2024-09-13,0.9727132529983926,GARCH-t,0.01,2.3694299625183177,3.196980522779124
2024-09-16,-0.3551386484055441,GARCH-t,0.01,2.3837051909384637,3.216052336089901
2024-09-17,0.4977136624617267,GARCH-t,0.01,2.257607599275133,3.047584998380074
2024-09-18,-0.0779422615667917,GARCH-t,0.01,2.1434359047712435,2.895050749619449
2024-09-19,1.5426493505265697,GARCH-t,0.01,2.012508293583945,2.7201304692359676
2024-09-20,-1.4971286986846029,GARCH-t,0.01,2.434964758567896,3.2845355067577713
2024-09-23,0.6749565155008249,GARCH-t,0.01,2.8109303072459353,3.7868283279046695
2024-09-24,0.7919082379714939,GARCH-t,0.01,2.6449174672717177,3.5650339160750173
2024-09-25,-0.4121360955154496,GARCH-t,0.01,2.5398435785774143,3.42465440479609
2024-09-26,1.6765890735206166,GARCH-t,0.01,2.400459245927371,3.2384358804748024
2024-09-27,1.2155116782273692,GARCH-t,0.01,2.7825381755716205,3.748896224904247
2024-09-30,-0.7665330769227457,GARCH-t,0.01,2.811585640159429,3.787703857641547
2024-10-01,-0.5801503559355401,GARCH-t,0.01,2.729332911041963,3.677813588438122
2024-10-02,-0.2521798350915954,GARCH-t,0.01,2.536561329410626,3.359735652835883
2024-10-03,-0.7822942845277677,GARCH-t,0.01,2.3601318576732027,3.128097798023166
2024-10-04,0.5533818974793203,GARCH-t,0.01,2.3631854875660405,3.1321069710417286
2024-10-07,-0.0880579009204647,GARCH-t,0.01,2.2368750891826585,2.966271470691703
2024-10-08,-0.197161939847637,GARCH-t,0.01,2.0883536633054876,2.771274658962223
2024-10-09,0.983578375458644,GARCH-t,0.01,1.978443323245746,2.6269711299516865
2024-10-10,-0.2289268996117369,GARCH-t,0.01,2.076437217090385,2.7556293134818173
2024-10-11,0.8445343736598849,GARCH-t,0.01,1.9738504412189344,2.620941041386428
2024-10-14,0.6916265025179444,GARCH-t,0.01,2.0139648924412414,2.6736081232328996
2024-10-15,-0.1133473895911056,GARCH-t,0.01,1.9908301750498616,2.643234080532067
2024-10-16,-0.2743078687566939,GARCH-t,0.01,1.886643347095464,2.506445067395896
2024-10-17,0.7718887090328688,GARCH-t,0.01,1.8279522962575376,2.4293883887190204
2024-10-18,0.3770498008232001,GARCH-t,0.01,1.873974264946972,2.4898115708353528
2024-10-21,-1.0030090025481522,GARCH-t,0.01,1.8015698888065523,2.3947503874454217
2024-10-22,-0.2020379580377815,GARCH-t,0.01,2.054875047420892,2.7273199007847
2024-10-23,-0.2283070731332298,GARCH-t,0.01,1.951645011057207,2.5917870788584936
2024-10-24,0.3368360558854116,GARCH-t,0.01,1.8716135871969375,2.4867121888299706
2024-10-25,0.1058424588474972,GARCH-t,0.01,1.7934620542405886,2.3841054459424997
2024-10-28,0.3489114055908631,GARCH-t,0.01,1.7120093946482735,2.277164586510384
2024-10-29,-0.2745413383707324,GARCH-t,0.01,1.666075683359248,2.2168572793366033
2024-10-30,-1.1396954728938589,GARCH-t,0.01,1.6310965853882609,2.1686034728561507
2024-10-31,-0.9380600896745416,GARCH-t,0.01,1.989616728499356,2.639021450382469
2024-11-01,0.9257567996649416,GARCH-t,0.01,2.1361069510099644,2.8312327822279633
2024-11-04,-0.5578828362529464,GARCH-t,0.01,2.166588763496991,2.871228282779351
2024-11-05,0.5646280260603334,GARCH-t,0.01,2.1280622297890943,2.8206772205413997
2024-11-06,-1.1330879709182635,GARCH-t,0.01,2.049879173143892,2.718092425542963
2024-11-07,1.6833396523556934,GARCH-t,0.01,2.2787373016691688,3.018379536406797
2024-11-08,-0.7622985874587187,GARCH-t,0.01,2.6495432972553874,3.5049179076810995
2024-11-11,1.2058839371179442,GARCH-t,0.01,2.5892793315775124,3.425844936757074
2024-11-12,-2.1567095169652863,GARCH-t,0.01,2.6381824399635843,3.490011209653482
2024-11-13,-0.1605355691903754,GARCH-t,0.01,3.3102891568858324,4.371889364986153
2024-11-14,1.3619838267079996,GARCH-t,0.01,3.034919837301191,4.010574440620341
2024-11-15,-0.2749285462543421,GARCH-t,0.01,3.057800929986623,4.040596958326795
2024-11-18,-0.1126098751812839,GARCH-t,0.01,2.8264397686614284,3.7370255923100943
2024-11-19,-0.6738879931804185,GARCH-t,0.01,2.608243202234827,3.450727627038495
2024-11-20,-0.2917701737873559,GARCH-t,0.01,2.527427297218909,3.34468824453784
2024-11-21,0.741220206767716,GARCH-t,0.01,2.370731096986455,3.1390855440598124
2024-11-22,0.9172178140492234,GARCH-t,0.01,2.29688314544777,3.042188885183591
2024-11-25,0.4266161445903865,GARCH-t,0.01,2.2922604150416985,3.036123352939285
2024-11-26,-0.5644222777316544,GARCH-t,0.01,2.1623655368255013,2.8656869435056422
2024-11-27,-0.1775544220401405,GARCH-t,0.01,2.1095084724952726,2.769276042695214
2024-11-28,0.8477235983316259,GARCH-t,0.01,1.9963938231626772,2.6221890782303667
2024-11-29,1.0279606367893936,GARCH-t,0.01,2.026335463177889,2.6611232478266262
2024-12-02,1.5529603860705077,GARCH-t,0.01,2.121356326386512,2.784682224605051
2024-12-03,0.4161712702421514,GARCH-t,0.01,2.459182823792109,3.2239699235225956
2024-12-04,1.0703036919732118,GARCH-t,0.01,2.302184557656729,3.0198195457567785
2024-12-05,0.6240829256862112,GARCH-t,0.01,2.3532183136703995,3.0861805370305
2024-12-06,0.126688449017483,GARCH-t,0.01,2.251087402287485,2.9533761140669372
2024-12-09,-0.1897761254155277,GARCH-t,0.01,2.100642369651545,2.7577471367434963
2024-12-10,-0.082609623542266,GARCH-t,0.01,1.9905151874992255,2.614544881125627
2024-12-11,0.3437414967694116,GARCH-t,0.01,1.8856084426651951,2.478130944110668
2024-12-12,0.1328063375794452,GARCH-t,0.01,1.8071919548157005,2.376163221717234
2024-12-13,-0.0996743565913166,GARCH-t,0.01,1.7242245761723185,2.2682778156600714
2024-12-16,-0.452407376186927,GARCH-t,0.01,1.6643869514922958,2.190468843728483
2024-12-17,-0.3325501460903198,GARCH-t,0.01,1.6893901118825925,2.222981334246161
2024-12-18,-0.0187647697739535,GARCH-t,0.01,1.676523435406516,2.2062503414279564
2024-12-19,-1.356372249059556,GARCH-t,0.01,1.617911948080676,2.13003575910468
2024-12-20,-0.4270999300260459,GARCH-t,0.01,2.112787213188811,2.773539504755392
2024-12-23,-0.1811089428234346,GARCH-t,0.01,2.045751850938868,2.6863710610275273
2024-12-27,0.6805964840809604,GARCH-t,0.01,1.9430778500418335,2.552860439631349
2024-12-30,-0.3769027541394708,GARCH-t,0.01,1.9098923814018167,2.50993049401611
2023-01-13,0.1872277587171562,GARCH-t,0.05,1.5752254925957714,2.4074316838465837
2023-01-16,0.3144915094552991,GARCH-t,0.05,1.4625870610310077,2.239085795378275
2023-01-17,0.3497914614155125,GARCH-t,0.05,1.3683845679837652,2.0982936859031933
2023-01-18,-0.0347099371499678,GARCH-t,0.05,1.2884066719621172,1.9787612157102912
2023-01-19,-1.7370582414515032,GARCH-t,0.05,1.213378788988556,1.8666268807092024
2023-01-20,0.755826001684081,GARCH-t,0.05,1.5946445469430088,2.436454797111619
2023-01-23,0.4605095159965551,GARCH-t,0.05,1.5298174514354594,2.3395662410616938
2023-01-24,-0.0651730319789013,GARCH-t,0.05,1.4376262848420664,2.201780197404196
2023-01-25,-0.0760284918850211,GARCH-t,0.05,1.3448152334253336,2.0630676932137924
2023-01-26,0.338976505849431,GARCH-t,0.05,1.264375977490568,1.9428456888770065
2023-01-27,0.1134678469968637,GARCH-t,0.05,1.197519995552965,1.8429248224164705
2023-01-30,-0.1582118708790759,GARCH-t,0.05,1.1314731757936558,1.744213304523093
2023-01-31,0.0144736420190294,GARCH-t,0.05,1.0860127261234136,1.6762695336130242
2023-02-01,0.3462386659907409,GARCH-t,0.05,1.0367879489963012,1.6026997162336551
2023-02-02,2.1405244587293084,GARCH-t,0.05,1.0032099814512128,1.5525151326877824
2023-02-03,-0.2114577941051755,GARCH-t,0.05,1.5545971293093792,2.376601175139633
2023-02-06,-0.8469202017936116,GARCH-t,0.05,1.4563647882471846,2.2297861804463803
2023-02-07,-0.1632402932545597,GARCH-t,0.05,1.4739589477162167,2.256081862715041
2023-02-08,0.5933062044065663,GARCH-t,0.05,1.3823222850038377,2.1191245632722095
2023-02-09,0.7200187960002645,GARCH-t,0.05,1.32651923035148,2.047368922696291
2023-02-10,-1.3975554593732504,GARCH-t,0.05,1.2984131084251649,2.005125358793478
2023-02-13,0.58204654024423,GARCH-t,0.05,1.5082535901169862,2.3205160705033636
2023-02-14,-0.1090410679064897,GARCH-t,0.05,1.4354127577808955,2.211036137142558
2023-02-15,0.8144616074990894,GARCH-t,0.05,1.3495659404782827,2.0820081793871843
2023-02-16,0.1759009649695851,GARCH-t,0.05,1.3340954905198308,2.0587560586165403
2023-02-17,-0.332991334302645,GARCH-t,0.05,1.2551158900482924,1.9400495430650575
2023-02-20,-0.0287484499692288,GARCH-t,0.05,1.2127113073799087,1.8763153607961487
2023-02-21,-0.5177614650416545,GARCH-t,0.05,1.1509270690753048,1.7834535129094276
2023-02-22,0.0147384075620377,GARCH-t,0.05,1.1532222446752858,1.786903166952065
2023-02-23,0.4910089679164108,GARCH-t,0.05,1.097740048690501,1.7035133027190634
2023-02-24,-1.7334405869660656,GARCH-t,0.05,1.0718459550779884,1.6645944223024305
2023-02-27,1.1224889814446148,GARCH-t,0.05,1.4868265549035216,2.288311188817416
2023-02-28,-0.1059633054260411,GARCH-t,0.05,1.5119975802468095,2.3261432960137114
2023-03-01,-0.3920435745910764,GARCH-t,0.05,1.4167910030214272,2.1830475982318385
2023-03-02,0.1476863054314378,GARCH-t,0.05,1.359029748182046,2.096232303460436
2023-03-03,1.6226963337134577,GARCH-t,0.05,1.2765944951910846,1.972331934469732
2023-03-06,0.4814974887177785,GARCH-t,0.05,1.4967484299485312,2.303223789125577
2023-03-07,-0.6026319598284786,GARCH-t,0.05,1.4150311357547474,2.1804025138073357
2023-03-08,0.4638456276087954,GARCH-t,0.05,1.3893968886928645,2.1418741833354877
2023-03-09,0.0085708640276845,GARCH-t,0.05,1.313698595358068,2.039457042594737
2023-03-10,-1.3215417024382794,GARCH-t,0.05,1.239743441654671,1.9277403193181275
2023-03-13,-3.0837552271425768,GARCH-t,0.05,1.4310425481739657,2.2167169257597834
2023-03-14,1.810844640668792,GARCH-t,0.05,2.2856157869682048,3.5076360471081434
2023-03-15,-3.320972704836144,GARCH-t,0.05,2.3311486388138607,3.5764180150293643
2023-03-16,1.5611187600414351,GARCH-t,0.05,2.9392241180864125,4.4949773938879485
2023-03-17,-1.3378199102217023,GARCH-t,0.05,2.8323347290034704,4.33351018432367
2023-03-20,1.1122734211361045,GARCH-t,0.05,2.7383414512272894,4.1915238523731375
2023-03-21,1.7389823716577375,GARCH-t,0.05,2.5867819746422644,3.962577967499406
2023-03-22,0.1371229202679795,GARCH-t,0.05,2.5653678693370474,3.9302298003088727
2023-03-23,-0.0381296965047421,GARCH-t,0.05,2.362573129391026,3.6238878794285014
2023-03-24,-1.6783897541230277,GARCH-t,0.05,2.1806236520142006,3.349034831377884
2023-03-27,1.133133133217044,GARCH-t,0.05,2.2670641577825723,3.479611938979404
2023-03-28,0.0947471907078762,GARCH-t,0.05,2.1761078074872087,3.342213192477565
2023-03-29,1.225849548428203,GARCH-t,0.05,2.010528792290297,3.092089379668596
2023-03-30,1.2552042103065504,GARCH-t,0.05,1.9711741979135808,3.0326402931684244
2023-03-31,0.6833748290709876,GARCH-t,0.05,1.9434286572297577,2.990727853865466
2023-04-03,-0.3070831681625113,GARCH-t,0.05,1.831500311827786,2.821648792246174
2023-04-04,0.1446224144328903,GARCH-t,0.05,1.7171051424986472,2.64884334413124
2023-04-05,-0.5352844624026384,GARCH-t,0.05,1.5978054918460278,2.4686291820133848
2023-04-06,0.499516288859765,GARCH-t,0.05,1.5354136172603496,2.3492026869883436
2023-04-11,0.3665582721320525,GARCH-t,0.05,1.4542392125298964,2.2276026375066045
2023-04-12,0.3088751677893238,GARCH-t,0.05,1.3724303306722798,2.1050521351042155
2023-04-13,0.1645424133099298,GARCH-t,0.05,1.2972173424232547,1.992382345616745
2023-04-14,0.494912626016291,GARCH-t,0.05,1.2260126783607697,1.8857170648292847
2023-04-17,-0.1137431482918061,GARCH-t,0.05,1.1856395183472577,1.8252376776175243
2023-04-18,0.5881493319267852,GARCH-t,0.05,1.134673321921323,1.7488898186111177
2023-04-19,0.078861635727574,GARCH-t,0.05,1.120095129359042,1.7270515440612255
2023-04-20,-0.6262362247234691,GARCH-t,0.05,1.0711576583591098,1.6537427355166718
2023-04-21,0.5410167302099126,GARCH-t,0.05,1.1107725463852631,1.7130862239005984
2023-04-24,-0.1115742465090833,GARCH-t,0.05,1.0933293668853747,1.686956170993545
2023-04-25,0.051548191591333,GARCH-t,0.05,1.0549519886259389,1.6294664843019953
2023-04-26,-0.4825053630805876,GARCH-t,0.05,1.015213179751362,1.5699373612792913
2023-04-27,0.0298752982063484,GARCH-t,0.05,1.0363004177142068,1.601526249281979
2023-04-28,0.7687226368913168,GARCH-t,0.05,0.9995919457820084,1.5465366005352268
2023-05-02,-1.235046664211514,GARCH-t,0.05,1.0414947289315204,1.6093073781137368
2023-05-03,0.5587430719483529,GARCH-t,0.05,1.2661116223366091,1.9457856737438664
2023-05-04,-0.5123379169960087,GARCH-t,0.05,1.2276003402145514,1.888095397760967
2023-05-05,1.4310226108008792,GARCH-t,0.05,1.217306870149867,1.872675679275063
2023-05-08,-0.0513222529089768,GARCH-t,0.05,1.3913464484191134,2.133388663861715
2023-05-09,0.0166125412826278,GARCH-t,0.05,1.3078632170005775,2.034152011057488
2023-05-10,-0.3720369587487674,GARCH-t,0.05,1.2296949158632855,1.9158563318010045
2023-05-11,-0.3864997452142485,GARCH-t,0.05,1.1955038418028607,1.8641134095212584
2023-05-12,0.4970927503231007,GARCH-t,0.05,1.168927200054516,1.823893757280706
2023-05-15,0.0214879544030366,GARCH-t,0.05,1.132456549907536,1.768701047841044
2023-05-16,-0.1213920861888167,GARCH-t,0.05,1.0781583422717025,1.6865290770902794
2023-05-17,0.3351425952408643,GARCH-t,0.05,1.03933829957248,1.6277809240275116
2023-05-18,1.3206655655658732,GARCH-t,0.05,1.0064810172801013,1.5780564900722158
2023-05-19,0.6906555293001099,GARCH-t,0.05,1.2091409549828604,1.8847510790529551
2023-05-22,-0.3162503832106413,GARCH-t,0.05,1.19497081433201,1.8633067545753372
2023-05-23,-0.4393879945849793,GARCH-t,0.05,1.1586144411206385,1.8082869856694264
2023-05-24,-1.942430589231978,GARCH-t,0.05,1.14667853522894,1.790223831239091
2023-05-25,-0.3055394053591321,GARCH-t,0.05,1.6440221432976936,2.5428767491658877
2023-05-26,1.196888232836375,GARCH-t,0.05,1.5430271064352925,2.390036322633046
2023-05-29,-0.1956324077609966,GARCH-t,0.05,1.577393779059798,2.4420449862825313
2023-05-30,-0.2750664389509437,GARCH-t,0.05,1.475490455760355,2.287830008179986
2023-05-31,-1.5513006778311815,GARCH-t,0.05,1.3938123329909289,2.164222754691985
2023-06-01,1.203406567368588,GARCH-t,0.05,1.6422033203950936,2.5401242409550155
2023-06-02,1.2385113008230193,GARCH-t,0.05,1.659125616117436,2.565733528069208
2023-06-05,-0.5456236720305127,GARCH-t,0.05,1.6814173195789026,2.599468586454662
2023-06-06,0.1786862807888011,GARCH-t,0.05,1.6237153883054996,2.51020719337867
2023-06-07,-0.1995485241074591,GARCH-t,0.05,1.5045370565115592,2.3296843519112738
2023-06-08,0.1840370632747577,GARCH-t,0.05,1.4113338941829645,2.1885068455303673
2023-06-09,-0.2512234800077262,GARCH-t,0.05,1.3192941802514988,2.049091647845923
2023-06-12,0.9238184345050416,GARCH-t,0.05,1.2567061506715609,1.9542877621769148
2023-06-13,0.8216286734134776,GARCH-t,0.05,1.2870276861496224,2.000216662672168
2023-06-14,0.4923595281371546,GARCH-t,0.05,1.2885303889204534,2.0024928497104324
2023-06-15,-0.1268058133693415,GARCH-t,0.05,1.2354309336918174,1.922061580083184
2023-06-16,0.4135651727713478,GARCH-t,0.05,1.1741216252581903,1.829194610053972
2023-06-19,-0.9609122366319118,GARCH-t,0.05,1.1297891654645034,1.7620429601631786
2023-06-20,-0.5563175710652921,GARCH-t,0.05,1.254155764517172,1.9504246190325265
2023-06-21,-0.5488853897582908,GARCH-t,0.05,1.2478352575103953,1.9408507655710547
2023-06-22,-0.2184837938773562,GARCH-t,0.05,1.2412056080187035,1.930808645110413
2023-06-23,-0.994534731941198,GARCH-t,0.05,1.1868613525012552,1.848491840740285
2023-06-26,-0.1066957050622756,GARCH-t,0.05,1.307133199257554,2.0306710607223035
2023-06-27,0.2135241919475105,GARCH-t,0.05,1.2342871560084006,1.9203290671816404
2023-06-28,0.6424735713688167,GARCH-t,0.05,1.167192025407456,1.8186981461711784
2023-06-29,-0.0142983037281051,GARCH-t,0.05,1.1558561238190594,1.8015273305159445
2023-06-30,1.25368861412709,GARCH-t,0.05,1.0999389164050093,1.7168279307394885
2023-07-03,-0.4149093739210347,GARCH-t,0.05,1.2637822009618784,1.965006058745984
2023-07-04,-0.2607090112677748,GARCH-t,0.05,1.2108596674644236,1.8719999705375885
2023-07-05,-0.6354003176892583,GARCH-t,0.05,1.163211131692768,1.8003448002542015
2023-07-06,-2.6000223749537517,GARCH-t,0.05,1.187432348574738,1.8367693281445387
2023-07-07,0.4809240594387629,GARCH-t,0.05,1.9899957200238672,3.04368605943695
2023-07-10,0.4460840967480253,GARCH-t,0.05,1.841144613751606,2.819839697863041
2023-07-11,0.7448645527859914,GARCH-t,0.05,1.70757490128059,2.6189739139136625
2023-07-12,1.4626839269726633,GARCH-t,0.05,1.6245469250603295,2.4941141741966075
2023-07-13,0.7339304325099197,GARCH-t,0.05,1.7168453670412778,2.632915093677754
2023-07-14,-0.2230345697049001,GARCH-t,0.05,1.6309100544237922,2.5036832220317637
2023-07-17,-0.2263955590769147,GARCH-t,0.05,1.5219001326419357,2.339751122516879
2023-07-18,0.3531071288459615,GARCH-t,0.05,1.4272480559716452,2.1974107428672625
2023-07-19,-0.1027507141257687,GARCH-t,0.05,1.3392146781727583,2.06502374346332
2023-07-20,0.5897928058184373,GARCH-t,0.05,1.2598530588631234,1.9456775714665715
2023-07-21,-0.166762236102906,GARCH-t,0.05,1.2209948245711506,1.88724149677906
2023-07-24,0.0848393320147906,GARCH-t,0.05,1.1626201771398468,1.7994561066472825
2023-07-25,0.1273952671861861,GARCH-t,0.05,1.1011065373424862,1.7069502140097004
2023-07-26,-0.4955008710854717,GARCH-t,0.05,1.048416205205341,1.6277130525643058
2023-07-27,1.687750713192438,GARCH-t,0.05,1.0651528797100858,1.6528821210822204
2023-07-28,0.3876457640344605,GARCH-t,0.05,1.3966034948414738,2.1513266143524823
2023-07-31,-0.1392606736468624,GARCH-t,0.05,1.3152259391972905,2.0289488222021834
2023-08-01,-1.2630769199588878,GARCH-t,0.05,1.2379853723905114,1.935485449348949
2023-08-02,-1.3662828206126842,GARCH-t,0.05,1.4213139391564258,2.2138749313418935
2023-08-03,-0.7936497865689316,GARCH-t,0.05,1.590246354988582,2.470403461319332
2023-08-04,0.3672795938017441,GARCH-t,0.05,1.571444908714213,2.4418529468993775
2023-08-07,-0.0068996586104494,GARCH-t,0.05,1.469194000159743,2.286582123765013
2023-08-08,-1.1084511098277747,GARCH-t,0.05,1.372679007868289,2.140021447583659
2023-08-09,0.4910316823599382,GARCH-t,0.05,1.4737008245506196,2.293425860830886
2023-08-10,0.9038901249810708,GARCH-t,0.05,1.393610691415298,2.1718067860210266
2023-08-11,-1.0327228225598208,GARCH-t,0.05,1.3870497298378592,2.1618437850161096
2023-08-14,0.4542428052187615,GARCH-t,0.05,1.4635358123400712,2.2779900095957655
2023-08-15,-0.8649445057065229,GARCH-t,0.05,1.381384165390831,2.153240469234888
2023-08-16,0.1405083808944577,GARCH-t,0.05,1.415839644916194,2.2055620646419585
2023-08-17,-0.7153691646610253,GARCH-t,0.05,1.3243141861030672,2.066578132581403
2023-08-18,-0.6568779754443819,GARCH-t,0.05,1.335381376541756,2.083383966324039
2023-08-21,0.186162963193506,GARCH-t,0.05,1.3323364584883235,2.078760174328282
2023-08-22,0.6537451456842291,GARCH-t,0.05,1.2519304817897583,1.956661482361569
2023-08-23,0.1450023611823725,GARCH-t,0.05,1.2239802884371496,1.914218343322737
2023-08-24,-0.6821095767501448,GARCH-t,0.05,1.1568936227465465,1.8123453922616637
2023-08-25,0.0661054993562347,GARCH-t,0.05,1.1923369106632624,1.8661670019394403
2023-08-28,1.023353097525468,GARCH-t,0.05,1.1294915930707496,1.7707346548759244
2023-08-29,0.8717225363247004,GARCH-t,0.05,1.2227722116743238,1.896896368848056
2023-08-30,-0.2447943175912836,GARCH-t,0.05,1.2474126632781397,1.9341874848731524
2023-08-31,0.3464331723171214,GARCH-t,0.05,1.1969834886472048,1.8578674468945944
2023-09-01,-0.6715904331487367,GARCH-t,0.05,1.1468129643335196,1.78193885299935
2023-09-04,-0.0978376310273538,GARCH-t,0.05,1.1818384619206352,1.8349468057495175
2023-09-05,-0.3363638273423204,GARCH-t,0.05,1.1291930691017698,1.7552727200890474
2023-09-06,-0.192554031843608,GARCH-t,0.05,1.1070852302233862,1.7218144865333662
2023-09-07,-0.1443734458280984,GARCH-t,0.05,1.0722478835614973,1.6690912833525515
2023-09-08,0.1375738541732063,GARCH-t,0.05,1.0385787370587207,1.6181360464563828
2023-09-11,0.3848321011110978,GARCH-t,0.05,1.001017638486583,1.561290688773622
2023-09-12,-0.5423198310995345,GARCH-t,0.05,0.9838321401271364,1.535281976613006
2023-09-13,-0.3921003528322211,GARCH-t,0.05,1.0233299309713637,1.595058344546091
2023-09-14,0.9616287303144746,GARCH-t,0.05,1.027231372128391,1.6009628262167626
2023-09-15,0.5567428783243866,GARCH-t,0.05,1.115047353292551,1.7338644464915811
2023-09-18,-1.0525507256928552,GARCH-t,0.05,1.100806252341164,1.712311816026763
2023-09-19,-0.3990859364067893,GARCH-t,0.05,1.250345353825402,1.938625849283922
2023-09-20,0.744830214040099,GARCH-t,0.05,1.2177960770842702,1.8893654349456332
2023-09-21,-1.3378599108415867,GARCH-t,0.05,1.2176046367438669,1.8890757071411
2023-09-22,-0.0936120220512701,GARCH-t,0.05,1.4303173507295068,2.2109973433510173
2023-09-25,-0.9805386957205736,GARCH-t,0.05,1.3446689297416412,2.081376131216651
2023-09-26,-0.9759599905361404,GARCH-t,0.05,1.4044615569289811,2.1483733402522467
2023-09-27,-0.25215461812357,GARCH-t,0.05,1.4573578536414928,2.2277545737736264
2023-09-28,0.6944789225067006,GARCH-t,0.05,1.3823575593843271,2.115201970990149
2023-09-29,0.4108108261458599,GARCH-t,0.05,1.3500385490332476,2.0667009781550094
2023-10-02,-0.9099173076763926,GARCH-t,0.05,1.2881362241103007,1.973804438782291
2023-10-03,-1.068174189590285,GARCH-t,0.05,1.3477115499654202,2.063208861165966
2023-10-04,0.0974649581371627,GARCH-t,0.05,1.4359115629979178,2.1955702222868365
2023-10-05,-0.1968847691965825,GARCH-t,0.05,1.3498082224237875,2.066355328052676
2023-10-06,1.0531441313921008,GARCH-t,0.05,1.2838699362984225,1.9674020399356429
2023-10-09,-0.6697408387907724,GARCH-t,0.05,1.339542050135401,2.0509489296761636
2023-10-10,1.9338960806318537,GARCH-t,0.05,1.3373871132764192,2.047715025666657
2023-10-11,0.2363088169419606,GARCH-t,0.05,1.659265436674545,2.5307563715288395
2023-10-12,-0.2265142418434755,GARCH-t,0.05,1.550815955458818,2.368006724980863
2023-10-13,-1.5574111193234097,GARCH-t,0.05,1.4626383729406192,2.235679025231472
2023-10-16,0.337424595961899,GARCH-t,0.05,1.6717404925423407,2.549477631514504
2023-10-17,0.0898677581145981,GARCH-t,0.05,1.5664224911131366,2.391427382535935
2023-10-18,-1.0332733505565326,GARCH-t,0.05,1.4655448622067608,2.240040780543322
2023-10-19,-0.3296582660916618,GARCH-t,0.05,1.5207048492559692,2.3228191239269305
2023-10-20,-1.6537250021769485,GARCH-t,0.05,1.4447702812282623,2.2088644607165135
2023-10-23,0.0152031190441692,GARCH-t,0.05,1.6915952737258486,2.579273611944097
2023-10-24,0.5338216254913195,GARCH-t,0.05,1.5926081756186656,2.417998211487924
2023-10-25,0.0822195964130725,GARCH-t,0.05,1.5176631472129047,2.305837929333613
2023-10-26,-1.0878724208663224,GARCH-t,0.05,1.4274523719148422,2.170831428888921
2023-10-27,-0.2966822906791264,GARCH-t,0.05,1.5046192203926925,2.28631681440876
2023-10-30,0.1981359113235535,GARCH-t,0.05,1.4316341280142129,2.1770897085104397
2023-10-31,0.6353540949674668,GARCH-t,0.05,1.3536194011339449,2.0603354158613256
2023-11-01,0.759613332444547,GARCH-t,0.05,1.3238603232264743,2.0157989516587524
2023-11-02,1.4656266410818382,GARCH-t,0.05,1.318389133778589,2.0076109481947713
2023-11-03,0.3009966137605249,GARCH-t,0.05,1.489006484203331,2.2629513032674637
2023-11-06,-0.351392858762129,GARCH-t,0.05,1.408490669711468,2.1424539645727827
2023-11-07,0.1100738786106285,GARCH-t,0.05,1.3531966465983465,2.0597027352285555
2023-11-08,0.5066125961720225,GARCH-t,0.05,1.2829097091741293,1.9545135999255312
2023-11-09,0.8040058240867269,GARCH-t,0.05,1.2468532803804733,1.9005527260290256
2023-11-10,-0.7725586025069316,GARCH-t,0.05,1.2626170269822303,1.924144234422212
2023-11-13,0.7234338895524853,GARCH-t,0.05,1.2975198070272334,1.9763785952743125
2023-11-14,1.740577862138782,GARCH-t,0.05,1.2901513664437745,1.965351227716273
2023-11-15,0.8528696390834213,GARCH-t,0.05,1.56126888936811,2.37109685908138
2023-11-16,0.24379715599134,GARCH-t,0.05,1.534370869457093,2.330842160847387
2023-11-17,0.8361290376463646,GARCH-t,0.05,1.4457044929971108,2.198146957270848
2023-11-20,-0.1120666580541593,GARCH-t,0.05,1.4339825896101055,2.1806043394449666
2023-11-21,-0.0050299239027282,GARCH-t,0.05,1.3413188268204603,2.0446345799388426
2023-11-22,0.3596551595645857,GARCH-t,0.05,1.2711937720149198,1.9397694249800677
2023-11-23,0.2310311494073794,GARCH-t,0.05,1.21982673072284,1.8629550430190835
2023-11-24,0.2170843100155807,GARCH-t,0.05,1.1676502591302658,1.7849302372783955
2023-11-27,-0.3945522850599633,GARCH-t,0.05,1.1219512294262126,1.7165918118087793
2023-11-28,0.1645844843406254,GARCH-t,0.05,1.1132187670383709,1.7035332691236855
2023-11-29,1.0807631821599466,GARCH-t,0.05,1.0732809597932185,1.6438101878784686
2023-11-30,0.302511958645477,GARCH-t,0.05,1.1865700476571297,1.8132229289726636
2023-12-01,1.1166836505028106,GARCH-t,0.05,1.1427745026219889,1.7477309784943422
2023-12-04,0.0441447036472812,GARCH-t,0.05,1.2494104770019987,1.9071946396429704
2023-12-05,0.7793476771123728,GARCH-t,0.05,1.1902315215830443,1.818698304809208
2023-12-06,0.7431896493775858,GARCH-t,0.05,1.2078678017795224,1.845071635437306
2023-12-07,-0.1649323756979799,GARCH-t,0.05,1.2156389046556946,1.85669255907965
2023-12-08,0.7801024705102276,GARCH-t,0.05,1.169104413420834,1.7871047826735795
2023-12-11,0.2098668662753746,GARCH-t,0.05,1.1907192156589008,1.8194276035595471
2023-12-12,-0.0160152416128724,GARCH-t,0.05,1.1415973952298692,1.7459707296158204
2023-12-13,-0.1531057758321442,GARCH-t,0.05,1.0979445829533945,1.6806922220060532
2023-12-14,-0.0824643315097979,GARCH-t,0.05,1.0672730930910992,1.6348260113322048
2023-12-15,-0.004721964053434,GARCH-t,0.05,1.036762581172442,1.5892005274150252
2023-12-18,-0.6040896244381847,GARCH-t,0.05,1.007673430375848,1.5457005499196348
2023-12-19,0.5621184724288284,GARCH-t,0.05,1.0122516297222672,1.558231159642961
2023-12-20,-0.0678628254225011,GARCH-t,0.05,1.0142437626439125,1.561213993351503
2023-12-21,-0.2730714844525453,GARCH-t,0.05,0.9841544689011484,1.5161610961944108
2023-12-22,0.1123554682210487,GARCH-t,0.05,0.975127545514826,1.5026450245163665
2023-12-27,0.2146039854072149,GARCH-t,0.05,0.9466914781876395,1.4600675141302355
2023-12-28,-0.2423155732024419,GARCH-t,0.05,0.9248529266374642,1.4273685074516056
2023-12-29,0.2994624971626512,GARCH-t,0.05,0.9215445074753136,1.4224147897093682
2024-01-02,0.1057173213820018,GARCH-t,0.05,0.9082730748671336,1.4025433864941497
2024-01-03,-1.3868991583284898,GARCH-t,0.05,0.8891366369201755,1.3738902722619588
2024-01-04,0.4759280290394104,GARCH-t,0.05,1.2001414455483912,1.8395598149994856
2024-01-05,-0.1389767322435139,GARCH-t,0.05,1.1636489604333675,1.7849193773425125
2024-01-08,0.7340607192363031,GARCH-t,0.05,1.1178813401709642,1.7163912189073292
2024-01-09,-0.168307006473176,GARCH-t,0.05,1.1307254588669695,1.7356228021951146
2024-01-10,0.0086953351805129,GARCH-t,0.05,1.0912264136041907,1.6764806222808637
2024-01-11,-0.859179928062285,GARCH-t,0.05,1.0482664626871854,1.6121564055982105
2024-01-12,0.9475181747553496,GARCH-t,0.05,1.1402665639022604,1.7499087614334683
2024-01-15,-0.4941371965947412,GARCH-t,0.05,1.192833716369897,1.8286179041010369
2024-01-16,-0.3045201322342683,GARCH-t,0.05,1.1821380288380636,1.8126031809069456
2024-01-17,-0.8483441393796812,GARCH-t,0.05,1.1480751448889428,1.7616006010340712
2024-01-18,0.8222113392252062,GARCH-t,0.05,1.216087276382374,1.8634356122444968
2024-01-19,-0.0737791999955264,GARCH-t,0.05,1.170937970513812,1.7777119237692918
2024-01-22,0.7715702540190797,GARCH-t,0.05,1.1275395173205078,1.7132880527636485
2024-01-23,-0.3378494502023984,GARCH-t,0.05,1.1377974435257574,1.7285156764692409
2024-01-24,1.568370612352123,GARCH-t,0.05,1.1142846819987835,1.6936115956981337
2024-01-25,0.1006011302378808,GARCH-t,0.05,1.3014224599227364,1.9714127424707024
2024-01-26,0.3216620446146262,GARCH-t,0.05,1.2436305003901404,1.8856220869948572
2024-01-29,-0.1160937424798049,GARCH-t,0.05,1.196873691785569,1.8162128250389205
2024-01-30,0.1806266952600262,GARCH-t,0.05,1.1526080358505082,1.7505016141983334
2024-01-31,-0.4048882404080683,GARCH-t,0.05,1.1093919921913231,1.6863485253849475
2024-02-01,-0.264911268204156,GARCH-t,0.05,1.0957732968406295,1.6661319276036797
2024-02-02,0.3503656190535221,GARCH-t,0.05,1.070590025212606,1.6287480181901932
2024-02-05,-0.0836749918298895,GARCH-t,0.05,1.0425941461576071,1.5871888664643174
2024-02-06,0.7612880719440723,GARCH-t,0.05,1.0121861001254833,1.5420489158218031
2024-02-07,-0.6554500720230801,GARCH-t,0.05,1.0369602129088822,1.578825439610057
2024-02-08,0.2471192831997178,GARCH-t,0.05,1.0674165464776473,1.624037071840343
2024-02-09,-0.2202993782380713,GARCH-t,0.05,1.0345093683258626,1.5751872247970065
2024-02-12,0.6527528784014754,GARCH-t,0.05,1.0125809778201442,1.5426351014526718
2024-02-13,-0.9229306744622006,GARCH-t,0.05,1.0213136117477897,1.5555984685844049
2024-02-14,0.3822496057037969,GARCH-t,0.05,1.1065492909340209,1.6821286095669272
2024-02-15,0.5954858644379811,GARCH-t,0.05,1.0768823515637909,1.638088812420083
2024-02-16,0.4141776969236116,GARCH-t,0.05,1.0588352033096322,1.5936039343534794
2024-02-19,-0.1472079125049205,GARCH-t,0.05,1.0346836227409395,1.5581685511206722
2024-02-20,-0.1395175704703923,GARCH-t,0.05,1.0067988320481622,1.5172557735177827
2024-02-21,0.290696135291251,GARCH-t,0.05,0.9815213501183204,1.4801684592197937
2024-02-22,1.4632940280449829,GARCH-t,0.05,0.957934883460808,1.4455622154280223
2024-02-23,0.2810071953807722,GARCH-t,0.05,1.1534377027247915,1.7324054431004108
2024-02-26,0.0223886567466426,GARCH-t,0.05,1.1113663271766543,1.6706779999858958
2024-02-27,0.7619295273403105,GARCH-t,0.05,1.0696511868180094,1.60947322785868
2024-02-28,0.2544562298983276,GARCH-t,0.05,1.0843702609204828,1.6310691656553695
2024-02-29,0.4363387697094966,GARCH-t,0.05,1.0481917580195486,1.5779877902382395
2024-03-01,0.3212407367573934,GARCH-t,0.05,1.027017484888091,1.5469207351875256
2024-03-04,-0.1066275385050985,GARCH-t,0.05,1.0001055988996248,1.5074354107878836
2024-03-05,-0.1003515365818269,GARCH-t,0.05,0.973855266144262,1.468920722338019
2024-03-06,0.1034052855964254,GARCH-t,0.05,0.9501836649513709,1.4341895685065542
2024-03-07,0.7094530922551384,GARCH-t,0.05,0.9246763131566796,1.396764987389466
2024-03-08,-0.1589565251828572,GARCH-t,0.05,0.9525760130843356,1.437699639935493
2024-03-11,-0.3837954031859242,GARCH-t,0.05,0.934542905085902,1.4112413263280008
2024-03-12,1.2256182194385463,GARCH-t,0.05,0.9394763270058,1.4184796805998257
2024-03-13,-0.0207563589655537,GARCH-t,0.05,1.073777416558723,1.6155272636081384
2024-03-14,-0.1077434895516357,GARCH-t,0.05,1.0366800822582949,1.5610977717530463
2024-03-15,-0.0300382873379964,GARCH-t,0.05,0.9852081779064324,1.4945319915007145
2024-03-18,-0.0221398232560864,GARCH-t,0.05,0.9518878282928468,1.4454653962172492
2024-03-19,0.3051800118650186,GARCH-t,0.05,0.92213735506982,1.4016556989585314
2024-03-20,0.1535478784097713,GARCH-t,0.05,0.9006236632870502,1.369975250823978
2024-03-21,0.9068825687253148,GARCH-t,0.05,0.8755106545101323,1.3329945512725925
2024-03-22,0.146705064961775,GARCH-t,0.05,0.9506293575592104,1.443612208154113
2024-03-25,0.3036759629654587,GARCH-t,0.05,0.9195449879494112,1.397838253169445
2024-03-26,0.6715093919433112,GARCH-t,0.05,0.898255759749924,1.3664883436974369
2024-03-27,0.5031839853687976,GARCH-t,0.05,0.9224910558349858,1.4021765486043816
2024-03-28,0.0833138568696976,GARCH-t,0.05,0.9189826487038067,1.3970101684555671
2024-04-02,-1.1385892638780295,GARCH-t,0.05,0.8911544254442081,1.35603112159767
2024-04-03,0.4615990643743557,GARCH-t,0.05,1.0755541916219755,1.627572951210438
2024-04-04,0.1925991141967733,GARCH-t,0.05,1.047881518410933,1.5868229629118693
2024-04-05,-1.2471632880227137,GARCH-t,0.05,1.0068745857337456,1.5264373249212204
2024-04-08,0.7888000679608055,GARCH-t,0.05,1.1932516011883307,1.8008907953530446
2024-04-09,-1.3313940610920385,GARCH-t,0.05,1.1922709185086475,1.799446670045131
2024-04-10,0.1139566313916028,GARCH-t,0.05,1.35695266613711,2.0419523086463816
2024-04-11,-0.7923106969112904,GARCH-t,0.05,1.2833800928861545,1.9336114383514351
2024-04-12,-0.1346540004377691,GARCH-t,0.05,1.3017933180835155,1.960726227934972
2024-04-15,0.5354187626759636,GARCH-t,0.05,1.239182876944721,1.868527880333484
2024-04-16,-1.4547848971801618,GARCH-t,0.05,1.2030790011095989,1.8297248033238869
2024-04-17,0.0213250554819905,GARCH-t,0.05,1.4068429640206248,2.131861744508611
2024-04-18,0.3784657240037666,GARCH-t,0.05,1.3262979742670409,2.0124313188129297
2024-04-19,-0.5624284183328198,GARCH-t,0.05,1.2623577807318145,1.917622137554867
2024-04-22,0.693529668303137,GARCH-t,0.05,1.2455612359626091,1.8927165723776929
2024-04-23,1.5381498851941169,GARCH-t,0.05,1.222719278579071,1.8588469958542544
2024-04-24,-0.2702519144003532,GARCH-t,0.05,1.3893815487592351,2.1059703232756215
2024-04-25,-0.9521819658271264,GARCH-t,0.05,1.324232040316509,2.009367995173235
2024-04-26,1.3511404392249289,GARCH-t,0.05,1.368892301361684,2.0755892958975064
2024-04-29,-0.2353377128828865,GARCH-t,0.05,1.4533319845952593,2.2007946916030243
2024-04-30,-1.032729618214251,GARCH-t,0.05,1.3787176609242278,2.090158133496937
2024-05-02,-0.1991139148488078,GARCH-t,0.05,1.4313356227818184,2.1681789464999146
2024-05-03,0.5855458133382536,GARCH-t,0.05,1.356733551180748,2.0575605555068353
2024-05-06,0.9598008131742796,GARCH-t,0.05,1.3067817672251243,1.9834930953168193
2024-05-07,1.392389776909481,GARCH-t,0.05,1.317920533299619,2.0000094246139164
2024-05-08,0.3700680103170389,GARCH-t,0.05,1.4229968314619117,2.155814361189633
2024-05-09,1.012346141279731,GARCH-t,0.05,1.3481598638796382,2.04484767134997
2024-05-10,0.4604987751622837,GARCH-t,0.05,1.3626055576477445,2.066267443845722
2024-05-13,-0.1632885813641824,GARCH-t,0.05,1.30046455358611,1.9741260630976056
2024-05-14,-0.1377561219501679,GARCH-t,0.05,1.2378210715651954,1.8812396185439937
2024-05-15,0.8138200143103556,GARCH-t,0.05,1.1757618150784788,1.7811576547304764
2024-05-16,-0.6942605969100953,GARCH-t,0.05,1.1830039880492,1.7918462016908494
2024-05-17,-0.1836948053896265,GARCH-t,0.05,1.2027520179957292,1.8209918388237476
2024-05-20,0.3444636056986854,GARCH-t,0.05,1.150569636850227,1.7439771315483663
2024-05-21,-0.2250986987468292,GARCH-t,0.05,1.102906957661671,1.6736329424736704
2024-05-22,-0.248940690098104,GARCH-t,0.05,1.0673062888265668,1.6210907811357596
2024-05-23,0.059516413663495,GARCH-t,0.05,1.0389106212820916,1.579182305979575
2024-05-24,0.0109607871940305,GARCH-t,0.05,0.9974316390947248,1.5179644849235854
2024-05-27,0.4341931825481289,GARCH-t,0.05,0.9623791393211308,1.4662313529722777
2024-05-28,-0.5171446800186583,GARCH-t,0.05,0.9486641892578088,1.4459897917166111
2024-05-29,-1.1013500301549617,GARCH-t,0.05,0.9770156971497592,1.4878330927155812
2024-05-30,0.1271298539624551,GARCH-t,0.05,1.14541438145372,1.7363686154826703
2024-05-31,0.0062192137719634,GARCH-t,0.05,1.0902577951411878,1.6549643511328993
2024-06-03,0.5940857619672008,GARCH-t,0.05,1.043071505098122,1.5853232532124153
2024-06-04,-1.0943029245612654,GARCH-t,0.05,1.0364921208600268,1.5756129000237349
2024-06-05,0.9209992193333072,GARCH-t,0.05,1.186757034673562,1.7973852319309631
2024-06-06,0.4122129657173716,GARCH-t,0.05,1.2125791832299275,1.8354955129996784
2024-06-07,-0.5127694431069029,GARCH-t,0.05,1.161854803119191,1.7606326339934324
2024-06-10,-0.3367089255844471,GARCH-t,0.05,1.1531398470033891,1.747770442206806
2024-06-11,-0.6778908249741008,GARCH-t,0.05,1.1218635643290142,1.701610537235956
2024-06-12,1.410370884898602,GARCH-t,0.05,1.1579643290886064,1.749245035076898
2024-06-13,-1.9795439985809713,GARCH-t,0.05,1.3283079790798935,2.0003916046261985
2024-06-14,-1.4539924336691077,GARCH-t,0.05,1.7133707615082003,2.5681098428635756
2024-06-17,0.3670144586792632,GARCH-t,0.05,1.8139883307902644,2.7164555978293285
2024-06-18,0.3522624952010773,GARCH-t,0.05,1.6833205689056956,2.523805269216123
2024-06-19,-0.3539272076323118,GARCH-t,0.05,1.5670290201984398,2.3523505450341737
2024-06-20,1.0256632533436991,GARCH-t,0.05,1.4784546357922677,2.2217606886192796
2024-06-21,-0.4978916597184417,GARCH-t,0.05,1.4778540338600068,2.220875189717737
2024-06-24,0.8882741103415963,GARCH-t,0.05,1.4178661791066176,2.1324319519644894
2024-06-25,-0.8106782473733726,GARCH-t,0.05,1.4009008938596843,2.1074191429081464
2024-06-26,-0.1231882624435676,GARCH-t,0.05,1.4062326971190535,2.1152800998511903
2024-06-27,0.3041902182248652,GARCH-t,0.05,1.32078339261231,1.9892977124928115
2024-06-28,0.1366319561731131,GARCH-t,0.05,1.246440788138521,1.879690515007567
2024-07-01,0.3023096655678078,GARCH-t,0.05,1.175916324254568,1.7757126022725491
2024-07-02,-0.6945609011884646,GARCH-t,0.05,1.120818324226523,1.6944787335795952
2024-07-03,1.1520481699241631,GARCH-t,0.05,1.1541665595796635,1.7436457844787177
2024-07-04,0.4124983539930859,GARCH-t,0.05,1.2489482386091943,1.883387380632182
2024-07-05,0.1352369677175872,GARCH-t,0.05,1.191883993778218,1.7992545741908843
2024-07-08,-0.0183960349662873,GARCH-t,0.05,1.1284905723251542,1.7057903309934164
2024-07-09,-1.2850769881641582,GARCH-t,0.05,1.0749882885062811,1.6269091103265452
2024-07-10,0.933496589228261,GARCH-t,0.05,1.298878187779288,1.9381657495575688
2024-07-11,0.6894109801932471,GARCH-t,0.05,1.3136706239519886,1.9597769731830088
2024-07-12,1.1459537415983594,GARCH-t,0.05,1.2784456035250924,1.9083144699976824
2024-07-15,-0.8424954962485622,GARCH-t,0.05,1.3504148992106946,2.013459053693594
2024-07-16,-0.392689530755699,GARCH-t,0.05,1.374273259523649,2.048315270346476
2024-07-17,-0.4368985143234455,GARCH-t,0.05,1.3116517533089622,1.95682747491052
2024-07-18,-0.4486900319050667,GARCH-t,0.05,1.2650157362460543,1.8886939111094243
2024-07-19,-1.001085002510522,GARCH-t,0.05,1.227879460394327,1.834439131661478
2024-07-22,1.2856768308834885,GARCH-t,0.05,1.3205925465516943,1.9698896561429864
2024-07-23,0.8149908245219187,GARCH-t,0.05,1.4220742779350324,2.1181508597214456
2024-07-24,-0.9215793646682898,GARCH-t,0.05,1.389862728171654,2.071090930097206
2024-07-25,-0.4837811049421177,GARCH-t,0.05,1.424632346605454,2.1218881071525173
2024-07-26,0.6472906328498461,GARCH-t,0.05,1.366516442496344,2.0369828362942624
2024-07-29,-0.5274130433874562,GARCH-t,0.05,1.3159397155592314,1.963092035393061
2024-07-30,0.4928145452450372,GARCH-t,0.05,1.2826215289358198,1.9144153486386828
2024-07-31,0.52801396634034,GARCH-t,0.05,1.225132094294091,1.8304253274117943
2024-08-01,-2.326313285080173,GARCH-t,0.05,1.1811099562341734,1.7661105479545325
2024-08-02,-2.360376335616341,GARCH-t,0.05,1.811054888074056,2.686437709401308
2024-08-05,-1.841301571168847,GARCH-t,0.05,2.20998227998976,3.2692564538157245
2024-08-06,0.0883185198640146,GARCH-t,0.05,2.31867090608218,3.428046674479984
2024-08-07,1.4917864641052032,GARCH-t,0.05,2.126261858181712,3.1457052842740234
2024-08-08,0.3697354079403876,GARCH-t,0.05,2.1120412063892307,3.124931664986409
2024-08-09,0.2399805195305926,GARCH-t,0.05,1.9259638956378649,2.853108736753561
2024-08-12,0.0202533677150119,GARCH-t,0.05,1.7579696914310217,2.607701726467025
2024-08-13,0.4816196058523744,GARCH-t,0.05,1.609658242543199,2.391047411309751
2024-08-14,0.4120659561104712,GARCH-t,0.05,1.4997943332146522,2.2305575083752816
2024-08-15,1.6504405608105874,GARCH-t,0.05,1.3997095172069467,2.0843529676442953
2024-08-16,0.7624072770183437,GARCH-t,0.05,1.6073206233468895,2.387632602204502
2024-08-19,0.5404368679973559,GARCH-t,0.05,1.5341373636327955,2.280726027336323
2024-08-20,-0.3489470750472152,GARCH-t,0.05,1.4417567455831093,2.145775828363492
2024-08-21,0.4968141669871004,GARCH-t,0.05,1.361430338112997,2.0284344974683677
2024-08-22,0.2405988785574235,GARCH-t,0.05,1.2910323594006927,1.9255966789402332
2024-08-23,0.752614335218902,GARCH-t,0.05,1.2106678842350187,1.8081997385114323
2024-08-26,-0.0863357191590031,GARCH-t,0.05,1.2071862232244706,1.803113705791055
2024-08-27,0.3474161557193789,GARCH-t,0.05,1.1406819110381043,1.7059637802809833
2024-08-28,0.5364002209628965,GARCH-t,0.05,1.091203456196883,1.6336853363101949
2024-08-29,0.6912442222435738,GARCH-t,0.05,1.072802037737651,1.6068044262786114
2024-08-30,-0.0298808399162741,GARCH-t,0.05,1.0851993153606263,1.6249144488922522
2024-09-02,0.1264857362725436,GARCH-t,0.05,1.0357397277626792,1.552663566311371
2024-09-03,-0.9753271985521456,GARCH-t,0.05,0.9924891289434744,1.4894828143358156
2024-09-04,-0.8316282224677957,GARCH-t,0.05,1.132717260649292,1.68054976573698
2024-09-05,-0.0825950595543589,GARCH-t,0.05,1.2086350071598913,1.7903860346554743
2024-09-06,-1.4892440106686575,GARCH-t,0.05,1.1352553586847705,1.6842218349326508
2024-09-09,0.7710386776698133,GARCH-t,0.05,1.447376497475157,2.1357924216668245
2024-09-10,-0.9678263453723406,GARCH-t,0.05,1.396378664080001,2.0620097818953864
2024-09-11,0.3516741860656538,GARCH-t,0.05,1.4461546767272255,2.1340247159799692
2024-09-12,1.0210560022440305,GARCH-t,0.05,1.3405245314916816,1.9812011461131929
2024-09-13,0.9727132529983926,GARCH-t,0.05,1.367037876910256,2.0195601210719247
2024-09-16,-0.3551386484055441,GARCH-t,0.05,1.375503117441806,2.031807460833956
2024-09-17,0.4977136624617267,GARCH-t,0.05,1.3007269798934329,1.9236228488038456
2024-09-18,-0.0779422615667917,GARCH-t,0.05,1.2330229244888886,1.8256699829973255
2024-09-19,1.5426493505265697,GARCH-t,0.05,1.1553825751857831,1.713341487000792
2024-09-20,-1.4971286986846029,GARCH-t,0.05,1.405900149051754,2.075785274872049
2024-09-23,0.6749565155008249,GARCH-t,0.05,1.628848511590339,2.3983424822215467
2024-09-24,0.7919082379714939,GARCH-t,0.05,1.5304025476907912,2.2559128414352325
2024-09-25,-0.4121360955154496,GARCH-t,0.05,1.468093510300725,2.1657653791963174
2024-09-26,1.6765890735206166,GARCH-t,0.05,1.3854383073516057,2.0461814937952307
2024-09-27,1.2155116782273692,GARCH-t,0.05,1.61201191768426,2.373983636748158
2024-09-30,-0.7665330769227457,GARCH-t,0.05,1.6292371253888502,2.3989047208500702
2024-10-01,-0.5801503559355401,GARCH-t,0.05,1.5804610837128277,2.3283365246568475
2024-10-02,-0.2521798350915954,GARCH-t,0.05,1.4939035585011218,2.1675749661789268
2024-10-03,-0.7822942845277677,GARCH-t,0.05,1.3874027130518467,2.0158925497263307
2024-10-04,0.5533818974793203,GARCH-t,0.05,1.3892460228009142,2.018517859185891
2024-10-07,-0.0880579009204647,GARCH-t,0.05,1.3129993272551408,1.909924514427735
2024-10-08,-0.197161939847637,GARCH-t,0.05,1.2233450463264324,1.7822355940326065
2024-10-09,0.983578375458644,GARCH-t,0.05,1.1569981711433506,1.6877419371100255
2024-10-10,-0.2289268996117369,GARCH-t,0.05,1.2161517379513551,1.7719906199949114
2024-10-11,0.8445343736598849,GARCH-t,0.05,1.1542256988682411,1.6837932802476092
2024-10-14,0.6916265025179444,GARCH-t,0.05,1.1784406042796665,1.7182810380816578
2024-10-15,-0.1133473895911056,GARCH-t,0.05,1.1644754377054618,1.6983913348290456
2024-10-16,-0.2743078687566939,GARCH-t,0.05,1.1015835344845792,1.6088183758952144
2024-10-17,0.7718887090328688,GARCH-t,0.05,1.0661549494925642,1.5583596836621605
2024-10-18,0.3770498008232001,GARCH-t,0.05,1.0939359008630898,1.5979263351517057
2024-10-21,-1.0030090025481522,GARCH-t,0.05,1.050229329635249,1.535677830825475
2024-10-22,-0.2020379580377815,GARCH-t,0.05,1.2031358326328867,1.7534528894943229
2024-10-23,-0.2283070731332298,GARCH-t,0.05,1.140821492289261,1.664702516827352
2024-10-24,0.3368360558854116,GARCH-t,0.05,1.0925108885126242,1.5958967802136053
2024-10-25,0.1058424588474972,GARCH-t,0.05,1.0453350723009465,1.5287072497368823
2024-10-28,0.3489114055908631,GARCH-t,0.05,0.9961665460607044,1.458679628434243
2024-10-29,-0.2745413383707324,GARCH-t,0.05,0.9684388708671584,1.4191888548330802
2024-10-30,-1.1396954728938589,GARCH-t,0.05,0.9491692321127748,1.3896534238559493
2024-10-31,-0.9380600896745416,GARCH-t,0.05,1.165726182120432,1.697910086554536
2024-11-01,0.9257567996649416,GARCH-t,0.05,1.2542106826496258,1.823862806302003
2024-11-04,-0.5578828362529464,GARCH-t,0.05,1.2726226142237196,1.8500711574108648
2024-11-05,0.5646280260603334,GARCH-t,0.05,1.2493514290631025,1.8169459315781256
2024-11-06,-1.1330879709182635,GARCH-t,0.05,1.2021265112594897,1.7497239118838053
2024-11-07,1.6833396523556934,GARCH-t,0.05,1.3403637044833494,1.946496796995551
2024-11-08,-0.7622985874587187,GARCH-t,0.05,1.5643416789198414,2.265316871416349
2024-11-11,1.2058839371179442,GARCH-t,0.05,1.5279404310308973,2.2135017382981874
2024-11-12,-2.1567095169652863,GARCH-t,0.05,1.5574793794037365,2.255548773245416
2024-11-13,-0.1605355691903754,GARCH-t,0.05,1.963452052050027,2.833428084956938
2024-11-14,1.3619838267079996,GARCH-t,0.05,1.7971207004627463,2.596664742378335
2024-11-15,-0.2749285462543421,GARCH-t,0.05,1.8109415686622337,2.6163379724761
2024-11-18,-0.1126098751812839,GARCH-t,0.05,1.6711924683410049,2.41741297247666
2024-11-19,-0.6738879931804185,GARCH-t,0.05,1.5393951793032006,2.229806929493149
2024-11-20,-0.2917701737873559,GARCH-t,0.05,1.4905799418928647,2.1603211791054693
2024-11-21,0.741220206767716,GARCH-t,0.05,1.3959307238442868,2.0255933300031717
2024-11-22,0.9172178140492234,GARCH-t,0.05,1.3513243399162982,1.9620986462989196
2024-11-25,0.4266161445903865,GARCH-t,0.05,1.3485320717085498,1.958124009239017
2024-11-26,-0.5644222777316544,GARCH-t,0.05,1.2700716582879317,1.8464400148249107
2024-11-27,-0.1775544220401405,GARCH-t,0.05,1.252134498208244,1.8038357336641029
2024-11-28,0.8477235983316259,GARCH-t,0.05,1.1831671822037222,1.7064605827245003
2024-11-29,1.0279606367893936,GARCH-t,0.05,1.201422948020146,1.7322359507520997
2024-12-02,1.5529603860705077,GARCH-t,0.05,1.2593582723888097,1.8140350011133397
2024-12-03,0.4161712702421514,GARCH-t,0.05,1.465335013144692,2.1048541511558954
2024-12-04,1.0703036919732118,GARCH-t,0.05,1.3696113460811663,1.9697016315451297
2024-12-05,0.6240829256862112,GARCH-t,0.05,1.4007272200962422,2.013634223160511
2024-12-06,0.126688449017483,GARCH-t,0.05,1.338456816742346,1.925714462367471
2024-12-09,-0.1897761254155277,GARCH-t,0.05,1.2467287322870324,1.796203317281716
2024-12-10,-0.082609623542266,GARCH-t,0.05,1.179582909734428,1.7013999381623237
2024-12-11,0.3437414967694116,GARCH-t,0.05,1.1156200484723064,1.6110905912026776
2024-12-12,0.1328063375794452,GARCH-t,0.05,1.0678086046903523,1.5435854768293291
2024-12-13,-0.0996743565913166,GARCH-t,0.05,1.0172224299134656,1.4721627118194007
2024-12-16,-0.452407376186927,GARCH-t,0.05,0.980738734878238,1.4206512783360858
2024-12-17,-0.3325501460903198,GARCH-t,0.05,0.9959834522859632,1.4421753384939653
2024-12-18,-0.0187647697739535,GARCH-t,0.05,0.9881384901374768,1.4310990139741848
2024-12-19,-1.356372249059556,GARCH-t,0.05,0.9524023852938808,1.3806431052229953
2024-12-20,-0.4270999300260459,GARCH-t,0.05,1.2541335845055746,1.8066582493312495
2024-12-23,-0.1811089428234346,GARCH-t,0.05,1.213261345241715,1.7489506176858929
2024-12-27,0.6805964840809604,GARCH-t,0.05,1.1506598139007718,1.6605633363398289
2024-12-30,-0.3769027541394708,GARCH-t,0.05,1.1292246744053234,1.631475348678957
2023-01-13,0.1872277587171562,HS,0.01,4.072753250489209,5.865092375366528
2023-01-16,0.3144915094552991,HS,0.01,4.072753250489209,5.865092375366528
2023-01-17,0.3497914614155125,HS,0.01,4.072753250489209,5.865092375366528
2023-01-18,-0.0347099371499678,HS,0.01,4.072753250489209,5.865092375366528
2023-01-19,-1.7370582414515032,HS,0.01,4.072753250489209,5.865092375366528
2023-01-20,0.755826001684081,HS,0.01,4.072753250489209,5.865092375366528
2023-01-23,0.4605095159965551,HS,0.01,4.072753250489209,5.865092375366528
2023-01-24,-0.0651730319789013,HS,0.01,4.072753250489209,5.865092375366528
2023-01-25,-0.0760284918850211,HS,0.01,4.072753250489209,5.865092375366528
2023-01-26,0.338976505849431,HS,0.01,4.072753250489209,5.865092375366528
2023-01-27,0.1134678469968637,HS,0.01,4.072753250489209,5.865092375366528
2023-01-30,-0.1582118708790759,HS,0.01,4.072753250489209,5.865092375366528
2023-01-31,0.0144736420190294,HS,0.01,4.072753250489209,5.865092375366528
2023-02-01,0.3462386659907409,HS,0.01,4.072753250489209,5.865092375366528
2023-02-02,2.1405244587293084,HS,0.01,4.072753250489209,5.865092375366528
2023-02-03,-0.2114577941051755,HS,0.01,4.072753250489209,5.865092375366528
2023-02-06,-0.8469202017936116,HS,0.01,4.072753250489209,5.865092375366528
2023-02-07,-0.1632402932545597,HS,0.01,4.072753250489209,5.865092375366528
2023-02-08,0.5933062044065663,HS,0.01,4.072753250489209,5.865092375366528
2023-02-09,0.7200187960002645,HS,0.01,4.072753250489209,5.865092375366528
2023-02-10,-1.3975554593732504,HS,0.01,4.072753250489209,5.865092375366528
2023-02-13,0.58204654024423,HS,0.01,4.072753250489209,5.865092375366528
2023-02-14,-0.1090410679064897,HS,0.01,4.072753250489209,5.865092375366528
2023-02-15,0.8144616074990894,HS,0.01,4.072753250489209,5.865092375366528
2023-02-16,0.1759009649695851,HS,0.01,4.072753250489209,5.865092375366528
2023-02-17,-0.332991334302645,HS,0.01,4.072753250489209,5.865092375366528
2023-02-20,-0.0287484499692288,HS,0.01,4.072753250489209,5.865092375366528
2023-02-21,-0.5177614650416545,HS,0.01,4.072753250489209,5.865092375366528
2023-02-22,0.0147384075620377,HS,0.01,4.072753250489209,5.865092375366528
2023-02-23,0.4910089679164108,HS,0.01,4.072753250489209,5.865092375366528
2023-02-24,-1.7334405869660656,HS,0.01,4.072753250489209,5.865092375366528
2023-02-27,1.1224889814446148,HS,0.01,4.072753250489209,5.865092375366528
2023-02-28,-0.1059633054260411,HS,0.01,4.072753250489209,5.865092375366528
2023-03-01,-0.3920435745910764,HS,0.01,4.072753250489209,5.865092375366528
2023-03-02,0.1476863054314378,HS,0.01,4.072753250489209,5.865092375366528
2023-03-03,1.6226963337134577,HS,0.01,4.072753250489209,5.865092375366528
2023-03-06,0.4814974887177785,HS,0.01,4.072753250489209,5.865092375366528
2023-03-07,-0.6026319598284786,HS,0.01,4.072753250489209,5.865092375366528
2023-03-08,0.4638456276087954,HS,0.01,4.072753250489209,5.865092375366528
2023-03-09,0.0085708640276845,HS,0.01,4.072753250489209,5.865092375366528
2023-03-10,-1.3215417024382794,HS,0.01,4.072753250489209,5.865092375366528
2023-03-13,-3.0837552271425768,HS,0.01,4.072753250489209,5.865092375366528
2023-03-14,1.810844640668792,HS,0.01,4.072753250489209,5.865092375366528
2023-03-15,-3.320972704836144,HS,0.01,4.072753250489209,5.865092375366528
2023-03-16,1.5611187600414351,HS,0.01,4.072753250489209,5.865092375366528
2023-03-17,-1.3378199102217023,HS,0.01,4.072753250489209,5.865092375366528
2023-03-20,1.1122734211361045,HS,0.01,4.072753250489209,5.865092375366528
2023-03-21,1.7389823716577375,HS,0.01,4.072753250489209,5.865092375366528
2023-03-22,0.1371229202679795,HS,0.01,4.072753250489209,5.865092375366528
2023-03-23,-0.0381296965047421,HS,0.01,4.072753250489209,5.865092375366528
2023-03-24,-1.6783897541230277,HS,0.01,4.072753250489209,5.865092375366528
2023-03-27,1.133133133217044,HS,0.01,4.072753250489209,5.865092375366528
2023-03-28,0.0947471907078762,HS,0.01,4.072753250489209,5.865092375366528
2023-03-29,1.225849548428203,HS,0.01,4.072753250489209,5.865092375366528
2023-03-30,1.2552042103065504,HS,0.01,4.072753250489209,5.865092375366528
2023-03-31,0.6833748290709876,HS,0.01,4.072753250489209,5.865092375366528
2023-04-03,-0.3070831681625113,HS,0.01,4.072753250489209,5.865092375366528
2023-04-04,0.1446224144328903,HS,0.01,4.072753250489209,5.865092375366528
2023-04-05,-0.5352844624026384,HS,0.01,4.072753250489209,5.865092375366528
2023-04-06,0.499516288859765,HS,0.01,4.072753250489209,5.865092375366528
2023-04-11,0.3665582721320525,HS,0.01,4.072753250489209,5.865092375366528
2023-04-12,0.3088751677893238,HS,0.01,4.072753250489209,5.865092375366528
2023-04-13,0.1645424133099298,HS,0.01,4.072753250489209,5.865092375366528
2023-04-14,0.494912626016291,HS,0.01,4.072753250489209,5.865092375366528
2023-04-17,-0.1137431482918061,HS,0.01,4.072753250489209,5.865092375366528
2023-04-18,0.5881493319267852,HS,0.01,4.072753250489209,5.865092375366528
2023-04-19,0.078861635727574,HS,0.01,4.072753250489209,5.865092375366528
2023-04-20,-0.6262362247234691,HS,0.01,4.072753250489209,5.865092375366528
2023-04-21,0.5410167302099126,HS,0.01,4.072753250489209,5.865092375366528
2023-04-24,-0.1115742465090833,HS,0.01,4.072753250489209,5.865092375366528
2023-04-25,0.051548191591333,HS,0.01,4.072753250489209,5.865092375366528
2023-04-26,-0.4825053630805876,HS,0.01,4.072753250489209,5.865092375366528
2023-04-27,0.0298752982063484,HS,0.01,4.072753250489209,5.865092375366528
2023-04-28,0.7687226368913168,HS,0.01,4.072753250489209,5.865092375366528
2023-05-02,-1.235046664211514,HS,0.01,4.072753250489209,5.865092375366528
2023-05-03,0.5587430719483529,HS,0.01,4.072753250489209,5.865092375366528
2023-05-04,-0.5123379169960087,HS,0.01,4.072753250489209,5.865092375366528
2023-05-05,1.4310226108008792,HS,0.01,4.072753250489209,5.865092375366528
2023-05-08,-0.0513222529089768,HS,0.01,4.072753250489209,5.865092375366528
2023-05-09,0.0166125412826278,HS,0.01,4.072753250489209,5.865092375366528
2023-05-10,-0.3720369587487674,HS,0.01,4.072753250489209,5.865092375366528
2023-05-11,-0.3864997452142485,HS,0.01,4.072753250489209,5.865092375366528
2023-05-12,0.4970927503231007,HS,0.01,4.072753250489209,5.865092375366528
2023-05-15,0.0214879544030366,HS,0.01,4.072753250489209,5.865092375366528
2023-05-16,-0.1213920861888167,HS,0.01,4.072753250489209,5.865092375366528
2023-05-17,0.3351425952408643,HS,0.01,4.072753250489209,5.865092375366528
2023-05-18,1.3206655655658732,HS,0.01,4.072753250489209,5.865092375366528
2023-05-19,0.6906555293001099,HS,0.01,4.072753250489209,5.865092375366528
2023-05-22,-0.3162503832106413,HS,0.01,4.072753250489209,5.865092375366528
2023-05-23,-0.4393879945849793,HS,0.01,4.072753250489209,5.865092375366528
2023-05-24,-1.942430589231978,HS,0.01,4.072753250489209,5.865092375366528
2023-05-25,-0.3055394053591321,HS,0.01,4.072753250489209,5.865092375366528
2023-05-26,1.196888232836375,HS,0.01,4.072753250489209,5.865092375366528
2023-05-29,-0.1956324077609966,HS,0.01,4.072753250489209,5.865092375366528
2023-05-30,-0.2750664389509437,HS,0.01,4.072753250489209,5.865092375366528
2023-05-31,-1.5513006778311815,HS,0.01,4.072753250489209,5.865092375366528
2023-06-01,1.203406567368588,HS,0.01,4.072753250489209,5.865092375366528
2023-06-02,1.2385113008230193,HS,0.01,4.072753250489209,5.865092375366528
2023-06-05,-0.5456236720305127,HS,0.01,4.072753250489209,5.865092375366528
2023-06-06,0.1786862807888011,HS,0.01,4.072753250489209,5.865092375366528
2023-06-07,-0.1995485241074591,HS,0.01,4.072753250489209,5.865092375366528
2023-06-08,0.1840370632747577,HS,0.01,4.072753250489209,5.865092375366528
2023-06-09,-0.2512234800077262,HS,0.01,4.072753250489209,5.865092375366528
2023-06-12,0.9238184345050416,HS,0.01,4.072753250489209,5.865092375366528
2023-06-13,0.8216286734134776,HS,0.01,4.072753250489209,5.865092375366528
2023-06-14,0.4923595281371546,HS,0.01,4.072753250489209,5.865092375366528
2023-06-15,-0.1268058133693415,HS,0.01,4.072753250489209,5.865092375366528
2023-06-16,0.4135651727713478,HS,0.01,4.072753250489209,5.865092375366528
2023-06-19,-0.9609122366319118,HS,0.01,4.072753250489209,5.865092375366528
2023-06-20,-0.5563175710652921,HS,0.01,4.072753250489209,5.865092375366528
2023-06-21,-0.5488853897582908,HS,0.01,4.072753250489209,5.865092375366528
2023-06-22,-0.2184837938773562,HS,0.01,4.072753250489209,5.865092375366528
2023-06-23,-0.994534731941198,HS,0.01,4.072753250489209,5.865092375366528
2023-06-26,-0.1066957050622756,HS,0.01,4.072753250489209,5.865092375366528
2023-06-27,0.2135241919475105,HS,0.01,4.072753250489209,5.865092375366528
2023-06-28,0.6424735713688167,HS,0.01,4.072753250489209,5.865092375366528
2023-06-29,-0.0142983037281051,HS,0.01,4.072753250489209,5.865092375366528
2023-06-30,1.25368861412709,HS,0.01,4.072753250489209,5.865092375366528
2023-07-03,-0.4149093739210347,HS,0.01,4.072753250489209,5.865092375366528
2023-07-04,-0.2607090112677748,HS,0.01,4.072753250489209,5.865092375366528
2023-07-05,-0.6354003176892583,HS,0.01,4.072753250489209,5.865092375366528
2023-07-06,-2.6000223749537517,HS,0.01,4.072753250489209,5.865092375366528
2023-07-07,0.4809240594387629,HS,0.01,4.072753250489209,5.865092375366528
2023-07-10,0.4460840967480253,HS,0.01,4.072753250489209,5.865092375366528
2023-07-11,0.7448645527859914,HS,0.01,4.072753250489209,5.865092375366528
2023-07-12,1.4626839269726633,HS,0.01,4.072753250489209,5.865092375366528
2023-07-13,0.7339304325099197,HS,0.01,4.072753250489209,5.865092375366528
2023-07-14,-0.2230345697049001,HS,0.01,4.072753250489209,5.865092375366528
2023-07-17,-0.2263955590769147,HS,0.01,4.072753250489209,5.865092375366528
2023-07-18,0.3531071288459615,HS,0.01,4.072753250489209,5.865092375366528
2023-07-19,-0.1027507141257687,HS,0.01,4.072753250489209,5.865092375366528
2023-07-20,0.5897928058184373,HS,0.01,4.072753250489209,5.865092375366528
2023-07-21,-0.166762236102906,HS,0.01,4.072753250489209,5.865092375366528
2023-07-24,0.0848393320147906,HS,0.01,4.072753250489209,5.865092375366528
2023-07-25,0.1273952671861861,HS,0.01,4.072753250489209,5.865092375366528
2023-07-26,-0.4955008710854717,HS,0.01,4.072753250489209,5.865092375366528
2023-07-27,1.687750713192438,HS,0.01,4.072753250489209,5.865092375366528
2023-07-28,0.3876457640344605,HS,0.01,4.072753250489209,5.865092375366528
2023-07-31,-0.1392606736468624,HS,0.01,4.072753250489209,5.865092375366528
2023-08-01,-1.2630769199588878,HS,0.01,4.072753250489209,5.865092375366528
2023-08-02,-1.3662828206126842,HS,0.01,4.072753250489209,5.865092375366528
2023-08-03,-0.7936497865689316,HS,0.01,4.072753250489209,5.865092375366528
2023-08-04,0.3672795938017441,HS,0.01,4.072753250489209,5.865092375366528
2023-08-07,-0.0068996586104494,HS,0.01,4.072753250489209,5.865092375366528
2023-08-08,-1.1084511098277747,HS,0.01,4.072753250489209,5.865092375366528
2023-08-09,0.4910316823599382,HS,0.01,4.072753250489209,5.865092375366528
2023-08-10,0.9038901249810708,HS,0.01,4.072753250489209,5.865092375366528
2023-08-11,-1.0327228225598208,HS,0.01,4.072753250489209,5.865092375366528
2023-08-14,0.4542428052187615,HS,0.01,4.072753250489209,5.865092375366528
2023-08-15,-0.8649445057065229,HS,0.01,4.072753250489209,5.865092375366528
2023-08-16,0.1405083808944577,HS,0.01,4.072753250489209,5.865092375366528
2023-08-17,-0.7153691646610253,HS,0.01,4.072753250489209,5.865092375366528
2023-08-18,-0.6568779754443819,HS,0.01,4.072753250489209,5.865092375366528
2023-08-21,0.186162963193506,HS,0.01,4.072753250489209,5.865092375366528
2023-08-22,0.6537451456842291,HS,0.01,4.072753250489209,5.865092375366528
2023-08-23,0.1450023611823725,HS,0.01,4.072753250489209,5.865092375366528
2023-08-24,-0.6821095767501448,HS,0.01,4.072753250489209,5.865092375366528
2023-08-25,0.0661054993562347,HS,0.01,4.072753250489209,5.865092375366528
2023-08-28,1.023353097525468,HS,0.01,4.072753250489209,5.865092375366528
2023-08-29,0.8717225363247004,HS,0.01,4.072753250489209,5.865092375366528
2023-08-30,-0.2447943175912836,HS,0.01,4.072753250489209,5.865092375366528
2023-08-31,0.3464331723171214,HS,0.01,4.072753250489209,5.865092375366528
2023-09-01,-0.6715904331487367,HS,0.01,4.072753250489209,5.865092375366528
2023-09-04,-0.0978376310273538,HS,0.01,4.072753250489209,5.865092375366528
2023-09-05,-0.3363638273423204,HS,0.01,4.072753250489209,5.865092375366528
2023-09-06,-0.192554031843608,HS,0.01,4.072753250489209,5.865092375366528
2023-09-07,-0.1443734458280984,HS,0.01,4.072753250489209,5.865092375366528
2023-09-08,0.1375738541732063,HS,0.01,4.072753250489209,5.865092375366528
2023-09-11,0.3848321011110978,HS,0.01,4.072753250489209,5.865092375366528
2023-09-12,-0.5423198310995345,HS,0.01,4.072753250489209,5.865092375366528
2023-09-13,-0.3921003528322211,HS,0.01,4.072753250489209,5.865092375366528
2023-09-14,0.9616287303144746,HS,0.01,4.072753250489209,5.865092375366528
2023-09-15,0.5567428783243866,HS,0.01,4.072753250489209,5.865092375366528
2023-09-18,-1.0525507256928552,HS,0.01,4.072753250489209,5.865092375366528
2023-09-19,-0.3990859364067893,HS,0.01,4.072753250489209,5.865092375366528
2023-09-20,0.744830214040099,HS,0.01,4.072753250489209,5.865092375366528
2023-09-21,-1.3378599108415867,HS,0.01,4.072753250489209,5.865092375366528
2023-09-22,-0.0936120220512701,HS,0.01,4.072753250489209,5.865092375366528
2023-09-25,-0.9805386957205736,HS,0.01,4.072753250489209,5.865092375366528
2023-09-26,-0.9759599905361404,HS,0.01,4.072753250489209,5.865092375366528
2023-09-27,-0.25215461812357,HS,0.01,4.072753250489209,5.865092375366528
2023-09-28,0.6944789225067006,HS,0.01,4.072753250489209,5.865092375366528
2023-09-29,0.4108108261458599,HS,0.01,4.072753250489209,5.865092375366528
2023-10-02,-0.9099173076763926,HS,0.01,4.072753250489209,5.865092375366528
2023-10-03,-1.068174189590285,HS,0.01,4.072753250489209,5.865092375366528
2023-10-04,0.0974649581371627,HS,0.01,4.072753250489209,5.865092375366528
2023-10-05,-0.1968847691965825,HS,0.01,4.072753250489209,5.865092375366528
2023-10-06,1.0531441313921008,HS,0.01,4.072753250489209,5.865092375366528
2023-10-09,-0.6697408387907724,HS,0.01,4.072753250489209,5.865092375366528
2023-10-10,1.9338960806318537,HS,0.01,4.072753250489209,5.865092375366528
2023-10-11,0.2363088169419606,HS,0.01,4.072753250489209,5.865092375366528
2023-10-12,-0.2265142418434755,HS,0.01,4.072753250489209,5.865092375366528
2023-10-13,-1.5574111193234097,HS,0.01,4.072753250489209,5.865092375366528
2023-10-16,0.337424595961899,HS,0.01,4.072753250489209,5.865092375366528
2023-10-17,0.0898677581145981,HS,0.01,4.072753250489209,5.865092375366528
2023-10-18,-1.0332733505565326,HS,0.01,4.072753250489209,5.865092375366528
2023-10-19,-0.3296582660916618,HS,0.01,4.072753250489209,5.865092375366528
2023-10-20,-1.6537250021769485,HS,0.01,4.072753250489209,5.865092375366528
2023-10-23,0.0152031190441692,HS,0.01,4.072753250489209,5.865092375366528
2023-10-24,0.5338216254913195,HS,0.01,4.072753250489209,5.865092375366528
2023-10-25,0.0822195964130725,HS,0.01,4.072753250489209,5.865092375366528
2023-10-26,-1.0878724208663224,HS,0.01,4.072753250489209,5.865092375366528
2023-10-27,-0.2966822906791264,HS,0.01,4.072753250489209,5.865092375366528
2023-10-30,0.1981359113235535,HS,0.01,4.072753250489209,5.865092375366528
2023-10-31,0.6353540949674668,HS,0.01,4.072753250489209,5.865092375366528
2023-11-01,0.759613332444547,HS,0.01,4.072753250489209,5.865092375366528
2023-11-02,1.4656266410818382,HS,0.01,4.072753250489209,5.865092375366528
2023-11-03,0.3009966137605249,HS,0.01,4.072753250489209,5.865092375366528
2023-11-06,-0.351392858762129,HS,0.01,4.072753250489209,5.865092375366528
2023-11-07,0.1100738786106285,HS,0.01,4.072753250489209,5.865092375366528
2023-11-08,0.5066125961720225,HS,0.01,4.072753250489209,5.865092375366528
2023-11-09,0.8040058240867269,HS,0.01,4.072753250489209,5.865092375366528
2023-11-10,-0.7725586025069316,HS,0.01,4.072753250489209,5.865092375366528
2023-11-13,0.7234338895524853,HS,0.01,4.072753250489209,5.865092375366528
2023-11-14,1.740577862138782,HS,0.01,4.072753250489209,5.865092375366528
2023-11-15,0.8528696390834213,HS,0.01,4.072753250489209,5.865092375366528
2023-11-16,0.24379715599134,HS,0.01,4.072753250489209,5.865092375366528
2023-11-17,0.8361290376463646,HS,0.01,4.072753250489209,5.865092375366528
2023-11-20,-0.1120666580541593,HS,0.01,4.072753250489209,5.865092375366528
2023-11-21,-0.0050299239027282,HS,0.01,4.072753250489209,5.865092375366528
2023-11-22,0.3596551595645857,HS,0.01,4.072753250489209,5.865092375366528
2023-11-23,0.2310311494073794,HS,0.01,4.072753250489209,5.865092375366528
2023-11-24,0.2170843100155807,HS,0.01,4.072753250489209,5.865092375366528
2023-11-27,-0.3945522850599633,HS,0.01,4.072753250489209,5.865092375366528
2023-11-28,0.1645844843406254,HS,0.01,4.072753250489209,5.865092375366528
2023-11-29,1.0807631821599466,HS,0.01,4.072753250489209,5.865092375366528
2023-11-30,0.302511958645477,HS,0.01,4.072753250489209,5.865092375366528
2023-12-01,1.1166836505028106,HS,0.01,4.072753250489209,5.865092375366528
2023-12-04,0.0441447036472812,HS,0.01,4.072753250489209,5.865092375366528
2023-12-05,0.7793476771123728,HS,0.01,4.072753250489209,5.865092375366528
2023-12-06,0.7431896493775858,HS,0.01,4.072753250489209,5.865092375366528
2023-12-07,-0.1649323756979799,HS,0.01,4.072753250489209,5.865092375366528
2023-12-08,0.7801024705102276,HS,0.01,4.072753250489209,5.865092375366528
2023-12-11,0.2098668662753746,HS,0.01,4.072753250489209,5.865092375366528
2023-12-12,-0.0160152416128724,HS,0.01,4.072753250489209,5.865092375366528
2023-12-13,-0.1531057758321442,HS,0.01,4.072753250489209,5.865092375366528
2023-12-14,-0.0824643315097979,HS,0.01,4.072753250489209,5.865092375366528
2023-12-15,-0.004721964053434,HS,0.01,4.072753250489209,5.865092375366528
2023-12-18,-0.6040896244381847,HS,0.01,4.072753250489209,5.865092375366528
2023-12-19,0.5621184724288284,HS,0.01,4.072753250489209,5.865092375366528
2023-12-20,-0.0678628254225011,HS,0.01,4.072753250489209,5.865092375366528
2023-12-21,-0.2730714844525453,HS,0.01,4.072753250489209,5.865092375366528
2023-12-22,0.1123554682210487,HS,0.01,4.072753250489209,5.865092375366528
2023-12-27,0.2146039854072149,HS,0.01,4.072753250489209,5.865092375366528
2023-12-28,-0.2423155732024419,HS,0.01,4.072753250489209,5.865092375366528
2023-12-29,0.2994624971626512,HS,0.01,4.072753250489209,5.865092375366528
2024-01-02,0.1057173213820018,HS,0.01,4.072753250489209,5.865092375366528
2024-01-03,-1.3868991583284898,HS,0.01,4.072753250489209,5.865092375366528
2024-01-04,0.4759280290394104,HS,0.01,4.072753250489209,5.865092375366528
2024-01-05,-0.1389767322435139,HS,0.01,4.072753250489209,5.865092375366528
2024-01-08,0.7340607192363031,HS,0.01,4.072753250489209,5.865092375366528
2024-01-09,-0.168307006473176,HS,0.01,4.072753250489209,5.865092375366528
2024-01-10,0.0086953351805129,HS,0.01,4.072753250489209,5.865092375366528
2024-01-11,-0.859179928062285,HS,0.01,4.072753250489209,5.865092375366528
2024-01-12,0.9475181747553496,HS,0.01,4.072753250489209,5.865092375366528
2024-01-15,-0.4941371965947412,HS,0.01,4.072753250489209,5.865092375366528
2024-01-16,-0.3045201322342683,HS,0.01,4.072753250489209,5.865092375366528
2024-01-17,-0.8483441393796812,HS,0.01,4.072753250489209,5.865092375366528
2024-01-18,0.8222113392252062,HS,0.01,4.072753250489209,5.865092375366528
2024-01-19,-0.0737791999955264,HS,0.01,4.072753250489209,5.865092375366528
2024-01-22,0.7715702540190797,HS,0.01,4.072753250489209,5.865092375366528
2024-01-23,-0.3378494502023984,HS,0.01,4.072753250489209,5.865092375366528
2024-01-24,1.568370612352123,HS,0.01,4.072753250489209,5.865092375366528
2024-01-25,0.1006011302378808,HS,0.01,4.039867637340157,5.863427933576274
2024-01-26,0.3216620446146262,HS,0.01,4.039867637340157,5.863427933576274
2024-01-29,-0.1160937424798049,HS,0.01,4.039867637340157,5.863427933576274
2024-01-30,0.1806266952600262,HS,0.01,4.039867637340157,5.863427933576274
2024-01-31,-0.4048882404080683,HS,0.01,4.039867637340157,5.863427933576274
2024-02-01,-0.264911268204156,HS,0.01,4.039867637340157,5.863427933576274
2024-02-02,0.3503656190535221,HS,0.01,4.039867637340157,5.863427933576274
2024-02-05,-0.0836749918298895,HS,0.01,4.039867637340157,5.863427933576274
2024-02-06,0.7612880719440723,HS,0.01,4.039867637340157,5.863427933576274
2024-02-07,-0.6554500720230801,HS,0.01,4.039867637340157,5.863427933576274
2024-02-08,0.2471192831997178,HS,0.01,4.01595234671235,5.439684146425712
2024-02-09,-0.2202993782380713,HS,0.01,4.01595234671235,5.439684146425712
2024-02-12,0.6527528784014754,HS,0.01,4.01595234671235,5.439684146425712
2024-02-13,-0.9229306744622006,HS,0.01,3.9749382403465248,4.5357696879604505
2024-02-14,0.3822496057037969,HS,0.01,3.9749382403465248,4.5357696879604505
2024-02-15,0.5954858644379811,HS,0.01,3.922431134297469,4.388054423294863
2024-02-16,0.4141776969236116,HS,0.01,3.922431134297469,4.388054423294863
2024-02-19,-0.1472079125049205,HS,0.01,3.8732589355071,4.207745123434983
2024-02-20,-0.1395175704703923,HS,0.01,3.8732589355071,4.207745123434983
2024-02-21,0.290696135291251,HS,0.01,3.8732589355071,4.207745123434983
2024-02-22,1.4632940280449829,HS,0.01,3.8732589355071,4.207745123434983
2024-02-23,0.2810071953807722,HS,0.01,3.8732589355071,4.207745123434983
2024-02-26,0.0223886567466426,HS,0.01,3.8732589355071,4.207745123434983
2024-02-27,0.7619295273403105,HS,0.01,3.8732589355071,4.207745123434983
2024-02-28,0.2544562298983276,HS,0.01,3.8732589355071,4.207745123434983
2024-02-29,0.4363387697094966,HS,0.01,3.8732589355071,4.207745123434983
2024-03-01,0.3212407367573934,HS,0.01,3.8732589355071,4.207745123434983
2024-03-04,-0.1066275385050985,HS,0.01,3.7767209305140206,4.193450467980731
2024-03-05,-0.1003515365818269,HS,0.01,3.7767209305140206,4.193450467980731
2024-03-06,0.1034052855964254,HS,0.01,3.7767209305140206,4.193450467980731
2024-03-07,0.7094530922551384,HS,0.01,3.7767209305140206,4.193450467980731
2024-03-08,-0.1589565251828572,HS,0.01,3.7767209305140206,4.193450467980731
2024-03-11,-0.3837954031859242,HS,0.01,3.7767209305140206,4.193450467980731
2024-03-12,1.2256182194385463,HS,0.01,3.7767209305140206,4.193450467980731
2024-03-13,-0.0207563589655537,HS,0.01,3.7767209305140206,4.193450467980731
2024-03-14,-0.1077434895516357,HS,0.01,3.703624475376432,4.173572907951733
2024-03-15,-0.0300382873379964,HS,0.01,3.703624475376432,4.173572907951733
2024-03-18,-0.0221398232560864,HS,0.01,3.703624475376432,4.173572907951733
2024-03-19,0.3051800118650186,HS,0.01,3.703624475376432,4.173572907951733
2024-03-20,0.1535478784097713,HS,0.01,3.51476805388656,4.136603820022859
2024-03-21,0.9068825687253148,HS,0.01,3.51476805388656,4.136603820022859
2024-03-22,0.146705064961775,HS,0.01,3.51476805388656,4.136603820022859
2024-03-25,0.3036759629654587,HS,0.01,3.51476805388656,4.136603820022859
2024-03-26,0.6715093919433112,HS,0.01,3.51476805388656,4.136603820022859
2024-03-27,0.5031839853687976,HS,0.01,3.51476805388656,4.136603820022859
2024-03-28,0.0833138568696976,HS,0.01,3.51476805388656,4.136603820022859
2024-04-02,-1.1385892638780295,HS,0.01,3.51476805388656,4.136603820022859
2024-04-03,0.4615990643743557,HS,0.01,3.49251410552947,4.11760100455469
2024-04-04,0.1925991141967733,HS,0.01,3.49251410552947,4.11760100455469
2024-04-05,-1.2471632880227137,HS,0.01,3.49251410552947,4.11760100455469
2024-04-08,0.7888000679608055,HS,0.01,3.49251410552947,4.11760100455469
2024-04-09,-1.3313940610920385,HS,0.01,3.49251410552947,4.11760100455469
2024-04-10,0.1139566313916028,HS,0.01,3.49251410552947,4.11760100455469
2024-04-11,-0.7923106969112904,HS,0.01,3.49251410552947,4.11760100455469
2024-04-12,-0.1346540004377691,HS,0.01,3.49251410552947,4.11760100455469
2024-04-15,0.5354187626759636,HS,0.01,3.49251410552947,4.11760100455469
2024-04-16,-1.4547848971801618,HS,0.01,3.49251410552947,4.11760100455469
2024-04-17,0.0213250554819905,HS,0.01,3.49251410552947,4.11760100455469
2024-04-18,0.3784657240037666,HS,0.01,3.49251410552947,4.11760100455469
2024-04-19,-0.5624284183328198,HS,0.01,3.49251410552947,4.11760100455469
2024-04-22,0.693529668303137,HS,0.01,3.49251410552947,4.11760100455469
2024-04-23,1.5381498851941169,HS,0.01,3.49251410552947,4.11760100455469
2024-04-24,-0.2702519144003532,HS,0.01,3.49251410552947,4.11760100455469
2024-04-25,-0.9521819658271264,HS,0.01,3.49251410552947,4.11760100455469
2024-04-26,1.3511404392249289,HS,0.01,3.49251410552947,4.11760100455469
2024-04-29,-0.2353377128828865,HS,0.01,3.49251410552947,4.11760100455469
2024-04-30,-1.032729618214251,HS,0.01,3.49251410552947,4.11760100455469
2024-05-02,-0.1991139148488078,HS,0.01,3.49251410552947,4.11760100455469
2024-05-03,0.5855458133382536,HS,0.01,3.49251410552947,4.11760100455469
2024-05-06,0.9598008131742796,HS,0.01,3.49251410552947,4.11760100455469
2024-05-07,1.392389776909481,HS,0.01,3.49251410552947,4.11760100455469
2024-05-08,0.3700680103170389,HS,0.01,3.49251410552947,4.11760100455469
2024-05-09,1.012346141279731,HS,0.01,3.49251410552947,4.11760100455469
2024-05-10,0.4604987751622837,HS,0.01,3.49251410552947,4.11760100455469
2024-05-13,-0.1632885813641824,HS,0.01,3.370598831759889,4.009723847093581
2024-05-14,-0.1377561219501679,HS,0.01,3.370598831759889,4.009723847093581
2024-05-15,0.8138200143103556,HS,0.01,3.370598831759889,4.009723847093581
2024-05-16,-0.6942605969100953,HS,0.01,3.370598831759889,4.009723847093581
2024-05-17,-0.1836948053896265,HS,0.01,3.370598831759889,4.009723847093581
2024-05-20,0.3444636056986854,HS,0.01,3.370598831759889,4.009723847093581
2024-05-21,-0.2250986987468292,HS,0.01,3.370598831759889,4.009723847093581
2024-05-22,-0.248940690098104,HS,0.01,3.370598831759889,4.009723847093581
2024-05-23,0.059516413663495,HS,0.01,3.370598831759889,4.009723847093581
2024-05-24,0.0109607871940305,HS,0.01,3.3330423129383804,3.9974299399041326
2024-05-27,0.4341931825481289,HS,0.01,3.3330423129383804,3.9974299399041326
2024-05-28,-0.5171446800186583,HS,0.01,3.3330423129383804,3.9974299399041326
2024-05-29,-1.1013500301549617,HS,0.01,3.3330423129383804,3.9974299399041326
2024-05-30,0.1271298539624551,HS,0.01,3.3330423129383804,3.9974299399041326
2024-05-31,0.0062192137719634,HS,0.01,3.3330423129383804,3.9974299399041326
2024-06-03,0.5940857619672008,HS,0.01,3.3330423129383804,3.9974299399041326
2024-06-04,-1.0943029245612654,HS,0.01,3.3330423129383804,3.9974299399041326
2024-06-05,0.9209992193333072,HS,0.01,3.3330423129383804,3.9974299399041326
2024-06-06,0.4122129657173716,HS,0.01,3.3330423129383804,3.9974299399041326
2024-06-07,-0.5127694431069029,HS,0.01,3.3330423129383804,3.9974299399041326
2024-06-10,-0.3367089255844471,HS,0.01,3.3330423129383804,3.9974299399041326
2024-06-11,-0.6778908249741008,HS,0.01,3.3330423129383804,3.9974299399041326
2024-06-12,1.410370884898602,HS,0.01,3.3330423129383804,3.9974299399041326
2024-06-13,-1.9795439985809713,HS,0.01,3.3330423129383804,3.9974299399041326
2024-06-14,-1.4539924336691077,HS,0.01,3.3330423129383804,3.9974299399041326
2024-06-17,0.3670144586792632,HS,0.01,3.3330423129383804,3.9974299399041326
2024-06-18,0.3522624952010773,HS,0.01,3.3330423129383804,3.9974299399041326
2024-06-19,-0.3539272076323118,HS,0.01,3.3330423129383804,3.9974299399041326
2024-06-20,1.0256632533436991,HS,0.01,3.3330423129383804,3.9974299399041326
2024-06-21,-0.4978916597184417,HS,0.01,3.3330423129383804,3.9974299399041326
2024-06-24,0.8882741103415963,HS,0.01,3.3330423129383804,3.9974299399041326
2024-06-25,-0.8106782473733726,HS,0.01,3.3330423129383804,3.9974299399041326
2024-06-26,-0.1231882624435676,HS,0.01,3.3330423129383804,3.9974299399041326
2024-06-27,0.3041902182248652,HS,0.01,3.3330423129383804,3.9974299399041326
2024-06-28,0.1366319561731131,HS,0.01,3.3330423129383804,3.9974299399041326
2024-07-01,0.3023096655678078,HS,0.01,3.321089731510287,3.979410699895207
2024-07-02,-0.6945609011884646,HS,0.01,3.321089731510287,3.979410699895207
2024-07-03,1.1520481699241631,HS,0.01,3.321089731510287,3.979410699895207
2024-07-04,0.4124983539930859,HS,0.01,3.321089731510287,3.979410699895207
2024-07-05,0.1352369677175872,HS,0.01,3.321089731510287,3.979410699895207
2024-07-08,-0.0183960349662873,HS,0.01,3.321089731510287,3.979410699895207
2024-07-09,-1.2850769881641582,HS,0.01,3.321089731510287,3.979410699895207
2024-07-10,0.933496589228261,HS,0.01,3.321089731510287,3.979410699895207
2024-07-11,0.6894109801932471,HS,0.01,3.321089731510287,3.979410699895207
2024-07-12,1.1459537415983594,HS,0.01,3.321089731510287,3.979410699895207
2024-07-15,-0.8424954962485622,HS,0.01,3.321089731510287,3.979410699895207
2024-07-16,-0.392689530755699,HS,0.01,3.321089731510287,3.979410699895207
2024-07-17,-0.4368985143234455,HS,0.01,3.321089731510287,3.979410699895207
2024-07-18,-0.4486900319050667,HS,0.01,3.321089731510287,3.979410699895207
2024-07-19,-1.001085002510522,HS,0.01,3.321089731510287,3.979410699895207
2024-07-22,1.2856768308834885,HS,0.01,3.321089731510287,3.979410699895207
2024-07-23,0.8149908245219187,HS,0.01,3.321089731510287,3.979410699895207
2024-07-24,-0.9215793646682898,HS,0.01,3.321089731510287,3.979410699895207
2024-07-25,-0.4837811049421177,HS,0.01,3.321089731510287,3.979410699895207
2024-07-26,0.6472906328498461,HS,0.01,3.321089731510287,3.979410699895207
2024-07-29,-0.5274130433874562,HS,0.01,3.321089731510287,3.979410699895207
2024-07-30,0.4928145452450372,HS,0.01,3.321089731510287,3.979410699895207
2024-07-31,0.52801396634034,HS,0.01,3.321089731510287,3.979410699895207
2024-08-01,-2.326313285080173,HS,0.01,3.321089731510287,3.979410699895207
2024-08-02,-2.360376335616341,HS,0.01,3.321089731510287,3.979410699895207
2024-08-05,-1.841301571168847,HS,0.01,3.321089731510287,3.979410699895207
2024-08-06,0.0883185198640146,HS,0.01,3.321089731510287,3.979410699895207
2024-08-07,1.4917864641052032,HS,0.01,3.321089731510287,3.979410699895207
2024-08-08,0.3697354079403876,HS,0.01,3.321089731510287,3.979410699895207
2024-08-09,0.2399805195305926,HS,0.01,3.321089731510287,3.979410699895207
2024-08-12,0.0202533677150119,HS,0.01,3.321089731510287,3.979410699895207
2024-08-13,0.4816196058523744,HS,0.01,3.321089731510287,3.979410699895207
2024-08-14,0.4120659561104712,HS,0.01,3.321089731510287,3.979410699895207
2024-08-15,1.6504405608105874,HS,0.01,3.321089731510287,3.979410699895207
2024-08-16,0.7624072770183437,HS,0.01,3.321089731510287,3.979410699895207
2024-08-19,0.5404368679973559,HS,0.01,3.321089731510287,3.979410699895207
2024-08-20,-0.3489470750472152,HS,0.01,3.321089731510287,3.979410699895207
2024-08-21,0.4968141669871004,HS,0.01,3.12781278165922,3.8641700543611166
2024-08-22,0.2405988785574235,HS,0.01,3.12781278165922,3.8641700543611166
2024-08-23,0.752614335218902,HS,0.01,3.12781278165922,3.8641700543611166
2024-08-26,-0.0863357191590031,HS,0.01,3.12781278165922,3.8641700543611166
2024-08-27,0.3474161557193789,HS,0.01,3.12781278165922,3.8641700543611166
2024-08-28,0.5364002209628965,HS,0.01,3.12781278165922,3.8641700543611166
2024-08-29,0.6912442222435738,HS,0.01,3.12781278165922,3.8641700543611166
2024-08-30,-0.0298808399162741,HS,0.01,3.12781278165922,3.8641700543611166
2024-09-02,0.1264857362725436,HS,0.01,3.12781278165922,3.8641700543611166
2024-09-03,-0.9753271985521456,HS,0.01,3.12781278165922,3.8641700543611166
2024-09-04,-0.8316282224677957,HS,0.01,3.12781278165922,3.8641700543611166
2024-09-05,-0.0825950595543589,HS,0.01,3.12781278165922,3.8641700543611166
2024-09-06,-1.4892440106686575,HS,0.01,3.12781278165922,3.8641700543611166
2024-09-09,0.7710386776698133,HS,0.01,3.12781278165922,3.8641700543611166
2024-09-10,-0.9678263453723406,HS,0.01,3.12781278165922,3.8641700543611166
2024-09-11,0.3516741860656538,HS,0.01,3.12781278165922,3.8641700543611166
2024-09-12,1.0210560022440305,HS,0.01,3.12781278165922,3.8641700543611166
2024-09-13,0.9727132529983926,HS,0.01,3.12781278165922,3.8641700543611166
2024-09-16,-0.3551386484055441,HS,0.01,3.12781278165922,3.8641700543611166
2024-09-17,0.4977136624617267,HS,0.01,3.12781278165922,3.8641700543611166
2024-09-18,-0.0779422615667917,HS,0.01,3.12781278165922,3.8641700543611166
2024-09-19,1.5426493505265697,HS,0.01,3.12781278165922,3.8641700543611166
2024-09-20,-1.4971286986846029,HS,0.01,3.12781278165922,3.8641700543611166
2024-09-23,0.6749565155008249,HS,0.01,3.12781278165922,3.8641700543611166
2024-09-24,0.7919082379714939,HS,0.01,3.12781278165922,3.8641700543611166
2024-09-25,-0.4121360955154496,HS,0.01,3.084176291584392,3.799181145241532
2024-09-26,1.6765890735206166,HS,0.01,3.084176291584392,3.799181145241532
2024-09-27,1.2155116782273692,HS,0.01,2.9755130140465584,3.681604331412264
2024-09-30,-0.7665330769227457,HS,0.01,2.9755130140465584,3.681604331412264
2024-10-01,-0.5801503559355401,HS,0.01,2.9755130140465584,3.681604331412264
2024-10-02,-0.2521798350915954,HS,0.01,2.9755130140465584,3.681604331412264
2024-10-03,-0.7822942845277677,HS,0.01,2.9755130140465584,3.681604331412264
2024-10-04,0.5533818974793203,HS,0.01,2.9755130140465584,3.681604331412264
2024-10-07,-0.0880579009204647,HS,0.01,2.9755130140465584,3.681604331412264
2024-10-08,-0.197161939847637,HS,0.01,2.9755130140465584,3.681604331412264
2024-10-09,0.983578375458644,HS,0.01,2.9755130140465584,3.681604331412264
2024-10-10,-0.2289268996117369,HS,0.01,2.9755130140465584,3.681604331412264
2024-10-11,0.8445343736598849,HS,0.01,2.9755130140465584,3.681604331412264
2024-10-14,0.6916265025179444,HS,0.01,2.9755130140465584,3.681604331412264
2024-10-15,-0.1133473895911056,HS,0.01,2.9755130140465584,3.681604331412264
2024-10-16,-0.2743078687566939,HS,0.01,2.9755130140465584,3.681604331412264
2024-10-17,0.7718887090328688,HS,0.01,2.9755130140465584,3.681604331412264
2024-10-18,0.3770498008232001,HS,0.01,2.9755130140465584,3.681604331412264
2024-10-21,-1.0030090025481522,HS,0.01,2.9755130140465584,3.681604331412264
2024-10-22,-0.2020379580377815,HS,0.01,2.9755130140465584,3.681604331412264
2024-10-23,-0.2283070731332298,HS,0.01,2.9755130140465584,3.681604331412264
2024-10-24,0.3368360558854116,HS,0.01,2.9755130140465584,3.681604331412264
2024-10-25,0.1058424588474972,HS,0.01,2.9755130140465584,3.681604331412264
2024-10-28,0.3489114055908631,HS,0.01,2.9755130140465584,3.681604331412264
2024-10-29,-0.2745413383707324,HS,0.01,2.9755130140465584,3.681604331412264
2024-10-30,-1.1396954728938589,HS,0.01,2.9755130140465584,3.681604331412264
2024-10-31,-0.9380600896745416,HS,0.01,2.9755130140465584,3.681604331412264
2024-11-01,0.9257567996649416,HS,0.01,2.9755130140465584,3.681604331412264
2024-11-04,-0.5578828362529464,HS,0.01,2.9755130140465584,3.681604331412264
2024-11-05,0.5646280260603334,HS,0.01,2.9755130140465584,3.681604331412264
2024-11-06,-1.1330879709182635,HS,0.01,2.9755130140465584,3.681604331412264
2024-11-07,1.6833396523556934,HS,0.01,2.9755130140465584,3.681604331412264
2024-11-08,-0.7622985874587187,HS,0.01,2.9755130140465584,3.681604331412264
2024-11-11,1.2058839371179442,HS,0.01,2.9755130140465584,3.681604331412264
2024-11-12,-2.1567095169652863,HS,0.01,2.9755130140465584,3.681604331412264
2024-11-13,-0.1605355691903754,HS,0.01,2.9755130140465584,3.681604331412264
2024-11-14,1.3619838267079996,HS,0.01,2.9755130140465584,3.681604331412264
2024-11-15,-0.2749285462543421,HS,0.01,2.9755130140465584,3.681604331412264
2024-11-18,-0.1126098751812839,HS,0.01,2.9755130140465584,3.681604331412264
2024-11-19,-0.6738879931804185,HS,0.01,2.9755130140465584,3.681604331412264
2024-11-20,-0.2917701737873559,HS,0.01,2.9755130140465584,3.681604331412264
2024-11-21,0.741220206767716,HS,0.01,2.9755130140465584,3.681604331412264
2024-11-22,0.9172178140492234,HS,0.01,2.9755130140465584,3.681604331412264
2024-11-25,0.4266161445903865,HS,0.01,2.9755130140465584,3.681604331412264
2024-11-26,-0.5644222777316544,HS,0.01,2.9755130140465584,3.681604331412264
2024-11-27,-0.1775544220401405,HS,0.01,2.9755130140465584,3.681604331412264
2024-11-28,0.8477235983316259,HS,0.01,2.9755130140465584,3.681604331412264
2024-11-29,1.0279606367893936,HS,0.01,2.9755130140465584,3.681604331412264
2024-12-02,1.5529603860705077,HS,0.01,2.9755130140465584,3.681604331412264
2024-12-03,0.4161712702421514,HS,0.01,2.9755130140465584,3.681604331412264
2024-12-04,1.0703036919732118,HS,0.01,2.9755130140465584,3.681604331412264
2024-12-05,0.6240829256862112,HS,0.01,2.9755130140465584,3.681604331412264
2024-12-06,0.126688449017483,HS,0.01,2.9755130140465584,3.681604331412264
2024-12-09,-0.1897761254155277,HS,0.01,2.9755130140465584,3.681604331412264
2024-12-10,-0.082609623542266,HS,0.01,2.9755130140465584,3.681604331412264
2024-12-11,0.3437414967694116,HS,0.01,2.9755130140465584,3.681604331412264
2024-12-12,0.1328063375794452,HS,0.01,2.9755130140465584,3.681604331412264
2024-12-13,-0.0996743565913166,HS,0.01,2.9755130140465584,3.681604331412264
2024-12-16,-0.452407376186927,HS,0.01,2.9755130140465584,3.681604331412264
2024-12-17,-0.3325501460903198,HS,0.01,2.9755130140465584,3.681604331412264
2024-12-18,-0.0187647697739535,HS,0.01,2.9755130140465584,3.681604331412264
2024-12-19,-1.356372249059556,HS,0.01,2.9755130140465584,3.681604331412264
2024-12-20,-0.4270999300260459,HS,0.01,2.9755130140465584,3.681604331412264
2024-12-23,-0.1811089428234346,HS,0.01,2.9755130140465584,3.681604331412264
2024-12-27,0.6805964840809604,HS,0.01,2.9755130140465584,3.681604331412264
2024-12-30,-0.3769027541394708,HS,0.01,2.9755130140465584,3.681604331412264
2023-01-13,0.1872277587171562,HS,0.05,2.111744645184069,3.581472037397859
2023-01-16,0.3144915094552991,HS,0.05,2.0927516162769337,3.569506487180762
2023-01-17,0.3497914614155125,HS,0.05,2.0927516162769337,3.569506487180762
2023-01-18,-0.0347099371499678,HS,0.05,2.0927516162769337,3.569506487180762
2023-01-19,-1.7370582414515032,HS,0.05,2.0927516162769337,3.569506487180762
2023-01-20,0.755826001684081,HS,0.05,2.0927516162769337,3.569506487180762
2023-01-23,0.4605095159965551,HS,0.05,2.0927516162769337,3.569506487180762
2023-01-24,-0.0651730319789013,HS,0.05,2.0927516162769337,3.569506487180762
2023-01-25,-0.0760284918850211,HS,0.05,2.0927516162769337,3.569506487180762
2023-01-26,0.338976505849431,HS,0.05,2.0927516162769337,3.569506487180762
2023-01-27,0.1134678469968637,HS,0.05,2.0927516162769337,3.569506487180762
2023-01-30,-0.1582118708790759,HS,0.05,2.0927516162769337,3.569506487180762
2023-01-31,0.0144736420190294,HS,0.05,2.0927516162769337,3.569506487180762
2023-02-01,0.3462386659907409,HS,0.05,2.0927516162769337,3.569506487180762
2023-02-02,2.1405244587293084,HS,0.05,2.0927516162769337,3.569506487180762
2023-02-03,-0.2114577941051755,HS,0.05,2.0927516162769337,3.569506487180762
2023-02-06,-0.8469202017936116,HS,0.05,2.0927516162769337,3.569506487180762
2023-02-07,-0.1632402932545597,HS,0.05,2.0927516162769337,3.569506487180762
2023-02-08,0.5933062044065663,HS,0.05,2.0927516162769337,3.569506487180762
2023-02-09,0.7200187960002645,HS,0.05,2.0927516162769337,3.569506487180762
2023-02-10,-1.3975554593732504,HS,0.05,2.0927516162769337,3.569506487180762
2023-02-13,0.58204654024423,HS,0.05,2.0927516162769337,3.569506487180762
2023-02-14,-0.1090410679064897,HS,0.05,2.0927516162769337,3.569506487180762
2023-02-15,0.8144616074990894,HS,0.05,2.0927516162769337,3.569506487180762
2023-02-16,0.1759009649695851,HS,0.05,2.0927516162769337,3.569506487180762
2023-02-17,-0.332991334302645,HS,0.05,2.0927516162769337,3.569506487180762
2023-02-20,-0.0287484499692288,HS,0.05,2.0927516162769337,3.569506487180762
2023-02-21,-0.5177614650416545,HS,0.05,2.0927516162769337,3.569506487180762
2023-02-22,0.0147384075620377,HS,0.05,2.0927516162769337,3.569506487180762
2023-02-23,0.4910089679164108,HS,0.05,2.0927516162769337,3.569506487180762
2023-02-24,-1.7334405869660656,HS,0.05,2.0927516162769337,3.569506487180762
2023-02-27,1.1224889814446148,HS,0.05,2.0927516162769337,3.569506487180762
2023-02-28,-0.1059633054260411,HS,0.05,2.0927516162769337,3.569506487180762
2023-03-01,-0.3920435745910764,HS,0.05,2.0927516162769337,3.569506487180762
2023-03-02,0.1476863054314378,HS,0.05,2.0927516162769337,3.569506487180762
2023-03-03,1.6226963337134577,HS,0.05,2.0927516162769337,3.569506487180762
2023-03-06,0.4814974887177785,HS,0.05,2.0927516162769337,3.569506487180762
2023-03-07,-0.6026319598284786,HS,0.05,2.0927516162769337,3.569506487180762
2023-03-08,0.4638456276087954,HS,0.05,2.0927516162769337,3.569506487180762
2023-03-09,0.0085708640276845,HS,0.05,2.0927516162769337,3.569506487180762
2023-03-10,-1.3215417024382794,HS,0.05,2.0927516162769337,3.569506487180762
2023-03-13,-3.0837552271425768,HS,0.05,2.0927516162769337,3.569506487180762
2023-03-14,1.810844640668792,HS,0.05,2.111744645184069,3.588961391195016
2023-03-15,-3.320972704836144,HS,0.05,2.111744645184069,3.588961391195016
2023-03-16,1.5611187600414351,HS,0.05,2.1279488209857016,3.612866797261453
2023-03-17,-1.3378199102217023,HS,0.05,2.1279488209857016,3.612866797261453
2023-03-20,1.1122734211361045,HS,0.05,2.1279488209857016,3.612866797261453
2023-03-21,1.7389823716577375,HS,0.05,2.1279488209857016,3.612866797261453
2023-03-22,0.1371229202679795,HS,0.05,2.1279488209857016,3.612866797261453
2023-03-23,-0.0381296965047421,HS,0.05,2.1279488209857016,3.612866797261453
2023-03-24,-1.6783897541230277,HS,0.05,2.1279488209857016,3.612866797261453
2023-03-27,1.133133133217044,HS,0.05,2.1279488209857016,3.612866797261453
2023-03-28,0.0947471907078762,HS,0.05,2.1279488209857016,3.612866797261453
2023-03-29,1.225849548428203,HS,0.05,2.1279488209857016,3.612866797261453
2023-03-30,1.2552042103065504,HS,0.05,2.1279488209857016,3.612866797261453
2023-03-31,0.6833748290709876,HS,0.05,2.1279488209857016,3.612866797261453
2023-04-03,-0.3070831681625113,HS,0.05,2.1279488209857016,3.612866797261453
2023-04-04,0.1446224144328903,HS,0.05,2.1279488209857016,3.612866797261453
2023-04-05,-0.5352844624026384,HS,0.05,2.1279488209857016,3.612866797261453
2023-04-06,0.499516288859765,HS,0.05,2.1279488209857016,3.612866797261453
2023-04-11,0.3665582721320525,HS,0.05,2.1279488209857016,3.612866797261453
2023-04-12,0.3088751677893238,HS,0.05,2.1279488209857016,3.612866797261453
2023-04-13,0.1645424133099298,HS,0.05,2.1279488209857016,3.612866797261453
2023-04-14,0.494912626016291,HS,0.05,2.1279488209857016,3.612866797261453
2023-04-17,-0.1137431482918061,HS,0.05,2.1279488209857016,3.612866797261453
2023-04-18,0.5881493319267852,HS,0.05,2.1279488209857016,3.612866797261453
2023-04-19,0.078861635727574,HS,0.05,2.1279488209857016,3.612866797261453
2023-04-20,-0.6262362247234691,HS,0.05,2.1279488209857016,3.612866797261453
2023-04-21,0.5410167302099126,HS,0.05,2.1279488209857016,3.612866797261453
2023-04-24,-0.1115742465090833,HS,0.05,2.1279488209857016,3.612866797261453
2023-04-25,0.051548191591333,HS,0.05,2.1279488209857016,3.612866797261453
2023-04-26,-0.4825053630805876,HS,0.05,2.1279488209857016,3.612866797261453
2023-04-27,0.0298752982063484,HS,0.05,2.1279488209857016,3.612866797261453
2023-04-28,0.7687226368913168,HS,0.05,2.1279488209857016,3.612866797261453
2023-05-02,-1.235046664211514,HS,0.05,2.1279488209857016,3.612866797261453
2023-05-03,0.5587430719483529,HS,0.05,2.1279488209857016,3.612866797261453
2023-05-04,-0.5123379169960087,HS,0.05,2.1279488209857016,3.612866797261453
2023-05-05,1.4310226108008792,HS,0.05,2.1279488209857016,3.612866797261453
2023-05-08,-0.0513222529089768,HS,0.05,2.1279488209857016,3.612866797261453
2023-05-09,0.0166125412826278,HS,0.05,2.1279488209857016,3.612866797261453
2023-05-10,-0.3720369587487674,HS,0.05,2.1279488209857016,3.612866797261453
2023-05-11,-0.3864997452142485,HS,0.05,2.1279488209857016,3.612866797261453
2023-05-12,0.4970927503231007,HS,0.05,2.1279488209857016,3.612866797261453
2023-05-15,0.0214879544030366,HS,0.05,2.1279488209857016,3.612866797261453
2023-05-16,-0.1213920861888167,HS,0.05,2.1279488209857016,3.612866797261453
2023-05-17,0.3351425952408643,HS,0.05,2.1279488209857016,3.612866797261453
2023-05-18,1.3206655655658732,HS,0.05,2.1279488209857016,3.612866797261453
2023-05-19,0.6906555293001099,HS,0.05,2.1279488209857016,3.612866797261453
2023-05-22,-0.3162503832106413,HS,0.05,2.1279488209857016,3.612866797261453
2023-05-23,-0.4393879945849793,HS,0.05,2.1279488209857016,3.612866797261453
2023-05-24,-1.942430589231978,HS,0.05,2.1279488209857016,3.612866797261453
2023-05-25,-0.3055394053591321,HS,0.05,2.1279488209857016,3.612866797261453
2023-05-26,1.196888232836375,HS,0.05,2.1279488209857016,3.612866797261453
2023-05-29,-0.1956324077609966,HS,0.05,2.1279488209857016,3.612866797261453
2023-05-30,-0.2750664389509437,HS,0.05,2.1279488209857016,3.612866797261453
2023-05-31,-1.5513006778311815,HS,0.05,2.1279488209857016,3.612866797261453
2023-06-01,1.203406567368588,HS,0.05,2.1279488209857016,3.612866797261453
2023-06-02,1.2385113008230193,HS,0.05,2.1279488209857016,3.612866797261453
2023-06-05,-0.5456236720305127,HS,0.05,2.1279488209857016,3.612866797261453
2023-06-06,0.1786862807888011,HS,0.05,2.1279488209857016,3.612866797261453
2023-06-07,-0.1995485241074591,HS,0.05,2.1279488209857016,3.612866797261453
2023-06-08,0.1840370632747577,HS,0.05,2.1279488209857016,3.612866797261453
2023-06-09,-0.2512234800077262,HS,0.05,2.1279488209857016,3.612866797261453
2023-06-12,0.9238184345050416,HS,0.05,2.1279488209857016,3.612866797261453
2023-06-13,0.8216286734134776,HS,0.05,2.1279488209857016,3.612866797261453
2023-06-14,0.4923595281371546,HS,0.05,2.1279488209857016,3.612866797261453
2023-06-15,-0.1268058133693415,HS,0.05,2.1279488209857016,3.612866797261453
2023-06-16,0.4135651727713478,HS,0.05,2.1279488209857016,3.612866797261453
2023-06-19,-0.9609122366319118,HS,0.05,2.1279488209857016,3.612866797261453
2023-06-20,-0.5563175710652921,HS,0.05,2.1279488209857016,3.612866797261453
2023-06-21,-0.5488853897582908,HS,0.05,2.1279488209857016,3.612866797261453
2023-06-22,-0.2184837938773562,HS,0.05,2.1279488209857016,3.612866797261453
2023-06-23,-0.994534731941198,HS,0.05,2.1279488209857016,3.612866797261453
2023-06-26,-0.1066957050622756,HS,0.05,2.1279488209857016,3.612866797261453
2023-06-27,0.2135241919475105,HS,0.05,2.1279488209857016,3.612866797261453
2023-06-28,0.6424735713688167,HS,0.05,2.1279488209857016,3.612866797261453
2023-06-29,-0.0142983037281051,HS,0.05,2.1279488209857016,3.612866797261453
2023-06-30,1.25368861412709,HS,0.05,2.1279488209857016,3.612866797261453
2023-07-03,-0.4149093739210347,HS,0.05,2.1279488209857016,3.612866797261453
2023-07-04,-0.2607090112677748,HS,0.05,2.1279488209857016,3.612866797261453
2023-07-05,-0.6354003176892583,HS,0.05,2.111744645184069,3.611376190794859
2023-07-06,-2.6000223749537517,HS,0.05,2.111744645184069,3.611376190794859
2023-07-07,0.4809240594387629,HS,0.05,2.1279488209857016,3.620862590263647
2023-07-10,0.4460840967480253,HS,0.05,2.111744645184069,3.600250048799913
2023-07-11,0.7448645527859914,HS,0.05,2.111744645184069,3.600250048799913
2023-07-12,1.4626839269726633,HS,0.05,2.111744645184069,3.600250048799913
2023-07-13,0.7339304325099197,HS,0.05,2.111744645184069,3.600250048799913
2023-07-14,-0.2230345697049001,HS,0.05,2.111744645184069,3.600250048799913
2023-07-17,-0.2263955590769147,HS,0.05,2.111744645184069,3.600250048799913
2023-07-18,0.3531071288459615,HS,0.05,2.111744645184069,3.600250048799913
2023-07-19,-0.1027507141257687,HS,0.05,2.111744645184069,3.600250048799913
2023-07-20,0.5897928058184373,HS,0.05,2.0927516162769337,3.598158829197778
2023-07-21,-0.166762236102906,HS,0.05,2.0927516162769337,3.598158829197778
2023-07-24,0.0848393320147906,HS,0.05,2.0927516162769337,3.598158829197778
2023-07-25,0.1273952671861861,HS,0.05,2.0927516162769337,3.598158829197778
2023-07-26,-0.4955008710854717,HS,0.05,2.0927516162769337,3.598158829197778
2023-07-27,1.687750713192438,HS,0.05,2.0927516162769337,3.598158829197778
2023-07-28,0.3876457640344605,HS,0.05,2.0927516162769337,3.598158829197778
2023-07-31,-0.1392606736468624,HS,0.05,2.0927516162769337,3.598158829197778
2023-08-01,-1.2630769199588878,HS,0.05,2.0927516162769337,3.598158829197778
2023-08-02,-1.3662828206126842,HS,0.05,2.0927516162769337,3.598158829197778
2023-08-03,-0.7936497865689316,HS,0.05,2.0927516162769337,3.598158829197778
2023-08-04,0.3672795938017441,HS,0.05,2.0927516162769337,3.598158829197778
2023-08-07,-0.0068996586104494,HS,0.05,2.0927516162769337,3.598158829197778
2023-08-08,-1.1084511098277747,HS,0.05,2.0927516162769337,3.598158829197778
2023-08-09,0.4910316823599382,HS,0.05,2.0927516162769337,3.598158829197778
2023-08-10,0.9038901249810708,HS,0.05,2.0927516162769337,3.598158829197778
2023-08-11,-1.0327228225598208,HS,0.05,2.0927516162769337,3.598158829197778
2023-08-14,0.4542428052187615,HS,0.05,2.0927516162769337,3.598158829197778
2023-08-15,-0.8649445057065229,HS,0.05,2.0927516162769337,3.598158829197778
2023-08-16,0.1405083808944577,HS,0.05,2.0927516162769337,3.598158829197778
2023-08-17,-0.7153691646610253,HS,0.05,2.0927516162769337,3.598158829197778
2023-08-18,-0.6568779754443819,HS,0.05,2.0927516162769337,3.598158829197778
2023-08-21,0.186162963193506,HS,0.05,2.0927516162769337,3.598158829197778
2023-08-22,0.6537451456842291,HS,0.05,2.0927516162769337,3.598158829197778
2023-08-23,0.1450023611823725,HS,0.05,2.0927516162769337,3.598158829197778
2023-08-24,-0.6821095767501448,HS,0.05,2.0927516162769337,3.598158829197778
2023-08-25,0.0661054993562347,HS,0.05,2.0927516162769337,3.598158829197778
2023-08-28,1.023353097525468,HS,0.05,2.0927516162769337,3.598158829197778
2023-08-29,0.8717225363247004,HS,0.05,2.0927516162769337,3.598158829197778
2023-08-30,-0.2447943175912836,HS,0.05,2.0927516162769337,3.598158829197778
2023-08-31,0.3464331723171214,HS,0.05,2.0927516162769337,3.598158829197778
2023-09-01,-0.6715904331487367,HS,0.05,2.0927516162769337,3.598158829197778
2023-09-04,-0.0978376310273538,HS,0.05,2.0927516162769337,3.598158829197778
2023-09-05,-0.3363638273423204,HS,0.05,2.0927516162769337,3.598158829197778
2023-09-06,-0.192554031843608,HS,0.05,2.0927516162769337,3.598158829197778
2023-09-07,-0.1443734458280984,HS,0.05,2.074925406967421,3.5840020717052328
2023-09-08,0.1375738541732063,HS,0.05,2.074925406967421,3.5840020717052328
2023-09-11,0.3848321011110978,HS,0.05,2.074925406967421,3.5840020717052328
2023-09-12,-0.5423198310995345,HS,0.05,2.074925406967421,3.5840020717052328
2023-09-13,-0.3921003528322211,HS,0.05,2.074925406967421,3.5840020717052328
2023-09-14,0.9616287303144746,HS,0.05,2.074925406967421,3.5840020717052328
2023-09-15,0.5567428783243866,HS,0.05,2.074925406967421,3.5840020717052328
2023-09-18,-1.0525507256928552,HS,0.05,2.074925406967421,3.5840020717052328
2023-09-19,-0.3990859364067893,HS,0.05,2.074925406967421,3.5840020717052328
2023-09-20,0.744830214040099,HS,0.05,2.074925406967421,3.5840020717052328
2023-09-21,-1.3378599108415867,HS,0.05,2.074925406967421,3.5840020717052328
2023-09-22,-0.0936120220512701,HS,0.05,2.074925406967421,3.5840020717052328
2023-09-25,-0.9805386957205736,HS,0.05,2.074925406967421,3.5840020717052328
2023-09-26,-0.9759599905361404,HS,0.05,2.074925406967421,3.5840020717052328
2023-09-27,-0.25215461812357,HS,0.05,2.074925406967421,3.5840020717052328
2023-09-28,0.6944789225067006,HS,0.05,2.074925406967421,3.5840020717052328
2023-09-29,0.4108108261458599,HS,0.05,2.074925406967421,3.5840020717052328
2023-10-02,-0.9099173076763926,HS,0.05,2.074925406967421,3.5840020717052328
2023-10-03,-1.068174189590285,HS,0.05,2.074925406967421,3.5840020717052328
2023-10-04,0.0974649581371627,HS,0.05,2.074925406967421,3.5840020717052328
2023-10-05,-0.1968847691965825,HS,0.05,2.074925406967421,3.5840020717052328
2023-10-06,1.0531441313921008,HS,0.05,2.074925406967421,3.5840020717052328
2023-10-09,-0.6697408387907724,HS,0.05,2.074925406967421,3.5840020717052328
2023-10-10,1.9338960806318537,HS,0.05,2.074925406967421,3.5840020717052328
2023-10-11,0.2363088169419606,HS,0.05,2.074925406967421,3.5840020717052328
2023-10-12,-0.2265142418434755,HS,0.05,2.074925406967421,3.5840020717052328
2023-10-13,-1.5574111193234097,HS,0.05,2.074925406967421,3.5840020717052328
2023-10-16,0.337424595961899,HS,0.05,2.074925406967421,3.5840020717052328
2023-10-17,0.0898677581145981,HS,0.05,2.074925406967421,3.5840020717052328
2023-10-18,-1.0332733505565326,HS,0.05,2.074925406967421,3.5840020717052328
2023-10-19,-0.3296582660916618,HS,0.05,2.074925406967421,3.5840020717052328
2023-10-20,-1.6537250021769485,HS,0.05,2.074925406967421,3.5840020717052328
2023-10-23,0.0152031190441692,HS,0.05,2.074925406967421,3.5840020717052328
2023-10-24,0.5338216254913195,HS,0.05,2.074925406967421,3.5840020717052328
2023-10-25,0.0822195964130725,HS,0.05,2.074925406967421,3.5840020717052328
2023-10-26,-1.0878724208663224,HS,0.05,2.074925406967421,3.5840020717052328
2023-10-27,-0.2966822906791264,HS,0.05,2.074925406967421,3.5840020717052328
2023-10-30,0.1981359113235535,HS,0.05,2.074925406967421,3.5840020717052328
2023-10-31,0.6353540949674668,HS,0.05,2.074925406967421,3.5840020717052328
2023-11-01,0.759613332444547,HS,0.05,2.074925406967421,3.5840020717052328
2023-11-02,1.4656266410818382,HS,0.05,2.074925406967421,3.5840020717052328
2023-11-03,0.3009966137605249,HS,0.05,2.074925406967421,3.5840020717052328
2023-11-06,-0.351392858762129,HS,0.05,2.0601461797990823,3.5840020717052328
2023-11-07,0.1100738786106285,HS,0.05,2.0601461797990823,3.5840020717052328
2023-11-08,0.5066125961720225,HS,0.05,2.0601461797990823,3.5840020717052328
2023-11-09,0.8040058240867269,HS,0.05,2.0601461797990823,3.5840020717052328
2023-11-10,-0.7725586025069316,HS,0.05,2.0601461797990823,3.5840020717052328
2023-11-13,0.7234338895524853,HS,0.05,2.0601461797990823,3.5840020717052328
2023-11-14,1.740577862138782,HS,0.05,2.0601461797990823,3.5840020717052328
2023-11-15,0.8528696390834213,HS,0.05,2.0601461797990823,3.5840020717052328
2023-11-16,0.24379715599134,HS,0.05,2.0601461797990823,3.5840020717052328
2023-11-17,0.8361290376463646,HS,0.05,2.0601461797990823,3.5840020717052328
2023-11-20,-0.1120666580541593,HS,0.05,2.0601461797990823,3.5840020717052328
2023-11-21,-0.0050299239027282,HS,0.05,2.0601461797990823,3.5840020717052328
2023-11-22,0.3596551595645857,HS,0.05,2.0601461797990823,3.5840020717052328
2023-11-23,0.2310311494073794,HS,0.05,2.0601461797990823,3.5840020717052328
2023-11-24,0.2170843100155807,HS,0.05,2.0601461797990823,3.5840020717052328
2023-11-27,-0.3945522850599633,HS,0.05,2.0601461797990823,3.5840020717052328
2023-11-28,0.1645844843406254,HS,0.05,2.0601461797990823,3.5840020717052328
2023-11-29,1.0807631821599466,HS,0.05,2.0601461797990823,3.5840020717052328
2023-11-30,0.302511958645477,HS,0.05,2.0601461797990823,3.5840020717052328
2023-12-01,1.1166836505028106,HS,0.05,2.0601461797990823,3.5840020717052328
2023-12-04,0.0441447036472812,HS,0.05,2.0601461797990823,3.5840020717052328
2023-12-05,0.7793476771123728,HS,0.05,2.0601461797990823,3.5840020717052328
2023-12-06,0.7431896493775858,HS,0.05,2.0601461797990823,3.5840020717052328
2023-12-07,-0.1649323756979799,HS,0.05,2.0601461797990823,3.5840020717052328
2023-12-08,0.7801024705102276,HS,0.05,2.0601461797990823,3.5840020717052328
2023-12-11,0.2098668662753746,HS,0.05,2.0601461797990823,3.5840020717052328
2023-12-12,-0.0160152416128724,HS,0.05,2.0601461797990823,3.5840020717052328
2023-12-13,-0.1531057758321442,HS,0.05,2.0601461797990823,3.5840020717052328
2023-12-14,-0.0824643315097979,HS,0.05,2.0601461797990823,3.5840020717052328
2023-12-15,-0.004721964053434,HS,0.05,2.0601461797990823,3.5840020717052328
2023-12-18,-0.6040896244381847,HS,0.05,2.0601461797990823,3.5840020717052328
2023-12-19,0.5621184724288284,HS,0.05,2.0601461797990823,3.5840020717052328
2023-12-20,-0.0678628254225011,HS,0.05,2.0601461797990823,3.5840020717052328
2023-12-21,-0.2730714844525453,HS,0.05,2.0601461797990823,3.5840020717052328
2023-12-22,0.1123554682210487,HS,0.05,2.0601461797990823,3.5840020717052328
2023-12-27,0.2146039854072149,HS,0.05,2.046318655790072,3.5696206861406536
2023-12-28,-0.2423155732024419,HS,0.05,2.046318655790072,3.5696206861406536
2023-12-29,0.2994624971626512,HS,0.05,2.046318655790072,3.5696206861406536
2024-01-02,0.1057173213820018,HS,0.05,2.046318655790072,3.5696206861406536
2024-01-03,-1.3868991583284898,HS,0.05,2.046318655790072,3.5696206861406536
2024-01-04,0.4759280290394104,HS,0.05,2.046318655790072,3.5696206861406536
2024-01-05,-0.1389767322435139,HS,0.05,2.046318655790072,3.5696206861406536
2024-01-08,0.7340607192363031,HS,0.05,2.046318655790072,3.5696206861406536
2024-01-09,-0.168307006473176,HS,0.05,2.046318655790072,3.5696206861406536
2024-01-10,0.0086953351805129,HS,0.05,2.046318655790072,3.5696206861406536
2024-01-11,-0.859179928062285,HS,0.05,2.046318655790072,3.5696206861406536
2024-01-12,0.9475181747553496,HS,0.05,2.046318655790072,3.5696206861406536
2024-01-15,-0.4941371965947412,HS,0.05,2.046318655790072,3.5696206861406536
2024-01-16,-0.3045201322342683,HS,0.05,2.046318655790072,3.5696206861406536
2024-01-17,-0.8483441393796812,HS,0.05,2.046318655790072,3.5696206861406536
2024-01-18,0.8222113392252062,HS,0.05,2.046318655790072,3.5696206861406536
2024-01-19,-0.0737791999955264,HS,0.05,2.046318655790072,3.5696206861406536
2024-01-22,0.7715702540190797,HS,0.05,2.046318655790072,3.5696206861406536
2024-01-23,-0.3378494502023984,HS,0.05,2.046318655790072,3.5696206861406536
2024-01-24,1.568370612352123,HS,0.05,2.046318655790072,3.5696206861406536
2024-01-25,0.1006011302378808,HS,0.05,2.0381837954026736,3.5287496326398657
2024-01-26,0.3216620446146262,HS,0.05,2.0381837954026736,3.5287496326398657
2024-01-29,-0.1160937424798049,HS,0.05,2.0381837954026736,3.5287496326398657
2024-01-30,0.1806266952600262,HS,0.05,2.006333302036466,3.504681605626638
2024-01-31,-0.4048882404080683,HS,0.05,1.9947936324937665,3.4660917345457274
2024-02-01,-0.264911268204156,HS,0.05,1.9947936324937665,3.4660917345457274
2024-02-02,0.3503656190535221,HS,0.05,1.9947936324937665,3.4660917345457274
2024-02-05,-0.0836749918298895,HS,0.05,1.9947936324937665,3.4660917345457274
2024-02-06,0.7612880719440723,HS,0.05,1.9947936324937665,3.4660917345457274
2024-02-07,-0.6554500720230801,HS,0.05,1.9710537834844584,3.437361175541635
2024-02-08,0.2471192831997178,HS,0.05,1.9580872813946055,3.3112183092477396
2024-02-09,-0.2202993782380713,HS,0.05,1.9580872813946055,3.3112183092477396
2024-02-12,0.6527528784014754,HS,0.05,1.9580872813946055,3.3112183092477396
2024-02-13,-0.9229306744622006,HS,0.05,1.9431825174819513,3.0892705183099114
2024-02-14,0.3822496057037969,HS,0.05,1.9431825174819513,3.0892705183099114
2024-02-15,0.5954858644379811,HS,0.05,1.9101382389434816,3.019085549905235
2024-02-16,0.4141776969236116,HS,0.05,1.9101382389434816,3.019085549905235
2024-02-19,-0.1472079125049205,HS,0.05,1.8985779047839584,2.942754364367096
2024-02-20,-0.1395175704703923,HS,0.05,1.8985779047839584,2.942754364367096
2024-02-21,0.290696135291251,HS,0.05,1.8985779047839584,2.942754364367096
2024-02-22,1.4632940280449829,HS,0.05,1.8739335873474192,2.938201494709566
2024-02-23,0.2810071953807722,HS,0.05,1.8739335873474192,2.938201494709566
2024-02-26,0.0223886567466426,HS,0.05,1.8739335873474192,2.938201494709566
2024-02-27,0.7619295273403105,HS,0.05,1.8739335873474192,2.938201494709566
2024-02-28,0.2544562298983276,HS,0.05,1.8625006561034736,2.9005822527238534
2024-02-29,0.4363387697094966,HS,0.05,1.8625006561034736,2.9005822527238534
2024-03-01,0.3212407367573934,HS,0.05,1.8625006561034736,2.9005822527238534
2024-03-04,-0.1066275385050985,HS,0.05,1.8403673922288797,2.8575072854355024
2024-03-05,-0.1003515365818269,HS,0.05,1.8403673922288797,2.8575072854355024
2024-03-06,0.1034052855964254,HS,0.05,1.8403673922288797,2.8575072854355024
2024-03-07,0.7094530922551384,HS,0.05,1.8403673922288797,2.8575072854355024
2024-03-08,-0.1589565251828572,HS,0.05,1.8403673922288797,2.8575072854355024
2024-03-11,-0.3837954031859242,HS,0.05,1.8403673922288797,2.8575072854355024
2024-03-12,1.2256182194385463,HS,0.05,1.8403673922288797,2.8575072854355024
2024-03-13,-0.0207563589655537,HS,0.05,1.8403673922288797,2.8575072854355024
2024-03-14,-0.1077434895516357,HS,0.05,1.823484219205328,2.814801370908277
2024-03-15,-0.0300382873379964,HS,0.05,1.823484219205328,2.814801370908277
2024-03-18,-0.0221398232560864,HS,0.05,1.823484219205328,2.814801370908277
2024-03-19,0.3051800118650186,HS,0.05,1.823484219205328,2.814801370908277
2024-03-20,0.1535478784097713,HS,0.05,1.8200758197812836,2.7698027439901343
2024-03-21,0.9068825687253148,HS,0.05,1.8200758197812836,2.7698027439901343
2024-03-22,0.146705064961775,HS,0.05,1.8200758197812836,2.7698027439901343
2024-03-25,0.3036759629654587,HS,0.05,1.8200758197812836,2.7698027439901343
2024-03-26,0.6715093919433112,HS,0.05,1.8200758197812836,2.7698027439901343
2024-03-27,0.5031839853687976,HS,0.05,1.8200758197812836,2.7698027439901343
2024-03-28,0.0833138568696976,HS,0.05,1.8200758197812836,2.7698027439901343
2024-04-02,-1.1385892638780295,HS,0.05,1.7952437592525086,2.761391744797685
2024-04-03,0.4615990643743557,HS,0.05,1.790518330821137,2.723212705347601
2024-04-04,0.1925991141967733,HS,0.05,1.790518330821137,2.723212705347601
2024-04-05,-1.2471632880227137,HS,0.05,1.790518330821137,2.723212705347601
2024-04-08,0.7888000679608055,HS,0.05,1.790518330821137,2.723212705347601
2024-04-09,-1.3313940610920385,HS,0.05,1.790518330821137,2.723212705347601
2024-04-10,0.1139566313916028,HS,0.05,1.790518330821137,2.723212705347601
2024-04-11,-0.7923106969112904,HS,0.05,1.790518330821137,2.723212705347601
2024-04-12,-0.1346540004377691,HS,0.05,1.7789884937753366,2.7071791388049986
2024-04-15,0.5354187626759636,HS,0.05,1.765898922591448,2.7033503278452833
2024-04-16,-1.4547848971801618,HS,0.05,1.765898922591448,2.7033503278452833
2024-04-17,0.0213250554819905,HS,0.05,1.765898922591448,2.7033503278452833
2024-04-18,0.3784657240037666,HS,0.05,1.765898922591448,2.7033503278452833
2024-04-19,-0.5624284183328198,HS,0.05,1.765898922591448,2.7033503278452833
2024-04-22,0.693529668303137,HS,0.05,1.765898922591448,2.7033503278452833
2024-04-23,1.5381498851941169,HS,0.05,1.765898922591448,2.7033503278452833
2024-04-24,-0.2702519144003532,HS,0.05,1.765898922591448,2.7033503278452833
2024-04-25,-0.9521819658271264,HS,0.05,1.765898922591448,2.7033503278452833
2024-04-26,1.3511404392249289,HS,0.05,1.765898922591448,2.7033503278452833
2024-04-29,-0.2353377128828865,HS,0.05,1.765898922591448,2.7033503278452833
2024-04-30,-1.032729618214251,HS,0.05,1.765898922591448,2.7033503278452833
2024-05-02,-0.1991139148488078,HS,0.05,1.765898922591448,2.7033503278452833
2024-05-03,0.5855458133382536,HS,0.05,1.765898922591448,2.7033503278452833
2024-05-06,0.9598008131742796,HS,0.05,1.765898922591448,2.7033503278452833
2024-05-07,1.392389776909481,HS,0.05,1.765898922591448,2.7033503278452833
2024-05-08,0.3700680103170389,HS,0.05,1.765898922591448,2.7033503278452833
2024-05-09,1.012346141279731,HS,0.05,1.765898922591448,2.7033503278452833
2024-05-10,0.4604987751622837,HS,0.05,1.765898922591448,2.7033503278452833
2024-05-13,-0.1632885813641824,HS,0.05,1.7497571432724173,2.647233554833637
2024-05-14,-0.1377561219501679,HS,0.05,1.7497571432724173,2.647233554833637
2024-05-15,0.8138200143103556,HS,0.05,1.7497571432724173,2.647233554833637
2024-05-16,-0.6942605969100953,HS,0.05,1.7497571432724173,2.647233554833637
2024-05-17,-0.1836948053896265,HS,0.05,1.7497571432724173,2.647233554833637
2024-05-20,0.3444636056986854,HS,0.05,1.7497571432724173,2.647233554833637
2024-05-21,-0.2250986987468292,HS,0.05,1.7497571432724173,2.647233554833637
2024-05-22,-0.248940690098104,HS,0.05,1.7497571432724173,2.647233554833637
2024-05-23,0.059516413663495,HS,0.05,1.7497571432724173,2.647233554833637
2024-05-24,0.0109607871940305,HS,0.05,1.7421164384254624,2.6123662281838596
2024-05-27,0.4341931825481289,HS,0.05,1.7421164384254624,2.6123662281838596
2024-05-28,-0.5171446800186583,HS,0.05,1.7421164384254624,2.6123662281838596
2024-05-29,-1.1013500301549617,HS,0.05,1.7421164384254624,2.6123662281838596
2024-05-30,0.1271298539624551,HS,0.05,1.7421164384254624,2.6123662281838596
2024-05-31,0.0062192137719634,HS,0.05,1.7421164384254624,2.6123662281838596
2024-06-03,0.5940857619672008,HS,0.05,1.7421164384254624,2.6123662281838596
2024-06-04,-1.0943029245612654,HS,0.05,1.7421164384254624,2.6123662281838596
2024-06-05,0.9209992193333072,HS,0.05,1.7421164384254624,2.6123662281838596
2024-06-06,0.4122129657173716,HS,0.05,1.7421164384254624,2.6123662281838596
2024-06-07,-0.5127694431069029,HS,0.05,1.7421164384254624,2.6123662281838596
2024-06-10,-0.3367089255844471,HS,0.05,1.7421164384254624,2.6123662281838596
2024-06-11,-0.6778908249741008,HS,0.05,1.7421164384254624,2.6123662281838596
2024-06-12,1.410370884898602,HS,0.05,1.7421164384254624,2.6123662281838596
2024-06-13,-1.9795439985809713,HS,0.05,1.7421164384254624,2.6123662281838596
2024-06-14,-1.4539924336691077,HS,0.05,1.7497571432724173,2.616978264546548
2024-06-17,0.3670144586792632,HS,0.05,1.7497571432724173,2.616978264546548
2024-06-18,0.3522624952010773,HS,0.05,1.7497571432724173,2.616978264546548
2024-06-19,-0.3539272076323118,HS,0.05,1.7497571432724173,2.616978264546548
2024-06-20,1.0256632533436991,HS,0.05,1.7497571432724173,2.616978264546548
2024-06-21,-0.4978916597184417,HS,0.05,1.7497571432724173,2.616978264546548
2024-06-24,0.8882741103415963,HS,0.05,1.7497571432724173,2.616978264546548
2024-06-25,-0.8106782473733726,HS,0.05,1.7421164384254624,2.6110435371720127
2024-06-26,-0.1231882624435676,HS,0.05,1.7421164384254624,2.6110435371720127
2024-06-27,0.3041902182248652,HS,0.05,1.7421164384254624,2.6110435371720127
2024-06-28,0.1366319561731131,HS,0.05,1.7421164384254624,2.6110435371720127
2024-07-01,0.3023096655678078,HS,0.05,1.7372931888211984,2.5756213255021265
2024-07-02,-0.6945609011884646,HS,0.05,1.7372931888211984,2.5756213255021265
2024-07-03,1.1520481699241631,HS,0.05,1.7372931888211984,2.5756213255021265
2024-07-04,0.4124983539930859,HS,0.05,1.7372931888211984,2.5756213255021265
2024-07-05,0.1352369677175872,HS,0.05,1.7372931888211984,2.5756213255021265
2024-07-08,-0.0183960349662873,HS,0.05,1.7372931888211984,2.5756213255021265
2024-07-09,-1.2850769881641582,HS,0.05,1.7372931888211984,2.5756213255021265
2024-07-10,0.933496589228261,HS,0.05,1.7372931888211984,2.5756213255021265
2024-07-11,0.6894109801932471,HS,0.05,1.7372931888211984,2.5756213255021265
2024-07-12,1.1459537415983594,HS,0.05,1.7372931888211984,2.5756213255021265
2024-07-15,-0.8424954962485622,HS,0.05,1.7372931888211984,2.5756213255021265
2024-07-16,-0.392689530755699,HS,0.05,1.7372931888211984,2.5756213255021265
2024-07-17,-0.4368985143234455,HS,0.05,1.7372931888211984,2.5756213255021265
2024-07-18,-0.4486900319050667,HS,0.05,1.7372931888211984,2.5756213255021265
2024-07-19,-1.001085002510522,HS,0.05,1.7372931888211984,2.5756213255021265
2024-07-22,1.2856768308834885,HS,0.05,1.7372931888211984,2.5756213255021265
2024-07-23,0.8149908245219187,HS,0.05,1.7372931888211984,2.5756213255021265
2024-07-24,-0.9215793646682898,HS,0.05,1.7372931888211984,2.5756213255021265
2024-07-25,-0.4837811049421177,HS,0.05,1.7372931888211984,2.5756213255021265
2024-07-26,0.6472906328498461,HS,0.05,1.7372931888211984,2.5756213255021265
2024-07-29,-0.5274130433874562,HS,0.05,1.7372931888211984,2.5756213255021265
2024-07-30,0.4928145452450372,HS,0.05,1.7372931888211984,2.5756213255021265
2024-07-31,0.52801396634034,HS,0.05,1.7372931888211984,2.5756213255021265
2024-08-01,-2.326313285080173,HS,0.05,1.7372931888211984,2.5756213255021265
2024-08-02,-2.360376335616341,HS,0.05,1.7421164384254624,2.587312447426821
2024-08-05,-1.841301571168847,HS,0.05,1.7497571432724173,2.599541130530218
2024-08-06,0.0883185198640146,HS,0.05,1.765898922591448,2.60106233321431
2024-08-07,1.4917864641052032,HS,0.05,1.765898922591448,2.60106233321431
2024-08-08,0.3697354079403876,HS,0.05,1.765898922591448,2.60106233321431
2024-08-09,0.2399805195305926,HS,0.05,1.765898922591448,2.60106233321431
2024-08-12,0.0202533677150119,HS,0.05,1.765898922591448,2.60106233321431
2024-08-13,0.4816196058523744,HS,0.05,1.765898922591448,2.60106233321431
2024-08-14,0.4120659561104712,HS,0.05,1.765898922591448,2.60106233321431
2024-08-15,1.6504405608105874,HS,0.05,1.765898922591448,2.60106233321431
2024-08-16,0.7624072770183437,HS,0.05,1.765898922591448,2.60106233321431
2024-08-19,0.5404368679973559,HS,0.05,1.765898922591448,2.60106233321431
2024-08-20,-0.3489470750472152,HS,0.05,1.765898922591448,2.60106233321431
2024-08-21,0.4968141669871004,HS,0.05,1.7497571432724173,2.5468995787500535
2024-08-22,0.2405988785574235,HS,0.05,1.7497571432724173,2.5468995787500535
2024-08-23,0.752614335218902,HS,0.05,1.7497571432724173,2.5468995787500535
2024-08-26,-0.0863357191590031,HS,0.05,1.7497571432724173,2.5468995787500535
2024-08-27,0.3474161557193789,HS,0.05,1.7497571432724173,2.5468995787500535
2024-08-28,0.5364002209628965,HS,0.05,1.7497571432724173,2.5468995787500535
2024-08-29,0.6912442222435738,HS,0.05,1.7497571432724173,2.5468995787500535
2024-08-30,-0.0298808399162741,HS,0.05,1.7497571432724173,2.5468995787500535
2024-09-02,0.1264857362725436,HS,0.05,1.7497571432724173,2.5468995787500535
2024-09-03,-0.9753271985521456,HS,0.05,1.7497571432724173,2.5468995787500535
2024-09-04,-0.8316282224677957,HS,0.05,1.7497571432724173,2.5468995787500535
2024-09-05,-0.0825950595543589,HS,0.05,1.7497571432724173,2.5468995787500535
2024-09-06,-1.4892440106686575,HS,0.05,1.7497571432724173,2.5468995787500535
2024-09-09,0.7710386776698133,HS,0.05,1.7497571432724173,2.5468995787500535
2024-09-10,-0.9678263453723406,HS,0.05,1.7497571432724173,2.5468995787500535
2024-09-11,0.3516741860656538,HS,0.05,1.7497571432724173,2.5468995787500535
2024-09-12,1.0210560022440305,HS,0.05,1.7497571432724173,2.5468995787500535
2024-09-13,0.9727132529983926,HS,0.05,1.7497571432724173,2.5468995787500535
2024-09-16,-0.3551386484055441,HS,0.05,1.7421164384254624,2.531461953524986
2024-09-17,0.4977136624617267,HS,0.05,1.7421164384254624,2.531461953524986
2024-09-18,-0.0779422615667917,HS,0.05,1.7421164384254624,2.531461953524986
2024-09-19,1.5426493505265697,HS,0.05,1.7421164384254624,2.531461953524986
2024-09-20,-1.4971286986846029,HS,0.05,1.7421164384254624,2.531461953524986
2024-09-23,0.6749565155008249,HS,0.05,1.7421164384254624,2.531461953524986
2024-09-24,0.7919082379714939,HS,0.05,1.7421164384254624,2.531461953524986
2024-09-25,-0.4121360955154496,HS,0.05,1.7372931888211984,2.4907820820514943
2024-09-26,1.6765890735206166,HS,0.05,1.7372931888211984,2.4907820820514943
2024-09-27,1.2155116782273692,HS,0.05,1.7336214696903376,2.4403327795718197
2024-09-30,-0.7665330769227457,HS,0.05,1.7336214696903376,2.4403327795718197
2024-10-01,-0.5801503559355401,HS,0.05,1.7336214696903376,2.4403327795718197
2024-10-02,-0.2521798350915954,HS,0.05,1.7336214696903376,2.4403327795718197
2024-10-03,-0.7822942845277677,HS,0.05,1.7336214696903376,2.4403327795718197
2024-10-04,0.5533818974793203,HS,0.05,1.7336214696903376,2.4403327795718197
2024-10-07,-0.0880579009204647,HS,0.05,1.7336214696903376,2.4403327795718197
2024-10-08,-0.197161939847637,HS,0.05,1.7336214696903376,2.4403327795718197
2024-10-09,0.983578375458644,HS,0.05,1.7336214696903376,2.4403327795718197
2024-10-10,-0.2289268996117369,HS,0.05,1.7336214696903376,2.4403327795718197
2024-10-11,0.8445343736598849,HS,0.05,1.7336214696903376,2.4403327795718197
2024-10-14,0.6916265025179444,HS,0.05,1.7336214696903376,2.4403327795718197
2024-10-15,-0.1133473895911056,HS,0.05,1.7336214696903376,2.4403327795718197
2024-10-16,-0.2743078687566939,HS,0.05,1.7336214696903376,2.4403327795718197
2024-10-17,0.7718887090328688,HS,0.05,1.7336214696903376,2.4403327795718197
2024-10-18,0.3770498008232001,HS,0.05,1.7336214696903376,2.4403327795718197
2024-10-21,-1.0030090025481522,HS,0.05,1.7336214696903376,2.4403327795718197
2024-10-22,-0.2020379580377815,HS,0.05,1.7336214696903376,2.4403327795718197
2024-10-23,-0.2283070731332298,HS,0.05,1.7336214696903376,2.4403327795718197
2024-10-24,0.3368360558854116,HS,0.05,1.7336214696903376,2.4403327795718197
2024-10-25,0.1058424588474972,HS,0.05,1.7336214696903376,2.4403327795718197
2024-10-28,0.3489114055908631,HS,0.05,1.7336214696903376,2.4403327795718197
2024-10-29,-0.2745413383707324,HS,0.05,1.7336214696903376,2.4403327795718197
2024-10-30,-1.1396954728938589,HS,0.05,1.7336214696903376,2.4403327795718197
2024-10-31,-0.9380600896745416,HS,0.05,1.7336214696903376,2.4403327795718197
2024-11-01,0.9257567996649416,HS,0.05,1.7336214696903376,2.4403327795718197
2024-11-04,-0.5578828362529464,HS,0.05,1.7336214696903376,2.4403327795718197
2024-11-05,0.5646280260603334,HS,0.05,1.7336214696903376,2.4403327795718197
2024-11-06,-1.1330879709182635,HS,0.05,1.7336214696903376,2.4403327795718197
2024-11-07,1.6833396523556934,HS,0.05,1.7336214696903376,2.4403327795718197
2024-11-08,-0.7622985874587187,HS,0.05,1.7336214696903376,2.4403327795718197
2024-11-11,1.2058839371179442,HS,0.05,1.7336214696903376,2.4403327795718197
2024-11-12,-2.1567095169652863,HS,0.05,1.7336214696903376,2.4403327795718197
2024-11-13,-0.1605355691903754,HS,0.05,1.7372931888211984,2.4487258050820957
2024-11-14,1.3619838267079996,HS,0.05,1.7372931888211984,2.4487258050820957
2024-11-15,-0.2749285462543421,HS,0.05,1.7372931888211984,2.4487258050820957
2024-11-18,-0.1126098751812839,HS,0.05,1.7372931888211984,2.4487258050820957
2024-11-19,-0.6738879931804185,HS,0.05,1.7372931888211984,2.4487258050820957
2024-11-20,-0.2917701737873559,HS,0.05,1.7336214696903376,2.4262821861776827
2024-11-21,0.741220206767716,HS,0.05,1.7336214696903376,2.4262821861776827
2024-11-22,0.9172178140492234,HS,0.05,1.7336214696903376,2.4262821861776827
2024-11-25,0.4266161445903865,HS,0.05,1.7336214696903376,2.4262821861776827
2024-11-26,-0.5644222777316544,HS,0.05,1.7336214696903376,2.4262821861776827
2024-11-27,-0.1775544220401405,HS,0.05,1.7336214696903376,2.4262821861776827
2024-11-28,0.8477235983316259,HS,0.05,1.7336214696903376,2.4262821861776827
2024-11-29,1.0279606367893936,HS,0.05,1.7336214696903376,2.4262821861776827
2024-12-02,1.5529603860705077,HS,0.05,1.7336214696903376,2.4262821861776827
2024-12-03,0.4161712702421514,HS,0.05,1.7336214696903376,2.4262821861776827
2024-12-04,1.0703036919732118,HS,0.05,1.7336214696903376,2.4262821861776827
2024-12-05,0.6240829256862112,HS,0.05,1.7336214696903376,2.4262821861776827
2024-12-06,0.126688449017483,HS,0.05,1.7336214696903376,2.4262821861776827
2024-12-09,-0.1897761254155277,HS,0.05,1.7336214696903376,2.4262821861776827
2024-12-10,-0.082609623542266,HS,0.05,1.7336214696903376,2.4262821861776827
2024-12-11,0.3437414967694116,HS,0.05,1.7336214696903376,2.4262821861776827
2024-12-12,0.1328063375794452,HS,0.05,1.7336214696903376,2.4262821861776827
2024-12-13,-0.0996743565913166,HS,0.05,1.7336214696903376,2.4262821861776827
2024-12-16,-0.452407376186927,HS,0.05,1.7336214696903376,2.4262821861776827
2024-12-17,-0.3325501460903198,HS,0.05,1.7336214696903376,2.4262821861776827
2024-12-18,-0.0187647697739535,HS,0.05,1.7336214696903376,2.4262821861776827
2024-12-19,-1.356372249059556,HS,0.05,1.7336214696903376,2.4262821861776827
2024-12-20,-0.4270999300260459,HS,0.05,1.7336214696903376,2.4262821861776827
2024-12-23,-0.1811089428234346,HS,0.05,1.7263191505452506,2.424497888708943
2024-12-27,0.6805964840809604,HS,0.05,1.7263191505452506,2.424497888708943
2024-12-30,-0.3769027541394708,HS,0.05,1.7263191505452506,2.424497888708943
2023-01-13,0.1872277587171562,NN-t,0.01,2.98536485094106,4.477016149574287
2023-01-16,0.3144915094552991,NN-t,0.01,2.828227072539946,4.24365748121539
2023-01-17,0.3497914614155125,NN-t,0.01,2.621706089067094,3.936961903730676
2023-01-18,-0.0347099371499678,NN-t,0.01,2.4288761752274364,3.650598354676807
2023-01-19,-1.7370582414515032,NN-t,0.01,2.232678189967069,3.3592330252129585
2023-01-20,0.755826001684081,NN-t,0.01,3.681194558573889,5.510363417366681
2023-01-23,0.4605095159965551,NN-t,0.01,2.6303768258279097,3.9498384481541926
2023-01-24,-0.0651730319789013,NN-t,0.01,2.678056551239948,4.020645591688253
2023-01-25,-0.0760284918850211,NN-t,0.01,2.6995893814521232,4.052623087077585
2023-01-26,0.338976505849431,NN-t,0.01,2.6545110351492185,3.985679141629821
2023-01-27,0.1134678469968637,NN-t,0.01,2.277005177804629,3.425061159983513
2023-01-30,-0.1582118708790759,NN-t,0.01,2.151652565670799,3.2389052976536403
2023-01-31,0.0144736420190294,NN-t,0.01,2.1685188480401436,3.263952700219231
2023-02-01,0.3462386659907409,NN-t,0.01,2.106902395293427,3.172448712392261
2023-02-02,2.1405244587293084,NN-t,0.01,2.145357784671425,3.2295571846373337
2023-02-03,-0.2114577941051755,NN-t,0.01,2.5908373177132544,3.8911199970275065
2023-02-06,-0.8469202017936116,NN-t,0.01,2.9864752111052892,4.4786650984900715
2023-02-07,-0.1632402932545597,NN-t,0.01,3.484446767981632,5.218181595259168
2023-02-08,0.5933062044065663,NN-t,0.01,2.9616441812253353,4.441789586275722
2023-02-09,0.7200187960002645,NN-t,0.01,2.9363785599423338,4.41304883390508
2023-02-10,-1.3975554593732504,NN-t,0.01,2.520656984029946,3.794420644162823
2023-02-13,0.58204654024423,NN-t,0.01,3.6039658708543367,5.406474130001403
2023-02-14,-0.1090410679064897,NN-t,0.01,2.627024995050498,3.952705067961881
2023-02-15,0.8144616074990894,NN-t,0.01,2.6073350636874215,3.9234048167816136
2023-02-16,0.1759009649695851,NN-t,0.01,2.595640443533203,3.9060022519042694
2023-02-17,-0.332991334302645,NN-t,0.01,2.498346880021718,3.7612213587389647
2023-02-20,-0.0287484499692288,NN-t,0.01,2.4209647955512836,3.6460703980764952
2023-02-21,-0.5177614650416545,NN-t,0.01,2.2351629346888093,3.3695818165449007
2023-02-22,0.0147384075620377,NN-t,0.01,2.4939660196247853,3.7547022750687944
2023-02-23,0.4910089679164108,NN-t,0.01,2.1388454767456913,3.22625344943488
2023-02-24,-1.7334405869660656,NN-t,0.01,2.1707238488718814,3.273691111521755
2023-02-27,1.1224889814446148,NN-t,0.01,3.540074491351147,5.311398457406234
2023-02-28,-0.1059633054260411,NN-t,0.01,2.656128332388587,3.996013248090387
2023-03-01,-0.3920435745910764,NN-t,0.01,2.6339337428971916,3.962985857849694
2023-03-02,0.1476863054314378,NN-t,0.01,2.777324077551381,4.176362570277898
2023-03-03,1.6226963337134577,NN-t,0.01,2.5177760741032977,3.79013361121578
2023-03-06,0.4814974887177785,NN-t,0.01,2.4999316886254346,3.76357968540376
2023-03-07,-0.6026319598284786,NN-t,0.01,2.583219235487881,3.887518463973308
2023-03-08,0.4638456276087954,NN-t,0.01,2.912026013895713,4.376810225304186
2023-03-09,0.0085708640276845,NN-t,0.01,2.592236057017405,3.906068269626987
2023-03-10,-1.3215417024382794,NN-t,0.01,2.540528880023134,3.829004054698338
2023-03-13,-3.0837552271425768,NN-t,0.01,3.1868202520418785,4.792234694911056
2023-03-14,1.810844640668792,NN-t,0.01,4.970095436076301,7.450022453747347
2023-03-15,-3.320972704836144,NN-t,0.01,3.7563306241312606,5.641031172886518
2023-03-16,1.5611187600414351,NN-t,0.01,5.501554638919655,8.242107588046334
2023-03-17,-1.3378199102217023,NN-t,0.01,4.610730935106586,6.914426725063006
2023-03-20,1.1122734211361045,NN-t,0.01,5.944937299447653,8.90292371905174
2023-03-21,1.7389823716577375,NN-t,0.01,4.27235249092864,6.410108549807752
2023-03-22,0.1371229202679795,NN-t,0.01,4.006708670037796,6.014193829693216
2023-03-23,-0.0381296965047421,NN-t,0.01,3.470727901165912,5.215369767522082
2023-03-24,-1.6783897541230277,NN-t,0.01,3.2195125867263883,4.840959248311556
2023-03-27,1.133133133217044,NN-t,0.01,4.455442898268346,6.682985920470713
2023-03-28,0.0947471907078762,NN-t,0.01,3.2112865023773707,4.828699117916811
2023-03-29,1.225849548428203,NN-t,0.01,2.971091537534319,4.470713293289504
2023-03-30,1.2552042103065504,NN-t,0.01,3.097721294265107,4.6594418868103835
2023-03-31,0.6833748290709876,NN-t,0.01,3.182180204617171,4.785319182736482
2023-04-03,-0.3070831681625113,NN-t,0.01,2.9765600068811,4.478863482906658
2023-04-04,0.1446224144328903,NN-t,0.01,2.970552526169308,4.469909952436322
2023-04-05,-0.5352844624026384,NN-t,0.01,2.8051828283427125,4.223443471827518
2023-04-06,0.499516288859765,NN-t,0.01,2.9837525710509163,4.471241611817623
2023-04-11,0.3665582721320525,NN-t,0.01,2.4753237745254646,3.7156607418283487
2023-04-12,0.3088751677893238,NN-t,0.01,2.408543752891838,3.616418316559244
2023-04-13,0.1645424133099298,NN-t,0.01,2.3754476566781033,3.5672338932116365
2023-04-14,0.494912626016291,NN-t,0.01,2.377440965126302,3.5701961678541028
2023-04-17,-0.1137431482918061,NN-t,0.01,2.5125498490472618,3.77098276521822
2023-04-18,0.5881493319267852,NN-t,0.01,2.564509114202117,3.848199923329648
2023-04-19,0.078861635727574,NN-t,0.01,2.3664955505342116,3.553930083131124
2023-04-20,-0.6262362247234691,NN-t,0.01,2.404709823011614,3.610720676901195
2023-04-21,0.5410167302099126,NN-t,0.01,2.808114451879394,4.210224132489512
2023-04-24,-0.1115742465090833,NN-t,0.01,2.5109927892167008,3.76866880379542
2023-04-25,0.051548191591333,NN-t,0.01,2.648733232280794,3.9733661862299057
2023-04-26,-0.4825053630805876,NN-t,0.01,2.4967849936579287,3.747554463690592
2023-04-27,0.0298752982063484,NN-t,0.01,2.748252606240471,4.121262874362275
2023-04-28,0.7687226368913168,NN-t,0.01,2.275997197355126,3.4194396197762873
2023-05-02,-1.235046664211514,NN-t,0.01,2.3410266923799345,3.5160805708034357
2023-05-03,0.5587430719483529,NN-t,0.01,3.397112994005342,5.085540467683873
2023-05-04,-0.5123379169960087,NN-t,0.01,2.7503665153028938,4.124404374724525
2023-05-05,1.4310226108008792,NN-t,0.01,3.118106081006771,4.670905640748123
2023-05-08,-0.0513222529089768,NN-t,0.01,2.9081478405146357,4.358884702719836
2023-05-09,0.0166125412826278,NN-t,0.01,2.872520266106865,4.323760688509722
2023-05-10,-0.3720369587487674,NN-t,0.01,2.6571686837840724,4.0027524492178035
2023-05-11,-0.3864997452142485,NN-t,0.01,2.8134213239770056,4.235666386380635
2023-05-12,0.4970927503231007,NN-t,0.01,2.7946692884357884,4.20771415195868
2023-05-15,0.0214879544030366,NN-t,0.01,2.294831637426165,3.4626441480526746
2023-05-16,-0.1213920861888167,NN-t,0.01,2.285941694608468,3.4493925858373697
2023-05-17,0.3351425952408643,NN-t,0.01,2.3220790056998104,3.503259729422079
2023-05-18,1.3206655655658732,NN-t,0.01,2.2483535832676806,3.393362844566518
2023-05-19,0.6906555293001099,NN-t,0.01,2.391255512193025,3.6063758909577186
2023-05-22,-0.3162503832106413,NN-t,0.01,2.4333039180724727,3.669054254361436
2023-05-23,-0.4393879945849793,NN-t,0.01,2.6032069394015926,3.922315777397227
2023-05-24,-1.942430589231978,NN-t,0.01,2.685581241805094,4.0451048904013405
2023-05-25,-0.3055394053591321,NN-t,0.01,4.254121577259727,6.383208775739521
2023-05-26,1.196888232836375,NN-t,0.01,3.018940196072619,4.542017751720435
2023-05-29,-0.1956324077609966,NN-t,0.01,2.834727109173332,4.267425301355092
2023-05-30,-0.2750664389509437,NN-t,0.01,2.980457972208764,4.484655224854682
2023-05-31,-1.5513006778311815,NN-t,0.01,2.9938535470729173,4.504622990380544
2023-06-01,1.203406567368588,NN-t,0.01,3.7559745255825896,5.6406588197905165
2023-06-02,1.2385113008230193,NN-t,0.01,2.805147465760009,4.223333174663583
2023-06-05,-0.5456236720305127,NN-t,0.01,2.793604251928629,4.206126582969135
2023-06-06,0.1786862807888011,NN-t,0.01,3.265787752155447,4.902748108037519
2023-06-07,-0.1995485241074591,NN-t,0.01,2.8947431006978968,4.350056734537145
2023-06-08,0.1840370632747577,NN-t,0.01,2.7768337617671426,4.1744243026285694
2023-06-09,-0.2512234800077262,NN-t,0.01,2.4494695170698115,3.6867972924400663
2023-06-12,0.9238184345050416,NN-t,0.01,2.3431054965413605,3.5283622459679913
2023-06-13,0.8216286734134776,NN-t,0.01,2.3000715960131255,3.4642608891727975
2023-06-14,0.4923595281371546,NN-t,0.01,2.3787088412053645,3.581395381969972
2023-06-15,-0.1268058133693415,NN-t,0.01,2.385793393001159,3.5919482107124714
2023-06-16,0.4135651727713478,NN-t,0.01,2.417675219020397,3.6394379404338246
2023-06-19,-0.9609122366319118,NN-t,0.01,2.276239657341348,3.428761908481553
2023-06-20,-0.5563175710652921,NN-t,0.01,2.893512021382252,4.348222974327482
2023-06-21,-0.5488853897582908,NN-t,0.01,2.455819402692897,3.696255795595433
2023-06-22,-0.2184837938773562,NN-t,0.01,2.4213866261307424,3.644966285028951
2023-06-23,-0.994534731941198,NN-t,0.01,2.230899694994433,3.3612255460369416
2023-06-26,-0.1066957050622756,NN-t,0.01,2.7799310511541937,4.179037885168388
2023-06-27,0.2135241919475105,NN-t,0.01,2.138877464106338,3.2241533823975512
2023-06-28,0.6424735713688167,NN-t,0.01,2.0924407162602954,3.1549832977538266
2023-06-29,-0.0142983037281051,NN-t,0.01,2.082153335936941,3.1396596801291
2023-06-30,1.25368861412709,NN-t,0.01,2.0695154978390935,3.120834926642056
2023-07-03,-0.4149093739210347,NN-t,0.01,2.03825284531036,3.0742674898187614
2023-07-04,-0.2607090112677748,NN-t,0.01,2.2686866114454816,3.4165391394519595
2023-07-05,-0.6354003176892583,NN-t,0.01,2.223325552653012,3.3490197620381257
2023-07-06,-2.6000223749537517,NN-t,0.01,2.4066095504148817,3.621835735655886
2023-07-07,0.4809240594387629,NN-t,0.01,4.8372554397158805,7.239822209691728
2023-07-10,0.4460840967480253,NN-t,0.01,2.9528000321672385,4.434833541681606
2023-07-11,0.7448645527859914,NN-t,0.01,2.921198716288805,4.387795372150961
2023-07-12,1.4626839269726633,NN-t,0.01,2.953003554817628,4.435136482640431
2023-07-13,0.7339304325099197,NN-t,0.01,3.136104413797043,4.70767985643577
2023-07-14,-0.2230345697049001,NN-t,0.01,2.614167100554277,3.9307825930709344
2023-07-17,-0.2263955590769147,NN-t,0.01,2.6709552925053077,4.015311117471856
2023-07-18,0.3531071288459615,NN-t,0.01,2.6314014238715875,3.956435671096677
2023-07-19,-0.1027507141257687,NN-t,0.01,2.453903758357092,3.692232581773345
2023-07-20,0.5897928058184373,NN-t,0.01,2.263673760078276,3.4090775719226323
2023-07-21,-0.166762236102906,NN-t,0.01,2.187138972590568,3.295156483234816
2023-07-24,0.0848393320147906,NN-t,0.01,2.2366028773592537,3.3687828963597513
2023-07-25,0.1273952671861861,NN-t,0.01,2.1421650492743836,3.228213352210052
2023-07-26,-0.4955008710854717,NN-t,0.01,2.1300439165191523,3.210171195369578
2023-07-27,1.687750713192438,NN-t,0.01,2.385802993745585,3.590865432275979
2023-07-28,0.3876457640344605,NN-t,0.01,2.535518553366055,3.813715199098796
2023-07-31,-0.1392606736468624,NN-t,0.01,2.447034552877482,3.682007854007776
2023-08-01,-1.2630769199588878,NN-t,0.01,2.3956200371424203,3.6108657030196865
2023-08-02,-1.3662828206126842,NN-t,0.01,3.671391432887672,5.512086595593411
2023-08-03,-0.7936497865689316,NN-t,0.01,3.919697513573304,5.882125232552228
2023-08-04,0.3672795938017441,NN-t,0.01,3.099063147593268,4.659173215467828
2023-08-07,-0.0068996586104494,NN-t,0.01,2.40202052529083,3.620404043376752
2023-08-08,-1.1084511098277747,NN-t,0.01,2.2802490068247825,3.4389337926718166
2023-08-09,0.4910316823599382,NN-t,0.01,3.1878405959427747,4.7914739867144425
2023-08-10,0.9038901249810708,NN-t,0.01,2.136471752282693,3.224669449448609
2023-08-11,-1.0327228225598208,NN-t,0.01,2.1741283919959793,3.28078733264131
2023-08-14,0.4542428052187615,NN-t,0.01,3.132384548610549,4.708830500460391
2023-08-15,-0.8649445057065229,NN-t,0.01,2.291730074976965,3.456043477614424
2023-08-16,0.1405083808944577,NN-t,0.01,2.9149657403135256,4.384821683401662
2023-08-17,-0.7153691646610253,NN-t,0.01,2.189691459735148,3.3039802256916855
2023-08-18,-0.6568779754443819,NN-t,0.01,2.6741475119605687,4.025941833466026
2023-08-21,0.186162963193506,NN-t,0.01,2.5132367280556314,3.786144213594033
2023-08-22,0.6537451456842291,NN-t,0.01,2.0517222749641624,3.0983713701453257
2023-08-23,0.1450023611823725,NN-t,0.01,2.0221400607662,3.0542864158429115
2023-08-24,-0.6821095767501448,NN-t,0.01,1.9929109279211117,3.010727641737906
2023-08-25,0.0661054993562347,NN-t,0.01,2.3544076233394287,3.549448820326631
2023-08-28,1.023353097525468,NN-t,0.01,1.9078219553778264,2.883923628992014
2023-08-29,0.8717225363247004,NN-t,0.01,2.1355275716226245,3.2077690428726617
2023-08-30,-0.2447943175912836,NN-t,0.01,2.152271432612796,3.232657681712819
2023-08-31,0.3464331723171214,NN-t,0.01,2.238011311290478,3.3601043247457674
2023-09-01,-0.6715904331487367,NN-t,0.01,2.1118443106421423,3.172565446196459
2023-09-04,-0.0978376310273538,NN-t,0.01,2.5066440910042043,3.75940913495931
2023-09-05,-0.3363638273423204,NN-t,0.01,2.082162392382711,3.1284452433307237
2023-09-06,-0.192554031843608,NN-t,0.01,2.1053607409575386,3.162928049877306
2023-09-07,-0.1443734458280984,NN-t,0.01,2.0257924316095837,3.0446550353291326
2023-09-08,0.1375738541732063,NN-t,0.01,2.0051591558611483,3.013985039412802
2023-09-11,0.3848321011110978,NN-t,0.01,1.8855313602190555,2.8361662553983
2023-09-12,-0.5423198310995345,NN-t,0.01,1.9173743630034268,2.8834987670783443
2023-09-13,-0.3921003528322211,NN-t,0.01,2.1701306869689088,3.2592042788139715
2023-09-14,0.9616287303144746,NN-t,0.01,2.102971741279745,3.1593769603045505
2023-09-15,0.5567428783243866,NN-t,0.01,2.037994585306245,3.0627927275021967
2023-09-18,-1.0525507256928552,NN-t,0.01,2.0399846544391003,3.065750833278615
2023-09-19,-0.3990859364067893,NN-t,0.01,2.861782367287722,4.287298628423494
2023-09-20,0.744830214040099,NN-t,0.01,2.3760980215452197,3.565361061060828
2023-09-21,-1.3378599108415867,NN-t,0.01,2.1976689067414115,3.3001380160577893
2023-09-22,-0.0936120220512701,NN-t,0.01,3.290646295817684,4.9247764141635075
2023-09-25,-0.9805386957205736,NN-t,0.01,2.317580568967779,3.478378748922616
2023-09-26,-0.9759599905361404,NN-t,0.01,2.8702347180907553,4.279645061322948
2023-09-27,-0.25215461812357,NN-t,0.01,2.935531607814819,4.376351534070337
2023-09-28,0.6944789225067006,NN-t,0.01,2.4225127681993683,3.61655665499074
2023-09-29,0.4108108261458599,NN-t,0.01,2.2518650718533593,3.3638227672691574
2023-10-02,-0.9099173076763926,NN-t,0.01,2.2288507784063376,3.3297379716312627
2023-10-03,-1.068174189590285,NN-t,0.01,2.6939862233106284,4.018616238522198
2023-10-04,0.0974649581371627,NN-t,0.01,2.839357418585466,4.233914939478863
2023-10-05,-0.1968847691965825,NN-t,0.01,2.179546387085629,3.2567168247476688
2023-10-06,1.0531441313921008,NN-t,0.01,2.209592755462753,3.301216314951557
2023-10-09,-0.6697408387907724,NN-t,0.01,2.218162543251468,3.3139084041573748
2023-10-10,1.9338960806318537,NN-t,0.01,2.434716574918991,3.634630825244987
2023-10-11,0.2363088169419606,NN-t,0.01,2.5001317624131096,3.7315125002129457
2023-10-12,-0.2265142418434755,NN-t,0.01,2.292489443372347,3.423988568332313
2023-10-13,-1.5574111193234097,NN-t,0.01,2.360288615606848,3.52440098965435
2023-10-16,0.337424595961899,NN-t,0.01,3.4970224842539213,5.207934820345223
2023-10-17,0.0898677581145981,NN-t,0.01,2.3915179616845195,3.570652502063924
2023-10-18,-1.0332733505565326,NN-t,0.01,2.12305588069039,3.1730528456472347
2023-10-19,-0.3296582660916618,NN-t,0.01,2.8271455461087944,4.215828823618667
2023-10-20,-1.6537250021769485,NN-t,0.01,2.3551842566115027,3.5168412949098955
2023-10-23,0.0152031190441692,NN-t,0.01,3.385039411208156,5.042084838095942
2023-10-24,0.5338216254913195,NN-t,0.01,2.390504447234949,3.557017468919256
2023-10-25,0.0822195964130725,NN-t,0.01,2.3804824015193913,3.542203550554262
2023-10-26,-1.0878724208663224,NN-t,0.01,2.318515496925602,3.45060821243295
2023-10-27,-0.2966822906791264,NN-t,0.01,3.032493905669152,4.5059633925711
2023-10-30,0.1981359113235535,NN-t,0.01,2.281997858676718,3.3966302794584893
2023-10-31,0.6353540949674668,NN-t,0.01,2.164935884531876,3.223597090642087
2023-11-01,0.759613332444547,NN-t,0.01,2.149324837015479,3.20052188323798
2023-11-02,1.4656266410818382,NN-t,0.01,2.1932686385448124,3.265476674602829
2023-11-03,0.3009966137605249,NN-t,0.01,2.298300550900671,3.4207278298578414
2023-11-06,-0.351392858762129,NN-t,0.01,2.2802801372140804,3.394091258360052
2023-11-07,0.1100738786106285,NN-t,0.01,2.4231362508654177,3.605251620788456
2023-11-08,0.5066125961720225,NN-t,0.01,2.254835933227511,3.356481336053055
2023-11-09,0.8040058240867269,NN-t,0.01,2.204503910075158,3.2820839023069204
2023-11-10,-0.7725586025069316,NN-t,0.01,2.1400964741676733,3.186881133859066
2023-11-13,0.7234338895524853,NN-t,0.01,2.5385164146520633,3.775798869901645
2023-11-14,1.740577862138782,NN-t,0.01,2.1990857628681346,3.2740751591129267
2023-11-15,0.8528696390834213,NN-t,0.01,2.527598647908558,3.759660956559735
2023-11-16,0.24379715599134,NN-t,0.01,2.5283045304989327,3.760704345042073
2023-11-17,0.8361290376463646,NN-t,0.01,2.470856571712864,3.675788610685438
2023-11-20,-0.1120666580541593,NN-t,0.01,2.4851702317071496,3.696946106537853
2023-11-21,-0.0050299239027282,NN-t,0.01,2.4780629344302714,3.686519406835664
2023-11-22,0.3596551595645857,NN-t,0.01,2.1570961412708853,3.2127009653447822
2023-11-23,0.2310311494073794,NN-t,0.01,2.070415062872029,3.084740396373089
2023-11-24,0.2170843100155807,NN-t,0.01,2.0641578024894236,3.07550328703444
2023-11-27,-0.3945522850599633,NN-t,0.01,1.9628077791770344,2.9258880897168345
2023-11-28,0.1645844843406254,NN-t,0.01,2.0767536521333243,3.0940975652424125
2023-11-29,1.0807631821599466,NN-t,0.01,1.9426030907813332,2.8960614716040185
2023-11-30,0.302511958645477,NN-t,0.01,2.031601251085891,3.027442569305677
2023-12-01,1.1166836505028106,NN-t,0.01,2.0374055064496472,3.0360109423868895
2023-12-04,0.0441447036472812,NN-t,0.01,2.1400317918933793,3.1875101867364464
2023-12-05,0.7793476771123728,NN-t,0.01,2.171248948436781,3.2335936594707313
2023-12-06,0.7431896493775858,NN-t,0.01,2.200911204414263,3.2773817528121345
2023-12-07,-0.1649323756979799,NN-t,0.01,2.148422432181378,3.1998966397562008
2023-12-08,0.7801024705102276,NN-t,0.01,2.1933756249442387,3.2662575599164394
2023-12-11,0.2098668662753746,NN-t,0.01,2.075588940312246,3.0923781913021458
2023-12-12,-0.0160152416128724,NN-t,0.01,2.0873210266316975,3.1096973625491184
2023-12-13,-0.1531057758321442,NN-t,0.01,1.9895982080179089,2.965436726868067
2023-12-14,-0.0824643315097979,NN-t,0.01,1.9764090056598336,2.9459665279596465
2023-12-15,-0.004721964053434,NN-t,0.01,2.022761245009024,3.0143927523421157
2023-12-18,-0.6040896244381847,NN-t,0.01,1.9090398967197784,2.8465147252095875
2023-12-19,0.5621184724288284,NN-t,0.01,2.1840915020832252,3.260081566375751
2023-12-20,-0.0678628254225011,NN-t,0.01,2.001987039999068,2.9908509046285316
2023-12-21,-0.2730714844525453,NN-t,0.01,2.0366370463428307,3.0420788868026607
2023-12-22,0.1123554682210487,NN-t,0.01,2.0925454687045244,3.1247361779937224
2023-12-27,0.2146039854072149,NN-t,0.01,1.989569291475013,2.9724919988978376
2023-12-28,-0.2423155732024419,NN-t,0.01,1.9370541288027463,2.89485144118606
2023-12-29,0.2994624971626512,NN-t,0.01,1.9573472454908465,2.9248536123153195
2024-01-02,0.1057173213820018,NN-t,0.01,1.8854594965795608,2.8185718332232788
2024-01-03,-1.3868991583284898,NN-t,0.01,1.879984088450402,2.810476766594608
2024-01-04,0.4759280290394104,NN-t,0.01,2.9997047344755425,4.465917424397134
2024-01-05,-0.1389767322435139,NN-t,0.01,2.240089462206421,3.342871233844168
2024-01-08,0.7340607192363031,NN-t,0.01,2.345919932423174,3.4993353160713694
2024-01-09,-0.168307006473176,NN-t,0.01,2.2754114763432227,3.3950927397395096
2024-01-10,0.0086953351805129,NN-t,0.01,2.3905632071977436,3.5653377537522526
2024-01-11,-0.859179928062285,NN-t,0.01,2.158700586164739,3.2225426010101312
2024-01-12,0.9475181747553496,NN-t,0.01,2.5823065833208987,3.848818979025173
2024-01-15,-0.4941371965947412,NN-t,0.01,2.2492069690688985,3.3563509277406047
2024-01-16,-0.3045201322342683,NN-t,0.01,2.432750521288008,3.627709199019808
2024-01-17,-0.8483441393796812,NN-t,0.01,2.337481393886432,3.4868594366314873
2024-01-18,0.8222113392252062,NN-t,0.01,2.6759263808613105,3.987230304898108
2024-01-19,-0.0737791999955264,NN-t,0.01,2.116960120763291,3.1593333287707854
2024-01-22,0.7715702540190797,NN-t,0.01,2.1536507410076102,3.2135791278047825
2024-01-23,-0.3378494502023984,NN-t,0.01,2.0749271462547565,3.0971890457685336
2024-01-24,1.568370612352123,NN-t,0.01,2.2640427854790044,3.3767899053678723
2024-01-25,0.1006011302378808,NN-t,0.01,2.127929894062802,3.1755517550031933
2024-01-26,0.3216620446146262,NN-t,0.01,2.199882963212204,3.281931851686408
2024-01-29,-0.1160937424798049,NN-t,0.01,2.1644575749540627,3.229556653901355
2024-01-30,0.1806266952600262,NN-t,0.01,2.1847596601516184,3.2595725769428365
2024-01-31,-0.4048882404080683,NN-t,0.01,2.112314925459201,3.152465569946829
2024-02-01,-0.264911268204156,NN-t,0.01,2.0192216617020446,3.0148304347661554
2024-02-02,0.3503656190535221,NN-t,0.01,1.9840767506021293,2.962869912651817
2024-02-05,-0.0836749918298895,NN-t,0.01,1.8452201503126755,2.75757528466002
2024-02-06,0.7612880719440723,NN-t,0.01,1.8939391750707464,2.829604659158475
2024-02-07,-0.6554500720230801,NN-t,0.01,1.83744889233306,2.746085751482427
2024-02-08,0.2471192831997178,NN-t,0.01,2.1126735502294767,3.152995784129294
2024-02-09,-0.2202993782380713,NN-t,0.01,1.903460053676409,2.843680945250963
2024-02-12,0.6527528784014754,NN-t,0.01,1.9606523993741676,2.928237828463747
2024-02-13,-0.9229306744622006,NN-t,0.01,1.8811843457907371,2.8107470900787193
2024-02-14,0.3822496057037969,NN-t,0.01,2.314654912409942,3.4516181652309332
2024-02-15,0.5954858644379811,NN-t,0.01,1.939522329153399,2.8969977585184172
2024-02-16,0.4141776969236116,NN-t,0.01,1.8499879232240408,2.7525116391598408
2024-02-19,-0.1472079125049205,NN-t,0.01,1.8843998916226157,2.8030982565528553
2024-02-20,-0.1395175704703923,NN-t,0.01,1.9156239894231273,2.848998609319133
2024-02-21,0.290696135291251,NN-t,0.01,1.8338142727472528,2.728735891750067
2024-02-22,1.4632940280449829,NN-t,0.01,1.7787423319332447,2.6477785002175223
2024-02-23,0.2810071953807722,NN-t,0.01,1.80979893869275,2.693432636170218
2024-02-26,0.0223886567466426,NN-t,0.01,1.9719682605741584,2.931826364302295
2024-02-27,0.7619295273403105,NN-t,0.01,1.9823015712732368,2.947016638473275
2024-02-28,0.2544562298983276,NN-t,0.01,1.942051479424528,2.8878478059089434
2024-02-29,0.4363387697094966,NN-t,0.01,1.9791023024190753,2.9423136180709446
2024-03-01,0.3212407367573934,NN-t,0.01,1.8213217840630231,2.7103715616996578
2024-03-04,-0.1066275385050985,NN-t,0.01,1.830816056465944,2.724328424611676
2024-03-05,-0.1003515365818269,NN-t,0.01,1.8792507294300056,2.7955288349285192
2024-03-06,0.1034052855964254,NN-t,0.01,1.8082498840271075,2.6911554797232484
2024-03-07,0.7094530922551384,NN-t,0.01,1.7663696832471647,2.6295903385299493
2024-03-08,-0.1589565251828572,NN-t,0.01,1.7312999404862248,2.57803677325373
2024-03-11,-0.3837954031859242,NN-t,0.01,1.8361615219580327,2.7321864179267883
2024-03-12,1.2256182194385463,NN-t,0.01,1.8887385111593145,2.8094761563572135
2024-03-13,-0.0207563589655537,NN-t,0.01,1.7969847658919558,2.674595420897505
2024-03-14,-0.1077434895516357,NN-t,0.01,1.9227194038445987,2.8594290796260484
2024-03-15,-0.0300382873379964,NN-t,0.01,1.782340659040065,2.6717014715477454
2024-03-18,-0.0221398232560864,NN-t,0.01,1.7606063618924876,2.639567339092403
2024-03-19,0.3051800118650186,NN-t,0.01,1.7525970493131933,2.6277255799799866
2024-03-20,0.1535478784097713,NN-t,0.01,1.5961582321671803,2.3964309750892347
2024-03-21,0.9068825687253148,NN-t,0.01,1.614034359761204,2.4228608084532732
2024-03-22,0.146705064961775,NN-t,0.01,1.5737367445427224,2.363280832332009
2024-03-25,0.3036759629654587,NN-t,0.01,1.6825885703228844,2.524218127146509
2024-03-26,0.6715093919433112,NN-t,0.01,1.7161465301368972,2.5738335307766538
2024-03-27,0.5031839853687976,NN-t,0.01,1.6796319427876878,2.519846756855949
2024-03-28,0.0833138568696976,NN-t,0.01,1.7127789171369363,2.568854518965769
2024-04-02,-1.1385892638780295,NN-t,0.01,1.732166895418701,2.5975196217715877
2024-04-03,0.4615990643743557,NN-t,0.01,2.389105488400456,3.5688025493290203
2024-04-04,0.1925991141967733,NN-t,0.01,1.9102057038387024,2.860749788043488
2024-04-05,-1.2471632880227137,NN-t,0.01,1.9057272594555337,2.8541284133551117
2024-04-08,0.7888000679608055,NN-t,0.01,2.552266401525769,3.810035765121686
2024-04-09,-1.3313940610920385,NN-t,0.01,1.936219280357848,2.8992108299546864
2024-04-10,0.1139566313916028,NN-t,0.01,2.6575924212864304,3.965760159934259
2024-04-11,-0.7923106969112904,NN-t,0.01,2.061735000623301,3.084785672925276
2024-04-12,-0.1346540004377691,NN-t,0.01,2.4247925680644533,3.621565854122388
2024-04-15,0.5354187626759636,NN-t,0.01,2.042011020368034,3.0556237916016853
2024-04-16,-1.4547848971801618,NN-t,0.01,1.9591094671510292,2.949702784447763
2024-04-17,0.0213250554819905,NN-t,0.01,2.241500261981473,3.369195174550052
2024-04-18,0.3784657240037666,NN-t,0.01,2.1030454477215543,3.163520124164875
2024-04-19,-0.5624284183328198,NN-t,0.01,2.0001101718800527,3.0106094568234805
2024-04-22,0.693529668303137,NN-t,0.01,2.13437195318957,3.2100557439262087
2024-04-23,1.5381498851941169,NN-t,0.01,1.9036482838612467,2.867315026907361
2024-04-24,-0.2702519144003532,NN-t,0.01,1.6529244828112353,2.494864052996715
2024-04-25,-0.9521819658271264,NN-t,0.01,2.1289056457003963,3.2019355274189945
2024-04-26,1.3511404392249289,NN-t,0.01,2.160630494040878,3.2490628867366795
2024-04-29,-0.2353377128828865,NN-t,0.01,1.7328289015763767,2.6135623116550732
2024-04-30,-1.032729618214251,NN-t,0.01,2.1303232404941532,3.2040413688242952
2024-05-02,-0.1991139148488078,NN-t,0.01,2.1391237726694015,3.217114586308539
2024-05-03,0.5855458133382536,NN-t,0.01,2.089241918755226,3.1430149396336016
2024-05-06,0.9598008131742796,NN-t,0.01,1.9289662929303444,2.904925006876447
2024-05-07,1.392389776909481,NN-t,0.01,1.800752368089286,2.714462829069749
2024-05-08,0.3700680103170389,NN-t,0.01,1.7049976967416742,2.5722189716834367
2024-05-09,1.012346141279731,NN-t,0.01,2.0122792304887263,3.02868663063544
2024-05-10,0.4604987751622837,NN-t,0.01,1.8491718926728364,2.7863901810479383
2024-05-13,-0.1632885813641824,NN-t,0.01,2.0512641938250216,3.086598913002194
2024-05-14,-0.1377561219501679,NN-t,0.01,2.1350010820119554,3.210990316717589
2024-05-15,0.8138200143103556,NN-t,0.01,1.9890968495053292,2.9781075809805184
2024-05-16,-0.6942605969100953,NN-t,0.01,1.8779999249747608,2.813938707749666
2024-05-17,-0.1836948053896265,NN-t,0.01,2.0707630156216714,3.098786371406572
2024-05-20,0.3444636056986854,NN-t,0.01,1.9391957597880531,2.9043683149612973
2024-05-21,-0.2250986987468292,NN-t,0.01,1.8667564383692283,2.7973241116659677
2024-05-22,-0.248940690098104,NN-t,0.01,1.944514302791399,2.9122275713338617
2024-05-23,0.059516413663495,NN-t,0.01,1.8799545504374993,2.816827074472345
2024-05-24,0.0109607871940305,NN-t,0.01,1.7888160051260134,2.682150868493584
2024-05-27,0.4341931825481289,NN-t,0.01,1.8311165997821093,2.744658818115318
2024-05-28,-0.5171446800186583,NN-t,0.01,1.7735897021688467,2.659650830706653
2024-05-29,-1.1013500301549617,NN-t,0.01,1.944780878582958,2.9126214926554086
2024-05-30,0.1271298539624551,NN-t,0.01,2.276261151665106,3.402452720298242
2024-05-31,0.0062192137719634,NN-t,0.01,2.024266185775476,3.030077609243168
2024-06-03,0.5940857619672008,NN-t,0.01,2.0685772523361035,3.0955564503510855
2024-06-04,-1.0943029245612654,NN-t,0.01,1.9743255447538148,2.956279897924014
2024-06-05,0.9209992193333072,NN-t,0.01,2.405789775065471,3.5938582722037804
2024-06-06,0.4122129657173716,NN-t,0.01,1.9669572949519876,2.9453917723277323
2024-06-07,-0.5127694431069029,NN-t,0.01,2.1178360288701565,3.1683465646993976
2024-06-10,-0.3367089255844471,NN-t,0.01,2.3105385269187484,3.453104690156807
2024-06-11,-0.6778908249741008,NN-t,0.01,2.27773388403521,3.40462898948654
2024-06-12,1.410370884898602,NN-t,0.01,2.242268759093939,3.33090377638473
2024-06-13,-1.9795439985809713,NN-t,0.01,1.6832016891456802,2.509359079291211
2024-06-14,-1.4539924336691077,NN-t,0.01,2.891484731125638,4.284921581691021
2024-06-17,0.3670144586792632,NN-t,0.01,2.871762432484644,4.255939817723949
2024-06-18,0.3522624952010773,NN-t,0.01,2.681912194017414,3.9769563736281848
2024-06-19,-0.3539272076323118,NN-t,0.01,2.659585607129532,3.944147628402616
2024-06-20,1.0256632533436991,NN-t,0.01,2.7408963939746265,4.063633195233214
2024-06-21,-0.4978916597184417,NN-t,0.01,2.249537018875984,3.3415844274228776
2024-06-24,0.8882741103415963,NN-t,0.01,2.407741593047135,3.5740648147550744
2024-06-25,-0.8106782473733726,NN-t,0.01,2.166494261610162,3.219553743572952
2024-06-26,-0.1231882624435676,NN-t,0.01,2.67748411242073,3.9704493422725537
2024-06-27,0.3041902182248652,NN-t,0.01,2.220512740889448,3.298933477387467
2024-06-28,0.1366319561731131,NN-t,0.01,2.05225054799267,3.0516734978138733
2024-07-01,0.3023096655678078,NN-t,0.01,1.9771965438712995,2.9413822243764067
2024-07-02,-0.6945609011884646,NN-t,0.01,1.875974904749828,2.7926378154827565
2024-07-03,1.1520481699241631,NN-t,0.01,2.3053455703259425,3.4235946583249186
2024-07-04,0.4124983539930859,NN-t,0.01,2.055909691716094,3.057050580964488
2024-07-05,0.1352369677175872,NN-t,0.01,2.108282799095689,3.134012453610641
2024-07-08,-0.0183960349662873,NN-t,0.01,2.0462459616930966,3.042849805098237
2024-07-09,-1.2850769881641582,NN-t,0.01,1.9903886491014944,2.960767920079016
2024-07-10,0.933496589228261,NN-t,0.01,2.753033258903219,4.074484803809911
2024-07-11,0.6894109801932471,NN-t,0.01,2.046825441869501,3.0381367903466385
2024-07-12,1.1459537415983594,NN-t,0.01,2.0793958299427504,3.0859332833382025
2024-07-15,-0.8424954962485622,NN-t,0.01,2.2074160027525043,3.2738007192041505
2024-07-16,-0.392689530755699,NN-t,0.01,2.676616936211367,3.962345144197381
2024-07-17,-0.4368985143234455,NN-t,0.01,2.4400776239580377,3.615227708724414
2024-07-18,-0.4486900319050667,NN-t,0.01,2.3845709070930083,3.533772541605816
2024-07-19,-1.001085002510522,NN-t,0.01,2.3279433174257194,3.45067251262935
2024-07-22,1.2856768308834885,NN-t,0.01,2.512146309214593,3.7209872840180624
2024-07-23,0.8149908245219187,NN-t,0.01,2.111448136958083,3.132969501149805
2024-07-24,-0.9215793646682898,NN-t,0.01,2.1785016329027593,3.2313693710491713
2024-07-25,-0.4837811049421177,NN-t,0.01,2.654284982541247,3.929573380327656
2024-07-26,0.6472906328498461,NN-t,0.01,2.4717529288343414,3.6617106822806713
2024-07-29,-0.5274130433874562,NN-t,0.01,2.1811012217807804,3.2351842237095028
2024-07-30,0.4928145452450372,NN-t,0.01,2.28914297296347,3.3937336641271636
2024-07-31,0.52801396634034,NN-t,0.01,1.979037100512296,2.938658547247333
2024-08-01,-2.326313285080173,NN-t,0.01,1.900921972297708,2.8240259192956207
2024-08-02,-2.360376335616341,NN-t,0.01,3.570142723228459,5.273579106804678
2024-08-05,-1.841301571168847,NN-t,0.01,3.843536884235411,5.674780408769996
2024-08-06,0.0883185198640146,NN-t,0.01,3.797516022535039,5.607245573484009
2024-08-07,1.4917864641052032,NN-t,0.01,3.032153176906031,4.4777076830940095
2024-08-08,0.3697354079403876,NN-t,0.01,3.0168179948717517,4.455230628645612
2024-08-09,0.2399805195305926,NN-t,0.01,2.8097293783509714,4.151697087356317
2024-08-12,0.0202533677150119,NN-t,0.01,2.440987927007464,3.6112260541007632
2024-08-13,0.4816196058523744,NN-t,0.01,2.154315511553459,3.1910450952696494
2024-08-14,0.4120659561104712,NN-t,0.01,2.187273326102038,3.2393519618234765
2024-08-15,1.6504405608105874,NN-t,0.01,1.945232719615933,2.8845886549028172
2024-08-16,0.7624072770183437,NN-t,0.01,2.173340543614388,3.2189304298264942
2024-08-19,0.5404368679973559,NN-t,0.01,2.2396450947177016,3.316114212972616
2024-08-20,-0.3489470750472152,NN-t,0.01,2.268375599431449,3.3582250348290046
2024-08-21,0.4968141669871004,NN-t,0.01,2.472554110208281,3.657493181347563
2024-08-22,0.2405988785574235,NN-t,0.01,2.321291953869251,3.4357854952950384
2024-08-23,0.752614335218902,NN-t,0.01,2.0617698099451847,3.055399181881439
2024-08-26,-0.0863357191590031,NN-t,0.01,2.0549327954436354,3.045378045720663
2024-08-27,0.3474161557193789,NN-t,0.01,2.069623152392789,3.066909968346323
2024-08-28,0.5364002209628965,NN-t,0.01,2.0310018986633556,3.0103020962648994
2024-08-29,0.6912442222435738,NN-t,0.01,2.0290686902549036,3.007468557637204
2024-08-30,-0.0298808399162741,NN-t,0.01,2.0676020564788744,3.0639476114078175
2024-09-02,0.1264857362725436,NN-t,0.01,2.0219442598571113,2.997026150784319
2024-09-03,-0.9753271985521456,NN-t,0.01,2.1488204046578425,3.1829908174256407
2024-09-04,-0.8316282224677957,NN-t,0.01,2.78624535880125,4.107236911311024
2024-09-05,-0.0825950595543589,NN-t,0.01,2.574724031329966,3.798426168623171
2024-09-06,-1.4892440106686575,NN-t,0.01,2.121543472908347,3.1368048253244676
2024-09-09,0.7710386776698133,NN-t,0.01,3.539423656518111,5.206840210301728
2024-09-10,-0.9678263453723406,NN-t,0.01,2.53505693139353,3.740514152193968
2024-09-11,0.3516741860656538,NN-t,0.01,3.1587680814373367,4.6511017783702036
2024-09-12,1.0210560022440305,NN-t,0.01,2.471332004238892,3.6474788903713753
2024-09-13,0.9727132529983926,NN-t,0.01,2.4422562092799933,3.605029658689449
2024-09-16,-0.3551386484055441,NN-t,0.01,2.2584081549424884,3.33662053474714
2024-09-17,0.4977136624617267,NN-t,0.01,2.569104914919027,3.790222534820112
2024-09-18,-0.0779422615667917,NN-t,0.01,2.2953112382393823,3.390497222722884
2024-09-19,1.5426493505265697,NN-t,0.01,2.3711410344148165,3.5012049984103424
2024-09-20,-1.4971286986846029,NN-t,0.01,2.254170017215918,3.3304330619537237
2024-09-23,0.6749565155008249,NN-t,0.01,3.4364160794461887,5.056454210183724
2024-09-24,0.7919082379714939,NN-t,0.01,2.422461231038048,3.57612996329956
2024-09-25,-0.4121360955154496,NN-t,0.01,2.434551051541407,3.593780507068542
2024-09-26,1.6765890735206166,NN-t,0.01,2.7122633621616203,3.999226832133946
2024-09-27,1.2155116782273692,NN-t,0.01,2.3065062263743092,3.4068413552113577
2024-09-30,-0.7665330769227457,NN-t,0.01,2.272295085238707,3.356894770492998
2024-10-01,-0.5801503559355401,NN-t,0.01,2.855959912706668,4.209016733823756
2024-10-02,-0.2521798350915954,NN-t,0.01,2.6685586910149266,3.916904208637672
2024-10-03,-0.7822942845277677,NN-t,0.01,2.464159584480429,3.6198952242360134
2024-10-04,0.5533818974793203,NN-t,0.01,2.512395384268426,3.689985872623544
2024-10-07,-0.0880579009204647,NN-t,0.01,2.007849983237954,2.9568392376635897
2024-10-08,-0.197161939847637,NN-t,0.01,1.9740333336178333,2.907700819547052
2024-10-09,0.983578375458644,NN-t,0.01,2.0345399246320532,2.9956219531147616
2024-10-10,-0.2289268996117369,NN-t,0.01,2.0344511953004414,2.9954930219803964
2024-10-11,0.8445343736598849,NN-t,0.01,2.0977372326274044,3.08745292333209
2024-10-14,0.6916265025179444,NN-t,0.01,2.0171408949291316,2.97033970883662
2024-10-15,-0.1133473895911056,NN-t,0.01,2.087421021820404,3.0724626068546383
2024-10-16,-0.2743078687566939,NN-t,0.01,2.1804519831179117,3.2076443686605263
2024-10-17,0.7718887090328688,NN-t,0.01,2.1085431976558557,3.103154893624404
2024-10-18,0.3770498008232001,NN-t,0.01,2.0434187202669403,3.0085235852155
2024-10-21,-1.0030090025481522,NN-t,0.01,1.974784680922304,2.9087925899741216
2024-10-22,-0.2020379580377815,NN-t,0.01,2.567215058907262,3.769643441415128
2024-10-23,-0.2283070731332298,NN-t,0.01,2.1184903895104914,3.1176089947233985
2024-10-24,0.3368360558854116,NN-t,0.01,2.1282697878612393,3.131819277837942
2024-10-25,0.1058424588474972,NN-t,0.01,1.9859826394621976,2.9250641595993265
2024-10-28,0.3489114055908631,NN-t,0.01,1.97661757540103,2.911455938835434
2024-10-29,-0.2745413383707324,NN-t,0.01,1.917220417922429,2.8251469049156244
2024-10-30,-1.1396954728938589,NN-t,0.01,2.0510959233135475,3.010066907553456
2024-10-31,-0.9380600896745416,NN-t,0.01,2.698545856833037,3.948485238383097
2024-11-01,0.9257567996649416,NN-t,0.01,2.6695585057825806,3.906470774901615
2024-11-04,-0.5578828362529464,NN-t,0.01,2.233141000793521,3.273924279220584
2024-11-05,0.5646280260603334,NN-t,0.01,2.4492748253450207,3.587190112408502
2024-11-06,-1.1330879709182635,NN-t,0.01,2.266209753885187,3.3218543545396275
2024-11-07,1.6833396523556934,NN-t,0.01,2.5921695326839194,3.794302671701587
2024-11-08,-0.7622985874587187,NN-t,0.01,2.161351774044757,3.1698724864110357
2024-11-11,1.2058839371179442,NN-t,0.01,2.5258445707171204,3.698170821377828
2024-11-12,-2.1567095169652863,NN-t,0.01,2.238470893213373,3.2816494614921305
2024-11-13,-0.1605355691903754,NN-t,0.01,3.999611957479643,5.834259280911535
2024-11-14,1.3619838267079996,NN-t,0.01,2.972354580998283,4.345345462772955
2024-11-15,-0.2749285462543421,NN-t,0.01,2.672061191026936,3.910098183891888
2024-11-18,-0.1126098751812839,NN-t,0.01,2.8219890555502536,4.127404648974085
2024-11-19,-0.6738879931804185,NN-t,0.01,2.6703086458323955,3.907558032984428
2024-11-20,-0.2917701737873559,NN-t,0.01,2.4891263720218864,3.6449512148155927
2024-11-21,0.741220206767716,NN-t,0.01,2.3585340248831437,3.455669779948669
2024-11-22,0.9172178140492234,NN-t,0.01,2.0246833558857027,2.9717843529413512
2024-11-25,0.4266161445903865,NN-t,0.01,2.0857321426859,3.0602688791452475
2024-11-26,-0.5644222777316544,NN-t,0.01,2.1248143758980738,3.1169149333917856
2024-11-27,-0.1775544220401405,NN-t,0.01,2.3023888544190476,3.360747598575089
2024-11-28,0.8477235983316259,NN-t,0.01,2.1231595168505746,3.101859473498002
2024-11-29,1.0279606367893936,NN-t,0.01,2.0529736182811176,3.000479331530141
2024-12-02,1.5529603860705077,NN-t,0.01,2.093697568093531,3.0593031109163773
2024-12-03,0.4161712702421514,NN-t,0.01,2.2960342201295347,3.3515686361402475
2024-12-04,1.0703036919732118,NN-t,0.01,2.322542684587236,3.389858833243191
2024-12-05,0.6240829256862112,NN-t,0.01,2.386418794669129,3.482124790372008
2024-12-06,0.126688449017483,NN-t,0.01,2.3532825010012117,3.4342610139608865
2024-12-09,-0.1897761254155277,NN-t,0.01,2.3037283652454423,3.3626824572933685
2024-12-10,-0.082609623542266,NN-t,0.01,2.1974850157179033,3.209219068239743
2024-12-11,0.3437414967694116,NN-t,0.01,2.139422062521786,3.1253499355781393
2024-12-12,0.1328063375794452,NN-t,0.01,1.9836928759686536,2.9004066440753298
2024-12-13,-0.0996743565913166,NN-t,0.01,1.699319624116168,2.489643211074088
2024-12-16,-0.452407376186927,NN-t,0.01,1.6996817183121118,2.4901662386585275
2024-12-17,-0.3325501460903198,NN-t,0.01,1.889994307591086,2.7650635857414314
2024-12-18,-0.0187647697739535,NN-t,0.01,1.8589061834997864,2.7201582913998426
2024-12-19,-1.356372249059556,NN-t,0.01,1.7385465481653082,2.5463046090204116
2024-12-20,-0.4270999300260459,NN-t,0.01,2.80004335250318,4.079585494720073
2024-12-23,-0.1811089428234346,NN-t,0.01,2.3228895660729783,3.3903598868022016
2024-12-27,0.6805964840809604,NN-t,0.01,2.2108685559834673,3.2285509460073643
2024-12-30,-0.3769027541394708,NN-t,0.01,2.2112492567737836,3.231388512005166
2023-01-13,0.1872277587171562,NN-t,0.05,1.558611458987872,2.5329119382387124
2023-01-16,0.3144915094552991,NN-t,0.05,1.4743783959076926,2.398893747975767
2023-01-17,0.3497914614155125,NN-t,0.05,1.3636736678324095,2.222758074314243
2023-01-18,-0.0347099371499678,NN-t,0.05,1.260307981608057,2.058299111330919
2023-01-19,-1.7370582414515032,NN-t,0.05,1.1551368544812943,1.89096761927742
2023-01-20,0.755826001684081,NN-t,0.05,1.931608126323238,3.1263646336822237
2023-01-23,0.4605095159965551,NN-t,0.05,1.3683215807910687,2.230153090718031
2023-01-24,-0.0651730319789013,NN-t,0.05,1.3938801024854888,2.2708177264089113
2023-01-25,-0.0760284918850211,NN-t,0.05,1.4054226880051024,2.289182444083032
2023-01-26,0.338976505849431,NN-t,0.05,1.3812586249368934,2.250736448135829
2023-01-27,0.1134678469968637,NN-t,0.05,1.1788981549188284,1.9287728036846556
2023-01-30,-0.1582118708790759,NN-t,0.05,1.1117034001464825,1.821863247027784
2023-01-31,0.0144736420190294,NN-t,0.05,1.1207445017911712,1.8362480032754724
2023-02-01,0.3462386659907409,NN-t,0.05,1.0877152544402091,1.7836971426768309
2023-02-02,2.1405244587293084,NN-t,0.05,1.108329108550971,1.81649461342343
2023-02-03,-0.2114577941051755,NN-t,0.05,1.3471265892679007,2.1964310069815105
2023-02-06,-0.8469202017936116,NN-t,0.05,1.559206663010144,2.53385893177053
2023-02-07,-0.1632402932545597,NN-t,0.05,1.8261422782982033,2.9585642288292284
2023-02-08,0.5933062044065663,NN-t,0.05,1.5458960910553532,2.5126812765895976
2023-02-09,0.7200187960002645,NN-t,0.05,1.5297232691102824,2.491221143535459
2023-02-10,-1.3975554593732504,NN-t,0.05,1.3072876737727308,2.1366678497893927
2023-02-13,0.58204654024423,NN-t,0.05,1.8869219076861192,3.0605812481378076
2023-02-14,-0.1090410679064897,NN-t,0.05,1.3642008416887834,2.227385125104693
2023-02-15,0.8144616074990894,NN-t,0.05,1.353665565536014,2.210592323328429
2023-02-16,0.1759009649695851,NN-t,0.05,1.3474082530774512,2.200618421719674
2023-02-17,-0.332991334302645,NN-t,0.05,1.2953504505092484,2.1176404013280656
2023-02-20,-0.0287484499692288,NN-t,0.05,1.253946465185982,2.0516441323932275
2023-02-21,-0.5177614650416545,NN-t,0.05,1.1545314962970945,1.89318071463975
2023-02-22,0.0147384075620377,NN-t,0.05,1.29300643146635,2.1139041302919397
2023-02-23,0.4910089679164108,NN-t,0.05,1.102995967856078,1.8110351779688851
2023-02-24,-1.7334405869660656,NN-t,0.05,1.1200527796578676,1.8382230423750028
2023-02-27,1.1224889814446148,NN-t,0.05,1.8527362462718933,3.00609069398478
2023-02-28,-0.1059633054260411,NN-t,0.05,1.3797728459873329,2.2522062667295315
2023-03-01,-0.3920435745910764,NN-t,0.05,1.367897429812562,2.2332773362542597
2023-03-02,0.1476863054314378,NN-t,0.05,1.4446197273850534,2.355569558714486
2023-03-03,1.6226963337134577,NN-t,0.05,1.3057462168174565,2.1342108300851903
2023-03-06,0.4814974887177785,NN-t,0.05,1.2961984167099203,2.1189920249698546
2023-03-07,-0.6026319598284786,NN-t,0.05,1.3407621731853765,2.1900248406309153
2023-03-08,0.4638456276087954,NN-t,0.05,1.516693218731067,2.470451773090872
2023-03-09,0.0085708640276845,NN-t,0.05,1.3445912879721909,2.1980256254113475
2023-03-10,-1.3215417024382794,NN-t,0.05,1.3169637274111858,2.153926732619903
2023-03-13,-3.0837552271425768,NN-t,0.05,1.6622824057540635,2.705121664995497
2023-03-14,1.810844640668792,NN-t,0.05,2.615100679884697,4.226002628330437
2023-03-15,-3.320972704836144,NN-t,0.05,1.966576378267072,3.1908332876812193
2023-03-16,1.5611187600414351,NN-t,0.05,2.899063606615063,4.679261997176123
2023-03-17,-1.3378199102217023,NN-t,0.05,2.423089336563514,3.919515646782978
2023-03-20,1.1122734211361045,NN-t,0.05,3.135966528366023,5.057404559752609
2023-03-21,1.7389823716577375,NN-t,0.05,2.242291012181955,3.630926797030219
2023-03-22,0.1371229202679795,NN-t,0.05,2.100355382044349,3.4043702712412953
2023-03-23,-0.0381296965047421,NN-t,0.05,1.813976546216922,2.9472546474783528
2023-03-24,-1.6783897541230277,NN-t,0.05,1.679750183128122,2.73300359253747
2023-03-27,1.133133133217044,NN-t,0.05,2.3401176894626983,3.787076962515179
2023-03-28,0.0947471907078762,NN-t,0.05,1.6753549200961138,2.725987908586267
2023-03-29,1.225849548428203,NN-t,0.05,1.547016818435968,2.521135649782193
2023-03-30,1.2552042103065504,NN-t,0.05,1.6146761159700955,2.6291328832590155
2023-03-31,0.6833748290709876,NN-t,0.05,1.6598031910940518,2.701164362241335
2023-04-03,-0.3070831681625113,NN-t,0.05,1.5499386655921363,2.525799479012006
2023-04-04,0.1446224144328903,NN-t,0.05,1.546728820328248,2.520675949489492
2023-04-05,-0.5352844624026384,NN-t,0.05,1.4583704606721872,2.379639037414084
2023-04-06,0.499516288859765,NN-t,0.05,1.5630069814774636,2.533528574077912
2023-04-11,0.3665582721320525,NN-t,0.05,1.290640575130476,2.0999062408778593
2023-04-12,0.3088751677893238,NN-t,0.05,1.2548663730545428,2.0429517391072785
2023-04-13,0.1645424133099298,NN-t,0.05,1.2371367227053662,2.0147251583980665
2023-04-14,0.494912626016291,NN-t,0.05,1.2382045423538344,2.0164251861423685
2023-04-17,-0.1137431482918061,NN-t,0.05,1.3105826637949989,2.1316551453465555
2023-04-18,0.5881493319267852,NN-t,0.05,1.338417354558722,2.175969507439696
2023-04-19,0.078861635727574,NN-t,0.05,1.2323410600750992,2.0070901991280627
2023-04-20,-0.6262362247234691,NN-t,0.05,1.2528125285225276,2.039681905393395
2023-04-21,0.5410167302099126,NN-t,0.05,1.4689172610225825,2.38373255238422
2023-04-24,-0.1115742465090833,NN-t,0.05,1.3097485434748763,2.13032717981574
2023-04-25,0.051548191591333,NN-t,0.05,1.3835363968427197,2.2478015099591766
2023-04-26,-0.4825053630805876,NN-t,0.05,1.302137396653727,2.118209814509277
2023-04-27,0.0298752982063484,NN-t,0.05,1.4368491407953377,2.3326783372158393
2023-04-28,0.7687226368913168,NN-t,0.05,1.183860896472733,1.929907106186723
2023-05-02,-1.235046664211514,NN-t,0.05,1.2186973376568426,1.9853686409231155
2023-05-03,0.5587430719483529,NN-t,0.05,1.7844450544103208,2.8860701930400587
2023-05-04,-0.5123379169960087,NN-t,0.05,1.4379815664537798,2.3344812212894492
2023-05-05,1.4310226108008792,NN-t,0.05,1.6349804474511764,2.648114299471138
2023-05-08,-0.0513222529089768,NN-t,0.05,1.5225053637490344,2.469047765988077
2023-05-09,0.0166125412826278,NN-t,0.05,1.4948100276230112,2.437281702751133
2023-05-10,-0.3720369587487674,NN-t,0.05,1.3797617829300552,2.2536173935212935
2023-05-11,-0.3864997452142485,NN-t,0.05,1.4632373338823197,2.3868787000639964
2023-05-12,0.4970927503231007,NN-t,0.05,1.4532193495695631,2.3708858774565043
2023-05-15,0.0214879544030366,NN-t,0.05,1.1861888324967331,1.944595362617636
2023-05-16,-0.1213920861888167,NN-t,0.05,1.1814395183493045,1.9370135042022296
2023-05-17,0.3351425952408643,NN-t,0.05,1.2007453166357107,1.9678334972917944
2023-05-18,1.3206655655658732,NN-t,0.05,1.1613586525184745,1.904956184584712
2023-05-19,0.6906555293001099,NN-t,0.05,1.2377017929252876,2.0268312308722503
2023-05-22,-0.3162503832106413,NN-t,0.05,1.2601655019744105,2.0626925481505647
2023-05-23,-0.4393879945849793,NN-t,0.05,1.3509335574542436,2.20759569077852
2023-05-24,-1.942430589231978,NN-t,0.05,1.3949407516299726,2.2778492695358463
2023-05-25,-0.3055394053591321,NN-t,0.05,2.232909111916574,3.6155913659863055
2023-05-26,1.196888232836375,NN-t,0.05,1.57303260555316,2.562157104197373
2023-05-29,-0.1956324077609966,NN-t,0.05,1.4746196193626666,2.4050495083695385
2023-05-30,-0.2750664389509437,NN-t,0.05,1.5524740739665115,2.5293372336055286
2023-05-31,-1.5513006778311815,NN-t,0.05,1.5596304521929965,2.5407617561357303
2023-06-01,1.203406567368588,NN-t,0.05,1.9667817713311595,3.190742692229989
2023-06-02,1.2385113008230193,NN-t,0.05,1.4588171533828929,2.3798222742987445
2023-06-05,-0.5456236720305127,NN-t,0.05,1.4526503703247349,2.36997755260334
2023-06-06,0.1786862807888011,NN-t,0.05,1.709532127745767,2.773783479311987
2023-06-07,-0.1995485241074591,NN-t,0.05,1.5111787279846578,2.4573345076288073
2023-06-08,0.1840370632747577,NN-t,0.05,1.4481466423620042,2.3567744027737474
2023-06-09,-0.2512234800077262,NN-t,0.05,1.2731439556479711,2.0775786828155987
2023-06-12,0.9238184345050416,NN-t,0.05,1.2162837772268509,1.986865112930957
2023-06-13,0.8216286734134776,NN-t,0.05,1.1932786740910808,1.9501632402151496
2023-06-14,0.4923595281371546,NN-t,0.05,1.2353166467999073,2.0172297651719955
2023-06-15,-0.1268058133693415,NN-t,0.05,1.2391039131813504,2.02327189277526
2023-06-16,0.4135651727713478,NN-t,0.05,1.256147329806995,2.0504626123275784
2023-06-19,-0.9609122366319118,NN-t,0.05,1.1805385738366343,1.929837943903033
2023-06-20,-0.5563175710652921,NN-t,0.05,1.5105206164428946,2.456284569886906
2023-06-21,-0.5488853897582908,NN-t,0.05,1.2765384834938394,2.082994243362928
2023-06-22,-0.2184837938773562,NN-t,0.05,1.258131377320799,2.053627921297679
2023-06-23,-0.994534731941198,NN-t,0.05,1.15630069399866,1.8911693243596068
2023-06-26,-0.1066957050622756,NN-t,0.05,1.4498023942440277,2.359415955583328
2023-06-27,0.2135241919475105,NN-t,0.05,1.107107363011261,1.8126872866260395
2023-06-28,0.6424735713688167,NN-t,0.05,1.0822831625466285,1.7730832631036235
2023-06-29,-0.0142983037281051,NN-t,0.05,1.0767837250698793,1.76430957262769
2023-06-30,1.25368861412709,NN-t,0.05,1.0700277776589917,1.7535312718095746
2023-07-03,-0.4149093739210347,NN-t,0.05,1.053315359381931,1.726868620277086
2023-07-04,-0.2607090112677748,NN-t,0.05,1.1758551935512551,1.9229393721975925
2023-07-05,-0.6354003176892583,NN-t,0.05,1.1515903175578028,1.8842526703480116
2023-07-06,-2.6000223749537517,NN-t,0.05,1.2496339610631952,2.040568540479109
2023-07-07,0.4809240594387629,NN-t,0.05,2.549853194430728,4.113572904233257
2023-07-10,0.4460840967480253,NN-t,0.05,1.5418062485126522,2.5063933885565177
2023-07-11,0.7448645527859914,NN-t,0.05,1.5249018368557663,2.4794418420541167
2023-07-12,1.4626839269726633,NN-t,0.05,1.5419151183672153,2.506566965194825
2023-07-13,0.7339304325099197,NN-t,0.05,1.639860795908758,2.66272664330434
2023-07-14,-0.2230345697049001,NN-t,0.05,1.360662194303495,2.2175863895467174
2023-07-17,-0.2263955590769147,NN-t,0.05,1.391039757620269,2.2660188536264805
2023-07-18,0.3531071288459615,NN-t,0.05,1.369881307112102,2.2322848808409015
2023-07-19,-0.1027507141257687,NN-t,0.05,1.2749329316224278,2.0809039508636684
2023-07-20,0.5897928058184373,NN-t,0.05,1.1731736816986476,1.9186641041279784
2023-07-21,-0.166762236102906,NN-t,0.05,1.132233122174433,1.8533905284338068
2023-07-24,0.0848393320147906,NN-t,0.05,1.1586927231474895,1.895576389766036
2023-07-25,0.1273952671861861,NN-t,0.05,1.108175335578247,1.815033999537528
2023-07-26,-0.4955008710854717,NN-t,0.05,1.1016914088129686,1.8046963517518757
2023-07-27,1.687750713192438,NN-t,0.05,1.238503962538667,2.022823428795007
2023-07-28,0.3876457640344605,NN-t,0.05,1.3185909266702045,2.1505100695275168
2023-07-31,-0.1392606736468624,NN-t,0.05,1.2712584049783549,2.0750454697918532
2023-08-01,-1.2630769199588878,NN-t,0.05,1.2413705981139374,2.0308828944047956
2023-08-02,-1.3662828206126842,NN-t,0.05,1.9230853754109627,3.1189353220390004
2023-08-03,-0.7936497865689316,NN-t,0.05,2.055768962032075,3.3307052635719145
2023-08-04,0.3672795938017441,NN-t,0.05,1.6172589155518706,2.6308203021419367
2023-08-07,-0.0068996586104494,NN-t,0.05,1.244790730723304,2.0363416048690266
2023-08-08,-1.1084511098277747,NN-t,0.05,1.1797215154477023,1.9324877351823735
2023-08-09,0.4910316823599382,NN-t,0.05,1.6646975857026685,2.706534900006411
2023-08-10,0.9038901249810708,NN-t,0.05,1.1028934258797576,1.8098660873191077
2023-08-11,-1.0327228225598208,NN-t,0.05,1.1230154382101103,1.841981871066284
2023-08-14,0.4542428052187615,NN-t,0.05,1.6350643715681117,2.6592387408919658
2023-08-15,-0.8649445057065229,NN-t,0.05,1.1858564811983063,1.9422794612835212
2023-08-16,0.1405083808944577,NN-t,0.05,1.5188855522493043,2.4738112709158715
2023-08-17,-0.7153691646610253,NN-t,0.05,1.131331640700031,1.8552549650480992
2023-08-18,-0.6568779754443819,NN-t,0.05,1.390203136686288,2.2684274075906243
2023-08-21,0.186162963193506,NN-t,0.05,1.304219660665206,2.1311932842639947
2023-08-22,0.6537451456842291,NN-t,0.05,1.0576071220412149,1.737586778624237
2023-08-23,0.1450023611823725,NN-t,0.05,1.0417997190604196,1.7123573369858425
2023-08-24,-0.6821095767501448,NN-t,0.05,1.026180986852966,1.6874290237662448
2023-08-25,0.0661054993562347,NN-t,0.05,1.219348540250532,1.9957345386440708
2023-08-28,1.023353097525468,NN-t,0.05,0.9807132720560736,1.61486017369688
2023-08-29,0.8717225363247004,NN-t,0.05,1.1118467146910285,1.8112024079170057
2023-08-30,-0.2447943175912836,NN-t,0.05,1.120814665690263,1.8254826853950952
2023-08-31,0.3464331723171214,NN-t,0.05,1.1667366326196986,1.8986073523505669
2023-09-01,-0.6715904331487367,NN-t,0.05,1.099162046316171,1.7910037489227744
2023-09-04,-0.0978376310273538,NN-t,0.05,1.3106153716199125,2.127715240684937
2023-09-05,-0.3363638273423204,NN-t,0.05,1.083264518937623,1.7656890363200215
2023-09-06,-0.192554031843608,NN-t,0.05,1.0956894699930773,1.7854741297866017
2023-09-07,-0.1443734458280984,NN-t,0.05,1.053072973132334,1.717612987328586
2023-09-08,0.1375738541732063,NN-t,0.05,1.0420218657459153,1.700015558447485
2023-09-11,0.3848321011110978,NN-t,0.05,0.9779496538412412,1.597989023655778
2023-09-12,-0.5423198310995345,NN-t,0.05,0.9950046502250708,1.625146852770778
2023-09-13,-0.3921003528322211,NN-t,0.05,1.1303800173162997,1.840714244466612
2023-09-14,0.9616287303144746,NN-t,0.05,1.094409930461531,1.78343663208437
2023-09-15,0.5567428783243866,NN-t,0.05,1.059608402236829,1.7280197949771268
2023-09-18,-1.0525507256928552,NN-t,0.05,1.0606742760206005,1.7297170581970276
2023-09-19,-0.3990859364067893,NN-t,0.05,1.5008261397057516,2.430600765797446
2023-09-20,0.744830214040099,NN-t,0.05,1.2406953720010672,2.0163768763350123
2023-09-21,-1.3378599108415867,NN-t,0.05,1.1451293875882405,1.8642006685258403
2023-09-22,-0.0936120220512701,NN-t,0.05,1.730524098775844,2.7963644270788075
2023-09-25,-0.9805386957205736,NN-t,0.05,1.2093536374021876,1.9664693036068768
2023-09-26,-0.9759599905361404,NN-t,0.05,1.514726801477404,2.439192102219995
2023-09-27,-0.25215461812357,NN-t,0.05,1.5498153571629911,2.4948829400977703
2023-09-28,0.6944789225067006,NN-t,0.05,1.274134690018318,2.0573360807296845
2023-09-29,0.4108108261458599,NN-t,0.05,1.1824338261462763,1.911792958667026
2023-10-02,-0.9099173076763926,NN-t,0.05,1.1700666472409282,1.8921643777247197
2023-10-03,-1.068174189590285,NN-t,0.05,1.4200162394624678,2.2888721346000875
2023-10-04,0.0974649581371627,NN-t,0.05,1.4981342830942106,2.412857269303461
2023-10-05,-0.1968847691965825,NN-t,0.05,1.143571972108445,1.8501133263605984
2023-10-06,1.0531441313921008,NN-t,0.05,1.1597179734632663,1.8757394693082563
2023-10-09,-0.6697408387907724,NN-t,0.05,1.1643231158721732,1.8830485259019945
2023-10-10,1.9338960806318537,NN-t,0.05,1.280692643290935,2.0677445431294443
2023-10-11,0.2363088169419606,NN-t,0.05,1.315844768587718,2.1235362755821567
2023-10-12,-0.2265142418434755,NN-t,0.05,1.2042641235503295,1.9464409380380356
2023-10-13,-1.5574111193234097,NN-t,0.05,1.2406973294877064,2.004265938970162
2023-10-16,0.337424595961899,NN-t,0.05,1.8515434175367744,2.973770946888942
2023-10-17,0.0898677581145981,NN-t,0.05,1.257479026954485,2.0309010276671904
2023-10-18,-1.0332733505565326,NN-t,0.05,1.113215698054156,1.8019333342264356
2023-10-19,-0.3296582660916618,NN-t,0.05,1.4915719955299214,2.402441927728137
2023-10-20,-1.6537250021769485,NN-t,0.05,1.2379544027479448,1.9999124999245803
2023-10-23,0.0152031190441692,NN-t,0.05,1.791367131790021,2.878262091989404
2023-10-24,0.5338216254913195,NN-t,0.05,1.2641476573899326,2.031624791471043
2023-10-25,0.0822195964130725,NN-t,0.05,1.258752528129171,2.023076973282248
2023-10-26,-1.0878724208663224,NN-t,0.05,1.2253941231027607,1.9702253051474812
2023-10-27,-0.2966822906791264,NN-t,0.05,1.6097473693252025,2.579178586930173
2023-10-30,0.1981359113235535,NN-t,0.05,1.2057357235861208,1.9390793553788537
2023-10-31,0.6353540949674668,NN-t,0.05,1.1427182020185485,1.839237017775243
2023-11-01,0.759613332444547,NN-t,0.05,1.1343143669496158,1.8259223313635005
2023-11-02,1.4656266410818382,NN-t,0.05,1.1579704643361972,1.8634020672036729
2023-11-03,0.3009966137605249,NN-t,0.05,1.2145118890859552,1.9529839466243224
2023-11-06,-0.351392858762129,NN-t,0.05,1.204811029208552,1.9376143081042416
2023-11-07,0.1100738786106285,NN-t,0.05,1.281714210526372,2.0594565069233792
2023-11-08,0.5066125961720225,NN-t,0.05,1.191113748898642,1.9159129074313048
2023-11-09,0.8040058240867269,NN-t,0.05,1.1640187047759585,1.8729846475539151
2023-11-10,-0.7725586025069316,NN-t,0.05,1.1293464979294383,1.8180514465120352
2023-11-13,0.7234338895524853,NN-t,0.05,1.3438263696028838,2.15786442588853
2023-11-14,1.740577862138782,NN-t,0.05,1.1611019744630693,1.8683635014765363
2023-11-15,0.8528696390834213,NN-t,0.05,1.3379490502918556,2.1485526458588016
2023-11-16,0.24379715599134,NN-t,0.05,1.3383290453473642,2.149154694204659
2023-11-17,0.8361290376463646,NN-t,0.05,1.3074033070086724,2.1001572418922616
2023-11-20,-0.1120666580541593,NN-t,0.05,1.31510872445093,2.1123653844930725
2023-11-21,-0.0050299239027282,NN-t,0.05,1.3081352447938568,2.104817050266916
2023-11-22,0.3596551595645857,NN-t,0.05,1.1351467858757018,1.8310602724701497
2023-11-23,0.2310311494073794,NN-t,0.05,1.088429098908827,1.7571288464654782
2023-11-24,0.2170843100155807,NN-t,0.05,1.0850566820304897,1.75179194720772
2023-11-27,-0.3945522850599633,NN-t,0.05,1.0304330115518336,1.6653491861403809
2023-11-28,0.1645844843406254,NN-t,0.05,1.0918453488493065,1.7625351121880748
2023-11-29,1.0807631821599466,NN-t,0.05,1.0195434803511456,1.6481163430255223
2023-11-30,0.302511958645477,NN-t,0.05,1.0675099831974109,1.724024038507021
2023-12-01,1.1166836505028106,NN-t,0.05,1.0706382482140508,1.7289745638565468
2023-12-04,0.0441447036472812,NN-t,0.05,1.1259497737106776,1.8165058655958397
2023-12-05,0.7793476771123728,NN-t,0.05,1.142774591471711,1.8431313868940975
2023-12-06,0.7431896493775858,NN-t,0.05,1.158761379073855,1.8684307131535152
2023-12-07,-0.1649323756979799,NN-t,0.05,1.1304719983260965,1.8236623524905864
2023-12-08,0.7801024705102276,NN-t,0.05,1.1546999985592434,1.8620035188190505
2023-12-11,0.2098668662753746,NN-t,0.05,1.0912176150547015,1.7615417142354028
2023-12-12,-0.0160152416128724,NN-t,0.05,1.0975407474645047,1.771548164173829
2023-12-13,-0.1531057758321442,NN-t,0.05,1.044871997446047,1.6881990934565851
2023-12-14,-0.0824643315097979,NN-t,0.05,1.0377635368859224,1.676949850182178
2023-12-15,-0.004721964053434,NN-t,0.05,1.0627455681219082,1.7164842816509116
2023-12-18,-0.6040896244381847,NN-t,0.05,1.0014542407761464,1.619489855629687
2023-12-19,0.5621184724288284,NN-t,0.05,1.1455801979130202,1.8532702951888191
2023-12-20,-0.0678628254225011,NN-t,0.05,1.0475671658914376,1.6979534359656685
2023-12-21,-0.2730714844525453,NN-t,0.05,1.066216638520778,1.7275064194334122
2023-12-22,0.1123554682210487,NN-t,0.05,1.0963079055248806,1.7751907016632822
2023-12-27,0.2146039854072149,NN-t,0.05,1.0408836328807984,1.687362340737657
2023-12-28,-0.2423155732024419,NN-t,0.05,1.0126187004255094,1.642572169016989
2023-12-29,0.2994624971626512,NN-t,0.05,1.02354094732163,1.65988016417412
2024-01-02,0.1057173213820018,NN-t,0.05,0.9848492197529496,1.5985671175318945
2024-01-03,-1.3868991583284898,NN-t,0.05,0.9819022224847198,1.5938971430356472
2024-01-04,0.4759280290394104,NN-t,0.05,1.5845629935501258,2.5489066576711044
2024-01-05,-0.1389767322435139,NN-t,0.05,1.175719656308947,1.9010309441575337
2024-01-08,0.7340607192363031,NN-t,0.05,1.2326801785690775,1.99129373100006
2024-01-09,-0.168307006473176,NN-t,0.05,1.194730819808374,1.9311570829373097
2024-01-10,0.0086953351805129,NN-t,0.05,1.256708270302525,2.029369971110079
2024-01-11,-0.859179928062285,NN-t,0.05,1.131914192003589,1.8316143880895417
2024-01-12,0.9475181747553496,NN-t,0.05,1.3599091993121613,2.1929078581857335
2024-01-15,-0.4941371965947412,NN-t,0.05,1.1806269193262366,1.9088072639336575
2024-01-16,-0.3045201322342683,NN-t,0.05,1.27941450451288,2.065351522844557
2024-01-17,-0.8483441393796812,NN-t,0.05,1.2281383527491545,1.9840965031729096
2024-01-18,0.8222113392252062,NN-t,0.05,1.4102976417982214,2.272756164749272
2024-01-19,-0.0737791999955264,NN-t,0.05,1.1109282354540346,1.796490621891242
2024-01-22,0.7715702540190797,NN-t,0.05,1.130675721052289,1.827784039573063
2024-01-23,-0.3378494502023984,NN-t,0.05,1.088305408332773,1.7606407120519945
2024-01-24,1.568370612352123,NN-t,0.05,1.190090505916774,1.9219373772214872
2024-01-25,0.1006011302378808,NN-t,0.05,1.1168323449731905,1.8058467378535945
2024-01-26,0.3216620446146262,NN-t,0.05,1.1555586512421072,1.8672154863617312
2024-01-29,-0.1160937424798049,NN-t,0.05,1.1364921339746992,1.8370011846159235
2024-01-30,0.1806266952600262,NN-t,0.05,1.14741904478688,1.8543168262613496
2024-01-31,-0.4048882404080683,NN-t,0.05,1.1084281161658411,1.7925287363767273
2024-02-01,-0.264911268204156,NN-t,0.05,1.058323815036628,1.7131295229887311
2024-02-02,0.3503656190535221,NN-t,0.05,1.0394082551148802,1.683154440116961
2024-02-05,-0.0836749918298895,NN-t,0.05,0.964673385652892,1.5647236923726973
2024-02-06,0.7612880719440723,NN-t,0.05,0.990894753222168,1.6062761322238972
2024-02-07,-0.6554500720230801,NN-t,0.05,0.960490768842086,1.5580955890522863
2024-02-08,0.2471192831997178,NN-t,0.05,1.1086211338210086,1.7928346073228316
2024-02-09,-0.2202993782380713,NN-t,0.05,0.9960190441689027,1.614396486388557
2024-02-12,0.6527528784014754,NN-t,0.05,1.0268008901959331,1.6631758188229866
2024-02-13,-0.9229306744622006,NN-t,0.05,0.9840298976858493,1.5953975426153868
2024-02-14,0.3822496057037969,NN-t,0.05,1.2173307717125117,1.9651044432800229
2024-02-15,0.5954858644379811,NN-t,0.05,1.0154283444445615,1.6451539890293871
2024-02-16,0.4141776969236116,NN-t,0.05,0.968706657212706,1.5676495294815005
2024-02-19,-0.1472079125049205,NN-t,0.05,0.987324674835894,1.5970015483897675
2024-02-20,-0.1395175704703923,NN-t,0.05,1.0042179486057885,1.6236344424578728
2024-02-21,0.290696135291251,NN-t,0.05,0.9599561752257296,1.5538540589896104
2024-02-22,1.4632940280449829,NN-t,0.05,0.9301604264692932,1.50687991820914
2024-02-23,0.2810071953807722,NN-t,0.05,0.9469630820241216,1.5333699491853796
2024-02-26,0.0223886567466426,NN-t,0.05,1.0347020703248768,1.671693829617664
2024-02-27,0.7619295273403105,NN-t,0.05,1.0402927345517246,1.6805077262105983
2024-02-28,0.2544562298983276,NN-t,0.05,1.0185160982752235,1.646176023841264
2024-02-29,0.4363387697094966,NN-t,0.05,1.0385618238633791,1.6777788791184376
2024-03-01,0.3212407367573934,NN-t,0.05,0.9531973240090093,1.543198470799369
2024-03-04,-0.1066275385050985,NN-t,0.05,0.9583340406556584,1.551296701620199
2024-03-05,-0.1003515365818269,NN-t,0.05,0.9845388071012648,1.5926095210494926
2024-03-06,0.1034052855964254,NN-t,0.05,0.946124992010491,1.5320486681325425
2024-03-07,0.7094530922551384,NN-t,0.05,0.9234664126711029,1.4963265486961594
2024-03-08,-0.1589565251828572,NN-t,0.05,0.9044925172751368,1.466413474828818
2024-03-11,-0.3837954031859242,NN-t,0.05,0.9612261149939568,1.5558561677448912
2024-03-12,1.2256182194385463,NN-t,0.05,0.989672012077954,1.600702215587935
2024-03-13,-0.0207563589655537,NN-t,0.05,0.9400301890181626,1.522439977438739
2024-03-14,-0.1077434895516357,NN-t,0.05,1.0080568034255042,1.629686544326874
2024-03-15,-0.0300382873379964,NN-t,0.05,0.9240263368543684,1.5089325768874016
2024-03-18,-0.0221398232560864,NN-t,0.05,0.9123288295759764,1.49039540624485
2024-03-19,0.3051800118650186,NN-t,0.05,0.9080181775426918,1.4835642677450038
2024-03-20,0.1535478784097713,NN-t,0.05,0.8238220248093825,1.3501376826171845
2024-03-21,0.9068825687253148,NN-t,0.05,0.833443045964137,1.3653842224702286
2024-03-22,0.146705064961775,NN-t,0.05,0.8117546681841091,1.3310144075771742
2024-03-25,0.3036759629654587,NN-t,0.05,0.8703392644875445,1.4238540727174416
2024-03-26,0.6715093919433112,NN-t,0.05,0.8884003260671761,1.4524756390494165
2024-03-27,0.5031839853687976,NN-t,0.05,0.8687479927810051,1.4213323666427402
2024-03-28,0.0833138568696976,NN-t,0.05,0.8865878599308031,1.449603403687285
2024-04-02,-1.1385892638780295,NN-t,0.05,0.8970225666767506,1.466139400199287
2024-04-03,0.4615990643743557,NN-t,0.05,1.250590198548268,2.0264419817409163
2024-04-04,0.1925991141967733,NN-t,0.05,0.992843942596486,1.617988606560486
2024-04-05,-1.2471632880227137,NN-t,0.05,0.9904336214615403,1.6141689436939908
2024-04-08,0.7888000679608055,NN-t,0.05,1.3384042169116457,2.1656018390052947
2024-04-09,-1.3313940610920385,NN-t,0.05,1.0068445794058356,1.6401755723355549
2024-04-10,0.1139566313916028,NN-t,0.05,1.395091206805485,2.2554343460400004
2024-04-11,-0.7923106969112904,NN-t,0.05,1.0743977669503169,1.7472278643459644
2024-04-12,-0.1346540004377691,NN-t,0.05,1.2697971630652092,2.056879473276712
2024-04-15,0.5354187626759636,NN-t,0.05,1.0637822222640436,1.7304052919269175
2024-04-16,-1.4547848971801618,NN-t,0.05,1.0121863220781429,1.65891196974794
2024-04-17,0.0213250554819905,NN-t,0.05,1.1635196268948145,1.8997543762822708
2024-04-18,0.3784657240037666,NN-t,0.05,1.0893216537551,1.7816705319323003
2024-04-19,-0.5624284183328198,NN-t,0.05,1.0341586110480478,1.6938802073014008
2024-04-22,0.693529668303137,NN-t,0.05,1.1061095366734466,1.8083879430637713
2024-04-23,1.5381498851941169,NN-t,0.05,0.982464658660164,1.611610835655474
2024-04-24,-0.2702519144003532,NN-t,0.05,0.8481017045423501,1.397776232241519
2024-04-25,-0.9521819658271264,NN-t,0.05,1.1031801409827071,1.8037258978602804
2024-04-26,1.3511404392249289,NN-t,0.05,1.120181495956248,1.8307830433520296
2024-04-29,-0.2353377128828865,NN-t,0.05,0.8909225045916033,1.4659242486089736
2024-04-30,-1.032729618214251,NN-t,0.05,1.103939830423572,1.804934920774161
2024-05-02,-0.1991139148488078,NN-t,0.05,1.108656038042965,1.8124406234623176
2024-05-03,0.5855458133382536,NN-t,0.05,1.0819243387758304,1.7698979274573106
2024-05-06,0.9598008131742796,NN-t,0.05,0.9960325867015352,1.6332037853708528
2024-05-07,1.392389776909481,NN-t,0.05,0.9273227090252324,1.5238540800149354
2024-05-08,0.3700680103170389,NN-t,0.05,0.8760077542464508,1.4421878716737258
2024-05-09,1.012346141279731,NN-t,0.05,1.040680012911958,1.7042588223774695
2024-05-10,0.4604987751622837,NN-t,0.05,0.9532707456008592,1.5651496003981418
2024-05-13,-0.1632885813641824,NN-t,0.05,1.0615720655136751,1.7375078962157424
2024-05-14,-0.1377561219501679,NN-t,0.05,1.1064466869828402,1.808924507648656
2024-05-15,0.8138200143103556,NN-t,0.05,1.033574618135859,1.684560667254757
2024-05-16,-0.6942605969100953,NN-t,0.05,0.9737525941006386,1.5898056570507153
2024-05-17,-0.1836948053896265,NN-t,0.05,1.0775491509406074,1.7542140661798535
2024-05-20,0.3444636056986854,NN-t,0.05,1.0067045296877382,1.6419998287317044
2024-05-21,-0.2250986987468292,NN-t,0.05,0.9676983479655824,1.5802160424638316
2024-05-22,-0.248940690098104,NN-t,0.05,1.0095683894095344,1.6465360352800145
2024-05-23,0.059516413663495,NN-t,0.05,0.974805095345888,1.5914727649067557
2024-05-24,0.0109607871940305,NN-t,0.05,0.9257299992422277,1.5137403359717383
2024-05-27,0.4341931825481289,NN-t,0.05,0.948507472164305,1.5498186819314643
2024-05-28,-0.5171446800186583,NN-t,0.05,0.9175311380647472,1.5007537614272812
2024-05-29,-1.1013500301549617,NN-t,0.05,1.009711931667587,1.646763398836261
2024-05-30,0.1271298539624551,NN-t,0.05,1.1882031090544596,1.9294842463399664
2024-05-31,0.0062192137719634,NN-t,0.05,1.0525121439813796,1.7145567344836952
2024-06-03,0.5940857619672008,NN-t,0.05,1.0763721896128562,1.7523498199524916
2024-06-04,-1.0943029245612654,NN-t,0.05,1.0256207584623311,1.671962162495324
2024-06-05,0.9209992193333072,NN-t,0.05,1.257949994083429,2.039959726051739
2024-06-06,0.4122129657173716,NN-t,0.05,1.0216531993367757,1.6656777528403477
2024-06-07,-0.5127694431069029,NN-t,0.05,1.1028964136291104,1.7943628269987717
2024-06-10,-0.3367089255844471,NN-t,0.05,1.2066603433564178,1.9587195564590416
2024-06-11,-0.6778908249741008,NN-t,0.05,1.1889961267875253,1.9307403456545669
2024-06-12,1.410370884898602,NN-t,0.05,1.1784593886506094,1.9013297379434668
2024-06-13,-1.9795439985809713,NN-t,0.05,0.8758843062407903,1.4244654851482963
2024-06-14,-1.4539924336691077,NN-t,0.05,1.5298243443033224,2.455087786032829
2024-06-17,0.3670144586792632,NN-t,0.05,1.5191503546205425,2.438265369349065
2024-06-18,0.3522624952010773,NN-t,0.05,1.416400694271092,2.276329893310314
2024-06-19,-0.3539272076323118,NN-t,0.05,1.4043172265967103,2.257286111721208
2024-06-20,1.0256632533436991,NN-t,0.05,1.4483237856536386,2.3266413102247827
2024-06-21,-0.4978916597184417,NN-t,0.05,1.182393074644191,1.907529304071386
2024-06-24,0.8882741103415963,NN-t,0.05,1.268015649538249,2.042472158169171
2024-06-25,-0.8106782473733726,NN-t,0.05,1.1374491484609337,1.836696796627723
2024-06-26,-0.1231882624435676,NN-t,0.05,1.4140041532726062,2.272552897784331
2024-06-27,0.3041902182248652,NN-t,0.05,1.16668472089609,1.8827726310728317
2024-06-28,0.1366319561731131,NN-t,0.05,1.0756188191127647,1.7392509872442563
2024-07-01,0.3023096655678078,NN-t,0.05,1.0349985202203398,1.6752326010460938
2024-07-02,-0.6945609011884646,NN-t,0.05,0.9802159235603888,1.58889415633886
2024-07-03,1.1520481699241631,NN-t,0.05,1.2125974597025109,1.9551320061751392
2024-07-04,0.4124983539930859,NN-t,0.05,1.0775991999528791,1.7423721062142978
2024-07-05,0.1352369677175872,NN-t,0.05,1.1059442736180225,1.787044497166323
2024-07-08,-0.0183960349662873,NN-t,0.05,1.0723690512546822,1.7341292894856046
2024-07-09,-1.2850769881641582,NN-t,0.05,1.0421382759701368,1.68648499586873
2024-07-10,0.933496589228261,NN-t,0.05,1.4580845933515296,2.3374543542607795
2024-07-11,0.6894109801932471,NN-t,0.05,1.0753957191494323,1.735071230413464
2024-07-12,1.1459537415983594,NN-t,0.05,1.0930453753036664,1.7628532113534263
2024-07-15,-0.8424954962485622,NN-t,0.05,1.1624185748435738,1.8720522173011769
2024-07-16,-0.392689530755699,NN-t,0.05,1.416675144466581,2.2722725450740873
2024-07-17,-0.4368985143234455,NN-t,0.05,1.2884962133822722,2.070508579296499
2024-07-18,-0.4486900319050667,NN-t,0.05,1.258417527653538,2.0231623043145723
2024-07-19,-1.001085002510522,NN-t,0.05,1.2277314491142537,1.974859944107057
2024-07-22,1.2856768308834885,NN-t,0.05,1.3275497091958703,2.1319819285136745
2024-07-23,0.8149908245219187,NN-t,0.05,1.110414287104726,1.7901932780600047
2024-07-24,-0.9215793646682898,NN-t,0.05,1.146750088345451,1.8473887570362864
2024-07-25,-0.4837811049421177,NN-t,0.05,1.404573621370096,2.2532237726179503
2024-07-26,0.6472906328498461,NN-t,0.05,1.3056608304691175,2.097527069661486
2024-07-29,-0.5274130433874562,NN-t,0.05,1.14815878663103,1.8496061616462187
2024-07-30,0.4928145452450372,NN-t,0.05,1.2067058249526863,1.941763917498779
2024-07-31,0.52801396634034,NN-t,0.05,1.038661710530015,1.6772489409368354
2024-08-01,-2.326313285080173,NN-t,0.05,0.9963316913011772,1.6106180798522285
2024-08-02,-2.360376335616341,NN-t,0.05,1.900870262753961,3.0344346761621783
2024-08-05,-1.841301571168847,NN-t,0.05,2.049020568040347,3.2676351941636956
2024-08-06,0.0883185198640146,NN-t,0.05,2.024082198159509,3.228380190516672
2024-08-07,1.4917864641052032,NN-t,0.05,1.6120788405269963,2.575876992850863
2024-08-08,0.3697354079403876,NN-t,0.05,1.603759644182338,2.562796078143186
2024-08-09,0.2399805195305926,NN-t,0.05,1.4914159590712666,2.3861494283946665
2024-08-12,0.0202533677150119,NN-t,0.05,1.2913770858916889,2.071612863818693
2024-08-13,0.4816196058523744,NN-t,0.05,1.1358599159338545,1.827081210577462
2024-08-14,0.4120659561104712,NN-t,0.05,1.1537392296392657,1.8551942359134308
2024-08-15,1.6504405608105874,NN-t,0.05,1.02243440885285,1.6487335286220672
2024-08-16,0.7624072770183437,NN-t,0.05,1.146180822254007,1.8433095684243743
2024-08-19,0.5404368679973559,NN-t,0.05,1.1821504363048798,1.8998673696799768
2024-08-20,-0.3489470750472152,NN-t,0.05,1.1977364729923163,1.9243744985049849
2024-08-21,0.4968141669871004,NN-t,0.05,1.308501452287343,2.098538827212788
2024-08-22,0.2405988785574235,NN-t,0.05,1.226443112497969,1.96951216413522
2024-08-23,0.752614335218902,NN-t,0.05,1.085654717142447,1.748139700356462
2024-08-26,-0.0863357191590031,NN-t,0.05,1.0819456991521477,1.74230772501049
2024-08-27,0.3474161557193789,NN-t,0.05,1.0899150837711198,1.754838603734176
2024-08-28,0.5364002209628965,NN-t,0.05,1.0689634059798934,1.7218946631399938
2024-08-29,0.6912442222435738,NN-t,0.05,1.067914658055734,1.7202456358088156
2024-08-30,-0.0298808399162741,NN-t,0.05,1.0888186576770793,1.753114608335435
2024-09-02,0.1264857362725436,NN-t,0.05,1.0640497195639311,1.7141684946202738
2024-09-03,-0.9753271985521456,NN-t,0.05,1.1328788705770183,1.822393882807211
2024-09-04,-0.8316282224677957,NN-t,0.05,1.47792147237598,2.3642455201730916
2024-09-05,-0.0825950595543589,NN-t,0.05,1.3627566019784374,2.183803965652374
2024-09-06,-1.4892440106686575,NN-t,0.05,1.1160179827515084,1.79721124983621
2024-09-09,0.7710386776698133,NN-t,0.05,1.8879968159820748,3.00675596815498
2024-09-10,-0.9678263453723406,NN-t,0.05,1.341159458665094,2.149965329797411
2024-09-11,0.3516741860656538,NN-t,0.05,1.680745138364692,2.68203181610049
2024-09-12,1.0210560022440305,NN-t,0.05,1.3064637943337838,2.095603790679974
2024-09-13,0.9727132529983926,NN-t,0.05,1.290633191348363,2.070800232078908
2024-09-16,-0.3551386484055441,NN-t,0.05,1.190535307112583,1.9139657931272496
2024-09-17,0.4977136624617267,NN-t,0.05,1.3596972186956695,2.179010491101396
2024-09-18,-0.0779422615667917,NN-t,0.05,1.2106275543387333,1.945446541647056
2024-09-19,1.5426493505265697,NN-t,0.05,1.2519138338511455,2.010134327339693
2024-09-20,-1.4971286986846029,NN-t,0.05,1.188227811278274,1.9103503838973732
2024-09-23,0.6749565155008249,NN-t,0.05,1.8319133259374911,2.9188837542440975
2024-09-24,0.7919082379714939,NN-t,0.05,1.279855620448023,2.05391381836176
2024-09-25,-0.4121360955154496,NN-t,0.05,1.286438042315567,2.0642272275653717
2024-09-26,1.6765890735206166,NN-t,0.05,1.4376412455231533,2.30113402858124
2024-09-27,1.2155116782273692,NN-t,0.05,1.2167227759084631,1.9549966001969743
2024-09-30,-0.7665330769227457,NN-t,0.05,1.1980961831098311,1.9258122547589291
2024-10-01,-0.5801503559355401,NN-t,0.05,1.51587824799441,2.423716603443027
2024-10-02,-0.2521798350915954,NN-t,0.05,1.419984737435885,2.26398106192141
2024-10-03,-0.7822942845277677,NN-t,0.05,1.3082124555398664,2.0895959893936893
2024-10-04,0.5533818974793203,NN-t,0.05,1.3345894074884015,2.1307488280096587
2024-10-07,-0.0880579009204647,NN-t,0.05,1.0586870723487922,1.700291044490056
2024-10-08,-0.197161939847637,NN-t,0.05,1.0401949949703564,1.6714400431494307
2024-10-09,0.983578375458644,NN-t,0.05,1.0732820268173722,1.723061825853452
2024-10-10,-0.2289268996117369,NN-t,0.05,1.0732335066450802,1.722986125566935
2024-10-11,0.8445343736598849,NN-t,0.05,1.1078404328891411,1.7769792197461012
2024-10-14,0.6916265025179444,NN-t,0.05,1.063767654246747,1.708217675562884
2024-10-15,-0.1133473895911056,NN-t,0.05,1.10219918307172,1.7681778448267524
2024-10-16,-0.2743078687566939,NN-t,0.05,1.1530716306450053,1.847548108269912
2024-10-17,0.7718887090328688,NN-t,0.05,1.113749496728981,1.786198433211207
2024-10-18,0.3770498008232001,NN-t,0.05,1.078137249843664,1.7306368561312253
2024-10-21,-1.0030090025481522,NN-t,0.05,1.040605856857871,1.67208106236133
2024-10-22,-0.2020379580377815,NN-t,0.05,1.3645666428641634,2.1775187630642727
2024-10-23,-0.2283070731332298,NN-t,0.05,1.1191889546155664,1.794684976046095
2024-10-24,0.3368360558854116,NN-t,0.05,1.1245366573906217,1.8030283642320155
2024-10-25,0.1058424588474972,NN-t,0.05,1.0467292758874438,1.6816347088779415
2024-10-28,0.3489114055908631,NN-t,0.05,1.0416081449883592,1.6736448139942384
2024-10-29,-0.2745413383707324,NN-t,0.05,1.009127788581322,1.6229695552298458
2024-10-30,-1.1396954728938589,NN-t,0.05,1.0868424371205494,1.737882729035182
2024-10-31,-0.9380600896745416,NN-t,0.05,1.4417211707922324,2.2902983573949554
2024-11-01,0.9257567996649416,NN-t,0.05,1.4258326921613622,2.2655658415416022
2024-11-04,-0.5578828362529464,NN-t,0.05,1.1866245565132787,1.8932067790651848
2024-11-05,0.5646280260603334,NN-t,0.05,1.3050913197169005,2.0776159454240286
2024-11-06,-1.1330879709182635,NN-t,0.05,1.204750123624668,1.9214216186573445
2024-11-07,1.6833396523556934,NN-t,0.05,1.38341443037529,2.1995362136288708
2024-11-08,-0.7622985874587187,NN-t,0.05,1.1472756145165093,1.8319549528609476
2024-11-11,1.2058839371179442,NN-t,0.05,1.3470605483296882,2.142946593885363
2024-11-12,-2.1567095169652863,NN-t,0.05,1.1895459646015945,1.8977543366719904
2024-11-13,-0.1605355691903754,NN-t,0.05,2.1548584595872784,3.4003907526776858
2024-11-14,1.3619838267079996,NN-t,0.05,1.5918005642239663,2.5239167587251012
2024-11-15,-0.2749285462543421,NN-t,0.05,1.4272044581069818,2.2677011764459274
2024-11-18,-0.1126098751812839,NN-t,0.05,1.509382566327504,2.395622257600528
2024-11-19,-0.6738879931804185,NN-t,0.05,1.4262438571598783,2.266205874176595
2024-11-20,-0.2917701737873559,NN-t,0.05,1.3269346556836932,2.1116179833560422
2024-11-21,0.741220206767716,NN-t,0.05,1.2553546857424118,2.00019430444473
2024-11-22,0.9172178140492234,NN-t,0.05,1.0723652428286925,1.7153470636858417
2024-11-25,0.4266161445903865,NN-t,0.05,1.1058271601603968,1.7674349583242894
2024-11-26,-0.5644222777316544,NN-t,0.05,1.1272488218416394,1.8007806045277668
2024-11-27,-0.1775544220401405,NN-t,0.05,1.2304921800083342,1.9530660242025857
2024-11-28,0.8477235983316259,NN-t,0.05,1.1319405803898248,1.8001289370244191
2024-11-29,1.0279606367893936,NN-t,0.05,1.0933479444490717,1.7402390382287256
2024-12-02,1.5529603860705077,NN-t,0.05,1.1157405418399085,1.774988942162957
2024-12-03,0.4161712702421514,NN-t,0.05,1.2269980010825048,1.947643590177524
2024-12-04,1.0703036919732118,NN-t,0.05,1.2415740275923322,1.9702633654594468
2024-12-05,0.6240829256862112,NN-t,0.05,1.2766971436590506,2.024769097326387
2024-12-06,0.126688449017483,NN-t,0.05,1.2584767184167025,1.9964937697365863
2024-12-09,-0.1897761254155277,NN-t,0.05,1.2312287275871985,1.9542090339732607
2024-12-10,-0.082609623542266,NN-t,0.05,1.17280942979357,1.863551172770231
2024-12-11,0.3437414967694116,NN-t,0.05,1.140882754207516,1.814005830164789
2024-12-12,0.1328063375794452,NN-t,0.05,1.0552530205360564,1.6811215127691372
2024-12-13,-0.0996743565913166,NN-t,0.05,0.898886661997947,1.438464716734912
2024-12-16,-0.452407376186927,NN-t,0.05,0.8990857642359341,1.4387736931132384
2024-12-17,-0.3325501460903198,NN-t,0.05,1.003731635026021,1.6011681618566238
2024-12-18,-0.0187647697739535,NN-t,0.05,0.9866374226615648,1.5746405452908354
2024-12-19,-1.356372249059556,NN-t,0.05,0.920456100158034,1.4719372027934106
2024-12-20,-0.4270999300260459,NN-t,0.05,1.5041340263093093,2.377716532822708
2024-12-23,-0.1811089428234346,NN-t,0.05,1.2417647649222898,1.9705593607733007
2024-12-27,0.6805964840809604,NN-t,0.05,1.180168544766732,1.8749713994592072
2024-12-30,-0.3769027541394708,NN-t,0.05,1.1786517717636626,1.874820695295902
