date,close,ret
1998-01-05,977.0700073242188,0.2079831611828034
1998-01-06,966.5800170898438,-1.0794219078528444
1998-01-07,964.0,-0.2672791184964854
1998-01-08,956.0499877929688,-0.8281094439770588
1998-01-09,927.6900024414062,-3.011257228471355
1998-01-12,939.2100219726562,1.2341491885370215
1998-01-13,952.1199951171876,1.3651952368056703
1998-01-14,957.9400024414062,0.6094075938435208
1998-01-15,950.72998046875,-0.7555058058430928
1998-01-16,961.510009765625,1.1274885527825091
1998-01-20,978.5999755859376,1.76179783597565
1998-01-21,970.8099975585938,-0.799218183963488
1998-01-22,963.0399780273438,-0.803584708391218
1998-01-23,957.5900268554688,-0.5675185523040231
1998-01-26,956.9500122070312,-0.0668583220219957
1998-01-27,969.02001953125,1.253411542805462
1998-01-28,977.4600219726562,0.8672121117151637
1998-01-29,985.489990234375,0.8181576712973662
1998-01-30,980.280029296875,-0.530069447043768
1998-02-02,1001.27001953125,2.1186217692749105
1998-02-03,1006.0,0.4712857938926162
1998-02-04,1006.9000244140624,0.0894256508644276
1998-02-05,1003.5399780273438,-0.3342601133200769
1998-02-06,1012.4600219726562,0.8849307694583417
1998-02-09,1010.739990234375,-0.1700308562964395
1998-02-10,1019.010009765625,0.8148851133957847
1998-02-11,1020.010009765625,0.0980863425170689
1998-02-12,1024.1400146484375,0.4040809581580077
1998-02-13,1020.0900268554688,-0.3962365300958221
1998-02-17,1022.760009765625,0.2613979864014611
1998-02-18,1032.0799560546875,0.9071275967001708
1998-02-19,1028.280029296875,-0.3688608877341092
1998-02-20,1034.2099609375,0.5750280494436031
1998-02-23,1038.1400146484375,0.3792852045866501
1998-02-24,1030.56005859375,-0.7328263845672457
1998-02-25,1042.9000244140625,1.190291688214699
1998-02-26,1048.6700439453125,0.5517418953412401
1998-02-27,1049.3399658203125,0.0638626026234583
1998-03-02,1047.699951171875,-0.1564123762742116
1998-03-03,1052.02001953125,0.4114905335404069
1998-03-04,1047.3299560546875,-0.4468117592429905
1998-03-05,1035.050048828125,-1.179424461081383
1998-03-06,1055.68994140625,1.9744744173981237
1998-03-09,1052.31005859375,-0.3206722683868357
1998-03-10,1064.25,1.1282522332134022
1998-03-11,1068.469970703125,0.3957365494219079
1998-03-12,1069.9200439453125,0.1356229176643255
1998-03-13,1068.6099853515625,-0.1225195568620138
1998-03-16,1079.27001953125,0.9926179937639228
1998-03-17,1080.449951171875,0.1092671062940865
1998-03-18,1085.52001953125,0.4681577019142191
1998-03-19,1089.739990234375,0.387997386813622
1998-03-20,1099.1600341796875,0.8607156101883294
1998-03-23,1095.550048828125,-0.3289717977048806
1998-03-24,1105.6500244140625,0.917685456139558
1998-03-25,1101.9300537109375,-0.3370182817809413
1998-03-26,1100.800048828125,-0.1026004030759989
1998-03-27,1095.43994140625,-0.4881177000827121
1998-03-30,1093.5999755859375,-0.1681071449946734
1998-03-31,1101.75,0.7424840636846992
1998-04-01,1108.1500244140625,0.5792155514955982
1998-04-02,1120.010009765625,1.0645642302887024
1998-04-03,1122.699951171875,0.2398832433099232
1998-04-06,1121.3800048828125,-0.1176380937516004
1998-04-07,1109.550048828125,-1.0605502326394822
1998-04-08,1101.6500244140625,-0.7145493637570136
1998-04-09,1110.6700439453125,0.8154398309530849
1998-04-13,1109.68994140625,-0.0882832161618462
1998-04-14,1115.75,0.544618028990913
1998-04-15,1119.3199462890625,0.3194485551428072
1998-04-16,1108.1700439453125,-1.0011264264058752
1998-04-17,1122.719970703125,1.3044240612677953
1998-04-20,1123.6500244140625,0.0828050380036505
1998-04-21,1126.6700439453125,0.2684081599595602
1998-04-22,1130.5400390625,0.3429010829171299
1998-04-23,1119.5799560546875,-0.9741853510779328
1998-04-24,1107.9000244140625,-1.0487222144482635
1998-04-27,1086.5400390625,-1.946798213038632
1998-04-28,1085.1099853515625,-0.1317020607895481
1998-04-29,1094.6199951171875,0.8725915772180173
1998-04-30,1111.75,1.55280837939391
1998-05-01,1121.0,0.8285793681353992
1998-05-04,1122.0699462890625,0.0954001788469204
1998-05-05,1115.5,-0.5872410988041952
1998-05-06,1104.9200439453125,-0.952976095926248
1998-05-07,1095.1400146484375,-0.8890751578197567
1998-05-08,1108.1400146484375,1.1800724999688923
1998-05-11,1106.6400146484375,-0.1354536531397571
1998-05-12,1115.7900390625,0.8234298397073976
1998-05-13,1118.8599853515625,0.274758748514098
1998-05-14,1117.3699951171875,-0.1332591431008737
1998-05-15,1108.72998046875,-0.7762506740858484
1998-05-18,1105.8199462890625,-0.2628105891385764
1998-05-19,1109.52001953125,0.3340414329032
1998-05-20,1119.06005859375,0.8561592585789966
1998-05-21,1114.6400146484375,-0.3957603590011062
1998-05-22,1110.469970703125,-0.3748173218199671
1998-05-26,1094.02001953125,-1.4924319525785883
1998-05-27,1092.22998046875,-0.1637543247575782
1998-05-28,1097.5999755859375,0.4904495772857762
1998-05-29,1090.8199462890625,-0.6196297997339911
1998-06-01,1090.97998046875,0.0146699225728113
1998-06-02,1093.219970703125,0.2051086045000489
1998-06-03,1082.72998046875,-0.964183160127856
1998-06-04,1094.8299560546875,1.1113448516807014
1998-06-05,1113.8599853515625,1.7232387271670615
1998-06-08,1115.719970703125,0.1668462956883105
1998-06-09,1118.4100341796875,0.2408154199355182
1998-06-10,1112.280029296875,-0.5496075330094198
1998-06-11,1094.5799560546875,-1.6041301135142194
1998-06-12,1098.8399658203125,0.3884358922317947
1998-06-15,1077.010009765625,-2.0066354570696583
1998-06-16,1087.5899658203125,0.9775515500526776
1998-06-17,1107.1099853515625,1.778879546887592
1998-06-18,1106.3699951171875,-0.0668621598995755
1998-06-19,1100.6500244140625,-0.5183445061270838
1998-06-22,1103.2099609375,0.2323140028658476
1998-06-23,1119.489990234375,1.464913914696189
1998-06-24,1132.8800048828125,1.1889851508435811
1998-06-25,1129.280029296875,-0.3182779795018354
1998-06-26,1133.199951171875,0.346515843777864
1998-06-29,1138.489990234375,0.4657368532823928
1998-06-30,1133.8399658203125,-0.4092742686897182
1998-07-01,1148.56005859375,1.2898963120825466
1998-07-02,1146.4200439453125,-0.1864953222318988
1998-07-06,1157.3299560546875,0.9471508340276522
1998-07-07,1154.6600341796875,-0.2309632025351893
1998-07-08,1166.3800048828125,1.009898159026706
1998-07-09,1158.56005859375,-0.6727034302131389
1998-07-10,1164.3299560546875,0.4967871307879596
1998-07-13,1165.18994140625,0.0738337020918154
1998-07-14,1177.5799560546875,1.0577334272467231
1998-07-15,1174.81005859375,-0.2354965565923792
1998-07-16,1183.989990234375,0.7783599963787977
1998-07-17,1186.75,0.2328396217153366
1998-07-20,1184.0999755859375,-0.2235506712760376
1998-07-21,1165.0699462890625,-1.6201846788077938
1998-07-22,1164.0799560546875,-0.0850087229677008
1998-07-23,1139.75,-2.112209760736143
1998-07-24,1140.800048828125,0.0920873368132166
1998-07-27,1147.27001953125,0.5655410677353717
1998-07-28,1130.239990234375,-1.495523324386167
1998-07-29,1125.2099609375,-0.4460340725784639
1998-07-30,1142.949951171875,1.5642946415527823
1998-07-31,1120.6700439453125,-1.9685836655474889
1998-08-03,1112.43994140625,-0.7371011599113052
1998-08-04,1072.1199951171875,-3.691775622027561
1998-08-05,1081.4300537109375,0.8646296935803177
1998-08-06,1089.6300048828125,0.7553904491176193
1998-08-07,1089.449951171875,-0.0165256635808095
1998-08-10,1083.1400146484375,-0.5808693186120947
1998-08-11,1068.97998046875,-1.3159339209899252
1998-08-12,1084.219970703125,1.415590291077535
1998-08-13,1074.9100341796875,-0.8623838491523228
1998-08-14,1062.75,-1.137708068555818
1998-08-17,1083.6700439453125,1.9493580921088511
1998-08-18,1101.199951171875,1.6046980767630517
1998-08-19,1098.06005859375,-0.2855410181218908
1998-08-20,1091.5999755859375,-0.5900552277609008
1998-08-21,1081.239990234375,-0.9535965852258512
1998-08-24,1088.1400146484375,0.6361308453742267
1998-08-25,1092.8499755859375,0.4319110386110654
1998-08-26,1084.18994140625,-0.7955830107005094
1998-08-27,1042.5899658203125,-3.9125141250913695
1998-08-28,1027.1400146484375,-1.4929713822340855
1998-08-31,957.280029296875,-7.043757403011401
1998-09-01,994.260009765625,3.790279144574931
1998-09-02,990.47998046875,-0.3809097298299453
1998-09-03,982.260009765625,-0.8333605357159969
1998-09-04,973.8900146484376,-0.8557673075362384
1998-09-08,1023.4600219726562,4.964596826288974
1998-09-09,1006.2000122070312,-1.7008194034796509
1998-09-10,980.1900024414062,-2.6189717274469637
1998-09-11,1009.0599975585938,2.902804806824876
1998-09-14,1029.719970703125,2.0267690172915884
1998-09-15,1037.6800537109375,0.7700611637287363
1998-09-16,1045.47998046875,0.7488587608029232
1998-09-17,1018.8699951171876,-2.5781926164172173
1998-09-18,1020.0900268554688,0.1196719769625879
1998-09-21,1023.8900146484376,0.3718228254464272
1998-09-22,1029.6300048828125,0.5590405867901245
1998-09-23,1066.0899658203125,3.4798198739667696
1998-09-24,1042.719970703125,-2.21650623810495
1998-09-25,1044.75,0.1944966840543727
1998-09-28,1048.68994140625,0.3764087978064852
1998-09-29,1049.02001953125,0.03147033039559
1998-09-30,1017.010009765625,-3.098945416584644
1998-10-01,986.3900146484376,-3.057040967000115
1998-10-02,1002.5999755859376,1.6300051704454164
1998-10-05,988.5599975585938,-1.4102544152376302
1998-10-06,984.5900268554688,-0.4023998186657916
1998-10-07,970.6799926757812,-1.4228488867207818
1998-10-08,959.4400024414062,-1.1647065804328651
1998-10-09,984.3900146484376,2.5672391405781427
1998-10-12,997.7100219726562,1.3440500071478956
1998-10-13,994.7999877929688,-0.2920975286931874
1998-10-14,1005.530029296875,1.0728374147504969
1998-10-15,1047.489990234375,4.088202208254856
1998-10-16,1056.4200439453125,0.8489058176278104
1998-10-19,1062.3900146484375,0.5635225750718463
1998-10-20,1063.9300537109375,0.1448548931747814
1998-10-21,1069.9200439453125,0.5614270631916418
1998-10-22,1078.47998046875,0.7968703893705601
1998-10-23,1070.6700439453125,-0.7267962509418431
1998-10-26,1072.3199462890625,0.1539813696998557
1998-10-27,1065.3399658203125,-0.6530510523017555
1998-10-28,1068.0899658203125,0.2578009694424187
1998-10-29,1085.9300537109375,1.656483752349743
1998-10-30,1098.6700439453125,1.1663585180564215
1998-11-02,1111.5999755859375,1.1699999569478037
1998-11-03,1110.8399658203125,-0.0683941807462582
1998-11-04,1118.6700439453125,0.7024063837972139
1998-11-05,1133.8499755859375,1.347838093842601
1998-11-06,1141.010009765625,0.6294943750026504
1998-11-09,1130.199951171875,-0.9519278631659366
1998-11-10,1128.260009765625,-0.1717933385506075
1998-11-11,1120.969970703125,-0.6482275848189569
1998-11-12,1117.68994140625,-0.2930352776013654
1998-11-13,1125.719970703125,0.7158801917899691
1998-11-16,1135.8699951171875,0.8976067913417509
1998-11-17,1139.3199462890625,0.3032673231557144
1998-11-18,1144.47998046875,0.4518822248639332
1998-11-19,1152.6099853515625,0.7078554998324825
1998-11-20,1163.550048828125,0.9446795276986252
1998-11-23,1188.2099609375,2.0972221532937576
1998-11-24,1182.989990234375,-0.4402816500464433
1998-11-25,1186.8699951171875,0.3274462097855761
1998-11-27,1192.3299560546875,0.4589753391424127
1998-11-30,1163.6300048828125,-2.436490555095252
1998-12-01,1175.280029296875,0.9962008449167538
1998-12-02,1171.25,-0.3434887437109872
1998-12-03,1150.1400146484375,-1.8187867738286851
1998-12-04,1176.739990234375,2.286420815018823
1998-12-07,1187.699951171875,0.9270727704163438
1998-12-08,1181.3800048828125,-0.5335371872925541
1998-12-09,1183.489990234375,0.1784441356868625
1998-12-10,1165.02001953125,-1.572942115348899
1998-12-11,1166.4599609375,0.1235216773376973
1998-12-14,1141.199951171875,-2.1893190219833847
1998-12-15,1162.8299560546875,1.8776353801127497
1998-12-16,1161.93994140625,-0.0765679814498364
1998-12-17,1179.97998046875,1.5406501072018963
1998-12-18,1188.030029296875,0.6799025177707199
1998-12-21,1202.8399658203125,1.2388901093156923
1998-12-22,1203.5699462890625,0.0606696712366053
1998-12-23,1228.5400390625,2.053440866502617
1998-12-24,1226.27001953125,-0.1849446697795947
1998-12-28,1225.489990234375,-0.0636301530399515
1998-12-29,1241.81005859375,1.3229283877657234
1998-12-30,1231.9300537109375,-0.7987951012610781
1998-12-31,1229.22998046875,-0.2194147709155871
1999-01-04,1228.0999755859375,-0.0919701450494749
1999-01-05,1244.780029296875,1.349059125599436
1999-01-06,1272.3399658203125,2.189886692401159
1999-01-07,1269.72998046875,-0.2053433873820682
1999-01-08,1275.0899658203125,0.4212473487898209
1999-01-11,1263.8800048828125,-0.8830379176363489
1999-01-12,1239.510009765625,-1.9470210263938683
1999-01-13,1234.4000244140625,-0.4131106263548749
1999-01-14,1212.18994140625,-1.8156449144760296
1999-01-15,1243.260009765625,2.5308377169628535
1999-01-19,1252.0,0.7005302808144316
1999-01-20,1256.6199951171875,0.3683300260185319
1999-01-21,1235.1600341796875,-1.7225028921485923
1999-01-22,1225.18994140625,-0.8104657830393575
1999-01-25,1233.97998046875,0.7148815882362022
1999-01-26,1252.31005859375,1.4745190582961525
1999-01-27,1243.1700439453125,-0.7325288236186818
1999-01-28,1265.3699951171875,1.7699961257013532
1999-01-29,1279.6400146484375,1.1214234148275624
1999-02-01,1273.0,-0.5202480245369034
1999-02-02,1261.989990234375,-0.8686487156186451
1999-02-03,1272.0699462890625,0.7955620207956756
1999-02-04,1248.489990234375,-1.8710639354908745
1999-02-05,1239.4000244140625,-0.730740202796962
1999-02-08,1243.77001953125,0.3519694222490721
1999-02-09,1216.1400146484375,-2.2465184925835593
1999-02-10,1223.550048828125,0.6074588798675334
1999-02-11,1254.0400390625,2.4613861438468687
1999-02-12,1230.1300048828125,-1.925051195228341
1999-02-16,1241.8699951171875,0.9498445388233748
1999-02-17,1224.030029296875,-1.4469586685446882
1999-02-18,1237.280029296875,1.0766728028575918
1999-02-19,1239.219970703125,0.1566680236662038
1999-02-22,1272.1400146484375,2.621840747563431
1999-02-23,1271.1800537109375,-0.0754888065430078
1999-02-24,1253.4100341796875,-1.407778085890905
1999-02-25,1245.02001953125,-0.6716254612827944
1999-02-26,1238.3299560546875,-0.5387947511782114
1999-03-01,1236.1600341796875,-0.1753834074718457
1999-03-02,1225.5,-0.866090415963837
1999-03-03,1227.699951171875,0.1793536446593019
1999-03-04,1246.6400146484375,1.5309483472933534
1999-03-05,1275.469970703125,2.286277125993248
1999-03-08,1282.72998046875,0.5675888823953716
1999-03-09,1279.8399658203125,-0.2255560577287818
1999-03-10,1286.8399658203125,0.5454530788181005
1999-03-11,1297.6800537109375,0.8388521949356046
1999-03-12,1294.5899658203125,-0.2384079845828071
1999-03-15,1307.260009765625,0.9739334869484768
1999-03-16,1306.3800048828125,-0.0673394125537054
1999-03-17,1297.8199462890625,-0.6574064652108874
1999-03-18,1316.550048828125,1.432882341633394
1999-03-19,1299.2900390625,-1.3196724322540323
1999-03-22,1297.010009765625,-0.1756368555344267
1999-03-23,1262.1400146484375,-2.725291833816146
1999-03-24,1268.5899658203125,0.5097315942202638
1999-03-25,1289.989990234375,1.6728438297045976
1999-03-26,1282.800048828125,-0.5589231934668772
1999-03-29,1310.1700439453125,2.1111706427016097
1999-03-30,1300.75,-0.7215912139310645
1999-03-31,1286.3699951171875,-1.1116726708976843
1999-04-01,1293.719970703125,0.569747223213796
1999-04-05,1321.1199951171875,2.095809127958003
1999-04-06,1317.8900146484375,-0.2447874066151942
1999-04-07,1326.8900146484375,0.6805885283716107
1999-04-08,1343.97998046875,1.2797477296876645
1999-04-09,1348.3499755859375,0.3246258093301708
1999-04-12,1358.6300048828125,0.7595238080975959
1999-04-13,1349.8199462890625,-0.6505632243595896
1999-04-14,1328.43994140625,-1.5965933063986384
1999-04-15,1322.8499755859375,-0.4216795807645577
1999-04-16,1319.0,-0.2914607829330309
1999-04-19,1289.47998046875,-2.2634852550357647
1999-04-20,1306.1700439453125,1.2860203295938253
1999-04-21,1336.1199951171875,2.2670663304898606
1999-04-22,1358.8199462890625,1.684674875227101
1999-04-23,1356.8499755859375,-0.1450817739520778
1999-04-26,1360.0400390625,0.2348321003323189
1999-04-27,1362.800048828125,0.2027302832210457
1999-04-28,1350.9100341796875,-0.8762977894182675
1999-04-29,1342.8299560546875,-0.5999170215246042
1999-04-30,1335.1800537109375,-0.5713140073082221
1999-05-03,1354.6300048828125,1.4462203465727277
1999-05-04,1332.0,-1.6846785798959794
1999-05-05,1347.31005859375,1.1428483375267562
1999-05-06,1332.050048828125,-1.1390909885870972
1999-05-07,1345.0,0.967486744620845
1999-05-10,1340.300048828125,-0.3500507120746083
1999-05-11,1355.6099853515625,1.13580207920217
1999-05-12,1364.0,0.6170032696192335
1999-05-13,1367.56005859375,0.2606613461245054
1999-05-14,1337.800048828125,-2.2001662681522824
1999-05-17,1339.489990234375,0.1262427010921185
1999-05-18,1333.3199462890625,-0.4616905093740054
1999-05-19,1344.22998046875,0.8149311764240189
1999-05-20,1338.8299560546875,-0.402527847542653
1999-05-21,1330.2900390625,-0.6399072465026039
1999-05-24,1306.6500244140625,-1.793036430661807
1999-05-25,1284.4000244140625,-1.7174926393975842
1999-05-26,1304.760009765625,1.57274210587678
1999-05-27,1281.4100341796875,-1.8058062469890035
1999-05-28,1301.8399658203125,1.5817561285069712
1999-06-01,1294.260009765625,-0.5839511317436866
1999-06-02,1294.81005859375,0.0424900695521961
1999-06-03,1299.5400390625,0.3646374260635243
1999-06-04,1327.75,2.147539456633619
1999-06-07,1334.52001953125,0.5085910951654291
1999-06-08,1317.3299560546875,-1.296476378146882
1999-06-09,1318.6400146484375,0.0993986059152995
1999-06-10,1302.8199462890625,-1.2069808923772247
1999-06-11,1293.6400146484375,-0.7071143040316779
1999-06-14,1294.0,0.0278234493087903
1999-06-15,1301.1600341796875,0.5518004479872165
1999-06-16,1330.4100341796875,2.2230990537223874
1999-06-17,1339.9000244140625,0.7107811437429541
1999-06-18,1342.8399658203125,0.2191746195194066
1999-06-21,1349.0,0.4576828497190345
1999-06-22,1335.8800048828125,-0.9773322849408236
1999-06-23,1333.06005859375,-0.211315898547961
1999-06-24,1315.780029296875,-1.3047427449105755
1999-06-25,1315.31005859375,-0.0357244102196437
1999-06-28,1331.3499755859375,1.212102284806848
1999-06-29,1351.449951171875,1.4984607301878332
1999-06-30,1372.7099609375,1.5608805716027467
1999-07-01,1380.9599609375,0.5992021497325137
1999-07-02,1391.219970703125,0.7402157771673241
1999-07-06,1388.1199951171875,-0.223072881299571
1999-07-07,1395.8599853515625,0.5560392122590638
1999-07-08,1394.4200439453125,-0.103211256143236
1999-07-09,1403.280029296875,0.6333784708249962
1999-07-12,1399.0999755859375,-0.2983219123544768
1999-07-13,1393.56005859375,-0.3967489197649747
1999-07-14,1398.1700439453125,0.3302604028617143
1999-07-15,1409.6199951171875,0.8155890919213112
1999-07-16,1418.780029296875,0.6477206990358061
1999-07-19,1407.6500244140625,-0.787570341458358
1999-07-20,1377.0999755859375,-2.1941843610886544
1999-07-21,1379.2900390625,0.1589081317072246
1999-07-22,1360.969970703125,-1.3371243055213191
1999-07-23,1356.93994140625,-0.2965537770327212
1999-07-26,1347.760009765625,-0.6788159172238883
1999-07-27,1362.8399658203125,1.1126770288036592
1999-07-28,1365.4000244140625,0.1876711252895983
1999-07-29,1341.030029296875,-1.8009446622056795
1999-07-30,1328.719970703125,-0.9221946500845856
1999-08-02,1328.050048828125,-0.0504313044993482
1999-08-03,1322.1800537109375,-0.4429807593360041
1999-08-04,1305.3299560546875,-1.282608141661868
1999-08-05,1313.7099609375,0.6399317113168053
1999-08-06,1300.2900390625,-1.0267819263870603
1999-08-09,1297.800048828125,-0.1916785725288405
1999-08-10,1281.4300537109375,-1.2693877071883328
1999-08-11,1301.9300537109375,1.5871136398254986
1999-08-12,1298.1600341796875,-0.2899916576591778
1999-08-13,1327.6800537109375,2.2485195038619175
1999-08-16,1330.77001953125,0.2324638136268496
1999-08-17,1344.1600341796875,1.0011571309322729
1999-08-18,1332.8399658203125,-0.8457329722049935
1999-08-19,1323.5899658203125,-0.6964262279942868
1999-08-20,1336.6099853515625,0.9788830716663808
1999-08-23,1360.219970703125,1.7509883055649478
1999-08-24,1363.5,0.2408493470498299
1999-08-25,1381.7900390625,1.332486507502712
1999-08-26,1362.010009765625,-1.441823136425021
1999-08-27,1348.27001953125,-1.013925335881944
1999-08-30,1324.02001953125,-1.8149725763079831
1999-08-31,1320.4100341796875,-0.2730257575912162
1999-09-01,1331.0699462890625,0.8040769397952495
1999-09-02,1319.1099853515625,-0.9025834048821436
1999-09-03,1357.239990234375,2.849596307608839
1999-09-07,1350.449951171875,-0.5015384658162334
1999-09-08,1344.1500244140625,-0.4675972904129752
1999-09-09,1347.6600341796875,0.2607919339470442
1999-09-10,1351.6600341796875,0.2963711472935955
1999-09-13,1344.1300048828125,-0.5586524745354107
1999-09-14,1336.2900390625,-0.5849820587068314
1999-09-15,1317.969970703125,-1.3804494827150822
1999-09-16,1318.47998046875,0.0386891298095795
1999-09-17,1335.4200439453125,1.2766338892617892
1999-09-20,1335.530029296875,0.0082356725965357
1999-09-21,1307.5799560546875,-2.1150171803399345
1999-09-22,1310.510009765625,0.2238314933787853
1999-09-23,1280.4100341796875,-2.3236016042540766
1999-09-24,1277.3599853515625,-0.2384929255194203
1999-09-27,1283.31005859375,0.46472867248419
1999-09-28,1282.199951171875,-0.086540881690756
1999-09-29,1268.3699951171875,-1.084470678167232
1999-09-30,1282.7099609375,1.1242389187544557
1999-10-01,1282.81005859375,0.007803303465867
1999-10-04,1304.5999755859375,1.6843431735998522
1999-10-05,1301.3499755859375,-0.2494293248822807
1999-10-06,1325.4000244140625,1.8312150674930392
1999-10-07,1317.6400146484375,-0.5872050327387418
1999-10-08,1336.02001953125,1.3852790916515574
1999-10-11,1335.2099609375,-0.060650608484074
1999-10-12,1313.0400390625,-1.6743464405215869
1999-10-13,1285.550048828125,-2.115840887007189
1999-10-14,1283.4200439453125,-0.1658256261446835
1999-10-15,1247.4100341796875,-2.8458994906730224
1999-10-18,1254.1300048828125,0.5372679839536734
1999-10-19,1261.3199462890625,0.5716640065512697
1999-10-20,1289.4300537109375,2.2041552856145463
1999-10-21,1283.6099853515625,-0.4523892513873539
1999-10-22,1301.6500244140625,1.3956299800217198
1999-10-25,1293.6300048828125,-0.6180485319522144
1999-10-26,1281.9100341796875,-0.910104399184748
1999-10-27,1296.7099609375,1.1479077413535572
1999-10-28,1342.43994140625,3.4658552714835924
1999-10-29,1362.9300537109375,1.5148023486425162
1999-11-01,1354.1199951171875,-0.6485040254345817
1999-11-02,1347.739990234375,-0.4722684947087761
1999-11-03,1354.9300537109375,0.5320723819233024
1999-11-04,1362.6400146484375,0.5674173198502998
1999-11-05,1370.22998046875,0.5554589386682232
1999-11-08,1377.010009765625,0.4935894269269814
1999-11-09,1365.280029296875,-0.855493171153123
1999-11-10,1373.4599609375,0.5973517744238546
1999-11-11,1381.4599609375,0.5807807641558524
1999-11-12,1396.06005859375,1.051314267961334
1999-11-15,1394.3900146484375,-0.1196971170150344
1999-11-16,1420.0699462890625,1.8249074190172367
1999-11-17,1410.7099609375,-0.6613032287464209
1999-11-18,1424.93994140625,1.0036570388234978
1999-11-19,1422.0,-0.2065335069802077
1999-11-22,1420.93994140625,-0.0745748179508903
1999-11-23,1404.6400146484375,-1.153753057717248
1999-11-24,1417.0799560546875,0.8817332783512611
1999-11-26,1416.6199951171875,-0.0324636305512451
1999-11-29,1407.8299560546875,-0.6224268507305625
1999-11-30,1388.9100341796875,-1.3530189129544474
1999-12-01,1397.719970703125,0.6323025202648501
1999-12-02,1409.0400390625,0.806633249651218
1999-12-03,1433.300048828125,1.7070862849279884
1999-12-06,1423.3299560546875,-0.6980346239651467
1999-12-07,1409.1700439453125,-0.999825600514854
1999-12-08,1403.8800048828125,-0.376107442570106
1999-12-09,1408.1099853515625,0.3008533937887188
1999-12-10,1417.0400390625,0.6321847247124261
1999-12-13,1415.219970703125,-0.1285241188053788
1999-12-14,1403.1700439453125,-0.8550981318123226
1999-12-15,1413.3299560546875,0.721459696666225
1999-12-16,1418.780029296875,0.3848777058853672
1999-12-17,1421.030029296875,0.1584613353983626
1999-12-20,1418.0899658203125,-0.2071109732993282
1999-12-21,1433.4300537109375,1.0759339419193434
1999-12-22,1436.1300048828125,0.1881788088406253
1999-12-23,1458.3399658203125,1.534677994579981
1999-12-27,1457.0999755859375,-0.0850636839767372
1999-12-28,1457.6600341796875,0.0384291398788228
1999-12-29,1463.4599609375,0.3971034664203317
1999-12-30,1464.469970703125,0.068991391820721
1999-12-31,1469.25,0.3258684246993932
2000-01-03,1455.219970703125,-0.9594994700275008
2000-01-04,1399.4200439453125,-3.909917534093802
2000-01-05,1402.1099853515625,0.1920337961585907
2000-01-06,1403.449951171875,0.0955221740056988
2000-01-07,1441.469970703125,2.672994972987063
2000-01-10,1457.5999755859375,1.1127824873139451
2000-01-11,1438.56005859375,-1.3148576788902815
2000-01-12,1432.25,-0.4396019678609714
2000-01-13,1449.6800537109375,1.2096245165416932
2000-01-14,1465.1500244140625,1.0614763497340869
2000-01-18,1455.1400146484375,-0.6855516976735141
2000-01-19,1455.9000244140625,0.0522156873622269
2000-01-20,1445.5699462890625,-0.7120612569861287
2000-01-21,1441.3599853515625,-0.291656813395358
2000-01-24,1401.530029296875,-2.8022584228459113
2000-01-25,1410.030029296875,0.6046483603040548
2000-01-26,1404.0899658203125,-0.4221619766667546
2000-01-27,1398.56005859375,-0.3946204024482488
2000-01-28,1360.1600341796875,-2.784081272973308
2000-01-31,1394.4599609375,2.490485052912464
2000-02-01,1409.280029296875,1.0571740915406744
2000-02-02,1409.1199951171875,-0.011356385074743
2000-02-03,1424.969970703125,1.1185347697919614
2000-02-04,1424.3699951171875,-0.0421133035721908
2000-02-07,1424.239990234375,-0.0091276014316644
2000-02-08,1441.719970703125,1.219849367259354
2000-02-09,1411.7099609375,-2.103511705975112
2000-02-10,1416.8299560546875,0.3620242852776449
2000-02-11,1387.1199951171875,-2.119229898918964
2000-02-14,1389.93994140625,0.203088685354913
2000-02-15,1402.050048828125,0.8674947553079746
2000-02-16,1387.6700439453125,-1.0309372816680578
2000-02-17,1388.260009765625,0.0425058137474761
2000-02-18,1346.0899658203125,-3.084710308169203
2000-02-22,1352.1700439453125,0.4506673481115292
2000-02-23,1360.68994140625,0.6281139106337607
2000-02-24,1353.4300537109375,-0.5349730316245382
2000-02-25,1333.3599853515625,-1.4940089385435542
2000-02-28,1348.050048828125,1.0957078745980513
2000-02-29,1366.4200439453125,1.3535073096645704
2000-03-01,1379.18994140625,0.9302114728482016
2000-03-02,1381.760009765625,0.1861728134993852
2000-03-03,1409.1700439453125,1.9642853797381483
2000-03-06,1391.280029296875,-1.2776701994211102
2000-03-07,1355.6199951171875,-2.5965297120289534
2000-03-08,1366.699951171875,0.8140128606934441
2000-03-09,1401.68994140625,2.5279570403423506
2000-03-10,1395.0699462890625,-0.4734054939684533
2000-03-13,1383.6199951171875,-0.8241305233129576
2000-03-14,1359.1500244140625,-1.784372717541607
2000-03-15,1392.1400146484375,2.3982619773033385
2000-03-16,1458.469970703125,4.654577885905089
2000-03-17,1464.469970703125,0.4105461314759303
2000-03-20,1456.6300048828125,-0.5367830413634725
2000-03-21,1493.8699951171875,2.5244513080495854
2000-03-22,1500.6400146484375,0.4521628609461416
2000-03-23,1527.3499755859375,1.7642498044501167
2000-03-24,1527.4599609375,0.0072007983406823
2000-03-27,1523.8599853515625,-0.2359619652895298
2000-03-28,1507.72998046875,-1.0641384406600805
2000-03-29,1508.52001953125,0.0523855171532201
2000-03-30,1487.9200439453125,-1.3749849620433678
2000-03-31,1498.5799560546875,0.7138762685515928
2000-04-03,1505.969970703125,0.4919225661762653
2000-04-04,1494.72998046875,-0.7491613948027298
2000-04-05,1487.3699951171875,-0.4936119081060471
2000-04-06,1501.3399658203125,0.9348563512982748
2000-04-07,1516.3499755859375,0.9948095294857916
2000-04-10,1504.4599609375,-0.7872111321383407
2000-04-11,1500.5899658203125,-0.2575662535388924
2000-04-12,1467.1700439453125,-2.2522936175410977
2000-04-13,1440.510009765625,-1.833818082166074
2000-04-14,1356.56005859375,-6.0045097522022965
2000-04-17,1401.43994140625,3.2548110813340263
2000-04-18,1441.6099853515625,2.8260296800704303
2000-04-19,1427.469970703125,-0.985690838193474
2000-04-20,1434.5400390625,0.4940641519006725
2000-04-24,1429.8599853515625,-0.3267740424217845
2000-04-25,1477.43994140625,3.2734293540990405
2000-04-26,1460.989990234375,-1.1196539243597152
2000-04-27,1464.9200439453125,0.2686382033973639
2000-04-28,1452.4300537109375,-0.8562610676304283
2000-05-01,1468.25,1.0833162628904172
2000-05-02,1446.2900390625,-1.5069531532927791
2000-05-03,1415.0999755859375,-2.180150116391077
2000-05-04,1409.5699462890625,-0.3915527488209627
2000-05-05,1432.6300048828125,1.6227264098328114
2000-05-08,1424.1700439453125,-0.592270059019445
2000-05-09,1412.1400146484375,-0.8482924072715453
2000-05-10,1383.050048828125,-2.0815054047135644
2000-05-11,1407.81005859375,1.774410644515053
2000-05-12,1420.9599609375,0.9297324968961715
2000-05-15,1452.3599853515625,2.185713743258197
2000-05-16,1466.0400390625,0.9375105396318106
2000-05-17,1447.800048828125,-1.2519718264096238
2000-05-18,1437.2099609375,-0.7341489575181015
2000-05-19,1406.949951171875,-2.1279500834297727
2000-05-22,1400.719970703125,-0.4437836972822325
2000-05-23,1373.8599853515625,-1.9362083559102845
2000-05-24,1399.050048828125,1.8169184098520843
2000-05-25,1381.52001953125,-1.2609113327974115
2000-05-26,1378.02001953125,-0.2536655984128445
2000-05-30,1422.449951171875,3.1733002241273844
2000-05-31,1420.5999755859375,-0.1301402293098524
2000-06-01,1448.81005859375,1.9663269874029277
2000-06-02,1477.260009765625,1.9446456896420408
2000-06-05,1467.6300048828125,-0.6540169012008555
2000-06-06,1457.8399658203125,-0.6692993404042076
2000-06-07,1471.3599853515625,0.923126844668116
2000-06-08,1461.6700439453125,-0.6607485476626416
2000-06-09,1456.949951171875,-0.3234471699907343
2000-06-12,1446.0,-0.754405228380546
2000-06-13,1469.43994140625,1.608021221744243
2000-06-14,1470.5400390625,0.0748370883408386
2000-06-15,1478.72998046875,0.5553891236846383
2000-06-16,1464.4599609375,-0.9697050911417971
2000-06-19,1486.0,1.460139913271512
2000-06-20,1475.949951171875,-0.6786129112329043
2000-06-21,1479.1300048828125,0.2152263211684242
2000-06-22,1452.1800537109375,-1.8388167747017907
2000-06-23,1441.47998046875,-0.7395562633629121
2000-06-26,1455.31005859375,0.9548626596742144
2000-06-27,1450.550048828125,-0.3276148091889774
2000-06-28,1454.8199462890625,0.2939316191940989
2000-06-29,1442.3900146484375,-0.8580674562089075
2000-06-30,1454.5999755859375,0.8429461805284734
2000-07-03,1469.5400390625,1.0218521276461745
2000-07-05,1446.22998046875,-1.598929617329866
2000-07-06,1456.6700439453125,0.7192881877199921
2000-07-07,1478.9000244140625,1.5145545764216402
2000-07-10,1475.6199951171875,-0.2220347550682792
2000-07-11,1480.8800048828125,0.3558271818368465
2000-07-12,1492.9200439453125,0.8097454201544736
2000-07-13,1495.8399658203125,0.1953935942965212
2000-07-14,1509.97998046875,0.9408493660190482
2000-07-17,1510.489990234375,0.033770226184571
2000-07-18,1493.739990234375,-1.115105945617103
2000-07-19,1481.9599609375,-0.7917525979241625
2000-07-20,1495.5699462890625,0.914185956935876
2000-07-21,1480.18994140625,-1.033695083770937
2000-07-24,1464.2900390625,-1.07999082984729
2000-07-25,1474.469970703125,0.6928073285986649
2000-07-26,1452.4200439453125,-1.5067422285769314
2000-07-27,1449.6199951171875,-0.1929711278503244
2000-07-28,1419.8900146484375,-2.072203561206855
2000-07-31,1430.8299560546875,0.7675250620293993
2000-08-01,1438.0999755859375,0.5068116172807686
2000-08-02,1438.699951171875,0.0417113188203251
2000-08-03,1452.56005859375,0.9587663196748386
2000-08-04,1462.9300537109375,0.711375339942963
2000-08-07,1479.3199462890625,1.1141175706899775
2000-08-08,1482.800048828125,0.2349738799248673
2000-08-09,1472.8699951171875,-0.6719350214888085
2000-08-10,1460.25,-0.8605221070946711
2000-08-11,1471.8399658203125,0.7905641586007474
2000-08-14,1491.56005859375,1.3309295881220085
2000-08-15,1484.4300537109375,-0.4791695036623892
2000-08-16,1479.8499755859375,-0.3090181578268623
2000-08-17,1496.0699462890625,1.090091920947978
2000-08-18,1491.719970703125,-0.2911837030270272
2000-08-21,1499.47998046875,0.5188571343542924
2000-08-22,1498.1300048828125,-0.0900701347940382
2000-08-23,1505.969970703125,0.5219522441311926
2000-08-24,1508.31005859375,0.1552668191408988
2000-08-25,1506.449951171875,-0.1234000485538184
2000-08-28,1514.0899658203125,0.5058718739776826
2000-08-29,1509.8399658203125,-0.2810913542595063
2000-08-30,1502.5899658203125,-0.4813399257303448
2000-08-31,1517.6800537109375,0.9992625399822191
2000-09-01,1520.77001953125,0.2033909928443819
2000-09-05,1507.0799560546875,-0.9042823704100792
2000-09-06,1492.25,-0.9888926610032612
2000-09-07,1502.510009765625,0.6852001412039173
2000-09-08,1494.5,-0.5345346736805905
2000-09-11,1489.260009765625,-0.3512343891048993
2000-09-12,1481.989990234375,-0.489358622753845
2000-09-13,1484.9100341796875,0.196841475218659
2000-09-14,1480.8699951171875,-0.272443776783442
2000-09-15,1465.81005859375,-1.0221718934521251
2000-09-18,1444.510009765625,-1.4637860201737054
2000-09-19,1459.9000244140625,1.059778647554107
2000-09-20,1451.3399658203125,-0.5880712886379447
2000-09-21,1449.050048828125,-0.1579041064424616
2000-09-22,1448.719970703125,-0.0227815267742334
2000-09-25,1439.030029296875,-0.6711091870692856
2000-09-26,1427.2099609375,-0.8247833681979313
2000-09-27,1426.5699462890625,-0.0448538205449603
2000-09-28,1458.2900390625,2.1991619230550556
2000-09-29,1436.510009765625,-1.504797562522097
2000-10-02,1436.22998046875,-0.0194956242969308
2000-10-03,1426.4599609375,-0.682578809750394
2000-10-04,1434.3199462890625,0.5495008622973145
2000-10-05,1436.280029296875,0.136562623082401
2000-10-06,1408.989990234375,-1.918332936055016
2000-10-09,1402.030029296875,-0.4951921445981094
2000-10-10,1387.02001953125,-1.0763632361505893
2000-10-11,1364.5899658203125,-1.6303582750874754
2000-10-12,1329.780029296875,-2.5840455121106687
2000-10-13,1374.1700439453125,3.283640742377901
2000-10-16,1374.6199951171875,0.0327381261936722
2000-10-17,1349.969970703125,-1.809497745525861
2000-10-18,1342.1300048828125,-0.5824440440586927
2000-10-19,1388.760009765625,3.4153361859011895
2000-10-20,1396.9300537109375,0.5865740397982498
2000-10-23,1395.780029296875,-0.0823590308256553
2000-10-24,1398.1300048828125,0.1682213178921447
2000-10-25,1364.9000244140625,-2.4054449199316688
2000-10-26,1364.43994140625,-0.0337138662044313
2000-10-27,1379.5799560546875,1.1035028060664311
2000-10-30,1398.6600341796875,1.3735586682098206
2000-10-31,1429.4000244140625,2.174013303587748
2000-11-01,1421.219970703125,-0.5739155817162054
2000-11-02,1428.3199462890625,0.4983253778122986
2000-11-03,1426.68994140625,-0.1141855982315385
2000-11-06,1432.18994140625,0.3847665526959488
2000-11-07,1431.8699951171875,-0.0223421504775999
2000-11-08,1409.280029296875,-1.5902322423898214
2000-11-09,1400.1400146484375,-0.6506714376939785
2000-11-10,1365.97998046875,-2.470013662903212
2000-11-13,1351.260009765625,-1.0834607728647911
2000-11-14,1382.949951171875,2.318136570591192
2000-11-15,1389.81005859375,0.4948225879737868
2000-11-16,1372.3199462890625,-1.266439019045086
2000-11-17,1367.719970703125,-0.3357600653106314
2000-11-20,1342.6199951171875,-1.852217322376188
2000-11-21,1347.3499755859375,0.351675698623508
2000-11-22,1322.3599853515625,-1.872167427473288
2000-11-24,1341.77001953125,1.4571644470684244
2000-11-27,1348.969970703125,0.5351664138539549
2000-11-28,1336.0899658203125,-0.9593904031944648
2000-11-29,1341.9300537109375,0.436150372729836
2000-11-30,1314.949951171875,-2.031031130031256
2000-12-01,1315.22998046875,0.0212935468455588
2000-12-04,1324.969970703125,0.7378255132535632
2000-12-05,1376.5400390625,3.818333720268015
2000-12-06,1351.4599609375,-1.8387672115670557
2000-12-07,1343.550048828125,-0.5870059698293583
2000-12-08,1369.8900146484375,1.9415054389011632
2000-12-11,1380.199951171875,0.7497925487985166
2000-12-12,1371.1800537109375,-0.6556658664756471
2000-12-13,1359.989990234375,-0.8194382562943504
2000-12-14,1340.9300537109375,-1.4113896457878423
2000-12-15,1312.1500244140625,-2.1696411279964054
2000-12-18,1322.739990234375,0.8038303521842073
2000-12-19,1305.5999755859375,-1.3042648854882348
2000-12-20,1264.739990234375,-3.1796126791936357
2000-12-21,1274.8599853515625,0.7969797433423939
2000-12-22,1305.949951171875,2.409435072348548
2000-12-26,1315.18994140625,0.7050389439815639
2000-12-27,1328.9200439453125,1.038551801890451
2000-12-28,1334.219970703125,0.398021412730193
2000-12-29,1320.280029296875,-1.050297197343172
2001-01-02,1283.27001953125,-2.84323345214164
2001-01-03,1347.56005859375,4.888407020840131
2001-01-04,1333.3399658203125,-1.0608546388114073
2001-01-05,1298.3499755859375,-2.659283806587432
2001-01-08,1295.8599853515625,-0.1919652639159028
2001-01-09,1300.800048828125,0.3804941248795059
2001-01-10,1313.27001953125,0.954072765251826
2001-01-11,1326.8199462890625,1.026483635719767
2001-01-12,1318.550048828125,-0.6252376353325712
2001-01-16,1326.6500244140625,0.6124301133249056
2001-01-17,1329.469970703125,0.2123358397782718
2001-01-18,1347.969970703125,1.3819390779688845
2001-01-19,1342.5400390625,-0.4036364104246305
2001-01-22,1342.9000244140625,0.0268101573827583
2001-01-23,1360.4000244140625,1.2947319312044343
2001-01-24,1364.300048828125,0.2862720279423331
2001-01-25,1357.510009765625,-0.4989365901461464
2001-01-26,1354.949951171875,-0.1887629230125118
2001-01-29,1364.1700439453125,0.678170005523196
2001-01-30,1373.72998046875,0.6983436422109728
2001-01-31,1366.010009765625,-0.5635564807286338
2001-02-01,1373.469970703125,0.5446274059599507
2001-02-02,1349.469970703125,-1.7628461911447508
2001-02-05,1354.31005859375,0.3580241741748479
2001-02-06,1352.260009765625,-0.1514868758901133
2001-02-07,1340.8900146484375,-0.844369052364719
2001-02-08,1332.530029296875,-0.6254170660763811
2001-02-09,1314.760009765625,-1.342526596679741
2001-02-12,1330.31005859375,1.1757894931235195
2001-02-13,1318.800048828125,-0.8689772585958535
2001-02-14,1315.9200439453125,-0.2186195063210996
2001-02-15,1326.6099853515625,0.8090730929249642
2001-02-16,1301.530029296875,-1.908628708319949
2001-02-20,1278.93994140625,-1.7508953990654743
2001-02-21,1255.27001953125,-1.8680859586076648
2001-02-22,1252.8199462890625,-0.1953736951163641
2001-02-23,1245.8599853515625,-0.5570924750844155
2001-02-26,1267.6500244140625,1.7338769191571488
2001-02-27,1257.93994140625,-0.7689396127662075
2001-02-28,1239.93994140625,-1.4412471713944133
2001-03-01,1241.22998046875,0.1039863628340481
2001-03-02,1234.1800537109375,-0.5695982258483536
2001-03-05,1241.4100341796875,0.5841032455202131
2001-03-06,1253.800048828125,0.993112088261496
2001-03-07,1261.8900146484375,0.6431629893613798
2001-03-08,1264.739990234375,0.2255951040818529
2001-03-09,1233.4200439453125,-2.5075725323942804
2001-03-12,1180.1600341796875,-4.414078294443772
2001-03-13,1197.6600341796875,1.4719630139540336
2001-03-14,1166.7099609375,-2.6181893093709756
2001-03-15,1173.56005859375,0.5854125517359441
2001-03-16,1150.530029296875,-1.9819182794657757
2001-03-19,1170.81005859375,1.7473135776606017
2001-03-20,1142.6199951171875,-2.4372000192958607
2001-03-21,1122.1400146484375,-1.80862772659719
2001-03-22,1117.5799560546875,-0.4071995565797344
2001-03-23,1139.8299560546875,1.9713495936903385
2001-03-26,1152.68994140625,1.121920054569309
2001-03-27,1182.1700439453125,2.5253479371825076
2001-03-28,1153.2900390625,-2.4733008530898917
2001-03-29,1147.949951171875,-0.4641060904985464
2001-03-30,1160.3299560546875,1.0726709139390915
2001-04-02,1145.8699951171875,-1.254023999486656
2001-04-03,1106.4599609375,-3.4998475022451245
2001-04-04,1103.25,-0.2905325361392833
2001-04-05,1151.43994140625,4.275291291739027
2001-04-06,1128.4300537109375,-2.018594837777301
2001-04-09,1137.5899658203125,0.808462583936063
2001-04-10,1168.3800048828125,2.670621859203787
2001-04-11,1165.8900146484375,-0.2133421718970636
2001-04-12,1183.5,1.499139355233697
2001-04-16,1179.6800537109375,-0.3232889182608421
2001-04-17,1191.81005859375,1.0229948339488113
2001-04-18,1238.1600341796875,3.815322509881213
2001-04-19,1253.68994140625,1.246472175351813
2001-04-20,1242.97998046875,-0.8579449399815879
2001-04-23,1224.3599853515625,-1.5093460052377403
2001-04-24,1209.469970703125,-1.2236023629359138
2001-04-25,1228.75,1.581516957968027
2001-04-26,1234.52001953125,0.4684853904600156
2001-04-27,1253.050048828125,1.4898371931206402
2001-04-30,1249.4599609375,-0.2869191603224831
2001-05-01,1266.43994140625,1.3498341704493846
2001-05-02,1267.4300537109375,0.0781502095204331
2001-05-03,1248.5799560546875,-1.4984400130627271
2001-05-04,1266.6099853515625,1.4337158275437674
2001-05-07,1263.510009765625,-0.2450458589421953
2001-05-08,1261.199951171875,-0.1829960093747652
2001-05-09,1255.5400390625,-0.4497819936253592
2001-05-10,1255.1800537109375,-0.0286758651484411
2001-05-11,1245.6700439453125,-0.76054583320409
2001-05-14,1248.9200439453125,0.2605639984349348
2001-05-15,1249.43994140625,0.04161909984873
2001-05-16,1284.989990234375,2.8055524579750335
2001-05-17,1288.489990234375,0.2720053922715442
2001-05-18,1291.9599609375,0.2689432355072174
2001-05-21,1312.8299560546875,1.6024664084721572
2001-05-22,1309.3800048828125,-0.2631332512547939
2001-05-23,1289.050048828125,-1.5648195622524033
2001-05-24,1293.1700439453125,0.3191051471414715
2001-05-25,1277.8900146484375,-1.1886310588375482
2001-05-29,1267.9300537109375,-0.782459992146223
2001-05-30,1248.0799560546875,-1.5779356558458757
2001-05-31,1255.8199462890625,0.6182367657796666
2001-06-01,1260.6700439453125,0.3854657622684866
2001-06-04,1267.1099853515625,0.50953447410036
2001-06-05,1283.5699462890625,1.2906511100564182
2001-06-06,1270.030029296875,-1.060467106196446
2001-06-07,1276.9599609375,0.5441677248723177
2001-06-08,1264.9599609375,-0.9441752309571274
2001-06-11,1254.3900146484375,-0.8391059924567633
2001-06-12,1255.8499755859375,0.1163204401009928
2001-06-13,1241.5999755859375,-1.1411763938773378
2001-06-14,1219.8699951171875,-1.7656559095685551
2001-06-15,1214.3599853515625,-0.4527114710082972
2001-06-18,1208.4300537109375,-0.4895136092087169
2001-06-19,1212.5799560546875,0.3428243907661208
2001-06-20,1223.1400146484375,0.867104994474383
2001-06-21,1237.0400390625,1.130012602445341
2001-06-22,1225.3499755859375,-0.949496321273554
2001-06-25,1218.5999755859375,-0.5523858751956685
2001-06-26,1216.760009765625,-0.1511042458996914
2001-06-27,1211.0699462890625,-0.4687374320122502
2001-06-28,1226.199951171875,1.2415694507143689
2001-06-29,1224.3800048828125,-0.1485319113264489
2001-07-02,1236.719970703125,1.0028092604268009
2001-07-03,1234.449951171875,-0.1837202816089598
2001-07-05,1219.239990234375,-1.239778139926692
2001-07-06,1190.5899658203125,-2.3778751934215294
2001-07-09,1198.780029296875,0.6855443542898605
2001-07-10,1181.52001953125,-1.4502635743563457
2001-07-11,1180.1800537109375,-0.11347469386804
2001-07-12,1208.1400146484375,2.3414984234097416
2001-07-13,1215.6800537109375,0.6221636236980788
2001-07-16,1202.449951171875,-1.0942533714401794
2001-07-17,1214.43994140625,0.9921915461124284
2001-07-18,1207.7099609375,-0.5557044822974007
2001-07-19,1215.02001953125,0.6034581514543652
2001-07-20,1210.8499755859375,-0.3437981475594382
2001-07-23,1191.030029296875,-1.650406859089024
2001-07-24,1171.6500244140625,-1.6405470991123063
2001-07-25,1190.489990234375,1.595194629485564
2001-07-26,1202.9300537109375,1.0395313211512855
2001-07-27,1205.8199462890625,0.2399496805141022
2001-07-30,1204.52001953125,-0.10786253410535
2001-07-31,1211.22998046875,0.5555192543405518
2001-08-01,1215.9300537109375,0.3872904176774551
2001-08-02,1220.75,0.3956163689383959
2001-08-03,1214.3499755859375,-0.5256489848173491
2001-08-06,1200.47998046875,-1.14874735657115
2001-08-07,1204.4000244140625,0.326007735042001
2001-08-08,1183.530029296875,-1.7480014949267868
2001-08-09,1183.4300537109375,-0.0084475937481698
2001-08-10,1190.1600341796875,0.5670733575997913
2001-08-13,1191.2900390625,0.0949005801395615
2001-08-14,1186.72998046875,-0.3835177286675257
2001-08-15,1178.02001953125,-0.7366529506445029
2001-08-16,1181.6600341796875,0.3085178882578139
2001-08-17,1161.969970703125,-1.6803443148875
2001-08-20,1171.4100341796875,0.8091365281536667
2001-08-21,1157.260009765625,-1.2153030103248523
2001-08-22,1165.31005859375,0.6932045817424317
2001-08-23,1162.0899658203125,-0.2767117637131845
2001-08-24,1184.9300537109375,1.9463667754720435
2001-08-27,1179.2099609375,-0.4839056824065403
2001-08-28,1161.510009765625,-1.5123798461059843
2001-08-29,1148.56005859375,-1.1211856303303616
2001-08-30,1129.030029296875,-1.715015190128704
2001-08-31,1133.5799560546875,0.4021844613325859
2001-09-04,1132.93994140625,-0.0564755390998746
2001-09-05,1131.739990234375,-0.1059709380918615
2001-09-06,1106.4000244140625,-2.264473935776002
2001-09-07,1085.780029296875,-1.8812873731179889
2001-09-10,1092.5400390625,0.6206646640060623
2001-09-17,1038.77001953125,-5.046795662810626
2001-09-18,1032.739990234375,-0.5821884809079506
2001-09-19,1016.0999755859376,-1.624370942384891
2001-09-20,984.5399780273438,-3.1552519767185205
2001-09-21,965.7999877929688,-1.92177438972797
2001-09-24,1003.4500122070312,3.824259274960759
2001-09-25,1012.27001953125,0.8751278426766528
2001-09-26,1007.0399780273438,-0.5180039919528648
2001-09-27,1018.6099853515624,1.1423625360937937
2001-09-28,1040.93994140625,2.1685156359092934
2001-10-01,1038.550048828125,-0.2298538239235396
2001-10-02,1051.3299560546875,1.223043093528238
2001-10-03,1072.280029296875,1.9731262404344152
2001-10-04,1069.6300048828125,-0.2474451049697681
2001-10-05,1071.3800048828125,0.1634742837950908
2001-10-08,1062.43994140625,-0.8379447200028666
2001-10-09,1056.75,-0.5369934018738904
2001-10-10,1080.989990234375,2.267911842175475
2001-10-11,1097.4300537109375,1.5093852667844136
2001-10-12,1091.6500244140625,-0.5280796063004708
2001-10-15,1089.97998046875,-0.1531005961402244
2001-10-16,1097.5400390625,0.6912017833284514
2001-10-17,1077.0899658203125,-1.88084189541386
2001-10-18,1068.6099853515625,-0.7904203580733224
2001-10-19,1073.47998046875,0.4546964493033415
2001-10-22,1089.9000244140625,1.518028199200593
2001-10-23,1084.780029296875,-0.47087428503352
2001-10-24,1085.199951171875,0.0387028344981305
2001-10-25,1100.0899658203125,1.3627706761264229
2001-10-26,1104.6099853515625,0.4100354664347971
2001-10-29,1078.300048828125,-2.4106546045271102
2001-10-30,1059.7900390625,-1.7314960040262073
2001-10-31,1059.780029296875,-0.0009445090562961
2001-11-01,1084.0999755859375,2.2688760107419914
2001-11-02,1087.199951171875,0.2855411777992649
2001-11-05,1102.8399658203125,1.4283100883702895
2001-11-06,1118.8599853515625,1.442165687681226
2001-11-07,1115.800048828125,-0.2738616513563872
2001-11-08,1118.5400390625,0.2452618222911972
2001-11-09,1120.31005859375,0.1581186611715765
2001-11-12,1118.3299560546875,-0.1769023194877762
2001-11-13,1139.0899658203125,1.839320618887372
2001-11-14,1141.2099609375,0.1859400777162265
2001-11-15,1142.239990234375,0.0902169426756197
2001-11-16,1138.6500244140625,-0.314786663248987
2001-11-19,1151.06005859375,1.0839936279118731
2001-11-20,1142.6600341796875,-0.7324400212031177
2001-11-21,1137.030029296875,-0.493928224634252
2001-11-23,1150.3399658203125,1.1637895729167196
2001-11-26,1157.4200439453125,0.6135906947333913
2001-11-27,1149.5,-0.6866362866131652
2001-11-28,1128.52001953125,-1.8420008155057117
2001-11-29,1140.199951171875,1.0296585725125815
2001-11-30,1139.449951171875,-0.0657995796888704
2001-12-03,1129.9000244140625,-0.841649215393885
2001-12-04,1144.800048828125,1.3100837071863545
2001-12-05,1170.3499755859375,2.2072836601092405
2001-12-06,1167.0999755859375,-0.2780809995695209
2001-12-07,1158.31005859375,-0.7559921671188211
2001-12-10,1139.9300537109375,-1.5995192716303892
2001-12-11,1136.760009765625,-0.2784784846049183
2001-12-12,1137.0699462890625,0.0272611876302971
2001-12-13,1119.3800048828125,-1.5679766197094782
2001-12-14,1123.0899658203125,0.3308819623699007
2001-12-17,1134.3599853515625,0.9984817742795103
2001-12-18,1142.9200439453125,0.7517827232348779
2001-12-19,1149.56005859375,0.5792881874600667
2001-12-20,1139.9300537109375,-0.8412407306602606
2001-12-21,1144.8900146484375,0.4341671186717037
2001-12-24,1144.6500244140625,-0.0209640566366498
2001-12-26,1149.3699951171875,0.4115027177954587
2001-12-27,1157.1300048828125,0.67288437415869
2001-12-28,1161.02001953125,0.3356140248724933
2001-12-31,1148.0799560546875,-1.1208002315408978
2002-01-02,1154.6700439453125,0.5723683319385651
2002-01-03,1165.27001953125,0.913820966062987
2002-01-04,1172.510009765625,0.619392183206329
2002-01-07,1164.8900146484375,-0.6520083881542553
2002-01-08,1160.7099609375,-0.3594821341845335
2002-01-09,1155.1400146484375,-0.4810291761541906
2002-01-10,1156.550048828125,0.1219916438481459
2002-01-11,1145.5999755859375,-0.9512981955861712
2002-01-14,1138.4100341796875,-0.6295913875496008
2002-01-15,1146.18994140625,0.6810765458505635
2002-01-16,1127.5699462890625,-1.6378520405579702
2002-01-17,1138.8800048828125,0.9980500536555896
2002-01-18,1127.5799560546875,-0.9971623285766816
2002-01-22,1119.31005859375,-0.7361227964756903
2002-01-23,1128.1800537109375,0.7893286045234099
2002-01-24,1132.1500244140625,0.3512738978946531
2002-01-25,1133.280029296875,0.0997607473846755
2002-01-28,1133.06005859375,-0.0194119766041371
2002-01-29,1100.6400146484375,-2.903014700394928
2002-01-30,1113.5699462890625,1.1679180242276892
2002-01-31,1130.199951171875,1.4823542663659697
2002-02-01,1122.199951171875,-0.7103564186859824
2002-02-04,1094.43994140625,-2.5048237435489953
2002-02-05,1090.02001953125,-0.4046700773350976
2002-02-06,1083.510009765625,-0.5990282300850029
2002-02-07,1080.1700439453125,-0.308730347398157
2002-02-08,1096.219970703125,1.474939474392453
2002-02-11,1111.93994140625,1.4238313259156417
2002-02-12,1107.5,-0.4000961905916361
2002-02-13,1118.510009765625,0.9892228247223758
2002-02-14,1116.47998046875,-0.1816589661701154
2002-02-15,1104.1800537109375,-1.1077834836375688
2002-02-19,1083.3399658203125,-1.9054196735832063
2002-02-20,1097.97998046875,1.3423280246381113
2002-02-21,1080.949951171875,-1.5631871250006664
2002-02-22,1089.8399658203125,0.8190626166710079
2002-02-25,1109.4300537109375,1.7815553217049178
2002-02-26,1109.3800048828125,-0.0045113215472967
2002-02-27,1109.8900146484375,0.0459619397472878
2002-02-28,1106.72998046875,-0.2851220621873709
2002-03-01,1131.780029296875,2.238193659848506
2002-03-04,1153.8399658203125,1.9303840181350151
2002-03-05,1146.1400146484375,-0.6695693009899559
2002-03-06,1162.77001953125,1.4405318712671682
2002-03-07,1157.5400390625,-0.4508009010616361
2002-03-08,1164.31005859375,0.5831589837769866
2002-03-11,1168.260009765625,0.3386783532078208
2002-03-12,1165.5799560546875,-0.2296691228402683
2002-03-13,1154.0899658203125,-0.9906654474038424
2002-03-14,1153.0400390625,-0.0910158359580404
2002-03-15,1166.1600341796875,1.1314362422677835
2002-03-18,1165.550048828125,-0.0523208584054173
2002-03-19,1170.2900390625,0.4058494213817126
2002-03-20,1151.8499755859375,-1.5882290455983863
2002-03-21,1153.5899658203125,0.1509465099049259
2002-03-22,1148.699951171875,-0.4247963704122044
2002-03-25,1131.8699951171875,-1.4759697779003194
2002-03-26,1138.489990234375,0.5831686535411811
2002-03-27,1144.5799560546875,0.5334904674459322
2002-03-28,1147.3900146484375,0.2452091465145393
2002-04-01,1146.5400390625,-0.0741064988848635
2002-04-02,1136.760009765625,-0.8566626285034671
2002-04-03,1125.4000244140625,-1.0043569573342934
2002-04-04,1126.3399658203125,0.0834857900930352
2002-04-05,1122.72998046875,-0.3210205585397316
2002-04-08,1125.2900390625,0.2277612902201911
2002-04-09,1117.800048828125,-0.6678303392647302
2002-04-10,1130.469970703125,1.127093800175141
2002-04-11,1103.68994140625,-2.397439130394684
2002-04-12,1111.010009765625,0.6610462073328417
2002-04-15,1102.550048828125,-0.7643797235958176
2002-04-16,1128.3699951171875,2.314838607707869
2002-04-17,1126.0699462890625,-0.204046209783577
2002-04-18,1124.469970703125,-0.1421859566596496
2002-04-19,1125.1700439453125,0.0622386924332482
2002-04-22,1107.8299560546875,-1.5531067125201046
2002-04-23,1100.9599609375,-0.6220616291123798
2002-04-24,1093.1400146484375,-0.712818876779094
2002-04-25,1091.47998046875,-0.151974668629157
2002-04-26,1076.3199462890625,-1.398679014478052
2002-04-29,1065.449951171875,-1.0150566091619933
2002-04-30,1076.9200439453125,1.070795651211028
2002-05-01,1086.4599609375,0.8819512806962408
2002-05-02,1084.56005859375,-0.1750239805862305
2002-05-03,1073.4300537109375,-1.031524983296207
2002-05-06,1052.6700439453125,-1.9529343513434487
2002-05-07,1049.489990234375,-0.3025512886755084
2002-05-08,1088.8499755859375,3.681774841373444
2002-05-09,1073.010009765625,-1.4654278624167747
2002-05-10,1054.989990234375,-1.6936513417258974
2002-05-13,1074.56005859375,1.8380051041598384
2002-05-14,1097.280029296875,2.092308699684628
2002-05-15,1091.0699462890625,-0.5675600107153393
2002-05-16,1098.22998046875,0.654095824893372
2002-05-17,1106.5899658203125,0.7583408730942015
2002-05-20,1091.8800048828125,-1.3382198218289814
2002-05-21,1079.8800048828125,-1.105105727304864
2002-05-22,1086.02001953125,0.5669727159328478
2002-05-23,1097.0799560546875,1.0132409207079518
2002-05-24,1083.8199462890625,-1.2160276727984638
2002-05-28,1074.550048828125,-0.8589773282158751
2002-05-29,1067.6600341796875,-0.6432644922662764
2002-05-30,1064.6600341796875,-0.2813838338753309
2002-05-31,1067.1400146484375,0.2326654968281653
2002-06-03,1040.6800537109375,-2.510778918222929
2002-06-04,1040.68994140625,0.000950114139799
2002-06-05,1049.9000244140625,0.8811046396816432
2002-06-06,1029.1500244140625,-1.9961702247038615
2002-06-07,1027.530029296875,-0.1575349991163369
2002-06-10,1030.739990234375,0.3119088855630685
2002-06-11,1013.5999755859376,-1.6768655471583918
2002-06-12,1020.260009765625,0.6549180408375559
2002-06-13,1009.5599975585938,-1.0542916396383086
2002-06-14,1007.27001953125,-0.2270869624141374
2002-06-17,1036.1700439453125,2.828754512479371
2002-06-18,1037.1400146484375,0.093567362958642
2002-06-19,1019.989990234375,-1.6674125328220637
2002-06-20,1006.2899780273438,-1.352253507426956
2002-06-21,989.1400146484376,-1.7189664118057983
2002-06-24,992.719970703125,0.3612727412517612
2002-06-25,976.1400146484376,-1.6842587199017136
2002-06-26,973.530029296875,-0.2677362683760554
2002-06-27,990.6400146484376,1.7422542621819588
2002-06-28,989.8200073242188,-0.0828097878251222
2002-07-01,968.6500244140624,-2.16197410782649
2002-07-02,948.0900268554688,-2.145391195362685
2002-07-03,953.989990234375,0.6203716192900638
2002-07-05,989.030029296875,3.607151547841261
2002-07-08,976.97998046875,-1.2258533442125268
2002-07-09,952.8300170898438,-2.502963938534363
2002-07-10,920.469970703125,-3.4552144296682985
2002-07-11,927.3699951171876,0.746824033702075
2002-07-12,921.3900146484376,-0.6469202376315163
2002-07-15,917.9299926757812,-0.3762288280677366
2002-07-16,900.9400024414062,-1.8682461584747103
2002-07-17,906.0399780273438,0.5644765501472655
2002-07-18,881.5599975585938,-2.739036837838281
2002-07-19,847.75,-3.9107281543326815
2002-07-22,819.8499755859375,-3.3464414088565313
2002-07-23,797.7000122070312,-2.73887646973144
2002-07-24,843.4299926757812,5.5744300086781005
2002-07-25,838.6799926757812,-0.5647683762642759
2002-07-26,852.8400268554688,1.6742769572254284
2002-07-29,898.9600219726562,5.2666575925692625
2002-07-30,902.780029296875,0.4240359807039844
2002-07-31,911.6199951171876,0.9744307372802672
2002-08-01,884.6599731445312,-3.001987117799904
2002-08-02,864.239990234375,-2.3352863334735607
2002-08-05,834.5999755859375,-3.4897957804021087
2002-08-06,859.5700073242188,2.9479733821624494
2002-08-07,876.77001953125,1.981244982962769
2002-08-08,905.4600219726562,3.219840356906479
2002-08-09,908.6400146484376,0.350586612504229
2002-08-12,903.7999877929688,-0.5340908779561802
2002-08-13,884.2100219726562,-2.19134676341581
2002-08-14,919.6199951171876,3.926592009259337
2002-08-15,930.25,1.1492831297458543
2002-08-16,928.77001953125,-0.1592216077143471
2002-08-19,950.7000122070312,2.33374170554417
2002-08-20,937.4299926757812,-1.4056487627908718
2002-08-21,949.3599853515624,1.2645977349959243
2002-08-22,962.7000122070312,1.3953791536835125
2002-08-23,940.8599853515624,-2.2947514412120764
2002-08-26,947.9500122070312,0.7507436073546675
2002-08-27,934.8200073242188,-1.3947765903818603
2002-08-28,917.8699951171876,-1.8298242149143953
2002-08-29,917.7999877929688,-0.0076274411963379
2002-08-30,916.0700073242188,-0.188669969685001
2002-09-03,878.02001953125,-4.242339429995484
2002-09-04,893.4000244140625,1.7365041581542155
2002-09-05,879.1500244140625,-1.6078876884529298
2002-09-06,893.9199829101562,1.6660707232347711
2002-09-09,902.9600219726562,1.0062013388429862
2002-09-10,909.5800170898438,0.7304693315016768
2002-09-11,909.4500122070312,-0.0142938688135996
2002-09-12,886.9099731445312,-2.5096553340929875
2002-09-13,889.8099975585938,0.3264472778256881
2002-09-16,891.0999755859375,0.1448673175396407
2002-09-17,873.52001953125,-1.9925579155946995
2002-09-18,869.4600219726562,-0.4658693507558172
2002-09-19,843.3200073242188,-3.052586322072577
2002-09-20,845.3900146484375,0.2451585333254364
2002-09-23,833.7000122070312,-1.3924436611466149
2002-09-24,819.2899780273438,-1.74355553457417
2002-09-25,839.6599731445312,2.4558931297823197
2002-09-26,854.9500122070312,1.8045985962022224
2002-09-27,827.3699951171875,-3.279101266239068
2002-09-30,815.280029296875,-1.4720340855098002
2002-10-01,847.9099731445312,3.924281795629962
2002-10-02,827.9099731445312,-2.3870046023859417
2002-10-03,818.9500122070312,-1.0881373553519444
2002-10-04,800.5800170898438,-2.2686560504886213
2002-10-07,785.280029296875,-1.9296106939168385
2002-10-08,798.5499877929688,1.675718842577852
2002-10-09,776.760009765625,-2.766613289814817
2002-10-10,803.9199829101562,3.4368305564888963
2002-10-11,835.3200073242188,3.831515325417131
2002-10-14,841.4400024414062,0.7299819005761639
2002-10-15,881.27001953125,4.624935832453217
2002-10-16,860.02001953125,-2.440840356570623
2002-10-17,879.2000122070312,2.205674947233797
2002-10-18,884.3900146484375,0.5885741408169234
2002-10-21,899.719970703125,1.718541286405438
2002-10-22,890.1599731445312,-1.0682379565699471
2002-10-23,896.1400146484375,0.6695475435134607
2002-10-24,882.5,-1.5337878307867137
2002-10-25,897.6500244140625,1.7021475707138043
2002-10-28,890.22998046875,-0.8300430148164086
2002-10-29,882.1500244140625,-0.911769711671531
2002-10-30,890.7100219726562,0.9656784918521018
2002-10-31,885.760009765625,-0.5572877593899489
2002-11-01,900.9600219726562,1.7014841320024658
2002-11-04,908.3499755859376,0.8168854113023245
2002-11-05,915.3900146484376,0.7720479968744898
2002-11-06,923.760009765625,0.910208823907978
2002-11-07,902.6500244140624,-2.311739978544021
2002-11-08,894.739990234375,-0.8801746066798741
2002-11-11,876.1900024414062,-2.095019718133086
2002-11-12,882.9500122070312,0.768562250277899
2002-11-13,882.530029296875,-0.0475771924015324
2002-11-14,904.27001953125,2.4335194203291945
2002-11-15,909.8300170898438,0.6129777692192472
2002-11-18,900.3599853515625,-1.0463120579778833
2002-11-19,896.739990234375,-0.4028712996013078
2002-11-20,914.1500244140624,1.9228744401268216
2002-11-21,933.760009765625,2.1224757871396003
2002-11-22,930.5499877929688,-0.3443660280864257
2002-11-25,932.8699951171876,0.2490054356224614
2002-11-26,913.3099975585938,-2.1190490158846793
2002-11-27,938.8699951171876,2.760165899942655
2002-11-29,936.3099975585938,-0.2730403650863718
2002-12-02,934.530029296875,-0.1902855159449281
2002-12-03,920.75,-1.485520513320732
2002-12-04,917.5800170898438,-0.3448767112179138
2002-12-05,906.5499877929688,-1.2093615806547986
2002-12-06,912.22998046875,0.6245957444590386
2002-12-09,892.0,-2.2425997271028626
2002-12-10,904.4500122070312,1.3860905064269249
2002-12-11,904.9600219726562,0.056373046407111
2002-12-12,901.5800170898438,-0.3741969459544805
2002-12-13,889.47998046875,-1.35117982956279
2002-12-16,910.4000244140624,2.324708983574181
2002-12-17,902.989990234375,-0.8172621845138694
2002-12-18,891.1199951171875,-1.323237528625631
2002-12-19,884.25,-0.7739264971933619
2002-12-20,895.760009765625,1.293270276840668
2002-12-23,897.3800048828125,0.1806881274973349
2002-12-24,892.469970703125,-0.5486545312232814
2002-12-26,889.6599731445312,-0.3153529737852179
2002-12-27,875.4000244140625,-1.6158384433054074
2002-12-30,879.3900146484375,0.4547549304138501
2002-12-31,879.8200073242188,0.0488847470141309
2003-01-02,909.030029296875,3.2660779741822408
2003-01-03,908.5900268554688,-0.0484152283104231
2003-01-06,929.010009765625,2.222553665158527
2003-01-07,922.9299926757812,-0.6566129492672003
2003-01-08,909.9299926757812,-1.4185718611712492
2003-01-09,927.5700073242188,1.9200605801964157
2003-01-10,927.5700073242188,0.0
2003-01-13,926.260009765625,-0.1413287911582527
2003-01-14,931.6599731445312,0.5812929118617343
2003-01-15,918.219970703125,-1.4530931016391218
2003-01-16,914.5999755859376,-0.3950196888388033
2003-01-17,901.780029296875,-1.4116164167858434
2003-01-21,887.6199951171875,-1.582690238645093
2003-01-22,878.3599853515625,-1.0487202275181196
2003-01-23,887.3400268554688,1.0171737971112749
2003-01-24,861.4000244140625,-2.966925270955569
2003-01-27,847.47998046875,-1.629178385249297
2003-01-28,858.5399780273438,1.2966029443826306
2003-01-29,864.3599853515625,0.6756085188473634
2003-01-30,844.6099853515625,-2.3114366731580436
2003-01-31,855.7000122070312,1.3044896679016544
2003-02-03,860.3200073242188,0.5384559885174526
2003-02-04,848.2000122070312,-1.4187950142553594
2003-02-05,843.5900268554688,-0.5449845022301613
2003-02-06,838.1500244140625,-0.6469515204079759
2003-02-07,829.6900024414062,-1.0144971214753329
2003-02-10,835.969970703125,0.7540552236937189
2003-02-11,829.2000122070312,-0.8131296944902043
2003-02-12,818.6799926757812,-1.2768117118207325
2003-02-13,817.3699951171875,-0.1601415419246122
2003-02-14,834.8900146484375,2.1208134445614224
2003-02-18,851.1699829101562,1.9311856336077744
2003-02-19,845.1300048828125,-0.7121386071817133
2003-02-20,837.0999755859375,-0.9546958954540238
2003-02-21,848.1699829101562,1.313755874821075
2003-02-24,832.5800170898438,-1.8551733389043057
2003-02-25,838.5700073242188,0.7168735061912846
2003-02-26,827.5499877929688,-1.3228555286300596
2003-02-27,837.280029296875,1.1689063978690684
2003-02-28,841.1500244140625,0.4611454575361189
2003-03-03,834.8099975585938,-0.7565881065893376
2003-03-04,821.989990234375,-1.5475933472308012
2003-03-05,829.8499755859375,0.951671449528586
2003-03-06,822.0999755859375,-0.9382919685983232
2003-03-07,828.8900146484375,0.8225461554722081
2003-03-10,807.47998046875,-2.616921121529518
2003-03-11,800.72998046875,-0.8394475599230986
2003-03-12,804.1900024414062,0.4311775502897432
2003-03-13,831.9000244140625,3.3876707933206553
2003-03-14,833.27001953125,0.1645472102123125
2003-03-17,862.7899780273438,3.4813556070002036
2003-03-18,866.4500122070312,0.4233119365493321
2003-03-19,874.02001953125,0.8698862860555134
2003-03-20,875.6699829101562,0.1886007082035928
2003-03-21,895.7899780273438,2.2716697858611123
2003-03-24,864.22998046875,-3.5867071493772107
2003-03-25,874.739990234375,1.2087773698511244
2003-03-26,869.9500122070312,-0.5490935416151999
2003-03-27,868.52001953125,-0.1645116651062916
2003-03-28,863.5,-0.579673852680565
2003-03-31,848.1799926757812,-1.7901028803951842
2003-04-01,858.47998046875,1.2070492085123463
2003-04-02,880.9000244140625,2.5780778962752664
2003-04-03,876.4500122070312,-0.5064468234289504
2003-04-04,878.8499755859375,0.2734535282983263
2003-04-07,879.9299926757812,0.1228143650809882
2003-04-08,878.2899780273438,-0.1865540320781061
2003-04-09,865.989990234375,-1.4103460334560431
2003-04-10,871.5800170898438,0.6434326234618374
2003-04-11,868.2999877929688,-0.3770413101379845
2003-04-14,885.22998046875,1.9310213177267757
2003-04-15,890.8099975585938,0.6283682258609843
2003-04-16,879.9099731445312,-1.231155944986838
2003-04-17,893.5800170898438,1.541628625690498
2003-04-21,892.010009765625,-0.1758531023583988
2003-04-22,911.3699951171876,2.147160231061189
2003-04-23,919.02001953125,0.8358949618774869
2003-04-24,911.4299926757812,-0.8293119512326398
2003-04-25,898.8099975585938,-1.394312316572739
2003-04-28,914.8400268554688,1.7677552473808775
2003-04-29,917.8400268554688,0.3273896797779724
2003-04-30,916.9199829101562,-0.1002903941149517
2003-05-01,916.2999877929688,-0.0676400160083197
2003-05-02,930.0800170898438,1.4926813678558364
2003-05-05,926.5499877929688,-0.3802624692331942
2003-05-06,934.3900146484376,0.8425928003602576
2003-05-07,929.6199951171876,-0.5118030395229842
2003-05-08,920.27001953125,-1.010876877265123
2003-05-09,933.4099731445312,1.4177391736409863
2003-05-12,945.1099853515624,1.245678912932096
2003-05-13,942.2999877929688,-0.2977625078551963
2003-05-14,939.280029296875,-0.3210026745469151
2003-05-15,946.6699829101562,0.783689004237993
2003-05-16,944.2999877929688,-0.2506646213160596
2003-05-19,920.77001953125,-2.5233601618067265
2003-05-20,919.72998046875,-0.1130170250695113
2003-05-21,923.4199829101562,0.4004022944009453
2003-05-22,931.8699951171876,0.9109164321114476
2003-05-23,933.219970703125,0.1447625419073617
2003-05-27,951.47998046875,1.9377706387686575
2003-05-28,953.219970703125,0.1827049680268822
2003-05-29,949.6400146484376,-0.3762715392624766
2003-05-30,963.5900268554688,1.4582939974266194
2003-06-02,967.0,0.3532574646307761
2003-06-03,971.5599975585938,0.4704529108941448
2003-06-04,986.239990234375,1.4996698227585568
2003-06-05,990.1400146484376,0.3946639276500611
2003-06-06,987.760009765625,-0.2406598920196349
2003-06-09,975.9299926757812,-1.204890812146559
2003-06-10,984.8400268554688,0.90883636738249
2003-06-11,997.47998046875,1.2752860158620625
2003-06-12,998.510009765625,0.1032098751345552
2003-06-13,988.6099853515624,-0.9964276289370996
2003-06-16,1010.739990234375,2.2138103847666812
2003-06-17,1011.6599731445312,0.0909793305253878
2003-06-18,1010.0900268554688,-0.1553057108564282
2003-06-19,994.7000122070312,-1.535354493299519
2003-06-20,995.6900024414062,0.0994770179439832
2003-06-23,981.6400146484376,-1.4211309324766015
2003-06-24,983.4500122070312,0.1842152823243833
2003-06-25,975.3200073242188,-0.8301180320273589
2003-06-26,985.8200073242188,1.0708159797852024
2003-06-27,976.219970703125,-0.9785848748285318
2003-06-30,974.5,-0.1763421890036724
2003-07-01,982.3200073242188,0.7992609360683223
2003-07-02,993.75,1.156853766024282
2003-07-03,985.7000122070312,-0.8133604913024198
2003-07-07,1004.4199829101562,1.881346140052808
2003-07-08,1007.8400268554688,0.3399210064132708
2003-07-09,1002.2100219726562,-0.5601870071837125
2003-07-10,988.7000122070312,-1.357190119870671
2003-07-11,998.1400146484376,0.950260046028829
2003-07-14,1003.8599853515624,0.5714271995592272
2003-07-15,1000.4199829101562,-0.3432659981358908
2003-07-16,994.0900268554688,-0.6347400891690437
2003-07-17,981.72998046875,-1.2511471261658864
2003-07-18,993.3200073242188,1.173657372512836
2003-07-21,978.7999877929688,-1.4725556198844163
2003-07-22,988.1099853515624,0.9466693661066125
2003-07-23,988.6099853515624,0.0505888560923095
2003-07-24,981.5999755859376,-0.7116032794080659
2003-07-25,998.6799926757812,1.7250531155822244
2003-07-28,996.52001953125,-0.2165170384060533
2003-07-29,989.280029296875,-0.7291793872162242
2003-07-30,987.489990234375,-0.1811075172215334
2003-07-31,990.3099975585938,0.2851662708710753
2003-08-01,980.1500244140624,-1.0312376876165046
2003-08-04,982.8200073242188,0.2720351827634301
2003-08-05,965.4600219726562,-1.7821303454706765
2003-08-06,967.0800170898438,0.1676545338155906
2003-08-07,974.1199951171876,0.7253254530505021
2003-08-08,977.5900268554688,0.3555892377021489
2003-08-11,980.5900268554688,0.3064072010588275
2003-08-12,990.3499755859376,0.990393263719164
2003-08-13,984.030029296875,-0.6401977186592346
2003-08-14,990.510009765625,0.6563557693260349
2003-08-15,990.6699829101562,0.0161492792649182
2003-08-18,999.739990234375,0.9113770757476484
2003-08-19,1002.3499755859376,0.2607262285548356
2003-08-20,1000.2999877929688,-0.2047275905896222
2003-08-21,1003.27001953125,0.2964741838714095
2003-08-22,993.0599975585938,-1.0228880904442752
2003-08-25,993.7100219726562,0.065435297580108
2003-08-26,996.72998046875,0.3034465555052555
2003-08-27,996.7899780273438,0.0060192583832658
2003-08-28,1002.8400268554688,0.6051186744037782
2003-08-29,1008.010009765625,0.5142098324289219
2003-09-02,1021.989990234375,1.377359751941786
2003-09-03,1026.27001953125,0.4179191612316912
2003-09-04,1027.969970703125,0.165506617338273
2003-09-05,1021.3900146484376,-0.642149618653103
2003-09-08,1031.6400146484375,0.9985324149892912
2003-09-09,1023.1699829101562,-0.824414882264681
2003-09-10,1010.9199829101562,-1.2044843941237446
2003-09-11,1016.4199829101562,0.542584232141206
2003-09-12,1018.6300048828124,0.2171959268529451
2003-09-15,1014.8099975585938,-0.3757191570332741
2003-09-16,1029.3199462890625,1.419693741454061
2003-09-17,1025.969970703125,-0.3259859861945398
2003-09-18,1039.5799560546875,1.317826515972403
2003-09-19,1036.300048828125,-0.316001883365113
2003-09-22,1022.8200073242188,-1.3093198756223727
2003-09-23,1029.030029296875,0.6053113846697271
2003-09-24,1009.3800048828124,-1.9280353601833384
2003-09-25,1003.27001953125,-0.6071601170082439
2003-09-26,996.8499755859376,-0.641968082885311
2003-09-29,1006.5800170898438,0.971345945988507
2003-09-30,995.969970703125,-1.0596635023890757
2003-10-01,1018.219970703125,2.2094147775449815
2003-10-02,1020.239990234375,0.1981908137684299
2003-10-03,1029.8499755859375,0.937525269730636
2003-10-06,1034.3499755859375,0.4360049641707883
2003-10-07,1039.25,0.4726112646978274
2003-10-08,1033.780029296875,-0.5277283320142506
2003-10-09,1038.72998046875,0.4776778457734371
2003-10-10,1038.06005859375,-0.0645151301417698
2003-10-13,1045.3499755859375,0.6998091228799304
2003-10-14,1049.47998046875,0.3943050577315539
2003-10-15,1046.760009765625,-0.2595096212525177
2003-10-16,1050.0699462890625,0.3157088883736722
2003-10-17,1039.3199462890625,-1.0290175994216977
2003-10-20,1044.6800537109375,0.514406837000929
2003-10-21,1046.030029296875,0.1291404087563267
2003-10-22,1030.3599853515625,-1.50938324056159
2003-10-23,1033.77001953125,0.3304091577473251
2003-10-24,1028.9100341796875,-0.4712310410105174
2003-10-27,1031.1300048828125,0.2155270305798549
2003-10-28,1046.7900390625,1.5073083026475456
2003-10-29,1048.1099853515625,0.1260152225262273
2003-10-30,1046.93994140625,-0.1116960557373322
2003-10-31,1050.7099609375,0.3594521265225859
2003-11-03,1059.02001953125,0.7877881670353122
2003-11-04,1053.25,-0.5463348747970752
2003-11-05,1051.81005859375,-0.1368076530603818
2003-11-06,1058.050048828125,0.591509210142308
2003-11-07,1053.2099609375,-0.4585031069093424
2003-11-10,1047.1099853515625,-0.580863191620655
2003-11-11,1046.5699462890625,-0.051587548441891
2003-11-12,1058.530029296875,1.1363081883396915
2003-11-13,1058.4100341796875,-0.0113366570349649
2003-11-14,1050.3499755859375,-0.7644395575324582
2003-11-17,1043.6300048828125,-0.6418393523646264
2003-11-18,1034.1500244140625,-0.912516832111608
2003-11-19,1042.43994140625,0.7984205998370383
2003-11-20,1033.6500244140625,-0.8467811760956592
2003-11-21,1035.280029296875,0.1575698721317819
2003-11-24,1052.0799560546875,1.60971654518563
2003-11-25,1053.8900146484375,0.1718978964221185
2003-11-26,1058.449951171875,0.4317433443866976
2003-11-28,1058.199951171875,-0.0236222344456424
2003-12-01,1070.1199951171875,1.120148181010298
2003-12-02,1066.6199951171875,-0.3276021552696881
2003-12-03,1064.72998046875,-0.1773538053813163
2003-12-04,1069.719970703125,0.4675677049765602
2003-12-05,1061.5,-0.7713902437453731
2003-12-08,1069.300048828125,0.7321272282934284
2003-12-09,1060.1800537109375,-0.8565518753596266
2003-12-10,1059.050048828125,-0.106642972705257
2003-12-11,1071.2099609375,1.1416488246889036
2003-12-12,1074.1400146484375,0.2731540835872265
2003-12-15,1068.0400390625,-0.5695125452045471
2003-12-16,1075.1300048828125,0.6616359448140289
2003-12-17,1076.47998046875,0.1254851736396092
2003-12-18,1089.1800537109375,1.172872808273277
2003-12-19,1088.6600341796875,-0.0477555302636169
2003-12-22,1092.93994140625,0.3923645732691492
2003-12-23,1096.02001953125,0.2814195063169291
2003-12-24,1094.0400390625,-0.1808152247175734
2003-12-26,1095.8900146484375,0.1689529784631514
2003-12-29,1109.47998046875,1.2324587594046723
2003-12-30,1109.6400146484375,0.0144232110311278
2003-12-31,1111.9200439453125,0.2052638719891723
2004-01-02,1108.47998046875,-0.3098600424399039
2004-01-05,1122.219970703125,1.2319150312860785
2004-01-06,1123.6700439453125,0.129131296210238
2004-01-07,1126.3299560546875,0.2364367420891018
2004-01-08,1131.9200439453125,0.4950824141421063
2004-01-09,1121.8599853515625,-0.8927335654944548
2004-01-12,1127.22998046875,0.4775269467397349
2004-01-13,1121.219970703125,-0.5345926491083228
2004-01-14,1130.52001953125,0.8260369092161453
2004-01-15,1132.050048828125,0.1352470406548642
2004-01-16,1139.8299560546875,0.684889837587539
2004-01-20,1138.77001953125,-0.0930340218770337
2004-01-21,1147.6199951171875,0.7741478687196239
2004-01-22,1143.93994140625,-0.3211835584894349
2004-01-23,1141.550048828125,-0.2091361991880664
2004-01-26,1155.3699951171875,1.2033603951130558
2004-01-27,1144.050048828125,-0.984599379170542
2004-01-28,1128.47998046875,-1.3703063806122504
2004-01-29,1134.1099853515625,0.4976612278462383
2004-01-30,1131.1300048828125,-0.2631052074532332
2004-02-02,1135.260009765625,0.3644570817602933
2004-02-03,1136.030029296875,0.0678045998096321
2004-02-04,1126.52001953125,-0.8406502013905583
2004-02-05,1128.5899658203125,0.1835783517287929
2004-02-06,1142.760009765625,1.2477361864295755
2004-02-09,1139.81005859375,-0.2584764301568278
2004-02-10,1145.5400390625,0.5014542394726692
2004-02-11,1157.760009765625,1.0610936569044465
2004-02-12,1152.1099853515625,-0.4892081107810367
2004-02-13,1145.81005859375,-0.5483169493580089
2004-02-17,1156.989990234375,0.970993507301498
2004-02-18,1151.8199462890625,-0.4478543257261682
2004-02-19,1147.06005859375,-0.4141055198369874
2004-02-20,1144.1099853515625,-0.2575168857733746
2004-02-23,1140.989990234375,-0.2730731337193691
2004-02-24,1139.0899658203125,-0.16666300221781
2004-02-25,1143.6700439453125,0.4012760212374236
2004-02-26,1144.9100341796875,0.108363291943891
2004-02-27,1144.93994140625,0.0026121559825353
2004-03-01,1155.969970703125,0.9587610302174582
2004-03-02,1149.0999755859375,-0.5960786977165636
2004-03-03,1151.030029296875,0.1678213109540661
2004-03-04,1154.8699951171875,0.3330560153749792
2004-03-05,1156.8599853515625,0.1721646336489629
2004-03-08,1147.199951171875,-0.838527733463617
2004-03-09,1140.5799560546875,-0.5787281873593576
2004-03-10,1123.8900146484375,-1.4740971479313585
2004-03-11,1106.780029296875,-1.5340969821738988
2004-03-12,1120.5699462890625,1.23825113607057
2004-03-15,1104.489990234375,-1.4453755361638922
2004-03-16,1110.699951171875,0.5606722104589951
2004-03-17,1123.75,1.1680903574334842
2004-03-18,1122.3199462890625,-0.1273383232376009
2004-03-19,1109.780029296875,-1.1236099690318035
2004-03-22,1095.4000244140625,-1.3042208225709502
2004-03-23,1093.949951171875,-0.1324661173771135
2004-03-24,1091.3299560546875,-0.2397858840762669
2004-03-25,1109.18994140625,1.62328707457067
2004-03-26,1108.06005859375,-0.1019175023386993
2004-03-29,1122.469970703125,1.2920796755779218
2004-03-30,1127.0,0.4027646938784567
2004-03-31,1126.2099609375,-0.0701256526086978
2004-04-01,1132.1700439453125,0.5278205467613143
2004-04-02,1141.81005859375,0.8478589928296738
2004-04-05,1150.5699462890625,0.7642651144618704
2004-04-06,1148.1600341796875,-0.2096734294798575
2004-04-07,1140.530029296875,-0.6667598441336015
2004-04-08,1139.3199462890625,-0.1061546272259737
2004-04-12,1145.199951171875,0.5147705540932425
2004-04-13,1129.43994140625,-1.3857368818181142
2004-04-14,1128.1700439453125,-0.1124992893466938
2004-04-15,1128.8399658203125,0.0593636618158541
2004-04-16,1134.6099853515625,0.5098440128641153
2004-04-19,1135.8199462890625,0.1065843112075956
2004-04-20,1118.1500244140625,-1.5679254026921736
2004-04-21,1124.0899658203125,0.5298233308886093
2004-04-22,1139.9300537109375,1.3993115096298263
2004-04-23,1140.5999755859375,0.0587514205613413
2004-04-26,1135.530029296875,-0.4454890241813623
2004-04-27,1138.1099853515625,0.2269450876466077
2004-04-28,1122.4100341796875,-1.3890789272212254
2004-04-29,1113.8900146484375,-0.7619783185308593
2004-04-30,1107.300048828125,-0.5933742694365864
2004-05-03,1117.489990234375,0.916042636230619
2004-05-04,1119.550048828125,0.1841772288478733
2004-05-05,1121.530029296875,0.1766988161861904
2004-05-06,1113.989990234375,-0.6745694593364456
2004-05-07,1098.699951171875,-1.382053775480007
2004-05-10,1087.1199951171875,-1.059562514437771
2004-05-11,1095.449951171875,0.763320003992029
2004-05-12,1097.280029296875,0.1669223813448215
2004-05-13,1096.43994140625,-0.0765902615567176
2004-05-14,1095.699951171875,-0.0675130510591733
2004-05-17,1084.0999755859375,-1.064325670081422
2004-05-18,1091.489990234375,0.6793599149768805
2004-05-19,1088.6800537109375,-0.2577723776329879
2004-05-20,1089.18994140625,0.0468244390869831
2004-05-21,1093.56005859375,0.4004235965336309
2004-05-24,1095.4100341796875,0.1690270719088986
2004-05-25,1113.050048828125,1.597528516923898
2004-05-26,1114.93994140625,0.1696500468750559
2004-05-27,1121.280029296875,0.5670376762131064
2004-05-28,1120.6800537109375,-0.0535224159259136
2004-06-01,1121.199951171875,0.0463804904031475
2004-06-02,1124.989990234375,0.3374641288739712
2004-06-03,1116.6400146484375,-0.744994864233399
2004-06-04,1122.5,0.5234151229250962
2004-06-07,1140.4200439453125,1.5838313508713902
2004-06-08,1142.1800537109375,0.1542109908978366
2004-06-09,1131.3299560546875,-0.9544871132276814
2004-06-10,1136.469970703125,0.4533048431152937
2004-06-14,1125.2900390625,-0.9886126422388992
2004-06-15,1132.010009765625,0.5954007362582969
2004-06-16,1133.56005859375,0.1368352355665815
2004-06-17,1132.050048828125,-0.1332983097370596
2004-06-18,1135.02001953125,0.2620097582006364
2004-06-21,1130.300048828125,-0.4167161717527547
2004-06-22,1134.4100341796875,0.3629594705709495
2004-06-23,1144.06005859375,0.8470668230836185
2004-06-24,1140.6500244140625,-0.2985093589967401
2004-06-25,1134.4300537109375,-0.5467927269987727
2004-06-28,1133.3499755859375,-0.09525423036741
2004-06-29,1136.199951171875,0.2511490979224847
2004-06-30,1140.8399658203125,0.4075485050745605
2004-07-01,1128.93994140625,-1.0485715738500614
2004-07-02,1125.3800048828125,-0.3158326739292393
2004-07-06,1116.2099609375,-0.8181777434566554
2004-07-07,1118.3299560546875,0.1897478525346468
2004-07-08,1109.1099853515625,-0.8278583129612459
2004-07-09,1112.81005859375,0.3330521881276837
2004-07-12,1114.3499755859375,0.1382852793648545
2004-07-13,1115.1400146484375,0.0708717329101138
2004-07-14,1111.469970703125,-0.329653355821438
2004-07-15,1106.68994140625,-0.4309911715561727
2004-07-16,1101.3900146484375,-0.4800493678889253
2004-07-19,1100.9000244140625,-0.0444982480753397
2004-07-20,1108.6700439453125,0.7033089079845094
2004-07-21,1093.8800048828125,-1.3430125117174374
2004-07-22,1096.8399658203125,0.2702273935774714
2004-07-23,1086.199951171875,-0.9747965503679163
2004-07-26,1084.0699462890625,-0.1962894632787929
2004-07-27,1094.8299560546875,0.987663290261116
2004-07-28,1095.4200439453125,0.0538831553386254
2004-07-29,1100.4300537109375,0.4563169830570782
2004-07-30,1101.719970703125,0.1171507050304058
2004-08-02,1106.6199951171875,0.4437751914570244
2004-08-03,1099.68994140625,-0.6282051661861334
2004-08-04,1098.6300048828125,-0.0964315141991336
2004-08-05,1080.699951171875,-1.6455019335206773
2004-08-06,1063.969970703125,-1.5601766647242776
2004-08-09,1065.219970703125,0.1174155597206104
2004-08-10,1079.0400390625,1.2890470057401044
2004-08-11,1075.7900390625,-0.3016481436145039
2004-08-12,1063.22998046875,-1.174388536288709
2004-08-13,1064.800048828125,0.1475607602008251
2004-08-16,1079.3399658203125,1.3562677597921216
2004-08-17,1081.7099609375,0.2193374653673491
2004-08-18,1095.1700439453125,1.2366556279305565
2004-08-19,1091.22998046875,-0.3604159986895391
2004-08-20,1098.3499755859375,0.6503548950728367
2004-08-23,1095.6800537109375,-0.2433807338341168
2004-08-24,1096.18994140625,0.0465253601396027
2004-08-25,1104.9599609375,0.7968622154363251
2004-08-26,1105.0899658203125,0.0117648819955049
2004-08-27,1107.77001953125,0.2422254493345388
2004-08-30,1099.1500244140625,-0.7811827145077261
2004-08-31,1104.239990234375,0.462013065367888
2004-09-01,1105.9100341796875,0.1511249684150345
2004-09-02,1118.31005859375,1.1150113177674372
2004-09-03,1113.6300048828125,-0.419371527634213
2004-09-07,1121.300048828125,0.6863815755776745
2004-09-08,1116.27001953125,-0.4495982352485438
2004-09-09,1118.3800048828125,0.1888426335716845
2004-09-10,1123.9200439453125,0.4941399647370169
2004-09-13,1125.8199462890625,0.168899766519991
2004-09-14,1128.3299560546875,0.2227013208305026
2004-09-15,1120.3699951171875,-0.7079640999058967
2004-09-16,1123.5,0.2789829107506611
2004-09-17,1128.550048828125,0.448485351862951
2004-09-20,1122.199951171875,-0.5642665338214696
2004-09-21,1129.300048828125,0.63070141613393
2004-09-22,1113.56005859375,-1.403587195393221
2004-09-23,1108.3599853515625,-0.4680710946743261
2004-09-24,1110.1099853515625,0.157766423354196
2004-09-27,1103.52001953125,-0.5954007917978772
2004-09-28,1110.06005859375,0.5909032301847805
2004-09-29,1114.800048828125,0.4260939723815224
2004-09-30,1114.5799560546875,-0.019744751784841
2004-10-01,1131.5,1.5066573183751386
2004-10-04,1135.1700439453125,0.3238272074267087
2004-10-05,1134.47998046875,-0.0608079210805892
2004-10-06,1142.050048828125,0.6650556912393899
2004-10-07,1130.6500244140625,-1.0032225687499832
2004-10-08,1122.1400146484375,-0.7555120625710654
2004-10-11,1124.3900146484375,0.2003089852329478
2004-10-12,1121.8399658203125,-0.2270515437695603
2004-10-13,1113.6500244140625,-0.7327233030814119
2004-10-14,1103.2900390625,-0.93462705073405
2004-10-15,1108.199951171875,0.4440372959780712
2004-10-18,1114.02001953125,0.5238078807163645
2004-10-19,1103.22998046875,-0.9732889155441314
2004-10-20,1103.6600341796875,0.0389737334916136
2004-10-21,1106.489990234375,0.2560873759713254
2004-10-22,1095.739990234375,-0.9762908943220158
2004-10-25,1094.800048828125,-0.0858182409064229
2004-10-26,1111.0899658203125,1.4769741930593296
2004-10-27,1125.4000244140625,1.279706499569654
2004-10-28,1127.43994140625,0.1810974219785502
2004-10-29,1130.199951171875,0.2445041080019105
2004-11-01,1130.510009765625,0.0274301968011335
2004-11-02,1130.56005859375,0.0044270037300915
2004-11-03,1143.199951171875,1.1118167905890102
2004-11-04,1161.6700439453125,1.6027357888423872
2004-11-05,1166.1700439453125,0.3866249772795957
2004-11-08,1164.8900146484375,-0.1098238049090609
2004-11-09,1164.0799560546875,-0.0695636815078217
2004-11-10,1162.9100341796875,-0.1005523855696226
2004-11-11,1173.47998046875,0.9048162623096716
2004-11-12,1184.1700439453125,0.9068467860586732
2004-11-15,1183.81005859375,-0.0304044239180576
2004-11-16,1175.4300537109375,-0.7104016316032263
2004-11-17,1181.93994140625,0.5523022908414389
2004-11-18,1183.550048828125,0.1361331205948454
2004-11-19,1170.3399658203125,-1.122416222607588
2004-11-22,1177.239990234375,0.587843175777874
2004-11-23,1176.93994140625,-0.0254907303997434
2004-11-24,1181.760009765625,0.4087060812071601
2004-11-26,1182.6500244140625,0.0752842931308754
2004-11-29,1178.5699462890625,-0.3455910280641383
2004-11-30,1173.8199462890625,-0.4038451679006934
2004-12-01,1191.3699951171875,1.4840559419618788
2004-12-02,1190.3299560546875,-0.0873358651324854
2004-12-03,1191.1700439453125,0.0705511589729841
2004-12-06,1190.25,-0.0772685182882421
2004-12-07,1177.0699462890625,-1.1135114976819829
2004-12-08,1182.81005859375,0.4864758897237687
2004-12-09,1189.239990234375,0.5421426409419167
2004-12-10,1188.0,-0.104321848187489
2004-12-13,1198.6800537109375,0.8949775217871275
2004-12-14,1203.3800048828125,0.3913271987402067
2004-12-15,1205.719970703125,0.1942606433847041
2004-12-16,1203.2099609375,-0.2083921695699376
2004-12-17,1194.199951171875,-0.751648864084824
2004-12-20,1194.6500244140625,0.037681164753962
2004-12-21,1205.449951171875,0.8999624816466412
2004-12-22,1209.5699462890625,0.3411979436247485
2004-12-23,1210.1300048828125,0.0462915745797303
2004-12-27,1204.9200439453125,-0.4314584720309152
2004-12-28,1213.5400390625,0.7128529166534989
2004-12-29,1213.449951171875,-0.0074238370186028
2004-12-30,1213.550048828125,0.008248673778874
2004-12-31,1211.9200439453125,-0.1344073574073107
2005-01-03,1202.0799560546875,-0.8152562047846815
2005-01-04,1188.050048828125,-1.1740004384716105
2005-01-05,1183.739990234375,-0.3634439193279408
2005-01-06,1187.8900146484375,0.3499726889387917
2005-01-07,1186.18994140625,-0.1432195683594164
2005-01-10,1190.25,0.3416928383706967
2005-01-11,1182.989990234375,-0.6118245472381096
2005-01-12,1187.699951171875,0.3973499066449696
2005-01-13,1177.449951171875,-0.8667580994090578
2005-01-14,1184.52001953125,0.5986604031937076
2005-01-18,1195.97998046875,0.96282709254362
2005-01-19,1184.6300048828125,-0.9535422983762518
2005-01-20,1175.4100341796875,-0.7813441684863667
2005-01-21,1167.8699951171875,-0.6435479320456572
2005-01-24,1163.75,-0.3534023051619929
2005-01-25,1168.4100341796875,0.3996329851615026
2005-01-26,1174.0699462890625,0.4832419632938723
2005-01-27,1174.550048828125,0.0408837995714989
2005-01-28,1171.3599853515625,-0.2719682678708843
2005-01-31,1181.27001953125,0.8424693022826933
2005-02-01,1189.4100341796875,0.686726715863026
2005-02-02,1193.18994140625,0.317292909969953
2005-02-03,1189.8900146484375,-0.2769465505019701
2005-02-04,1203.030029296875,1.0982520503199091
2005-02-07,1201.719970703125,-0.1089559183575703
2005-02-08,1202.300048828125,0.0482590104529293
2005-02-09,1191.989990234375,-0.8612258457473676
2005-02-10,1197.010009765625,0.4202617764653276
2005-02-11,1205.300048828125,0.6901750205170698
2005-02-14,1206.1400146484375,0.0696650824547266
2005-02-15,1210.1199951171875,0.3294334262127831
2005-02-16,1210.3399658203125,0.0181759423647278
2005-02-17,1200.75,-0.7954922070865406
2005-02-18,1201.5899658203125,0.0699289747905968
2005-02-22,1184.1600341796875,-1.4611959979605211
2005-02-23,1190.800048828125,0.5591699832857658
2005-02-24,1200.199951171875,0.7862777725995748
2005-02-25,1211.3699951171875,0.9263777602271862
2005-02-28,1203.5999755859375,-0.6434901002669486
2005-03-01,1210.4100341796875,0.5642127938093622
2005-03-02,1210.0799560546875,-0.0272736618104389
2005-03-03,1210.469970703125,0.0322252928973915
2005-03-04,1222.1199951171875,0.9578361866919956
2005-03-07,1225.31005859375,0.2606869420683149
2005-03-08,1219.4300537109375,-0.4810340527826947
2005-03-09,1207.010009765625,-1.023734532231883
2005-03-10,1209.25,0.1854097544981847
2005-03-11,1200.0799560546875,-0.7612148101110925
2005-03-14,1206.8299560546875,0.5608866091690017
2005-03-15,1197.75,-0.7552253930440114
2005-03-16,1188.0699462890625,-0.8114700226148561
2005-03-17,1190.2099609375,0.1799632767785662
2005-03-18,1189.6500244140625,-0.0470562585375787
2005-03-21,1183.780029296875,-0.4946433602739591
2005-03-22,1171.7099609375,-1.0248546209256062
2005-03-23,1172.530029296875,0.0699645425590822
2005-03-24,1171.4200439453125,-0.0947106721432445
2005-03-28,1174.280029296875,0.2438493140166367
2005-03-29,1165.3599853515625,-0.7625179181011431
2005-03-30,1181.4100341796875,1.367862973137081
2005-03-31,1180.5899658203125,-0.0694384752181236
2005-04-01,1172.9200439453125,-0.6517880949263398
2005-04-04,1176.1199951171875,0.2724477316724463
2005-04-05,1181.3900146484375,0.447084278556942
2005-04-06,1184.0699462890625,0.2265887253641403
2005-04-07,1191.1400146484375,0.5953233066958343
2005-04-08,1181.199951171875,-0.8380014491591885
2005-04-11,1181.2099609375,0.0008474198803386
2005-04-12,1187.760009765625,0.5529884802782767
2005-04-13,1173.7900390625,-1.183132550562878
2005-04-14,1162.050048828125,-1.0052134263021657
2005-04-15,1142.6199951171875,-1.686186196276537
2005-04-18,1145.97998046875,0.2936282269934283
2005-04-19,1152.780029296875,0.5916292813629376
2005-04-20,1137.5,-1.3343570060666856
2005-04-21,1159.949951171875,1.954398680302204
2005-04-22,1152.1199951171875,-0.6773139368705897
2005-04-25,1162.0999755859375,0.8624972960833317
2005-04-26,1151.8299560546875,-0.8876748450908203
2005-04-27,1156.3800048828125,0.3942496392166545
2005-04-28,1143.219970703125,-1.1445623573942096
2005-04-29,1156.8499755859375,1.1851956462206028
2005-05-02,1162.1600341796875,0.4579598925333747
2005-05-03,1161.1700439453125,-0.0852216655406016
2005-05-04,1175.6500244140625,1.239305156034736
2005-05-05,1172.6300048828125,-0.2572113341297634
2005-05-06,1171.3499755859375,-0.109218460463223
2005-05-09,1178.8399658203125,0.6373966172402125
2005-05-10,1166.219970703125,-1.076315086971956
2005-05-11,1171.1099853515625,0.4184280247109813
2005-05-12,1159.3599853515625,-1.0083888412137036
2005-05-13,1154.050048828125,-0.4590579075786052
2005-05-16,1165.68994140625,1.0035599091202396
2005-05-17,1173.800048828125,0.6933254635373273
2005-05-18,1185.56005859375,0.996889548132164
2005-05-19,1191.0799560546875,0.4645135445231884
2005-05-20,1189.280029296875,-0.1512315038010651
2005-05-23,1193.8599853515625,0.3843636265639544
2005-05-24,1194.0699462890625,0.0175851841596387
2005-05-25,1190.010009765625,-0.3405876080396173
2005-05-26,1197.6199951171875,0.637453131772754
2005-05-27,1198.780029296875,0.096814743655359
2005-05-31,1191.5,-0.6091379853434455
2005-06-01,1202.219970703125,0.8956805725932198
2005-06-02,1204.2900390625,0.1720390824511471
2005-06-03,1196.02001953125,-0.6890819980251237
2005-06-06,1197.510009765625,0.1245015026845046
2005-06-07,1197.260009765625,-0.0208788316931622
2005-06-08,1194.6700439453125,-0.2165587433034947
2005-06-09,1200.9300537109375,0.5226267957247287
2005-06-10,1198.1099853515625,-0.2350998409679674
2005-06-13,1200.8199462890625,0.2259309081521192
2005-06-14,1203.9100341796875,0.257000961982868
2005-06-15,1206.5799560546875,0.2215253311707825
2005-06-16,1210.9599609375,0.3623526250350597
2005-06-17,1216.9599609375,0.4942512444624592
2005-06-20,1216.0999755859375,-0.0706916730218183
2005-06-21,1213.6099853515625,-0.2049620033747776
2005-06-22,1213.8800048828125,0.0222468091279343
2005-06-23,1200.72998046875,-1.0892156085218303
2005-06-24,1191.5699462890625,-0.7657968670771707
2005-06-27,1190.68994140625,-0.0738798421939694
2005-06-28,1201.5699462890625,0.9096068495660192
2005-06-29,1199.8499755859375,-0.1432461671167803
2005-06-30,1191.3299560546875,-0.7126235441053447
2005-07-01,1194.43994140625,0.2607114052726541
2005-07-05,1204.989990234375,0.8793852803795384
2005-07-06,1194.93994140625,-0.8375334165637525
2005-07-07,1197.8699951171875,0.2449049655565163
2005-07-08,1211.8599853515625,1.161138179782478
2005-07-11,1219.43994140625,0.6235331585299627
2005-07-12,1222.2099609375,0.2268974529875082
2005-07-13,1223.2900390625,0.088331890838511
2005-07-14,1226.5,0.2620602356418461
2005-07-15,1227.9200439453125,0.1157132095024646
2005-07-18,1221.1300048828125,-0.5545053245331578
2005-07-19,1229.3499755859375,0.6708890992640745
2005-07-20,1235.199951171875,0.4747306199091748
2005-07-21,1227.0400390625,-0.6628063888680193
2005-07-22,1233.6800537109375,0.5396819235282299
2005-07-25,1229.030029296875,-0.3776351891558406
2005-07-26,1231.1600341796875,0.1731577935090858
2005-07-27,1236.7900390625,0.4562502872513562
2005-07-28,1243.719970703125,0.558752002041879
2005-07-29,1234.1800537109375,-0.7700039576876156
2005-08-01,1235.3499755859375,0.0947485512339227
2005-08-02,1244.1199951171875,0.7074137786163408
2005-08-03,1245.0400390625,0.0739240526585375
2005-08-04,1235.8599853515625,-0.7400617130228753
2005-08-05,1226.4200439453125,-0.7667679991179147
2005-08-08,1223.1300048828125,-0.2686241126164497
2005-08-09,1231.3800048828125,0.6722344610712961
2005-08-10,1229.1300048828125,-0.1828889635260019
2005-08-11,1237.81005859375,0.7037130459696325
2005-08-12,1230.3900146484375,-0.6012532273180848
2005-08-15,1233.8699951171875,0.2824363312543445
2005-08-16,1219.3399658203125,-1.184586679317268
2005-08-17,1220.239990234375,0.0737851983626701
2005-08-18,1219.02001953125,-0.1000279428975898
2005-08-19,1219.7099609375,0.0565820267256068
2005-08-22,1221.72998046875,0.1654777541679866
2005-08-23,1217.5899658203125,-0.3394403944289071
2005-08-24,1209.5899658203125,-0.6592036186235425
2005-08-25,1212.3699951171875,0.2295686603122758
2005-08-26,1205.0999755859375,-0.6014586766805522
2005-08-29,1212.280029296875,0.5940377442203705
2005-08-30,1208.4100341796875,-0.3197434047984468
2005-08-31,1220.3299560546875,0.9815803774647128
2005-09-01,1221.5899658203125,0.1031982962391605
2005-09-02,1218.02001953125,-0.2926655374129036
2005-09-06,1233.3900146484375,1.2539882199711907
2005-09-07,1236.3599853515625,0.2405079165705973
2005-09-08,1231.6700439453125,-0.3800559147012174
2005-09-09,1241.47998046875,0.7933192791395705
2005-09-12,1240.56005859375,-0.0741262753738635
2005-09-13,1231.199951171875,-0.7573673921888471
2005-09-14,1227.1600341796875,-0.3286679455365361
2005-09-15,1227.72998046875,0.0464335506602796
2005-09-16,1237.9100341796875,0.8257581395948801
2005-09-19,1231.02001953125,-0.5581391440806682
2005-09-20,1221.3399658203125,-0.7894521231179437
2005-09-21,1210.199951171875,-0.9162993799830818
2005-09-22,1214.6199951171875,0.3645671793169123
2005-09-23,1215.2900390625,0.0551496930232202
2005-09-26,1215.6300048828125,0.0279701361116905
2005-09-27,1215.6600341796875,0.0024702356686383
2005-09-28,1216.8900146484375,0.1011268462216317
2005-09-29,1227.6800537109375,0.8827817434815387
2005-09-30,1228.81005859375,0.0920015885151024
2005-10-03,1226.699951171875,-0.171867183020373
2005-10-04,1214.469970703125,-1.001985374354899
2005-10-05,1196.3900146484375,-1.4999041934534425
2005-10-06,1191.489990234375,-0.4104085030942367
2005-10-07,1195.9000244140625,0.3694443864339434
2005-10-10,1187.3299560546875,-0.7192008635452506
2005-10-11,1184.8699951171875,-0.2073991965193739
2005-10-12,1177.6800537109375,-0.6086612731748998
2005-10-13,1176.8399658203125,-0.0713595908554969
2005-10-14,1186.5699462890625,0.8233895771379748
2005-10-17,1190.0999755859375,0.2970569754105139
2005-10-18,1178.1400146484375,-1.010038058975644
2005-10-19,1195.760009765625,1.4845038560093755
2005-10-20,1177.800048828125,-1.5133641676906875
2005-10-21,1179.5899658203125,0.1518558511769907
2005-10-24,1199.3800048828125,1.6637869183025955
2005-10-25,1196.5400390625,-0.2370669386532537
2005-10-26,1191.3800048828125,-0.4321788096966069
2005-10-27,1178.9000244140625,-1.053048217155628
2005-10-28,1198.4100341796875,1.6413885701011692
2005-10-31,1207.010009765625,0.7150528449828979
2005-11-01,1202.760009765625,-0.3527311213989366
2005-11-02,1214.760009765625,0.9927610493678476
2005-11-03,1219.93994140625,0.4255094722214066
2005-11-04,1220.1400146484375,0.0163989087439092
2005-11-07,1222.81005859375,0.2185918605323468
2005-11-08,1218.5899658203125,-0.3457112258799154
2005-11-09,1220.6500244140625,0.1689099138900648
2005-11-10,1230.9599609375,0.8410797282881278
2005-11-11,1234.719970703125,0.3049878965987544
2005-11-14,1233.760009765625,-0.077777498176056
2005-11-15,1229.010009765625,-0.3857449824625265
2005-11-16,1231.2099609375,0.1788418746649066
2005-11-17,1242.800048828125,0.9369543885684766
2005-11-18,1248.27001953125,0.4391670522724698
2005-11-21,1254.8499755859375,0.5257415724039091
2005-11-22,1261.22998046875,0.5071395717316795
2005-11-23,1265.6099853515625,0.3466788026831465
2005-11-25,1268.25,0.2083789648192422
2005-11-28,1257.4599609375,-0.8544215188562845
2005-11-29,1257.47998046875,0.0015920484557712
2005-11-30,1249.47998046875,-0.6382253629954913
2005-12-01,1264.6700439453125,1.2083804199621733
2005-12-02,1265.0799560546875,0.0324073219063235
2005-12-05,1262.0899658203125,-0.2366276682576343
2005-12-06,1263.699951171875,0.127483727667013
2005-12-07,1257.3699951171875,-0.5021653100799183
2005-12-08,1255.8399658203125,-0.1217589862909708
2005-12-09,1259.3699951171875,0.2806947864745591
2005-12-12,1260.4300537109375,0.0841383154016426
2005-12-13,1267.4300537109375,0.5538295312984911
2005-12-14,1272.739990234375,0.4180778582455103
2005-12-15,1270.93994140625,-0.1415311027309853
2005-12-16,1267.3199462890625,-0.2852345883930445
2005-12-19,1259.9200439453125,-0.5856130419099415
2005-12-20,1259.6199951171875,-0.0238177464847968
2005-12-21,1262.7900390625,0.2513505394688519
2005-12-22,1268.1199951171875,0.4211895217280327
2005-12-23,1268.6600341796875,0.0425767362105668
2005-12-27,1256.5400390625,-0.9599309229902498
2005-12-28,1258.1700439453125,0.1296376168455956
2005-12-29,1254.4200439453125,-0.2984969814584248
2005-12-30,1248.2900390625,-0.4898703356058071
2006-01-03,1268.800048828125,1.6296964341378817
2006-01-04,1273.4599609375,0.3665964386255771
2006-01-05,1273.47998046875,0.0015720458048537
2006-01-06,1285.449951171875,0.935551838421723
2006-01-09,1290.1500244140625,0.3649695996218134
2006-01-10,1289.68994140625,-0.0356675622353004
2006-01-11,1294.1800537109375,0.3475497476943338
2006-01-12,1286.06005859375,-0.6294004875159206
2006-01-13,1287.6099853515625,0.1204448836657688
2006-01-17,1282.9300537109375,-0.3641209037951744
2006-01-18,1277.9300537109375,-0.3904942983087808
2006-01-19,1285.0400390625,0.5548253263319995
2006-01-20,1261.489990234375,-1.8496322409992532
2006-01-23,1263.8199462890625,0.1845283766660529
2006-01-24,1266.8599853515625,0.2402548411444657
2006-01-25,1264.6800537109375,-0.1722218211682101
2006-01-26,1273.8299560546875,0.7208907535489939
2006-01-27,1283.719970703125,0.773401437250556
2006-01-30,1285.18994140625,0.1144431617966671
2006-01-31,1280.0799560546875,-0.3983980099300531
2006-02-01,1282.4599609375,0.1857536385185309
2006-02-02,1270.8399658203125,-0.9102005775588268
2006-02-03,1264.030029296875,-0.5373019460362076
2006-02-06,1265.02001953125,0.0782894973074496
2006-02-07,1254.780029296875,-0.8127666010110246
2006-02-08,1265.6500244140625,0.8625561733288215
2006-02-09,1263.780029296875,-0.1478590368712153
2006-02-10,1266.989990234375,0.2536747815164882
2006-02-13,1262.8599853515625,-0.3265022504588939
2006-02-14,1275.530029296875,0.9982823043985454
2006-02-15,1280.0,0.3498276451837249
2006-02-16,1289.3800048828125,0.7301408539075194
2006-02-17,1287.239990234375,-0.1661102641883317
2006-02-21,1283.030029296875,-0.3275892937654234
2006-02-22,1292.6700439453125,0.7485389902519992
2006-02-23,1287.7900390625,-0.3782279549742235
2006-02-24,1289.4300537109375,0.1272700670312287
2006-02-27,1294.1199951171875,0.3630621795035809
2006-02-28,1280.6600341796875,-1.0455326977436477
2006-03-01,1291.239990234375,0.8227392693299463
2006-03-02,1289.1400146484375,-0.1627648676222426
2006-03-03,1287.22998046875,-0.1482733095977112
2006-03-06,1278.260009765625,-0.6992821869927277
2006-03-07,1275.8800048828125,-0.1863645342863235
2006-03-08,1278.469970703125,0.2027887120114596
2006-03-09,1272.22998046875,-0.4892776729698087
2006-03-10,1281.4200439453125,0.7197621493560185
2006-03-13,1284.1300048828125,0.2112577727036599
2006-03-14,1297.47998046875,1.034245657662246
2006-03-15,1303.02001953125,0.4260755580596741
2006-03-16,1305.3299560546875,0.1771186496393506
2006-03-17,1307.25,0.1469845381414607
2006-03-20,1305.0799560546875,-0.1661386180891845
2006-03-21,1297.22998046875,-0.6033101043218729
2006-03-22,1305.0400390625,0.6002514715950028
2006-03-23,1301.6700439453125,-0.2585632377503073
2006-03-24,1302.949951171875,0.0982797745531337
2006-03-27,1301.6099853515625,-0.1028938455009137
2006-03-28,1293.22998046875,-0.645899872572224
2006-03-29,1302.8900146484375,0.7441935488966642
2006-03-30,1300.25,-0.2028331583160994
2006-03-31,1294.8699951171875,-0.4146253429841803
2006-04-03,1297.81005859375,0.2267973429724808
2006-04-04,1305.9300537109375,0.6237198100456351
2006-04-05,1311.56005859375,0.4301841324002345
2006-04-06,1309.0400390625,-0.1923239116313828
2006-04-07,1295.5,-1.03973529590452
2006-04-10,1296.6199951171875,0.0864153811547859
2006-04-11,1286.5699462890625,-0.7781154126378512
2006-04-12,1288.1199951171875,0.1204066548337026
2006-04-13,1289.1199951171875,0.0776024005504899
2006-04-17,1285.3299560546875,-0.2944350733115137
2006-04-18,1307.280029296875,1.6933204646026203
2006-04-19,1309.9300537109375,0.2025076501805496
2006-04-20,1311.4599609375,0.1167248972276318
2006-04-21,1311.280029296875,-0.0137208904868349
2006-04-24,1308.1099853515625,-0.2420445581025627
2006-04-25,1301.739990234375,-0.4881512597334564
2006-04-26,1305.4100341796875,0.2815370297147241
2006-04-27,1309.719970703125,0.3296157680539232
2006-04-28,1310.6099853515625,0.0679314969938932
2006-05-01,1305.18994140625,-0.4144087356689018
2006-05-02,1313.2099609375,0.6125912703046048
2006-05-03,1308.1199951171875,-0.3883503643349785
2006-05-04,1312.25,0.3152232936836416
2006-05-05,1325.760009765625,1.0242666122685788
2006-05-08,1324.6600341796875,-0.0830038734127436
2006-05-09,1325.1400146484375,0.0362276749305588
2006-05-10,1322.8499755859375,-0.1729643723628145
2006-05-11,1305.9200439453125,-1.288067467835875
2006-05-12,1291.239990234375,-1.1304817461096426
2006-05-15,1294.5,0.2521530784402824
2006-05-16,1292.0799560546875,-0.1871231272629041
2006-05-17,1270.3199462890625,-1.698449398254566
2006-05-18,1261.81005859375,-0.6721550408601831
2006-05-19,1267.030029296875,0.4128357614962439
2006-05-22,1262.0699462890625,-0.39224146258121
2006-05-23,1256.5799560546875,-0.4359477610648544
2006-05-24,1258.5699462890625,0.1582403218007078
2006-05-25,1272.8800048828125,1.130594031131146
2006-05-26,1280.1600341796875,0.5703043365720523
2006-05-30,1259.8699951171875,-1.597655965752121
2006-05-31,1270.0899658203125,0.8079200028414162
2006-06-01,1285.7099609375,1.2223327369858277
2006-06-02,1288.219970703125,0.1950333247538197
2006-06-05,1265.2900390625,-1.7960022017338575
2006-06-06,1263.8499755859375,-0.1138777310743057
2006-06-07,1256.1500244140625,-0.611109137700848
2006-06-08,1257.9300537109375,0.1416048446352157
2006-06-09,1252.300048828125,-0.4485655970165158
2006-06-12,1237.43994140625,-1.193721749259257
2006-06-13,1223.68994140625,-1.117384593032396
2006-06-14,1230.0400390625,0.517588478216243
2006-06-15,1256.1600341796875,2.1012754739616786
2006-06-16,1251.5400390625,-0.3684651440967768
2006-06-19,1240.1300048828125,-0.915860746773235
2006-06-20,1240.1199951171875,-0.0008071577965939
2006-06-21,1252.199951171875,0.9693820144398816
2006-06-22,1245.5999755859375,-0.5284643397792973
2006-06-23,1244.5,-0.0883479111898875
2006-06-26,1250.56005859375,0.4857655020670141
2006-06-27,1239.199951171875,-0.9125527128600108
2006-06-28,1246.0,0.5472449647681757
2006-06-29,1272.8699951171875,2.1335769185163973
2006-06-30,1270.199951171875,-0.2099859604977492
2006-07-03,1280.18994140625,0.7834128700747955
2006-07-05,1270.9100341796875,-0.7275252437706834
2006-07-06,1274.0799560546875,0.2491108826707996
2006-07-07,1265.47998046875,-0.6772833620935191
2006-07-10,1267.3399658203125,0.1468707389671119
2006-07-11,1272.4300537109375,0.4008311513638601
2006-07-12,1258.5999755859375,-1.0928527604668774
2006-07-13,1242.280029296875,-1.3051548192745042
2006-07-14,1236.199951171875,-0.490630577568679
2006-07-17,1234.489990234375,-0.1384197330362514
2006-07-18,1236.8599853515625,0.1917976706762714
2006-07-19,1259.81005859375,1.8385064331204772
2006-07-20,1249.1300048828125,-0.8513649549338661
2006-07-21,1240.2900390625,-0.7102058166951474
2006-07-24,1260.9100341796875,1.6488454880015904
2006-07-25,1268.8800048828125,0.6300915845493745
2006-07-26,1268.4000244140625,-0.0378342531319662
2006-07-27,1263.199951171875,-0.4108137624991621
2006-07-28,1278.550048828125,1.207851619971792
2006-07-31,1276.6600341796875,-0.1479342153265696
2006-08-01,1270.9200439453125,-0.4506237112435881
2006-08-02,1277.4100341796875,0.5093535034171588
2006-08-03,1280.27001953125,0.223639116973828
2006-08-04,1279.3599853515625,-0.0711067002883572
2006-08-07,1275.77001953125,-0.2810008238870877
2006-08-08,1271.47998046875,-0.3368372259265255
2006-08-09,1265.949951171875,-0.4358771040950483
2006-08-10,1271.81005859375,0.4618338861988249
2006-08-11,1266.739990234375,-0.3994465346949095
2006-08-14,1268.2099609375,0.1159763227049737
2006-08-15,1285.5799560546875,1.3603517555473534
2006-08-16,1295.4300537109375,0.7632783631721066
2006-08-17,1297.47998046875,0.1581178797474585
2006-08-18,1302.300048828125,0.3708062857582507
2006-08-21,1297.52001953125,-0.3677204235229472
2006-08-22,1298.8199462890625,0.1001353353987705
2006-08-23,1292.989990234375,-0.4498760349021232
2006-08-24,1296.06005859375,0.2371580108853858
2006-08-25,1295.0899658203125,-0.074877394949862
2006-08-28,1301.780029296875,0.5152416785938775
2006-08-29,1304.280029296875,0.1918605642752365
2006-08-30,1305.3699951171875,0.0835334909658773
2006-08-31,1303.8199462890625,-0.1188145781091462
2006-09-01,1311.010009765625,0.5499463994837352
2006-09-05,1313.25,0.1707140885465104
2006-09-06,1300.260009765625,-0.994072887125942
2006-09-07,1294.02001953125,-0.4810584977398314
2006-09-08,1298.9200439453125,0.3779516785635686
2006-09-11,1299.5400390625,0.0477201965123477
2006-09-12,1313.0,1.0304209566623772
2006-09-13,1318.0699462890625,0.38539093735431
2006-09-14,1316.280029296875,-0.1358906207768862
2006-09-15,1319.6600341796875,0.2564555076311261
2006-09-18,1321.1800537109375,0.1151163757380079
2006-09-19,1317.6400146484375,-0.2683048555375884
2006-09-20,1325.1800537109375,0.5706071034442843
2006-09-21,1318.030029296875,-0.5410119989902893
2006-09-22,1314.780029296875,-0.246884627333857
2006-09-25,1326.3699951171875,0.8776510314245869
2006-09-26,1336.3499755859375,0.7496114733216496
2006-09-27,1336.5899658203125,0.0179570241218129
2006-09-28,1338.8800048828125,0.1711878396564572
2006-09-29,1335.8499755859375,-0.2265672135253866
2006-10-02,1331.3199462890625,-0.3396884177235413
2006-10-03,1334.1099853515625,0.2093500975871098
2006-10-04,1350.199951171875,1.198830157743166
2006-10-05,1353.219970703125,0.2234222484696683
2006-10-06,1349.5899658203125,-0.2686098653359275
2006-10-09,1350.6600341796875,0.0792569884558926
2006-10-10,1353.4200439453125,0.2041367595884203
2006-10-11,1349.949951171875,-0.2567236216697791
2006-10-12,1362.8299560546875,0.9495869261272885
2006-10-13,1365.6199951171875,0.2045146573991786
2006-10-16,1369.06005859375,0.2515881363474249
2006-10-17,1364.050048828125,-0.3666164318479104
2006-10-18,1365.800048828125,0.1282121858067292
2006-10-19,1366.9599609375,0.0848894286278234
2006-10-20,1368.5999755859375,0.1199034115850298
2006-10-23,1377.02001953125,0.6133456455451609
2006-10-24,1377.3800048828125,0.0261389304691764
2006-10-25,1382.219970703125,0.3507733603266655
2006-10-26,1389.0799560546875,0.4950744808794787
2006-10-27,1377.3399658203125,-0.8487547836851526
2006-10-30,1377.9300537109375,0.0428333989383209
2006-10-31,1377.93994140625,0.0007175734218364
2006-11-01,1367.81005859375,-0.737862425334979
2006-11-02,1367.3399658203125,-0.0343741859766559
2006-11-03,1364.300048828125,-0.2225709266821042
2006-11-06,1379.780029296875,1.1282575026932746
2006-11-07,1382.8399658203125,0.2215243341597526
2006-11-08,1385.719970703125,0.2080508269778957
2006-11-09,1378.3299560546875,-0.5347249472951695
2006-11-10,1380.9000244140625,0.1862888647065484
2006-11-13,1384.4200439453125,0.2545832920179789
2006-11-14,1393.219970703125,0.6336282710039514
2006-11-15,1396.5699462890625,0.2401598181758242
2006-11-16,1399.760009765625,0.228160832990462
2006-11-17,1401.199951171875,0.1028177162961428
2006-11-20,1400.5,-0.0499661775804919
2006-11-21,1402.81005859375,0.1648093909236073
2006-11-22,1406.0899658203125,0.2335368784049262
2006-11-24,1400.949951171875,-0.3662235340602542
2006-11-27,1381.9599609375,-1.3647789970175506
2006-11-28,1386.719970703125,0.3438472176622492
2006-11-29,1399.47998046875,0.9159499819874408
2006-11-30,1400.6300048828125,0.0821413790701674
2006-12-01,1396.7099609375,-0.2802695817626109
2006-12-04,1409.1199951171875,0.8845949539756106
2006-12-05,1414.760009765625,0.3994519694966535
2006-12-06,1412.9000244140625,-0.1315565235804857
2006-12-07,1407.2900390625,-0.3978450122078701
2006-12-08,1409.8399658203125,0.1810301583367398
2006-12-11,1413.0400390625,0.2267240979036943
2006-12-12,1411.56005859375,-0.1047922221211886
2006-12-13,1413.2099609375,0.1168167687964415
2006-12-14,1425.489990234375,0.8651922436740064
2006-12-15,1427.0899658203125,0.1121774518763465
2006-12-18,1422.47998046875,-0.3235568496471714
2006-12-19,1425.550048828125,0.2155924984594354
2006-12-20,1423.530029296875,-0.1418015509807603
2006-12-21,1418.300048828125,-0.3680717164277038
2006-12-22,1410.760009765625,-0.5330432553268684
2006-12-26,1416.9000244140625,0.4342830626287104
2006-12-27,1426.8399658203125,0.6990781099262332
2006-12-28,1424.72998046875,-0.1479876542664995
2006-12-29,1418.300048828125,-0.4523302629615828
2007-01-03,1416.5999755859375,-0.1199388642525353
2007-01-04,1418.3399658203125,0.1227532497215299
2007-01-05,1409.7099609375,-0.6103167832470129
2007-01-08,1412.8399658203125,0.2217857077497428
2007-01-09,1412.1099853515625,-0.0516809499364646
2007-01-10,1414.8499755859375,0.1938471807337008
2007-01-11,1423.8199462890625,0.6319861629223327
2007-01-12,1430.72998046875,0.4841427093058067
2007-01-16,1431.9000244140625,0.0817460872325575
2007-01-17,1430.6199951171875,-0.089433741840016
2007-01-18,1426.3699951171875,-0.2975161375757787
2007-01-19,1430.5,0.2891281554245473
2007-01-22,1422.949951171875,-0.5291886366783456
2007-01-23,1427.989990234375,0.3535707111787036
2007-01-24,1440.1300048828125,0.8465536428398069
2007-01-25,1423.9000244140625,-1.133378773070705
2007-01-26,1422.1800537109375,-0.1208659535429596
2007-01-29,1420.6199951171875,-0.1097550811566401
2007-01-30,1428.8199462890625,0.5755498607645567
2007-01-31,1438.239990234375,0.6571245841597129
2007-02-01,1445.93994140625,0.5339451523831852
2007-02-02,1448.3900146484375,0.1693016252195719
2007-02-05,1446.989990234375,-0.0967074802488095
2007-02-06,1448.0,0.0697763937016067
2007-02-07,1450.02001953125,0.1394068946924395
2007-02-08,1448.31005859375,-0.1179963006150226
2007-02-09,1438.06005859375,-0.7102376113371196
2007-02-12,1433.3699951171875,-0.3266712097896208
2007-02-13,1444.260009765625,0.7568774732917578
2007-02-14,1455.300048828125,0.7615012063124971
2007-02-15,1456.81005859375,0.1037055499453231
2007-02-16,1455.5400390625,-0.0872161360529513
2007-02-20,1459.6800537109375,0.2840277783407165
2007-02-21,1457.6300048828125,-0.1405437971554358
2007-02-22,1456.3800048828125,-0.0857924353369557
2007-02-23,1451.18994140625,-0.3570038956787483
2007-02-26,1449.3699951171875,-0.1254893239734268
2007-02-27,1399.0400390625,-3.5342660843100724
2007-02-28,1406.8199462890625,0.5545484952734019
2007-03-01,1403.1700439453125,-0.2597805977300521
2007-03-02,1387.1700439453125,-1.1468261829749615
2007-03-05,1374.1199951171875,-0.9452209514841424
2007-03-06,1395.4100341796875,1.5374780717887004
2007-03-07,1391.969970703125,-0.2468314486799026
2007-03-08,1401.8900146484375,0.7101347730782964
2007-03-09,1402.8399658203125,0.0677392272920847
2007-03-12,1406.5999755859375,0.2676698622496704
2007-03-13,1377.949951171875,-2.057857550740609
2007-03-14,1387.1700439453125,0.666888016495876
2007-03-15,1392.280029296875,0.3676979959512594
2007-03-16,1386.949951171875,-0.3835655701215665
2007-03-19,1402.06005859375,1.0835569042727349
2007-03-20,1410.93994140625,0.6313481911504475
2007-03-21,1435.0400390625,1.6936643202980273
2007-03-22,1434.5400390625,-0.0348483047308206
2007-03-23,1436.1099853515625,0.109379160276004
2007-03-26,1437.5,0.0967434525865559
2007-03-27,1428.6099853515625,-0.6203560368758968
2007-03-28,1417.22998046875,-0.7997684815493823
2007-03-29,1422.530029296875,0.3732748516689657
2007-03-30,1420.8599853515625,-0.1174685237514386
2007-04-02,1424.550048828125,0.2593696866817386
2007-04-03,1437.77001953125,0.9237307072510436
2007-04-04,1439.3699951171875,0.1112198740916586
2007-04-05,1443.760009765625,0.304531397039247
2007-04-09,1444.6099853515625,0.0588550367099576
2007-04-10,1448.3900146484375,0.261322602696913
2007-04-11,1438.8699951171875,-0.6594524912466886
2007-04-12,1447.800048828125,0.6187116686112808
2007-04-13,1452.8499755859375,0.3481931165325918
2007-04-16,1468.3299560546875,1.059854287315681
2007-04-17,1471.47998046875,0.2143013111473107
2007-04-18,1472.5,0.0692952791006442
2007-04-19,1470.72998046875,-0.1202773657771309
2007-04-20,1484.3499755859375,0.9218086660297052
2007-04-23,1480.9300537109375,-0.2306644470370378
2007-04-24,1480.4100341796875,-0.0351205549623648
2007-04-25,1495.4200439453125,1.0088033702708323
2007-04-26,1494.25,-0.0782724506617998
2007-04-27,1494.0699462890625,-0.0120504975632885
2007-04-30,1482.3699951171875,-0.7861748709062836
2007-05-01,1486.300048828125,0.2647687987313794
2007-05-02,1495.9200439453125,0.6451588538502733
2007-05-03,1502.3900146484375,0.4315751619413164
2007-05-04,1505.6199951171875,0.2147587075633329
2007-05-07,1509.47998046875,0.2560437459192035
2007-05-08,1507.719970703125,-0.1166651195633774
2007-05-09,1512.5799560546875,0.3218216510912948
2007-05-10,1491.469970703125,-1.4054581884656236
2007-05-11,1505.8499755859375,0.9595315462487676
2007-05-14,1503.1500244140625,-0.1794584178452379
2007-05-15,1501.18994140625,-0.1304834544834399
2007-05-16,1514.1400146484375,0.8589542804573146
2007-05-17,1512.75,-0.0918444171688858
2007-05-18,1522.75,0.6588724214163112
2007-05-21,1525.0999755859375,0.1542054937372437
2007-05-22,1524.1199951171875,-0.0642774553430921
2007-05-23,1522.280029296875,-0.1207960891085956
2007-05-24,1507.510009765625,-0.9749940652956228
2007-05-25,1515.72998046875,0.5437868634530784
2007-05-29,1518.1099853515625,0.1568972258167277
2007-05-30,1530.22998046875,0.79519076731304
2007-05-31,1530.6199951171875,0.0254840749242193
2007-06-01,1536.3399658203125,0.3730063260024788
2007-06-04,1539.1800537109375,0.1846899828252176
2007-06-05,1530.949951171875,-0.5361416122665549
2007-06-06,1517.3800048828125,-0.8903259242367221
2007-06-07,1490.719970703125,-1.772596154552924
2007-06-08,1507.6700439453125,1.1306236827796718
2007-06-11,1509.1199951171875,0.0961254356284557
2007-06-12,1493.0,-1.0739177694170063
2007-06-13,1515.6700439453125,1.507009586153037
2007-06-14,1522.969970703125,0.4804742099217193
2007-06-15,1532.9100341796875,0.650555553085301
2007-06-18,1531.050048828125,-0.121410562125395
2007-06-19,1533.699951171875,0.1729278410380235
2007-06-20,1512.8399658203125,-1.3694428381801145
2007-06-21,1522.18994140625,0.6161392441565994
2007-06-22,1502.56005859375,-1.2979689827432703
2007-06-25,1497.739990234375,-0.3213060312434161
2007-06-26,1492.8900146484375,-0.3243450262866244
2007-06-27,1506.3399658203125,0.8968996323785083
2007-06-28,1505.7099609375,-0.0418323007466117
2007-06-29,1503.3499755859375,-0.1568586791380063
2007-07-02,1519.4300537109375,1.0639364857749432
2007-07-03,1524.8699951171875,0.3573857444479607
2007-07-05,1525.4000244140625,0.0347529431044252
2007-07-06,1530.43994140625,0.3298550721416329
2007-07-09,1531.8499755859375,0.0920901885555024
2007-07-10,1510.1199951171875,-1.42870247254699
2007-07-11,1518.760009765625,0.570510424265772
2007-07-12,1547.699951171875,1.8875707510562432
2007-07-13,1552.5,0.3096608437751028
2007-07-16,1549.52001953125,-0.1921316668940251
2007-07-17,1549.3699951171875,-0.0096824613633028
2007-07-18,1546.1700439453125,-0.206745981076958
2007-07-19,1553.0799560546875,0.4459094012305411
2007-07-20,1534.0999755859375,-1.2296153790126367
2007-07-23,1541.5699462890625,0.4857468831634159
2007-07-24,1511.0400390625,-2.000316145961079
2007-07-25,1518.0899658203125,0.4654761912206715
2007-07-26,1482.6600341796875,-2.361514831842795
2007-07-27,1458.949951171875,-1.6120829482687424
2007-07-30,1473.9100341796875,1.0201791310726158
2007-07-31,1455.27001953125,-1.2727292908787835
2007-08-01,1465.81005859375,0.7216566833712894
2007-08-02,1472.199951171875,0.434981680259466
2007-08-03,1433.06005859375,-2.694578841666203
2007-08-06,1467.6700439453125,2.386408016486739
2007-08-07,1476.7099609375,0.6140474654544519
2007-08-08,1497.489990234375,1.3973752789070897
2007-08-09,1453.0899658203125,-3.009806670758095
2007-08-10,1453.6400146484375,0.0378465724980619
2007-08-13,1452.9200439453125,-0.049541086599718
2007-08-14,1426.5400390625,-1.8323395498988104
2007-08-15,1406.699951171875,-1.400545824953103
2007-08-16,1411.27001953125,0.3243520983883055
2007-08-17,1445.93994140625,2.4269566522519797
2007-08-20,1445.550048828125,-0.0269682815299314
2007-08-21,1447.1199951171875,0.1085465275582073
2007-08-22,1464.0699462890625,1.16448208805781
2007-08-23,1462.5,-0.1072891793787411
2007-08-24,1479.3699951171875,1.1469018050261517
2007-08-27,1466.7900390625,-0.8539951913098606
2007-08-28,1432.3599853515625,-2.3752942896165807
2007-08-29,1463.760009765625,2.168505098090459
2007-08-30,1457.6400146484375,-0.4189774778312817
2007-08-31,1473.989990234375,1.1154303290853471
2007-09-04,1489.4200439453125,1.041380907704796
2007-09-05,1472.2900390625,-1.156777363141079
2007-09-06,1478.550048828125,0.4242872517797467
2007-09-07,1453.550048828125,-1.7053037079487448
2007-09-10,1451.699951171875,-0.1273623892153689
2007-09-11,1471.489990234375,1.3540236395020917
2007-09-12,1471.56005859375,0.0047616152104553
2007-09-13,1483.949951171875,0.838431615381002
2007-09-14,1484.25,0.0202175617601972
2007-09-17,1476.6500244140625,-0.5133568991712144
2007-09-18,1519.780029296875,2.8789581640806357
2007-09-19,1529.030029296875,0.6067959764234634
2007-09-20,1518.75,-0.6745938475255173
2007-09-21,1525.75,0.4598464335745744
2007-09-24,1517.72998046875,-0.5270307770366357
2007-09-25,1517.2099609375,-0.0342688518638791
2007-09-26,1525.4200439453125,0.5396714632315107
2007-09-27,1531.3800048828125,0.3899482069183578
2007-09-28,1526.75,-0.3027999733853694
2007-10-01,1547.0400390625,1.3202159881824789
2007-10-02,1546.6300048828125,-0.0265079453376737
2007-10-03,1539.5899658203125,-0.4562248537264931
2007-10-04,1542.8399658203125,0.210872673598282
2007-10-05,1557.5899658203125,0.9514881229474792
2007-10-08,1552.5799560546875,-0.322169799390635
2007-10-09,1565.1500244140625,0.8063646659190855
2007-10-10,1562.469970703125,-0.1713797949295538
2007-10-11,1554.4100341796875,-0.5171809293999425
2007-10-12,1561.800048828125,0.4742959110705808
2007-10-15,1548.7099609375,-0.8416732385427675
2007-10-16,1538.530029296875,-0.6594866980535926
2007-10-17,1541.239990234375,0.1759846754610529
2007-10-18,1540.0799560546875,-0.0752946305293071
2007-10-19,1500.6300048828125,-2.594931140710293
2007-10-22,1506.3299560546875,0.3791176519172483
2007-10-23,1519.5899658203125,0.8764339431983929
2007-10-24,1515.8800048828125,-0.2444407502362128
2007-10-25,1514.4000244140625,-0.0976794601235322
2007-10-26,1535.280029296875,1.369345687603249
2007-10-29,1540.97998046875,0.3705771083571753
2007-10-30,1531.02001953125,-0.6484372289334848
2007-10-31,1549.3800048828125,1.1920661356754998
2007-11-01,1508.43994140625,-2.6778888689808897
2007-11-02,1509.6500244140625,0.0801886680887067
2007-11-05,1502.1700439453125,-0.4967093437071673
2007-11-06,1520.27001953125,1.1977204894451745
2007-11-07,1475.6199951171875,-2.980972636157473
2007-11-08,1474.77001953125,-0.0576178474867469
2007-11-09,1453.699951171875,-1.43900618120116
2007-11-12,1439.1800537109375,-1.0038452592368512
2007-11-13,1481.050048828125,2.867778438776126
2007-11-14,1470.5799560546875,-0.7094477743350598
2007-11-15,1451.1500244140625,-1.3300488548972065
2007-11-16,1458.739990234375,0.5216680351984778
2007-11-19,1433.27001953125,-1.7614482080618146
2007-11-20,1439.699951171875,0.4476163998967163
2007-11-21,1416.77001953125,-1.605507806431886
2007-11-23,1440.699951171875,1.6749426122977584
2007-11-26,1407.219970703125,-2.3512966551297514
2007-11-27,1428.22998046875,1.4819795556490158
2007-11-28,1469.02001953125,2.8159623399831912
2007-11-29,1469.719970703125,0.0476361425261982
2007-11-30,1481.1400146484375,0.774018490674295
2007-12-03,1472.4200439453125,-0.5904735888843634
2007-12-04,1462.7900390625,-0.6561737772241493
2007-12-05,1485.010009765625,1.5075915045568595
2007-12-06,1507.3399658203125,1.4924972509290384
2007-12-07,1504.6600341796875,-0.1779503551010379
2007-12-10,1515.9599609375,0.7481894107170777
2007-12-11,1477.6500244140625,-2.5595871370425174
2007-12-12,1486.5899658203125,0.6031879025493236
2007-12-13,1488.4100341796875,0.122357552030208
2007-12-14,1467.949951171875,-1.3841622651711092
2007-12-17,1445.9000244140625,-1.5134854466995853
2007-12-18,1454.97998046875,0.6260159463819628
2007-12-19,1453.0,-0.1361756812645433
2007-12-20,1460.1199951171875,0.4888236191244567
2007-12-21,1484.4599609375,1.653242266561838
2007-12-24,1496.449951171875,0.8044560385114575
2007-12-26,1497.6600341796875,0.0808309033147075
2007-12-27,1476.27001953125,-1.4385263354659774
2007-12-28,1478.489990234375,0.1502640562007862
2007-12-31,1468.3599853515625,-0.687516831107418
2008-01-02,1447.1600341796875,-1.4543083003997033
2008-01-03,1447.1600341796875,0.0
2008-01-04,1411.6300048828125,-2.485797022395527
2008-01-07,1416.1800537109375,0.3218075231744636
2008-01-08,1390.18994140625,-1.8522757462586337
2008-01-09,1409.1300048828125,1.3532109841889144
2008-01-10,1420.3299560546875,0.7916711897125965
2008-01-11,1401.02001953125,-1.3688651328566237
2008-01-14,1416.25,1.0811976648879809
2008-01-15,1380.949951171875,-2.5240900594804327
2008-01-16,1373.199951171875,-0.5627885721787484
2008-01-17,1333.25,-2.952417654491263
2008-01-18,1325.18994140625,-0.6063769329588801
2008-01-22,1310.5,-1.114705738766174
2008-01-23,1338.5999755859375,2.121552966457579
2008-01-24,1352.0699462890625,1.001243825754608
2008-01-25,1330.6099853515625,-1.599923900826646
2008-01-28,1353.9599609375,1.7396130410481234
2008-01-29,1362.300048828125,0.6140880526633927
2008-01-30,1355.81005859375,-0.4775378708849709
2008-01-31,1378.550048828125,1.6633152629790866
2008-02-01,1395.4200439453125,1.2163219167380697
2008-02-04,1380.8199462890625,-1.051799001944954
2008-02-05,1336.6400146484375,-3.2518473415344133
2008-02-06,1326.449951171875,-0.7652849389237927
2008-02-07,1336.9100341796875,0.7854842639587953
2008-02-08,1331.2900390625,-0.4212580221777428
2008-02-11,1339.1300048828125,0.5871726706863655
2008-02-12,1348.8599853515625,0.7239627380711977
2008-02-13,1367.2099609375,1.351235803840717
2008-02-14,1348.8599853515625,-1.3512358038407142
2008-02-15,1349.989990234375,0.0837397379674806
2008-02-19,1348.780029296875,-0.0896675900364629
2008-02-20,1360.030029296875,0.830627798826117
2008-02-21,1342.530029296875,-1.295086452748304
2008-02-22,1353.1099853515625,0.7849720529112649
2008-02-25,1371.800048828125,1.3718145806112505
2008-02-26,1381.2900390625,0.6894091743071527
2008-02-27,1380.02001953125,-0.0919867449763841
2008-02-28,1367.6800537109375,-0.8982092990434256
2008-02-29,1330.6300048828125,-2.7463395019370087
2008-03-03,1331.3399658203125,0.05334101903081
2008-03-04,1326.75,-0.3453585425228547
2008-03-05,1333.699951171875,0.5224655309318044
2008-03-06,1304.3399658203125,-2.225985852476442
2008-03-07,1293.3699951171875,-0.8445928205016419
2008-03-10,1273.3699951171875,-1.558428579266265
2008-03-11,1320.6500244140625,3.6457132613329777
2008-03-12,1308.77001953125,-0.9036278359461816
2008-03-13,1315.47998046875,0.5113823424050402
2008-03-14,1288.1400146484375,-2.100227439149456
2008-03-17,1276.5999755859375,-0.8999054083631237
2008-03-18,1330.739990234375,4.153489642900969
2008-03-19,1298.4200439453125,-2.4586996626083604
2008-03-20,1329.510009765625,2.366228612414184
2008-03-24,1349.8800048828125,1.520524258521512
2008-03-25,1352.989990234375,0.2301247732709045
2008-03-26,1341.1300048828125,-0.8804405138629654
2008-03-27,1325.760009765625,-1.1526658548939026
2008-03-28,1315.219970703125,-0.7981957531415771
2008-03-31,1322.699951171875,0.567113539282709
2008-04-01,1370.1800537109375,3.526709213639335
2008-04-02,1367.530029296875,-0.1935942931411036
2008-04-03,1369.31005859375,0.1300791782277431
2008-04-04,1370.4000244140625,0.079567972142592
2008-04-07,1372.5400390625,0.156038049182299
2008-04-08,1365.5400390625,-0.5113082927238636
2008-04-09,1354.489990234375,-0.8124990899776953
2008-04-10,1360.550048828125,0.4464073140925598
2008-04-11,1332.8299560546875,-2.0584597439500687
2008-04-14,1328.3199462890625,-0.338952276199069
2008-04-15,1334.4300537109375,0.4589329186817172
2008-04-16,1364.7099609375,2.243764859546432
2008-04-17,1365.56005859375,0.0622720593669985
2008-04-18,1390.3299560546875,1.7976453606154177
2008-04-21,1388.1700439453125,-0.1554732801477157
2008-04-22,1375.93994140625,-0.8849273303171198
2008-04-23,1379.9300537109375,0.289572084308319
2008-04-24,1388.8199462890625,0.6421614900284472
2008-04-25,1397.8399658203125,0.647373652873597
2008-04-28,1396.3699951171875,-0.1052154891209574
2008-04-29,1390.93994140625,-0.389627325560662
2008-04-30,1385.5899658203125,-0.3853718408086887
2008-05-01,1409.3399658203125,1.6995468403442282
2008-05-02,1413.9000244140625,0.3230375437438833
2008-05-05,1407.489990234375,-0.4543891610429601
2008-05-06,1418.260009765625,0.7622805755977705
2008-05-07,1392.5699462890625,-1.827985274237049
2008-05-08,1397.6800537109375,0.3662835326675613
2008-05-09,1388.280029296875,-0.6748165663026326
2008-05-12,1403.5799560546875,1.096049229248502
2008-05-13,1403.0400390625,-0.0384745351908804
2008-05-14,1408.6600341796875,0.3997583280623469
2008-05-15,1423.5699462890625,1.0528841196037528
2008-05-16,1425.3499755859375,0.1249617102144524
2008-05-19,1426.6300048828125,0.08976426143178
2008-05-20,1413.4000244140625,-0.9316856535458926
2008-05-21,1390.7099609375,-1.6183786536071223
2008-05-22,1394.3499755859375,0.2613959343079893
2008-05-23,1375.9300537109375,-1.3298434194715
2008-05-27,1385.3499755859375,0.6822892512121779
2008-05-28,1390.8399658203125,0.3955058916479667
2008-05-29,1398.260009765625,0.5320756886204072
2008-05-30,1400.3800048828125,0.1515018374346011
2008-06-02,1385.6700439453125,-1.0559822954777744
2008-06-03,1377.6500244140625,-0.5804642134554054
2008-06-04,1377.199951171875,-0.0326749732421311
2008-06-05,1404.050048828125,1.9308535254153512
2008-06-06,1360.6800537109375,-3.1376338018537795
2008-06-09,1361.760009765625,0.0793373654629412
2008-06-10,1358.43994140625,-0.2441048502009588
2008-06-11,1335.489990234375,-1.703868102064929
2008-06-12,1339.8699951171875,0.3274332291770189
2008-06-13,1360.030029296875,1.493418918259099
2008-06-16,1360.1400146484375,0.0080866526610842
2008-06-17,1350.9300537109375,-0.6794362473468583
2008-06-18,1337.81005859375,-0.9759291491304708
2008-06-19,1342.8299560546875,0.374530209313213
2008-06-20,1317.9300537109375,-1.8716929874510455
2008-06-23,1318.0,0.0053071430313939
2008-06-24,1314.2900390625,-0.2818810495015579
2008-06-25,1321.969970703125,0.5826400535617632
2008-06-26,1283.1500244140625,-2.9805014810582433
2008-06-27,1278.3800048828125,-0.3724356139002652
2008-06-30,1280.0,0.1266422760193225
2008-07-01,1284.9100341796875,0.3828625653153847
2008-07-02,1261.52001953125,-1.83713449871704
2008-07-03,1262.9000244140625,0.1093324404224355
2008-07-07,1252.31005859375,-0.8420790350197398
2008-07-08,1273.699951171875,1.6936119626383928
2008-07-09,1244.68994140625,-2.3039556424807297
2008-07-10,1253.3900146484375,0.6965436311526433
2008-07-11,1239.489990234375,-1.115189535208209
2008-07-14,1228.300048828125,-0.9068857497041092
2008-07-15,1214.9100341796875,-1.0961111207184446
2008-07-16,1245.3599853515625,2.475460487471305
2008-07-17,1260.3199462890625,1.1940981372926736
2008-07-18,1260.6800537109375,0.0285686175584439
2008-07-21,1260.0,-0.0539579568169281
2008-07-22,1277.0,1.3401856087015562
2008-07-23,1282.18994140625,0.4055930696717993
2008-07-24,1252.5400390625,-2.339598696581199
2008-07-25,1257.760009765625,0.4158848046300203
2008-07-28,1234.3699951171875,-1.877165431708631
2008-07-29,1263.199951171875,2.3087430794461805
2008-07-30,1284.260009765625,1.6534539279929734
2008-07-31,1267.3800048828125,-1.3230903287162037
2008-08-01,1260.31005859375,-0.5594012357643428
2008-08-04,1249.010009765625,-0.9006523604902408
2008-08-05,1284.8800048828125,2.8314087237507635
2008-08-06,1289.18994140625,0.3348736157926132
2008-08-07,1266.0699462890625,-1.8096496701488591
2008-08-08,1296.3199462890625,2.361186756964235
2008-08-11,1305.3199462890625,0.6918740696878146
2008-08-12,1289.5899658203125,-1.2123868402247893
2008-08-13,1285.8299560546875,-0.2919921838887153
2008-08-14,1292.9300537109375,0.5506612147370432
2008-08-15,1298.199951171875,0.4067649803148502
2008-08-18,1278.5999755859375,-1.5212941748937443
2008-08-19,1266.68994140625,-0.935855756629458
2008-08-20,1274.5400390625,0.6178207156833316
2008-08-21,1277.719970703125,0.2491856843660088
2008-08-22,1292.199951171875,1.1268937664792815
2008-08-25,1266.8399658203125,-1.9820570527915713
2008-08-26,1271.510009765625,0.3679594428953406
2008-08-27,1281.6600341796875,0.7950961127648376
2008-08-28,1300.6800537109375,1.473110654423011
2008-08-29,1282.8299560546875,-1.3818705278780865
2008-09-02,1277.5799560546875,-0.4100911602328969
2008-09-03,1274.97998046875,-0.2037152152935799
2008-09-04,1236.8299560546875,-3.0378857722846977
2008-09-05,1242.31005859375,0.4420977784567912
2008-09-08,1267.7900390625,2.0302661013164873
2008-09-09,1224.510009765625,-3.473448601838737
2008-09-10,1232.0400390625,0.6130591871801976
2008-09-11,1249.050048828125,1.371193763772892
2008-09-12,1251.699951171875,0.2119286882382651
2008-09-15,1192.699951171875,-4.828298467905812
2008-09-16,1213.5999755859375,1.7371525271791657
2008-09-17,1156.3900146484375,-4.82880326718849
2008-09-18,1206.510009765625,4.242880631709865
2008-09-19,1255.0799560546875,3.9467377977745945
2008-09-22,1207.0899658203125,-3.89868045010177
2008-09-23,1188.219970703125,-1.575611173219346
2008-09-24,1185.8699951171875,-0.1979686016337657
2008-09-25,1209.1800537109375,1.9465810036084243
2008-09-26,1213.27001953125,0.3376721569391682
2008-09-29,1106.4200439453125,-9.218959234553594
2008-09-30,1166.3599853515625,5.2758158003824995
2008-10-01,1161.06005859375,-0.4554344139591543
2008-10-02,1114.280029296875,-4.112494871855385
2008-10-03,1099.22998046875,-1.3598565792345263
2008-10-06,1056.8900146484375,-3.927926970654147
2008-10-07,996.22998046875,-5.910779118196403
2008-10-08,984.9400024414062,-1.1397406925517295
2008-10-09,909.9199829101562,-7.922406331313588
2008-10-10,899.219970703125,-1.1828976472150512
2008-10-13,1003.3499755859376,10.957196759533849
2008-10-14,998.010009765625,-0.5336349813536854
2008-10-15,907.8400268554688,-9.4695124884235
2008-10-16,946.4299926757812,4.162882229094104
2008-10-17,940.5499877929688,-0.6232205932727285
2008-10-20,985.4000244140624,4.658287732523155
2008-10-21,955.0499877929688,-3.128399253606999
2008-10-22,896.780029296875,-6.295307968785188
2008-10-23,908.1099853515624,1.2554897845818378
2008-10-24,876.77001953125,-3.512077795125528
2008-10-27,848.9199829101562,-3.2279789320129515
2008-10-28,940.510009765625,10.245735847393652
2008-10-29,930.0900268554688,-1.114090717751644
2008-10-30,954.0900268554688,2.5476650236373044
2008-10-31,968.75,1.5248545898600414
2008-11-03,966.2999877929688,-0.2532248295049081
2008-11-04,1005.75,4.001447845739003
2008-11-05,952.77001953125,-5.411525893116384
2008-11-06,904.8800048828124,-5.157120827951978
2008-11-07,930.989990234375,2.84461819721001
2008-11-10,919.2100219726562,-1.273389618685711
2008-11-11,898.9500122070312,-2.228720025294257
2008-11-12,852.2999877929688,-5.328886594572081
2008-11-13,911.2899780273438,6.692259078968742
2008-11-14,873.2899780273438,-4.259349062086725
2008-11-17,850.75,-2.6149349993598614
2008-11-18,859.1199951171875,0.9790290485441312
2008-11-19,806.5800170898438,-6.310549598420712
2008-11-20,752.4400024414062,-6.948184541277702
2008-11-21,800.030029296875,6.1328001115067465
2008-11-24,851.8099975585938,6.271423081455647
2008-11-25,857.3900146484375,0.6529413613966316
2008-11-26,887.6799926757812,3.471840142238202
2008-11-28,896.239990234375,0.9596913918806832
2008-12-01,816.2100219726562,-9.353652163820918
2008-12-02,848.8099975585938,3.916366397642246
2008-12-03,870.739990234375,2.550804791981371
2008-12-04,845.219970703125,-2.974649977384212
2008-12-05,876.0700073242188,3.5849090941538373
2008-12-08,909.7000122070312,3.766888346678524
2008-12-09,888.6699829101562,-2.338894447632593
2008-12-10,899.239990234375,1.1824007505509535
2008-12-11,873.5900268554688,-2.8938762495764387
2008-12-12,879.72998046875,0.7003831230512167
2008-12-15,868.5700073242188,-1.2766830411484198
2008-12-16,913.1799926757812,5.008481578859222
2008-12-17,904.4199829101562,-0.9639170015611964
2008-12-18,885.280029296875,-2.1389823129044907
2008-12-19,887.8800048828125,0.2932591981723352
2008-12-22,871.6300048828125,-1.8471576686337163
2008-12-23,863.1599731445312,-0.9764984984231136
2008-12-24,868.1500244140625,0.5764496357789292
2008-12-26,872.7999877929688,0.5341881620716299
2008-12-29,869.4199829101562,-0.38801175284807
2008-12-30,890.6400146484375,2.4114018863220665
2008-12-31,903.25,1.4059048160206564
2009-01-02,931.7999877929688,3.111881625446231
2009-01-05,927.4500122070312,-0.4679288447595494
2009-01-06,934.7000122070312,0.7786737413759767
2009-01-07,906.6500244140624,-3.046912022057231
2009-01-08,909.72998046875,0.3391315691974431
2009-01-09,890.3499755859375,-2.1533214293202936
2009-01-12,870.260009765625,-2.2822587628668867
2009-01-13,871.7899780273438,0.1756515215766487
2009-01-14,842.6199951171875,-3.40324644901829
2009-01-15,843.739990234375,0.1328299166952238
2009-01-16,850.1199951171875,0.7533131556373145
2009-01-20,805.219970703125,-5.426201462391315
2009-01-21,840.239990234375,4.257205806919397
2009-01-22,827.5,-1.5278446440878557
2009-01-23,831.9500122070312,0.5363250283092427
2009-01-26,836.5700073242188,0.5537850154850269
2009-01-27,845.7100219726562,1.0866329534482322
2009-01-28,874.0900268554688,3.300683868264074
2009-01-29,845.1400146484375,-3.3681064466673822
2009-01-30,825.8800048828125,-2.305282101067711
2009-02-02,825.4400024414062,-0.0532909974890164
2009-02-03,838.510009765625,1.5709938442946172
2009-02-04,832.22998046875,-0.7517697439794895
2009-02-05,845.8499755859375,1.6233188600758928
2009-02-06,868.5999755859375,2.65406819353971
2009-02-09,869.8900146484375,0.1484091719280034
2009-02-10,827.1599731445312,-5.036866949414839
2009-02-11,833.739990234375,0.7923477223390516
2009-02-12,835.1900024414062,0.1737655357920974
2009-02-13,826.8400268554688,-1.0048008389114624
2009-02-17,789.1699829101562,-4.662949981810491
2009-02-18,788.4199829101562,-0.0950817478245573
2009-02-19,778.9400024414062,-1.2096896898495146
2009-02-20,770.0499877929688,-1.1478592263616476
2009-02-23,743.3300170898438,-3.531531749022496
2009-02-24,773.1400146484375,3.932004922172659
2009-02-25,764.9000244140625,-1.0715025437918897
2009-02-26,752.8300170898438,-1.5905676845763752
2009-02-27,735.0900268554688,-2.384648417029285
2009-03-02,700.8200073242188,-4.774188875107267
2009-03-03,696.3300170898438,-0.6427378038351219
2009-03-04,712.8699951171875,2.347535830991525
2009-03-05,682.5499877929688,-4.346330218569738
2009-03-06,683.3800048828125,0.1215314395986425
2009-03-09,676.530029296875,-1.007424513030657
2009-03-10,719.5999755859375,6.17186323188922
2009-03-11,721.3599853515625,0.2442830735847224
2009-03-12,750.739990234375,3.992107486845256
2009-03-13,756.5499877929688,0.7709235009042813
2009-03-16,753.8900146484375,-0.3522120560965446
2009-03-17,778.1199951171875,3.1634259452989566
2009-03-18,794.3499755859375,2.064339177691497
2009-03-19,784.0399780273438,-1.3064127999233972
2009-03-20,768.5399780273438,-1.996742895118435
2009-03-23,822.9199829101562,6.836638735773641
2009-03-24,806.1199951171875,-2.062636109659859
2009-03-25,813.8800048828125,0.9580332245017488
2009-03-26,832.8599853515625,2.3052602239829927
2009-03-27,815.9400024414062,-2.0524717385895697
2009-03-30,787.530029296875,-3.5439323427820706
2009-03-31,797.8699951171875,1.3044168377756995
2009-04-01,811.0800170898438,1.6421043179743084
2009-04-02,834.3800048828125,2.8322225961306
2009-04-03,842.5,0.9684722294469392
2009-04-06,835.47998046875,-0.8367275616680818
2009-04-07,815.5499877929688,-2.414366931764816
2009-04-08,825.1599731445312,1.1714557086847552
2009-04-09,856.5599975585938,3.7347090620733754
2009-04-13,858.72998046875,0.2530165856026846
2009-04-14,841.5,-2.026851722493524
2009-04-15,852.0599975585938,1.2470930388817558
2009-04-16,865.2999877929688,1.5419309485732728
2009-04-17,869.5999755859375,0.4957054226539451
2009-04-20,832.3900146484375,-4.373220914165703
2009-04-21,850.0800170898438,2.1029384216146014
2009-04-22,843.5499877929688,-0.7711320225478271
2009-04-23,851.9199829101562,0.9873443065781582
2009-04-24,866.22998046875,1.6657834020331603
2009-04-27,857.510009765625,-1.0117587499046197
2009-04-28,855.1599731445312,-0.2744297639849314
2009-04-29,873.6400146484375,2.1379853727164115
2009-04-30,872.8099975585938,-0.0950519220744608
2009-05-01,877.52001953125,0.5381880325807842
2009-05-04,907.239990234375,3.3307243587725845
2009-05-05,903.7999877929688,-0.3798929477293887
2009-05-06,919.530029296875,1.725461832941929
2009-05-07,907.3900146484376,-1.3290338985760737
2009-05-08,929.22998046875,2.3783902379113706
2009-05-11,909.239990234375,-2.1747190202753868
2009-05-12,908.3499755859376,-0.0979334983476296
2009-05-13,883.9199829101562,-2.726319853661259
2009-05-14,893.0700073242188,1.029843199277203
2009-05-15,882.8800048828125,-1.1475676904067544
2009-05-18,909.7100219726562,2.9936594996533383
2009-05-19,908.1300048828124,-0.1738346019872443
2009-05-20,903.469970703125,-0.514467268804702
2009-05-21,888.3300170898438,-1.6899558030336284
2009-05-22,887.0,-0.1498332508169961
2009-05-26,910.3300170898438,2.596220760015714
2009-05-27,893.0599975585938,-1.9153424774368055
2009-05-28,906.8300170898438,1.5301255166552454
2009-05-29,919.1400146484376,1.348344588785091
2009-06-01,942.8699951171876,2.548994386142355
2009-06-02,944.739990234375,0.1981336974747815
2009-06-03,931.760009765625,-1.383446575070985
2009-06-04,942.4600219726562,1.1418220142166204
2009-06-05,940.0900268554688,-0.2517857488816695
2009-06-08,939.1400146484376,-0.1011065454445827
2009-06-09,942.4299926757812,0.3497059761173111
2009-06-10,939.1500244140624,-0.3486401379967999
2009-06-11,944.8900146484376,0.6093297249542341
2009-06-12,946.2100219726562,0.1396020848219796
2009-06-15,923.719970703125,-2.405559125359691
2009-06-16,911.969970703125,-1.280190102788595
2009-06-17,910.7100219726562,-0.1382523466782429
2009-06-18,918.3699951171876,0.8375815004881833
2009-06-19,921.22998046875,0.310935822324291
2009-06-22,893.0399780273438,-3.107836433082392
2009-06-23,895.0999755859375,0.2304068499517782
2009-06-24,900.9400024414062,0.650324882432666
2009-06-25,920.260009765625,2.1217583998248744
2009-06-26,918.9000244140624,-0.1478920348603305
2009-06-29,927.22998046875,0.9024296841261898
2009-06-30,919.3200073242188,-0.8567351633166496
2009-07-01,923.3300170898438,0.4352444623651701
2009-07-02,896.4199829101562,-2.9577684825958017
2009-07-06,898.719970703125,0.2562462104257053
2009-07-07,881.030029296875,-1.987978536288478
2009-07-08,879.5599975585938,-0.1669931167934997
2009-07-09,882.6799926757812,0.3540946062317481
2009-07-10,879.1300048828125,-0.4029938077684044
2009-07-13,901.0499877929688,2.4627948777227284
2009-07-14,905.8400268554688,0.5301983236099628
2009-07-15,932.6799926757812,2.919943487510086
2009-07-16,940.739990234375,0.8604634691705462
2009-07-17,940.3800048828124,-0.0382735133209322
2009-07-20,951.1300048828124,1.136670246273114
2009-07-21,954.5800170898438,0.3620714522427704
2009-07-22,954.0700073242188,-0.0534419376249969
2009-07-23,976.2899780273438,2.3022599224312996
2009-07-24,979.260009765625,0.3037543443477206
2009-07-27,982.1799926757812,0.2977389125970083
2009-07-28,979.6199951171876,-0.260984710734954
2009-07-29,975.1500244140624,-0.4573406026934112
2009-07-30,986.75,1.182538418815696
2009-07-31,987.47998046875,0.0739509083783554
2009-08-03,1002.6300048828124,1.522560782728123
2009-08-04,1005.6500244140624,0.3007570422106501
2009-08-05,1002.719970703125,-0.291784461716649
2009-08-06,997.0800170898438,-0.5640532654178876
2009-08-07,1010.47998046875,1.334970053225195
2009-08-10,1007.0999755859376,-0.3350556724880266
2009-08-11,994.3499755859376,-1.2740935609429689
2009-08-12,1005.8099975585938,1.1459230792872048
2009-08-13,1012.72998046875,0.68564507961441
2009-08-14,1004.0900268554688,-0.8567949977279208
2009-08-17,979.72998046875,-2.4559960849173303
2009-08-18,989.6699829101562,1.0094533393885528
2009-08-19,996.4600219726562,0.6837483447019445
2009-08-20,1007.3699951171876,1.0889227984113237
2009-08-21,1026.1300048828125,1.84514797254206
2009-08-24,1025.5699462890625,-0.0545945918983783
2009-08-25,1028.0,0.2366663818367554
2009-08-26,1028.1199951171875,0.0116719955652977
2009-08-27,1030.97998046875,0.2777900271591285
2009-08-28,1028.9300537109375,-0.1990307732377177
2009-08-31,1020.6199951171876,-0.8109198540382183
2009-09-01,998.0399780273438,-2.237222631680637
2009-09-02,994.75,-0.3301884345751011
2009-09-03,1003.239990234375,0.8498582450941842
2009-09-04,1016.4000244140624,1.3032243708161282
2009-09-08,1025.3900146484375,0.8806045829839553
2009-09-09,1033.3699951171875,0.7752259025442713
2009-09-10,1044.1400146484375,1.0368292776658143
2009-09-11,1042.72998046875,-0.1351338988591167
2009-09-14,1049.3399658203125,0.631910740710653
2009-09-15,1052.6300048828125,0.3130436490644552
2009-09-16,1068.760009765625,1.5207308062442324
2009-09-17,1065.489990234375,-0.3064329005571477
2009-09-18,1068.300048828125,0.2633867594107786
2009-09-21,1064.6600341796875,-0.3413114207888716
2009-09-22,1071.6600341796875,0.6553348588268071
2009-09-23,1060.8699951171875,-1.01195584531233
2009-09-24,1050.780029296875,-0.9556548191774188
2009-09-25,1044.3800048828125,-0.6109360827818335
2009-09-28,1062.97998046875,1.7652853549567058
2009-09-29,1060.6099853515625,-0.2232065642896416
2009-09-30,1057.0799560546875,-0.3333852135212442
2009-10-01,1029.8499755859375,-2.6097211493280956
2009-10-02,1025.2099609375,-0.4515705309363511
2009-10-05,1040.4599609375,1.476545396032476
2009-10-06,1054.719970703125,1.36124155690534
2009-10-07,1057.5799560546875,0.2707936560526622
2009-10-08,1065.47998046875,0.7442145876693546
2009-10-09,1071.489990234375,0.5624810543572637
2009-10-12,1076.18994140625,0.4376777568566423
2009-10-13,1073.18994140625,-0.2791504630813565
2009-10-14,1092.02001953125,1.7393743058258575
2009-10-15,1096.56005859375,0.4148850316393222
2009-10-16,1087.6800537109375,-0.8131023468328601
2009-10-19,1097.9100341796875,0.9361366739513968
2009-10-20,1091.06005859375,-0.6258649187024325
2009-10-21,1081.4000244140625,-0.889323391718201
2009-10-22,1092.9100341796875,1.058737435850814
2009-10-23,1079.5999755859375,-1.225331535289976
2009-10-26,1066.949951171875,-1.1786514446438598
2009-10-27,1063.4100341796875,-0.3323307116675381
2009-10-28,1042.6300048828125,-1.97343861452413
2009-10-29,1066.1099853515625,2.227012433396776
2009-10-30,1036.18994140625,-2.8466028015250755
2009-11-02,1042.8800048828125,0.643565319102102
2009-11-03,1045.4100341796875,0.2423064313306145
2009-11-04,1046.5,0.1042077241505182
2009-11-05,1066.6300048828125,1.9052887220614023
2009-11-06,1069.300048828125,0.2500124319576515
2009-11-09,1093.0799560546875,2.1995084915274346
2009-11-10,1093.010009765625,-0.0063992141384837
2009-11-11,1098.510009765625,0.5019357795690984
2009-11-12,1087.239990234375,-1.0312359059078018
2009-11-13,1093.47998046875,0.5722887256427731
2009-11-16,1109.300048828125,1.436397656849818
2009-11-17,1110.3199462890625,0.0918983911623726
2009-11-18,1109.800048828125,-0.046835078426778
2009-11-19,1094.9000244140625,-1.3516805711666349
2009-11-20,1091.3800048828125,-0.3220102206201698
2009-11-23,1106.239990234375,1.352391393433508
2009-11-24,1105.6500244140625,-0.0533449520903749
2009-11-25,1110.6300048828125,0.4494006880236033
2009-11-27,1091.489990234375,-1.7383699967934212
2009-11-30,1095.6300048828125,0.3785818430065039
2009-12-01,1108.8599853515625,1.2002902588402555
2009-12-02,1109.239990234375,0.0342639998839418
2009-12-03,1099.9200439453125,-0.8437597492034073
2009-12-04,1105.97998046875,0.5494312254292437
2009-12-07,1103.25,-0.2471432926803079
2009-12-08,1091.93994140625,-1.0304492069516176
2009-12-09,1095.949951171875,0.3665645395977853
2009-12-10,1102.3499755859375,0.5822720019583755
2009-12-11,1106.4100341796875,0.3676328028912493
2009-12-14,1114.1099853515625,0.6935296207216682
2009-12-15,1107.9300537109375,-0.5562408837016108
2009-12-16,1109.1800537109375,0.112759409490769
2009-12-17,1096.0799560546875,-1.188091353803201
2009-12-18,1102.469970703125,0.5812952040880973
2009-12-21,1114.050048828125,1.0448977120226208
2009-12-22,1118.02001953125,0.3557213499394716
2009-12-23,1120.5899658203125,0.2296020686836971
2009-12-24,1126.47998046875,0.5242407471724702
2009-12-28,1127.780029296875,0.1153415281841075
2009-12-29,1126.199951171875,-0.1402034088609116
2009-12-30,1126.4200439453125,0.0195410477235408
2009-12-31,1115.0999755859375,-1.0100435863962351
2010-01-04,1132.989990234375,1.5916082167126386
2010-01-05,1136.52001953125,0.3110831966759719
2010-01-06,1137.1400146484375,0.0545371887823413
2010-01-07,1141.68994140625,0.3993218354654243
2010-01-08,1144.97998046875,0.2877583075096213
2010-01-11,1146.97998046875,0.174523162858463
2010-01-12,1136.219970703125,-0.942544643894456
2010-01-13,1145.6800537109375,0.8291456333360419
2010-01-14,1148.4599609375,0.2423486421414183
2010-01-15,1136.030029296875,-1.0882126301208588
2010-01-19,1150.22998046875,1.2422151207737095
2010-01-20,1138.0400390625,-1.0654386601861303
2010-01-21,1116.47998046875,-1.9126657272987804
2010-01-22,1091.760009765625,-2.238977963010898
2010-01-25,1096.780029296875,0.4587559053796009
2010-01-26,1092.1700439453125,-0.4212057847785588
2010-01-27,1097.5,0.4868282868611808
2010-01-28,1084.530029296875,-1.188812553427926
2010-01-29,1073.8699951171875,-0.9877799049982582
2010-02-01,1089.18994140625,1.4165305546369655
2010-02-02,1103.3199462890625,1.28895204452028
2010-02-03,1097.280029296875,-0.5489350382538535
2010-02-04,1063.1099853515625,-3.1635856049806907
2010-02-05,1066.18994140625,0.2892930360826602
2010-02-08,1056.739990234375,-0.8902803100374193
2010-02-09,1070.52001953125,1.295584177358637
2010-02-10,1068.1300048828125,-0.2235069428007423
2010-02-11,1078.469970703125,0.9633882335101288
2010-02-12,1075.510009765625,-0.2748366119941131
2010-02-16,1094.8699951171875,1.7840653536261433
2010-02-17,1099.510009765625,0.4229004596710373
2010-02-18,1106.75,0.6563157733795463
2010-02-19,1109.1700439453125,0.2184234863591005
2010-02-22,1108.010009765625,-0.1046405124920322
2010-02-23,1094.5999755859375,-1.21766449451987
2010-02-24,1105.239990234375,0.9673519697189884
2010-02-25,1102.93994140625,-0.2083208552865154
2010-02-26,1104.489990234375,0.1404392556857944
2010-03-01,1115.7099609375,1.0107257423603735
2010-03-02,1118.31005859375,0.2327731002886269
2010-03-03,1118.7900390625,0.0429109521400398
2010-03-04,1122.969970703125,0.3729156079571379
2010-03-05,1138.699951171875,1.391028280160398
2010-03-08,1138.5,-0.0175611432176536
2010-03-09,1140.449951171875,0.1711272023972104
2010-03-10,1145.6099853515625,0.451435490421295
2010-03-11,1150.239990234375,0.4033374313505969
2010-03-12,1149.989990234375,-0.0217369570092697
2010-03-15,1150.510009765625,0.0452092623435897
2010-03-16,1159.4599609375,0.7749014983159959
2010-03-17,1166.2099609375,0.5804795332563638
2010-03-18,1165.8299560546875,-0.0325899126689094
2010-03-19,1159.9000244140625,-0.5099426451612706
2010-03-22,1165.81005859375,0.5082359099180065
2010-03-23,1174.1700439453125,0.7145377784800172
2010-03-24,1167.719970703125,-0.5508447887288308
2010-03-25,1165.72998046875,-0.1705621083328679
2010-03-26,1166.5899658203125,0.0737450615988413
2010-03-29,1173.219970703125,0.5667146312798056
2010-03-30,1173.27001953125,0.0042658462930388
2010-03-31,1169.4300537109375,-0.327824231803275
2010-04-01,1178.0999755859375,0.7386454005524301
2010-04-05,1187.43994140625,0.7896729443087884
2010-04-06,1189.43994140625,0.1682878875349027
2010-04-07,1182.449951171875,-0.5894042967262019
2010-04-08,1186.43994140625,0.3368661430854927
2010-04-09,1194.3699951171875,0.666166829683167
2010-04-12,1196.47998046875,0.1765050857140109
2010-04-13,1197.300048828125,0.0685166039836841
2010-04-14,1210.6500244140625,1.1088363099908616
2010-04-15,1211.6700439453125,0.084218399117682
2010-04-16,1192.1300048828125,-1.6257982418547083
2010-04-19,1197.52001953125,0.4511140739529798
2010-04-20,1207.1700439453125,0.8026045737071379
2010-04-21,1205.93994140625,-0.101951643570197
2010-04-22,1208.6700439453125,0.2261320643090196
2010-04-23,1217.280029296875,0.7098267683218249
2010-04-26,1212.050048828125,-0.4305704355093108
2010-04-27,1183.7099609375,-2.3659640178701644
2010-04-28,1191.3599853515625,0.6441958378180899
2010-04-29,1206.780029296875,1.2860180281289573
2010-04-30,1186.68994140625,-1.6787810139866297
2010-05-03,1202.260009765625,1.303525745326214
2010-05-04,1173.5999755859375,-2.412719995741821
2010-05-05,1165.8699951171875,-0.6608341800780098
2010-05-06,1128.1500244140625,-3.2888440643963666
2010-05-07,1110.8800048828125,-1.5426646180907493
2010-05-10,1159.72998046875,4.303470414561544
2010-05-11,1155.7900390625,-0.3403075918466228
2010-05-12,1171.6700439453125,1.3645992401824485
2010-05-13,1157.43994140625,-1.221949988922511
2010-05-14,1135.6800537109375,-1.8978981387949807
2010-05-17,1136.93994140625,0.1108753621008436
2010-05-18,1120.800048828125,-1.429763178499772
2010-05-19,1115.050048828125,-0.5143468860015589
2010-05-20,1071.5899658203125,-3.9755795837766263
2010-05-21,1087.68994140625,1.4912632585704335
2010-05-24,1073.6500244140625,-1.299204632368772
2010-05-25,1074.030029296875,0.035387476465256
2010-05-26,1067.949951171875,-0.5677078693651669
2010-05-27,1103.06005859375,3.2347311768677054
2010-05-28,1089.4100341796875,-1.2451892345405802
2010-06-01,1070.7099609375,-1.7314353324598772
2010-06-02,1098.3800048828125,2.551442810834267
2010-06-03,1102.8299560546875,0.4043191983442443
2010-06-04,1064.8800048828125,-3.5017442089831103
2010-06-07,1050.469970703125,-1.3624466165715647
2010-06-08,1062.0,1.091626764351899
2010-06-09,1055.68994140625,-0.5959396741888011
2010-06-10,1086.8399658203125,2.907984566617691
2010-06-11,1091.5999755859375,0.4370115742617509
2010-06-14,1089.6300048828125,-0.1806293931756723
2010-06-15,1115.22998046875,2.322245059850045
2010-06-16,1114.6099853515625,-0.0556089354095426
2010-06-17,1116.0400390625,0.1282185812389404
2010-06-18,1117.510009765625,0.1316264138454906
2010-06-21,1113.199951171875,-0.3864297943398893
2010-06-22,1095.31005859375,-1.620122508698942
2010-06-23,1092.0400390625,-0.298993926106872
2010-06-24,1073.68994140625,-1.6946283204951271
2010-06-25,1076.760009765625,0.2855281931545411
2010-06-28,1074.5699462890625,-0.203600961065444
2010-06-29,1041.239990234375,-3.150823034220892
2010-06-30,1030.7099609375,-1.016445397333528
2010-07-01,1027.3699951171875,-0.3245713309244112
2010-07-02,1022.5800170898438,-0.4673271754301508
2010-07-06,1028.06005859375,0.5344725887457726
2010-07-07,1060.27001953125,3.0850023008263836
2010-07-08,1070.25,0.936865495165787
2010-07-09,1077.9599609375,0.7178063766629461
2010-07-12,1078.75,0.0732633605952817
2010-07-13,1095.3399658203125,1.5261822735573063
2010-07-14,1095.1700439453125,-0.0155143664793419
2010-07-15,1096.47998046875,0.1195388556413606
2010-07-16,1064.8800048828125,-2.924290970075012
2010-07-19,1071.25,0.5964069587908596
2010-07-20,1083.47998046875,1.1351874168992775
2010-07-21,1069.5899658203125,-1.2902699582286208
2010-07-22,1093.6700439453125,2.2263687822425644
2010-07-23,1102.6600341796875,0.8186420184344789
2010-07-26,1115.010009765625,1.113790871672976
2010-07-27,1113.8399658203125,-0.104990830751979
2010-07-28,1106.1300048828125,-0.6946032638280119
2010-07-29,1101.530029296875,-0.4167292220516642
2010-07-30,1101.5999755859375,0.006349719619899
2010-08-02,1125.8599853515625,2.178352878116676
2010-08-03,1120.4599609375,-0.4807894641330393
2010-08-04,1127.239990234375,0.6032878060028029
2010-08-05,1125.81005859375,-0.1269329843214742
2010-08-06,1121.6400146484375,-0.3710915566397296
2010-08-09,1127.7900390625,0.5468087107405527
2010-08-10,1121.06005859375,-0.5985281603927614
2010-08-11,1089.469970703125,-2.8583405997961564
2010-08-12,1083.6099853515625,-0.5393266400071398
2010-08-13,1079.25,-0.4031690712189038
2010-08-16,1079.3800048828125,0.0120451288711514
2010-08-17,1092.5400390625,1.2118489601347648
2010-08-18,1094.1600341796875,0.148168048593926
2010-08-19,1075.6300048828125,-1.708043585689712
2010-08-20,1071.68994140625,-0.3669753922919338
2010-08-23,1067.3599853515625,-0.40484907945532
2010-08-24,1051.8699951171875,-1.4618768361991257
2010-08-25,1055.3299560546875,0.3283944691638116
2010-08-26,1047.219970703125,-0.7714466580892417
2010-08-27,1064.5899658203125,1.645071040328303
2010-08-30,1048.9200439453125,-1.4828611113085737
2010-08-31,1049.3299560546875,0.0390718088492601
2010-09-01,1080.2900390625,2.9077736386750193
2010-09-02,1090.0999755859375,0.903985298673457
2010-09-03,1104.510009765625,1.3132393793160997
2010-09-07,1091.8399658203125,-1.1537491412768317
2010-09-08,1098.8699951171875,0.6418059490903166
2010-09-09,1104.1800537109375,0.4820652058996721
2010-09-10,1109.550048828125,0.4851545040690317
2010-09-13,1121.9000244140625,1.106912660314444
2010-09-14,1121.0999755859375,-0.0713373929606734
2010-09-15,1125.0699462890625,0.353488380226877
2010-09-16,1124.6600341796875,-0.036441005584664
2010-09-17,1125.5899658203125,0.0826514114932464
2010-09-20,1142.7099609375,1.5095287889557545
2010-09-21,1139.780029296875,-0.2567313120713856
2010-09-22,1134.280029296875,-0.4837172794451643
2010-09-23,1124.8299560546875,-0.8366240177841381
2010-09-24,1148.6700439453125,2.0972915547808246
2010-09-27,1142.1600341796875,-0.5683553181933576
2010-09-28,1147.699951171875,0.4838660735848585
2010-09-29,1144.72998046875,-0.2591112883144724
2010-09-30,1141.199951171875,-0.3088486706455259
2010-10-01,1146.239990234375,0.4406714359894575
2010-10-04,1137.030029296875,-0.8067386519721716
2010-10-05,1160.75,2.064672250716406
2010-10-06,1159.969970703125,-0.0672230459595621
2010-10-07,1158.06005859375,-0.164787558179349
2010-10-08,1165.1500244140625,0.6103613171284074
2010-10-11,1165.3199462890625,0.0145826273187111
2010-10-12,1169.77001953125,0.3811483664149656
2010-10-13,1178.0999755859375,0.7095785561559261
2010-10-14,1173.81005859375,-0.3648032184403023
2010-10-15,1176.18994140625,0.2025432873275127
2010-10-18,1184.7099609375,0.721763469070623
2010-10-19,1165.9000244140625,-1.6004644029054833
2010-10-20,1178.1700439453125,1.0469082613678415
2010-10-21,1180.260009765625,0.1772336952799177
2010-10-22,1183.0799560546875,0.2386408784290639
2010-10-25,1185.6199951171875,0.214467014688162
2010-10-26,1185.6400146484375,0.0016885142218022
2010-10-27,1182.449951171875,-0.2694209639216564
2010-10-28,1183.780029296875,0.1124217236756492
2010-10-29,1183.260009765625,-0.0439383813568332
2010-11-01,1184.3800048828125,0.0946085717253016
2010-11-02,1193.5699462890625,0.7729336064693736
2010-11-03,1197.9599609375,0.3671306443685746
2010-11-04,1221.06005859375,1.9099304409664533
2010-11-05,1225.8499755859375,0.3915079053611362
2010-11-08,1223.25,-0.2123209822860658
2010-11-09,1213.4000244140625,-0.8084894540661062
2010-11-10,1218.7099609375,0.4366533579725262
2010-11-11,1213.5400390625,-0.4251149890857143
2010-11-12,1199.2099609375,-1.1878766244753407
2010-11-15,1197.75,-0.1218177309455082
2010-11-16,1178.3399658203125,-1.6338157414688126
2010-11-17,1178.5899658203125,0.0212140375987729
2010-11-18,1196.68994140625,1.5240583543647692
2010-11-19,1199.72998046875,0.2537151911910495
2010-11-22,1197.8399658203125,-0.1576608885061295
2010-11-23,1180.72998046875,-1.4387031590549966
2010-11-24,1198.3499755859375,1.481271551861717
2010-11-26,1189.4000244140625,-0.749659142423389
2010-11-29,1187.760009765625,-0.1379810265237083
2010-11-30,1180.550048828125,-0.6088715610163862
2010-12-01,1206.0699462890625,2.138662226312978
2010-12-02,1221.530029296875,1.273710016062085
2010-12-03,1224.7099609375,0.2599854016351503
2010-12-06,1223.1199951171875,-0.1299082103300364
2010-12-07,1223.75,0.0514947584458007
2010-12-08,1228.280029296875,0.3694925752614823
2010-12-09,1233.0,0.3835383567009256
2010-12-10,1240.4000244140625,0.5983703744360294
2010-12-13,1240.4599609375,0.0048319150458452
2010-12-14,1241.5899658203125,0.0910541684680049
2010-12-15,1235.22998046875,-0.5135617015335396
2010-12-16,1242.8699951171875,0.6166045704273937
2010-12-17,1243.9100341796875,0.083645445989307
2010-12-20,1247.0799560546875,0.2545111460542946
2010-12-21,1254.5999755859375,0.60119938497866
2010-12-22,1258.8399658203125,0.3373857625542624
2010-12-23,1256.77001953125,-0.1645681777604647
2010-12-27,1257.5400390625,0.061250962481097
2010-12-28,1258.510009765625,0.0771026595142012
2010-12-29,1259.780029296875,0.1008636510664864
2010-12-30,1257.8800048828125,-0.150935769641743
2010-12-31,1257.6400146484375,-0.0190807652683977
2011-01-03,1271.8699951171875,1.125129414776139
2011-01-04,1270.199951171875,-0.1313924652635054
2011-01-05,1276.56005859375,0.4994676074308498
2011-01-06,1273.8499755859375,-0.2125214370637225
2011-01-07,1271.5,-0.1846485769081899
2011-01-10,1269.75,-0.1377275180819885
2011-01-11,1274.47998046875,0.3718206258407198
2011-01-12,1285.9599609375,0.8967253798850817
2011-01-13,1283.760009765625,-0.1712211240459357
2011-01-14,1293.239990234375,0.7357410347301483
2011-01-18,1295.02001953125,0.1375464266183254
2011-01-19,1281.9200439453125,-1.0167165793385584
2011-01-20,1280.260009765625,-0.1295798403833902
2011-01-21,1283.3499755859375,0.2410637604260442
2011-01-24,1290.8399658203125,0.5819315234595438
2011-01-25,1291.1800537109375,0.0263427773618527
2011-01-26,1296.6300048828125,0.4212024148480004
2011-01-27,1299.5400390625,0.2241791060799816
2011-01-28,1276.3399658203125,-1.8013805424182845
2011-01-31,1286.1199951171875,0.7633349932881147
2011-02-01,1307.5899658203125,1.6555791837834375
2011-02-02,1304.030029296875,-0.2726230259362927
2011-02-03,1307.0999755859375,0.235143229012668
2011-02-04,1310.8699951171875,0.2880111062752558
2011-02-07,1319.050048828125,0.6220782345952653
2011-02-08,1324.5699462890625,0.4176020375839696
2011-02-09,1320.8800048828125,-0.2789653077800705
2011-02-10,1321.8699951171875,0.0749212207498601
2011-02-11,1329.1500244140625,0.5492261501886461
2011-02-14,1332.3199462890625,0.2382084644068833
2011-02-15,1328.010009765625,-0.3240154691578971
2011-02-16,1336.3199462890625,0.6237938698850808
2011-02-17,1340.4300537109375,0.3070970880380493
2011-02-18,1343.010009765625,0.1922872722024487
2011-02-22,1315.43994140625,-2.0742204920454523
2011-02-23,1307.4000244140625,-0.6130715010508628
2011-02-24,1306.0999755859375,-0.0994871961242903
2011-02-25,1319.8800048828125,1.0495248165324718
2011-02-28,1327.219970703125,0.5545679951233037
2011-03-01,1306.3299560546875,-1.586486179105863
2011-03-02,1308.43994140625,0.1613897889520178
2011-03-03,1330.969970703125,1.7072434579238578
2011-03-04,1321.1500244140625,-0.740538978936872
2011-03-07,1310.1300048828125,-0.8376215256269803
2011-03-08,1321.8199462890625,0.8883161530176172
2011-03-09,1320.02001953125,-0.1362631392970809
2011-03-10,1295.1099853515625,-1.9051280476330656
2011-03-11,1304.280029296875,0.7055564524569619
2011-03-14,1296.3900146484375,-0.6067696956773772
2011-03-15,1281.8699951171875,-1.1263544394845546
2011-03-16,1256.8800048828125,-1.9687481949372256
2011-03-17,1273.719970703125,1.3309266231874255
2011-03-18,1279.2099609375,0.4300939582545809
2011-03-21,1298.3800048828125,1.487466793018228
2011-03-22,1293.77001953125,-0.355688534103817
2011-03-23,1297.5400390625,0.2909742258502921
2011-03-24,1309.6600341796875,0.9297393435475378
2011-03-25,1313.800048828125,0.3156151002188939
2011-03-28,1310.18994140625,-0.2751618499391395
2011-03-29,1319.43994140625,0.7035239607301627
2011-03-30,1328.260009765625,0.6662462626235184
2011-03-31,1325.8299560546875,-0.1831177104975248
2011-04-01,1332.4100341796875,0.4950712944456071
2011-04-04,1332.8699951171875,0.0345150180851755
2011-04-05,1332.6300048828125,-0.018007145753026
2011-04-06,1335.5400390625,0.2181296758153027
2011-04-07,1333.510009765625,-0.1521162699225294
2011-04-08,1328.1700439453125,-0.4012483000974196
2011-04-11,1324.4599609375,-0.279728829140217
2011-04-12,1314.1600341796875,-0.7807095445724583
2011-04-13,1314.4100341796875,0.0190217490310104
2011-04-14,1314.52001953125,0.008367309086169
2011-04-15,1319.6800537109375,0.3917728825568013
2011-04-18,1305.1400146484375,-1.1078997728577973
2011-04-19,1312.6199951171875,0.5714810218094469
2011-04-20,1330.3599853515625,1.3424435132347328
2011-04-21,1337.3800048828125,0.5262908499655702
2011-04-25,1335.25,-0.1593939550095812
2011-04-26,1347.239990234375,0.8939507790192993
2011-04-27,1355.6600341796875,0.6230397799828821
2011-04-28,1360.47998046875,0.3549118471434546
2011-04-29,1363.6099853515625,0.2298019742020782
2011-05-02,1361.219970703125,-0.1754249109045456
2011-05-03,1356.6199951171875,-0.338502637105266
2011-05-04,1347.3199462890625,-0.6878914252832363
2011-05-05,1335.0999755859375,-0.9111217180694527
2011-05-06,1340.199951171875,0.3812642995876722
2011-05-09,1346.2900390625,0.4533870101931406
2011-05-10,1357.1600341796875,0.804161600966336
2011-05-11,1342.0799560546875,-1.1173689687885626
2011-05-12,1348.6500244140625,0.4883493672167491
2011-05-13,1337.77001953125,-0.8100047045425268
2011-05-16,1329.469970703125,-0.6223718638095737
2011-05-17,1328.97998046875,-0.0368628523330036
2011-05-18,1340.6800537109375,0.8765271983703135
2011-05-19,1343.5999755859375,0.2175572589167488
2011-05-20,1333.27001953125,-0.7717974612614023
2011-05-23,1317.3699951171875,-1.1997264840988668
2011-05-24,1316.280029296875,-0.0827722645331466
2011-05-25,1320.469970703125,0.3178113156669572
2011-05-26,1325.68994140625,0.3945322767699228
2011-05-27,1331.0999755859375,0.4072615318765918
2011-05-31,1345.199951171875,1.053701485636789
2011-06-01,1314.550048828125,-2.304822570064041
2011-06-02,1312.93994140625,-0.1225586114047521
2011-06-03,1300.1600341796875,-0.978149266519151
2011-06-06,1286.1700439453125,-1.0818516013722312
2011-06-07,1284.93994140625,-0.0956865042667683
2011-06-08,1279.56005859375,-0.4195664421607697
2011-06-09,1289.0,0.7350409328991669
2011-06-10,1270.97998046875,-1.407848288184634
2011-06-13,1271.8299560546875,0.0668532559501226
2011-06-14,1287.8699951171875,1.253291348510731
2011-06-15,1265.4200439453125,-1.7585569507258008
2011-06-16,1267.6400146484375,0.1752797975682748
2011-06-17,1271.5,0.3040390291799793
2011-06-20,1278.3599853515625,0.5380689090158733
2011-06-21,1295.52001953125,1.33341790614636
2011-06-22,1287.1400146484375,-0.6489459844407727
2011-06-23,1283.5,-0.2831992858193941
2011-06-24,1268.449951171875,-1.1795077176858442
2011-06-27,1280.0999755859375,0.9142536655730836
2011-06-28,1296.6700439453125,1.2861292735996777
2011-06-29,1307.4100341796875,0.8248633534913172
2011-06-30,1320.6400146484375,1.0068371595162744
2011-07-01,1339.6700439453125,1.4306869106082432
2011-07-05,1337.8800048828125,-0.1337072545078201
2011-07-06,1339.219970703125,0.1001057819605282
2011-07-07,1353.219970703125,1.0399582892092554
2011-07-08,1343.800048828125,-0.6985458106936123
2011-07-11,1319.489990234375,-1.8256166936573937
2011-07-12,1313.6400146484375,-0.4443369829837216
2011-07-13,1317.719970703125,0.3101027109122117
2011-07-14,1308.8699951171875,-0.6738782369334765
2011-07-15,1316.1400146484375,0.5539055540283085
2011-07-18,1305.43994140625,-0.8163117539368405
2011-07-19,1326.72998046875,1.617714964684356
2011-07-20,1325.8399658203125,-0.0671058407399806
2011-07-21,1343.800048828125,1.3455262786265243
2011-07-22,1345.02001953125,0.0907439513112766
2011-07-25,1337.4300537109375,-0.5658995223243947
2011-07-26,1331.93994140625,-0.411342006232854
2011-07-27,1304.8900146484375,-2.051772480729147
2011-07-28,1300.6700439453125,-0.3239207155505587
2011-07-29,1292.280029296875,-0.6471427287173138
2011-08-01,1286.93994140625,-0.4140860866230743
2011-08-02,1254.050048828125,-2.5888909190623943
2011-08-03,1260.3399658203125,0.5003145952717516
2011-08-04,1200.0699462890625,-4.90016550437416
2011-08-05,1199.3800048828125,-0.057508298927246
2011-08-08,1119.4599609375,-6.895836939262512
2011-08-09,1172.530029296875,4.631744106338802
2011-08-10,1120.760009765625,-4.515679702747438
2011-08-11,1172.6400146484375,4.5250594363771555
2011-08-12,1178.81005859375,0.5247875067275939
2011-08-15,1204.489990234375,2.1550727976033657
2011-08-16,1192.760009765625,-0.9786275177620172
2011-08-17,1193.8900146484375,0.0946938139812665
2011-08-18,1140.6500244140625,-4.561859893236344
2011-08-19,1123.530029296875,-1.5122756128207964
2011-08-22,1123.8199462890625,0.0258007873224272
2011-08-23,1162.3499755859375,3.3710248386474015
2011-08-24,1177.5999755859375,1.3034651368546804
2011-08-25,1159.27001953125,-1.568793473796148
2011-08-26,1176.800048828125,1.5008418274915636
2011-08-29,1210.0799560546875,2.788750501216433
2011-08-30,1212.9200439453125,0.2344275023769241
2011-08-31,1218.8900146484375,0.4909908712070555
2011-09-01,1204.4200439453125,-1.1942460792303735
2011-09-02,1173.969970703125,-2.5607017291752765
2011-09-06,1165.239990234375,-0.7464076457609709
2011-09-07,1198.6199951171875,2.8243824959147195
2011-09-08,1185.9000244140625,-1.066889038730246
2011-09-09,1154.22998046875,-2.706856251096215
2011-09-12,1162.27001953125,0.6941568182022928
2011-09-13,1172.8699951171875,0.9078726180354302
2011-09-14,1188.6800537109375,1.338976051823038
2011-09-15,1209.1099853515625,1.704104671810514
2011-09-16,1216.010009765625,0.5690475561935461
2011-09-19,1204.0899658203125,-0.985094868808036
2011-09-20,1202.0899658203125,-0.1662386452724142
2011-09-21,1166.760009765625,-2.9830995087147443
2011-09-22,1129.56005859375,-3.2402456759229787
2011-09-23,1136.4300537109375,0.6063588829469748
2011-09-26,1162.949951171875,2.306802129696945
2011-09-27,1175.3800048828125,1.0631665357294655
2011-09-28,1151.06005859375,-2.090819585269548
2011-09-29,1160.4000244140625,0.8081486435358656
2011-09-30,1131.4200439453125,-2.529127447886567
2011-10-03,1099.22998046875,-2.886360290378494
2011-10-04,1123.949951171875,2.223930613115467
2011-10-05,1144.030029296875,1.7707918945510777
2011-10-06,1164.969970703125,1.813816846648048
2011-10-07,1155.4599609375,-0.819681118762265
2011-10-10,1194.8900146484375,3.3555643919288363
2011-10-11,1195.5400390625,0.0543855637252652
2011-10-12,1207.25,0.9747046937638062
2011-10-13,1203.6600341796875,-0.2978102395136133
2011-10-14,1224.5799560546875,1.7230948802478143
2011-10-17,1200.8599853515625,-1.955993759944958
2011-10-18,1225.3800048828125,2.021304938031121
2011-10-19,1209.8800048828125,-1.2729818787026608
2011-10-20,1215.3900146484375,0.4543839821084399
2011-10-21,1238.25,1.863406749243458
2011-10-24,1254.18994140625,1.279080668037179
2011-10-25,1229.050048828125,-2.0248346199382077
2011-10-26,1242.0,1.048143054408723
2011-10-27,1284.5899658203125,3.3716591168134338
2011-10-28,1285.0899658203125,0.0389153528541357
2011-10-31,1253.300048828125,-2.5048616612977614
2011-11-01,1218.280029296875,-2.834005962159464
2011-11-02,1237.9000244140625,1.5976363304397203
2011-11-03,1261.1500244140625,1.8607607200930416
2011-11-04,1253.22998046875,-0.6299819537189565
2011-11-07,1261.1199951171875,0.6276008211166596
2011-11-08,1275.9200439453125,1.1667310321725162
2011-11-09,1229.0999755859375,-3.7385347098988095
2011-11-10,1239.699951171875,0.8587201099481742
2011-11-11,1263.8499755859375,1.929322300451355
2011-11-14,1251.780029296875,-0.9596036687554768
2011-11-15,1257.81005859375,0.480559827730043
2011-11-16,1236.9100341796875,-1.6755798341954984
2011-11-17,1216.1300048828125,-1.6942671987706432
2011-11-18,1215.6500244140625,-0.0394756490472428
2011-11-21,1192.97998046875,-1.882457110494877
2011-11-22,1188.0400390625,-0.4149438857005794
2011-11-23,1161.7900390625,-2.2342970458596256
2011-11-25,1158.6700439453125,-0.2689119300250522
2011-11-28,1192.550048828125,2.882107903860992
2011-11-29,1195.18994140625,0.2211206969396991
2011-11-30,1246.9599609375,4.240343833622763
2011-12-01,1244.5799560546875,-0.1910469577852648
2011-12-02,1244.280029296875,-0.0241015373327281
2011-12-05,1257.0799560546875,1.02344632992658
2011-12-06,1258.469970703125,0.1105137906526291
2011-12-07,1261.010009765625,0.201632078265752
2011-12-08,1234.3499755859375,-2.1368498950929857
2011-12-09,1255.18994140625,1.6742412907085384
2011-12-12,1236.469970703125,-1.502638690477899
2011-12-13,1225.72998046875,-0.8723953020305214
2011-12-14,1211.8199462890625,-1.141325149713759
2011-12-15,1215.75,0.3237852858081692
2011-12-16,1219.6600341796875,0.3210989101900451
2011-12-19,1205.3499755859375,-1.180219845855773
2011-12-20,1241.300048828125,2.938929593094407
2011-12-21,1243.719970703125,0.1947608164854339
2011-12-22,1254.0,0.8231577169829831
2011-12-23,1265.3299560546875,0.8994480783105518
2011-12-27,1265.4300537109375,0.0079104819039186
2011-12-28,1249.6400146484375,-1.2556506256502389
2011-12-29,1263.02001953125,1.0650172463280614
2011-12-30,1257.5999755859375,-0.4300570740064627
2012-01-03,1277.06005859375,1.5355483670177896
2012-01-04,1277.300048828125,0.0187906344437293
2012-01-05,1281.06005859375,0.2939392669493865
2012-01-06,1277.81005859375,-0.2540185002539133
2012-01-09,1280.699951171875,0.2259044362608636
2012-01-10,1292.0799560546875,0.88465236130604
2012-01-11,1292.47998046875,0.0309549344632173
2012-01-12,1295.5,0.2333882738569188
2012-01-13,1289.0899658203125,-0.4960204447869401
2012-01-17,1293.6700439453125,0.3546657768174128
2012-01-18,1308.0400390625,1.104668913022228
2012-01-19,1314.5,0.4926501717244015
2012-01-20,1315.3800048828125,0.0669235793285626
2012-01-23,1316.0,0.047123192204085
2012-01-24,1314.6500244140625,-0.1026343825223596
2012-01-25,1326.06005859375,0.8641694717196025
2012-01-26,1318.4300537109375,-0.5770508287989055
2012-01-27,1316.3299560546875,-0.1594147545290945
2012-01-30,1313.010009765625,-0.2525309086345372
2012-01-31,1312.4100341796875,-0.0457051128077936
2012-02-01,1324.0899658203125,0.8860237474265962
2012-02-02,1325.5400390625,0.1094547830667123
2012-02-03,1344.9000244140625,1.449972594810765
2012-02-06,1344.3299560546875,-0.0423964013531118
2012-02-07,1347.050048828125,0.2021337525470153
2012-02-08,1349.9599609375,0.2157880933325035
2012-02-09,1351.949951171875,0.147302512587866
2012-02-10,1342.6400146484375,-0.6910122643616179
2012-02-13,1351.77001953125,0.6777023326497382
2012-02-14,1350.5,-0.0939965003925926
2012-02-15,1343.22998046875,-0.5397747536216692
2012-02-16,1358.0400390625,1.09653658332769
2012-02-17,1361.22998046875,0.2346175882940296
2012-02-21,1362.2099609375,0.0719663757695736
2012-02-22,1357.6600341796875,-0.3345697412145528
2012-02-23,1363.4599609375,0.426290318060624
2012-02-24,1365.739990234375,0.1670841175508428
2012-02-27,1367.5899658203125,0.1353642551879206
2012-02-28,1372.1800537109375,0.3350713492314775
2012-02-29,1365.6800537109375,-0.4748242756953383
2012-03-01,1374.0899658203125,0.6139156544532941
2012-03-02,1369.6300048828125,-0.325103502785812
2012-03-05,1364.3299560546875,-0.387720050282114
2012-03-06,1343.3599853515625,-1.5489506127544146
2012-03-07,1352.6300048828125,0.6876921722994126
2012-03-08,1365.9100341796875,0.9770049174722242
2012-03-09,1370.8699951171875,0.3624673020731523
2012-03-12,1371.0899658203125,0.016044778678812
2012-03-13,1395.949951171875,1.7969133090434228
2012-03-14,1394.280029296875,-0.1196978088596141
2012-03-15,1402.5999755859375,0.5949465701560221
2012-03-16,1404.1700439453125,0.1118772476700465
2012-03-19,1409.75,0.3965971514071156
2012-03-20,1405.52001953125,-0.3005028734390367
2012-03-21,1402.8900146484375,-0.1872949903774228
2012-03-22,1392.780029296875,-0.7232634226897842
2012-03-23,1397.1099853515625,0.3104036007556158
2012-03-26,1416.510009765625,1.3790299964088288
2012-03-27,1412.52001953125,-0.2820749754246321
2012-03-28,1405.5400390625,-0.4953758683289015
2012-03-29,1403.280029296875,-0.1609223943387386
2012-03-30,1408.469970703125,0.3691613621621361
2012-04-02,1419.0400390625,0.7476626120982405
2012-04-03,1413.3800048828125,-0.3996611820141247
2012-04-04,1398.9599609375,-1.0254926852538038
2012-04-05,1398.0799560546875,-0.0629240152421399
2012-04-09,1382.199951171875,-1.1423437999542612
2012-04-10,1358.5899658203125,-1.7229025277185803
2012-04-11,1368.7099609375,0.7421289800123757
2012-04-12,1387.5699462890625,1.3685315235975748
2012-04-13,1370.260009765625,-1.255346712505612
2012-04-16,1369.5699462890625,-0.0503727240173452
2012-04-17,1390.780029296875,1.5367979157954643
2012-04-18,1385.1400146484375,-0.4063533761746023
2012-04-19,1376.9200439453125,-0.5952075477202332
2012-04-20,1378.530029296875,0.1168582621337329
2012-04-23,1366.93994140625,-0.8443113102887432
2012-04-24,1371.969970703125,0.3673019641628904
2012-04-25,1390.68994140625,1.35523428987414
2012-04-26,1399.97998046875,0.6657952133507797
2012-04-27,1403.3599853515625,0.2411413929023093
2012-04-30,1397.9100341796875,-0.3891062275369614
2012-05-01,1405.8199462890625,0.5642435719684133
2012-05-02,1402.31005859375,-0.2499805576658762
2012-05-03,1391.5699462890625,-0.7688351103506842
2012-05-04,1369.0999755859375,-1.6278995721590046
2012-05-07,1369.5799560546875,0.0350519582897645
2012-05-08,1363.719970703125,-0.4287853134969311
2012-05-09,1354.5799560546875,-0.672482753178195
2012-05-10,1357.989990234375,0.2514247406385252
2012-05-11,1353.3900146484375,-0.3393091334281743
2012-05-14,1338.3499755859375,-1.1175073102338486
2012-05-15,1330.6600341796875,-0.5762408276502476
2012-05-16,1324.800048828125,-0.4413543928947924
2012-05-17,1304.8599853515625,-1.5165797405604462
2012-05-18,1295.219970703125,-0.7415201826754865
2012-05-21,1315.989990234375,1.5908684395839308
2012-05-22,1316.6300048828125,0.0486218795141868
2012-05-23,1318.8599853515625,0.1692270514548765
2012-05-24,1320.6800537109375,0.1379080158588088
2012-05-25,1317.8199462890625,-0.2167980702760717
2012-05-29,1332.4200439453125,1.101805527882847
2012-05-30,1313.3199462890625,-1.4438629304797284
2012-05-31,1310.3299560546875,-0.2279261060043257
2012-06-01,1278.0400390625,-2.4951295414361523
2012-06-04,1278.1800537109375,0.0109548194987798
2012-06-05,1285.5,0.5710514594359025
2012-06-06,1315.1300048828125,2.2787776048048256
2012-06-07,1314.989990234375,-0.0106470160167373
2012-06-08,1325.6600341796875,0.8081420799989608
2012-06-11,1308.9300537109375,-1.2700423815401067
2012-06-12,1324.1800537109375,1.1583389901239802
2012-06-13,1314.8800048828125,-0.7048030071104174
2012-06-14,1329.0999755859375,1.0756592649869776
2012-06-15,1342.8399658203125,1.0284745652146794
2012-06-18,1344.780029296875,0.1443703958935358
2012-06-19,1357.97998046875,0.9767834417612749
2012-06-20,1355.68994140625,-0.1687780512771723
2012-06-21,1325.510009765625,-2.2513208183375855
2012-06-22,1335.02001953125,0.7148989234504349
2012-06-25,1313.719970703125,-1.6083502390603004
2012-06-26,1319.989990234375,0.4761368161020214
2012-06-27,1331.8499755859375,0.894478141961743
2012-06-28,1329.0400390625,-0.2112028345766752
2012-06-29,1362.1600341796875,2.4614793734920246
2012-07-02,1365.510009765625,0.2456292158706836
2012-07-03,1374.02001953125,0.6212771568424255
2012-07-05,1367.5799560546875,-0.4698041566321199
2012-07-06,1354.6800537109375,-0.947741865558198
2012-07-09,1352.4599609375,-0.164017617051813
2012-07-10,1341.469970703125,-0.815912178959069
2012-07-11,1341.449951171875,-0.0014923688990578
2012-07-12,1334.760009765625,-0.4999574352459078
2012-07-13,1356.780029296875,1.6362759247573275
2012-07-16,1353.6400146484375,-0.2316995891620551
2012-07-17,1363.6700439453125,0.738235580991176
2012-07-18,1372.780029296875,0.6658275330085007
2012-07-19,1376.510009765625,0.2713415248511383
2012-07-20,1362.6600341796875,-1.0112620534169032
2012-07-23,1350.52001953125,-0.8948979003707246
2012-07-24,1338.31005859375,-0.908205019242412
2012-07-25,1337.8900146484375,-0.0313910722117955
2012-07-26,1360.02001953125,1.6405662864951118
2012-07-27,1385.969970703125,1.8900814490450273
2012-07-30,1385.300048828125,-0.0483476444610617
2012-07-31,1379.3199462890625,-0.4326172766220222
2012-08-01,1375.3199462890625,-0.2904192901745425
2012-08-02,1365.0,-0.7531963624136045
2012-08-03,1390.989990234375,1.8861288185302485
2012-08-06,1394.22998046875,0.2326560724057678
2012-08-07,1401.3499755859375,0.5093762742592908
2012-08-08,1402.219970703125,0.0620633807453192
2012-08-09,1402.800048828125,0.0413599995173019
2012-08-10,1405.8699951171875,0.2186050667104794
2012-08-13,1404.1099853515625,-0.1252685078193954
2012-08-14,1403.9300537109375,-0.0128154612019971
2012-08-15,1405.530029296875,0.1138991629449067
2012-08-16,1415.510009765625,0.7075420387505466
2012-08-17,1418.1600341796875,0.1870383739476702
2012-08-20,1418.1300048828125,-0.0021175053652821
2012-08-21,1413.1700439453125,-0.3503666814444632
2012-08-22,1413.489990234375,0.0226377623456796
2012-08-23,1402.0799560546875,-0.8104999597722565
2012-08-24,1411.1300048828125,0.6433988343262266
2012-08-27,1410.43994140625,-0.0489134420522445
2012-08-28,1409.300048828125,-0.0808509042796279
2012-08-29,1410.489990234375,0.0843992964299478
2012-08-30,1399.47998046875,-0.7836429729673381
2012-08-31,1406.5799560546875,0.5060469767645165
2012-09-04,1404.93994140625,-0.1166639322688079
2012-09-05,1403.43994140625,-0.1068231653288801
2012-09-06,1432.1199951171875,2.022953661200689
2012-09-07,1437.9200439453125,0.4041794988943029
2012-09-10,1429.0799560546875,-0.6166805654652836
2012-09-11,1433.56005859375,0.3130052101452872
2012-09-12,1436.56005859375,0.2090505602596938
2012-09-13,1459.989990234375,1.617817215384428
2012-09-14,1465.77001953125,0.3951135292808127
2012-09-17,1461.18994140625,-0.3129582860265519
2012-09-18,1459.3199462890625,-0.1280595132117327
2012-09-19,1461.050048828125,0.1184851744374258
2012-09-20,1460.260009765625,-0.0540879992821339
2012-09-21,1460.1500244140625,-0.0075321855717051
2012-09-24,1456.8900146484375,-0.2235150069379947
2012-09-25,1441.5899658203125,-1.0557389418567713
2012-09-26,1433.3199462890625,-0.5753253211740956
2012-09-27,1447.1500244140625,0.9602727708234702
2012-09-28,1440.6700439453125,-0.4487808236766832
2012-10-01,1444.489990234375,0.2647997667994667
2012-10-02,1445.75,0.0871906727265814
2012-10-03,1450.989990234375,0.3617857293033645
2012-10-04,1461.4000244140625,0.7148821731697362
2012-10-05,1460.9300537109375,-0.0321641084075123
2012-10-08,1455.8800048828125,-0.3462723847428905
2012-10-09,1441.47998046875,-0.9940182135141966
2012-10-10,1432.56005859375,-0.6207255566481142
2012-10-11,1432.8399658203125,0.0195370436984577
2012-10-12,1428.5899658203125,-0.2970544956016541
2012-10-15,1440.1300048828125,0.8045470752666933
2012-10-16,1454.9200439453125,1.0217555817170516
2012-10-17,1460.9100341796875,0.4108606125954804
2012-10-18,1457.3399658203125,-0.2446719876894957
2012-10-19,1433.18994140625,-1.671014460003599
2012-10-22,1433.8199462890625,0.0439485678550861
2012-10-23,1413.1099853515625,-1.454923497073801
2012-10-24,1408.75,-0.3090152483587832
2012-10-25,1412.969970703125,0.2991064948394708
2012-10-26,1411.93994140625,-0.0729247568644406
2012-10-31,1412.1600341796875,0.0155867551280532
2012-11-01,1427.5899658203125,1.0867212600985972
2012-11-02,1414.199951171875,-0.9423718242892511
2012-11-05,1417.260009765625,0.2161471345057592
2012-11-06,1428.3900146484375,0.7822509122727109
2012-11-07,1394.530029296875,-2.3990484179204747
2012-11-08,1377.510009765625,-1.22799333135091
2012-11-09,1379.8499755859375,0.169725127982159
2012-11-12,1380.030029296875,0.0130479376548562
2012-11-13,1374.530029296875,-0.3993383474745327
2012-11-14,1355.489990234375,-1.3948870444327603
2012-11-15,1353.3299560546875,-0.1594815957016725
2012-11-16,1359.8800048828125,0.4828274735175702
2012-11-19,1386.8900146484375,1.966737673954756
2012-11-20,1387.81005859375,0.0663166435827691
2012-11-21,1391.030029296875,0.2317493660971613
2012-11-23,1409.1500244140625,1.294220206896831
2012-11-26,1406.2900390625,-0.2031644269326344
2012-11-27,1398.93994140625,-0.5240293685227754
2012-11-28,1409.9300537109375,0.7825330760125263
2012-11-29,1415.949951171875,0.4260553566881813
2012-11-30,1416.1800537109375,0.0162494334068118
2012-12-03,1409.4599609375,-0.4756519166260062
2012-12-04,1407.050048828125,-0.1711275791054211
2012-12-05,1409.280029296875,0.1583607654586976
2012-12-06,1413.93994140625,0.3301135858709377
2012-12-07,1418.0699462890625,0.2916661999350491
2012-12-10,1418.550048828125,0.0338503249975896
2012-12-11,1427.8399658203125,0.6527531315292976
2012-12-12,1428.47998046875,0.0448139333956705
2012-12-13,1419.449951171875,-0.6341489977008348
2012-12-14,1413.5799560546875,-0.4143975679491531
2012-12-17,1430.3599853515625,1.180068803781103
2012-12-18,1446.7900390625,1.1421185666775555
2012-12-19,1435.81005859375,-0.7618145562821222
2012-12-20,1443.68994140625,0.5473104693568626
2012-12-21,1430.1500244140625,-0.9422944450144788
2012-12-24,1426.6600341796875,-0.2443278971266398
2012-12-26,1419.8299560546875,-0.4798956789925719
2012-12-27,1418.0999755859375,-0.1219184916266406
2012-12-28,1402.4300537109375,-1.1111445674961484
2012-12-31,1426.18994140625,1.680002726988578
2013-01-02,1462.4200439453125,2.5086115958697297
2013-01-03,1459.3699951171875,-0.2087795423524573
2013-01-04,1466.469970703125,0.4853299978981066
2013-01-07,1461.8900146484375,-0.3128003259122683
2013-01-08,1457.1500244140625,-0.3247639180733108
2013-01-09,1461.02001953125,0.265234535868163
2013-01-10,1472.1199951171875,0.756870010921085
2013-01-11,1472.050048828125,-0.0047515114977522
2013-01-14,1470.6800537109375,-0.093110490491978
2013-01-15,1472.3399658203125,0.1128033295304306
2013-01-16,1472.6300048828125,0.0196972509956261
2013-01-17,1480.93994140625,0.5627060541354582
2013-01-18,1485.97998046875,0.3397492378151099
2013-01-22,1492.56005859375,0.441833162771152
2013-01-23,1494.81005859375,0.1506341924293118
2013-01-24,1494.8199462890625,0.0006614661544302
2013-01-25,1502.9599609375,0.5430708661868183
2013-01-28,1500.1800537109375,-0.1851334274792124
2013-01-29,1507.8399658203125,0.5093003781205059
2013-01-30,1501.9599609375,-0.3907244671751714
2013-01-31,1498.1099853515625,-0.2566591958392015
2013-02-01,1513.1700439453125,1.000251322400968
2013-02-04,1495.7099609375,-1.16058327096515
2013-02-05,1511.2900390625,1.0362632222059642
2013-02-06,1512.1199951171875,0.0549019859133929
2013-02-07,1509.3900146484375,-0.1807031055856767
2013-02-08,1517.9300537109375,0.5641994585043149
2013-02-11,1517.010009765625,-0.0606301247638277
2013-02-12,1519.4300537109375,0.1594001137604206
2013-02-13,1520.3299560546875,0.0592087774790656
2013-02-14,1521.3800048828125,0.0690433265053607
2013-02-15,1519.7900390625,-0.1045627796013619
2013-02-19,1530.93994140625,0.7309694441361245
2013-02-20,1511.949951171875,-1.2481711430005844
2013-02-21,1502.4200439453125,-0.632300546566533
2013-02-22,1515.5999755859375,0.8734213386774423
2013-02-25,1487.8499755859375,-1.8479275584774388
2013-02-26,1496.93994140625,0.6090876862567387
2013-02-27,1515.989990234375,1.2645699119019571
2013-02-28,1514.6800537109375,-0.086445346145724
2013-03-01,1518.199951171875,0.2321159449526721
2013-03-04,1525.199951171875,0.460012654834963
2013-03-05,1539.7900390625,0.9520551872499976
2013-03-06,1541.4599609375,0.1083925055414681
2013-03-07,1544.260009765625,0.1814843617206424
2013-03-08,1551.1800537109375,0.447112871295497
2013-03-11,1556.219970703125,0.3243818865873685
2013-03-12,1552.47998046875,-0.2406145396801988
2013-03-13,1554.52001953125,0.1313189157170757
2013-03-14,1563.22998046875,0.5587352158971998
2013-03-15,1560.699951171875,-0.1619773749988756
2013-03-18,1552.0999755859375,-0.5525570335024047
2013-03-19,1548.3399658203125,-0.2425469726876229
2013-03-20,1558.7099609375,0.6675163815817943
2013-03-21,1545.800048828125,-0.8316923756005078
2013-03-22,1556.8900146484375,0.7148643803299891
2013-03-25,1551.68994140625,-0.3345629300947282
2013-03-26,1563.77001953125,0.7754963194634992
2013-03-27,1562.8499755859375,-0.0588523052564596
2013-03-28,1569.18994140625,0.4048463396191122
2013-04-01,1562.1700439453125,-0.4483616865356026
2013-04-02,1570.25,0.5158933898853431
2013-04-03,1553.68994140625,-1.0602133218841154
2013-04-04,1559.97998046875,0.4040279012737101
2013-04-05,1553.280029296875,-0.4304145168907639
2013-04-08,1563.0699462890625,0.6282958765270947
2013-04-09,1568.6099853515625,0.3538065806577469
2013-04-10,1587.72998046875,1.2115443329548887
2013-04-11,1593.3699951171875,0.3545956179576568
2013-04-12,1588.8499755859375,-0.2840798318549253
2013-04-15,1552.3599853515625,-2.323412455036433
2013-04-16,1574.5699462890625,1.4205840828064489
2013-04-17,1552.010009765625,-1.4431313685984553
2013-04-18,1541.6099853515625,-0.6723555969544303
2013-04-19,1555.25,0.8808989051054724
2013-04-22,1562.5,0.4650798215427388
2013-04-23,1578.780029296875,1.036531280555277
2013-04-24,1578.7900390625,0.000634017007284
2013-04-25,1585.1600341796875,0.4026614564991383
2013-04-26,1582.239990234375,-0.1843811801517763
2013-04-29,1593.6099853515625,0.716031536940742
2013-04-30,1597.5699462890625,0.248181741858196
2013-05-01,1582.699951171875,-0.9351472649564404
2013-05-02,1597.5899658203125,0.9364003810320708
2013-05-03,1614.4200439453125,1.047956394817034
2013-05-06,1617.5,0.1905961128483939
2013-05-07,1625.9599609375,0.5216639159837863
2013-05-08,1632.68994140625,0.4130538866696586
2013-05-09,1626.6700439453125,-0.369391802877331
2013-05-10,1633.699951171875,0.4312343771584845
2013-05-13,1633.77001953125,0.0042888448869531
2013-05-14,1650.3399658203125,1.0091066969150286
2013-05-15,1658.780029296875,0.5101103490210886
2013-05-16,1650.469970703125,-0.5022331985410746
2013-05-17,1667.469970703125,1.0247411986562578
2013-05-20,1666.2900390625,-0.0707868404707233
2013-05-21,1669.1600341796875,0.1720904683002347
2013-05-22,1655.3499755859375,-0.8308074265778554
2013-05-23,1650.510009765625,-0.2928115104606085
2013-05-24,1649.5999755859375,-0.0551517498988894
2013-05-28,1660.06005859375,0.6320962109160131
2013-05-29,1648.3599853515625,-0.7072936243165862
2013-05-30,1654.4100341796875,0.3663625114313424
2013-05-31,1630.739990234375,-1.4410576921857086
2013-06-03,1640.4200439453125,0.5918439859741687
2013-06-04,1631.3800048828125,-0.5526048005605536
2013-06-05,1608.9000244140625,-1.3875554543922224
2013-06-06,1622.56005859375,0.8454454144230643
2013-06-07,1643.3800048828125,1.274991452694569
2013-06-10,1642.81005859375,-0.0346873603637034
2013-06-11,1626.1300048828125,-1.020526418482108
2013-06-12,1612.52001953125,-0.8404776908050976
2013-06-13,1636.3599853515625,1.467606909735932
2013-06-14,1626.72998046875,-0.5902401062457968
2013-06-17,1639.0400390625,0.7538875562714678
2013-06-18,1651.81005859375,0.7760963428783294
2013-06-19,1628.9300537109375,-1.3948301328481996
2013-06-20,1588.18994140625,-2.532842439229829
2013-06-21,1592.4300537109375,0.2666219053525561
2013-06-24,1573.0899658203125,-1.221936895962692
2013-06-25,1588.030029296875,0.9452456559302368
2013-06-26,1603.260009765625,0.9544789666190032
2013-06-27,1613.199951171875,0.6180691300296602
2013-06-28,1606.280029296875,-0.4298788980467904
2013-07-01,1614.9599609375,0.5389199609389811
2013-07-02,1614.0799560546875,-0.0545056690050896
2013-07-03,1615.4100341796875,0.0823707894575447
2013-07-05,1631.8900146484375,1.0150045703225965
2013-07-08,1640.4599609375,0.5237805213836031
2013-07-09,1652.3199462890625,0.7203661934863007
2013-07-10,1652.6199951171875,0.0181575964628013
2013-07-11,1675.02001953125,1.3463212765353811
2013-07-12,1680.18994140625,0.3081730220628843
2013-07-15,1682.5,0.1373935151556153
2013-07-16,1676.260009765625,-0.3715655417706993
2013-07-17,1680.9100341796875,0.2770206648398141
2013-07-18,1689.3699951171875,0.5020341712006725
2013-07-19,1692.0899658203125,0.1608755579645654
2013-07-22,1695.530029296875,0.2030962542426818
2013-07-23,1692.3900146484375,-0.185365386833642
2013-07-24,1685.93994140625,-0.3818502729718421
2013-07-25,1690.25,0.2553209985188819
2013-07-26,1691.6500244140625,0.0827951437909226
2013-07-29,1685.3299560546875,-0.3743034175367717
2013-07-30,1685.9599609375,0.0373747085334094
2013-07-31,1685.72998046875,-0.013641851599842
2013-08-01,1706.8699951171875,1.2462588230416578
2013-08-02,1709.6700439453125,0.1639114087947027
2013-08-05,1707.1400146484375,-0.1480930877563641
2013-08-06,1697.3699951171875,-0.573947283055402
2013-08-07,1690.9100341796875,-0.3813125661941763
2013-08-08,1697.47998046875,0.3877921074046536
2013-08-09,1691.4200439453125,-0.3576348041426874
2013-08-12,1689.469970703125,-0.1153585860524894
2013-08-13,1694.1600341796875,0.2772210007268357
2013-08-14,1685.3900146484375,-0.5190063227858108
2013-08-15,1661.3199462890625,-1.4384564947961866
2013-08-16,1655.8299560546875,-0.3310067623478068
2013-08-19,1646.06005859375,-0.5917777957153822
2013-08-20,1652.3499755859375,0.3813913098371144
2013-08-21,1642.800048828125,-0.5796369467346861
2013-08-22,1656.9599609375,0.8582441743413965
2013-08-23,1663.5,0.393924191021318
2013-08-26,1656.780029296875,-0.4047839230058562
2013-08-27,1630.47998046875,-1.6001539229183352
2013-08-28,1634.9599609375,0.2743877308968975
2013-08-29,1638.1700439453125,0.1961476649095653
2013-08-30,1632.969970703125,-0.3179367192635175
2013-09-03,1639.77001953125,0.4155575226959593
2013-09-04,1653.0799560546875,0.8084187928560308
2013-09-05,1655.0799560546875,0.1209131539467338
2013-09-06,1655.1700439453125,0.0054429659782231
2013-09-09,1671.7099609375,0.9943282138970118
2013-09-10,1683.989990234375,0.7318940484802409
2013-09-11,1689.1300048828125,0.3047634613818484
2013-09-12,1683.4200439453125,-0.3386141827801778
2013-09-13,1687.989990234375,0.2711001653103429
2013-09-16,1697.5999755859375,0.5677008295820801
2013-09-17,1704.760009765625,0.420886959655227
2013-09-18,1725.52001953125,1.2104121558415792
2013-09-19,1722.3399658203125,-0.1844654148481558
2013-09-20,1709.9100341796875,-0.7243053962847499
2013-09-23,1701.8399658203125,-0.4730758941951057
2013-09-24,1697.4200439453125,-0.2600521497731875
2013-09-25,1692.77001953125,-0.2743225154377713
2013-09-26,1698.6700439453125,0.347936584799795
2013-09-27,1691.75,-0.4082121663443528
2013-09-30,1681.550048828125,-0.6047479981190951
2013-10-01,1695.0,0.7966724683406784
2013-10-02,1693.8699951171875,-0.0666891870340862
2013-10-03,1678.6600341796875,-0.9019972500552984
2013-10-04,1690.5,0.7028466704283861
2013-10-07,1676.1199951171875,-0.8542747536819599
2013-10-08,1655.449951171875,-1.2408749931083476
2013-10-09,1656.4000244140625,0.0573741730605798
2013-10-10,1692.56005859375,2.1595622882836496
2013-10-11,1703.199951171875,0.6266595617327234
2013-10-14,1710.1400146484375,0.4066441145288558
2013-10-15,1698.06005859375,-0.7088789613758755
2013-10-16,1721.5400390625,1.3732804307132302
2013-10-17,1733.1500244140625,0.6721314413737084
2013-10-18,1744.5,0.652740546362272
2013-10-21,1744.6600341796875,0.0091732209604654
2013-10-22,1754.6700439453125,0.5721116239627231
2013-10-23,1746.3800048828125,-0.4735753240036748
2013-10-24,1752.0699462890625,0.3252838544355574
2013-10-25,1759.77001953125,0.4385214392774677
2013-10-28,1762.1099853515625,0.1328816519236969
2013-10-29,1771.949951171875,0.5568661214094168
2013-10-30,1763.31005859375,-0.4887849694569304
2013-10-31,1756.5400390625,-0.3846770567938354
2013-11-01,1761.6400146484375,0.2899214412209612
2013-11-04,1767.9300537109375,0.3564199378098168
2013-11-05,1762.969970703125,-0.2809530848340283
2013-11-06,1770.489990234375,0.4256468712287574
2013-11-07,1747.1500244140625,-1.3270435999594776
2013-11-08,1770.6099853515625,1.3338208792264143
2013-11-11,1771.8900146484375,0.0722670064972908
2013-11-12,1767.68994140625,-0.2373205445619954
2013-11-13,1782.0,0.8062752720499361
2013-11-14,1790.6199951171875,0.4825596820450656
2013-11-15,1798.1800537109375,0.4213146273881076
2013-11-18,1791.530029296875,-0.3705052423504697
2013-11-19,1787.8699951171875,-0.204505527760066
2013-11-20,1781.3699951171875,-0.3642235996161311
2013-11-21,1795.8499755859375,0.8095705420755901
2013-11-22,1804.760009765625,0.4949190500029173
2013-11-25,1802.47998046875,-0.1264140787239754
2013-11-26,1802.75,0.0149793235503835
2013-11-27,1807.22998046875,0.2481998677460742
2013-11-29,1805.81005859375,-0.0785998457116431
2013-12-02,1800.9000244140625,-0.2722723534716429
2013-12-03,1795.1500244140625,-0.3197955991893614
2013-12-04,1792.81005859375,-0.1304343469786797
2013-12-05,1785.030029296875,-0.4349015813080098
2013-12-06,1805.0899658203125,1.1175194876875878
2013-12-09,1808.3699951171875,0.1815451247950981
2013-12-10,1802.6199951171875,-0.3184724895657049
2013-12-11,1782.219970703125,-1.1381397674606988
2013-12-12,1775.5,-0.3777688379156343
2013-12-13,1775.3199462890625,-0.0101415286505878
2013-12-16,1786.5400390625,0.6300152129396221
2013-12-17,1781.0,-0.3105805936371412
2013-12-18,1810.6500244140625,1.651090600917418
2013-12-19,1809.5999755859375,-0.0580097428393731
2013-12-20,1818.3199462890625,0.4807155440690711
2013-12-23,1827.989990234375,0.530402888620606
2013-12-24,1833.3199462890625,0.2911504304306033
2013-12-26,1842.02001953125,0.4734304621132077
2013-12-27,1841.4000244140625,-0.0336641010607471
2013-12-30,1841.0699462890625,-0.0179269962014678
2013-12-31,1848.3599853515625,0.3951856349111547
2014-01-02,1831.97998046875,-0.8901413016629188
2014-01-03,1831.3699951171875,-0.0333020520160609
2014-01-06,1826.77001953125,-0.2514927253759435
2014-01-07,1837.8800048828125,0.606334537539104
2014-01-08,1837.489990234375,-0.0212231503451083
2014-01-09,1838.1300048828125,0.0348248543514175
2014-01-10,1842.3699951171875,0.23040304904553
2014-01-13,1819.199951171875,-1.265596645879401
2014-01-14,1838.8800048828125,1.0759876119934082
2014-01-15,1848.3800048828125,0.5152889134682223
2014-01-16,1845.8900146484375,-0.1348028486425814
2014-01-17,1838.699951171875,-0.3902780320015083
2014-01-21,1843.800048828125,0.2769912242817671
2014-01-22,1844.8599853515625,0.0574700049768162
2014-01-23,1828.4599609375,-0.892932476457093
2014-01-24,1790.2900390625,-2.109642142734084
2014-01-27,1781.56005859375,-0.4888221853339347
2014-01-28,1792.5,0.6121875622432071
2014-01-29,1774.199951171875,-1.026170390849596
2014-01-30,1794.18994140625,1.1204044372218205
2014-01-31,1782.5899658203125,-0.6486290214250375
2014-02-03,1741.8900146484375,-2.309660470448658
2014-02-04,1755.199951171875,0.7612043683081426
2014-02-05,1751.6400146484375,-0.2030282408656588
2014-02-06,1773.4300537109375,1.2363054453375717
2014-02-07,1797.02001953125,1.321419350429692
2014-02-10,1799.8399658203125,0.1568004803254035
2014-02-11,1819.75,1.1001375944254963
2014-02-12,1819.260009765625,-0.0269298647720886
2014-02-13,1829.8299560546875,0.5793211978776681
2014-02-14,1838.6300048828125,0.4797689385548304
2014-02-18,1840.760009765625,0.1157803392558767
2014-02-19,1828.75,-0.6545861773195999
2014-02-20,1839.780029296875,0.6013341826934013
2014-02-21,1836.25,-0.1920566673181065
2014-02-24,1847.6099853515625,0.6167455552331448
2014-02-25,1845.1199951171875,-0.1348590676774649
2014-02-26,1845.1600341796875,0.0021699742124629
2014-02-27,1854.2900390625,0.4935881408416543
2014-02-28,1859.449951171875,0.277882428133809
2014-03-03,1845.72998046875,-0.7405866200454787
2014-03-04,1873.9100341796875,1.5152322676141787
2014-03-05,1873.81005859375,-0.0053352749664553
2014-03-06,1877.030029296875,0.1716933496857088
2014-03-07,1878.0400390625,0.0537944577115705
2014-03-10,1877.1700439453125,-0.0463353641219493
2014-03-11,1867.6300048828125,-0.5095096975215844
2014-03-12,1868.199951171875,0.0305124323210006
2014-03-13,1846.3399658203125,-1.1770091695883622
2014-03-14,1841.1300048828125,-0.2825766417445165
2014-03-17,1858.8299560546875,0.9567717695038962
2014-03-18,1872.25,0.7193682245473189
2014-03-19,1860.77001953125,-0.6150525096734505
2014-03-20,1872.010009765625,0.6022334087521748
2014-03-21,1866.52001953125,-0.2936980116608755
2014-03-24,1857.43994140625,-0.4876580959363224
2014-03-25,1865.6199951171875,0.4394270848822234
2014-03-26,1852.56005859375,-0.7024936954876045
2014-03-27,1849.0400390625,-0.1901891343977055
2014-03-28,1857.6199951171875,0.4629489243409657
2014-03-31,1872.3399658203125,0.7892871384796676
2014-04-01,1885.52001953125,0.7014688044213445
2014-04-02,1890.9000244140625,0.2849263831838461
2014-04-03,1888.77001953125,-0.1127085213010655
2014-04-04,1865.0899658203125,-1.2616542925313996
2014-04-07,1845.0400390625,-1.0808312332149783
2014-04-08,1851.9599609375,0.374353798017728
2014-04-09,1872.1800537109375,1.0859039341965573
2014-04-10,1833.0799560546875,-2.1105967737387243
2014-04-11,1815.68994140625,-0.9532059739897396
2014-04-14,1830.6099853515625,0.8183708150740607
2014-04-15,1842.97998046875,0.6734579517703411
2014-04-16,1862.31005859375,1.043386794876615
2014-04-17,1864.8499755859375,0.1362923707093935
2014-04-21,1871.8900146484375,0.3768015655572547
2014-04-22,1879.550048828125,0.4083788996127825
2014-04-23,1875.3900146484375,-0.2215766862522061
2014-04-24,1878.6099853515625,0.1715488275330874
2014-04-25,1863.4000244140625,-0.8129344743501644
2014-04-28,1869.4300537109375,0.3230811162502344
2014-04-29,1878.3299560546875,0.4749460504633521
2014-04-30,1883.949951171875,0.298754980270127
2014-05-01,1883.6800537109375,-0.0143271744332299
2014-05-02,1881.1400146484375,-0.1349355029870908
2014-05-05,1884.6600341796875,0.1869467582339782
2014-05-06,1867.719970703125,-0.9029031461991046
2014-05-07,1878.2099609375,0.5600754871033284
2014-05-08,1875.6300048828125,-0.1374569232786406
2014-05-09,1878.47998046875,0.1518323194878839
2014-05-12,1896.6500244140625,0.9626256172315508
2014-05-13,1897.449951171875,0.0421668788283033
2014-05-14,1888.530029296875,-0.4712089565017091
2014-05-15,1870.8499755859375,-0.9405904183934792
2014-05-16,1877.8599853515625,0.3739962819000603
2014-05-19,1885.0799560546875,0.3837414189704193
2014-05-20,1872.8299560546875,-0.6519604608543308
2014-05-21,1888.030029296875,0.8083340547746922
2014-05-22,1892.489990234375,0.2359444194713881
2014-05-23,1900.530029296875,0.4239392917884754
2014-05-27,1911.9100341796875,0.5969950211528873
2014-05-28,1909.780029296875,-0.1114692750058423
2014-05-29,1920.030029296875,0.5352758657361124
2014-05-30,1923.5699462890625,0.1841980443101369
2014-06-02,1924.969970703125,0.07275613640587
2014-06-03,1924.239990234375,-0.0379288469534866
2014-06-04,1927.8800048828125,0.1889876606362932
2014-06-05,1940.4599609375,0.6504082119662982
2014-06-06,1949.43994140625,0.461708354801898
2014-06-09,1951.27001953125,0.0938330856486817
2014-06-10,1950.7900390625,-0.0246013881879537
2014-06-11,1943.8900146484375,-0.354331115166594
2014-06-12,1930.1099853515625,-0.711413908891029
2014-06-13,1936.1600341796875,0.312965919907076
2014-06-16,1937.780029296875,0.0836355330786806
2014-06-17,1941.989990234375,0.2170212444889151
2014-06-18,1956.97998046875,0.7689243160729405
2014-06-19,1959.47998046875,0.1276663295165036
2014-06-20,1962.8699951171875,0.172856349567606
2014-06-23,1962.6099853515625,-0.0132472852898927
2014-06-24,1949.97998046875,-0.645610649861748
2014-06-25,1959.530029296875,0.4885557422717193
2014-06-26,1957.219970703125,-0.1179579427639114
2014-06-27,1960.9599609375,0.1909045238083737
2014-06-30,1960.22998046875,-0.0372325997001354
2014-07-01,1973.3199462890625,0.6655572896822518
2014-07-02,1974.6199951171875,0.0658596075123193
2014-07-03,1985.43994140625,0.5464550227672395
2014-07-07,1977.6500244140625,-0.3931239054323629
2014-07-08,1963.7099609375,-0.7073762181680687
2014-07-09,1972.8299560546875,0.4633516553259208
2014-07-10,1964.6800537109375,-0.4139628324473722
2014-07-11,1967.5699462890625,0.1469841998047235
2014-07-14,1977.0999755859375,0.4831860726996925
2014-07-15,1973.280029296875,-0.1933964567945624
2014-07-16,1981.5699462890625,0.4192285009448555
2014-07-17,1958.1199951171875,-1.1904605927478005
2014-07-18,1978.219970703125,1.0212608899671185
2014-07-21,1973.6300048828125,-0.2322946423904652
2014-07-22,1983.530029296875,0.5003611167300126
2014-07-23,1987.010009765625,0.1752900777012884
2014-07-24,1987.97998046875,0.0488036812550669
2014-07-25,1978.3399658203125,-0.4860946046109087
2014-07-28,1978.9100341796875,0.0288113393552832
2014-07-29,1969.949951171875,-0.4538068413714011
2014-07-30,1970.0699462890625,0.0060910919410201
2014-07-31,1930.6700439453125,-2.020193215523012
2014-08-01,1925.1500244140625,-0.2863216231298331
2014-08-04,1938.989990234375,0.7163314449646608
2014-08-05,1920.2099609375,-0.9732679197336652
2014-08-06,1920.239990234375,0.0015638426360123
2014-08-07,1909.5699462890625,-0.5572115446733026
2014-08-08,1931.5899658203125,1.1465422557972031
2014-08-11,1936.9200439453125,0.2755625025841847
2014-08-12,1933.75,-0.1637982374155941
2014-08-13,1946.719970703125,0.6684767102510805
2014-08-14,1955.1800537109375,0.4336398273697699
2014-08-15,1955.06005859375,-0.0061374807571266
2014-08-18,1971.739990234375,0.84954832196601
2014-08-19,1981.5999755859375,0.4988190179197794
2014-08-20,1986.510009765625,0.2474748282543622
2014-08-21,1992.3699951171875,0.2945547280270624
2014-08-22,1988.4000244140625,-0.199457491882262
2014-08-25,1997.9200439453125,0.4776353863603847
2014-08-26,2000.02001953125,0.1050528895243578
2014-08-27,2000.1199951171875,0.0049986043284556
2014-08-28,1996.739990234375,-0.1691330544946164
2014-08-29,2003.3699951171875,0.3314914329019902
2014-09-02,2002.280029296875,-0.0544214217702696
2014-09-03,2000.719970703125,-0.0779444752801545
2014-09-04,1997.6500244140625,-0.1535599204712169
2014-09-05,2007.7099609375,0.5023247704958487
2014-09-08,2001.5400390625,-0.3077845854315851
2014-09-09,1988.43994140625,-0.6566521532685439
2014-09-10,1995.68994140625,0.3639443600367803
2014-09-11,1997.449951171875,0.0881516764723205
2014-09-12,1985.5400390625,-0.5980405492006543
2014-09-15,1984.1300048828125,-0.0710403748109373
2014-09-16,1998.97998046875,0.7456507324556423
2014-09-17,2001.5699462890625,0.1294805079088434
2014-09-18,2011.3599853515625,0.4879257127339826
2014-09-19,2010.4000244140625,-0.0477383510403398
2014-09-22,1994.2900390625,-0.80456025302185
2014-09-23,1982.77001953125,-0.5793250079626252
2014-09-24,1998.300048828125,0.7801976758654436
2014-09-25,1965.989990234375,-1.630091326517051
2014-09-26,1982.8499755859375,0.8539261124001539
2014-09-29,1977.800048828125,-0.2550050856915823
2014-09-30,1972.2900390625,-0.2789816544312018
2014-10-01,1946.1600341796875,-1.3337106112637436
2014-10-02,1946.1700439453125,0.0005143328250229
2014-10-03,1967.9000244140625,1.1103635523902509
2014-10-06,1964.8199462890625,-0.1566386001398183
2014-10-07,1935.0999755859375,-1.5241618619128634
2014-10-08,1968.8900146484375,1.731094749805919
2014-10-09,1928.2099609375,-2.087784845431496
2014-10-10,1906.1300048828125,-1.1517080026210946
2014-10-13,1874.739990234375,-1.6605033202522508
2014-10-14,1877.699951171875,0.1577619680866768
2014-10-15,1862.489990234375,-0.8133300726077349
2014-10-16,1862.760009765625,0.0144967200441769
2014-10-17,1886.760009765625,1.280181337714614
2014-10-20,1904.010009765625,0.9101116121281314
2014-10-21,1941.280029296875,1.938537082775091
2014-10-22,1927.1099853515625,-0.7326100661612184
2014-10-23,1950.8199462890625,1.2228305721599455
2014-10-24,1964.5799560546875,0.7028690175716193
2014-10-27,1961.6300048828125,-0.1502696878837878
2014-10-28,1985.050048828125,1.1868364566910392
2014-10-29,1982.300048828125,-0.138631599064252
2014-10-30,1994.6500244140625,0.6210797247873184
2014-10-31,2018.050048828125,1.1663114233148568
2014-11-03,2017.81005859375,-0.0118928916399473
2014-11-04,2012.0999755859375,-0.2833853252665033
2014-11-05,2023.5699462890625,0.5684311060804489
2014-11-06,2031.2099609375,0.3768403644328259
2014-11-07,2031.9200439453125,0.0349525126780807
2014-11-10,2038.260009765625,0.3115327019558855
2014-11-11,2039.6800537109375,0.0696451630287435
2014-11-12,2038.25,-0.070136257891798
2014-11-13,2039.3299560546875,0.0529704428400231
2014-11-14,2039.8199462890625,0.0240241348546805
2014-11-17,2041.3199462890625,0.0735088777658679
2014-11-18,2051.800048828125,0.5120849353688389
2014-11-19,2048.719970703125,-0.1502286875618818
2014-11-20,2052.75,0.1965164013202754
2014-11-21,2063.5,0.5223212603738253
2014-11-24,2069.409912109375,0.285992981373923
2014-11-25,2067.030029296875,-0.1150691468417284
2014-11-26,2072.830078125,0.2802052471603563
2014-11-28,2067.56005859375,-0.2545664637012221
2014-12-01,2053.43994140625,-0.6852789344834435
2014-12-02,2066.550048828125,0.6364166758848178
2014-12-03,2074.330078125,0.3757673834026979
2014-12-04,2071.919921875,-0.1162571731785843
2014-12-05,2075.3701171875,0.1663831598921052
2014-12-08,2060.31005859375,-0.7283022149715385
2014-12-09,2059.820068359375,-0.0237851825834147
2014-12-10,2026.1400146484375,-1.6486121183048656
2014-12-11,2035.3299560546875,0.4525433971620776
2014-12-12,2002.3299560546875,-1.634646579165845
2014-12-15,1989.6300048828125,-0.6362786271721939
2014-12-16,1972.739990234375,-0.8525259865380821
2014-12-17,2012.8900146484375,2.0148073243295617
2014-12-18,2061.22998046875,2.373137488570905
2014-12-19,2070.64990234375,0.4559637967419008
2014-12-22,2078.5400390625,0.3803222479927145
2014-12-23,2082.169921875,0.1744838629704487
2014-12-24,2081.8798828125,-0.0139306241074564
2014-12-26,2088.77001953125,0.3304109982120948
2014-12-29,2090.570068359375,0.0861403428089447
2014-12-30,2080.35009765625,-0.4900593034504285
2014-12-31,2058.89990234375,-1.036438356125046
2015-01-02,2058.199951171875,-0.034002147313528
2015-01-05,2020.5799560546875,-1.844721353258727
2015-01-06,2002.6099853515625,-0.8933254690700171
2015-01-07,2025.9000244140625,1.1562735844876304
2015-01-08,2062.139892578125,1.773016812715569
2015-01-09,2044.81005859375,-0.8439322147078786
2015-01-12,2028.260009765625,-0.8126616843470486
2015-01-13,2023.030029296875,-0.2581885435816322
2015-01-14,2011.27001953125,-0.583002896797565
2015-01-15,1992.6700439453125,-0.9290903004567546
2015-01-16,2019.4200439453125,1.3334893186267298
2015-01-20,2022.550048828125,0.1548752433400387
2015-01-21,2032.1199951171875,0.472046502218936
2015-01-22,2063.14990234375,1.5154313070630328
2015-01-23,2051.820068359375,-0.5506656279301936
2015-01-26,2057.090087890625,0.2565167998623274
2015-01-27,2029.550048828125,-1.3478287815857577
2015-01-28,2002.1600341796875,-1.358750281102202
2015-01-29,2021.25,0.948951705826357
2015-01-30,1994.989990234375,-1.3077099006318498
2015-02-02,2020.8499755859375,1.2879170000215516
2015-02-03,2050.030029296875,1.4336238577453098
2015-02-04,2041.510009765625,-0.4164706572452961
2015-02-05,2062.52001953125,1.0238810710909236
2015-02-06,2055.469970703125,-0.342402761187852
2015-02-09,2046.739990234375,-0.4256239310481708
2015-02-10,2068.590087890625,1.0618979554062369
2015-02-11,2068.530029296875,-0.0029034010158247
2015-02-12,2088.47998046875,0.9598295065916026
2015-02-13,2096.989990234375,0.4066459227779422
2015-02-17,2100.340087890625,0.1596299697798396
2015-02-18,2099.679931640625,-0.0314358623228748
2015-02-19,2097.449951171875,-0.1062621715718928
2015-02-20,2110.300048828125,0.6107842721055837
2015-02-23,2109.659912109375,-0.0303385211985694
2015-02-24,2115.47998046875,0.2754972468831103
2015-02-25,2113.860107421875,-0.0766016963602602
2015-02-26,2110.739990234375,-0.147711863025381
2015-02-27,2104.5,-0.296068304863237
2015-03-02,2117.389892578125,0.6106238181133017
2015-03-03,2107.780029296875,-0.4548872603817567
2015-03-04,2098.530029296875,-0.4398161230154572
2015-03-05,2101.0400390625,0.1195365251036088
2015-03-06,2071.260009765625,-1.4275356362467069
2015-03-09,2079.429931640625,0.3936662357975968
2015-03-10,2044.1600341796875,-1.7106820937141425
2015-03-11,2040.239990234375,-0.1919520676484767
2015-03-12,2065.949951171875,1.2522702206037069
2015-03-13,2053.39990234375,-0.6093237090196838
2015-03-16,2081.18994140625,1.344290902385591
2015-03-17,2074.280029296875,-0.3325697707782002
2015-03-18,2099.5,1.2085101501628708
2015-03-19,2089.27001953125,-0.4884489126950175
2015-03-20,2108.10009765625,0.8972382193259681
2015-03-23,2104.419921875,-0.1747256606713301
2015-03-24,2091.5,-0.6158345701590925
2015-03-25,2061.050048828125,-1.4665926527239062
2015-03-26,2056.14990234375,-0.2380330737473896
2015-03-27,2061.02001953125,0.236576072950336
2015-03-30,2086.239990234375,1.2162382647149437
2015-03-31,2067.889892578125,-0.8834686217530795
2015-04-01,2059.68994140625,-0.3973254201847525
2015-04-02,2066.9599609375,0.3523452303714153
2015-04-06,2080.6201171875,0.6587072647165644
2015-04-07,2076.330078125,-0.2064032708587167
2015-04-08,2081.89990234375,0.26789415573472
2015-04-09,2091.179931640625,0.4447575873625805
2015-04-10,2102.06005859375,0.5189376899456222
2015-04-13,2092.429931640625,-0.4591806820961145
2015-04-14,2095.840087890625,0.162843225851382
2015-04-15,2106.6298828125,0.5134989044995592
2015-04-16,2104.989990234375,-0.0778746757985199
2015-04-17,2081.179931640625,-1.137570418905323
2015-04-20,2100.39990234375,0.9192748586536724
2015-04-21,2097.2900390625,-0.1481702504767951
2015-04-22,2107.9599609375,0.5074582853386292
2015-04-23,2112.929931640625,0.2354940842552367
2015-04-24,2117.68994140625,0.2250266824753486
2015-04-27,2108.919921875,-0.4149913240734652
2015-04-28,2114.760009765625,0.2765404437346507
2015-04-29,2106.85009765625,-0.3747348127573222
2015-04-30,2085.510009765625,-1.0180553033248203
2015-05-01,2108.2900390625,1.0863776563455256
2015-05-04,2114.489990234375,0.293643314776302
2015-05-05,2089.4599609375,-1.19080033585301
2015-05-06,2080.14990234375,-0.4465681140931977
2015-05-07,2088.0,0.3766710469475405
2015-05-08,2116.10009765625,1.3368147987361163
2015-05-11,2105.330078125,-0.5102556456082039
2015-05-12,2099.1201171875,-0.2953996439367266
2015-05-13,2098.47998046875,-0.0305001290651667
2015-05-14,2121.10009765625,1.0721604261760034
2015-05-15,2122.72998046875,0.0768118827866475
2015-05-18,2129.199951171875,0.3043312472570502
2015-05-19,2127.830078125,-0.0643581597842015
2015-05-20,2125.85009765625,-0.0930949450794048
2015-05-21,2130.820068359375,0.2335145908744808
2015-05-22,2126.06005859375,-0.2236385149483597
2015-05-26,2104.199951171875,-1.0335204907502331
2015-05-27,2123.47998046875,0.912091892911008
2015-05-28,2120.7900390625,-0.1267563917487054
2015-05-29,2107.389892578125,-0.6338515184097658
2015-06-01,2111.72998046875,0.205734349914766
2015-06-02,2109.60009765625,-0.100910516534782
2015-06-03,2114.070068359375,0.2116629469755999
2015-06-04,2095.840087890625,-0.8660562215101069
2015-06-05,2092.830078125,-0.1437215232732535
2015-06-08,2079.280029296875,-0.6495560338305542
2015-06-09,2080.14990234375,0.0418265519002764
2015-06-10,2105.199951171875,1.1970491752514407
2015-06-11,2108.860107421875,0.1737116756528132
2015-06-12,2094.110107421875,-0.7018874653102702
2015-06-15,2084.429931640625,-0.4633289621771347
2015-06-16,2096.2900390625,0.5673730515753803
2015-06-17,2100.43994140625,0.197768439507284
2015-06-18,2121.239990234375,0.9854000054008836
2015-06-19,2109.989990234375,-0.531761523794962
2015-06-22,2122.85009765625,0.6076367981542122
2015-06-23,2124.199951171875,0.0635666425193386
2015-06-24,2108.580078125,-0.7380465718305258
2015-06-25,2102.31005859375,-0.2978004156596414
2015-06-26,2101.489990234375,-0.0390155744922384
2015-06-29,2057.639892578125,-2.108696950861153
2015-06-30,2063.110107421875,0.265496235246741
2015-07-01,2077.419921875,0.6912096434637041
2015-07-02,2076.780029296875,-0.0308070189546534
2015-07-06,2068.760009765625,-0.3869232698897424
2015-07-07,2081.340087890625,0.6062560593868743
2015-07-08,2046.6800537109375,-1.6792964912141517
2015-07-09,2051.31005859375,0.2259647644819989
2015-07-10,2076.6201171875,1.226298638500772
2015-07-13,2099.60009765625,1.1005268507355188
2015-07-14,2108.949951171875,0.444327323650017
2015-07-15,2107.39990234375,-0.0735256300737286
2015-07-16,2124.2900390625,0.7982733444475738
2015-07-17,2126.639892578125,0.110557162445071
2015-07-20,2128.280029296875,0.0770936624001602
2015-07-21,2119.2099609375,-0.4270796242723094
2015-07-22,2114.14990234375,-0.2390565020190279
2015-07-23,2102.14990234375,-0.5692210211379454
2015-07-24,2079.64990234375,-1.0761020696661188
2015-07-27,2067.639892578125,-0.5791755065064178
2015-07-28,2093.25,1.2310073801889354
2015-07-29,2108.570068359375,0.7292142927383681
2015-07-30,2108.6298828125,0.0028366904022368
2015-07-31,2103.840087890625,-0.2274103801051709
2015-08-03,2098.0400390625,-0.276069394490455
2015-08-04,2093.320068359375,-0.2252239166932867
2015-08-05,2099.840087890625,0.3109838185490679
2015-08-06,2083.56005859375,-0.7783195922562142
2015-08-07,2077.570068359375,-0.2879022856337714
2015-08-10,2104.179931640625,1.2726835632025084
2015-08-11,2084.070068359375,-0.9603064680182268
2015-08-12,2086.050048828125,0.0949603638214694
2015-08-13,2083.389892578125,-0.1276025868381203
2015-08-14,2091.5400390625,0.3904332274359137
2015-08-17,2102.43994140625,0.5197891709402951
2015-08-18,2096.919921875,-0.26289829356331
2015-08-19,2079.610107421875,-0.8289136409597112
2015-08-20,2035.72998046875,-2.1325960454146156
2015-08-21,1970.8900146484375,-3.2369242521878174
2015-08-24,1893.2099609375,-4.021144434651927
2015-08-25,1867.6099853515625,-1.3614249742655895
2015-08-26,1940.510009765625,3.829129943453164
2015-08-27,1987.6600341796875,2.400725448969004
2015-08-28,1988.8699951171875,0.0608551156876215
2015-08-31,1972.1800537109375,-0.8427078663984054
2015-09-01,1913.8499755859375,-3.0022649842427995
2015-09-02,1948.8599853515625,1.8127671423214635
2015-09-03,1951.1300048828125,0.1164115699418892
2015-09-04,1921.219970703125,-1.544830875427624
2015-09-08,1969.4100341796875,2.4773637197038503
2015-09-09,1942.0400390625,-1.3995035769084718
2015-09-10,1952.2900390625,0.5264075444935657
2015-09-11,1961.050048828125,0.447700644498628
2015-09-14,1953.030029296875,-0.409804122304381
2015-09-15,1978.0899658203125,1.274968763143236
2015-09-16,1995.31005859375,0.8667740715375899
2015-09-17,1990.199951171875,-0.2564344442560098
2015-09-18,1958.030029296875,-1.629623095438354
2015-09-21,1966.969970703125,0.4555392033672696
2015-09-22,1942.739990234375,-1.2394930019378314
2015-09-23,1938.760009765625,-0.2050744229593946
2015-09-24,1932.239990234375,-0.336865187130644
2015-09-25,1931.3399658203125,-0.0465901801220549
2015-09-28,1881.77001953125,-2.600121116280911
2015-09-29,1884.0899658203125,0.1232093912981713
2015-09-30,1920.030029296875,1.889589860356512
2015-10-01,1923.8199462890625,0.1971938678337172
2015-10-02,1951.3599853515625,1.4213793016405512
2015-10-05,1987.050048828125,1.8124593518502157
2015-10-06,1979.9200439453125,-0.35946893441433
2015-10-07,1995.8299560546875,0.8003519857552759
2015-10-08,2013.4300537109375,0.8779780144558488
2015-10-09,2014.8900146484375,0.0724848560515357
2015-10-12,2017.4599609375,0.1274664477332838
2015-10-13,2003.68994140625,-0.6848823690127077
2015-10-14,1994.239990234375,-0.4727430911939143
2015-10-15,2023.8599853515625,1.4743551351355089
2015-10-16,2033.1099853515625,0.4560061373697022
2015-10-19,2033.6600341796875,0.0270508943873059
2015-10-20,2030.77001953125,-0.1422101055893761
2015-10-21,2018.93994140625,-0.5842448911134254
2015-10-22,2052.510009765625,1.6490847012594123
2015-10-23,2075.14990234375,1.0969953969042787
2015-10-26,2071.179931640625,-0.191493300110011
2015-10-27,2065.889892578125,-0.255738586508774
2015-10-28,2090.35009765625,1.1770488488143476
2015-10-29,2089.409912109375,-0.0449875380660723
2015-10-30,2079.360107421875,-0.4821481688425431
2015-11-02,2104.050048828125,1.1803876338814607
2015-11-03,2109.7900390625,0.2724352925067521
2015-11-04,2102.31005859375,-0.3551666939647187
2015-11-05,2099.929931640625,-0.1132789756498302
2015-11-06,2099.199951171875,-0.034768178002366
2015-11-09,2078.580078125,-0.9871290656502512
2015-11-10,2081.719970703125,0.1509455153449644
2015-11-11,2075.0,-0.3233307321568945
2015-11-12,2045.969970703125,-1.4089163336632673
2015-11-13,2023.0400390625,-1.127064043215544
2015-11-16,2053.18994140625,1.4793302794234362
2015-11-17,2050.43994140625,-0.1340277018246574
2015-11-18,2083.580078125,1.6033229877172244
2015-11-19,2081.239990234375,-0.1123740328979201
2015-11-20,2089.169921875,0.3802955280149416
2015-11-23,2086.590087890625,-0.1235623841684088
2015-11-24,2089.139892578125,0.1221249944960792
2015-11-25,2088.8701171875,-0.0129140614967155
2015-11-27,2090.110107421875,0.0593441559480839
2015-11-30,2080.409912109375,-0.4651800139618441
2015-12-01,2102.6298828125,1.062393894673922
2015-12-02,2079.510009765625,-1.105659263944892
2015-12-03,2049.6201171875,-1.4477826444150088
2015-12-04,2091.68994140625,2.031785636385123
2015-12-07,2077.070068359375,-0.7014043960397749
2015-12-08,2063.590087890625,-0.6511052625594548
2015-12-09,2047.6199951171875,-0.7769086365692726
2015-12-10,2052.22998046875,0.2248856578594677
2015-12-11,2012.3699951171875,-1.961386775581532
2015-12-14,2021.93994140625,0.4744288064068024
2015-12-15,2043.4100341796875,1.0562580105914383
2015-12-16,2073.070068359375,1.4410635650771484
2015-12-17,2041.8900146484375,-1.5154776635876313
2015-12-18,2005.550048828125,-1.7957495007106936
2015-12-21,2021.1500244140625,0.77483067271562
2015-12-22,2038.969970703125,0.8778095591568889
2015-12-23,2064.2900390625,1.2341596527553889
2015-12-24,2060.989990234375,-0.1599915403863319
2015-12-28,2056.5,-0.2180936456306016
2015-12-29,2078.360107421875,1.0573664173022947
2015-12-30,2063.360107421875,-0.7243398783778549
2015-12-31,2043.93994140625,-0.9456485041467846
2016-01-04,2012.6600341796875,-1.5422041797805928
2016-01-05,2016.7099609375,0.2010204139359939
2016-01-06,1990.260009765625,-1.320216300262602
2016-01-07,1943.0899658203125,-2.3985816519344776
2016-01-08,1922.030029296875,-1.089753744584791
2016-01-11,1923.6700439453125,0.0852908295822672
2016-01-12,1938.6800537109375,0.7772514117774859
2016-01-13,1890.280029296875,-2.528237507790902
2016-01-14,1921.8399658203125,1.6558060934383971
2016-01-15,1880.3299560546875,-2.1835772698162375
2016-01-19,1881.3299560546875,0.0531680187428828
2016-01-20,1859.3299560546875,-1.1762766025898372
2016-01-21,1868.989990234375,0.5181988635948063
2016-01-22,1906.9000244140625,2.008072688221347
2016-01-25,1877.0799560546875,-1.5761545172821467
2016-01-26,1903.6300048828125,1.4045237830367907
2016-01-27,1882.949951171875,-1.0922922300528426
2016-01-28,1893.3599853515625,0.5513350717591524
2016-01-29,1940.239990234375,2.4458650994556432
2016-02-01,1939.3800048828125,-0.0443334845541805
2016-02-02,1903.030029296875,-1.892096871823143
2016-02-03,1912.530029296875,0.4979620021574023
2016-02-04,1915.449951171875,0.1525568292523437
2016-02-05,1880.050048828125,-1.8654158276351849
2016-02-08,1853.43994140625,-1.4255057923057348
2016-02-09,1852.2099609375,-0.0663840646760225
2016-02-10,1851.8599853515625,-0.0188968130760916
2016-02-11,1829.0799560546875,-1.2377447329256217
2016-02-12,1864.780029296875,1.933001520704595
2016-02-16,1895.5799560546875,1.6381737741684916
2016-02-17,1926.8199462890625,1.6346110625641337
2016-02-18,1917.8299560546875,-0.4676632123934705
2016-02-19,1917.780029296875,-0.0026033281801842
2016-02-22,1945.5,1.4350731099076084
2016-02-23,1921.27001953125,-1.253257757078849
2016-02-24,1929.800048828125,0.4429960034631948
2016-02-25,1951.699951171875,1.1284366730450843
2016-02-26,1948.050048828125,-0.1871865329564653
2016-02-29,1932.22998046875,-0.8154131091571704
2016-03-01,1978.3499755859375,2.3588385401618943
2016-03-02,1986.449951171875,0.40859498611017
2016-03-03,1993.4000244140625,0.3492634320316937
2016-03-04,1999.989990234375,0.3300439865941698
2016-03-07,2001.760009765625,0.0884622800863948
2016-03-08,1979.260009765625,-1.130375605600619
2016-03-09,1989.260009765625,0.5039672782814251
2016-03-10,1989.5699462890625,0.0155792797122626
2016-03-11,2022.18994140625,1.626254558885149
2016-03-14,2019.6400146484375,-0.1261768616611746
2016-03-15,2015.9300537109375,-0.1838630934317958
2016-03-16,2027.219970703125,0.5584727881779697
2016-03-17,2040.5899658203125,0.6573583068596323
2016-03-18,2049.580078125,0.4395967251026177
2016-03-21,2051.60009765625,0.0985091904292301
2016-03-22,2049.800048828125,-0.0877772896772251
2016-03-23,2036.7099609375,-0.640650953066712
2016-03-24,2035.93994140625,-0.0378141779376819
2016-03-28,2037.050048828125,0.0545106888072358
2016-03-29,2055.010009765625,0.877801205423741
2016-03-30,2063.949951171875,0.4340879993566219
2016-03-31,2059.739990234375,-0.2041842359620711
2016-04-01,2072.780029296875,0.6310959066599756
2016-04-04,2066.1298828125,-0.3213480045854618
2016-04-05,2045.1700439453125,-1.019629841179453
2016-04-06,2066.659912109375,1.0452797932013158
2016-04-07,2041.9100341796875,-1.204807397000487
2016-04-08,2047.5999755859375,0.2782702604616504
2016-04-11,2041.989990234375,-0.2743545889603945
2016-04-12,2061.719970703125,0.9615753881389976
2016-04-13,2082.419921875,0.9990069768557897
2016-04-14,2082.780029296875,0.0172912430132425
2016-04-15,2080.72998046875,-0.0984769576145959
2016-04-18,2094.340087890625,0.6519725613797989
2016-04-19,2100.800048828125,0.3079737902866533
2016-04-20,2102.39990234375,0.07612550492345
2016-04-21,2091.47998046875,-0.5207562857292034
2016-04-22,2091.580078125,0.0047858579540742
2016-04-25,2087.7900390625,-0.1813689620762995
2016-04-26,2091.699951171875,0.187100017423693
2016-04-27,2095.14990234375,0.164799411174684
2016-04-28,2075.81005859375,-0.9273636061561672
2016-04-29,2065.300048828125,-0.5075949230557177
2016-05-02,2081.429931640625,0.7779606697244105
2016-05-03,2063.3701171875,-0.8714499388395888
2016-05-04,2051.1201171875,-0.595458270547255
2016-05-05,2050.6298828125,-0.0239036692794152
2016-05-06,2057.139892578125,0.3169610553552606
2016-05-09,2058.68994140625,0.0753213307609947
2016-05-10,2084.389892578125,1.240636523603733
2016-05-11,2064.4599609375,-0.9607522877868724
2016-05-12,2064.110107421875,-0.0169479267964244
2016-05-13,2046.6099853515625,-0.8514434161752484
2016-05-16,2066.659912109375,0.9748976389612768
2016-05-17,2047.2099609375,-0.9455863552162806
2016-05-18,2047.6300048828125,0.0205157686401279
2016-05-19,2040.0400390625,-0.3713594522720624
2016-05-20,2052.320068359375,0.6001459222804671
2016-05-23,2048.0400390625,-0.2087636568101688
2016-05-24,2076.06005859375,1.3588637533990109
2016-05-25,2090.5400390625,0.6950529651583447
2016-05-26,2090.10009765625,-0.021046604992859
2016-05-27,2099.06005859375,0.4277694939439437
2016-05-31,2096.949951171875,-0.1005768620589989
2016-06-01,2099.330078125,0.1134398653926189
2016-06-02,2105.260009765625,0.2820696166986195
2016-06-03,2099.1298828125,-0.2916062236694851
2016-06-06,2109.409912109375,0.4885328519363623
2016-06-07,2112.1298828125,0.1288615629197613
2016-06-08,2119.1201171875,0.3304101971954724
2016-06-09,2115.47998046875,-0.1719235597893807
2016-06-10,2096.070068359375,-0.9217532410166118
2016-06-13,2079.06005859375,-0.8148298789709478
2016-06-14,2075.320068359375,-0.1800505071971903
2016-06-15,2071.5,-0.1842409063810195
2016-06-16,2077.989990234375,0.3128093111045572
2016-06-17,2071.219970703125,-0.3263284144608922
2016-06-20,2083.25,0.5791382778423102
2016-06-21,2088.89990234375,0.2708390604209703
2016-06-22,2085.449951171875,-0.165292899657585
2016-06-23,2113.320068359375,1.3275567071955108
2016-06-24,2037.4100341796875,-3.6580792805582623
2016-06-27,2000.5400390625,-1.8262246511702755
2016-06-28,2036.0899658203125,1.7614121604087918
2016-06-29,2070.77001953125,1.6889242971253915
2016-06-30,2098.860107421875,1.3473863149466128
2016-07-01,2102.949951171875,0.1946706293032022
2016-07-05,2088.550048828125,-0.6871028985598719
2016-07-06,2099.72998046875,0.5338687058275959
2016-07-07,2097.89990234375,-0.0871957886733
2016-07-08,2129.89990234375,1.51381865659924
2016-07-11,2137.159912109375,0.3402819311998238
2016-07-12,2152.139892578125,0.6984842307345719
2016-07-13,2152.429931640625,0.0134758674981703
2016-07-14,2163.75,0.5245422801697
2016-07-15,2161.739990234375,-0.0929379059871143
2016-07-18,2166.889892578125,0.2379461821868736
2016-07-19,2163.780029296875,-0.1436204500415386
2016-07-20,2173.02001953125,0.4261208315763991
2016-07-21,2165.169921875,-0.3619069856524975
2016-07-22,2175.030029296875,0.4543626789510244
2016-07-25,2168.47998046875,-0.30160187399297
2016-07-26,2169.179931640625,0.0322732160719412
2016-07-27,2166.580078125,-0.1199260946808637
2016-07-28,2170.06005859375,0.1604920448092453
2016-07-29,2173.60009765625,0.1629980117657865
2016-08-01,2170.840087890625,-0.1270594147491058
2016-08-02,2157.030029296875,-0.6381940812667669
2016-08-03,2163.7900390625,0.3129042716071097
2016-08-04,2164.25,0.0212549299489087
2016-08-05,2182.8701171875,0.856669728938006
2016-08-08,2180.889892578125,-0.0907577291541599
2016-08-09,2181.739990234375,0.0389717986555982
2016-08-10,2175.489990234375,-0.2868797063488285
2016-08-11,2185.7900390625,0.4723415102443644
2016-08-12,2184.050048828125,-0.0796363386914057
2016-08-15,2190.14990234375,0.2789016294521772
2016-08-16,2178.14990234375,-0.5494142216478226
2016-08-17,2182.219970703125,0.1866846006155566
2016-08-18,2187.02001953125,0.2197201696382422
2016-08-19,2183.8701171875,-0.1441309568768186
2016-08-22,2182.639892578125,-0.0563481883323107
2016-08-23,2186.89990234375,0.1949867178361733
2016-08-24,2175.43994140625,-0.5254055259671874
2016-08-25,2172.469970703125,-0.1366160396645455
2016-08-26,2169.0400390625,-0.1580064238713278
2016-08-29,2180.3798828125,0.5214428428674345
2016-08-30,2176.1201171875,-0.1955591407122778
2016-08-31,2170.949951171875,-0.2378691105562606
2016-09-01,2170.860107421875,-0.0041385389411442
2016-09-02,2179.97998046875,0.4192241599034617
2016-09-06,2186.47998046875,0.2977242370005349
2016-09-07,2186.159912109375,-0.014639593829345
2016-09-08,2181.300048828125,-0.2225488192470288
2016-09-09,2127.81005859375,-2.4827742410836415
2016-09-12,2159.0400390625,1.4570387233434434
2016-09-13,2127.02001953125,-1.4941748278210834
2016-09-14,2125.77001953125,-0.0587849399812835
2016-09-15,2147.260009765625,1.005851644943989
2016-09-16,2139.159912109375,-0.37794277955721
2016-09-19,2139.1201171875,-0.0018603233824686
2016-09-20,2139.760009765625,0.0299093484234177
2016-09-21,2163.1201171875,1.085800033363595
2016-09-22,2177.179931640625,0.6478751917642122
2016-09-23,2164.68994140625,-0.5753292959718775
2016-09-26,2146.10009765625,-0.8624850117916046
2016-09-27,2159.929931640625,0.6423495165298114
2016-09-28,2171.3701171875,0.5282576603642458
2016-09-29,2151.1298828125,-0.9365127730081196
2016-09-30,2168.27001953125,0.79363925880277
2016-10-03,2161.199951171875,-0.3266023181527122
2016-10-04,2150.489990234375,-0.4967881786362002
2016-10-05,2159.72998046875,0.4287486231196994
2016-10-06,2160.77001953125,0.0481443852604502
2016-10-07,2153.739990234375,-0.3258787441614204
2016-10-10,2163.659912109375,0.4595330317324387
2016-10-11,2136.72998046875,-1.2524577697755963
2016-10-12,2139.179931640625,0.114593220639882
2016-10-13,2132.550048828125,-0.3104076412233994
2016-10-14,2132.97998046875,0.020158415912115
2016-10-17,2126.5,-0.3042618111840263
2016-10-18,2139.60009765625,0.6141505605698631
2016-10-19,2144.2900390625,0.2189572155350499
2016-10-20,2141.340087890625,-0.1376671131380955
2016-10-21,2141.159912109375,-0.0084145140154779
2016-10-24,2151.330078125,0.4738594647427365
2016-10-25,2143.159912109375,-0.3804957464706359
2016-10-26,2139.429931640625,-0.1741927921187231
2016-10-27,2133.0400390625,-0.2991195906008866
2016-10-28,2126.409912109375,-0.311314013962507
2016-10-31,2126.14990234375,-0.0122283884198553
2016-11-01,2111.719970703125,-0.6810019108735079
2016-11-02,2097.93994140625,-0.6546884453454002
2016-11-03,2088.659912109375,-0.4433213022609399
2016-11-04,2085.179931640625,-0.166752027169296
2016-11-07,2131.52001953125,2.1980199729464904
2016-11-08,2139.56005859375,0.376487839715753
2016-11-09,2163.260009765625,1.1016119879656034
2016-11-10,2167.47998046875,0.1948845716095396
2016-11-11,2164.449951171875,-0.1398928347797605
2016-11-14,2164.199951171875,-0.0115509457183237
2016-11-15,2180.389892578125,0.7452955022089459
2016-11-16,2176.93994140625,-0.1583516522375953
2016-11-17,2187.1201171875,0.4665469361197901
2016-11-18,2181.89990234375,-0.238965136554844
2016-11-21,2198.179931640625,0.7433702070873875
2016-11-22,2202.93994140625,0.2163091103593048
2016-11-23,2204.719970703125,0.0807698156908801
2016-11-25,2213.35009765625,0.3906745613423708
2016-11-28,2201.719970703125,-0.5268389254735216
2016-11-29,2204.659912109375,0.1334402353261901
2016-11-30,2198.81005859375,-0.2656930555156394
2016-12-01,2191.080078125,-0.3521722966763813
2016-12-02,2191.949951171875,0.0396927720084623
2016-12-05,2204.7099609375,0.5804426926743671
2016-12-06,2212.22998046875,0.3405084468874609
2016-12-07,2241.35009765625,1.307735874472335
2016-12-08,2246.18994140625,0.2157015016871101
2016-12-09,2259.530029296875,0.5921418532969714
2016-12-12,2256.9599609375,-0.1138082290599516
2016-12-13,2271.719970703125,0.651848320123699
2016-12-14,2253.280029296875,-0.8150295461858615
2016-12-15,2262.030029296875,0.3875707687553573
2016-12-16,2258.070068359375,-0.1752156750980241
2016-12-19,2262.530029296875,0.1973172715211258
2016-12-20,2270.760009765625,0.3630912401152755
2016-12-21,2265.179931640625,-0.2460385724677666
2016-12-22,2260.9599609375,-0.1864711222396504
2016-12-23,2263.7900390625,0.1250932535079235
2016-12-27,2268.8798828125,0.2245848904548634
2016-12-28,2249.919921875,-0.8391640709771516
2016-12-29,2249.260009765625,-0.0293347731868372
2016-12-30,2238.830078125,-0.4647834696854234
2017-01-03,2257.830078125,0.8450766753157112
2017-01-04,2270.75,0.5705963770549438
2017-01-05,2269.0,-0.0770967602481184
2017-01-06,2276.97998046875,0.3510789180579059
2017-01-09,2268.89990234375,-0.3554905471559629
2017-01-10,2268.89990234375,0.0
2017-01-11,2275.320068359375,0.2825642389101951
2017-01-12,2270.43994140625,-0.2147112393729617
2017-01-13,2274.639892578125,0.1848131395146655
2017-01-17,2267.889892578125,-0.2971914456218445
2017-01-18,2271.889892578125,0.176220046980932
2017-01-19,2263.68994140625,-0.3615837624319374
2017-01-20,2271.31005859375,0.3360584061299942
2017-01-23,2265.199951171875,-0.2693749646069815
2017-01-24,2280.070068359375,0.6543140528962317
2017-01-25,2298.3701171875,0.7994052795968681
2017-01-26,2296.679931640625,-0.0735654935263103
2017-01-27,2294.68994140625,-0.0866839489741592
2017-01-30,2280.89990234375,-0.6027673496096654
2017-01-31,2278.8701171875,-0.0890301608032545
2017-02-01,2279.550048828125,0.0298318988116289
2017-02-02,2280.85009765625,0.0570146838691013
2017-02-03,2297.419921875,0.7238496854553608
2017-02-06,2292.56005859375,-0.2117597513709103
2017-02-07,2293.080078125,0.0226803463845771
2017-02-08,2294.669921875,0.0693082148609631
2017-02-09,2307.8701171875,0.573606373596025
2017-02-10,2316.10009765625,0.3559706822009091
2017-02-13,2328.25,0.5232133584011204
2017-02-14,2337.580078125,0.3999327195672579
2017-02-15,2349.25,0.497988866573445
2017-02-16,2347.219970703125,-0.0864491601550169
2017-02-17,2351.159912109375,0.1677149327237158
2017-02-21,2365.3798828125,0.6029850020069154
2017-02-22,2362.820068359375,-0.1082786146804093
2017-02-23,2363.81005859375,0.0418898971259233
2017-02-24,2367.340087890625,0.1492250232031652
2017-02-27,2369.75,0.1017465267733664
2017-02-28,2363.639892578125,-0.2581706115194909
2017-03-01,2395.9599609375,1.3581211083725322
2017-03-02,2381.919921875,-0.587711697210527
2017-03-03,2383.1201171875,0.0503750368534789
2017-03-06,2375.31005859375,-0.3282622763565812
2017-03-07,2368.389892578125,-0.2917625902089877
2017-03-08,2362.97998046875,-0.2286827964063899
2017-03-09,2364.8701171875,0.0799575612766386
2017-03-10,2372.60009765625,0.3263339705858542
2017-03-13,2373.469970703125,0.0366565619169632
2017-03-14,2365.449951171875,-0.3384748980891005
2017-03-15,2385.260009765625,0.8339879124686365
2017-03-16,2381.3798828125,-0.1628034799183614
2017-03-17,2378.25,-0.1315179264231435
2017-03-20,2373.469970703125,-0.2011916080380294
2017-03-21,2344.02001953125,-1.2485594590102116
2017-03-22,2348.449951171875,0.1888102847462667
2017-03-23,2345.9599609375,-0.1060832144830083
2017-03-24,2343.97998046875,-0.0844352213938482
2017-03-27,2341.590087890625,-0.102010758584563
2017-03-28,2358.570068359375,0.7225308829623951
2017-03-29,2361.1298828125,0.1084736203830169
2017-03-30,2368.06005859375,0.2930810911705013
2017-03-31,2362.719970703125,-0.2257593938266817
2017-04-03,2358.840087890625,-0.1643475308013331
2017-04-04,2360.159912109375,0.0559366074661371
2017-04-05,2352.949951171875,-0.3059536811522123
2017-04-06,2357.489990234375,0.1927650293734993
2017-04-07,2355.5400390625,-0.0827472462944871
2017-04-10,2357.159912109375,0.0687450135783276
2017-04-11,2353.780029296875,-0.1434908291958284
2017-04-12,2344.929931640625,-0.3767037418986906
2017-04-13,2328.949951171875,-0.6838020289804216
2017-04-17,2349.010009765625,0.8576465691107291
2017-04-18,2342.18994140625,-0.2907602845833255
2017-04-19,2338.169921875,-0.1717825396868574
2017-04-20,2355.840087890625,0.7528850362973852
2017-04-21,2348.68994140625,-0.3039688107115378
2017-04-24,2374.14990234375,1.0781736588111828
2017-04-25,2388.610107421875,0.6072214211751177
2017-04-26,2387.449951171875,-0.0485821475687349
2017-04-27,2388.77001953125,0.0552767000299206
2017-04-28,2384.199951171875,-0.1914979471490041
2017-05-01,2388.330078125,0.1730791826893825
2017-05-02,2391.169921875,0.1188343585811529
2017-05-03,2388.1298828125,-0.1272169395827386
2017-05-04,2389.52001953125,0.0581933287869546
2017-05-05,2399.2900390625,0.4080359407478359
2017-05-08,2399.3798828125,0.0037445271907879
2017-05-09,2396.919921875,-0.1025774556793217
2017-05-10,2399.6298828125,0.1129962717449474
2017-05-11,2394.43994140625,-0.2165151374106618
2017-05-12,2390.89990234375,-0.1479535340794259
2017-05-15,2402.320068359375,0.4765142303015233
2017-05-16,2400.669921875,-0.0687133036986045
2017-05-17,2357.030029296875,-1.834546817111504
2017-05-18,2365.719970703125,0.3680038627215951
2017-05-19,2381.72998046875,0.67447032082007
2017-05-22,2394.02001953125,0.514686329600843
2017-05-23,2398.419921875,0.183618517238041
2017-05-24,2404.389892578125,0.2486033804576294
2017-05-25,2415.070068359375,0.4432112041978174
2017-05-26,2415.820068359375,0.0310501785302423
2017-05-30,2412.909912109375,-0.1205350729533819
2017-05-31,2411.800048828125,-0.0460074619951327
2017-06-01,2430.06005859375,0.7542595584847225
2017-06-02,2439.070068359375,0.370087461804602
2017-06-05,2436.10009765625,-0.1218407140428638
2017-06-06,2429.330078125,-0.2782908666204083
2017-06-07,2433.139892578125,0.1567028796347538
2017-06-08,2433.7900390625,0.0267169035664767
2017-06-09,2431.77001953125,-0.0830333866187276
2017-06-12,2429.389892578125,-0.0979242479718113
2017-06-13,2440.35009765625,0.450135884323014
2017-06-14,2437.919921875,-0.0996326965317602
2017-06-15,2432.4599609375,-0.2242109796840374
2017-06-16,2433.14990234375,0.0283599150059695
2017-06-19,2453.4599609375,0.8312583206893995
2017-06-20,2437.030029296875,-0.6719160446931665
2017-06-21,2435.610107421875,-0.0582814193271596
2017-06-22,2434.5,-0.0455885972438085
2017-06-23,2438.300048828125,0.1559698555409097
2017-06-26,2439.070068359375,0.0315751939732361
2017-06-27,2419.3798828125,-0.8105586575672906
2017-06-28,2440.68994140625,0.8769501646551084
2017-06-29,2419.699951171875,-0.8637216844141349
2017-06-30,2423.409912109375,0.1532057610873533
2017-07-03,2429.010009765625,0.230816797914758
2017-07-05,2432.5400390625,0.14522240362887
2017-07-06,2409.75,-0.9412987306866184
2017-07-07,2425.179931640625,0.6382712569615802
2017-07-10,2427.429931640625,0.0927336103512565
2017-07-11,2425.530029296875,-0.0782987066082173
2017-07-12,2443.25,0.7279050947821435
2017-07-13,2447.830078125,0.1872829473473065
2017-07-14,2459.27001953125,0.4662616170009233
2017-07-17,2459.139892578125,-0.0052914236706864
2017-07-18,2460.610107421875,0.0597678698110987
2017-07-19,2473.830078125,0.535825821605345
2017-07-20,2473.449951171875,-0.0153671088607044
2017-07-21,2472.5400390625,-0.0367939329208882
2017-07-24,2469.909912109375,-0.1064300995408804
2017-07-25,2477.1298828125,0.2918907519898033
2017-07-26,2477.830078125,0.0282624006119479
2017-07-27,2475.419921875,-0.0973161637393713
2017-07-28,2472.10009765625,-0.1342015678116038
2017-07-31,2470.300048828125,-0.0728410834559801
2017-08-01,2476.35009765625,0.2446120774938466
2017-08-02,2477.570068359375,0.0492527407347449
2017-08-03,2472.159912109375,-0.218604183494567
2017-08-04,2476.830078125,0.1887321417539568
2017-08-07,2480.909912109375,0.1645844644280467
2017-08-08,2474.919921875,-0.2417352230385335
2017-08-09,2474.02001953125,-0.0363674792712376
2017-08-10,2438.2099609375,-1.458021840074153
2017-08-11,2441.320068359375,0.1274757127987136
2017-08-14,2465.840087890625,0.9993651246049404
2017-08-15,2464.610107421875,-0.049893232688349
2017-08-16,2468.110107421875,0.1419095523332371
2017-08-17,2430.010009765625,-1.5557342487191417
2017-08-18,2425.550048828125,-0.1837053661351993
2017-08-21,2428.3701171875,0.1161975714566196
2017-08-22,2452.510009765625,0.9891695260625076
2017-08-23,2444.0400390625,-0.3459570132639007
2017-08-24,2438.969970703125,-0.2076616747138441
2017-08-25,2443.050048828125,0.1671471668937421
2017-08-28,2444.239990234375,0.0486953473296074
2017-08-29,2446.300048828125,0.0842466762009791
2017-08-30,2457.590087890625,0.4604531788061043
2017-08-31,2471.64990234375,0.5704673584713544
2017-09-01,2476.550048828125,0.1980578042335197
2017-09-05,2457.85009765625,-0.7579458552144929
2017-09-06,2465.5400390625,0.3123842493144133
2017-09-07,2465.10009765625,-0.0178452044853709
2017-09-08,2461.429931640625,-0.1489960143457705
2017-09-11,2488.110107421875,1.0780975197147025
2017-09-12,2496.47998046875,0.3358302594883113
2017-09-13,2498.3701171875,0.0756834248082529
2017-09-14,2495.6201171875,-0.1101323850827973
2017-09-15,2500.22998046875,0.1845477546159349
2017-09-18,2503.8701171875,0.145486192912933
2017-09-19,2506.64990234375,0.1109579616731385
2017-09-20,2508.239990234375,0.0634146702309437
2017-09-21,2500.60009765625,-0.3050565946914834
2017-09-22,2502.219970703125,0.064758399516702
2017-09-25,2496.659912109375,-0.2224522699853856
2017-09-26,2496.840087890625,0.0072164125894879
2017-09-27,2507.0400390625,0.4076822401987924
2017-09-28,2510.06005859375,0.1203890628938027
2017-09-29,2519.360107421875,0.3698263068498826
2017-10-02,2529.1201171875,0.3866518829712313
2017-10-03,2534.580078125,0.2156511184660919
2017-10-04,2537.739990234375,0.1245943661113638
2017-10-05,2552.070068359375,0.563090403129274
2017-10-06,2549.330078125,-0.1074211165239724
2017-10-09,2544.72998046875,-0.1806063868013556
2017-10-10,2550.639892578125,0.2319719630478064
2017-10-11,2555.239990234375,0.1801882929663564
2017-10-12,2550.929931640625,-0.1688177120351388
2017-10-13,2553.169921875,0.0877722004846304
2017-10-16,2557.639892578125,0.1749222532305753
2017-10-17,2559.360107421875,0.0672352905433993
2017-10-18,2561.260009765625,0.0742059511329546
2017-10-19,2562.10009765625,0.0327944115010485
2017-10-20,2575.2099609375,0.5103796185030386
2017-10-23,2564.97998046875,-0.3980395312997195
2017-10-24,2569.1298828125,0.1616600874558041
2017-10-25,2557.14990234375,-0.4673955687259984
2017-10-26,2560.39990234375,0.1270139250602399
2017-10-27,2581.070068359375,0.8040609979727099
2017-10-30,2572.830078125,-0.3197577376740719
2017-10-31,2575.260009765625,0.0944012936679315
2017-11-01,2579.360107421875,0.1590844107903869
2017-11-02,2579.85009765625,0.0189947769666715
2017-11-03,2587.840087890625,0.3092289326314394
2017-11-06,2591.1298828125,0.127044388477643
2017-11-07,2590.639892578125,-0.0189120805081917
2017-11-08,2594.3798828125,0.1442613932060414
2017-11-09,2584.6201171875,-0.3768981339370136
2017-11-10,2582.300048828125,-0.089804697605371
2017-11-13,2584.840087890625,0.0983150911293032
2017-11-14,2578.8701171875,-0.2312280560281922
2017-11-15,2564.6201171875,-0.5540998742123611
2017-11-16,2585.639892578125,0.8162652782972404
2017-11-17,2578.85009765625,-0.2629416978897395
2017-11-20,2582.139892578125,0.127486988879011
2017-11-21,2599.030029296875,0.6519838879752696
2017-11-22,2597.080078125,-0.0750542703329544
2017-11-24,2602.419921875,0.2053984278231966
2017-11-27,2601.419921875,-0.0384331586803253
2017-11-28,2627.0400390625,0.9800332196793644
2017-11-29,2626.070068359375,-0.0369293882790778
2017-11-30,2647.580078125,0.8157586662811174
2017-12-01,2642.219970703125,-0.2026582935805332
2017-12-04,2639.43994140625,-0.1052710549286453
2017-12-05,2629.570068359375,-0.3746390525955308
2017-12-06,2629.27001953125,-0.0114112170530349
2017-12-07,2636.97998046875,0.2928067010109385
2017-12-08,2651.5,0.5491202035518141
2017-12-11,2659.989990234375,0.3196842121695832
2017-12-12,2664.110107421875,0.1547723722089516
2017-12-13,2662.85009765625,-0.0473068970150185
2017-12-14,2652.010009765625,-0.4079167730762682
2017-12-15,2675.81005859375,0.8934313410142761
2017-12-18,2690.159912109375,0.5348478579597589
2017-12-19,2681.469970703125,-0.3235498043118501
2017-12-20,2679.25,-0.0828236073572566
2017-12-21,2684.570068359375,0.1983687012658398
2017-12-22,2683.340087890625,-0.0458271638113755
2017-12-26,2680.5,-0.1058975700058569
2017-12-27,2682.6201171875,0.0790628310242261
2017-12-28,2687.5400390625,0.1832319002919555
2017-12-29,2673.610107421875,-0.5196632292748299
2018-01-02,2695.81005859375,0.8269078218398127
2018-01-03,2713.06005859375,0.6378433243936035
2018-01-04,2723.989990234375,0.4020542855326989
2018-01-05,2743.14990234375,0.7009145888585349
2018-01-08,2747.7099609375,0.1660963767296979
2018-01-09,2751.2900390625,0.1302083517298422
2018-01-10,2748.22998046875,-0.1112845811520687
2018-01-11,2767.56005859375,0.7009025768882019
2018-01-12,2786.239990234375,0.6726926399094035
2018-01-16,2776.419921875,-0.353071326160267
2018-01-17,2802.56005859375,0.9371006206502086
2018-01-18,2798.030029296875,-0.1617697497473624
2018-01-19,2810.300048828125,0.4375647986990156
2018-01-22,2832.969970703125,0.803436438221324
2018-01-23,2839.1298828125,0.2172004968222319
2018-01-24,2837.5400390625,-0.0560132547232047
2018-01-25,2839.25,0.0602439398832889
2018-01-26,2872.8701171875,1.1771638106084168
2018-01-29,2853.530029296875,-0.6754736284863033
2018-01-30,2822.429931640625,-1.0958642805337084
2018-01-31,2823.81005859375,0.0488865858694788
2018-02-01,2821.97998046875,-0.0648298352023325
2018-02-02,2762.1298828125,-2.143668051669881
2018-02-05,2648.93994140625,-4.184254093838143
2018-02-06,2695.139892578125,1.7290573348937088
2018-02-07,2681.659912109375,-0.5014138223752627
2018-02-08,2581.0,-3.82590522458017
2018-02-09,2619.550048828125,1.4825645199524344
2018-02-12,2656.0,1.3818665678186273
2018-02-13,2662.93994140625,0.2609521980277558
2018-02-14,2698.6298828125,1.3313439808897014
2018-02-15,2731.199951171875,1.199686177677526
2018-02-16,2732.219970703125,0.0373399649921694
2018-02-20,2716.260009765625,-0.5858517106837343
2018-02-21,2701.330078125,-0.5511664483310909
2018-02-22,2703.9599609375,0.097307748557786
2018-02-23,2747.300048828125,1.5901278245121022
2018-02-26,2779.60009765625,1.16884386206274
2018-02-27,2744.280029296875,-1.278831144146754
2018-02-28,2713.830078125,-1.115780608365608
2018-03-01,2677.669921875,-1.3413965854876448
2018-03-02,2691.25,0.5058785485198549
2018-03-05,2720.93994140625,1.097161761052657
2018-03-06,2728.1201171875,0.263538293199681
2018-03-07,2726.800048828125,-0.0483991825716375
2018-03-08,2738.969970703125,0.4453148208884627
2018-03-09,2786.570068359375,1.7229546741207586
2018-03-12,2783.02001953125,-0.1274797337998416
2018-03-13,2765.31005859375,-0.6383910414314703
2018-03-14,2749.47998046875,-0.5740969825188785
2018-03-15,2747.330078125,-0.078223639909655
2018-03-16,2752.010009765625,0.1701997947231741
2018-03-19,2712.919921875,-1.4306040541373417
2018-03-20,2716.93994140625,0.1480708661718925
2018-03-21,2711.929931640625,-0.1845692125629406
2018-03-22,2643.68994140625,-2.5484886972854417
2018-03-23,2588.260009765625,-2.1189807311750664
2018-03-26,2658.550048828125,2.679504070603539
2018-03-27,2612.6201171875,-1.7427285645321902
2018-03-28,2605.0,-0.2920918899462677
2018-03-29,2640.8701171875,1.3675777493843446
2018-04-02,2581.8798828125,-2.259068234349587
2018-04-03,2614.449951171875,1.2535961315741069
2018-04-04,2644.68994140625,1.150010234644679
2018-04-05,2662.840087890625,0.6839421401651201
2018-04-06,2604.469970703125,-2.2164067057064987
2018-04-09,2613.159912109375,0.3330994967592829
2018-04-10,2656.8701171875,1.6588598996314068
2018-04-11,2642.18994140625,-0.5540685772461174
2018-04-12,2663.989990234375,0.8216898697657044
2018-04-13,2656.300048828125,-0.2890799826706634
2018-04-16,2677.840087890625,0.8076336801563068
2018-04-17,2706.389892578125,1.060507161386675
2018-04-18,2708.639892578125,0.0831020407553266
2018-04-19,2693.1298828125,-0.574258179583257
2018-04-20,2670.139892578125,-0.8573177188352707
2018-04-23,2670.2900390625,0.0056230111184539
2018-04-24,2634.56005859375,-1.3470888006475166
2018-04-25,2639.39990234375,0.1835374232823634
2018-04-26,2666.93994140625,1.0380144187376954
2018-04-27,2669.909912109375,0.1113005271363814
2018-04-30,2648.050048828125,-0.8221192548921248
2018-05-01,2654.800048828125,0.2545802171027392
2018-05-02,2635.669921875,-0.7231951201402356
2018-05-03,2629.72998046875,-0.2256217585064076
2018-05-04,2663.419921875,1.2729810028334958
2018-05-07,2672.6298828125,0.3451980554989958
2018-05-08,2671.919921875,-0.0265676611733821
2018-05-09,2697.7900390625,0.9635647934868784
2018-05-10,2723.070068359375,0.9327011603848374
2018-05-11,2727.719970703125,0.1706139270961256
2018-05-14,2730.1298828125,0.0883099510126558
2018-05-15,2711.449951171875,-0.6865655043990812
2018-05-16,2722.4599609375,0.4052339847514407
2018-05-17,2720.1298828125,-0.08562387886101
2018-05-18,2712.969970703125,-0.2635665254550315
2018-05-21,2733.010009765625,0.7359604547933372
2018-05-22,2724.43994140625,-0.3140688592875189
2018-05-23,2733.2900390625,0.3243145206898751
2018-05-24,2727.760009765625,-0.2025262957722551
2018-05-25,2721.330078125,-0.2360003054185922
2018-05-29,2689.860107421875,-1.1631572511792223
2018-05-30,2724.010009765625,1.2615875351923802
2018-05-31,2705.27001953125,-0.6903333243434208
2018-06-01,2734.6201171875,1.079079970923988
2018-06-04,2746.8701171875,0.4469594898352221
2018-06-05,2748.800048828125,0.0702346269575674
2018-06-06,2772.35009765625,0.8530900637311971
2018-06-07,2770.3701171875,-0.0714443621984528
2018-06-08,2779.030029296875,0.3121028907751347
2018-06-11,2782.0,0.106813700694032
2018-06-12,2786.85009765625,0.1741867278703848
2018-06-13,2775.6298828125,-0.4034254541411456
2018-06-14,2782.489990234375,0.2468500522503686
2018-06-15,2779.659912109375,-0.101762031549408
2018-06-18,2773.75,-0.2128391180886516
2018-06-19,2762.590087890625,-0.4031517951391294
2018-06-20,2767.320068359375,0.1710690224112545
2018-06-21,2749.760009765625,-0.6365728843220269
2018-06-22,2754.8798828125,0.1860203255133883
2018-06-25,2717.070068359375,-1.3819722967770651
2018-06-26,2723.06005859375,0.2202150505696723
2018-06-27,2699.6298828125,-0.8641586313141116
2018-06-28,2716.31005859375,0.6159680019031287
2018-06-29,2718.3701171875,0.0758115887517
2018-07-02,2726.7099609375,0.3063260834293461
2018-07-03,2713.219970703125,-0.4959629280533677
2018-07-05,2736.610107421875,0.8583856745537827
2018-07-06,2759.820068359375,0.844551760058016
2018-07-09,2784.169921875,0.8784290785341505
2018-07-10,2793.840087890625,0.3467249318821859
2018-07-11,2774.02001953125,-0.7119486371916502
2018-07-12,2798.2900390625,0.87109915801719
2018-07-13,2801.31005859375,0.1078655536608647
2018-07-16,2798.429931640625,-0.1028664620898538
2018-07-17,2809.550048828125,0.3965824343443431
2018-07-18,2815.6201171875,0.2158182076737462
2018-07-19,2804.489990234375,-0.3960826849049506
2018-07-20,2801.830078125,-0.0948897771274367
2018-07-23,2806.97998046875,0.1836362343231518
2018-07-24,2820.39990234375,0.4769518886053561
2018-07-25,2846.070068359375,0.9060435070372712
2018-07-26,2837.43994140625,-0.303690274886736
2018-07-27,2818.820068359375,-0.6583834644845457
2018-07-30,2802.60009765625,-0.5770789315587143
2018-07-31,2816.2900390625,0.4872837219303093
2018-08-01,2813.360107421875,-0.1040893067571133
2018-08-02,2827.219970703125,0.4914349582208699
2018-08-03,2840.35009765625,0.4633432065347987
2018-08-06,2850.39990234375,0.3531982650801626
2018-08-07,2858.449951171875,0.2820201746485767
2018-08-08,2857.699951171875,-0.0262414393295107
2018-08-09,2853.580078125,-0.1442714677039949
2018-08-10,2833.280029296875,-0.7139312263244473
2018-08-13,2821.929931640625,-0.4014037665980266
2018-08-14,2839.9599609375,0.6368930016417421
2018-08-15,2818.3701171875,-0.7631208581378816
2018-08-16,2840.68994140625,0.788821455263811
2018-08-17,2850.1298828125,0.3317606375263089
2018-08-20,2857.050048828125,0.2425074902128281
2018-08-21,2862.9599609375,0.2066399954627057
2018-08-22,2861.820068359375,-0.0398231054243505
2018-08-23,2856.97998046875,-0.1692693923535106
2018-08-24,2874.68994140625,0.6179705928285333
2018-08-27,2896.739990234375,0.7641141407110444
2018-08-28,2897.52001953125,0.0269242077598355
2018-08-29,2914.0400390625,0.5685242468911669
2018-08-30,2901.1298828125,-0.4440172044458075
2018-08-31,2901.52001953125,0.013446846730492
2018-09-04,2896.719970703125,-0.1655692048879307
2018-09-05,2888.60009765625,-0.2807062801265972
2018-09-06,2878.050048828125,-0.3658991036618157
2018-09-07,2871.679931640625,-0.2215797895014483
2018-09-10,2877.1298828125,0.1896028214693379
2018-09-11,2887.889892578125,0.3732865689715426
2018-09-12,2888.919921875,0.0356608349893552
2018-09-13,2904.179931640625,0.5268352159391334
2018-09-14,2904.97998046875,0.0275443900766355
2018-09-17,2888.800048828125,-0.5585290991549207
2018-09-18,2904.31005859375,0.5354652867625239
2018-09-19,2907.949951171875,0.1252488033171986
2018-09-20,2930.75,0.7810014185329059
2018-09-21,2929.669921875,-0.0368600937007048
2018-09-24,2919.3701171875,-0.3521882314013849
2018-09-25,2915.56005859375,-0.1305948493117946
2018-09-26,2905.969970703125,-0.3294699681159941
2018-09-27,2914.0,0.2759476228511396
2018-09-28,2913.97998046875,-0.0006870144138179
2018-10-01,2924.590087890625,0.3634492342198501
2018-10-02,2923.429931640625,-0.0396768910279079
2018-10-03,2925.510009765625,0.0711266736718371
2018-10-04,2901.610107421875,-0.8203035421009814
2018-10-05,2885.570068359375,-0.5543314584622145
2018-10-08,2884.429931640625,-0.0395194708349697
2018-10-09,2880.340087890625,-0.1418909834154297
2018-10-10,2785.679931640625,-3.3416389042602077
2018-10-11,2728.3701171875,-2.078757997254153
2018-10-12,2767.1298828125,1.4106235408376289
2018-10-15,2750.7900390625,-0.5922482291300049
2018-10-16,2809.919921875,2.126782803490127
2018-10-17,2809.2099609375,-0.0252694262664882
2018-10-18,2768.780029296875,-1.4496490575341183
2018-10-19,2767.780029296875,-0.0361235135279379
2018-10-22,2755.8798828125,-0.4308797096477867
2018-10-23,2740.68994140625,-0.5527076180694164
2018-10-24,2656.10009765625,-3.1350773861140837
2018-10-25,2705.570068359375,1.8453717978714168
2018-10-26,2658.68994140625,-1.7479138010003177
2018-10-29,2641.25,-0.658120829519397
2018-10-30,2682.6298828125,1.5545322971877482
2018-10-31,2711.739990234375,1.0792878754571094
2018-11-01,2740.3701171875,1.0502498868529206
2018-11-02,2723.06005859375,-0.6336721055879746
2018-11-05,2738.31005859375,0.5584693697194117
2018-11-06,2755.449951171875,0.6239787744408636
2018-11-07,2813.889892578125,2.0987078560774024
2018-11-08,2806.830078125,-0.2512068988491457
2018-11-09,2781.010009765625,-0.9241585915372432
2018-11-12,2726.219970703125,-1.9898150985467495
2018-11-13,2722.179931640625,-0.1483018822173893
2018-11-14,2701.580078125,-0.7596188818450545
2018-11-15,2730.199951171875,1.053803274264194
2018-11-16,2736.27001953125,0.2220837537483982
2018-11-19,2690.72998046875,-1.6783161235721438
2018-11-20,2641.889892578125,-1.831799555658597
2018-11-21,2649.929931640625,0.3038669310767201
2018-11-23,2632.56005859375,-0.6576419711855616
2018-11-26,2673.449951171875,1.5412975845366428
2018-11-27,2682.169921875,0.3256384364612641
2018-11-28,2743.7900390625,2.271405130311378
2018-11-29,2737.800048828125,-0.2185494545393453
2018-11-30,2760.169921875,0.8137547716617559
2018-12-03,2790.3701171875,1.0882001794362437
2018-12-04,2700.06005859375,-3.290022883855611
2018-12-06,2695.949951171875,-0.1523387914144285
2018-12-07,2633.080078125,-2.359633545632224
2018-12-10,2637.719970703125,0.1760603222916321
2018-12-11,2636.780029296875,-0.0356409675305666
2018-12-12,2651.070068359375,0.5404871010351243
2018-12-13,2650.5400390625,-0.0199950312415038
2018-12-14,2599.949951171875,-1.927121226869981
2018-12-17,2545.93994140625,-2.0992284828576646
2018-12-18,2546.159912109375,0.0086396853789103
2018-12-19,2506.9599609375,-1.55154591759368
2018-12-20,2467.419921875,-1.5897809484103955
2018-12-21,2416.6201171875,-2.080312049854063
2018-12-24,2351.10009765625,-2.748657287831441
2018-12-26,2467.699951171875,4.840317767080504
2018-12-27,2488.830078125,0.8526228968816992
2018-12-28,2485.739990234375,-0.1242353910231272
2018-12-31,2506.85009765625,0.8456625862206875
2019-01-02,2510.030029296875,0.1267693062626164
2019-01-03,2447.889892578125,-2.506833181891511
2019-01-04,2531.93994140625,3.375939906034647
2019-01-07,2549.68994140625,0.6985975995229761
2019-01-08,2574.409912109375,0.9648587336497392
2019-01-09,2584.9599609375,0.408967133282216
2019-01-10,2596.639892578125,0.4508241374462229
2019-01-11,2596.260009765625,-0.0146308544482466
2019-01-14,2582.610107421875,-0.5271394587249489
2019-01-15,2610.300048828125,1.0664618879761
2019-01-16,2616.10009765625,0.2219520529088364
2019-01-17,2635.9599609375,0.7562730706235749
2019-01-18,2670.7099609375,1.309691283985578
2019-01-22,2632.89990234375,-1.425847682797247
2019-01-23,2638.699951171875,0.2200489919450871
2019-01-24,2642.330078125,0.1374780110977555
2019-01-25,2664.760009765625,0.8452867700518018
2019-01-28,2643.85009765625,-0.7877775848708899
2019-01-29,2640.0,-0.1457307935114838
2019-01-30,2681.050048828125,1.5429609891560043
2019-01-31,2704.10009765625,0.8560648809767757
2019-02-01,2706.530029296875,0.0898206584807114
2019-02-04,2724.8701171875,0.6753381117479677
2019-02-05,2737.699951171875,0.4697370437350199
2019-02-06,2731.610107421875,-0.2226915717508786
2019-02-07,2706.050048828125,-0.9401193202230232
2019-02-08,2707.8798828125,0.06759725660127
2019-02-11,2709.800048828125,0.0708851803818394
2019-02-12,2744.72998046875,1.2807852902838603
2019-02-13,2753.030029296875,0.3019431593710975
2019-02-14,2745.72998046875,-0.2655163383698621
2019-02-15,2775.60009765625,1.082000466495754
2019-02-19,2779.760009765625,0.1497621326592005
2019-02-20,2784.699951171875,0.177553356074094
2019-02-21,2774.8798828125,-0.3532669325841389
2019-02-22,2792.669921875,0.6390638694710404
2019-02-25,2796.110107421875,0.123110444975171
2019-02-26,2793.89990234375,-0.0790769672840298
2019-02-27,2792.3798828125,-0.0544197436298073
2019-02-28,2784.489990234375,-0.2829507598950442
2019-03-01,2803.68994140625,0.6871656588713029
2019-03-04,2792.81005859375,-0.3888107395255168
2019-03-05,2789.64990234375,-0.1132173489706859
2019-03-06,2771.449951171875,-0.6545473604125029
2019-03-07,2748.929931640625,-0.8158911138331157
2019-03-08,2743.070068359375,-0.2133964131453649
2019-03-11,2783.300048828125,1.4559535563489443
2019-03-12,2791.52001953125,0.2948965727805163
2019-03-13,2810.919921875,0.6925546757019283
2019-03-14,2808.47998046875,-0.0868399331596182
2019-03-15,2822.47998046875,0.497251940843072
2019-03-18,2832.93994140625,0.3699096798908033
2019-03-19,2832.570068359375,-0.0130570079926759
2019-03-20,2824.22998046875,-0.2948696740769673
2019-03-21,2854.8798828125,1.0794015494689355
2019-03-22,2800.7099609375,-1.9156827134273255
2019-03-25,2798.360107421875,-0.0839372833310059
2019-03-26,2818.4599609375,0.7157052947934055
2019-03-27,2805.3701171875,-0.465514327659887
2019-03-28,2815.43994140625,0.3583054715261726
2019-03-29,2834.39990234375,0.6711706043324668
2019-04-01,2867.18994140625,1.1502195518044496
2019-04-02,2867.239990234375,0.0017455554858152
2019-04-03,2873.39990234375,0.2146072420089187
2019-04-04,2879.389892578125,0.2082465242994273
2019-04-05,2892.739990234375,0.4625717623099122
2019-04-08,2895.77001953125,0.1046911750523666
2019-04-09,2878.199951171875,-0.6085976435669539
2019-04-10,2888.2099609375,0.3471837754499924
2019-04-11,2888.320068359375,0.0038122340342693
2019-04-12,2907.409912109375,0.6587578389545727
2019-04-15,2905.580078125,-0.0629567244357108
2019-04-16,2907.06005859375,0.0509228325139962
2019-04-17,2900.449951171875,-0.2276400820738859
2019-04-18,2905.030029296875,0.1577846824249674
2019-04-22,2907.969970703125,0.1011505816932909
2019-04-23,2933.679931640625,0.8802351174995391
2019-04-24,2927.25,-0.2194168603036236
2019-04-25,2926.169921875,-0.0369041740272857
2019-04-26,2939.8798828125,0.4674350323304823
2019-04-29,2943.030029296875,0.1070948504233886
2019-04-30,2945.830078125,0.0950964698791445
2019-05-01,2923.72998046875,-0.753044585029134
2019-05-02,2917.52001953125,-0.2126244648682788
2019-05-03,2945.639892578125,0.959212747891747
2019-05-06,2932.469970703125,-0.4481013189072523
2019-05-07,2884.050048828125,-1.6649488088905522
2019-05-08,2879.419921875,-0.1606715389419968
2019-05-09,2870.719970703125,-0.3025998661928289
2019-05-10,2881.39990234375,0.3713394069918638
2019-05-13,2811.8701171875,-2.4426469138497504
2019-05-14,2834.409912109375,0.7983987523216094
2019-05-15,2850.9599609375,0.5821994327723055
2019-05-16,2876.320068359375,0.8855957116499086
2019-05-17,2859.530029296875,-0.5854437174043804
2019-05-20,2840.22998046875,-0.6772257975405369
2019-05-21,2864.360107421875,0.8459949093190606
2019-05-22,2856.27001953125,-0.2828392363899436
2019-05-23,2822.239990234375,-1.198569224128196
2019-05-24,2826.06005859375,0.1352643772037317
2019-05-28,2802.389892578125,-0.8410950000260243
2019-05-29,2783.02001953125,-0.693591016723137
2019-05-30,2788.860107421875,0.2096272674997037
2019-05-31,2752.06005859375,-1.328320525045296
2019-06-03,2744.449951171875,-0.2769070654307939
2019-06-04,2803.27001953125,2.1205927081077776
2019-06-05,2826.14990234375,0.8128726978813691
2019-06-06,2843.489990234375,0.6116840676004416
2019-06-07,2873.340087890625,1.0442979247260027
2019-06-10,2886.72998046875,0.4649220074765499
2019-06-11,2885.719970703125,-0.0349941457951285
2019-06-12,2879.840087890625,-0.2039657827237423
2019-06-13,2891.639892578125,0.4089010502850191
2019-06-14,2886.97998046875,-0.161281178615296
2019-06-17,2889.669921875,0.0931315432352843
2019-06-18,2917.75,0.9670489592970688
2019-06-19,2926.4599609375,0.2980716793023842
2019-06-20,2954.179931640625,0.942760533587314
2019-06-21,2950.4599609375,-0.1260016279727998
2019-06-24,2945.35009765625,-0.1733388460587026
2019-06-25,2917.3798828125,-0.9541775640387554
2019-06-26,2913.780029296875,-0.1234695678803998
2019-06-27,2924.919921875,0.3815885792590847
2019-06-28,2941.760009765625,0.5740941840599626
2019-07-01,2964.330078125,0.7643018610953927
2019-07-02,2973.010009765625,0.2923847276988696
2019-07-03,2995.820068359375,0.7643095660684157
2019-07-05,2990.409912109375,-0.1807534204548664
2019-07-08,2975.949951171875,-0.4847173010123794
2019-07-09,2979.6298828125,0.123579305845389
2019-07-10,2993.070068359375,0.4500546936082613
2019-07-11,2999.909912109375,0.2282619578948549
2019-07-12,3013.77001953125,0.4609534302066538
2019-07-15,3014.300048828125,0.0175853728384132
2019-07-16,3004.0400390625,-0.3409584555010327
2019-07-17,2984.419921875,-0.6552665466093183
2019-07-18,2995.110107421875,0.3575597708819082
2019-07-19,2976.610107421875,-0.6195889464844692
2019-07-22,2985.030029296875,0.2824701686250326
2019-07-23,3005.469970703125,0.682414513927642
2019-07-24,3019.56005859375,0.4677192813475714
2019-07-25,3003.669921875,-0.5276296483599537
2019-07-26,3025.860107421875,0.7360535770783042
2019-07-29,3020.969970703125,-0.1617421929057436
2019-07-30,3013.179931640625,-0.2581985372044371
2019-07-31,2980.3798828125,-1.094520695213996
2019-08-01,2953.56005859375,-0.9039527568806016
2019-08-02,2932.050048828125,-0.7309388539565105
2019-08-05,2844.739990234375,-3.0230182169694775
2019-08-06,2881.77001953125,1.2933023911166612
2019-08-07,2883.97998046875,0.0766582333858876
2019-08-08,2938.090087890625,1.8588462466865088
2019-08-09,2918.64990234375,-0.6638593133657111
2019-08-12,2882.699951171875,-1.2393809115915355
2019-08-13,2926.320068359375,1.5018346267301863
2019-08-14,2840.60009765625,-2.973035245453567
2019-08-15,2847.60009765625,0.2461236698180242
2019-08-16,2888.679931640625,1.4323058172245002
2019-08-19,2923.64990234375,1.2033175564397505
2019-08-20,2900.510009765625,-0.7946215312115467
2019-08-21,2924.429931640625,0.8212979557352937
2019-08-22,2922.949951171875,-0.050620295927854
2019-08-23,2847.110107421875,-2.6288881122837853
2019-08-26,2878.3798828125,1.092311273079789
2019-08-27,2869.159912109375,-0.3208321800556238
2019-08-28,2887.93994140625,0.6524151530562512
2019-08-29,2924.580078125,1.2607482441094398
2019-08-30,2926.4599609375,0.0642580759876775
2019-09-03,2906.27001953125,-0.6923009332685417
2019-09-04,2937.780029296875,1.0783725278421428
2019-09-05,2976.0,1.292591292175976
2019-09-06,2978.7099609375,0.0910190804376786
2019-09-09,2978.429931640625,-0.0094014678899926
2019-09-10,2979.389892578125,0.0322252425931015
2019-09-11,3000.929931640625,0.7203672326387199
2019-09-12,3009.570068359375,0.2875016278233316
2019-09-13,3007.389892578125,-0.072467687696605
2019-09-16,2997.9599609375,-0.314051291635599
2019-09-17,3005.699951171875,0.2578425372461985
2019-09-18,3006.72998046875,0.034263328426719
2019-09-19,3006.7900390625,0.0019974521929475
2019-09-20,2992.070068359375,-0.4907599104880387
2019-09-23,2991.780029296875,-0.0096940617827513
2019-09-24,2966.60009765625,-0.845198896355148
2019-09-25,2984.8701171875,0.6139685241963904
2019-09-26,2977.6201171875,-0.243187100961319
2019-09-27,2961.7900390625,-0.5330534579128577
2019-09-30,2976.739990234375,0.5034910215248393
2019-10-01,2940.25,-1.2334126945412849
2019-10-02,2887.610107421875,-1.8065404187643832
2019-10-03,2910.6298828125,0.7940304773866788
2019-10-04,2952.010009765625,1.4116785239259273
2019-10-07,2938.7900390625,-0.448835227368152
2019-10-08,2893.06005859375,-1.5683159552109929
2019-10-09,2919.39990234375,0.9063296514845924
2019-10-10,2938.1298828125,0.6395202411782605
2019-10-11,2970.27001953125,1.0879579673789057
2019-10-14,2966.14990234375,-0.138808167321898
2019-10-15,2995.679931640625,0.9906445376489172
2019-10-16,2989.68994140625,-0.2001544553193733
2019-10-17,2997.949951171875,0.2759021969775287
2019-10-18,2986.199951171875,-0.3927045709799847
2019-10-21,3006.719970703125,0.6848114105333746
2019-10-22,2995.989990234375,-0.3575049258376838
2019-10-23,3004.52001953125,0.2843103345830729
2019-10-24,3010.2900390625,0.1918604659171353
2019-10-25,3022.550048828125,0.4064429510656049
2019-10-28,3039.419921875,0.55658199161177
2019-10-29,3036.889892578125,-0.0832751956480766
2019-10-30,3046.77001953125,0.324808940085731
2019-10-31,3037.56005859375,-0.302743863453909
2019-11-01,3066.909912109375,0.9615930559647514
2019-11-04,3078.27001953125,0.3697245805312427
2019-11-05,3074.6201171875,-0.1186402711820663
2019-11-06,3076.780029296875,0.0702250592289623
2019-11-07,3085.179931640625,0.2726375244280665
2019-11-08,3093.080078125,0.2557403145115828
2019-11-11,3087.010009765625,-0.1964395413337192
2019-11-12,3091.840087890625,0.1563423301263032
2019-11-13,3094.0400390625,0.0711281570116295
2019-11-14,3096.6298828125,0.0836692614456759
2019-11-15,3120.4599609375,0.7666028777973181
2019-11-18,3122.030029296875,0.0503026322809636
2019-11-19,3120.179931640625,-0.0592770099692526
2019-11-20,3108.4599609375,-0.3763256420941067
2019-11-21,3103.5400390625,-0.1584006086189507
2019-11-22,3110.2900390625,0.2172573942375937
2019-11-25,3133.639892578125,0.7479251887467208
2019-11-26,3140.52001953125,0.2193163644940227
2019-11-27,3153.6298828125,0.4165735625299744
2019-11-29,3140.97998046875,-0.4019286229989053
2019-12-02,3113.8701171875,-0.8668483693963605
2019-12-03,3093.199951171875,-0.6660225258045148
2019-12-04,3112.760009765625,0.6303657608769992
2019-12-05,3117.429931640625,0.149912692663027
2019-12-06,3145.909912109375,0.9094246030426012
2019-12-09,3135.9599609375,-0.3167833684474369
2019-12-10,3132.52001953125,-0.1097536168984129
2019-12-11,3141.6298828125,0.290393752935077
2019-12-12,3168.570068359375,0.8538667375555057
2019-12-13,3168.800048828125,0.0072579150214686
2019-12-16,3191.449951171875,0.7122360942542787
2019-12-17,3192.52001953125,0.0335236028460926
2019-12-18,3191.139892578125,-0.0432393640522742
2019-12-19,3205.3701171875,0.4449378821864254
2019-12-20,3221.219970703125,0.4932595804334098
2019-12-23,3224.010009765625,0.086576871429851
2019-12-24,3223.3798828125,-0.019546730246814
2019-12-26,3239.909912109375,0.5115062410053991
2019-12-27,3240.02001953125,0.003398413965793
2019-12-30,3221.2900390625,-0.5797596079349905
2019-12-31,3230.780029296875,0.2941690644190718
2020-01-02,3257.85009765625,0.8343895362316707
2020-01-03,3234.85009765625,-0.7084909364954552
2020-01-06,3246.280029296875,0.3527145194272564
2020-01-07,3237.179931640625,-0.280717508459484
2020-01-08,3253.050048828125,0.4890473485641129
2020-01-09,3274.699951171875,0.6633214116906491
2020-01-10,3265.35009765625,-0.2859262487504901
2020-01-13,3288.1298828125,0.6951994045933256
2020-01-14,3283.14990234375,-0.151568083689572
2020-01-15,3289.2900390625,0.1868450243687962
2020-01-16,3316.81005859375,0.8331747422232019
2020-01-17,3329.6201171875,0.3854723247485144
2020-01-21,3320.7900390625,-0.2655500369585384
2020-01-22,3321.75,0.0289034296681074
2020-01-23,3325.5400390625,0.114032619335824
2020-01-24,3295.469970703125,-0.9083289426193788
2020-01-27,3243.6298828125,-1.5855752356844035
2020-01-28,3276.239990234375,1.0003383500352516
2020-01-29,3273.39990234375,-0.0867250143584631
2020-01-30,3283.659912109375,0.312945693021106
2020-01-31,3225.52001953125,-1.7864443571362951
2020-02-03,3248.919921875,0.7228425761232584
2020-02-04,3297.590087890625,1.486931591750606
2020-02-05,3334.68994140625,1.1187778658972936
2020-02-06,3345.780029296875,0.3320155057001924
2020-02-07,3327.7099609375,-0.5415491009458352
2020-02-10,3352.090087890625,0.7299690120573207
2020-02-11,3357.75,0.1687048686002117
2020-02-12,3379.449951171875,0.6441853105203067
2020-02-13,3373.93994140625,-0.1631776359988659
2020-02-14,3380.159912109375,0.1841836098485414
2020-02-18,3370.2900390625,-0.2924213986147713
2020-02-19,3386.14990234375,0.4694748284284925
2020-02-20,3373.22998046875,-0.3822817427997528
2020-02-21,3337.75,-1.0573809232819775
2020-02-24,3225.889892578125,-3.408807942044074
2020-02-25,3128.2099609375,-3.0747904375353223
2020-02-26,3116.389892578125,-0.3785697323530029
2020-02-27,2978.760009765625,-4.516813635226115
2020-02-28,2954.219970703125,-0.8272463109653078
2020-03-02,3090.22998046875,4.50108687694132
2020-03-03,3003.3701171875,-2.851048492291458
2020-03-04,3130.1201171875,4.133634936063314
2020-03-05,3023.93994140625,-3.451078243998112
2020-03-06,2972.3701171875,-1.720094365238617
2020-03-09,2746.56005859375,-7.901041294037148
2020-03-10,2882.22998046875,4.821505242585911
2020-03-11,2741.3798828125,-5.01028928086054
2020-03-12,2480.639892578125,-9.994485240247352
2020-03-13,2711.02001953125,8.880840694923595
2020-03-16,2386.1298828125,-12.765219747281742
2020-03-17,2529.18994140625,5.822631263569171
2020-03-18,2398.10009765625,-5.322227233208024
2020-03-19,2409.389892578125,0.4696760970401053
2020-03-20,2304.919921875,-4.432762405336681
2020-03-23,2237.39990234375,-2.973150100957679
2020-03-24,2447.330078125,8.968323251796326
2020-03-25,2475.56005859375,1.1468990420822227
2020-03-26,2630.070068359375,6.054383107424656
2020-03-27,2541.469970703125,-3.4267845541626296
2020-03-30,2626.64990234375,3.296659056997479
2020-03-31,2584.590087890625,-1.6142310788415843
2020-04-01,2470.5,-4.514636273278691
2020-04-02,2526.89990234375,2.257265705696037
2020-04-03,2488.64990234375,-1.52528608259443
2020-04-06,2663.679931640625,6.796824414483035
2020-04-07,2659.409912109375,-0.1604339048362459
2020-04-08,2749.97998046875,3.3489371191284687
2020-04-09,2789.820068359375,1.438347030369934
2020-04-13,2761.6298828125,-1.015605944467711
2020-04-14,2846.06005859375,3.0114559572307567
2020-04-15,2783.360107421875,-2.227673267236925
2020-04-16,2799.550048828125,0.5799837839541289
2020-04-17,2874.56005859375,2.6440932021320576
2020-04-20,2823.159912109375,-1.8042845615347771
2020-04-21,2736.56005859375,-3.115511523633067
2020-04-22,2799.31005859375,2.267130058213675
2020-04-23,2797.800048828125,-0.0539567660195596
2020-04-24,2836.739990234375,1.3822090566839216
2020-04-27,2878.47998046875,1.4606868181735997
2020-04-28,2863.389892578125,-0.5256170190483643
2020-04-29,2939.510009765625,2.623670404507307
2020-04-30,2912.429931640625,-0.9255143319054838
2020-05-01,2830.7099609375,-2.8460211014775956
2020-05-04,2842.739990234375,0.4240822578849401
2020-05-05,2868.43994140625,0.8999935197779801
2020-05-06,2848.419921875,-0.7003880399042588
2020-05-07,2881.18994140625,1.1438955754890805
2020-05-08,2929.800048828125,1.6730795065226245
2020-05-11,2930.18994140625,0.0133069366790764
2020-05-12,2870.1201171875,-2.0713365772047605
2020-05-13,2820.0,-1.7616996624280044
2020-05-14,2852.5,1.1458917804071491
2020-05-15,2863.699951171875,0.3918675203723029
2020-05-18,2953.909912109375,3.1015208770073426
2020-05-19,2922.93994140625,-1.0539747711599283
2020-05-20,2971.610107421875,1.65139906134157
2020-05-21,2948.510009765625,-0.7803968309953686
2020-05-22,2955.449951171875,0.2350945686812366
2020-05-26,2991.77001953125,1.2214285021460518
2020-05-27,3036.1298828125,1.4718447490314346
2020-05-28,3029.72998046875,-0.2110139324919548
2020-05-29,3044.31005859375,0.4800793552307952
2020-06-01,3055.72998046875,0.3744216478364391
2020-06-02,3080.820068359375,0.8177307282398658
2020-06-03,3122.8701171875,1.355667081256392
2020-06-04,3112.35009765625,-0.3374389083608904
2020-06-05,3193.929931640625,2.5874012821635812
2020-06-08,3232.389892578125,1.1969656405806002
2020-06-09,3207.179931640625,-0.7829743419721977
2020-06-10,3190.139892578125,-0.5327255735182077
2020-06-11,3002.10009765625,-6.075269299628893
2020-06-12,3041.31005859375,1.297628660521173
2020-06-15,3066.590087890625,0.827786081817526
2020-06-16,3124.739990234375,1.8784852866710529
2020-06-17,3113.489990234375,-0.3606796232629414
2020-06-18,3115.340087890625,0.0594043403801757
2020-06-19,3097.739990234375,-0.5665513565673728
2020-06-22,3117.860107421875,0.6474093296658384
2020-06-23,3131.2900390625,0.4298169191483789
2020-06-24,3050.330078125,-2.61952655956623
2020-06-25,3083.760009765625,1.089982772821816
2020-06-26,3009.050048828125,-2.4525204274831163
2020-06-29,3053.239990234375,1.457888811353358
2020-06-30,3100.2900390625,1.529234943575556
2020-07-01,3115.860107421875,0.5009563975870565
2020-07-02,3130.010009765625,0.4530970476816914
2020-07-06,3179.719970703125,1.575693083216329
2020-07-07,3145.320068359375,-1.0877477869643568
2020-07-08,3169.93994140625,0.7796986263430269
2020-07-09,3152.050048828125,-0.5659591476194623
2020-07-10,3185.0400390625,1.0411809774443004
2020-07-13,3155.219970703125,-0.9406645216058874
2020-07-14,3197.52001953125,1.331730058290395
2020-07-15,3226.56005859375,0.9041056936355047
2020-07-16,3215.570068359375,-0.3411915214115237
2020-07-17,3224.72998046875,0.284456258758356
2020-07-20,3251.840087890625,0.8371797255140334
2020-07-21,3257.300048828125,0.1677629334560068
2020-07-22,3276.02001953125,0.5730630594473862
2020-07-23,3235.659912109375,-1.239637841224685
2020-07-24,3215.6298828125,-0.6209640024276134
2020-07-27,3239.409912109375,0.7367928821482372
2020-07-28,3218.43994140625,-0.6494435418646306
2020-07-29,3258.43994140625,1.2351783351742582
2020-07-30,3246.219970703125,-0.3757301763454851
2020-07-31,3271.1201171875,0.7641236242176269
2020-08-03,3294.610107421875,0.7155362664358673
2020-08-04,3306.510009765625,0.3605423026133557
2020-08-05,3327.77001953125,0.6409160435517922
2020-08-06,3349.159912109375,0.6407126020664802
2020-08-07,3351.280029296875,0.0632829269956669
2020-08-10,3360.469970703125,0.2738465273391921
2020-08-11,3333.68994140625,-0.8001055401377297
2020-08-12,3380.35009765625,1.3899502293613537
2020-08-13,3373.429931640625,-0.2049272676156681
2020-08-14,3372.85009765625,-0.0171897396279029
2020-08-17,3381.989990234375,0.2706177507423455
2020-08-18,3389.780029296875,0.2300740419816847
2020-08-19,3374.85009765625,-0.4414123345182018
2020-08-20,3385.510009765625,0.3153654768346133
2020-08-21,3397.159912109375,0.3435199982972466
2020-08-24,3431.280029296875,0.9993615364903508
2020-08-25,3443.6201171875,0.3589899745540117
2020-08-26,3478.72998046875,1.0144001344841498
2020-08-27,3484.550048828125,0.1671646031809138
2020-08-28,3508.010009765625,0.6710002849570254
2020-08-31,3500.31005859375,-0.2197375175508541
2020-09-01,3526.64990234375,0.7496831420705943
2020-09-02,3580.840087890625,1.5249050143869731
2020-09-03,3455.06005859375,-3.5757594142185303
2020-09-04,3426.9599609375,-0.8166280754275103
2020-09-08,3331.840087890625,-2.8148829086466787
2020-09-09,3398.9599609375,1.9944760662180383
2020-09-10,3339.18994140625,-1.7741245925395586
2020-09-11,3340.969970703125,0.0532930158087349
2020-09-14,3383.5400390625,1.266133502502299
2020-09-15,3401.199951171875,0.5205785930499657
2020-09-16,3385.489990234375,-0.4629646892151834
2020-09-17,3357.010009765625,-0.8447949528552456
2020-09-18,3319.469970703125,-1.1245576947828506
2020-09-21,3281.06005859375,-1.1638564027297718
2020-09-22,3315.570068359375,1.0463016398376153
2020-09-23,3236.919921875,-2.400733891437413
2020-09-24,3246.590087890625,0.298300555462905
2020-09-25,3298.4599609375,1.5850439224188495
2020-09-28,3351.60009765625,1.59821918538544
2020-09-29,3335.469970703125,-0.4824282704443997
2020-09-30,3363.0,0.8219842568379611
2020-10-01,3380.800048828125,0.5278949564295078
2020-10-02,3348.419921875,-0.962381286637086
2020-10-05,3408.60009765625,1.781310900290093
2020-10-06,3360.969970703125,-1.4072064387523204
2020-10-07,3419.43994140625,1.7247163770241565
2020-10-08,3446.830078125,0.7978212894869287
2020-10-09,3477.139892578125,0.8755095180752878
2020-10-12,3534.219970703125,1.6282530158324222
2020-10-13,3511.929931640625,-0.6326891629163268
2020-10-14,3488.669921875,-0.6645172084059406
2020-10-15,3483.340087890625,-0.1528923514213078
2020-10-16,3483.81005859375,0.0134910456630455
2020-10-19,3426.919921875,-1.6464663514942677
2020-10-20,3443.1201171875,0.4716195320001127
2020-10-21,3435.56005859375,-0.2198114011570277
2020-10-22,3453.489990234375,0.5205354003491341
2020-10-23,3465.389892578125,0.3439838320389479
2020-10-26,3400.969970703125,-1.8764472985322012
2020-10-27,3390.679931640625,-0.3030205350445511
2020-10-28,3271.030029296875,-3.592554210857772
2020-10-29,3310.110107421875,1.1876524939997442
2020-10-30,3269.9599609375,-1.2203713445259965
2020-11-02,3310.239990234375,1.2242950890591666
2020-11-03,3369.159912109375,1.7642737684077832
2020-11-04,3443.43994140625,2.18075256550917
2020-11-05,3510.449951171875,1.927326577670128
2020-11-06,3509.43994140625,-0.0287756585373819
2020-11-09,3550.5,1.1631974746344154
2020-11-10,3545.530029296875,-0.1400775220867666
2020-11-11,3572.659912109375,0.7622728362991461
2020-11-12,3537.010009765625,-1.002865154706935
2020-11-13,3585.14990234375,1.3518546706294008
2020-11-16,3626.909912109375,1.1580734922832605
2020-11-17,3609.530029296875,-0.4803443784647531
2020-11-18,3567.7900390625,-1.1631210647481314
2020-11-19,3581.8701171875,0.3938675690732779
2020-11-20,3557.5400390625,-0.6815737372918576
2020-11-23,3577.590087890625,0.5620108181849692
2020-11-24,3635.409912109375,1.6032458814031776
2020-11-25,3629.64990234375,-0.1585674755509406
2020-11-27,3638.35009765625,0.2394111025901136
2020-11-30,3621.6298828125,-0.4606140636972006
2020-12-01,3662.449951171875,1.1208140661592922
2020-12-02,3669.010009765625,0.1789564528604284
2020-12-03,3666.719970703125,-0.0624352080294229
2020-12-04,3699.1201171875,0.8797463715186881
2020-12-07,3691.9599609375,-0.1937513438963252
2020-12-08,3702.25,0.2783271170170473
2020-12-09,3672.820068359375,-0.7980964948471709
2020-12-10,3668.10009765625,-0.1285934527771722
2020-12-11,3663.4599609375,-0.1265798084232835
2020-12-14,3647.489990234375,-0.4368788245146958
2020-12-15,3694.6201171875,1.2838482022218645
2020-12-16,3701.169921875,0.1771225620323064
2020-12-17,3722.47998046875,0.5741142808983284
2020-12-18,3709.409912109375,-0.3517296952148704
2020-12-21,3694.919921875,-0.3913928486909485
2020-12-22,3687.260009765625,-0.207524469177036
2020-12-23,3690.010009765625,0.0745533271818688
2020-12-24,3703.06005859375,0.3530349979486952
2020-12-28,3735.360107421875,0.8684707538411499
2020-12-29,3727.0400390625,-0.2229864827278697
2020-12-30,3732.0400390625,0.1340648095079215
2020-12-31,3756.070068359375,0.6418204711703793
2021-01-04,3700.64990234375,-1.4864762712025787
2021-01-05,3726.860107421875,0.7057631383362026
2021-01-06,3748.139892578125,0.5693603382474094
2021-01-07,3803.7900390625,1.4738260107752972
2021-01-08,3824.679931640625,0.5476837393515369
2021-01-11,3799.610107421875,-0.6576327616621317
2021-01-12,3801.18994140625,0.0415702030569564
2021-01-13,3809.840087890625,0.2273056386726107
2021-01-14,3795.5400390625,-0.3760513068743101
2021-01-15,3768.25,-0.7216000798278505
2021-01-19,3798.909912109375,0.8103457635761656
2021-01-20,3851.85009765625,1.3839417376510863
2021-01-21,3853.070068359375,0.0316673161313549
2021-01-22,3841.469970703125,-0.301515266293771
2021-01-25,3855.360107421875,0.3609317513017465
2021-01-26,3849.6201171875,-0.1489943161153501
2021-01-27,3750.77001953125,-2.601331512610035
2021-01-28,3787.3798828125,0.9713298778760396
2021-01-29,3714.239990234375,-1.9500377654792
2021-02-01,3773.860107421875,1.5924300234678626
2021-02-02,3826.31005859375,1.3802528814310624
2021-02-03,3830.169921875,0.100826061534478
2021-02-04,3871.739990234375,1.0794847643921974
2021-02-05,3886.830078125,0.3889919607763825
2021-02-08,3915.590087890625,0.7372107476289037
2021-02-09,3911.22998046875,-0.1114145421721174
2021-02-10,3909.8798828125,-0.0345244522391567
2021-02-11,3916.3798828125,0.1661074814587707
2021-02-12,3934.830078125,0.4699970926162607
2021-02-16,3932.590087890625,-0.0569434515415466
2021-02-17,3931.330078125,-0.032045334891695
2021-02-18,3913.969970703125,-0.4425614227243303
2021-02-19,3906.7099609375,-0.1856619095664925
2021-02-22,3876.5,-0.7762892893710862
2021-02-23,3881.3701171875,0.1255529611526533
2021-02-24,3925.429931640625,1.1287667670985946
2021-02-25,3829.340087890625,-2.478339442417185
2021-02-26,3811.14990234375,-0.4761532293798777
2021-03-01,3901.820068359375,2.351217322569352
2021-03-02,3870.2900390625,-0.8113678739508761
2021-03-03,3819.719970703125,-1.315233589480116
2021-03-04,3768.469970703125,-1.3508038064390469
2021-03-05,3841.93994140625,1.9308356338709187
2021-03-08,3821.35009765625,-0.537364322402543
2021-03-09,3875.43994140625,1.4055400743930568
2021-03-10,3898.81005859375,0.6012203770988197
2021-03-11,3939.340087890625,1.0341825500657609
2021-03-12,3943.340087890625,0.101488332753085
2021-03-15,3968.93994140625,0.6470939539413049
2021-03-16,3962.7099609375,-0.157091697859591
2021-03-17,3974.1201171875,0.2875244650159259
2021-03-18,3915.4599609375,-1.4870560065947798
2021-03-19,3913.10009765625,-0.0602885673755023
2021-03-22,3940.590087890625,0.7000556898342752
2021-03-23,3910.52001953125,-0.7660118119334028
2021-03-24,3889.139892578125,-0.5482336600348829
2021-03-25,3909.52001953125,0.522658343272929
2021-03-26,3974.5400390625,1.6494418658716574
2021-03-29,3971.090087890625,-0.0868389626386738
2021-03-30,3958.550048828125,-0.3162829409650029
2021-03-31,3972.889892578125,0.3615953592419885
2021-04-01,4019.8701171875,1.1755830427674128
2021-04-05,4077.909912109375,1.43349877622439
2021-04-06,4073.93994140625,-0.0974004940796928
2021-04-07,4079.949951171875,0.1474145698106813
2021-04-08,4097.169921875,0.4211750940591774
2021-04-09,4128.7998046875,0.7690288135687275
2021-04-12,4127.990234375,-0.0196098074739533
2021-04-13,4141.58984375,0.3289071877062569
2021-04-14,4124.66015625,-0.4096104320730151
2021-04-15,4170.419921875,1.1033101401119478
2021-04-16,4185.47021484375,0.3602323390517967
2021-04-19,4163.259765625,-0.5320689893757947
2021-04-20,4134.93994140625,-0.6825561005077803
2021-04-21,4173.419921875,0.9263020919853237
2021-04-22,4134.97998046875,-0.9253337860554324
2021-04-23,4180.169921875,1.086940989553096
2021-04-26,4187.6201171875,0.1780684564582624
2021-04-27,4186.72021484375,-0.0214918981444234
2021-04-28,4183.18017578125,-0.0845897587396047
2021-04-29,4211.47021484375,0.6740041536702409
2021-04-30,4181.169921875,-0.7220713417119827
2021-05-03,4192.66015625,0.2744321649512167
2021-05-04,4164.66015625,-0.670073748984723
2021-05-05,4167.58984375,0.0703216447113516
2021-05-06,4201.6201171875,0.8132299498632055
2021-05-07,4232.60009765625,0.7346291419186352
2021-05-10,4188.43017578125,-1.0490480503138024
2021-05-11,4152.10009765625,-0.8711750141781542
2021-05-12,4063.0400390625,-2.1682782358302415
2021-05-13,4112.5,1.2099644578094055
2021-05-14,4173.85009765625,1.480777856362363
2021-05-17,4163.2900390625,-0.2533258183961915
2021-05-18,4127.830078125,-0.85537723840327
2021-05-19,4115.68017578125,-0.294775181137841
2021-05-20,4159.1201171875,1.049942933450842
2021-05-21,4155.85986328125,-0.0784188075252809
2021-05-24,4197.0498046875,0.9862497481216076
2021-05-25,4188.1298828125,-0.2127545400828598
2021-05-26,4195.990234375,0.1875057550610454
2021-05-27,4200.8798828125,0.1164636089862995
2021-05-28,4204.10986328125,0.0768586452887337
2021-06-01,4202.0400390625,-0.0492454758629164
2021-06-02,4208.1201171875,0.1445889036900292
2021-06-03,4192.85009765625,-0.3635303056049319
2021-06-04,4229.89013671875,0.8795303383016323
2021-06-07,4226.52001953125,-0.0797056269421507
2021-06-08,4227.259765625,0.0175009549441211
2021-06-09,4219.5498046875,-0.1825532590615683
2021-06-10,4239.18017578125,0.4641454776462911
2021-06-11,4247.43994140625,0.194653893280836
2021-06-14,4255.14990234375,0.181355638513617
2021-06-15,4246.58984375,-0.201371995427588
2021-06-16,4223.7001953125,-0.5404703747026491
2021-06-17,4221.85986328125,-0.0435810543672647
2021-06-18,4166.4501953125,-1.321135568728416
2021-06-21,4224.7900390625,1.3905163512319856
2021-06-22,4246.43994140625,0.5111406378990612
2021-06-23,4241.83984375,-0.1083870518649585
2021-06-24,4266.490234375,0.5794429545916893
2021-06-25,4280.7001953125,0.3325063164687565
2021-06-28,4290.60986328125,0.2312288860471749
2021-06-29,4291.7998046875,0.0277297742687815
2021-06-30,4297.5,0.1327278422907191
2021-07-01,4319.93994140625,0.5208041432254744
2021-07-02,4352.33984375,0.7472095894691672
2021-07-06,4343.5400390625,-0.2023902770021778
2021-07-07,4358.1298828125,0.3353346553662935
2021-07-08,4320.81982421875,-0.8597881009556395
2021-07-09,4369.5498046875,1.1214825902413763
2021-07-12,4384.6298828125,0.344523269559405
2021-07-13,4369.2099609375,-0.3523011181165584
2021-07-14,4374.2998046875,0.1164256565469325
2021-07-15,4360.02978515625,-0.3267573562745912
2021-07-16,4327.16015625,-0.7567415006813216
2021-07-19,4258.490234375,-1.5996781399983977
2021-07-20,4323.06005859375,1.50488060047999
2021-07-21,4358.68994140625,0.8208041662144043
2021-07-22,4367.47998046875,0.2014639209242975
2021-07-23,4411.7900390625,1.0094332386254414
2021-07-26,4422.2998046875,0.2379366922729592
2021-07-27,4401.4599609375,-0.4723583382178002
2021-07-28,4400.64013671875,-0.0186279231552706
2021-07-29,4419.14990234375,0.4197331845272641
2021-07-30,4395.259765625,-0.5420713608261166
2021-08-02,4387.16015625,-0.1844505670060361
2021-08-03,4423.14990234375,0.8169961338918061
2021-08-04,4402.66015625,-0.4643150661295458
2021-08-05,4429.10009765625,0.5987485990419112
2021-08-06,4436.52001953125,0.1673864548528882
2021-08-09,4432.35009765625,-0.0940350264954934
2021-08-10,4436.75,0.099218695386345
2021-08-11,4442.41015625,0.1274930718015483
2021-08-12,4460.830078125,0.413780773547866
2021-08-13,4468.0,0.1606016320922844
2021-08-16,4479.7099609375,0.2617422261994359
2021-08-17,4448.080078125,-0.708574350713799
2021-08-18,4400.27001953125,-1.080665284525433
2021-08-19,4405.7998046875,0.1255903256156918
2021-08-20,4441.669921875,0.810860389074176
2021-08-23,4479.52978515625,0.8487667984412182
2021-08-24,4486.22998046875,0.1494618801962072
2021-08-25,4496.18994140625,0.2217657403250879
2021-08-26,4470.0,-0.5841949827602656
2021-08-27,4509.3701171875,0.8769071540452218
2021-08-30,4528.7900390625,0.42973241068746
2021-08-31,4522.68017578125,-0.1350026915893209
2021-09-01,4524.08984375,0.0311640060953341
2021-09-02,4536.9501953125,0.2838605754404257
2021-09-03,4535.43017578125,-0.0335087261181347
2021-09-07,4520.02978515625,-0.3401352452320346
2021-09-08,4514.06982421875,-0.1319436813816666
2021-09-09,4493.27978515625,-0.4616247150002522
2021-09-10,4458.580078125,-0.77525522862761
2021-09-13,4468.72998046875,0.2273900346369644
2021-09-14,4443.0498046875,-0.5763213966258605
2021-09-15,4480.7001953125,0.8438294222079725
2021-09-16,4473.75,-0.155234471276383
2021-09-17,4432.990234375,-0.91526302757993
2021-09-20,4357.72998046875,-1.7123077726381843
2021-09-21,4354.18994140625,-0.0812688658546956
2021-09-22,4395.64013671875,0.9474585224220085
2021-09-23,4448.97998046875,1.206168036993597
2021-09-24,4455.47998046875,0.1459942811364263
2021-09-27,4443.10986328125,-0.2780243920187674
2021-09-28,4352.6298828125,-2.0574317739894057
2021-09-29,4359.4599609375,0.1567954336283807
2021-09-30,4307.5400390625,-1.1981202945014902
2021-10-01,4357.0400390625,1.142595211333416
2021-10-04,4300.4599609375,-1.3070952048643705
2021-10-05,4345.72021484375,1.0469517498601526
2021-10-06,4363.5498046875,0.4094399349624824
2021-10-07,4399.759765625,0.8264039225065405
2021-10-08,4391.33984375,-0.1915556602421452
2021-10-11,4361.18994140625,-0.6889441644339833
2021-10-12,4350.64990234375,-0.2419705686554925
2021-10-13,4363.7998046875,0.3017955870231918
2021-10-14,4438.259765625,1.6919162285711566
2021-10-15,4471.3701171875,0.7432520637190081
2021-10-18,4486.4599609375,0.3369087801803826
2021-10-19,4519.6298828125,0.7366142784235753
2021-10-20,4536.18994140625,0.3657333598560688
2021-10-21,4549.77978515625,0.2991393168360022
2021-10-22,4544.89990234375,-0.1073129224664356
2021-10-25,4566.47998046875,0.4736959440853509
2021-10-26,4574.7900390625,0.1818141432244113
2021-10-27,4551.68017578125,-0.506437037110553
2021-10-28,4596.419921875,0.9781288424184026
2021-10-29,4605.3798828125,0.1947437231717556
2021-11-01,4613.669921875,0.1798458945902388
2021-11-02,4630.64990234375,0.3673607120388547
2021-11-03,4660.56982421875,0.644049461289024
2021-11-04,4680.06005859375,0.4173222342817035
2021-11-05,4697.52978515625,0.3725850045284445
2021-11-08,4701.7001953125,0.0887394060702519
2021-11-09,4685.25,-0.3504910926400127
2021-11-10,4646.7099609375,-0.8259842163861059
2021-11-11,4649.27001953125,0.0550788332988928
2021-11-12,4682.85009765625,0.7196697564130407
2021-11-15,4682.7998046875,-0.0010739878017001
2021-11-16,4700.89990234375,0.3857779057126637
2021-11-17,4688.669921875,-0.2605015482895879
2021-11-18,4704.5400390625,0.3379064740171914
2021-11-19,4697.9599609375,-0.1399644604988097
2021-11-22,4682.93994140625,-0.3202258316960725
2021-11-23,4690.7001953125,0.1655761383195201
2021-11-24,4701.4599609375,0.2291223776667279
2021-11-26,4594.6201171875,-2.298701115932116
2021-11-29,4655.27001953125,1.3113836082824228
2021-11-30,4567.0,-1.9143381187850563
2021-12-01,4513.0400390625,-1.1885541457955926
2021-12-02,4577.10009765625,1.4094638396057768
2021-12-03,4538.43017578125,-0.848445514173865
2021-12-06,4591.669921875,1.166259930968614
2021-12-07,4686.75,2.0495603186252547
2021-12-08,4701.2099609375,0.3080535586585806
2021-12-09,4667.4501953125,-0.7206988232523656
2021-12-10,4712.02001953125,0.9503769118209724
2021-12-13,4668.97021484375,-0.9178158342793816
2021-12-14,4634.08984375,-0.7498722854623672
2021-12-15,4709.85009765625,1.6216267351890876
2021-12-16,4668.669921875,-0.8781863311112446
2021-12-17,4620.64013671875,-1.034096458405368
2021-12-20,4568.02001953125,-1.145339832325659
2021-12-21,4649.22998046875,1.7621755385195486
2021-12-22,4696.56005859375,1.0128728029127596
2021-12-23,4725.7900390625,0.6204412685251626
2021-12-27,4791.18994140625,1.3744051573605864
2021-12-28,4786.35009765625,-0.1010665398887373
2021-12-29,4793.06005859375,0.1400913401857678
2021-12-30,4778.72998046875,-0.2994233841904309
2021-12-31,4766.18017578125,-0.2629634373474439
2022-01-03,4796.56005859375,0.6353824170388397
2022-01-04,4793.5400390625,-0.0629820252203269
2022-01-05,4700.580078125,-1.9583264304501071
2022-01-06,4696.0498046875,-0.0964233740180988
2022-01-07,4677.02978515625,-0.4058441082336512
2022-01-10,4670.2900390625,-0.1442070537538897
2022-01-11,4713.06982421875,0.9118286452399372
2022-01-12,4726.35009765625,0.281379201466707
2022-01-13,4659.02978515625,-1.4346029234400532
2022-01-14,4662.85009765625,0.0819644269590565
2022-01-18,4577.10986328125,-1.85591053980085
2022-01-19,4532.759765625,-0.9736790941460196
2022-01-20,4482.72998046875,-1.109874230433073
2022-01-21,4397.93994140625,-1.9095995324635424
2022-01-24,4410.1298828125,0.2767904758269516
2022-01-25,4356.4501953125,-1.2246590556866266
2022-01-26,4349.93017578125,-0.1497756925885658
2022-01-27,4326.509765625,-0.5398635199970924
2022-01-28,4431.85009765625,2.4055967914736693
2022-01-31,4515.5498046875,1.8709826222984445
2022-02-01,4546.5400390625,0.6839560348317066
2022-02-02,4589.3798828125,0.9378400448324454
2022-02-03,4477.43994140625,-2.4693471720120654
2022-02-04,4500.52978515625,0.5143678439863626
2022-02-07,4483.8701171875,-0.3708580927828488
2022-02-08,4521.5400390625,0.836611346663433
2022-02-09,4587.18017578125,1.4412842079264785
2022-02-10,4504.080078125,-1.828182448505601
2022-02-11,4418.64013671875,-1.915168263808653
2022-02-14,4401.669921875,-0.3847990755628314
2022-02-15,4471.06982421875,1.5643717646064172
2022-02-16,4475.009765625,0.08808197202838
2022-02-17,4380.259765625,-2.1400504136936647
2022-02-18,4348.8701171875,-0.7191961663866342
2022-02-22,4304.759765625,-1.0194735435016016
2022-02-23,4225.5,-1.858373574878844
2022-02-24,4288.7001953125,1.4846105252724002
2022-02-25,4384.64990234375,2.2126080551265788
2022-02-28,4373.93994140625,-0.2445591463126114
2022-03-01,4306.259765625,-1.559446778661305
2022-03-02,4386.5400390625,1.8471046780652185
2022-03-03,4363.490234375,-0.5268520744245652
2022-03-04,4328.8701171875,-0.7965684543001903
2022-03-07,4201.08984375,-2.9962586814416494
2022-03-08,4170.7001953125,-0.7260043975698096
2022-03-09,4277.8798828125,2.537359812214112
2022-03-10,4259.52001953125,-0.4301049920247208
2022-03-11,4204.31005859375,-1.3046278933238145
2022-03-14,4173.10986328125,-0.7448675095533314
2022-03-15,4262.4501953125,2.118262972414497
2022-03-16,4357.85986328125,2.2136921648393444
2022-03-17,4411.669921875,1.2272205068700268
2022-03-18,4463.1201171875,1.1594814411888112
2022-03-21,4461.18017578125,-0.0434754854301459
2022-03-22,4511.60986328125,1.1240699554074212
2022-03-23,4456.240234375,-1.2348630252495207
2022-03-24,4520.16015625,1.4242012281618024
2022-03-25,4543.06005859375,0.5053380704237665
2022-03-28,4575.52001953125,0.7119551020042568
2022-03-29,4631.60009765625,1.218204410139109
2022-03-30,4602.4501953125,-0.6313588999088777
2022-03-31,4530.41015625,-1.577633522688176
2022-04-01,4545.85986328125,0.3404420961463028
2022-04-04,4582.64013671875,0.8058382532133648
2022-04-05,4525.1201171875,-1.2631159074005371
2022-04-06,4481.14990234375,-0.9764433912479722
2022-04-07,4500.2099609375,0.4244365552037262
2022-04-08,4488.27978515625,-0.2654546675552394
2022-04-11,4412.52978515625,-1.7021334584696128
2022-04-12,4397.4501953125,-0.3423300530452235
2022-04-13,4446.58984375,1.1112603268901935
2022-04-14,4392.58984375,-1.2218480383508163
2022-04-18,4391.68994140625,-0.0204889272406506
2022-04-19,4462.2099609375,1.5930044749386651
2022-04-20,4459.4501953125,-0.0618666406182575
2022-04-21,4393.66015625,-1.4862855551311067
2022-04-22,4271.77978515625,-2.813207637736697
2022-04-25,4296.1201171875,0.5681765144111809
2022-04-26,4175.2001953125,-2.855000892859775
2022-04-27,4183.9599609375,0.2095849024964595
2022-04-28,4287.5,2.4445655340832175
2022-04-29,4131.93017578125,-3.695915978469414
2022-05-02,4155.3798828125,0.5659199293818601
2022-05-03,4175.47998046875,0.4825465075359521
2022-05-04,4300.169921875,2.942522155732583
2022-05-05,4146.8701171875,-3.630067756409906
2022-05-06,4123.33984375,-0.569038441395277
2022-05-09,3991.239990234375,-3.256151953960419
2022-05-10,4001.050048828125,0.2454881760409255
2022-05-11,3935.179931640625,-1.6600232095697796
2022-05-12,3930.080078125,-0.129680499411244
2022-05-13,4023.889892578125,2.358926795686944
2022-05-16,4008.010009765625,-0.3954208517722458
2022-05-17,4088.85009765625,1.996891958146264
2022-05-18,3923.679931640625,-4.123380929124887
2022-05-19,3900.7900390625,-0.585086477734781
2022-05-20,3901.360107421875,0.0146131091990306
2022-05-23,3973.75,1.838499541206076
2022-05-24,3941.47998046875,-0.815395090355808
2022-05-25,3978.72998046875,0.9406385648931586
2022-05-26,4057.840087890625,1.9688166007720864
2022-05-27,4158.240234375,2.4441130195822014
2022-05-31,4132.14990234375,-0.6294135193666944
2022-06-01,4101.22998046875,-0.751090504115545
2022-06-02,4176.81982421875,1.8263225415545103
2022-06-03,4108.5400390625,-1.6482405609817057
2022-06-06,4121.43017578125,0.3132489407036025
2022-06-07,4160.68017578125,0.947833153171984
2022-06-08,4115.77001953125,-1.0852623040155318
2022-06-09,4017.820068359375,-2.408645766515553
2022-06-10,3900.860107421875,-2.9542414811409476
2022-06-13,3749.6298828125,-3.953993199003994
2022-06-14,3735.47998046875,-0.3780818039489633
2022-06-15,3789.989990234375,1.4487058836534477
2022-06-16,3666.77001953125,-3.3052207113840666
2022-06-17,3674.840087890625,0.2198447341013387
2022-06-21,3764.7900390625,2.4182474960671994
2022-06-22,3759.889892578125,-0.1302420095357445
2022-06-23,3795.72998046875,0.948707248555652
2022-06-24,3911.739990234375,3.0105539729901034
2022-06-27,3900.110107421875,-0.2977499890340672
2022-06-28,3821.550048828125,-2.03486731494949
2022-06-29,3818.830078125,-0.0711998820172695
2022-06-30,3785.3798828125,-0.8797866246367652
2022-07-01,3825.330078125,1.0498511296639172
2022-07-05,3831.389892578125,0.1582875106193491
2022-07-06,3845.080078125,0.3566795705066178
2022-07-07,3902.6201171875,1.4853723180930392
2022-07-08,3899.3798828125,-0.083061639612735
2022-07-11,3854.429931640625,-1.1594417660525544
2022-07-12,3818.800048828125,-0.928686849749371
2022-07-13,3801.780029296875,-0.446686411181668
2022-07-14,3790.3798828125,-0.3003138812764307
2022-07-15,3863.159912109375,1.901923165863364
2022-07-18,3830.85009765625,-0.8398742485835936
2022-07-19,3936.68994140625,2.725351764373082
2022-07-20,3959.89990234375,0.5878493941057167
2022-07-21,3998.949951171875,0.9813066689504668
2022-07-22,3961.6298828125,-0.9376287293813848
2022-07-25,3966.840087890625,0.1314302973305868
2022-07-26,3921.050048828125,-1.161034259926336
2022-07-27,4023.610107421875,2.5820048778629068
2022-07-28,4072.429931640625,1.2060319791912806
2022-07-29,4130.2900390625,1.4107775781753558
2022-08-01,4118.6298828125,-0.2827076544916728
2022-08-02,4091.18994140625,-0.668468837887098
2022-08-03,4155.169921875,1.5517456270090708
2022-08-04,4151.93994140625,-0.0777642449583773
2022-08-05,4145.18994140625,-0.1627069018919119
2022-08-08,4140.06005859375,-0.1238317122120914
2022-08-09,4122.47021484375,-0.4257744235926498
2022-08-10,4210.240234375,2.10671584604075
2022-08-11,4207.27001953125,-0.0705722922201817
2022-08-12,4280.14990234375,1.7174046951492667
2022-08-15,4297.14013671875,0.3961684056233163
2022-08-16,4305.2001953125,0.1873922825947862
2022-08-17,4274.0400390625,-0.726411486764802
2022-08-18,4283.740234375,0.2266989606384797
2022-08-19,4228.47998046875,-1.2983928713038868
2022-08-22,4137.990234375,-2.1632366466494566
2022-08-23,4128.72998046875,-0.2240370434437464
2022-08-24,4140.77001953125,0.2911916698724165
2022-08-25,4199.1201171875,1.3993241836107049
2022-08-26,4057.659912109375,-3.4268576317039523
2022-08-29,4030.610107421875,-0.6688675197324806
2022-08-30,3986.159912109375,-1.1089416492117008
2022-08-31,3955.0,-0.7847738208153028
2022-09-01,3966.85009765625,0.2991752267194871
2022-09-02,3924.260009765625,-1.0794552570724387
2022-09-06,3908.18994140625,-0.4103464690895143
2022-09-07,3979.8701171875,1.8174848666169876
2022-09-08,4006.179931640625,0.6588966880442448
2022-09-09,4067.360107421875,1.515601498121106
2022-09-12,4110.41015625,1.0528651483995637
2022-09-13,3932.68994140625,-4.4199163031974065
2022-09-14,3946.010009765625,0.3381289078844715
2022-09-15,3901.35009765625,-1.1382272168149512
2022-09-16,3873.330078125,-0.7208049775663176
2022-09-19,3899.889892578125,0.6833697724705768
2022-09-20,3855.929931640625,-1.1336114736600402
2022-09-21,3789.929931640625,-1.726467409850635
2022-09-22,3757.989990234375,-0.8463293830453985
2022-09-23,3693.22998046875,-1.7382828767330778
2022-09-26,3655.0400390625,-1.0394360890280503
2022-09-27,3647.2900390625,-0.2122610954824728
2022-09-28,3719.0400390625,1.9481144181152357
2022-09-29,3640.469970703125,-2.13527948230975
2022-09-30,3585.6201171875,-1.5181351546209298
2022-10-03,3678.429931640625,2.555457753093017
2022-10-04,3790.929931640625,3.0125341416799833
2022-10-05,3783.280029296875,-0.2019987558938117
2022-10-06,3744.52001953125,-1.02979229113952
2022-10-07,3639.659912109375,-2.8403196531478057
2022-10-10,3612.389892578125,-0.7520673133652772
2022-10-11,3588.840087890625,-0.6540518412323781
2022-10-12,3577.030029296875,-0.3296199650166294
2022-10-13,3669.909912109375,2.5634259307631133
2022-10-14,3583.070068359375,-2.394712074452842
2022-10-17,3677.949951171875,2.6135524557561847
2022-10-18,3719.97998046875,1.136276820708746
2022-10-19,3695.159912109375,-0.6694455239684375
2022-10-20,3665.780029296875,-0.7982686738766697
2022-10-21,3752.75,2.3447759860447266
2022-10-24,3797.340087890625,1.1811940205111493
2022-10-25,3859.110107421875,1.6135770015874955
2022-10-26,3830.60009765625,-0.7415140398989886
2022-10-27,3807.300048828125,-0.6101185053184452
2022-10-28,3901.06005859375,2.4328036770856336
2022-10-31,3871.97998046875,-0.7482327030336412
2022-11-01,3856.10009765625,-0.4109663720359005
2022-11-02,3759.68994140625,-2.5319843737482883
2022-11-03,3719.889892578125,-1.0642422531956597
2022-11-04,3770.550048828125,1.3526823285563951
2022-11-07,3806.800048828125,0.956806167935914
2022-11-08,3828.110107421875,0.5582282828760321
2022-11-09,3748.570068359375,-2.0996784712303445
2022-11-10,3956.3701171875,5.395251566479769
2022-11-11,3992.929931640625,0.9198312304769029
2022-11-14,3957.25,-0.8975940544918012
2022-11-15,3991.72998046875,0.8675376414669187
2022-11-16,3958.7900390625,-0.8286283111873759
2022-11-17,3946.56005859375,-0.3094104644229283
2022-11-18,3965.340087890625,0.4747295648158209
2022-11-21,3949.93994140625,-0.3891249800275618
2022-11-22,4003.580078125,1.3488606269828392
2022-11-23,4027.260009765625,0.5897266041738312
2022-11-25,4026.1201171875,-0.0283084262202478
2022-11-28,3963.93994140625,-1.5564696794064814
2022-11-29,3957.6298828125,-0.159313370162437
2022-11-30,4080.110107421875,3.0478643521294946
2022-12-01,4076.570068359375,-0.0868009829606589
2022-12-02,4071.699951171875,-0.1195374663761461
2022-12-05,3998.840087890625,-1.805624963097222
2022-12-06,3941.260009765625,-1.4503869422986058
2022-12-07,3933.919921875,-0.1864107253381664
2022-12-08,3963.510009765625,0.7493634413933238
2022-12-09,3934.3798828125,-0.7376719464213213
2022-12-12,3990.56005859375,1.417830729965003
2022-12-13,4019.64990234375,0.7263223255457212
2022-12-14,3995.320068359375,-0.6071116623835963
2022-12-15,3895.75,-2.523747790182607
2022-12-16,3852.360107421875,-1.1200239946011676
2022-12-19,3817.659912109375,-0.90483289411038
2022-12-20,3821.6201171875,0.1036800697890769
2022-12-21,3878.43994140625,1.4758548669054294
2022-12-22,3822.389892578125,-1.4557142498145654
2022-12-23,3844.820068359375,0.5850952271915072
2022-12-27,3829.25,-0.4057844034659477
2022-12-28,3783.219970703125,-1.2093470442948606
2022-12-29,3849.280029296875,1.731063431499432
2022-12-30,3839.5,-0.2543975646110833
2023-01-03,3824.139892578125,-0.4008572481273608
2023-01-04,3852.969970703125,0.7510694562138917
2023-01-05,3808.10009765625,-1.1713869136457158
2023-01-06,3895.080078125,2.258383558903089
2023-01-09,3892.090087890625,-0.0767927325990578
2023-01-10,3919.25,0.6953997970593733
2023-01-11,3969.610107421875,1.2767571192293676
2023-01-12,3983.169921875,0.341008491204273
2023-01-13,3999.090087890625,0.3988892144656051
2023-01-17,3990.969970703125,-0.2032555430996314
2023-01-18,3928.860107421875,-1.5684966977744674
2023-01-19,3898.85009765625,-0.7667671901812427
2023-01-20,3972.610107421875,1.874167355235196
2023-01-23,4019.81005859375,1.1811315951328556
2023-01-24,4016.949951171875,-0.0711756364291819
2023-01-25,4016.219970703125,-0.0181741573465663
2023-01-26,4060.429931640625,1.0947708029114305
2023-01-27,4070.56005859375,0.2491734021703855
2023-01-30,4017.77001953125,-1.3053569315292664
2023-01-31,4076.60009765625,1.4536304416419528
2023-02-01,4119.2099609375,1.039805629688473
2023-02-02,4179.759765625,1.459238462685438
2023-02-03,4136.47998046875,-1.0408592637285454
2023-02-06,4111.080078125,-0.6159393193939262
2023-02-07,4164.0,1.2790364037397075
2023-02-08,4117.85986328125,-1.1142573012411352
2023-02-09,4081.5,-0.8869009831037385
2023-02-10,4090.4599609375,0.2192855709217127
2023-02-13,4137.2900390625,1.1383569951155146
2023-02-14,4136.1298828125,-0.0280453855493762
2023-02-15,4147.60009765625,0.2769337533076689
2023-02-16,4090.409912109375,-1.3884689204881606
2023-02-17,4079.090087890625,-0.2771242172282734
2023-02-21,3997.340087890625,-2.0244783973471696
2023-02-22,3991.050048828125,-0.1574795485643383
2023-02-23,4012.320068359375,0.5315278263237728
2023-02-24,3970.0400390625,-1.0593464619774184
2023-02-27,3982.239990234375,0.3068292539552277
2023-02-28,3970.14990234375,-0.3040619830947711
2023-03-01,3951.389892578125,-0.4736464203492832
2023-03-02,3981.35009765625,0.7553593731195973
2023-03-03,4045.639892578125,1.601874917648306
2023-03-06,4048.419921875,0.0686930778848301
2023-03-07,3986.3701171875,-1.5445590479262548
2023-03-08,3992.010009765625,0.1413794135603272
2023-03-09,3918.320068359375,-1.8631857945482353
2023-03-10,3861.590087890625,-1.458396943606664
2023-03-13,3855.760009765625,-0.1510901840738767
2023-03-14,3919.2900390625,1.6342388235363663
2023-03-15,3891.929931640625,-0.7005363929353597
2023-03-16,3960.280029296875,1.7409576249031722
2023-03-17,3916.639892578125,-1.10806212739537
2023-03-20,3951.570068359375,0.8878869635940854
2023-03-21,4002.8701171875,1.2898647518559103
2023-03-22,3936.969970703125,-1.6600248639842885
2023-03-23,3948.719970703125,0.2980083869182423
2023-03-24,3970.989990234375,0.5623963084303207
2023-03-27,3977.530029296875,0.1645599563767083
2023-03-28,3971.27001953125,-0.1575083288387886
2023-03-29,4027.81005859375,1.41368707750468
2023-03-30,4050.830078125,0.5698999199482653
2023-03-31,4109.31005859375,1.4333327782036556
2023-04-03,4124.509765625,0.3692022565802823
2023-04-04,4100.60009765625,-0.5813839745162529
2023-04-05,4090.3798828125,-0.2495481657121423
2023-04-06,4105.02001953125,0.3572773132803247
2023-04-10,4109.10986328125,0.0995807017010084
2023-04-11,4108.93994140625,-0.004135333298352
2023-04-12,4091.949951171875,-0.4143456323461385
2023-04-13,4146.22021484375,1.3175510497831548
2023-04-14,4137.64013671875,-0.2071517584577988
2023-04-17,4151.31982421875,0.3300703582614753
2023-04-18,4154.8701171875,0.0854854803465975
2023-04-19,4154.52001953125,-0.0084265547939628
2023-04-20,4129.7900390625,-0.5970335188311131
2023-04-21,4133.52001953125,0.0902781257300886
2023-04-24,4137.0400390625,0.0851216778272312
2023-04-25,4071.6298828125,-1.593718381857645
2023-04-26,4055.989990234375,-0.3848583503344875
2023-04-27,4135.35009765625,1.9377193402696355
2023-04-28,4169.47998046875,0.8219331313243468
2023-05-01,4167.8701171875,-0.0386181048510787
2023-05-02,4119.580078125,-1.1653906680571788
2023-05-03,4090.75,-0.7022908054892971
2023-05-04,4061.219970703125,-0.7244913455062743
2023-05-05,4136.25,1.83061663818798
2023-05-08,4138.1201171875,0.0452026484882065
2023-05-09,4119.169921875,-0.4589938949059595
2023-05-10,4137.64013671875,0.4473942241914432
2023-05-11,4130.6201171875,-0.1698064889706758
2023-05-12,4124.080078125,-0.1584561589439047
2023-05-15,4136.27978515625,0.2953797680316934
2023-05-16,4109.89990234375,-0.6398107681917463
2023-05-17,4158.77001953125,1.1820688622071571
2023-05-18,4198.0498046875,0.9400723063727155
2023-05-19,4191.97998046875,-0.1446913880675441
2023-05-22,4192.6298828125,0.0155022679802391
2023-05-23,4145.580078125,-1.1285468768284297
2023-05-24,4115.240234375,-0.734551267830521
2023-05-25,4151.27978515625,0.8719456079011882
2023-05-26,4205.4501953125,1.2964680931640788
2023-05-30,4205.52001953125,0.0016603130665768
2023-05-31,4179.830078125,-0.6127358186214099
2023-06-01,4221.02001953125,0.9806215085853812
2023-06-02,4282.3701171875,1.4429812390107408
2023-06-05,4273.7900390625,-0.2005591490657713
2023-06-06,4283.85009765625,0.2351130233850576
2023-06-07,4267.52001953125,-0.3819293926420617
2023-06-08,4293.93017578125,0.616957160752325
2023-06-09,4298.85986328125,0.1147401023050523
2023-06-12,4338.93017578125,0.927797498175416
2023-06-13,4369.009765625,0.6908570725908897
2023-06-14,4372.58984375,0.0819089980126584
2023-06-15,4425.83984375,1.2104580493589998
2023-06-16,4409.58984375,-0.3678376467751089
2023-06-20,4388.7099609375,-0.4746353835236048
2023-06-21,4365.68994140625,-0.5259086366925201
2023-06-22,4381.89013671875,0.3703930387334525
2023-06-23,4348.330078125,-0.7688288056502157
2023-06-26,4328.81982421875,-0.4496934363132171
2023-06-27,4378.41015625,1.139073352418076
2023-06-28,4376.85986328125,-0.0354139388389821
2023-06-29,4396.43994140625,0.446356811449
2023-06-30,4450.3798828125,1.21943502618858
2023-07-03,4455.58984375,0.1169993092673641
2023-07-05,4446.81982421875,-0.1970258097612716
2023-07-06,4411.58984375,-0.7954061175894762
2023-07-07,4398.9501953125,-0.2869212795733482
2023-07-10,4409.52978515625,0.2402138610626312
2023-07-11,4439.259765625,0.6719583998254874
2023-07-12,4472.16015625,0.7383905235389678
2023-07-13,4510.0400390625,0.8434482989627111
2023-07-14,4505.419921875,-0.1024932196907483
2023-07-17,4522.7900390625,0.3847969574420413
2023-07-18,4554.97998046875,0.7092066941428338
2023-07-19,4565.72021484375,0.2355134827233639
2023-07-20,4534.8701171875,-0.6779827396257692
2023-07-21,4536.33984375,0.0324042014613091
2023-07-24,4554.64013671875,0.4026038496874852
2023-07-25,4567.4599609375,0.2810719575838704
2023-07-26,4566.75,-0.0155450978675918
2023-07-27,4537.41015625,-0.6445393055197076
2023-07-28,4582.22998046875,0.9829375810433848
2023-07-31,4588.9599609375,0.1467635436568791
2023-08-01,4576.72998046875,-0.2668645307682711
2023-08-02,4513.39013671875,-1.3936200638336185
2023-08-03,4501.89013671875,-0.2551225450291527
2023-08-04,4478.02978515625,-0.531416937393797
2023-08-07,4518.43994140625,0.8983618964856572
2023-08-08,4499.3798828125,-0.4227205100058866
2023-08-09,4467.7099609375,-0.7063619102045117
2023-08-10,4468.830078125,0.0250682521080863
2023-08-11,4464.0498046875,-0.1070264899229486
2023-08-14,4489.72021484375,0.573400487941905
2023-08-15,4437.85986328125,-1.1618139396096483
2023-08-16,4404.330078125,-0.7584081792624527
2023-08-17,4370.35986328125,-0.7742811377529081
2023-08-18,4369.7099609375,-0.0148717883957202
2023-08-21,4399.77001953125,0.6855634859799785
2023-08-22,4387.5498046875,-0.2781331046545683
2023-08-23,4436.009765625,1.098433071079136
2023-08-24,4376.31005859375,-1.354935398400801
2023-08-25,4405.7099609375,0.6695501060295156
2023-08-28,4433.31005859375,0.6245078594196461
2023-08-29,4497.6298828125,1.4404068712056506
2023-08-30,4514.8701171875,0.3825854181192944
2023-08-31,4507.66015625,-0.1598212974339857
2023-09-01,4515.77001953125,0.1797512765518541
2023-09-05,4496.830078125,-0.4202997821381205
2023-09-06,4465.47998046875,-0.6996014491432261
2023-09-07,4451.14013671875,-0.3216433115732967
2023-09-08,4457.490234375,0.1425606062257059
2023-09-11,4487.4599609375,0.6700951498135518
2023-09-12,4461.89990234375,-0.5712169023003997
2023-09-13,4467.43994140625,0.1240862117534604
2023-09-14,4505.10009765625,0.839458553366625
2023-09-15,4450.31982421875,-1.2234145842493929
2023-09-18,4453.52978515625,0.0721027694175518
2023-09-19,4443.9501953125,-0.2153327361533126
2023-09-20,4402.2001953125,-0.943920420629104
2023-09-21,4330.0,-1.6536918318488083
2023-09-22,4320.06005859375,-0.2298237402760749
2023-09-25,4337.43994140625,0.4014994203806617
2023-09-26,4273.52978515625,-1.4844165482264944
2023-09-27,4274.509765625,0.0229287772294792
2023-09-28,4299.7001953125,0.5875877143000698
2023-09-29,4288.0498046875,-0.2713259648289315
2023-10-02,4288.39013671875,0.0079364406152993
2023-10-03,4229.4501953125,-1.3839395863449198
2023-10-04,4263.75,0.8077047607828945
2023-10-05,4258.18994140625,-0.1304881146995122
2023-10-06,4308.5,1.1745642093961115
2023-10-09,4335.66015625,0.6284068119387409
2023-10-10,4358.240234375,0.5194476099985355
2023-10-11,4376.9501953125,0.4283819500095073
2023-10-12,4349.60986328125,-0.6266024940654918
2023-10-13,4327.77978515625,-0.5031495660219892
2023-10-16,4373.6298828125,1.0538642302589984
2023-10-17,4373.2001953125,-0.0098249879443765
2023-10-18,4314.60009765625,-1.3490408251151895
2023-10-19,4278.0,-0.8519032328057976
2023-10-20,4224.16015625,-1.2665149196155916
2023-10-23,4217.0400390625,-0.1686992065434917
2023-10-24,4247.68017578125,0.723952351962882
2023-10-25,4186.77001953125,-1.4443434657238052
2023-10-26,4137.22998046875,-1.1903081205584871
2023-10-27,4117.3701171875,-0.481183857862075
2023-10-30,4166.81982421875,1.1938474300285915
2023-10-31,4193.7998046875,0.6454084821688244
2023-11-01,4237.85986328125,1.0451194990191868
2023-11-02,4317.77978515625,1.8682938934086477
2023-11-03,4358.33984375,0.934988354455146
2023-11-06,4365.97998046875,0.1751457724100586
2023-11-07,4378.3798828125,0.2836093401711954
2023-11-08,4382.77978515625,0.1004411032419886
2023-11-09,4347.35009765625,-0.8116690699068705
2023-11-10,4415.240234375,1.5495759270772258
2023-11-13,4411.5498046875,-0.0836188441370084
2023-11-14,4495.7001953125,1.889537047457725
2023-11-15,4502.8798828125,0.1595738207847176
2023-11-16,4508.240234375,0.118971939671373
2023-11-17,4514.02001953125,0.1281227937177987
2023-11-20,4547.3798828125,0.7363103793795632
2023-11-21,4538.18994140625,-0.2022975931757968
2023-11-22,4556.6201171875,0.4052905094313324
2023-11-24,4559.33984375,0.0596695609645032
2023-11-27,4550.43017578125,-0.1956069316898358
2023-11-28,4554.89013671875,0.0979638528050291
2023-11-29,4550.580078125,-0.0946696615101938
2023-11-30,4567.7998046875,0.3776931264994605
2023-12-01,4594.6298828125,0.5856558953846637
2023-12-04,4569.77978515625,-0.5423188063826943
2023-12-05,4567.18017578125,-0.0569031593934802
2023-12-06,4549.33984375,-0.3913851944943747
2023-12-07,4585.58984375,0.7936610684821922
2023-12-08,4604.3701171875,0.4087134146503793
2023-12-11,4622.43994140625,0.3916813547781492
2023-12-12,4643.7001953125,0.45888127956924
2023-12-13,4707.08984375,1.355834517501981
2023-12-14,4719.5498046875,0.2643565185154432
2023-12-15,4719.18994140625,-0.0076252400448594
2023-12-18,4740.56005859375,0.4518122263400515
2023-12-19,4768.3701171875,0.5849267450818904
2023-12-20,4698.35009765625,-1.4793147965305629
2023-12-21,4746.75,1.0248769307271877
2023-12-22,4754.6298828125,0.1658682152761075
2023-12-26,4774.75,0.4222761046978559
2023-12-27,4781.580078125,0.1429435616422998
2023-12-28,4783.35009765625,0.0370106110327118
2023-12-29,4769.830078125,-0.2830477036733835
2024-01-02,4742.830078125,-0.5676660799723162
2024-01-03,4704.81005859375,-0.8048618327197647
2024-01-04,4688.68017578125,-0.3434271663317428
2024-01-05,4697.240234375,0.182402163943398
2024-01-08,4763.5400390625,1.401594543635314
2024-01-09,4756.5,-0.1478993852317584
2024-01-10,4783.4501953125,0.5649980650495912
2024-01-11,4780.240234375,-0.0671280836961164
2024-01-12,4783.830078125,0.0750693753033959
2024-01-16,4765.97998046875,-0.3738319052356834
2024-01-17,4739.2099609375,-0.5632731271107821
2024-01-18,4780.93994140625,0.8766720726243148
2024-01-19,4839.81005859375,1.2238308232548512
2024-01-22,4850.43017578125,0.2191921187231685
2024-01-23,4864.60009765625,0.2917115340764486
2024-01-24,4868.5498046875,0.0811598976216865
2024-01-25,4894.16015625,0.524657813497798
2024-01-26,4890.97021484375,-0.0651997755426364
2024-01-29,4927.93017578125,0.7528365505246204
2024-01-30,4924.97021484375,-0.0600830396978616
2024-01-31,4845.64990234375,-1.6236851740733682
2024-02-01,4906.18994140625,1.2416286114049784
2024-02-02,4958.60986328125,1.062777072263312
2024-02-05,4942.81005859375,-0.3191424709283971
2024-02-06,4954.22998046875,0.2307745931748107
2024-02-07,4995.06005859375,0.8207682594008627
2024-02-08,4997.91015625,0.0570420540090595
2024-02-09,5026.60986328125,0.5725917128795516
2024-02-12,5021.83984375,-0.0949404142652441
2024-02-13,4953.169921875,-1.3768609419845443
2024-02-14,5000.6201171875,0.9534168304216808
2024-02-15,5029.72998046875,0.580437267404004
2024-02-16,5005.56982421875,-0.4815043575961042
2024-02-20,4975.509765625,-0.602342646581725
2024-02-21,4981.7998046875,0.1263401495103598
2024-02-22,5087.02978515625,2.090288866640342
2024-02-23,5088.7998046875,0.0347887026502183
2024-02-26,5069.52978515625,-0.3793939244668484
2024-02-27,5078.18017578125,0.1704895538720964
2024-02-28,5069.759765625,-0.1659531321112244
2024-02-29,5096.27001953125,0.5215470455799964
2024-03-01,5137.080078125,0.7975936433387976
2024-03-04,5130.9501953125,-0.1193974574963011
2024-03-05,5078.64990234375,-1.0245406275917994
2024-03-06,5104.759765625,0.5127932853001643
2024-03-07,5157.35986328125,1.0251402284983626
2024-03-08,5123.68994140625,-0.6549922992050338
2024-03-11,5117.93994140625,-0.11228682680281
2024-03-12,5175.27001953125,1.1139512586668012
2024-03-13,5165.31005859375,-0.1926384002121972
2024-03-14,5150.47998046875,-0.2875221051495188
2024-03-15,5117.08984375,-0.6504022859737666
2024-03-18,5149.419921875,0.6298184238480455
2024-03-19,5178.509765625,0.563325304434312
2024-03-20,5224.6201171875,0.8864765516360184
2024-03-21,5241.52978515625,0.3231309094528888
2024-03-22,5234.18017578125,-0.1403171834326712
2024-03-25,5218.18994140625,-0.3059640382031929
2024-03-26,5203.580078125,-0.2803721982805726
2024-03-27,5248.490234375,0.8593595582706042
2024-03-28,5254.35009765625,0.1115862700761605
2024-04-01,5243.77001953125,-0.2015614526957724
2024-04-02,5205.81005859375,-0.7265388203672426
2024-04-03,5211.490234375,0.1090527523337897
2024-04-04,5147.2099609375,-1.241103561926225
2024-04-05,5204.33984375,1.1038050135699558
2024-04-08,5202.39013671875,-0.0374701190041576
2024-04-09,5209.91015625,0.144444947363452
2024-04-10,5160.64013671875,-0.9501981832212592
2024-04-11,5199.06005859375,0.7417221983342437
2024-04-12,5123.41015625,-1.4657587802248535
2024-04-15,5061.81982421875,-1.2094195787459194
2024-04-16,5051.41015625,-0.2058624527503996
2024-04-17,5022.2099609375,-0.5797375076004185
2024-04-18,5011.1201171875,-0.2210601700485304
2024-04-19,4967.22998046875,-0.8797129654056974
2024-04-22,5010.60009765625,0.869335115683908
2024-04-23,5070.5498046875,1.189356656772209
2024-04-24,5071.6298828125,0.02129873779329
2024-04-25,5048.419921875,-0.4586934270119409
2024-04-26,5099.9599609375,1.0157381332325344
2024-04-29,5116.169921875,0.3173408076639394
2024-04-30,5035.68994140625,-1.5855551118928124
2024-05-01,5018.39013671875,-0.3441353485631687
2024-05-02,5064.2001953125,0.9087024725084856
2024-05-03,5127.7900390625,1.2478557659508005
2024-05-06,5180.740234375,1.027317369124784
2024-05-07,5187.7001953125,0.1342528228825613
2024-05-08,5187.669921875,-0.0005835635193424
2024-05-09,5214.080078125,0.5078032639106711
2024-05-10,5222.68017578125,0.1648040080166728
2024-05-13,5221.419921875,-0.0241333173865208
2024-05-14,5246.68017578125,0.4826148527454041
2024-05-15,5308.14990234375,1.164782778729962
2024-05-16,5297.10009765625,-0.2083837474088046
2024-05-17,5303.27001953125,0.1164095687893751
2024-05-20,5308.1298828125,0.0915970308491166
2024-05-21,5321.41015625,0.2498749766892608
2024-05-22,5307.009765625,-0.2709791209352147
2024-05-23,5267.83984375,-0.7408162283471933
2024-05-24,5304.72021484375,0.6976649076673259
2024-05-28,5306.0400390625,0.0248770906885915
2024-05-29,5266.9501953125,-0.7394317215742535
2024-05-30,5235.47998046875,-0.5992957535754186
2024-05-31,5277.509765625,0.7995824231928896
2024-06-03,5283.39990234375,0.1115460223535239
2024-06-04,5291.33984375,0.1501681003782753
2024-06-05,5354.02978515625,1.1778015849957282
2024-06-06,5352.9599609375,-0.0199836601636851
2024-06-07,5346.990234375,-0.1115842050279066
2024-06-10,5360.7900390625,0.2577529978240972
2024-06-11,5375.31982421875,0.2706714855209522
2024-06-12,5421.02978515625,0.8467720241887338
2024-06-13,5433.740234375,0.234191143711672
2024-06-14,5431.60009765625,-0.0393938280997494
2024-06-17,5473.22998046875,0.7635164372320518
2024-06-18,5487.02978515625,0.2518154181517116
2024-06-20,5473.169921875,-0.252912739541154
2024-06-21,5464.6201171875,-0.1563351718825249
2024-06-24,5447.8701171875,-0.3069879155866442
2024-06-25,5469.2998046875,0.3925873679181343
2024-06-26,5477.89990234375,0.1571196224720452
2024-06-27,5482.8701171875,0.0906909856799073
2024-06-28,5460.47998046875,-0.4092013462369599
2024-07-01,5475.08984375,0.2671990981429523
2024-07-02,5509.009765625,0.6176205771185049
2024-07-03,5537.02001953125,0.5071562269533664
2024-07-05,5567.18994140625,0.543397436096954
2024-07-08,5572.85009765625,0.1016182476404432
2024-07-09,5576.97998046875,0.0740797478065475
2024-07-10,5633.91015625,1.0156314878105883
2024-07-11,5584.5400390625,-0.8801649969266724
2024-07-12,5615.35009765625,0.550186402496512
2024-07-15,5631.22021484375,0.2822216423352684
2024-07-16,5667.2001953125,0.6369049971453274
2024-07-17,5588.27001953125,-1.4025441523645543
2024-07-18,5544.58984375,-0.7847112145350073
2024-07-19,5505.0,-0.7165879226406084
2024-07-22,5564.41015625,1.0734217246220292
2024-07-23,5555.740234375,-0.155931769394619
2024-07-24,5427.1298828125,-2.3421242222892857
2024-07-25,5399.22021484375,-0.5155889019717259
2024-07-26,5459.10009765625,1.1029420409570925
2024-07-29,5463.5400390625,0.0812979571828451
2024-07-30,5436.43994140625,-0.4972514361367621
2024-07-31,5522.2998046875,1.5669980701917767
2024-08-01,5446.68017578125,-1.3788123791990166
2024-08-02,5346.56005859375,-1.855290660855327
2024-08-05,5186.330078125,-3.04270413923931
2024-08-06,5240.02978515625,1.0300849493599515
2024-08-07,5199.5,-0.7764715388769489
2024-08-08,5319.31005859375,2.278113959089888
2024-08-09,5344.16015625,0.4660798434381699
2024-08-12,5344.39013671875,0.0043033051720097
2024-08-13,5434.43017578125,1.6707233419049987
2024-08-14,5455.2099609375,0.381643656119841
2024-08-15,5543.22021484375,1.6004489931304131
2024-08-16,5554.25,0.1987802368396151
2024-08-19,5608.25,0.9675327436177776
2024-08-20,5597.1201171875,-0.1986527237609709
2024-08-21,5620.85009765625,0.4230714721006796
2024-08-22,5570.64013671875,-0.8972942256657219
2024-08-23,5634.60986328125,1.141793740166443
2024-08-26,5616.83984375,-0.3158710169605814
2024-08-27,5625.7998046875,0.1593925112723203
2024-08-28,5592.18017578125,-0.5993900794735212
2024-08-29,5591.9599609375,-0.0039379843436586
2024-08-30,5648.39990234375,1.004245707914417
2024-09-03,5528.93017578125,-2.1377963372397697
2024-09-04,5520.06982421875,-0.1603829027380963
2024-09-05,5503.41015625,-0.3022581014674196
2024-09-06,5408.419921875,-1.7410944507424406
2024-09-09,5471.0498046875,1.1513534435818251
2024-09-10,5495.52001953125,0.4462699977793541
2024-09-11,5554.1298828125,1.060855564984334
2024-09-12,5595.759765625,0.746735215680267
2024-09-13,5626.02001953125,0.5393142234356035
2024-09-16,5633.08984375,0.1255840867310285
2024-09-17,5634.580078125,0.026451509389645
2024-09-18,5618.259765625,-0.2900658708313291
2024-09-19,5713.64013671875,1.6834356892725129
2024-09-20,5702.5498046875,-0.1942913630015734
2024-09-23,5718.56982421875,0.2805334425713122
2024-09-24,5732.93017578125,0.2508031103345345
2024-09-25,5722.259765625,-0.1862983206212128
2024-09-26,5745.3701171875,0.4030542158199222
2024-09-27,5738.169921875,-0.1254002900072123
2024-09-30,5762.47998046875,0.4227603658441509
2024-10-01,5708.75,-0.9367848694454448
2024-10-02,5709.5400390625,0.0138381326986477
2024-10-03,5699.93994140625,-0.1682828654458689
2024-10-04,5751.06982421875,0.8930255699186382
2024-10-07,5695.93994140625,-0.9632263829388772
2024-10-08,5751.1298828125,0.9642706804694384
2024-10-09,5792.0400390625,0.7088231016994585
2024-10-10,5780.0498046875,-0.2072268505982484
2024-10-11,5815.02978515625,0.603360870729872
2024-10-14,5859.85009765625,0.7678114574594324
2024-10-15,5815.259765625,-0.7638566037513421
2024-10-16,5842.47021484375,0.4668232782779766
2024-10-17,5841.47021484375,-0.0171175128538166
2024-10-18,5864.669921875,0.3963686942774387
2024-10-21,5853.97998046875,-0.1824432756419033
2024-10-22,5851.2001953125,-0.0474966667195793
2024-10-23,5797.419921875,-0.9233824267679565
2024-10-24,5809.85986328125,0.2143473130556828
2024-10-25,5808.1201171875,-0.029949201318627
2024-10-28,5823.52001953125,0.2647934626732945
2024-10-29,5832.919921875,0.1612825944901219
2024-10-30,5813.669921875,-0.3305691672488118
2024-10-31,5705.4501953125,-1.8790134928745348
2024-11-01,5728.7998046875,0.4084158004525459
2024-11-04,5712.68994140625,-0.2816044813190291
2024-11-05,5782.759765625,1.2191031029563082
2024-11-06,5929.0400390625,2.4981280957186653
2024-11-07,5973.10009765625,0.7403754173995657
2024-11-08,5995.5400390625,0.3749794035718046
2024-11-11,6001.35009765625,0.0968594190956923
2024-11-12,5983.990234375,-0.2896851476936499
2024-11-13,5985.3798828125,0.0232200764140183
2024-11-14,5949.169921875,-0.6068108582244001
2024-11-15,5870.6201171875,-1.3291430866793768
2024-11-18,5893.6201171875,0.3910159746206537
2024-11-19,5916.97998046875,0.3955750520596487
2024-11-20,5917.10986328125,0.0021950621335444
2024-11-21,5948.7099609375,0.5326251844288491
2024-11-22,5969.33984375,0.3461959591536465
2024-11-25,5987.3701171875,0.3015927820124541
2024-11-26,6021.6298828125,0.5705697155263866
2024-11-27,5998.740234375,-0.3808481083577711
2024-11-29,6032.3798828125,0.5592120396801623
2024-12-02,6047.14990234375,0.2445463880581373
2024-12-03,6049.8798828125,0.0451347242022181
2024-12-04,6086.490234375,0.603318162813612
2024-12-05,6075.10986328125,-0.1871525839382334
2024-12-06,6090.27001953125,0.2492345367538312
2024-12-09,6052.85009765625,-0.6163167285227462
2024-12-10,6034.91015625,-0.2968284314279252
2024-12-11,6084.18994140625,0.8132626411368236
2024-12-12,6051.25,-0.5428731461463251
2024-12-13,6051.08984375,-0.0026466989371873
2024-12-16,6074.080078125,0.3792155008784429
2024-12-17,6050.60986328125,-0.3871479480655496
2024-12-18,5872.16015625,-2.993650530451818
2024-12-19,5867.080078125,-0.0865486750536793
2024-12-20,5930.85009765625,1.08104794023973
2024-12-23,5974.06982421875,0.7260849585616372
2024-12-24,6040.0400390625,1.0982233165126825
2024-12-26,6037.58984375,-0.0405741088257819
2024-12-27,5970.83984375,-1.1117304964912211
2024-12-30,5906.93994140625,-1.0759673941729728
