date,close,ret
1998-01-05,4416.9501953125,1.198710464044196
1998-01-06,4360.0498046875,-1.2965976479631196
1998-01-07,4339.97998046875,-0.4613745082707634
1998-01-08,4293.64013671875,-1.0734845435673686
1998-01-09,4237.75,-1.3102421854323325
1998-01-12,4134.64013671875,-2.4632171932910016
1998-01-13,4150.009765625,0.371039131894012
1998-01-14,4145.41015625,-0.110895165999835
1998-01-15,4140.22021484375,-0.125275732866739
1998-01-16,4216.240234375,1.819481278984707
1998-01-19,4290.0498046875,1.735455115313158
1998-01-20,4310.830078125,0.4832136747583684
1998-01-21,4250.47021484375,-1.4100863501314544
1998-01-22,4238.77001953125,-0.2756478176565989
1998-01-23,4222.16015625,-0.3926254979908558
1998-01-26,4266.33984375,1.0409397755909042
1998-01-27,4316.0498046875,1.1584306674416198
1998-01-28,4385.2900390625,1.5915180217653306
1998-01-29,4444.52978515625,1.3418311158948684
1998-01-30,4442.52978515625,-0.0450092635914091
1998-02-02,4529.8798828125,1.947143759034904
1998-02-03,4529.18017578125,-0.0154476739996344
1998-02-04,4509.25,-0.4410103899790671
1998-02-05,4494.72021484375,-0.3227420220568917
1998-02-06,4536.91015625,0.934277568058188
1998-02-09,4519.56005859375,-0.3831541090652045
1998-02-10,4558.6201171875,0.8605314914430152
1998-02-11,4552.4599609375,-0.135223423257208
1998-02-12,4509.3701171875,-0.9510257453460904
1998-02-13,4522.419921875,0.28897513587602
1998-02-16,4535.56005859375,0.2901341350863911
1998-02-17,4627.419921875,2.0050887605007355
1998-02-18,4611.66015625,-0.341154763828062
1998-02-19,4581.080078125,-0.6653117600389528
1998-02-20,4583.02978515625,0.0425509316181201
1998-02-23,4610.66015625,0.6010743120120796
1998-02-24,4604.5498046875,-0.1326145032810772
1998-02-25,4704.580078125,2.149161627609337
1998-02-26,4695.77978515625,-0.187233162721829
1998-02-27,4693.85986328125,-0.0408944746261123
1998-03-02,4781.6201171875,1.8524183179422384
1998-03-03,4759.6201171875,-0.4611567982413219
1998-03-04,4690.52001953125,-1.462440306849666
1998-03-05,4676.419921875,-0.301061144716778
1998-03-06,4762.7099609375,1.8283982537796155
1998-03-09,4828.89013671875,1.3799830134207147
1998-03-10,4852.22021484375,0.4819720556906836
1998-03-11,4862.41015625,0.2097855451861341
1998-03-12,4838.669921875,-0.4894358478588637
1998-03-13,4872.240234375,0.6913964950685142
1998-03-16,4905.58984375,0.6821500973025042
1998-03-17,4945.91015625,0.818566464774887
1998-03-18,4908.5498046875,-0.7582461283362008
1998-03-19,4949.91015625,0.8390883443735441
1998-03-20,5045.16015625,1.905997267847625
1998-03-23,5014.1298828125,-0.6169495410021427
1998-03-24,5064.35009765625,0.9965913628641744
1998-03-25,5114.1298828125,0.9781456985542596
1998-03-26,5029.0,-1.6786116856167266
1998-03-27,5066.89990234375,0.7508014292109935
1998-03-30,5069.89013671875,0.0589976600129186
1998-03-31,5097.25,0.5382030532879805
1998-04-01,5135.35009765625,0.7446841147695675
1998-04-02,5179.0400390625,0.8471698690451945
1998-04-03,5254.31982421875,1.4430843477344142
1998-04-06,5345.89013671875,1.7277505017463357
1998-04-07,5309.669921875,-0.6798395231628288
1998-04-08,5267.35009765625,-0.8002263392491277
1998-04-09,5312.25,0.8488065995922646
1998-04-14,5367.97998046875,1.0436195921848015
1998-04-15,5359.240234375,-0.1629452524039639
1998-04-16,5292.97021484375,-1.244265213054504
1998-04-17,5326.6298828125,0.6339180454545107
1998-04-20,5407.93017578125,1.5147681332745802
1998-04-21,5373.7998046875,-0.6331170445099119
1998-04-22,5312.27978515625,-1.1514175743673174
1998-04-23,5262.56982421875,-0.9401614004914188
1998-04-24,5144.419921875,-2.2706850242120034
1998-04-27,5002.7099609375,-2.793285914156802
1998-04-28,5110.8798828125,2.1391820013323724
1998-04-29,5083.7998046875,-0.5312602778476646
1998-04-30,5241.22998046875,3.0497224853744855
1998-05-04,5337.75,1.8248015979876897
1998-05-05,5226.2001953125,-2.1119741939894348
1998-05-06,5264.6201171875,0.7324516576357863
1998-05-07,5164.89013671875,-1.912515887885032
1998-05-08,5270.60986328125,2.026224781762716
1998-05-11,5348.75,1.4716809308295913
1998-05-12,5307.81982421875,-0.768171704895104
1998-05-13,5371.990234375,1.201728908430724
1998-05-14,5374.10986328125,0.0394492683759918
1998-05-15,5414.31005859375,0.7452505865144659
1998-05-18,5343.66015625,-1.3134618637051847
1998-05-19,5441.0,1.8052026807689816
1998-05-20,5514.509765625,1.3419890158155154
1998-05-22,5530.18994140625,0.2839404733841215
1998-05-25,5592.4599609375,1.1197092539634454
1998-05-26,5639.89013671875,0.8445331079637965
1998-05-27,5466.8798828125,-3.115653766010355
1998-05-28,5507.35986328125,0.7377306309602755
1998-05-29,5556.990234375,0.8971282276095954
1998-06-02,5583.830078125,0.4818297921205245
1998-06-03,5640.419921875,1.008358210968708
1998-06-04,5605.3798828125,-0.6231687041592912
1998-06-05,5724.75,2.1072050434600436
1998-06-08,5787.0498046875,1.0823748495195602
1998-06-09,5773.77001953125,-0.229737876707769
1998-06-10,5799.22021484375,0.4398212704472961
1998-06-12,5631.33984375,-2.937606605489833
1998-06-15,5581.240234375,-0.8936380821148375
1998-06-16,5621.7099609375,0.7224865217758568
1998-06-17,5742.830078125,2.1316252655398453
1998-06-18,5689.89013671875,-0.9261193976205676
1998-06-19,5644.22021484375,-0.8058889075576616
1998-06-22,5648.10986328125,0.0688900973390013
1998-06-23,5748.33984375,1.7590138578851346
1998-06-24,5784.39990234375,0.6253531581094284
1998-06-25,5886.72021484375,1.7534381109847654
1998-06-26,5870.490234375,-0.2760857407127733
1998-06-29,5933.72998046875,1.0714871457799082
1998-06-30,5841.830078125,-1.5608899744217697
1998-07-01,5910.509765625,1.1687965165054062
1998-07-02,5905.14990234375,-0.0907247466414659
1998-07-03,5961.4501953125,0.9488937849827082
1998-07-06,5942.06005859375,-0.3257888380059312
1998-07-07,5975.8798828125,0.5675463237020366
1998-07-08,6018.89013671875,0.7171531955003313
1998-07-09,6000.83984375,-0.300344626159147
1998-07-10,6001.240234375,0.0066720205588157
1998-07-13,6023.31005859375,0.3670798235802812
1998-07-14,6101.89990234375,1.2963230254131233
1998-07-15,6106.10009765625,0.0688105419107021
1998-07-16,6108.0,0.0311099850808915
1998-07-17,6162.85986328125,0.8941545971762204
1998-07-20,6186.08984375,0.376226455218404
1998-07-21,6184.10009765625,-0.0321700171191391
1998-07-22,6081.10986328125,-1.6794275087229606
1998-07-23,6043.81982421875,-0.615098934094919
1998-07-24,6040.580078125,-0.0536186521060068
1998-07-27,5854.35009765625,-3.1315055417454976
1998-07-28,5867.52001953125,0.2247069330223206
1998-07-29,5828.740234375,-0.6631166957227387
1998-07-30,5906.330078125,1.3223776653619492
1998-07-31,5861.18994140625,-0.7672025720950708
1998-08-03,5774.3798828125,-1.4921773605423512
1998-08-04,5718.7001953125,-0.9689330055310964
1998-08-05,5614.77001953125,-1.8340911867082133
1998-08-06,5528.1201171875,-1.5552814022054842
1998-08-07,5598.31982421875,1.2618706234932269
1998-08-10,5460.43017578125,-2.493894790675086
1998-08-11,5285.77978515625,-3.250741812797038
1998-08-12,5386.93994140625,1.8957339536284197
1998-08-13,5355.02978515625,-0.5941228829810244
1998-08-14,5473.72021484375,2.192223166021284
1998-08-17,5432.02978515625,-0.7645624147588754
1998-08-18,5602.14990234375,3.0837561681343555
1998-08-19,5601.93017578125,-0.0039222597660191
1998-08-20,5486.759765625,-2.077333794596907
1998-08-21,5190.60009765625,-5.54885584089592
1998-08-24,5253.3798828125,1.2022340417526682
1998-08-25,5407.02978515625,2.8828262349724945
1998-08-26,5247.6201171875,-2.992525619842621
1998-08-27,5012.72998046875,-4.579398984468676
1998-08-28,4925.7998046875,-1.7494014640475612
1998-08-31,4811.27978515625,-2.352354200195237
1998-09-01,4855.89990234375,0.9231324025571924
1998-09-02,4948.509765625,1.8892033450625312
1998-09-03,4797.1298828125,-3.1068675809157664
1998-09-04,4864.97021484375,1.4042795289896606
1998-09-07,4945.740234375,1.6466054090308566
1998-09-08,5095.6201171875,2.985472282308726
1998-09-09,4958.43994140625,-2.729020687808674
1998-09-10,4744.0498046875,-4.420000322136508
1998-09-11,4754.64990234375,0.2231905920488063
1998-09-14,4893.509765625,2.8786723494323554
1998-09-15,4851.56005859375,-0.8609474720583562
1998-09-16,4872.18017578125,0.4241196823362602
1998-09-17,4629.02978515625,-5.119421511921561
1998-09-18,4623.3701171875,-0.1223394737448846
1998-09-21,4439.1298828125,-4.066551686030307
1998-09-22,4549.22998046875,2.4499598679658643
1998-09-23,4722.9599609375,3.7477729834863234
1998-09-24,4611.33984375,-2.3917260075203224
1998-09-25,4584.41015625,-0.5857002307375516
1998-09-28,4677.56005859375,2.011516794398455
1998-09-29,4600.330078125,-1.6648561940613107
1998-09-30,4430.91015625,-3.7523041202237057
1998-10-01,4094.6201171875,-7.893107030631152
1998-10-02,4019.31005859375,-1.8563684840475665
1998-10-05,3970.989990234375,-1.2094829256472963
1998-10-06,4185.39013671875,5.258449080005832
1998-10-07,4064.159912109375,-2.9392864275233475
1998-10-08,3861.889892578125,-5.105038482083431
1998-10-09,3973.43994140625,2.847553036666047
1998-10-12,4271.6298828125,7.236325648620327
1998-10-13,4253.1201171875,-0.4342601182057685
1998-10-14,4371.10009765625,2.7361857216630576
1998-10-15,4391.64013671875,0.4688048745448767
1998-10-16,4469.1201171875,1.7488782690871691
1998-10-19,4466.18017578125,-0.0658050969960965
1998-10-20,4657.85986328125,4.202258935312654
1998-10-21,4534.5498046875,-2.6830278493593345
1998-10-22,4449.1201171875,-1.9019457193682512
1998-10-23,4480.43017578125,0.7012713043906309
1998-10-26,4579.64013671875,2.1901359073380475
1998-10-27,4682.7001953125,2.225448608945631
1998-10-28,4564.1201171875,-2.564915830404111
1998-10-29,4569.72998046875,0.1228367868239417
1998-10-30,4690.990234375,2.618957964130099
1998-11-02,4762.47021484375,1.5122788766996895
1998-11-03,4709.31982421875,-1.1222999726053633
1998-11-04,4878.240234375,3.524106051426059
1998-11-05,4795.27978515625,-1.7152491132478611
1998-11-06,4809.72998046875,0.3008889437298099
1998-11-09,4762.3798828125,-0.9893426747178732
1998-11-10,4681.33984375,-1.7163158322494814
1998-11-11,4705.31982421875,0.5109385763425809
1998-11-12,4645.89013671875,-1.2710758903840969
1998-11-13,4643.7998046875,-0.0450032687789152
1998-11-16,4785.759765625,3.011183846811614
1998-11-17,4718.33984375,-1.418778328788878
1998-11-18,4700.68994140625,-0.3747715721177292
1998-11-19,4805.68994140625,2.209132634994714
1998-11-20,4911.43017578125,2.1764557220010117
1998-11-23,5024.509765625,2.276271254997257
1998-11-24,4954.5400390625,-1.4023554269367358
1998-11-25,4956.52978515625,0.0401519948052406
1998-11-26,5067.990234375,2.2238479753107137
1998-11-27,5159.2099609375,1.783912388761328
1998-11-30,5026.14013671875,-2.6131138337550195
1998-12-01,4777.18017578125,-5.080187004158995
1998-12-02,4712.2001953125,-1.3695519328083747
1998-12-03,4812.33984375,2.1028488120835327
1998-12-04,4802.759765625,-0.1992715974736233
1998-12-07,4721.169921875,-1.7134070176537568
1998-12-08,4708.18994140625,-0.2753100710015922
1998-12-09,4676.56982421875,-0.6738635325952832
1998-12-10,4650.2998046875,-0.5633206004873239
1998-12-11,4543.02001953125,-2.333969820320471
1998-12-14,4563.259765625,0.4445235573597801
1998-12-15,4569.7001953125,0.1410370960263866
1998-12-16,4686.740234375,2.5289694848373947
1998-12-17,4732.10986328125,0.9633868112757854
1998-12-18,4666.740234375,-1.3910357607211712
1998-12-21,4826.7001953125,3.370223947615953
1998-12-22,4879.47021484375,1.0873606631720605
1998-12-23,4978.6201171875,2.011611629963977
1998-12-28,5040.14990234375,1.2283056430159862
1998-12-29,5056.2001953125,0.3179427483043803
1998-12-30,5006.56982421875,-0.9864236871053632
1999-01-04,5290.35986328125,5.513525586028422
1999-01-05,5263.41015625,-0.5107135281213085
1999-01-06,5442.89990234375,3.3532853759577987
1999-01-07,5345.7099609375,-1.801762634740584
1999-01-08,5370.509765625,0.4628469664411297
1999-01-11,5266.47021484375,-1.9562482747065684
1999-01-12,5196.1298828125,-1.344625450196973
1999-01-13,4982.1201171875,-4.20585684044228
1999-01-14,4902.75,-1.6059254604873725
1999-01-15,4973.77978515625,1.4383799032980136
1999-01-18,5076.85009765625,2.0510938545708015
1999-01-19,5038.4501953125,-0.7592475892387436
1999-01-20,5197.14990234375,3.101184575978745
1999-01-21,5163.4501953125,-0.650538107080788
1999-01-22,5008.2099609375,-3.0526440527799164
1999-01-25,4988.58984375,-0.3925284643650513
1999-01-26,5001.18994140625,0.2522599017989216
1999-01-27,5038.2099609375,0.7374980115438491
1999-01-28,5080.93017578125,0.8443497781310203
1999-01-29,5180.2900390625,1.936669650352015
1999-02-01,5239.60009765625,1.1384131378567757
1999-02-02,5164.9501953125,-1.434971838185061
1999-02-03,5090.06982421875,-1.4603911408107235
1999-02-04,5061.27978515625,-0.567217510186682
1999-02-05,5097.47998046875,0.712692284767473
1999-02-08,5052.43994140625,-0.8875012816563724
1999-02-09,4850.669921875,-4.075445968653782
1999-02-10,4814.0400390625,-0.7580167093107735
1999-02-11,4869.2900390625,1.141148739471529
1999-02-12,4896.740234375,0.5621581509453617
1999-02-15,4888.9501953125,-0.1592128989576713
1999-02-16,4895.10986328125,0.1259123256736261
1999-02-17,4820.419921875,-1.537567472176407
1999-02-18,4871.08984375,1.0456654286859586
1999-02-19,4823.259765625,-0.9867699878560858
1999-02-22,4887.7001953125,1.3271885753395474
1999-02-23,5012.60009765625,2.5232876890161697
1999-02-24,5058.2900390625,0.9073727201118056
1999-02-25,4918.5498046875,-2.80147573310836
1999-02-26,4903.9599609375,-0.2970697882271862
1999-03-01,4779.06982421875,-2.579710390524281
1999-03-02,4797.83984375,0.3919853943671981
1999-03-03,4668.52001953125,-2.7323674919174192
1999-03-04,4722.68994140625,1.1536430957273776
1999-03-05,4840.81005859375,2.470353409739354
1999-03-08,4791.43017578125,-1.0253132024454144
1999-03-09,4790.47021484375,-0.0200369634744065
1999-03-10,4730.0498046875,-1.269284056236837
1999-03-11,4785.3701171875,1.1627639397426868
1999-03-12,5031.06005859375,5.006733776483248
1999-03-15,5043.22998046875,0.2416036812063368
1999-03-16,5090.93017578125,0.9413813644548814
1999-03-17,5062.58984375,-0.5582380410755843
1999-03-18,5025.7900390625,-0.7295515897680447
1999-03-19,5108.75,1.637209260526728
1999-03-22,5034.68017578125,-1.460475194565158
1999-03-23,4870.490234375,-3.315540777978436
1999-03-24,4797.330078125,-1.513506673639444
1999-03-25,4863.81005859375,1.376256401326993
1999-03-26,4799.58984375,-1.3291628403686675
1999-03-29,4867.2099609375,1.3990404580340403
1999-03-30,4841.2001953125,-0.5358205398312583
1999-03-31,4865.27001953125,0.4959552344654084
1999-04-01,4901.81005859375,0.7482320047530158
1999-04-06,5022.27001953125,2.427749000166545
1999-04-07,5027.25,0.0991088304059515
1999-04-08,5067.759765625,0.8025744206321026
1999-04-09,5133.919921875,1.2970625587867262
1999-04-12,5167.5498046875,0.6529165871521802
1999-04-13,5225.22021484375,1.1098292754570096
1999-04-14,5186.759765625,-0.7387763752647578
1999-04-15,5189.72021484375,0.0570607625061199
1999-04-16,5143.02001953125,-0.9039327853025574
1999-04-19,5252.39990234375,2.104463704631392
1999-04-20,5101.41015625,-2.916809367367031
1999-04-21,5175.56982421875,1.4432441313459392
1999-04-22,5226.64013671875,0.9819206308566548
1999-04-23,5187.89013671875,-0.7441560551158106
1999-04-26,5269.1201171875,1.5536298121080867
1999-04-27,5364.81005859375,1.799758372404405
1999-04-28,5352.72021484375,-0.2256088589365987
1999-04-29,5323.06005859375,-0.5556546089164871
1999-04-30,5360.43994140625,0.6997713361200636
1999-05-03,5383.22021484375,0.4240697722248212
1999-05-04,5377.39990234375,-0.1081780232777599
1999-05-05,5295.22021484375,-1.5400400430303476
1999-05-06,5275.56982421875,-0.3717870317596204
1999-05-07,5276.5,0.0176302052422862
1999-05-10,5261.009765625,-0.2940020152256239
1999-05-11,5297.490234375,0.6910188741564283
1999-05-12,5249.240234375,-0.9149818849241644
1999-05-14,5183.490234375,-1.260472907264938
1999-05-17,5102.0,-1.5846000076805242
1999-05-18,5160.47021484375,1.1395082529750693
1999-05-19,5213.2998046875,1.0185312853076822
1999-05-20,5243.2099609375,0.5720883640260115
1999-05-21,5253.77001953125,0.2012019109468202
1999-05-25,5165.72021484375,-1.6901383599153694
1999-05-26,5183.080078125,0.3354954984722674
1999-05-27,5064.31005859375,-2.3181578269881298
1999-05-28,5070.97998046875,0.1316177990401072
1999-05-31,5068.58984375,-0.0471447369948705
1999-06-01,5010.7099609375,-1.1485027761321154
1999-06-02,5040.33984375,0.5895895298505082
1999-06-04,5124.1298828125,1.6487222521478144
1999-06-07,5212.85986328125,1.7167891614077984
1999-06-08,5196.93017578125,-0.3060522810624421
1999-06-09,5250.6298828125,1.0279946634926584
1999-06-10,5201.490234375,-0.9402879021539098
1999-06-11,5296.009765625,1.800849453161271
1999-06-14,5291.52001953125,-0.0848119713281916
1999-06-15,5344.919921875,1.004101960704496
1999-06-16,5382.669921875,0.7037956590762385
1999-06-17,5415.509765625,0.6082496485084663
1999-06-18,5337.18994140625,-1.4567729300667531
1999-06-21,5468.47021484375,2.429962283637385
1999-06-22,5468.669921875,0.0036519058689161
1999-06-23,5399.10986328125,-1.2801328309938065
1999-06-24,5327.60009765625,-1.3333226174508712
1999-06-25,5301.2099609375,-0.4965784655632289
1999-06-28,5356.9501953125,1.0459730713323496
1999-06-29,5359.52978515625,0.0481424851868202
1999-06-30,5378.52001953125,0.3537002438680643
1999-07-01,5480.22021484375,1.873203831975624
1999-07-02,5519.0498046875,0.7060423296797969
1999-07-05,5625.6201171875,1.912547642993589
1999-07-06,5612.89990234375,-0.2263682451683767
1999-07-07,5588.5,-0.4356587774507365
1999-07-08,5607.10009765625,0.3322754404797047
1999-07-09,5638.9501953125,0.5664243353373766
1999-07-12,5652.02001953125,0.2315094240360776
1999-07-13,5573.81982421875,-1.3932402628616225
1999-07-14,5610.89013671875,0.6628772381299372
1999-07-15,5619.259765625,0.1490564334164049
1999-07-16,5619.93994140625,0.0121036337072193
1999-07-19,5624.740234375,0.0853789202593552
1999-07-20,5491.2900390625,-2.4011558757756695
1999-07-21,5414.169921875,-1.4143631367525038
1999-07-22,5340.91015625,-1.362349664932896
1999-07-23,5310.6298828125,-0.5685629476560861
1999-07-26,5206.43994140625,-1.9814140606550024
1999-07-27,5224.16015625,0.3397739674731251
1999-07-28,5229.56005859375,0.1033106437335732
1999-07-29,5052.31982421875,-3.447964678184213
1999-07-30,5101.8701171875,0.975965321959396
1999-08-02,5129.5,0.5401026384959569
1999-08-03,5107.68017578125,-0.4262864751150239
1999-08-04,5119.3701171875,0.2286083702048528
1999-08-05,4978.4501953125,-2.7912770655070935
1999-08-06,5010.47021484375,0.6411129109420096
1999-08-09,5087.2998046875,1.5217433613611633
1999-08-10,5000.8701171875,-1.7135278833211045
1999-08-11,5019.68994140625,0.375624640473464
1999-08-12,5127.43017578125,2.1236426140589604
1999-08-13,5219.43017578125,1.778364093163965
1999-08-16,5257.10009765625,0.719132828025564
1999-08-17,5259.91015625,0.0534383554409477
1999-08-18,5230.47021484375,-0.5612764771590659
1999-08-19,5186.85009765625,-0.8374585942511165
1999-08-20,5254.14013671875,1.288976796535559
1999-08-23,5301.97998046875,0.9063968720343948
1999-08-24,5324.02001953125,0.4148328753823986
1999-08-25,5400.31982421875,1.4229517755243044
1999-08-26,5389.33984375,-0.2035279072165652
1999-08-27,5420.35986328125,0.5739309235413321
1999-08-30,5392.52978515625,-0.5147585979778075
1999-08-31,5270.77001953125,-2.2838157064301856
1999-09-01,5317.1201171875,0.8755359782362572
1999-09-02,5189.919921875,-2.4213557677514004
1999-09-03,5336.22021484375,2.779930966254422
1999-09-06,5400.5498046875,1.1983186660101195
1999-09-07,5391.35986328125,-0.1703117225840868
1999-09-08,5400.7001953125,0.1730964118563465
1999-09-09,5436.85986328125,0.6673052228458242
1999-09-10,5483.9501953125,0.8624016649852814
1999-09-13,5446.91015625,-0.6777175746864149
1999-09-14,5401.47021484375,-0.8377325572647816
1999-09-15,5387.18017578125,-0.2649088978139073
1999-09-16,5304.419921875,-1.54816690029846
1999-09-17,5303.93994140625,-0.0090490985461171
1999-09-20,5351.97998046875,0.9016652693646238
1999-09-21,5282.759765625,-1.3017938198243082
1999-09-22,5238.759765625,-0.8363859681590837
1999-09-23,5299.56982421875,1.154086765327084
1999-09-24,5186.52978515625,-2.156081332508083
1999-09-27,5239.64013671875,1.0187981078747357
1999-09-28,5119.10009765625,-2.3274158348999543
1999-09-29,5135.6201171875,0.3221937503153964
1999-09-30,5149.830078125,0.276312066240288
1999-10-01,5124.5498046875,-0.4921041414232325
1999-10-04,5218.85986328125,1.823628286390645
1999-10-05,5301.85009765625,1.5776873632891792
1999-10-06,5353.31982421875,0.9661061676403004
1999-10-07,5419.31005859375,1.2251615534945126
1999-10-08,5419.259765625,-0.0009280369931809
1999-10-11,5414.5,-0.087869143016315
1999-10-12,5358.4599609375,-1.0403927008708456
1999-10-13,5295.43017578125,-1.1832395439129018
1999-10-14,5220.2900390625,-1.4291254248687677
1999-10-15,5184.22998046875,-0.6931641807481694
1999-10-18,5156.27978515625,-0.5405973982968686
1999-10-19,5296.91015625,2.6908313567572604
1999-10-20,5291.22998046875,-0.1072931837473876
1999-10-21,5246.490234375,-0.8491403075278255
1999-10-22,5357.75,2.0984784578505984
1999-10-25,5320.39990234375,-0.6995640690702043
1999-10-26,5388.759765625,1.2766789160161027
1999-10-27,5363.85986328125,-0.4631419637586752
1999-10-28,5478.89013671875,2.1218710987626563
1999-10-29,5525.39990234375,0.8453074647032355
1999-11-01,5524.919921875,-0.0086871778679149
1999-11-02,5546.9501953125,0.3979508841385565
1999-11-03,5560.8701171875,0.2506329553432052
1999-11-04,5635.6201171875,1.3352596937354508
1999-11-05,5658.10009765625,0.3980975219850561
1999-11-08,5647.93994140625,-0.1797297541828486
1999-11-09,5694.72998046875,0.8250315806075369
1999-11-10,5742.419921875,0.8339528327786971
1999-11-11,5802.35986328125,1.0383997116977202
1999-11-12,5791.0498046875,-0.1951119214390959
1999-11-15,5859.2900390625,1.1714853938469851
1999-11-16,5909.52001953125,0.8536170644948075
1999-11-17,5870.169921875,-0.6681032221009068
1999-11-18,5950.0498046875,1.351600912866793
1999-11-19,5955.97021484375,0.099452388531461
1999-11-22,5819.89013671875,-2.3112729230806504
1999-11-23,5814.740234375,-0.0885271386511567
1999-11-24,5818.72998046875,0.0685908190160012
1999-11-25,5961.4501953125,2.423175132419843
1999-11-26,5958.06982421875,-0.0567199212524929
1999-11-29,5888.8798828125,-1.16807667470433
1999-11-30,5896.0400390625,0.1215138868741015
1999-12-01,5933.83984375,0.6390586160791104
1999-12-02,5937.2001953125,0.0566142754332794
1999-12-03,6119.169921875,3.0188778979728386
1999-12-06,6142.18994140625,0.3754892905020918
1999-12-07,6158.77001953125,0.2695738904651376
1999-12-08,6115.58984375,-0.703586246327916
1999-12-09,6118.06005859375,0.0403839393319236
1999-12-10,6097.89990234375,-0.3300628786730875
1999-12-13,6127.2001953125,0.4793473891970602
1999-12-14,6187.990234375,0.9872447064722054
1999-12-15,6232.75,0.72072933713053
1999-12-16,6341.2900390625,1.7264576017906057
1999-12-17,6353.89990234375,0.1986558292775075
1999-12-20,6378.66015625,0.3889286208543674
1999-12-21,6418.68017578125,0.6254448026202857
1999-12-22,6492.52978515625,1.143973569838096
1999-12-23,6782.39013671875,4.3677315199321765
1999-12-27,6837.41015625,0.8079460439313825
1999-12-28,6861.5400390625,0.3522884224589079
1999-12-29,6859.580078125,-0.0285685269728856
1999-12-30,6958.14013671875,1.426599013754306
2000-01-03,6750.759765625,-3.0257160479779563
2000-01-04,6586.9501953125,-2.456460784844141
2000-01-05,6502.06982421875,-1.296988786492519
2000-01-06,6474.919921875,-0.4184320476146692
2000-01-07,6780.9599609375,4.618243885757803
2000-01-10,6925.52001953125,2.1094463238451566
2000-01-11,6891.25,-0.4960651405406891
2000-01-12,6912.81005859375,0.3123729690191145
2000-01-13,6955.97998046875,0.6225497852478543
2000-01-14,7173.22021484375,3.075295873054224
2000-01-17,7258.89990234375,1.1873611557328343
2000-01-18,7072.1201171875,-2.606797866477379
2000-01-19,7091.0400390625,0.2671710680459851
2000-01-20,7112.66015625,0.3044296005641848
2000-01-21,6992.75,-1.7002418726693014
2000-01-24,6931.990234375,-0.8726934969088551
2000-01-25,6809.64013671875,-1.780768767263052
2000-01-26,6969.3701171875,2.31855747222202
2000-01-27,7126.1298828125,2.224344349865479
2000-01-28,7066.60009765625,-0.8388820803584082
2000-01-31,6835.60009765625,-3.3235208745467544
2000-02-01,7050.4599609375,3.0948593305099714
2000-02-02,7171.9501953125,1.708475401322794
2000-02-03,7354.259765625,2.510209389835491
2000-02-04,7444.60986328125,1.221055695492247
2000-02-07,7296.31982421875,-2.0120174881062916
2000-02-08,7549.8798828125,3.4161566205538287
2000-02-09,7629.10986328125,1.0439522175977132
2000-02-10,7709.27001953125,1.0452327646105894
2000-02-11,7611.5498046875,-1.2756698552197818
2000-02-14,7644.7998046875,0.4358847757939087
2000-02-15,7396.1298828125,-3.306877800628664
2000-02-16,7490.31982421875,1.265462218556471
2000-02-17,7580.52978515625,1.197159293251869
2000-02-18,7573.77978515625,-0.0890835760623088
2000-02-21,7590.52978515625,0.2209135435331374
2000-02-22,7607.93994140625,0.2291041687555976
2000-02-23,7698.97021484375,1.189415050888752
2000-02-24,7640.52978515625,-0.7619637202778123
2000-02-25,7738.68017578125,1.2764208755446045
2000-02-28,7587.1298828125,-1.9777777800683745
2000-02-29,7644.5498046875,0.753957476216063
2000-03-01,7727.93017578125,1.084811154637123
2000-03-02,7945.77001953125,2.7798652405820974
2000-03-03,7960.02978515625,0.1793027652864743
2000-03-06,7975.77978515625,0.1976680890769274
2000-03-07,8064.97021484375,1.112059583870533
2000-03-08,7987.0,-0.9714798497313868
2000-03-09,7949.14990234375,-0.4750227509286013
2000-03-10,7975.9501953125,0.3365795895181344
2000-03-13,7693.85009765625,-3.600946719926372
2000-03-14,7650.0498046875,-0.5709162887964984
2000-03-15,7414.4599609375,-3.128001591835143
2000-03-16,7583.9599609375,2.2603343210968023
2000-03-17,7710.919921875,1.6602010349472638
2000-03-20,7872.3798828125,2.072292018069032
2000-03-21,7807.93017578125,-0.822050963685942
2000-03-22,7798.6201171875,-0.1193096427252548
2000-03-23,7694.77978515625,-1.3404661024661668
2000-03-24,7932.419921875,3.0416000514639236
2000-03-27,7892.490234375,-0.5046445363063048
2000-03-28,7931.93017578125,0.4984703647721172
2000-03-29,7864.759765625,-0.8504416462832537
2000-03-30,7644.89013671875,-2.835452263241012
2000-03-31,7599.39013671875,-0.5969469768095274
2000-04-03,7429.22021484375,-2.264709657780827
2000-04-04,7522.7998046875,1.2517480796970113
2000-04-05,7330.77001953125,-2.5857822328353723
2000-04-06,7446.2099609375,1.5624612074223605
2000-04-07,7522.2001953125,1.015350146379226
2000-04-10,7516.9501953125,-0.0698177766282963
2000-04-11,7442.66015625,-0.9932163743371872
2000-04-12,7443.06982421875,0.0055041703617048
2000-04-13,7449.06005859375,0.0804483273407931
2000-04-14,7214.830078125,-3.1949217047003535
2000-04-17,7187.14013671875,-0.3845303817828896
2000-04-18,7196.490234375,0.1300102787965766
2000-04-19,7216.7099609375,0.2805725245303089
2000-04-20,7157.9501953125,-0.8175510554376672
2000-04-25,7280.509765625,1.6977228093665715
2000-04-26,7388.5498046875,1.473059566983275
2000-04-27,7221.740234375,-2.283552462406208
2000-04-28,7414.68017578125,2.636588904693719
2000-05-02,7555.919921875,1.8869509030634817
2000-05-03,7376.93017578125,-2.3973764897639795
2000-05-04,7386.7099609375,0.1324847598039326
2000-05-05,7530.81982421875,1.932147595211019
2000-05-08,7408.08984375,-1.6431285077304842
2000-05-09,7280.5400390625,-1.7367584559140503
2000-05-10,7120.85986328125,-2.2176555200328454
2000-05-11,7259.47998046875,1.9279712789805576
2000-05-12,7269.27978515625,0.134902171028748
2000-05-15,7195.14990234375,-1.0250045586486805
2000-05-16,7371.06005859375,2.415435577083648
2000-05-17,7211.509765625,-2.1883201916924206
2000-05-18,7181.580078125,-0.4158902774141743
2000-05-19,6989.02978515625,-2.717767923503839
2000-05-22,6912.9599609375,-1.0943841109363674
2000-05-23,6927.68994140625,0.2128510746812198
2000-05-24,6834.8798828125,-1.3487519659874947
2000-05-25,6978.8701171875,2.0848133159986157
2000-05-26,6938.330078125,-0.5825906526923914
2000-05-29,7016.66015625,1.12262207936383
2000-05-30,7119.259765625,1.4516410907496318
2000-05-31,7109.669921875,-0.1347936269645383
2000-06-01,7272.759765625,2.2680011391623207
2000-06-02,7438.9501953125,2.259390646952053
2000-06-05,7408.02001953125,-0.4166536347736816
2000-06-06,7359.7998046875,-0.6530467839973905
2000-06-07,7292.97998046875,-0.9120492956214868
2000-06-08,7243.1298828125,-0.6858821727630837
2000-06-09,7254.52978515625,0.1572654477259841
2000-06-12,7235.64013671875,-0.2607237767374696
2000-06-13,7268.91015625,0.458753662924939
2000-06-14,7350.93994140625,1.1221817656845117
2000-06-15,7328.6201171875,-0.3040941462761264
2000-06-16,7131.39990234375,-2.727969187641365
2000-06-19,7198.7998046875,0.9406763439915576
2000-06-20,7227.27001953125,0.3947055872139755
2000-06-21,7100.08984375,-1.7753936189288346
2000-06-22,7053.669921875,-0.6559400340426355
2000-06-23,6980.41015625,-1.0440360987792618
2000-06-26,7027.18994140625,0.6679225383625595
2000-06-27,7048.9599609375,0.3093180598362399
2000-06-28,7056.0498046875,0.1005294496763982
2000-06-29,6874.5400390625,-2.6060639261625487
2000-06-30,6898.2099609375,0.343721408998242
2000-07-03,6958.9599609375,0.8768080285240981
2000-07-04,6944.35986328125,-0.2100232636171127
2000-07-05,6961.72998046875,0.2498204228020226
2000-07-06,6951.08984375,-0.1529544539147552
2000-07-07,7052.22021484375,1.4444032003970315
2000-07-10,7070.81982421875,0.2633940012443541
2000-07-11,7003.97998046875,-0.9497875229951082
2000-07-12,7065.97021484375,0.8811777530001038
2000-07-13,7195.990234375,1.8233625346820912
2000-07-14,7318.3798828125,1.6865016995425757
2000-07-17,7430.7001953125,1.5231117235836529
2000-07-18,7406.91015625,-0.320672384367157
2000-07-19,7366.56982421875,-0.5461195648677996
2000-07-20,7480.14013671875,1.5299352930804797
2000-07-21,7373.259765625,-1.439161626738669
2000-07-24,7328.31005859375,-0.611497243290669
2000-07-25,7329.0400390625,0.0099606063100008
2000-07-26,7302.1201171875,-0.3679811028574182
2000-07-27,7183.43994140625,-1.638636419801839
2000-07-28,7128.2998046875,-0.7705619377203377
2000-07-31,7190.3701171875,0.8669897643020334
2000-08-01,7145.52978515625,-0.6255690757770239
2000-08-02,7112.4501953125,-0.4640159299187193
2000-08-03,7037.91015625,-1.0535523716374435
2000-08-04,7016.58984375,-0.3033950528897866
2000-08-07,7113.22021484375,1.3677731994791409
2000-08-08,7123.81005859375,0.1487648125998195
2000-08-09,7226.7099609375,1.4341175903096668
2000-08-10,7280.97021484375,0.7480245808487704
2000-08-11,7322.97998046875,0.5753221688446443
2000-08-14,7331.669921875,0.1185963838467486
2000-08-15,7307.43017578125,-0.3311647312357805
2000-08-16,7315.27001953125,0.1072284105735398
2000-08-17,7278.43017578125,-0.5048743157705329
2000-08-18,7232.419921875,-0.6341517938341293
2000-08-21,7199.33984375,-0.4584352372439957
2000-08-22,7249.2001953125,0.6901811442867982
2000-08-23,7232.77978515625,-0.2267703341006604
2000-08-24,7230.259765625,-0.0348477171469163
2000-08-25,7307.169921875,1.0581082828163657
2000-08-28,7339.22021484375,0.4376552014212287
2000-08-29,7294.39990234375,-0.6125682133885382
2000-08-30,7185.56005859375,-1.5033452287917333
2000-08-31,7216.4501953125,0.428970449861479
2000-09-01,7344.669921875,1.7611700156855463
2000-09-04,7445.56005859375,1.364301998738247
2000-09-05,7395.06982421875,-0.6804351240926099
2000-09-06,7333.02001953125,-0.8426099035101556
2000-09-07,7373.33984375,0.5483331785427753
2000-09-08,7267.77001953125,-1.442126380258534
2000-09-11,7214.4501953125,-0.7363520834604395
2000-09-12,7135.75,-1.0968625284617868
2000-09-13,7006.259765625,-1.8313359349586205
2000-09-14,7048.5,0.6010826546700117
2000-09-15,6999.5400390625,-0.6970390037798413
2000-09-18,6891.68994140625,-1.5528108725658365
2000-09-19,6937.740234375,0.6659777385996497
2000-09-20,6765.22998046875,-2.5179850171769296
2000-09-21,6682.919921875,-1.2241250584432726
2000-09-22,6740.25,0.8542010129274528
2000-09-25,6788.68994140625,0.7160967320969038
2000-09-26,6765.0400390625,-0.3489803379581659
2000-09-27,6814.06005859375,0.721995303375864
2000-09-28,6832.759765625,0.2740524015961244
2000-09-29,6798.1201171875,-0.5082536608554099
2000-10-02,6862.259765625,0.9390678785285924
2000-10-04,6823.43017578125,-0.5674495652371423
2000-10-05,6892.490234375,1.007014332686469
2000-10-06,6776.39013671875,-1.698791511728906
2000-10-09,6680.77978515625,-1.4209816909035269
2000-10-10,6673.14990234375,-0.1142717360553756
2000-10-11,6561.6298828125,-1.6852967838618258
2000-10-12,6465.259765625,-1.4795838126920096
2000-10-13,6661.2998046875,2.987143966453963
2000-10-16,6627.25,-0.5124694523830631
2000-10-17,6531.7099609375,-1.4521165528546285
2000-10-18,6483.0,-0.7485405133675601
2000-10-19,6619.43017578125,2.082592388531816
2000-10-20,6618.43017578125,-0.0151081817657064
2000-10-23,6620.8701171875,0.0368590692843387
2000-10-24,6802.81005859375,2.710897177779448
2000-10-25,6748.22021484375,-0.8056972489259668
2000-10-26,6767.89990234375,0.2912034109826812
2000-10-27,6924.68017578125,2.290103465245592
2000-10-30,6926.56982421875,0.0272848796927697
2000-10-31,7077.43994140625,2.1547536318164107
2000-11-01,7059.06982421875,-0.2598962237823159
2000-11-02,7088.64013671875,0.4180232085867592
2000-11-03,7128.27001953125,0.5575049011657475
2000-11-06,7136.2998046875,0.1125836404932053
2000-11-07,7076.27978515625,-0.8446091851624729
2000-11-08,7008.64013671875,-0.9604622359906768
2000-11-09,6959.5,-0.7036060487056838
2000-11-10,6851.68994140625,-1.5612304063661244
2000-11-13,6742.10009765625,-1.6123865041293588
2000-11-14,6966.64990234375,3.276300035725584
2000-11-15,6961.08984375,-0.0798415104026037
2000-11-16,6842.10986328125,-1.7239905218956
2000-11-17,6752.2900390625,-1.321443122127494
2000-11-20,6609.47998046875,-2.1376733263158685
2000-11-21,6678.06982421875,1.032401819445129
2000-11-22,6510.5400390625,-2.540658923563859
2000-11-23,6601.0,1.3798744617617569
2000-11-24,6664.18017578125,0.952578897447014
2000-11-27,6696.91015625,0.4899307634944826
2000-11-28,6625.56005859375,-1.071134387059958
2000-11-29,6598.31982421875,-0.4119860910111824
2000-11-30,6372.330078125,-3.4849852491293674
2000-12-01,6512.91015625,2.182119289874348
2000-12-04,6408.10009765625,-1.6223554565858431
2000-12-05,6637.08984375,3.511076049650317
2000-12-06,6622.25,-0.2238399516272124
2000-12-07,6566.080078125,-0.8518176475643008
2000-12-08,6691.25,1.8883687843937191
2000-12-11,6782.52001953125,1.354801446599778
2000-12-12,6733.58984375,-0.7240306571585924
2000-12-13,6620.2099609375,-1.6981325020194658
2000-12-14,6469.9501953125,-2.2958674904357186
2000-12-15,6331.2998046875,-2.1662855225712048
2000-12-18,6390.25,0.926783578520512
2000-12-19,6479.27978515625,1.3835968666383829
2000-12-20,6248.759765625,-3.6226353364206494
2000-12-21,6200.7099609375,-0.7719211233059404
2000-12-22,6251.39990234375,0.8141627718630166
2000-12-27,6328.16015625,1.220411624443573
2000-12-28,6371.64013671875,0.6847375447032099
2000-12-29,6433.60986328125,0.9678875514652724
2001-01-02,6289.81982421875,-2.260336474488733
2001-01-03,6434.9599609375,2.281319344841006
2001-01-04,6376.5400390625,-0.9119982327289012
2001-01-05,6382.31005859375,0.0904473346805333
2001-01-08,6392.169921875,0.1543681661295096
2001-01-09,6404.52001953125,0.1930202505050326
2001-01-10,6320.06982421875,-1.327373790444599
2001-01-11,6465.2099609375,2.270523201931268
2001-01-12,6490.02978515625,0.3831631844874986
2001-01-15,6522.8701171875,0.5047361002896468
2001-01-16,6502.89013671875,-0.3067766602317898
2001-01-17,6653.3798828125,2.2878264107057458
2001-01-18,6635.759765625,-0.2651808616532897
2001-01-19,6651.52978515625,0.2373701103690848
2001-01-22,6675.0,0.3522333193717661
2001-01-23,6722.41015625,0.7077540151569028
2001-01-24,6706.669921875,-0.2344202505535634
2001-01-25,6727.490234375,0.3099610087604608
2001-01-26,6695.2001953125,-0.4811271111405711
2001-01-29,6750.9599609375,0.8293830299279511
2001-01-30,6739.2998046875,-0.1728678225071671
2001-01-31,6795.14013671875,0.8251637913026765
2001-02-01,6704.68017578125,-1.3401854661273156
2001-02-02,6638.2001953125,-0.9964944411006128
2001-02-05,6628.06982421875,-0.1527237580403226
2001-02-06,6693.02978515625,0.9753020060671872
2001-02-07,6578.9599609375,-1.718998210724085
2001-02-08,6636.81005859375,0.8754762994194825
2001-02-09,6497.06982421875,-2.128015620235792
2001-02-12,6564.91015625,1.0387543409992608
2001-02-13,6557.93017578125,-0.1063791214460621
2001-02-14,6479.8701171875,-1.1974564664495315
2001-02-15,6591.669921875,1.7106252302998786
2001-02-16,6439.259765625,-2.339312853854951
2001-02-19,6472.2099609375,0.5104030376519424
2001-02-20,6451.56982421875,-0.3194135865867449
2001-02-21,6347.990234375,-1.6185220509753755
2001-02-22,6277.990234375,-1.1088361397418085
2001-02-23,6075.33984375,-3.2811973867354447
2001-02-26,6189.06982421875,1.854687566080094
2001-02-27,6220.47998046875,0.5062266371002566
2001-02-28,6208.240234375,-0.1969591372074698
2001-03-01,6123.3798828125,-1.3763267166143556
2001-03-02,6159.02001953125,0.5803464637635914
2001-03-05,6216.3798828125,0.9270047755355932
2001-03-06,6284.06005859375,1.0828552823986153
2001-03-07,6305.64013671875,0.3428214957541734
2001-03-08,6267.06005859375,-0.6137138183062464
2001-03-09,6204.419921875,-1.004542581479344
2001-03-12,6046.56005859375,-2.577240370983384
2001-03-13,5962.93017578125,-1.3927524486842855
2001-03-14,5794.1201171875,-2.8718370055189224
2001-03-15,5889.9501953125,1.6403911385054746
2001-03-16,5734.490234375,-2.6748681962578775
2001-03-19,5657.2900390625,-1.3553873988153975
2001-03-20,5782.16015625,2.1832356447163104
2001-03-21,5622.08984375,-2.8073889217910057
2001-03-22,5388.02001953125,-4.252547898328038
2001-03-23,5544.669921875,2.8659117747751086
2001-03-26,5726.97021484375,3.234954070129345
2001-03-27,5938.2099609375,3.6221102013274824
2001-03-28,5817.52001953125,-2.0533677132379933
2001-03-29,5879.2998046875,1.0563616535795886
2001-03-30,5829.9501953125,-0.8429216486524551
2001-04-02,5760.759765625,-1.1939087734261362
2001-04-03,5553.4599609375,-3.66482198633958
2001-04-04,5597.66015625,0.7927531284862909
2001-04-05,5773.33984375,3.090206095079479
2001-04-06,5698.8798828125,-1.2981098393614323
2001-04-09,5781.009765625,1.4308723618897985
2001-04-10,5913.83984375,2.271697283500843
2001-04-11,5951.16015625,0.6290844598119884
2001-04-12,6002.2998046875,0.8556511774047809
2001-04-17,5935.580078125,-1.1177934761310642
2001-04-18,6164.8798828125,3.790389089077089
2001-04-19,6181.91015625,0.2758657786181577
2001-04-20,6127.97021484375,-0.8763738559489422
2001-04-23,6051.47998046875,-1.2560704926646096
2001-04-24,6124.56982421875,1.2005654185908454
2001-04-25,6115.18994140625,-0.1532690972426679
2001-04-26,6123.66015625,0.1384152290205186
2001-04-27,6175.240234375,0.8387803607993343
2001-04-30,6264.509765625,1.4352549476132952
2001-05-02,6213.83984375,-0.8121298402032755
2001-05-03,6089.169921875,-2.026726657851079
2001-05-04,6138.27978515625,0.8032767016325428
2001-05-07,6122.6201171875,-0.255440899255805
2001-05-08,6108.72021484375,-0.2272834857027021
2001-05-09,6063.93994140625,-0.7357549602478846
2001-05-10,6165.18017578125,1.655761761295029
2001-05-11,6141.02001953125,-0.3926506461331187
2001-05-14,6064.68017578125,-1.2509047080229696
2001-05-15,6070.3798828125,0.0939378531768763
2001-05-16,6148.43994140625,1.2777194802694876
2001-05-17,6173.81005859375,0.4117779307462513
2001-05-18,6186.8701171875,0.2113162587810499
2001-05-21,6249.8701171875,1.013135881188718
2001-05-22,6270.58984375,0.3309741901091961
2001-05-23,6215.25,-0.8864474768344468
2001-05-24,6278.89990234375,1.018884093406094
2001-05-25,6223.56982421875,-0.8851121507778947
2001-05-28,6216.830078125,-0.1083525739693889
2001-05-29,6120.330078125,-1.564411369773136
2001-05-30,6041.22021484375,-1.3010015535895372
2001-05-31,6123.259765625,1.3488582295040816
2001-06-01,6125.169921875,0.0311902229791165
2001-06-04,6177.740234375,0.8546048339419141
2001-06-05,6242.1298828125,1.0368904783861506
2001-06-06,6192.43994140625,-0.7992267783992153
2001-06-07,6184.25,-0.1323446356080676
2001-06-08,6187.2099609375,0.0478514420016134
2001-06-11,6162.740234375,-0.3962729921440684
2001-06-12,6059.14990234375,-1.6952011774952351
2001-06-13,6111.93994140625,0.8674715375591631
2001-06-14,6031.27001953125,-1.328662007517188
2001-06-15,5915.18017578125,-1.9435647608507245
2001-06-18,5869.0400390625,-0.7830874111881192
2001-06-19,5922.52978515625,0.9072602510973464
2001-06-20,5876.0400390625,-0.7880613902592956
2001-06-21,5926.3798828125,0.853047923191649
2001-06-22,5941.77001953125,0.2593520552403604
2001-06-25,5902.31982421875,-0.6661607894402155
2001-06-26,5847.7900390625,-0.9281645408218512
2001-06-27,5833.10009765625,-0.2515210566781543
2001-06-28,5971.77001953125,2.3494760941864095
2001-06-29,6058.3798828125,1.439904912240468
2001-07-02,6109.5,0.8402518507092708
2001-07-03,6056.83984375,-0.8656750639163555
2001-07-04,6015.72021484375,-0.6812107410346344
2001-07-05,5999.18994140625,-0.2751628377138875
2001-07-06,5862.10009765625,-2.311653252145113
2001-07-09,5869.85986328125,0.1322842352413845
2001-07-10,5816.31982421875,-0.916303105045162
2001-07-11,5801.7998046875,-0.2499548559459158
2001-07-12,5889.8798828125,1.5067423476262538
2001-07-13,5928.009765625,0.6452931319961784
2001-07-16,5853.759765625,-1.2604385582640127
2001-07-17,5846.66015625,-0.1213565033345549
2001-07-18,5728.3701171875,-2.043954174744546
2001-07-19,5829.68994140625,1.7532772654245028
2001-07-20,5764.06005859375,-1.1321717969532177
2001-07-23,5791.72998046875,0.4788936916141005
2001-07-24,5663.259765625,-2.2431377849178076
2001-07-25,5582.759765625,-1.4316420972060713
2001-07-26,5675.759765625,1.6521198030453548
2001-07-27,5754.85986328125,1.3840257636689628
2001-07-30,5792.18994140625,0.6465756848396281
2001-07-31,5861.18994140625,1.1842196351320702
2001-08-01,5835.22998046875,-0.4438965724219995
2001-08-02,5777.27978515625,-0.9980732423993138
2001-08-03,5735.8798828125,-0.71917843541136
2001-08-06,5746.0400390625,0.1769766549670077
2001-08-07,5752.509765625,0.1125311861952402
2001-08-08,5614.509765625,-2.428196417055134
2001-08-09,5512.27978515625,-1.8375984682820263
2001-08-10,5433.490234375,-1.439659548404445
2001-08-13,5453.77001953125,0.3725420011671768
2001-08-14,5520.7099609375,1.219935189886368
2001-08-15,5455.43994140625,-1.1893202893752797
2001-08-16,5361.919921875,-1.7291159910691116
2001-08-17,5222.1201171875,-2.6418633171312753
2001-08-20,5207.830078125,-0.2740194868910859
2001-08-21,5216.10986328125,0.1588609862314221
2001-08-22,5220.2099609375,0.0785736339294402
2001-08-23,5254.0400390625,0.6459688428704208
2001-08-24,5387.5,2.5084143513693835
2001-08-27,5406.47021484375,0.3514968820107514
2001-08-28,5308.77978515625,-1.8234411042313956
2001-08-29,5305.0,-0.071224114171332
2001-08-30,5162.39990234375,-2.7248203343285073
2001-08-31,5188.169921875,0.4979450062366012
2001-09-03,5094.10009765625,-1.829799231162608
2001-09-04,5208.10009765625,2.213209822824389
2001-09-05,5048.080078125,-3.1207136251589644
2001-09-06,4875.3701171875,-3.481196540777562
2001-09-07,4730.669921875,-3.012919803566622
2001-09-10,4670.1298828125,-1.2879941547141622
2001-09-11,4273.52978515625,-8.874675012629298
2001-09-12,4335.2001953125,1.432765698929499
2001-09-13,4392.39990234375,1.310796218594167
2001-09-14,4115.97998046875,-6.499879838013486
2001-09-17,4234.5498046875,2.8400064827480485
2001-09-18,4194.85009765625,-0.9419413249247076
2001-09-19,4041.800048828125,-3.716745632371668
2001-09-20,3809.669921875,-5.914759867566656
2001-09-21,3787.22998046875,-0.5907674698538148
2001-09-24,4038.68994140625,6.428549144780874
2001-09-25,4009.1201171875,-0.7348572362241154
2001-09-26,4095.320068359375,2.1273079927998135
2001-09-27,4184.5,2.1542347468632697
2001-09-28,4308.14990234375,2.9121332470896557
2001-10-01,4239.97021484375,-1.5952310543498334
2001-10-02,4304.2001953125,1.5035091140346226
2001-10-03,4436.66015625,3.031054076757723
2001-10-04,4548.1298828125,2.4814257380541167
2001-10-05,4487.68994140625,-1.3378054012243954
2001-10-08,4495.14990234375,0.1660936359157932
2001-10-09,4472.419921875,-0.5069384368737484
2001-10-10,4613.18994140625,3.0989947288406077
2001-10-11,4718.4599609375,2.256288792110767
2001-10-12,4625.1298828125,-1.9978013553999816
2001-10-15,4548.47998046875,-1.6711346418023476
2001-10-16,4626.47998046875,1.7003208631364712
2001-10-17,4644.81982421875,0.3956266771151683
2001-10-18,4574.3701171875,-1.5283572379297468
2001-10-19,4513.52978515625,-1.3389505085009812
2001-10-22,4619.31982421875,2.316796519949521
2001-10-23,4704.22021484375,1.821255382058974
2001-10-24,4811.81982421875,2.261533051724971
2001-10-25,4715.60009765625,-2.0199172252841695
2001-10-26,4820.259765625,2.1951637748489428
2001-10-29,4660.35009765625,-3.3737246325530323
2001-10-30,4543.97998046875,-2.528729786553892
2001-10-31,4559.1298828125,0.3328514443622203
2001-11-01,4636.1298828125,1.674815107628962
2001-11-02,4583.31005859375,-1.1458483915778774
2001-11-05,4755.10986328125,3.679834321487472
2001-11-06,4707.64990234375,-1.0030976177356468
2001-11-07,4860.66015625,3.1985438962962403
2001-11-08,4993.56982421875,2.6976786317911547
2001-11-09,4910.06982421875,-1.6862887101171935
2001-11-12,4820.3701171875,-1.8437449611083587
2001-11-13,4946.97021484375,2.5924598462448625
2001-11-14,4953.52978515625,0.1325098989409037
2001-11-15,5006.330078125,1.0602716972494546
2001-11-16,5062.64013671875,1.1184986039631677
2001-11-19,5185.10009765625,2.390103335591359
2001-11-20,5096.18017578125,-1.7297872772766392
2001-11-21,5087.02978515625,-0.1797152984745785
2001-11-22,5124.5400390625,0.7346651546128004
2001-11-23,5150.97021484375,0.5144315642814564
2001-11-26,5114.1201171875,-0.7179723657801358
2001-11-27,5059.56982421875,-1.0723899797375276
2001-11-28,4915.9501953125,-2.87964041970597
2001-11-29,4936.080078125,0.4086449242708461
2001-11-30,4989.91015625,1.0846395087307363
2001-12-03,4988.43994140625,-0.0294680952261709
2001-12-04,5013.990234375,0.5108828173126334
2001-12-05,5262.75,4.842165175568558
2001-12-06,5271.2900390625,0.1621417974833726
2001-12-07,5199.02978515625,-1.3803093391639245
2001-12-10,5124.68017578125,-1.4403910049959083
2001-12-11,5146.4501953125,0.4239076196070724
2001-12-12,5062.56005859375,-1.6434898759463512
2001-12-13,4966.0498046875,-1.9247579616907973
2001-12-14,4909.419921875,-1.1468923528531718
2001-12-17,5067.990234375,3.1788542895359333
2001-12-18,5039.64013671875,-0.5609657448752864
2001-12-19,4984.68994140625,-1.096347492366506
2001-12-20,4934.14013671875,-1.019278320839054
2001-12-21,5019.009765625,1.7054236444800297
2001-12-27,5117.1298828125,1.936105570813592
2001-12-28,5160.10009765625,0.8362265965647727
2002-01-02,5167.8798828125,0.150654564443975
2002-01-03,5270.2900390625,1.9622873193741464
2002-01-04,5318.72998046875,0.914915246420192
2002-01-07,5232.22021484375,-1.6398846116081816
2002-01-08,5236.3701171875,0.0792829297834017
2002-01-09,5288.2099609375,0.9851274370835448
2002-01-10,5228.10986328125,-1.142999699007655
2002-01-11,5209.97021484375,-0.3475671112454589
2002-01-14,5065.83984375,-2.8054201694510255
2002-01-15,5062.0400390625,-0.0750365310362345
2002-01-16,4984.2001953125,-1.5496623546204027
2002-01-17,5133.39990234375,2.949524037916047
2002-01-18,5122.22998046875,-0.2178301366060376
2002-01-21,5069.740234375,-1.03003068233512
2002-01-22,5045.72021484375,-0.4749178704981835
2002-01-23,5163.02978515625,2.298317308188718
2002-01-24,5170.43994140625,0.1434205105598087
2002-01-25,5156.6298828125,-0.2674537320059627
2002-01-28,5159.02001953125,0.0463400131673419
2002-01-29,5084.52001953125,-1.4546009155049209
2002-01-30,5052.2001953125,-0.6376802960670542
2002-01-31,5107.60986328125,1.090772702010578
2002-02-01,5097.06005859375,-0.2067643250936228
2002-02-04,4984.47998046875,-2.2334833298988293
2002-02-05,4936.75,-0.962186116031754
2002-02-06,4804.41015625,-2.7172941311686776
2002-02-07,4862.6201171875,1.204313275935751
2002-02-08,4835.9501953125,-0.5499777439480888
2002-02-11,4940.0,2.1287697236359384
2002-02-12,4884.77978515625,-1.124112652545767
2002-02-13,4935.35009765625,1.0299407469138897
2002-02-14,4973.77001953125,0.7754495645086574
2002-02-15,4862.60009765625,-2.26048134196686
2002-02-18,4871.759765625,0.1881925632656705
2002-02-19,4764.0498046875,-2.235711417873405
2002-02-20,4780.240234375,0.3392697655056649
2002-02-21,4850.72998046875,1.463840158262829
2002-02-22,4745.580078125,-2.191553007546421
2002-02-25,4863.5400390625,2.4552900869824192
2002-02-26,4897.75,0.7009340131107007
2002-02-27,4960.22021484375,1.2674221919244677
2002-02-28,5039.080078125,1.5773403336914842
2002-03-01,5097.41015625,1.1509057007681511
2002-03-04,5245.83984375,2.8702753516077046
2002-03-05,5228.669921875,-0.3278423074262533
2002-03-06,5285.259765625,1.0764840912712232
2002-03-07,5289.43017578125,0.0788753220296807
2002-03-08,5359.5498046875,1.3169457067764505
2002-03-11,5340.669921875,-0.3528881254322494
2002-03-12,5275.81005859375,-1.2218865455782573
2002-03-13,5245.990234375,-0.5668213276740957
2002-03-14,5276.8701171875,0.5869121212859181
2002-03-15,5401.10986328125,2.3271321570605052
2002-03-18,5426.0400390625,0.4605130632608054
2002-03-19,5462.5498046875,0.6706084621413181
2002-03-20,5364.7001953125,-1.8075185003857928
2002-03-21,5348.68017578125,-0.2990658581446243
2002-03-22,5366.1298828125,0.325712212584128
2002-03-25,5317.3798828125,-0.9126277680341424
2002-03-26,5390.58984375,1.3674133108022262
2002-03-27,5348.0,-0.7932152671594115
2002-03-28,5397.2900390625,0.9174323746320762
2002-04-02,5311.080078125,-1.6101763872754808
2002-04-03,5281.83984375,-0.5520726835843736
2002-04-04,5254.9501953125,-0.5103965574292406
2002-04-05,5260.52978515625,0.1061214586066755
2002-04-08,5180.330078125,-1.536296540218656
2002-04-09,5170.25,-0.1947732636358108
2002-04-10,5265.35986328125,1.822845010043055
2002-04-11,5162.9599609375,-1.9639442483153224
2002-04-12,5189.64990234375,0.515618783879033
2002-04-15,5244.2001953125,1.0456502536320027
2002-04-16,5343.8798828125,1.882921772007716
2002-04-17,5318.5498046875,-0.4751285873667364
2002-04-18,5262.8798828125,-1.0522289928565391
2002-04-19,5284.5498046875,0.4109048935545746
2002-04-22,5205.47998046875,-1.5075519013289564
2002-04-23,5192.10009765625,-0.2573654657588507
2002-04-24,5160.14013671875,-0.6174521022029117
2002-04-25,5054.41015625,-2.0702576951994582
2002-04-26,5000.3798828125,-1.0747274340997452
2002-04-29,5008.0400390625,0.1530742675777212
2002-04-30,5041.2001953125,0.6599558938149707
2002-05-02,4964.56005859375,-1.5319502694324536
2002-05-03,4882.77001953125,-1.6611999251190848
2002-05-06,4880.669921875,-0.0430196263047031
2002-05-07,4872.41015625,-0.1693776229360417
2002-05-08,5028.58984375,3.1550882364875936
2002-05-09,4966.47998046875,-1.2428259899627745
2002-05-10,4871.7001953125,-1.9268343503524847
2002-05-13,4975.47998046875,2.107885219473229
2002-05-14,5049.080078125,1.4684219503108018
2002-05-15,5072.39013671875,0.4606069930730118
2002-05-16,5047.4501953125,-0.4928929919759421
2002-05-17,5036.41015625,-0.2189646244315768
2002-05-20,4998.990234375,-0.7457618798928058
2002-05-21,4984.60986328125,-0.2880800692801099
2002-05-22,4919.5,-1.3148238897337845
2002-05-23,4879.5,-0.8164143724304369
2002-05-24,4899.1298828125,0.4014858812681885
2002-05-27,4961.5400390625,1.2658569878660149
2002-05-28,4918.580078125,-0.8696297447191597
2002-05-29,4881.7998046875,-0.7505922537099108
2002-05-30,4761.9599609375,-2.4854624312071105
2002-05-31,4818.2998046875,1.1761788224901946
2002-06-03,4747.9501953125,-1.4708141140903872
2002-06-04,4625.7900390625,-2.606581144515995
2002-06-05,4624.31005859375,-0.0319992317002808
2002-06-06,4657.52001953125,0.7155938510900913
2002-06-07,4610.18017578125,-1.0216181898717216
2002-06-10,4589.259765625,-0.4548199967172033
2002-06-11,4606.08984375,0.3660567054693691
2002-06-12,4510.18994140625,-2.104003877700841
2002-06-13,4470.14013671875,-0.8919509608465815
2002-06-14,4303.85009765625,-3.790976498893856
2002-06-17,4475.10009765625,3.9018726026508097
2002-06-18,4433.85009765625,-0.9260416520270832
2002-06-19,4354.81982421875,-1.7985065864724168
2002-06-20,4245.68017578125,-2.5381200489104696
2002-06-21,4232.39990234375,-0.3132851819518797
2002-06-24,4127.2099609375,-2.5167560543451097
2002-06-25,4202.97021484375,1.8189844924961824
2002-06-26,4099.0498046875,-2.503627745922293
2002-06-27,4259.43017578125,3.838019788404302
2002-06-28,4382.56005859375,2.849765212432521
2002-07-01,4366.81005859375,-0.3600263059289817
2002-07-02,4195.9501953125,-3.991295794541051
2002-07-03,4138.14990234375,-1.3871016437143022
2002-07-04,4258.6201171875,2.8696387192752217
2002-07-05,4483.02978515625,5.135391751854395
2002-07-08,4442.330078125,-0.9120078015214466
2002-07-09,4369.759765625,-1.647099710406264
2002-07-10,4190.22021484375,-4.195474426030037
2002-07-11,4118.5,-1.726427039574165
2002-07-12,4130.7998046875,0.298202613394088
2002-07-15,3912.510009765625,-5.429193126355879
2002-07-16,3977.75,1.6537218536280405
2002-07-17,4092.820068359375,2.8517902917065427
2002-07-18,4100.75,0.1935648087563821
2002-07-19,3891.8798828125,-5.227758254967526
2002-07-22,3691.429931640625,-5.2878402923265515
2002-07-23,3515.830078125,-4.873824786075854
2002-07-24,3632.659912109375,3.2689487620670685
2002-07-25,3520.4599609375,-3.1373486303218066
2002-07-26,3579.0,1.6491779989677338
2002-07-29,3859.780029296875,7.552676284022812
2002-07-30,3878.93994140625,0.4951710704376111
2002-07-31,3700.139892578125,-4.71912775881504
2002-08-01,3606.449951171875,-2.5646732270891985
2002-08-02,3532.489990234375,-2.072089351776195
2002-08-05,3332.64990234375,-5.823524794400722
2002-08-06,3568.639892578125,6.841678672049318
2002-08-07,3465.5400390625,-2.9316064801210544
2002-08-08,3679.260009765625,5.984317173089733
2002-08-09,3760.860107421875,2.193603555810135
2002-08-12,3647.1298828125,-3.070715841992189
2002-08-13,3683.2099609375,0.9844119170549648
2002-08-14,3589.919921875,-2.56547475995839
2002-08-15,3665.739990234375,2.090032588558262
2002-08-16,3684.68994140625,0.5156159117676878
2002-08-19,3837.669921875,4.067900987871046
2002-08-20,3768.510009765625,-1.8185690784040844
2002-08-21,3868.169921875,2.610180632537825
2002-08-22,3906.550048828125,0.9873137262331564
2002-08-23,3828.260009765625,-2.0244249632343783
2002-08-26,3783.840087890625,-1.1671004194839754
2002-08-27,3851.340087890625,1.7681772287044966
2002-08-28,3682.840087890625,-4.473694497384857
2002-08-29,3660.949951171875,-0.5961554302015672
2002-08-30,3712.93994140625,1.410133660697101
2002-09-02,3609.409912109375,-2.827970010922393
2002-09-03,3398.989990234375,-6.006597393961178
2002-09-04,3425.89990234375,0.7885856617787034
2002-09-05,3354.7099609375,-2.099886552100076
2002-09-06,3485.679931640625,3.8297810626841344
2002-09-09,3429.219970703125,-1.6330305992170169
2002-09-10,3494.68994140625,1.8911835318916497
2002-09-11,3584.68994140625,2.5427325713360975
2002-09-12,3421.8701171875,-4.648476304334126
2002-09-13,3361.280029296875,-1.7865356987053729
2002-09-16,3319.050048828125,-1.2643250413729126
2002-09-17,3289.1298828125,-0.9055555625611952
2002-09-18,3124.919921875,-5.121439862873798
2002-09-19,3007.469970703125,-3.830947384680647
2002-09-20,3065.72998046875,1.9186523565508504
2002-09-23,2914.25,-5.0673210760936405
2002-09-24,2873.2099609375,-1.4182638760845534
2002-09-25,2962.5,3.06036484042904
2002-09-26,3020.60009765625,1.9422013018937467
2002-09-27,2918.89990234375,-3.424871995920343
2002-09-30,2769.030029296875,-5.2709710574468325
2002-10-01,2865.22998046875,3.415153041345113
2002-10-02,2926.739990234375,2.1240552915946864
2002-10-03,2813.300048828125,-3.9530983391407695
2002-10-04,2714.6201171875,-3.570616529292814
2002-10-07,2667.389892578125,-1.7551597633761622
2002-10-08,2622.090087890625,-1.7128682743302717
2002-10-09,2597.8798828125,-0.9276060518208544
2002-10-10,2733.18994140625,5.077372106856683
2002-10-11,2930.739990234375,6.978554377109175
2002-10-14,2850.110107421875,-2.7897319818570927
2002-10-15,3048.27001953125,6.721659526828202
2002-10-16,3008.929931640625,-1.2989711869903988
2002-10-17,3172.4599609375,5.29227887451154
2002-10-18,3163.669921875,-0.2774578445862517
2002-10-21,3282.669921875,3.6924370433885314
2002-10-22,3155.969970703125,-3.936120389688397
2002-10-23,3015.419921875,-4.55567899006151
2002-10-24,3090.010009765625,2.4435232259349076
2002-10-25,3102.010009765625,0.3875961313180916
2002-10-28,3198.9599609375,3.0775453146796172
2002-10-29,3022.010009765625,-5.690356862731951
2002-10-30,3113.590087890625,2.985425337270006
2002-10-31,3152.85009765625,1.2530407149805125
2002-11-01,3165.159912109375,0.3896742806906736
2002-11-04,3327.93994140625,5.014989687084611
2002-11-05,3351.320068359375,0.7000842132417957
2002-11-06,3298.840087890625,-1.5783400308217628
2002-11-07,3155.659912109375,-4.437328014487184
2002-11-08,3079.10009765625,-2.4560259814901
2002-11-11,3042.06005859375,-1.210244143842801
2002-11-12,3115.8798828125,2.3976641976078135
2002-11-13,3066.419921875,-1.6000846854119182
2002-11-14,3188.389892578125,3.9005321614167414
2002-11-15,3191.760009765625,0.1056438344716652
2002-11-18,3218.360107421875,0.8299454567601366
2002-11-19,3206.929931640625,-0.3557874514344724
2002-11-20,3212.989990234375,0.188789282963144
2002-11-21,3304.6298828125,2.8122515253085107
2002-11-22,3320.8798828125,0.4905292772524741
2002-11-25,3299.239990234375,-0.6537636800660478
2002-11-26,3191.6298828125,-3.316041459353013
2002-11-27,3346.139892578125,4.727568922545932
2002-11-28,3360.760009765625,0.4359731189589664
2002-11-29,3320.320068359375,-1.210595736590662
2002-12-02,3380.199951171875,1.787368048268793
2002-12-03,3280.489990234375,-2.994206639119091
2002-12-04,3320.75,1.219786252501203
2002-12-05,3224.739990234375,-2.9338337216102857
2002-12-06,3207.530029296875,-0.5351144137955891
2002-12-09,3065.570068359375,-4.5267634643347305
2002-12-10,3167.989990234375,3.286376926587801
2002-12-11,3196.050048828125,0.8818373316047848
2002-12-12,3111.8798828125,-2.668868011173746
2002-12-13,3077.06005859375,-1.1252392798832764
2002-12-16,3205.2900390625,4.0827967381041965
2002-12-17,3139.969970703125,-2.058934568137777
2002-12-18,3022.68994140625,-3.806609238832742
2002-12-19,2961.409912109375,-2.048166742637137
2002-12-20,3024.219970703125,2.098772071698295
2002-12-23,3000.840087890625,-0.7760918542274172
2002-12-27,2840.0,-5.508822659098456
2002-12-30,2892.6298828125,1.836203021042031
2003-01-02,3105.0400390625,7.086052794694725
2003-01-03,3092.93994140625,-0.3904534402155006
2003-01-06,3157.25,2.0579319615815126
2003-01-07,3112.77001953125,-1.418838425311093
2003-01-08,2993.0,-3.923678242046962
2003-01-09,3037.679931640625,1.4817814795793016
2003-01-10,3037.330078125,-0.0115177922488833
2003-01-13,3060.64990234375,0.7648414056474027
2003-01-14,3098.719970703125,1.2361833742435926
2003-01-15,3049.39990234375,-1.6044295611849562
2003-01-16,3054.110107421875,0.1543441726366441
2003-01-17,2918.820068359375,-4.530881122021916
2003-01-20,2893.550048828125,-0.869530956920791
2003-01-21,2870.570068359375,-0.7973498730306271
2003-01-22,2803.25,-2.373118177870677
2003-01-23,2811.219970703125,0.2839084044670552
2003-01-24,2717.820068359375,-3.37884288808359
2003-01-27,2643.800048828125,-2.761281889060771
2003-01-28,2671.360107421875,1.0370451606937912
2003-01-29,2706.570068359375,1.3094429599802908
2003-01-30,2693.780029296875,-0.4736753264214424
2003-01-31,2747.830078125,1.98661151302003
2003-02-03,2751.989990234375,0.1512745090189973
2003-02-04,2632.97998046875,-4.420800562581387
2003-02-05,2725.8798828125,3.467499160260068
2003-02-06,2649.0,-2.860905848185087
2003-02-07,2569.340087890625,-3.0533119495019525
2003-02-10,2586.090087890625,0.6498025719283016
2003-02-11,2627.0,1.569539418920668
2003-02-12,2571.25,-2.145034871837297
2003-02-13,2555.27001953125,-0.623426112229895
2003-02-14,2674.4599609375,4.558957534228701
2003-02-17,2708.969970703125,1.282100182473458
2003-02-18,2740.139892578125,1.1440496752376157
2003-02-19,2624.64990234375,-4.306145816889679
2003-02-20,2591.260009765625,-1.2803268942806985
2003-02-21,2648.8701171875,2.198893053315861
2003-02-24,2571.35009765625,-2.970208740652793
2003-02-25,2485.5,-3.3957244244465343
2003-02-26,2450.199951171875,-1.4304212602877415
2003-02-27,2513.219970703125,2.5395153890025974
2003-02-28,2547.050048828125,1.3371058073717386
2003-03-03,2549.64990234375,0.1020210632775371
2003-03-04,2501.030029296875,-1.925339780684825
2003-03-05,2498.02001953125,-0.1204232844231871
2003-03-06,2437.510009765625,-2.4521395443205267
2003-03-07,2431.659912109375,-0.2402914897194271
2003-03-10,2329.0400390625,-4.311793327498776
2003-03-11,2305.300048828125,-1.024534127553949
2003-03-12,2202.9599609375,-4.540894813924108
2003-03-13,2354.31005859375,6.644582292966955
2003-03-14,2403.18994140625,2.0549281284203835
2003-03-17,2487.1201171875,3.4328464600827333
2003-03-18,2584.610107421875,3.844920605455497
2003-03-19,2615.219970703125,1.1773545060584525
2003-03-20,2604.85009765625,-0.3973083331110276
2003-03-21,2715.06005859375,4.143894470652463
2003-03-24,2548.3701171875,-6.336008908635087
2003-03-25,2636.10009765625,3.384660414961292
2003-03-26,2579.330078125,-2.177088365884825
2003-03-27,2584.050048828125,0.1828248899666538
2003-03-28,2520.840087890625,-2.4765740295256187
2003-03-31,2423.8701171875,-3.922672942591966
2003-04-01,2450.18994140625,1.0800063903014432
2003-04-02,2589.35009765625,5.524136802185609
2003-04-03,2569.81005859375,-0.7574927664118222
2003-04-04,2654.070068359375,3.2262347587324167
2003-04-07,2808.93994140625,5.671283051846408
2003-04-08,2767.7900390625,-1.475798518108762
2003-04-09,2734.10009765625,-1.2246832143092354
2003-04-10,2697.10009765625,-1.3625191882343946
2003-04-11,2733.949951171875,1.3570274139063545
2003-04-14,2776.780029296875,1.554456150265083
2003-04-15,2834.1201171875,2.0439531144112406
2003-04-16,2824.679931640625,-0.3336465053637367
2003-04-17,2899.780029296875,2.623982250357918
2003-04-22,2960.9599609375,2.087864473708881
2003-04-23,2974.39990234375,0.4528778266773759
2003-04-24,2891.6201171875,-2.8225365920141616
2003-04-25,2838.22998046875,-1.8636327672072948
2003-04-28,2953.919921875,3.99524638111672
2003-04-29,2908.9599609375,-1.533745981125589
2003-04-30,2942.0400390625,1.1307615996749063
2003-05-02,2986.0,1.4831467559762646
2003-05-05,3013.0400390625,0.9014849712369476
2003-05-06,3066.949951171875,1.7734017673307
2003-05-07,3005.639892578125,-2.019307856289402
2003-05-08,2886.080078125,-4.059128087498598
2003-05-09,2956.590087890625,2.4137399877951435
2003-05-12,2937.260009765625,-0.6559429613189715
2003-05-13,2909.949951171875,-0.9341295204067294
2003-05-14,2926.030029296875,0.5510683337371887
2003-05-15,2989.3798828125,2.1419403377315263
2003-05-16,2989.080078125,-0.010029495546014
2003-05-19,2850.679931640625,-4.7408135552569615
2003-05-20,2838.929931640625,-0.4130341793780341
2003-05-21,2827.25,-0.4122688769067198
2003-05-22,2865.2099609375,1.3337124507143037
2003-05-23,2822.830078125,-1.4901676766751442
2003-05-26,2828.280029296875,0.1928807883016834
2003-05-27,2873.60009765625,1.5896869716974948
2003-05-28,2919.5400390625,1.58604498937857
2003-05-29,2906.7099609375,-0.4404239043669365
2003-05-30,2982.679931640625,2.580035834389307
2003-06-02,3064.56005859375,2.708181961849798
2003-06-03,3026.820068359375,-1.23914358828089
2003-06-04,3080.02001953125,1.7423510772786397
2003-06-05,3039.760009765625,-1.315752866633557
2003-06-06,3127.4599609375,2.844259287295418
2003-06-09,3094.760009765625,-1.0510799159910011
2003-06-10,3140.340087890625,1.462074044179334
2003-06-11,3178.14990234375,1.1968133469143207
2003-06-12,3219.469970703125,1.2917504865852865
2003-06-13,3168.7099609375,-1.5892187959717137
2003-06-16,3264.5,2.978205896860272
2003-06-17,3286.47998046875,0.6710465614224362
2003-06-18,3304.14990234375,0.536214732953291
2003-06-19,3247.110107421875,-1.7413821533808902
2003-06-20,3238.97998046875,-0.2506943659724751
2003-06-23,3186.389892578125,-1.6369878565059015
2003-06-24,3217.340087890625,0.9666377690012184
2003-06-25,3198.820068359375,-0.5772945348861868
2003-06-26,3241.219970703125,1.3167779929803347
2003-06-27,3224.659912109375,-0.5122302023052315
2003-06-30,3220.580078125,-0.1265999260065063
2003-07-01,3146.550048828125,-2.3254861768792727
2003-07-02,3241.0400390625,2.9587647956742646
2003-07-03,3241.919921875,0.0271444779299669
2003-07-04,3239.610107421875,-0.0712737437137732
2003-07-07,3332.8701171875,2.83808444780138
2003-07-08,3344.4599609375,0.3471404065144344
2003-07-09,3322.429931640625,-0.6608811555151398
2003-07-10,3269.840087890625,-1.5955341408030048
2003-07-11,3326.510009765625,1.7182628365976678
2003-07-14,3396.070068359375,2.0695191557291466
2003-07-15,3384.68994140625,-0.3356596494044242
2003-07-16,3387.639892578125,0.0871177698299349
2003-07-17,3330.679931640625,-1.6957015229597283
2003-07-18,3366.7099609375,1.075952795525881
2003-07-21,3287.0,-2.396070009874264
2003-07-22,3318.14990234375,0.943207458998856
2003-07-23,3304.47998046875,-0.4128251625404766
2003-07-24,3374.820068359375,2.1062892177930705
2003-07-25,3356.889892578125,-0.5327091715778514
2003-07-28,3417.77001953125,1.7973379221729358
2003-07-29,3428.1201171875,0.3023742810789381
2003-07-30,3429.030029296875,0.0265390751340656
2003-07-31,3487.860107421875,1.7010967532632704
2003-08-01,3438.889892578125,-1.41396847665689
2003-08-04,3405.31005859375,-0.9812718410372476
2003-08-05,3438.360107421875,0.9658649514433604
2003-08-06,3375.659912109375,-1.8403810037824304
2003-08-07,3331.889892578125,-1.3051156411134917
2003-08-08,3332.239990234375,0.010506927767866
2003-08-11,3339.580078125,0.2200326380747446
2003-08-12,3381.7099609375,1.2536413198373575
2003-08-13,3398.889892578125,0.5067388955125723
2003-08-14,3452.699951171875,1.5707643392637212
2003-08-15,3443.929931640625,-0.254327821196817
2003-08-18,3507.22998046875,1.821330525174645
2003-08-19,3504.530029296875,-0.0770120854551947
2003-08-20,3501.22998046875,-0.0942095951789176
2003-08-21,3565.469970703125,1.8181544514961208
2003-08-22,3549.050048828125,-0.4615898467976288
2003-08-25,3500.090087890625,-1.3891268237390992
2003-08-26,3455.47998046875,-1.2827336555531663
2003-08-27,3483.080078125,0.7955611249182214
2003-08-28,3492.669921875,0.2749482074707983
2003-08-29,3484.580078125,-0.2318921459082394
2003-09-01,3571.219970703125,2.4559723033223735
2003-09-02,3567.199951171875,-0.1126305260888858
2003-09-03,3647.510009765625,2.226378504917574
2003-09-04,3668.669921875,0.5784431576948815
2003-09-05,3607.7099609375,-1.67559660668335
2003-09-08,3641.530029296875,0.9330719848080516
2003-09-09,3594.39990234375,-1.302687944560612
2003-09-10,3536.8701171875,-1.6134863235381227
2003-09-11,3566.85009765625,0.8440692357295592
2003-09-12,3508.06005859375,-1.6619685897623908
2003-09-15,3516.31005859375,0.2348966143794794
2003-09-16,3564.75,1.3681764207192433
2003-09-17,3561.030029296875,-0.1044088093027133
2003-09-18,3612.02001953125,1.421734095819816
2003-09-19,3578.699951171875,-0.9267585715485436
2003-09-22,3456.27001953125,-3.4809613788604885
2003-09-23,3411.02001953125,-1.3178606012754464
2003-09-24,3307.340087890625,-3.0867105022650847
2003-09-25,3326.27001953125,0.5707294434887139
2003-09-26,3324.85009765625,-0.042697226077825
2003-09-29,3323.3798828125,-0.0442287607990711
2003-09-30,3256.780029296875,-2.0243315885750315
2003-10-01,3329.830078125,2.2182288914175925
2003-10-02,3276.639892578125,-1.6102800778601367
2003-10-03,3419.0,4.252963633545498
2003-10-06,3404.909912109375,-0.4129628935981492
2003-10-07,3355.780029296875,-1.4534240765950348
2003-10-08,3395.330078125,1.1716740108491397
2003-10-09,3481.89990234375,2.5177112696104658
2003-10-10,3471.25,-0.3063334120956225
2003-10-13,3538.389892578125,1.9157031434037295
2003-10-14,3538.1298828125,-0.0073485208547329
2003-10-15,3570.580078125,0.9129763597371856
2003-10-16,3577.719970703125,0.1997648364988891
2003-10-17,3516.669921875,-1.721122092152661
2003-10-20,3559.330078125,1.2057849948641997
2003-10-21,3580.080078125,0.5812821499947305
2003-10-22,3490.60009765625,-2.5311499168262888
2003-10-23,3497.139892578125,0.1871791692426712
2003-10-24,3452.639892578125,-1.2806336185898228
2003-10-27,3517.10009765625,1.8497689485558495
2003-10-28,3586.929931640625,1.9659850209240597
2003-10-29,3615.419921875,0.7911345438988308
2003-10-30,3639.659912109375,0.66822367187048
2003-10-31,3655.989990234375,0.4476669142730099
2003-11-03,3744.5,2.3921181020011404
2003-11-04,3741.7099609375,-0.0745380962125133
2003-11-05,3717.699951171875,-0.6437531377590514
2003-11-06,3733.929931640625,0.4356095616236387
2003-11-07,3782.56005859375,1.2939764586045963
2003-11-10,3746.239990234375,-0.96483768674615
2003-11-11,3729.8701171875,-0.43792557822922
2003-11-12,3748.340087890625,0.4939686837621455
2003-11-13,3765.590087890625,0.4591480064725055
2003-11-14,3797.39990234375,0.8412017488124028
2003-11-17,3674.5400390625,-3.288863091764025
2003-11-18,3666.280029296875,-0.2250433377944045
2003-11-19,3652.2900390625,-0.3823153196345197
2003-11-20,3638.0400390625,-0.3909292993689578
2003-11-21,3642.25,0.1156536727018847
2003-11-24,3737.090087890625,2.5705634669272106
2003-11-25,3733.159912109375,-0.1052220780794216
2003-11-26,3712.97998046875,-0.5420253000208163
2003-11-27,3744.989990234375,0.8584160690760114
2003-11-28,3745.949951171875,0.0256299196165909
2003-12-01,3821.199951171875,1.9889253308334676
2003-12-02,3809.260009765625,-0.3129549519277823
2003-12-03,3875.659912109375,1.7281001088901446
2003-12-04,3874.780029296875,-0.0227053644162615
2003-12-05,3841.72998046875,-0.85661136660036
2003-12-08,3806.5400390625,-0.9202130583098396
2003-12-09,3846.179931640625,1.0359779858315166
2003-12-10,3820.919921875,-0.6589219298742695
2003-12-11,3858.85009765625,0.9878026062052864
2003-12-12,3860.1298828125,0.0331594374182869
2003-12-15,3875.469970703125,0.3966106905581842
2003-12-16,3865.97998046875,-0.245173579831489
2003-12-17,3847.570068359375,-0.4773404450413272
2003-12-18,3870.8798828125,0.604004313469675
2003-12-19,3898.419921875,0.7089481704483668
2003-12-22,3876.93994140625,-0.5525155231476795
2003-12-23,3903.340087890625,0.6786451826538626
2003-12-29,3952.719970703125,1.2571322715954305
2003-12-30,3965.159912109375,0.3142243081744902
2004-01-02,4018.5,1.3362513474175353
2004-01-05,4035.89990234375,0.4320602309938068
2004-01-06,4035.43994140625,-0.0113973874697951
2004-01-07,4004.39990234375,-0.7721594929921521
2004-01-08,4045.429931640625,1.019409986580645
2004-01-09,4016.179931640625,-0.7256646960613812
2004-01-12,3995.909912109375,-0.5059869066144983
2004-01-13,3996.219970703125,0.0077590979739369
2004-01-14,4055.2099609375,1.4653557515169653
2004-01-15,4068.75,0.3333362464831232
2004-01-16,4111.64013671875,1.048618195901757
2004-01-19,4139.919921875,0.6854436174123304
2004-01-20,4106.41015625,-0.8127239573558462
2004-01-21,4138.0400390625,0.767304968771995
2004-01-22,4139.85986328125,0.0439682593299373
2004-01-23,4151.830078125,0.2887281903699349
2004-01-26,4128.68017578125,-0.559143384823794
2004-01-27,4134.419921875,0.1389247848643506
2004-01-28,4150.240234375,0.3819186648928725
2004-01-29,4095.7099609375,-1.3226145456333114
2004-01-30,4058.60009765625,-0.9101964289752856
2004-02-02,4071.60009765625,0.3197955958491353
2004-02-03,4057.510009765625,-0.3466579198627874
2004-02-04,4028.3701171875,-0.7207630652892443
2004-02-05,4014.7900390625,-0.3376804829305826
2004-02-06,4044.989990234375,0.7494024005303996
2004-02-09,4098.97021484375,1.3256699145979305
2004-02-10,4110.7998046875,0.2881834205498371
2004-02-11,4122.16015625,0.2759726471772533
2004-02-12,4121.64990234375,-0.0123790796555167
2004-02-13,4057.050048828125,-1.579742437059442
2004-02-16,4070.4599609375,0.3299885023065546
2004-02-17,4095.860107421875,0.6220728108080896
2004-02-18,4095.340087890625,-0.0126970289957322
2004-02-19,4141.52978515625,1.1215469504203746
2004-02-20,4073.35009765625,-1.6599452212326262
2004-02-23,4068.7099609375,-0.1139794397905008
2004-02-24,3991.419921875,-1.9178948557401216
2004-02-25,3995.340087890625,0.098166623903641
2004-02-26,4007.81005859375,0.311626811101548
2004-02-27,4018.159912109375,0.2579092443761734
2004-03-01,4054.429931640625,0.8986029092543873
2004-03-02,4100.33984375,1.1259765369215138
2004-03-03,4071.699951171875,-0.7009268322932852
2004-03-04,4133.77978515625,1.513159997598848
2004-03-05,4126.14013671875,-0.184981227135555
2004-03-08,4145.990234375,0.4799280201472024
2004-03-09,4087.550048828125,-1.419587806783545
2004-03-10,4044.699951171875,-1.0538410458696554
2004-03-11,3904.949951171875,-3.5162403443131014
2004-03-12,3915.3798828125,0.2667390774071131
2004-03-15,3810.760009765625,-2.7083710507908885
2004-03-16,3822.3701171875,0.3042032870413352
2004-03-17,3896.7900390625,1.9282467578229612
2004-03-18,3827.429931640625,-1.7959605501128746
2004-03-19,3819.14990234375,-0.2165682622265018
2004-03-22,3729.22998046875,-2.3826086408082094
2004-03-23,3728.820068359375,-0.0109924740945398
2004-03-24,3726.070068359375,-0.0737770798577334
2004-03-25,3811.919921875,2.277890146594084
2004-03-26,3822.330078125,0.2727226041157716
2004-03-29,3881.25,1.52970619405433
2004-03-30,3874.0400390625,-0.1859366439784997
2004-03-31,3856.699951171875,-0.4486017377988515
2004-04-01,3924.85009765625,1.751627594323636
2004-04-02,4007.60009765625,2.0864423945619706
2004-04-05,4048.60009765625,1.0178583695597754
2004-04-06,4022.81005859375,-0.6390488485090398
2004-04-07,4001.159912109375,-0.539638086950933
2004-04-08,4013.530029296875,0.3086863521996634
2004-04-13,4071.419921875,1.4320653131551648
2004-04-14,4012.77001953125,-1.451003298609798
2004-04-15,4004.610107421875,-0.2035556453032729
2004-04-16,4033.97998046875,0.7307252493692377
2004-04-19,4025.070068359375,-0.221115781279445
2004-04-20,4061.1298828125,0.8918912148609064
2004-04-21,4026.14990234375,-0.865067106346207
2004-04-22,4059.14990234375,0.8163007938452838
2004-04-23,4103.6201171875,1.0895971515372294
2004-04-26,4125.830078125,0.5397691056976418
2004-04-27,4134.10009765625,0.2002443632976827
2004-04-28,4065.739990234375,-1.6673908385313143
2004-04-29,4008.909912109375,-1.4076403854755402
2004-04-30,3985.2099609375,-0.5929363328004094
2004-05-03,4007.64990234375,0.5615011584821454
2004-05-04,3990.75,-0.4225827090270572
2004-05-05,4022.10009765625,0.782499541095245
2004-05-06,3909.4599609375,-2.840493152250587
2004-05-07,3895.639892578125,-0.3541295578943866
2004-05-10,3784.610107421875,-2.8915079816599345
2004-05-11,3849.840087890625,1.7088740168885983
2004-05-12,3776.239990234375,-1.93028088248318
2004-05-13,3824.929931640625,1.2811345585977143
2004-05-14,3803.10009765625,-0.5723599276667561
2004-05-17,3754.3701171875,-1.2896023253281816
2004-05-18,3789.239990234375,0.9244942648845595
2004-05-19,3872.260009765625,2.167284973794629
2004-05-20,3839.320068359375,-0.8543033051957771
2004-05-21,3831.840087890625,-0.1950156869885164
2004-05-24,3867.840087890625,0.9351105892007884
2004-05-25,3828.070068359375,-1.033545682008914
2004-05-26,3867.52001953125,1.025270220876842
2004-05-27,3913.330078125,1.1775214105464615
2004-05-28,3902.719970703125,-0.2714955475677558
2004-05-31,3921.409912109375,0.4777522161711618
2004-06-01,3864.179931640625,-1.4701779166887765
2004-06-02,3888.31005859375,0.6225149573536726
2004-06-03,3917.080078125,0.7371867214334252
2004-06-04,3961.929931640625,1.1384764808143923
2004-06-07,4017.81005859375,1.4005729628907149
2004-06-08,4018.949951171875,0.0283669683898464
2004-06-09,3997.760009765625,-0.5286455630402609
2004-06-10,4021.639892578125,0.5955546221733969
2004-06-11,4014.56005859375,-0.1761985978213563
2004-06-14,3948.64990234375,-1.6554043335456774
2004-06-15,3987.300048828125,0.9740598747006554
2004-06-16,4003.239990234375,0.3989708448328147
2004-06-17,3985.4599609375,-0.445130215516064
2004-06-18,3999.7900390625,0.3589140855516025
2004-06-21,3989.31005859375,-0.2623571203739412
2004-06-22,3928.389892578125,-1.538865291651139
2004-06-23,3945.10009765625,0.4244681885231496
2004-06-24,4007.050048828125,1.5580994652088684
2004-06-25,4013.35009765625,0.1571006435789473
2004-06-28,4069.35009765625,1.385697717785444
2004-06-29,4069.72998046875,0.0093347849911605
2004-06-30,4052.72998046875,-0.4185930101126482
2004-07-01,4035.02001953125,-0.437946010779907
2004-07-02,3998.77001953125,-0.9024444463168708
2004-07-05,3995.72998046875,-0.0760532668467718
2004-07-06,3944.8798828125,-1.2807780169902712
2004-07-07,3930.580078125,-0.3631488312698129
2004-07-08,3934.47998046875,0.0991703212516527
2004-07-09,3924.489990234375,-0.254231678002832
2004-07-12,3893.239990234375,-0.7994690664275541
2004-07-13,3903.8798828125,0.2729187021772024
2004-07-14,3898.840087890625,-0.1291804817204421
2004-07-15,3847.18994140625,-1.3336099083424289
2004-07-16,3845.929931640625,-0.0327567956221822
2004-07-19,3812.6298828125,-0.8696219522258913
2004-07-20,3837.60009765625,0.6527987676743812
2004-07-21,3877.47998046875,1.0338256402614512
2004-07-22,3801.050048828125,-1.9908095855957149
2004-07-23,3797.330078125,-0.0979148433791501
2004-07-26,3752.590087890625,-1.1851917095951123
2004-07-27,3814.080078125,1.6253211125669815
2004-07-28,3807.2099609375,-0.1802875632117596
2004-07-29,3889.679931640625,2.1430247297883347
2004-07-30,3895.610107421875,0.1523431214100603
2004-08-02,3862.7099609375,-0.8481306110140302
2004-08-03,3877.320068359375,0.3775211392921495
2004-08-04,3823.739990234375,-1.391521226629435
2004-08-05,3829.030029296875,0.1382516367692308
2004-08-06,3727.739990234375,-2.680936577732982
2004-08-09,3690.330078125,-1.0086243164002628
2004-08-10,3720.639892578125,0.8179761507990932
2004-08-11,3678.909912109375,-1.1279178862553854
2004-08-12,3658.110107421875,-0.5669838804628818
2004-08-13,3646.989990234375,-0.3044482793689493
2004-08-16,3699.110107421875,1.4190112049693748
2004-08-17,3705.72998046875,0.1787985893520215
2004-08-18,3726.5,0.5589190231044842
2004-08-19,3722.989990234375,-0.0942349081607819
2004-08-20,3712.610107421875,-0.2791944004177348
2004-08-23,3772.139892578125,1.590728893946415
2004-08-24,3771.0,-0.0302232917070395
2004-08-25,3788.8798828125,0.4730211703898691
2004-08-26,3832.280029296875,1.1389503997385595
2004-08-27,3851.179931640625,0.4919643118900456
2004-08-30,3838.85009765625,-0.3206709077343673
2004-08-31,3785.2099609375,-1.4071510822052022
2004-09-01,3817.6201171875,0.8525865300754146
2004-09-02,3833.449951171875,0.4137945785427315
2004-09-03,3866.989990234375,0.8711255829277422
2004-09-06,3887.580078125,0.5310452055328764
2004-09-07,3889.0400390625,0.0375474417588059
2004-09-08,3884.159912109375,-0.1255628988048463
2004-09-09,3851.219970703125,-0.8516747984778528
2004-09-10,3886.030029296875,0.8998104872502376
2004-09-13,3953.31005859375,1.7165139028189231
2004-09-14,3947.75,-0.1407421148633966
2004-09-15,3941.75,-0.1521009229161448
2004-09-16,3963.64990234375,0.5540506144258064
2004-09-17,3988.070068359375,0.6142128464774059
2004-09-20,3977.679931640625,-0.2608704167495815
2004-09-21,3991.02001953125,0.334812464621854
2004-09-22,3942.35009765625,-1.2269825245420245
2004-09-23,3905.659912109375,-0.935025638630293
2004-09-24,3910.300048828125,0.1187349292237639
2004-09-27,3874.3701171875,-0.923101069438762
2004-09-28,3882.27001953125,0.2036939947188279
2004-09-29,3920.360107421875,0.9763474584829008
2004-09-30,3892.89990234375,-0.7029157639435144
2004-10-01,3994.9599609375,2.587920079260484
2004-10-04,4033.280029296875,0.9546391095924882
2004-10-05,4048.7099609375,0.3818354243549326
2004-10-06,4049.659912109375,0.0234603059905621
2004-10-07,4043.360107421875,-0.1556849221858147
2004-10-08,4015.5400390625,-0.6904212327869932
2004-10-11,4017.820068359375,0.0567640271968047
2004-10-12,3966.47998046875,-1.2860437401675142
2004-10-13,3976.030029296875,0.2404794811398501
2004-10-14,3940.4599609375,-0.8986383555069493
2004-10-15,3922.110107421875,-0.4667656166312909
2004-10-18,3915.169921875,-0.1771070405812411
2004-10-19,3964.1298828125,1.242765024575656
2004-10-20,3912.39990234375,-1.3135410050928806
2004-10-21,3934.06005859375,0.5521014923290152
2004-10-22,3935.139892578125,0.0274445686436519
2004-10-25,3854.409912109375,-2.072850757320976
2004-10-26,3862.260009765625,0.2034582389475948
2004-10-27,3929.030029296875,1.7140076634865962
2004-10-28,3959.590087890625,0.7747923215241868
2004-10-29,3960.25,0.0166647837223707
2004-11-01,4012.639892578125,1.314219745549458
2004-11-02,4037.570068359375,0.6193690748286408
2004-11-03,4039.0400390625,0.0364006854312649
2004-11-04,4041.3798828125,0.057913916306864
2004-11-05,4063.580078125,0.5478188896547554
2004-11-08,4068.969970703125,0.1325511268894767
2004-11-09,4065.330078125,-0.0894949239447367
2004-11-10,4089.1298828125,0.5837265099184763
2004-11-11,4130.81005859375,1.014132300216169
2004-11-12,4143.35009765625,0.3031135106633386
2004-11-15,4134.33984375,-0.2176998058291405
2004-11-16,4117.22021484375,-0.4149434373188635
2004-11-17,4183.41015625,1.5948510274410896
2004-11-18,4178.68017578125,-0.1131291527691865
2004-11-19,4134.89013671875,-1.0534690247266492
2004-11-22,4123.97998046875,-0.2642047263522059
2004-11-23,4113.3701171875,-0.2576039387109199
2004-11-24,4125.2998046875,0.2896024710527771
2004-11-25,4160.35009765625,0.8460531752694178
2004-11-26,4154.27001953125,-0.1462503186685018
2004-11-29,4146.97998046875,-0.175637185641958
2004-11-30,4126.0,-0.5071939130358525
2004-12-01,4186.02978515625,1.4444324771375652
2004-12-02,4216.39990234375,0.7228920817411485
2004-12-03,4208.8701171875,-0.17874292796644
2004-12-06,4193.91015625,-0.3560720679772773
2004-12-07,4212.6201171875,0.4451299459415961
2004-12-08,4201.35009765625,-0.2678884280154394
2004-12-09,4150.41015625,-1.2198763267381632
2004-12-10,4174.5498046875,0.579935908575102
2004-12-13,4219.240234375,1.064855131523843
2004-12-14,4231.2998046875,0.2854155697363216
2004-12-15,4213.68994140625,-0.4170493827643809
2004-12-16,4233.7099609375,0.4739933528685534
2004-12-17,4182.27001953125,-1.2224501986963427
2004-12-20,4211.5498046875,0.6976538579182183
2004-12-21,4214.39013671875,0.0674187606032413
2004-12-22,4241.27978515625,0.6360167634330148
2004-12-23,4251.6201171875,0.243505451837589
2004-12-27,4235.35986328125,-0.3831816226547306
2004-12-28,4261.7900390625,0.6220970872192241
2004-12-29,4247.75,-0.3299838002555257
2004-12-30,4256.080078125,0.1959136227524872
2005-01-03,4291.52978515625,0.8294695440913025
2005-01-04,4290.5,-0.0239986387130324
2005-01-05,4258.240234375,-0.7547291851454172
2005-01-06,4300.93994140625,0.9977605423104576
2005-01-07,4316.39990234375,0.3588109046285003
2005-01-10,4307.3701171875,-0.2094162630919446
2005-01-11,4258.009765625,-1.152567630641249
2005-01-12,4208.81982421875,-1.161957833914646
2005-01-13,4212.14013671875,0.0788582937685695
2005-01-14,4232.35986328125,0.4788860253271408
2005-01-17,4245.509765625,0.310217388683753
2005-01-18,4250.7099609375,0.1224119933151726
2005-01-19,4245.5498046875,-0.1214689057730718
2005-01-20,4220.43017578125,-0.5934269318131842
2005-01-21,4213.7001953125,-0.1595892309225401
2005-01-24,4201.89013671875,-0.2806711325225928
2005-01-25,4233.9501953125,0.7600953001995374
2005-01-26,4214.1201171875,-0.4694590317396112
2005-01-27,4216.41015625,0.0543272853438356
2005-01-28,4201.81005859375,-0.3468693363314871
2005-01-31,4254.85009765625,1.254413292989802
2005-02-01,4279.97021484375,0.5886518709084976
2005-02-02,4296.31005859375,0.3810477969443924
2005-02-03,4281.64013671875,-0.3420382688858896
2005-02-04,4339.27978515625,1.3372240519301883
2005-02-07,4366.35009765625,0.6219055970318246
2005-02-08,4371.39013671875,0.1153625419449844
2005-02-09,4353.14990234375,-0.4181369073696568
2005-02-10,4342.009765625,-0.2562377975667372
2005-02-11,4387.7998046875,1.0490597449071513
2005-02-14,4386.39990234375,-0.0319095165911557
2005-02-15,4402.02978515625,0.3556926515206016
2005-02-16,4368.77001953125,-0.7584239930808152
2005-02-17,4369.68017578125,0.020831068048637
2005-02-18,4359.47021484375,-0.2339280488145954
2005-02-21,4353.33984375,-0.1407208940434929
2005-02-22,4323.2099609375,-0.6945157833646085
2005-02-23,4310.66015625,-0.2907111956903209
2005-02-24,4304.2900390625,-0.1478852043026739
2005-02-25,4348.64013671875,1.0250975131622149
2005-02-28,4350.490234375,0.0425352329536785
2005-03-01,4383.6201171875,0.7586357481641456
2005-03-02,4393.43017578125,0.2235389419302373
2005-03-03,4373.27001953125,-0.4599265707408113
2005-03-04,4423.52001953125,1.1424746151351726
2005-03-07,4428.08984375,0.1032540903935114
2005-03-08,4396.5,-0.7159534720073963
2005-03-09,4375.60009765625,-0.4765094255053574
2005-03-10,4337.68017578125,-0.8703992086598129
2005-03-11,4360.490234375,0.5244806621710632
2005-03-14,4367.2998046875,0.1560434351370313
2005-03-15,4387.68994140625,0.4657954875189994
2005-03-16,4309.10986328125,-1.8071524798785668
2005-03-17,4315.919921875,0.1579138896574145
2005-03-18,4327.18017578125,0.2605606819239927
2005-03-21,4296.35986328125,-0.7147979504248572
2005-03-22,4320.68994140625,0.5646977406484418
2005-03-23,4317.2001953125,-0.0808008953200405
2005-03-24,4343.60009765625,0.609643063379635
2005-03-29,4351.89013671875,0.1906745071459246
2005-03-30,4347.52001953125,-0.1004692841608972
2005-03-31,4348.77001953125,0.0287478914110289
2005-04-01,4373.52978515625,0.567736323792121
2005-04-04,4341.39013671875,-0.7375809400910904
2005-04-05,4362.60986328125,0.4875865947247181
2005-04-06,4379.18017578125,0.3791061618242239
2005-04-07,4389.52001953125,0.2358353761005479
2005-04-08,4400.68017578125,0.2539228231087906
2005-04-11,4396.08984375,-0.1043640435683089
2005-04-12,4372.1201171875,-0.5467429812794258
2005-04-13,4405.68994140625,0.7648829869924315
2005-04-14,4402.0498046875,-0.0826576858749376
2005-04-15,4312.25,-2.061048748204914
2005-04-18,4202.2001953125,-2.585156551116034
2005-04-19,4204.60986328125,0.0573265725749998
2005-04-20,4178.6201171875,-0.6200433346026827
2005-04-21,4193.7001953125,0.3602369204725654
2005-04-22,4223.0400390625,0.6971811360290888
2005-04-25,4246.9599609375,0.5648166579846936
2005-04-26,4233.759765625,-0.3112991915321039
2005-04-27,4189.02001953125,-1.0623610735552615
2005-04-28,4178.10009765625,-0.2610199906771765
2005-04-29,4184.83984375,0.1611812974885033
2005-05-02,4224.02001953125,0.9318851771822192
2005-05-03,4245.5400390625,0.5081743489305921
2005-05-04,4264.35009765625,0.44207595927723
2005-05-05,4299.509765625,0.8211219258757828
2005-05-06,4311.06005859375,0.2682818938195673
2005-05-09,4292.41015625,-0.4335443975535157
2005-05-10,4251.1298828125,-0.9663580785968318
2005-05-11,4244.16015625,-0.1640845243472742
2005-05-12,4267.0498046875,0.5378719060353158
2005-05-13,4275.7001953125,0.2025201154566765
2005-05-16,4262.18017578125,-0.3167069634256497
2005-05-17,4251.77001953125,-0.244543630137667
2005-05-18,4324.60009765625,1.6984301720794146
2005-05-19,4360.419921875,0.824869194063161
2005-05-20,4360.68017578125,0.0059683733339345
2005-05-23,4406.9501953125,1.0554835714924455
2005-05-24,4396.64013671875,-0.234224059012155
2005-05-25,4389.5400390625,-0.1616197041196767
2005-05-26,4436.60009765625,1.0663892444700322
2005-05-27,4444.7099609375,0.1826276862716458
2005-05-30,4480.43017578125,0.8004446992660098
2005-05-31,4460.6298828125,-0.4429077806672784
2005-06-01,4527.169921875,1.480701756462067
2005-06-02,4532.169921875,0.1103833302188389
2005-06-03,4510.39013671875,-0.4817181668067262
2005-06-06,4497.259765625,-0.2915384264751822
2005-06-07,4566.009765625,1.5171416551378467
2005-06-08,4557.2900390625,-0.1911529688663093
2005-06-09,4562.75,0.1197354741080888
2005-06-10,4586.10009765625,0.5104499058932203
2005-06-13,4599.2099609375,0.2854530135529609
2005-06-14,4591.68994140625,-0.1636405855631115
2005-06-15,4548.419921875,-0.9468232533708468
2005-06-16,4579.8701171875,0.6890736298177401
2005-06-17,4604.56982421875,0.5378611376319948
2005-06-20,4586.85986328125,-0.3853586102680428
2005-06-21,4608.10986328125,0.462210066235542
2005-06-22,4619.60009765625,0.2490377431054074
2005-06-23,4627.47998046875,0.1704296849009566
2005-06-24,4566.47998046875,-1.3269776106324394
2005-06-27,4523.81982421875,-0.9385932333935588
2005-06-28,4557.4599609375,0.7408711412327085
2005-06-29,4583.6298828125,0.5725792836532583
2005-06-30,4586.27978515625,0.0577956057030624
2005-07-01,4617.06982421875,0.6691075585093033
2005-07-04,4623.41015625,0.1372295170739507
2005-07-05,4603.64990234375,-0.428311596313071
2005-07-06,4615.490234375,0.2568642707626486
2005-07-07,4530.18017578125,-1.8656376006182251
2005-07-08,4597.97021484375,1.4853235862456673
2005-07-11,4663.3798828125,1.4125533508281698
2005-07-12,4653.02978515625,-0.2221907855754608
2005-07-13,4679.89013671875,0.5756060471804183
2005-07-14,4699.27001953125,0.4132547066123471
2005-07-15,4712.89990234375,0.2896227427484297
2005-07-18,4719.56982421875,0.1414247419829886
2005-07-19,4770.5400390625,1.0741857720852035
2005-07-20,4784.5,0.2922012008975201
2005-07-21,4829.8701171875,0.9438050214286006
2005-07-22,4836.89990234375,0.1454423014357222
2005-07-25,4842.7001953125,0.1198457292549018
2005-07-26,4843.490234375,0.0163126890801168
2005-07-27,4855.35009765625,0.2445626237050576
2005-07-28,4892.5,0.7622210401869675
2005-07-29,4886.5,-0.1227119491340798
2005-08-01,4890.85009765625,0.0889831682375089
2005-08-02,4932.8701171875,0.8554860049708379
2005-08-03,4923.1201171875,-0.1978492865480384
2005-08-04,4874.06005859375,-1.0015222297082855
2005-08-05,4827.18017578125,-0.9664794725901176
2005-08-08,4837.85986328125,0.2209963291080703
2005-08-09,4909.47998046875,1.4695579974588109
2005-08-10,4990.56982421875,1.6382070568045866
2005-08-11,4953.93017578125,-0.7368860019520007
2005-08-12,4937.330078125,-0.3356521376483327
2005-08-15,4922.33984375,-0.304071962727385
2005-08-16,4883.81005859375,-0.7858330500428637
2005-08-17,4871.4599609375,-0.2531986142775182
2005-08-18,4851.27001953125,-0.4153148440315808
2005-08-19,4929.91015625,1.6080233636870038
2005-08-22,4941.68994140625,0.2386602097139124
2005-08-23,4917.740234375,-0.4858243064836171
2005-08-24,4915.9501953125,-0.0364062524658487
2005-08-25,4856.009765625,-1.2267995713590345
2005-08-26,4783.7998046875,-1.4981895871745956
2005-08-29,4812.240234375,0.5927551957881393
2005-08-30,4791.72021484375,-0.4273247659749291
2005-08-31,4829.68994140625,0.7892798053508586
2005-09-01,4842.93994140625,0.2739690952367643
2005-09-02,4837.81005859375,-0.1059811128818971
2005-09-05,4909.89013671875,1.4789415040741458
2005-09-06,4968.27978515625,1.1822094366022868
2005-09-07,4988.14013671875,0.3989461685918122
2005-09-08,4992.75,0.0923737972445529
2005-09-09,5005.93017578125,0.2636384639498276
2005-09-12,4989.97998046875,-0.3191346981014659
2005-09-13,4901.8798828125,-1.7813116729789518
2005-09-14,4911.169921875,0.189340562267393
2005-09-15,4905.97998046875,-0.1057321512124397
2005-09-16,4986.5,1.627939565375638
2005-09-19,4926.1298828125,-1.2180594718030184
2005-09-20,4962.85986328125,0.7428493772583576
2005-09-21,4875.22021484375,-1.7816884209123989
2005-09-22,4849.009765625,-0.539076363785326
2005-09-23,4882.580078125,0.6899272616506601
2005-09-26,4998.16015625,2.339609128311912
2005-09-27,4965.8798828125,-0.6479377088869185
2005-09-28,5048.740234375,1.654825474958907
2005-09-29,5021.169921875,-0.5475794910172583
2005-09-30,5044.1201171875,0.4560272976988823
2005-10-03,5082.06982421875,0.7495392624754847
2005-10-04,5138.02001953125,1.094917072735604
2005-10-05,5069.419921875,-1.344139782066551
2005-10-06,5017.27001953125,-1.0340432257008152
2005-10-07,5007.77001953125,-0.1895254843201143
2005-10-10,5022.7900390625,0.2994853860583855
2005-10-11,5032.4599609375,0.1923358415952084
2005-10-12,4981.77001953125,-1.0123668905768406
2005-10-13,4950.06982421875,-0.6383571112637948
2005-10-14,4975.56005859375,0.5136256482331341
2005-10-17,4978.830078125,0.0657000500073431
2005-10-18,4947.18017578125,-0.6377186562764602
2005-10-19,4845.97998046875,-2.066826156326122
2005-10-20,4864.25,0.3763050129080085
2005-10-21,4838.39990234375,-0.5328473989909834
2005-10-24,4901.7900390625,1.3016385120582827
2005-10-25,4872.97021484375,-0.589680094057675
2005-10-26,4900.7900390625,0.5692773022314547
2005-10-27,4806.0498046875,-1.9520924298393736
2005-10-28,4825.64013671875,0.406789653012747
2005-10-31,4929.06982421875,2.120689681037474
2005-11-01,4922.5498046875,-0.1323644381084404
2005-11-02,4954.830078125,0.6536224939040337
2005-11-03,5011.0,1.1272621795763955
2005-11-04,4995.240234375,-0.3149990063626781
2005-11-07,5024.2001953125,0.5780770251127744
2005-11-08,5008.830078125,-0.3063905678053821
2005-11-09,5011.3798828125,0.0508932398118601
2005-11-10,5015.5498046875,0.0831744560968353
2005-11-11,5090.75,1.4882120002365664
2005-11-14,5092.43017578125,0.0329990389543032
2005-11-15,5110.60986328125,0.3563586278064529
2005-11-16,5081.4599609375,-0.5720129930081669
2005-11-17,5099.72021484375,0.3587064204852186
2005-11-18,5123.5,0.4652120866770056
2005-11-21,5170.60986328125,0.9152844255690052
2005-11-22,5174.72021484375,0.0794629412062287
2005-11-23,5196.080078125,0.4119237258627993
2005-11-24,5187.97998046875,-0.1560102552076807
2005-11-25,5194.27001953125,0.1211691075072063
2005-11-28,5176.58984375,-0.3409590553232437
2005-11-29,5199.47998046875,0.4412108676884216
2005-11-30,5193.39990234375,-0.1170046972003522
2005-12-01,5266.5498046875,1.3986892276586786
2005-12-02,5307.990234375,0.7837814539314817
2005-12-05,5266.85986328125,-0.7778943081047661
2005-12-06,5300.85009765625,0.6432869886732332
2005-12-07,5266.75,-0.6453729455803142
2005-12-08,5286.75,0.3790216315515048
2005-12-09,5282.1298828125,-0.0874287064101576
2005-12-12,5301.2099609375,0.3605685743501745
2005-12-13,5310.27978515625,0.1709435082989671
2005-12-14,5286.759765625,-0.4438986575369527
2005-12-15,5295.81982421875,0.1712259422266513
2005-12-16,5353.66015625,1.0862671395796355
2005-12-19,5350.18017578125,-0.0650230288085869
2005-12-20,5356.60009765625,0.1199225627208084
2005-12-21,5397.22998046875,0.7556391693837728
2005-12-22,5398.27978515625,0.0194489137354586
2005-12-23,5419.0498046875,0.3840142778831842
2005-12-27,5444.83984375,0.4747855205443292
2005-12-28,5447.14990234375,0.0424175689150856
2005-12-29,5458.580078125,0.2096178795373832
2005-12-30,5408.259765625,-0.9261325812563778
2006-01-02,5449.97998046875,0.7684564188328058
2006-01-03,5460.68017578125,0.1961420957067949
2006-01-04,5523.6201171875,1.1460107348218982
2006-01-05,5516.52978515625,-0.1284463176459995
2006-01-06,5536.31982421875,0.3580987873715016
2006-01-09,5537.10986328125,0.0142690943300396
2006-01-10,5494.7099609375,-0.7686875202178038
2006-01-11,5532.89013671875,0.6924503609245993
2006-01-12,5542.1298828125,0.166857454364586
2006-01-13,5483.08984375,-1.0710100094290438
2006-01-16,5514.64013671875,0.5737616686052393
2006-01-17,5460.16015625,-0.9928276875097796
2006-01-18,5395.60986328125,-1.1892487338358282
2006-01-19,5430.83984375,0.6508154708574135
2006-01-20,5349.02001953125,-1.518041913322465
2006-01-23,5348.72021484375,-0.0056050096751287
2006-01-24,5334.2998046875,-0.2699689579963234
2006-01-25,5427.08984375,1.7245419367517307
2006-01-26,5548.91015625,2.219849033139805
2006-01-27,5647.419921875,1.7597249633623666
2006-01-30,5660.02978515625,0.2230364730386721
2006-01-31,5674.14990234375,0.2491600606608541
2006-02-01,5726.52978515625,0.9188969923754056
2006-02-02,5649.60009765625,-1.352496164920457
2006-02-03,5657.1201171875,0.1330186030463701
2006-02-06,5666.77978515625,0.1706067767299373
2006-02-07,5672.919921875,0.1082945312039272
2006-02-08,5666.41015625,-0.1148174767875049
2006-02-09,5743.68017578125,1.3544362672501598
2006-02-10,5701.47021484375,-0.7376076481546913
2006-02-13,5756.330078125,0.9576058423562424
2006-02-14,5763.39990234375,0.1227428962022975
2006-02-15,5764.3701171875,0.016832654440477
2006-02-16,5789.25,0.4306861575563214
2006-02-17,5795.47998046875,0.1075550501363085
2006-02-20,5793.9501953125,-0.0263996614489555
2006-02-21,5801.0400390625,0.122291515391987
2006-02-22,5862.06005859375,1.046386908954401
2006-02-23,5857.8798828125,-0.0713344262753709
2006-02-24,5870.7900390625,0.2201470678270487
2006-02-27,5915.14990234375,0.7527625793634353
2006-02-28,5796.0400390625,-2.034190737003788
2006-03-01,5866.60986328125,1.210199844849383
2006-03-02,5783.490234375,-1.4269583714017444
2006-03-03,5721.4599609375,-1.078333646967787
2006-03-06,5754.06005859375,0.5681692036507774
2006-03-07,5739.27978515625,-0.2571973296903706
2006-03-08,5673.35986328125,-1.155221876956494
2006-03-09,5732.22021484375,1.032141700803482
2006-03-10,5804.919921875,1.260289264513901
2006-03-13,5855.16015625,0.8617530059647491
2006-03-14,5870.8798828125,0.2681167031173175
2006-03-15,5898.47998046875,0.4690169826009382
2006-03-16,5897.7900390625,-0.0116976197712358
2006-03-17,5882.3798828125,-0.2616289093004169
2006-03-20,5902.7900390625,0.3463705112574693
2006-03-21,5911.85986328125,0.1535352477714476
2006-03-22,5932.31005859375,0.3453212132080667
2006-03-23,5947.10986328125,0.2491672563440946
2006-03-24,5973.14013671875,0.4367410887055125
2006-03-27,5912.259765625,-1.0244653786577775
2006-03-28,5890.6298828125,-0.3665188385337784
2006-03-29,5914.77978515625,0.4091333839331675
2006-03-30,5984.18994140625,1.1666714873792172
2006-03-31,5970.080078125,-0.2360640977761387
2006-04-03,6024.0498046875,0.8999417437998838
2006-04-04,6013.85009765625,-0.1694599482441529
2006-04-05,6029.2001953125,0.2549205657285008
2006-04-06,6031.39013671875,0.0363156590188018
2006-04-07,5952.919921875,-1.3095678584097818
2006-04-10,6003.39990234375,0.8444116778213492
2006-04-11,5908.47021484375,-1.593900811775456
2006-04-12,5901.25,-0.1222758136856822
2006-04-13,5918.56982421875,0.2930643084668112
2006-04-18,5902.580078125,-0.2705279262615985
2006-04-19,5993.759765625,1.5329332249228036
2006-04-20,6063.27978515625,1.153198339822898
2006-04-21,6094.75,0.5176872516901381
2006-04-24,6079.08984375,-0.2572756844016059
2006-04-25,6078.7998046875,-0.0047712073549269
2006-04-26,6107.1201171875,0.4648046871857059
2006-04-27,6067.740234375,-0.6469071350133362
2006-04-28,6009.89013671875,-0.957978316896976
2006-05-02,6051.2900390625,0.6865010609699568
2006-05-03,5968.9599609375,-1.3698777579869708
2006-05-04,6039.31982421875,1.1718692391427974
2006-05-05,6113.2900390625,1.2173702472121832
2006-05-08,6127.97998046875,0.2400069344829531
2006-05-09,6140.72021484375,0.2076868576399971
2006-05-10,6118.3798828125,-0.3644697666826347
2006-05-11,6054.72021484375,-1.0459167802802474
2006-05-12,5916.27978515625,-2.3130331953835825
2006-05-15,5857.02978515625,-1.0065224201775247
2006-05-16,5851.919921875,-0.0872813315198363
2006-05-17,5652.72021484375,-3.4632915922902607
2006-05-18,5666.06982421875,0.2358841451929919
2006-05-19,5672.27978515625,0.1095390735402825
2006-05-22,5546.240234375,-2.2470852490903743
2006-05-23,5678.490234375,2.3565130646092647
2006-05-24,5587.22998046875,-1.6201760464959678
2006-05-25,5706.06005859375,2.104514512303083
2006-05-26,5788.35986328125,1.432020261393442
2006-05-29,5755.02001953125,-0.5776460065247839
2006-05-30,5622.43017578125,-2.330853474015821
2006-05-31,5692.85986328125,1.244874798666566
2006-06-01,5707.58984375,0.2584106600008316
2006-06-02,5687.0400390625,-0.3606931893037297
2006-06-05,5621.18994140625,-1.1646533914418409
2006-06-06,5502.81005859375,-2.128449333187563
2006-06-07,5543.93017578125,0.7444785744547943
2006-06-08,5383.27978515625,-2.940585333095336
2006-06-09,5464.080078125,1.4897963826378475
2006-06-12,5395.5498046875,-1.2621274186019045
2006-06-13,5292.14013671875,-1.935177679810528
2006-06-14,5305.990234375,0.2613688463130714
2006-06-15,5422.22021484375,2.1668950082900764
2006-06-16,5376.009765625,-0.8558945567864786
2006-06-19,5439.22998046875,1.1691083399372553
2006-06-20,5493.60986328125,0.9948070594710696
2006-06-21,5503.41015625,0.1782354773529358
2006-06-22,5533.419921875,0.5438126594258605
2006-06-23,5529.740234375,-0.066521456504679
2006-06-26,5514.6298828125,-0.2736301089188731
2006-06-27,5459.14990234375,-1.011145735577495
2006-06-28,5456.8701171875,-0.0417695311169589
2006-06-29,5581.669921875,2.2612613991967536
2006-06-30,5683.31005859375,1.8045819016568991
2006-07-03,5712.68994140625,0.5156186013377203
2006-07-04,5729.009765625,0.2852694215719687
2006-07-05,5625.6298828125,-1.8209779032079116
2006-07-06,5695.47021484375,1.2338238761567584
2006-07-07,5681.85009765625,-0.2394258633810259
2006-07-10,5706.31982421875,0.4297400616351142
2006-07-11,5616.0400390625,-1.5947505571268603
2006-07-12,5637.81982421875,0.3870638627566985
2006-07-13,5527.2900390625,-1.9799786552283825
2006-07-14,5422.22021484375,-1.9192282926503708
2006-07-17,5416.9599609375,-0.0970600033194723
2006-07-18,5396.85009765625,-0.3719297149517637
2006-07-19,5539.2900390625,2.605087262641874
2006-07-20,5545.81982421875,0.1178118393420331
2006-07-21,5451.009765625,-1.724358953708118
2006-07-24,5578.0498046875,2.3038348327332887
2006-07-25,5565.759765625,-0.2205716809450597
2006-07-26,5583.10009765625,0.3110694048823714
2006-07-27,5659.06982421875,1.3515341522319997
2006-07-28,5705.419921875,0.8157049844386686
2006-07-31,5681.97021484375,-0.4118545144527289
2006-08-01,5596.740234375,-1.5113714148427215
2006-08-02,5680.81982421875,1.491123031743587
2006-08-03,5640.02978515625,-0.7206211015414397
2006-08-04,5723.02978515625,1.4609001326860371
2006-08-07,5626.669921875,-1.6980568847135082
2006-08-08,5651.919921875,0.4477517585880889
2006-08-09,5702.81005859375,0.8963749477554359
2006-08-10,5630.9599609375,-1.2679110319107028
2006-08-11,5628.3701171875,-0.0460035149108189
2006-08-14,5692.0,1.12417796005653
2006-08-15,5776.7998046875,1.4788182117420197
2006-08-16,5812.93994140625,0.6236594548278642
2006-08-17,5833.509765625,0.3532380446381299
2006-08-18,5817.02001953125,-0.2830730860984052
2006-08-21,5794.830078125,-0.3821952269607567
2006-08-22,5818.41015625,0.4060901187587041
2006-08-23,5775.5400390625,-0.7395290103340599
2006-08-24,5814.080078125,0.6650810075805308
2006-08-25,5811.47021484375,-0.044898749036804
2006-08-28,5854.990234375,0.7460741257470506
2006-08-29,5847.02001953125,-0.1362196050637655
2006-08-30,5867.52978515625,0.350159193875144
2006-08-31,5859.56982421875,-0.1357532966392584
2006-09-01,5876.5400390625,0.2891967929568375
2006-09-04,5909.72021484375,0.5630329335864278
2006-09-05,5884.06982421875,-0.4349819860136525
2006-09-06,5813.06005859375,-1.2141549024889486
2006-09-07,5773.72021484375,-0.6790496408424761
2006-09-08,5795.259765625,0.3723677576787992
2006-09-11,5798.4599609375,0.0552056711608028
2006-09-12,5873.85009765625,1.291795449612753
2006-09-13,5906.1201171875,0.5478808462899357
2006-09-14,5907.3701171875,0.0211622472252537
2006-09-15,5937.8701171875,0.5149759194669395
2006-09-18,5926.330078125,-0.1945355356766486
2006-09-19,5873.4599609375,-0.8961256229021879
2006-09-20,5954.3798828125,1.3683172157849084
2006-09-21,5962.02978515625,0.1283927560026634
2006-09-22,5883.31982421875,-1.3289792534609317
2006-09-25,5901.66015625,0.3112495204545706
2006-09-26,5960.6298828125,0.9942466782321944
2006-09-27,5989.7099609375,0.4866829881744965
2006-09-28,5989.16015625,-0.0091795750769042
2006-09-29,6004.330078125,0.2529693970371547
2006-10-02,5999.4599609375,-0.0811429963181009
2006-10-03,5992.22021484375,-0.1207461651283631
2006-10-04,6046.3701171875,0.8996114336655358
2006-10-05,6075.27978515625,0.4769931983677455
2006-10-06,6085.81982421875,0.1733402741557937
2006-10-09,6084.39990234375,-0.0233343672233602
2006-10-10,6117.7099609375,0.5459734703435754
2006-10-11,6119.4501953125,0.0284418012759555
2006-10-12,6160.27978515625,0.6649941060830812
2006-10-13,6173.68017578125,0.2172926771297974
2006-10-16,6186.5400390625,0.2080847703019973
2006-10-17,6115.10009765625,-1.161483245165113
2006-10-18,6182.77978515625,1.1006835556830468
2006-10-19,6177.419921875,-0.0867277834380308
2006-10-20,6202.81982421875,0.4103303086701177
2006-10-23,6242.91015625,0.6442445843974846
2006-10-24,6247.52001953125,0.0738143270597233
2006-10-25,6264.919921875,0.2781218314121014
2006-10-26,6284.18994140625,0.3071139688354392
2006-10-27,6262.5400390625,-0.3451086277455515
2006-10-30,6258.18994140625,-0.0694863292806004
2006-10-31,6268.919921875,0.1713081981385489
2006-11-01,6291.89990234375,0.3658997808875841
2006-11-02,6223.330078125,-1.0957930530767048
2006-11-03,6241.14990234375,0.285929880545386
2006-11-06,6330.64990234375,1.4238456456584936
2006-11-07,6361.9599609375,0.4933598753802866
2006-11-08,6349.259765625,-0.1998266069151721
2006-11-09,6358.68017578125,0.148260251862646
2006-11-10,6357.77001953125,-0.0143146277078141
2006-11-13,6393.72998046875,0.5640129594870444
2006-11-14,6387.3798828125,-0.099366928954875
2006-11-15,6430.89013671875,0.6788813302911584
2006-11-16,6443.02001953125,0.1884413710322582
2006-11-17,6412.35986328125,-0.4770020748345503
2006-11-20,6452.330078125,0.6213961415460515
2006-11-21,6460.39013671875,0.1248390657650963
2006-11-22,6476.1298828125,0.243338298656845
2006-11-23,6475.25,-0.0135874759572306
2006-11-24,6411.9599609375,-0.9822226546327402
2006-11-27,6298.169921875,-1.790588772630204
2006-11-28,6281.68017578125,-0.2621613995405306
2006-11-29,6363.7998046875,1.298816390409221
2006-11-30,6309.18994140625,-0.8618361159045896
2006-12-01,6241.1298828125,-1.0846054402365062
2006-12-04,6295.22998046875,0.8630963706870501
2006-12-05,6372.7998046875,1.22467021370308
2006-12-06,6369.509765625,-0.0516396045388359
2006-12-07,6413.02978515625,0.6809317900448144
2006-12-08,6427.41015625,0.2239857383628214
2006-12-11,6469.419921875,0.6514765869219233
2006-12-12,6476.169921875,0.1042826274149306
2006-12-13,6520.77001953125,0.6863195940801567
2006-12-14,6552.580078125,0.4866407023913481
2006-12-15,6588.830078125,0.5516925735129588
2006-12-18,6597.25,0.1277092656725358
2006-12-19,6553.509765625,-0.6652147320827366
2006-12-20,6586.91015625,0.5083621795141731
2006-12-21,6573.9599609375,-0.1967985304440682
2006-12-22,6503.1298828125,-1.0832803265388955
2006-12-27,6608.85986328125,1.6127570901251769
2006-12-28,6611.81005859375,0.0446300433927029
2006-12-29,6596.919921875,-0.2254591175412918
2007-01-02,6681.1298828125,1.2684255778618072
2007-01-03,6691.31982421875,0.1524020445287231
2007-01-04,6674.39990234375,-0.2531839849930634
2007-01-05,6593.08984375,-1.225719079352494
2007-01-08,6607.58984375,0.2196857461115132
2007-01-09,6614.3701171875,0.1025608011499412
2007-01-10,6566.56005859375,-0.7254460441220031
2007-01-11,6687.2998046875,1.8220063814245704
2007-01-12,6705.169921875,0.2668682947667807
2007-01-15,6731.740234375,0.3954829915880838
2007-01-16,6716.81982421875,-0.2218886812106557
2007-01-17,6701.7001953125,-0.2253547378245081
2007-01-18,6689.6201171875,-0.1804165850690579
2007-01-19,6747.169921875,0.8566057283629598
2007-01-22,6687.31005859375,-0.8911436767017311
2007-01-23,6678.93017578125,-0.1253887969015733
2007-01-24,6748.3701171875,1.0343190210432796
2007-01-25,6719.580078125,-0.4275347398591302
2007-01-26,6690.33984375,-0.436099259158288
2007-01-29,6726.009765625,0.531739362193156
2007-01-30,6788.22998046875,0.9208162005571076
2007-01-31,6789.10986328125,0.0129610486863689
2007-02-01,6851.27978515625,0.9115627042303792
2007-02-02,6885.759765625,0.5020012172304996
2007-02-05,6874.06005859375,-0.1700561489940151
2007-02-06,6875.7001953125,0.023856950175733
2007-02-07,6915.56005859375,0.5780468722441123
2007-02-08,6876.72998046875,-0.5630708259015755
2007-02-09,6911.10986328125,0.4986996433780597
2007-02-12,6859.4501953125,-0.7502949784746861
2007-02-13,6895.33984375,0.5218506394286496
2007-02-14,6961.18017578125,0.9503226993260224
2007-02-15,6958.6201171875,-0.036782979191264
2007-02-16,6957.06982421875,-0.0222812233053673
2007-02-19,6987.080078125,0.4304357088953523
2007-02-20,6982.91015625,-0.059698280798826
2007-02-21,6941.66015625,-0.5924796204330169
2007-02-22,6973.72998046875,0.4609267966120011
2007-02-23,6992.580078125,0.2699368555222449
2007-02-26,7027.58984375,0.4994210282507424
2007-02-27,6819.64990234375,-3.0035671742511303
2007-02-28,6715.43994140625,-1.5398792523083804
2007-03-01,6640.240234375,-1.1261201337842015
2007-03-02,6603.31982421875,-0.5575616471671748
2007-03-05,6534.56982421875,-1.0466007767782637
2007-03-06,6595.0,0.9205267699112816
2007-03-07,6617.75,0.3443646853549998
2007-03-08,6713.22998046875,1.4324770317429287
2007-03-09,6716.52001953125,0.0489962825565408
2007-03-12,6715.490234375,-0.0153332991682047
2007-03-13,6623.990234375,-1.37188903714051
2007-03-14,6447.7001953125,-2.697443444356022
2007-03-15,6585.47021484375,2.114223124855863
2007-03-16,6579.8701171875,-0.0850733494580455
2007-03-19,6671.41015625,1.381624919743608
2007-03-20,6700.2900390625,0.4319559561684665
2007-03-21,6712.06005859375,0.175510219564806
2007-03-22,6856.9599609375,2.135827206566036
2007-03-23,6899.06005859375,0.6120989798171953
2007-03-26,6828.81982421875,-1.0233313219629605
2007-03-27,6858.33984375,0.4313541453408202
2007-03-28,6816.89013671875,-0.606203098945318
2007-03-29,6897.080078125,1.169476877910982
2007-03-30,6917.02978515625,0.2888310734115461
2007-04-02,6937.169921875,0.2907443422510565
2007-04-03,7045.56005859375,1.5503740395442749
2007-04-04,7073.91015625,0.4015750636994761
2007-04-05,7099.91015625,0.3668739773657563
2007-04-10,7166.669921875,0.9358970762609654
2007-04-11,7152.830078125,-0.1933007166367613
2007-04-12,7142.9501953125,-0.1382209882425349
2007-04-13,7212.06982421875,0.9630103334515836
2007-04-16,7338.06005859375,1.7318523533210168
2007-04-17,7348.830078125,0.1466617011700637
2007-04-18,7282.33984375,-0.90889098342431
2007-04-19,7242.72998046875,-0.5454013226465229
2007-04-20,7342.5400390625,1.3686632681163555
2007-04-23,7335.6201171875,-0.0942886889638589
2007-04-24,7270.31982421875,-0.8941667336976233
2007-04-25,7343.080078125,0.9958100874074586
2007-04-26,7387.02001953125,0.5966024866911804
2007-04-27,7378.1201171875,-0.1205529150308529
2007-04-30,7408.8701171875,0.415906737453868
2007-05-02,7455.93017578125,0.6331765633022808
2007-05-03,7476.68994140625,0.2780460339376558
2007-05-04,7516.759765625,0.5344990031997082
2007-05-07,7525.68994140625,0.118733012299026
2007-05-08,7442.2001953125,-1.1155962694257169
2007-05-09,7475.990234375,0.4530053025746451
2007-05-10,7415.330078125,-0.814709381086832
2007-05-11,7479.33984375,0.8595042390205929
2007-05-14,7459.60986328125,-0.264141620758423
2007-05-15,7505.35009765625,0.611299688501431
2007-05-16,7481.25,-0.3216222261708481
2007-05-17,7499.5,0.2436461329130766
2007-05-18,7607.5400390625,1.4303514225706755
2007-05-21,7619.31005859375,0.1545956228627801
2007-05-22,7659.39013671875,0.5246541858965962
2007-05-23,7735.8798828125,0.9936867023086356
2007-05-24,7697.3798828125,-0.4989234996101991
2007-05-25,7739.2001953125,0.5418352329800915
2007-05-29,7781.0400390625,0.5391662045845388
2007-05-30,7764.97021484375,-0.2067389597711178
2007-05-31,7883.0400390625,1.509100045898472
2007-06-01,7987.85009765625,1.3208028205122877
2007-06-04,7976.7900390625,-0.1385569642467539
2007-06-05,7919.830078125,-0.7166328979156837
2007-06-06,7730.0498046875,-2.4254445196919616
2007-06-07,7618.60986328125,-1.4521385201619983
2007-06-08,7590.5,-0.3696455024807983
2007-06-11,7706.10009765625,1.5114770302840412
2007-06-12,7678.259765625,-0.3619307227546969
2007-06-13,7680.759765625,0.0325541616376259
2007-06-14,7849.16015625,2.1688069523586413
2007-06-15,8030.64013671875,2.2857703322252028
2007-06-18,8036.1201171875,0.068215129804004
2007-06-19,8033.52001953125,-0.0323603721902712
2007-06-20,8090.490234375,0.7066536304328767
2007-06-21,7964.7099609375,-1.5668798304523386
2007-06-22,7949.6298828125,-0.1895156542658899
2007-06-25,7930.60986328125,-0.2395433435547167
2007-06-26,7860.52001953125,-0.8877174027548853
2007-06-27,7801.22998046875,-0.7571353430827037
2007-06-28,7921.35986328125,1.528147992933916
2007-06-29,8007.31982421875,1.07932103731037
2007-07-02,7958.240234375,-0.6148202038115268
2007-07-03,8050.68017578125,1.1548682415105014
2007-07-04,8075.259765625,0.3048455962018051
2007-07-05,7987.1298828125,-1.0973556128971664
2007-07-06,8048.31982421875,0.7631870577611036
2007-07-09,8077.39013671875,0.3605465317402946
2007-07-10,7964.759765625,-1.4042035820196643
2007-07-11,7898.5400390625,-0.834884444236616
2007-07-12,8053.43017578125,1.9420172252171397
2007-07-13,8092.77001953125,0.4872963436640578
2007-07-16,8105.68994140625,0.1595204068276636
2007-07-17,8038.2099609375,-0.8359860241422646
2007-07-18,7893.60986328125,-1.8152862639168097
2007-07-19,7991.2099609375,1.2288628634421106
2007-07-20,7874.85009765625,-1.4668033411080026
2007-07-23,7944.2099609375,0.876920720941523
2007-07-24,7806.7900390625,-1.7449483678509397
2007-07-25,7692.5498046875,-1.4741570202562049
2007-07-26,7508.9599609375,-2.4155333680178503
2007-07-27,7451.68017578125,-0.7657435045844183
2007-07-30,7456.31005859375,0.0621127715884285
2007-07-31,7584.14013671875,1.6998581094402738
2007-08-01,7473.93017578125,-1.4638253987638332
2007-08-02,7534.1298828125,0.8022359939690458
2007-08-03,7435.669921875,-1.3154669007508553
2007-08-06,7444.4501953125,0.118013488969015
2007-08-07,7513.66015625,0.92539034955832
2007-08-08,7605.93994140625,1.2206795207503167
2007-08-09,7453.58984375,-2.023373870564653
2007-08-10,7343.259765625,-1.4912920759504196
2007-08-13,7474.330078125,1.7691639807923258
2007-08-14,7425.06982421875,-0.6612405025239468
2007-08-15,7445.89990234375,0.2801443635624107
2007-08-16,7270.06982421875,-2.3897636284310253
2007-08-17,7378.2900390625,1.4776013810222806
2007-08-20,7407.52978515625,0.3955111662062666
2007-08-21,7424.75,0.2321992684913714
2007-08-22,7500.47998046875,1.014800180210715
2007-08-23,7511.9599609375,0.1529395987760168
2007-08-24,7507.27001953125,-0.0624524901048033
2007-08-27,7485.990234375,-0.2838582014112308
2007-08-28,7430.240234375,-0.747511373108601
2007-08-29,7439.18017578125,0.120246011436193
2007-08-30,7519.93994140625,1.0797500068501986
2007-08-31,7638.169921875,1.5599884048048824
2007-09-03,7648.580078125,0.1361984445253269
2007-09-04,7721.77001953125,0.9523594990019688
2007-09-05,7588.02978515625,-1.7471637535643194
2007-09-06,7621.72021484375,0.4430116837949074
2007-09-07,7436.6298828125,-2.4584320718755457
2007-09-10,7375.43994140625,-0.8262219962858192
2007-09-11,7457.89990234375,1.1118306633167372
2007-09-12,7472.990234375,0.2021358007618895
2007-09-13,7535.97021484375,0.8392366723991687
2007-09-14,7497.740234375,-0.5085911825182716
2007-09-17,7479.85009765625,-0.238892169305241
2007-09-18,7575.2099609375,1.266831726153191
2007-09-19,7750.83984375,2.292013580264888
2007-09-20,7735.08984375,-0.2034105248881753
2007-09-21,7794.43017578125,0.7642299410335137
2007-09-24,7787.919921875,-0.0835593378950701
2007-09-25,7769.43994140625,-0.2375723043369214
2007-09-26,7804.14990234375,0.445754880652309
2007-09-27,7853.7900390625,0.6340591829027304
2007-09-28,7861.509765625,0.0982447332137038
2007-10-01,7922.419921875,0.7718034711755788
2007-10-02,7946.7900390625,0.3071373610294391
2007-10-03,7955.2998046875,0.107027019981994
2007-10-04,7944.990234375,-0.1296777823789988
2007-10-05,8002.18017578125,0.7172455690756451
2007-10-08,7974.3701171875,-0.3481363144318565
2007-10-09,7980.43994140625,0.0760877063317439
2007-10-10,7986.56982421875,0.0767818546319227
2007-10-11,8033.68994140625,0.5882582899224797
2007-10-12,8041.259765625,0.0941816293830985
2007-10-15,7969.47021484375,-0.8967740006855263
2007-10-16,7962.64013671875,-0.0857397845320233
2007-10-17,7985.41015625,0.2855525858677229
2007-10-18,7921.39990234375,-0.8048200636618397
2007-10-19,7884.1201171875,-0.4717320814850917
2007-10-22,7794.93994140625,-1.1375827017132316
2007-10-23,7842.7900390625,0.6119845662780116
2007-10-24,7828.9599609375,-0.176496967029128
2007-10-25,7932.43994140625,1.3130999526392642
2007-10-26,7949.169921875,0.2106837631844919
2007-10-29,8009.669921875,0.758204110375329
2007-10-30,7977.93994140625,-0.3969326547290355
2007-10-31,8019.22021484375,0.5160961653327624
2007-11-01,7880.85009765625,-1.7405408617571474
2007-11-02,7849.490234375,-0.3987187074787872
2007-11-05,7807.5498046875,-0.5357402152193093
2007-11-06,7827.18994140625,0.2512372750482857
2007-11-07,7799.6201171875,-0.3528532403005367
2007-11-08,7819.47021484375,0.2541775214980144
2007-11-09,7812.39990234375,-0.0904602319381506
2007-11-12,7806.83984375,-0.0711949994876547
2007-11-13,7777.56005859375,-0.3757580630737245
2007-11-14,7783.10986328125,0.0713311824064369
2007-11-15,7667.02978515625,-1.5026694258204505
2007-11-16,7612.259765625,-0.716921476440359
2007-11-19,7511.97021484375,-1.3262297768330955
2007-11-20,7630.31005859375,1.5630704357829202
2007-11-21,7518.419921875,-1.477248213359441
2007-11-22,7562.10009765625,0.5792943197836213
2007-11-23,7608.9599609375,0.6177552804216339
2007-11-26,7567.35986328125,-0.5482251603713469
2007-11-27,7531.35009765625,-0.4769921932816511
2007-11-28,7723.66015625,2.5214043606567165
2007-11-29,7765.18994140625,0.536255234144774
2007-11-30,7870.52001953125,1.34732188999746
2007-12-03,7837.259765625,-0.4234882850313561
2007-12-04,7808.93994140625,-0.3620029869965054
2007-12-05,7944.77001953125,1.7244629298063772
2007-12-06,7940.580078125,-0.052752271465933
2007-12-07,7994.06982421875,0.6713664540439577
2007-12-10,8033.35986328125,0.4902859476926597
2007-12-11,8009.419921875,-0.298451508989469
2007-12-12,8076.1201171875,0.8293234475286342
2007-12-13,7928.31005859375,-1.8471668120652696
2007-12-14,7948.35986328125,0.2525695305694403
2007-12-17,7825.43994140625,-1.5585643486904257
2007-12-18,7850.740234375,0.3227867331492035
2007-12-19,7837.31982421875,-0.1710907961828001
2007-12-20,7869.18994140625,0.405821043660629
2007-12-21,8002.669921875,1.6820099039337737
2007-12-27,8038.60009765625,0.4479724588453564
2007-12-28,8067.31982421875,0.3566360337334828
2008-01-02,7949.10986328125,-1.4761355646495602
2008-01-03,7908.41015625,-0.5133185561106401
2008-01-04,7808.68994140625,-1.268956134921989
2008-01-07,7817.169921875,0.1085377876856595
2008-01-08,7849.990234375,0.4189701283731161
2008-01-09,7782.7099609375,-0.860768619735484
2008-01-10,7713.08984375,-0.8985736330076091
2008-01-11,7717.9501953125,0.0629944800988763
2008-01-14,7732.02001953125,0.182134048319333
2008-01-15,7566.3798828125,-2.1655416370533636
2008-01-16,7471.56982421875,-1.2609606587070374
2008-01-17,7413.52978515625,-0.7798447404612548
2008-01-18,7314.169921875,-1.3493128288230354
2008-01-21,6790.18994140625,-7.433463699430358
2008-01-22,6769.47021484375,-0.3056085838436748
2008-01-23,6439.2099609375,-5.001697332066442
2008-01-24,6821.06982421875,5.761046955667424
2008-01-25,6816.740234375,-0.0634939183139216
2008-01-28,6818.85009765625,0.0309464166451614
2008-01-29,6892.9599609375,1.0809744973357756
2008-01-30,6875.35009765625,-0.2558029679581798
2008-01-31,6851.75,-0.3438471452894845
2008-02-01,6968.669921875,1.6920283464332058
2008-02-04,7000.490234375,0.4555802522246585
2008-02-05,6765.25,-3.418096423028736
2008-02-06,6847.509765625,1.2085832458322447
2008-02-07,6733.72021484375,-1.6757276574777678
2008-02-08,6767.27978515625,0.4971430180213772
2008-02-11,6743.5400390625,-0.351418653106014
2008-02-12,6967.83984375,3.2720239361963506
2008-02-13,6973.669921875,0.0836362569457409
2008-02-14,6962.27978515625,-0.163464126872616
2008-02-15,6832.43017578125,-1.882655670708956
2008-02-18,6967.5498046875,1.9583209148340677
2008-02-19,7002.2900390625,0.4973615499848424
2008-02-20,6899.68017578125,-1.4762184798524942
2008-02-21,6904.85009765625,0.0749018186682334
2008-02-22,6806.2900390625,-1.437688700721662
2008-02-25,6882.56005859375,1.1143493900060162
2008-02-26,6985.97021484375,1.491319855369845
2008-02-27,6997.85009765625,0.1699090149190601
2008-02-28,6862.52001953125,-1.952824890804432
2008-02-29,6748.1298828125,-1.6809311967647074
2008-03-03,6689.9501953125,-0.8658982634065677
2008-03-04,6545.0400390625,-2.18989126185935
2008-03-05,6683.7099609375,2.096569990719352
2008-03-06,6591.31005859375,-1.3921093066076398
2008-03-07,6513.990234375,-1.1799916010024485
2008-03-10,6448.080078125,-1.016978348680168
2008-03-11,6524.56982421875,1.1792599521396574
2008-03-12,6599.3701171875,1.139918397556833
2008-03-13,6500.56005859375,-1.508587163786469
2008-03-14,6451.89990234375,-0.7513690113612751
2008-03-17,6182.2998046875,-4.268430701200574
2008-03-18,6393.39013671875,3.3574326606923868
2008-03-19,6361.22021484375,-0.50444489021329
2008-03-20,6319.990234375,-0.6502553665791561
2008-03-25,6524.7099609375,3.1878838826029843
2008-03-26,6489.259765625,-0.5448035263746583
2008-03-27,6578.06005859375,1.3591411420160548
2008-03-28,6559.89990234375,-0.2764533895668226
2008-03-31,6534.97021484375,-0.3807554774505913
2008-04-01,6720.330078125,2.796948282135947
2008-04-02,6777.43994140625,0.8462168786877657
2008-04-03,6741.72021484375,-0.5284323770065398
2008-04-04,6763.39013671875,0.3209146746441721
2008-04-07,6821.02978515625,0.8486191487109402
2008-04-08,6771.97998046875,-0.7216947302605609
2008-04-09,6721.35986328125,-0.7503013374888584
2008-04-10,6704.31982421875,-0.2538426151833121
2008-04-11,6603.56982421875,-1.5141683252833804
2008-04-14,6554.490234375,-0.7460038522468433
2008-04-15,6585.0498046875,0.4651551777750662
2008-04-16,6702.83984375,1.7729395350062702
2008-04-17,6681.81005859375,-0.3142376171900984
2008-04-18,6843.080078125,2.3849016398546734
2008-04-21,6786.5498046875,-0.8295250580207555
2008-04-22,6728.2998046875,-0.8620201095233319
2008-04-23,6795.02978515625,0.9868948564495869
2008-04-24,6821.31982421875,0.3861544758385423
2008-04-25,6896.580078125,1.0972672136230857
2008-04-28,6925.330078125,0.4160067767431188
2008-04-29,6885.33984375,-0.5791224664428466
2008-04-30,6948.81982421875,0.9177344708274292
2008-05-02,7043.22998046875,1.349503330290085
2008-05-05,7052.080078125,0.1255750853644926
2008-05-06,7017.10009765625,-0.4972578659096947
2008-05-07,7076.25,0.8394065178770649
2008-05-08,7071.89990234375,-0.0614935213912367
2008-05-09,7003.169921875,-0.9766278621161454
2008-05-12,7035.9501953125,0.4669855765221289
2008-05-13,7060.18994140625,0.3439206726272757
2008-05-14,7083.240234375,0.325950820843533
2008-05-15,7081.0498046875,-0.0309289021746965
2008-05-16,7156.5498046875,1.0605819769941844
2008-05-19,7225.93994140625,0.9649327251368236
2008-05-20,7118.5,-1.498029216148797
2008-05-21,7040.830078125,-1.0970957027837598
2008-05-22,7070.330078125,0.418109392123785
2008-05-23,6944.0498046875,-1.802201629870636
2008-05-26,6953.83984375,0.1408852844493232
2008-05-27,6958.66015625,0.0692947017844926
2008-05-28,7033.83984375,1.0745815391261877
2008-05-29,7055.02978515625,0.3008042226546004
2008-05-30,7096.7900390625,0.5901767495208
2008-06-02,7008.77001953125,-1.248034982746291
2008-06-03,7019.1298828125,0.1477037223936163
2008-06-04,6965.43017578125,-0.7679894218126699
2008-06-05,6941.830078125,-0.3393928046071844
2008-06-06,6803.81005859375,-2.008268176851811
2008-06-09,6815.6298828125,0.1735728816620991
2008-06-10,6771.10009765625,-0.655491713790255
2008-06-11,6650.259765625,-1.8007653279343143
2008-06-12,6714.52001953125,0.9616432166963322
2008-06-13,6765.31982421875,0.7537188240735452
2008-06-16,6729.8798828125,-0.5252241337100308
2008-06-17,6796.16015625,0.9800474308771115
2008-06-18,6728.91015625,-0.9944577391048832
2008-06-19,6721.169921875,-0.1150957493858764
2008-06-20,6578.43994140625,-2.1464608644281777
2008-06-23,6589.4599609375,0.1673770637034042
2008-06-24,6536.06005859375,-0.813685048524084
2008-06-25,6617.83984375,1.243446270155945
2008-06-26,6459.60009765625,-2.4201597617598973
2008-06-27,6421.91015625,-0.5851805916644669
2008-06-30,6418.31982421875,-0.0559231747450164
2008-07-01,6315.93994140625,-1.6079786438875754
2008-07-02,6305.419921875,-0.1667018781086163
2008-07-03,6353.740234375,0.7634084185041468
2008-07-04,6272.2099609375,-1.2914894389181404
2008-07-07,6395.75,1.950494887588237
2008-07-08,6304.41015625,-1.438429398246462
2008-07-09,6386.4599609375,1.2930704857164592
2008-07-10,6305.0,-1.2837148736280202
2008-07-11,6153.2998046875,-2.435447788415102
2008-07-14,6200.25,0.7601122286025784
2008-07-15,6081.7001953125,-1.9305319545004356
2008-07-16,6155.3701171875,1.20405963228359
2008-07-17,6271.27001953125,1.8653998485918837
2008-07-18,6382.64990234375,1.760446723719656
2008-07-21,6424.83984375,0.6588347108093303
2008-07-22,6442.7900390625,0.278997874816719
2008-07-23,6536.08984375,1.4377421271043462
2008-07-24,6440.7001953125,-1.4701843260785563
2008-07-25,6436.7099609375,-0.0619726242201072
2008-07-28,6351.14990234375,-1.338165045042263
2008-07-29,6398.7998046875,0.7474558768402523
2008-07-30,6460.1201171875,0.9537469351515594
2008-07-31,6479.56005859375,0.3004704253564152
2008-08-01,6396.4599609375,-1.2907909638414228
2008-08-04,6349.81005859375,-0.7319805803921211
2008-08-05,6518.7001953125,2.6250099092494965
2008-08-06,6561.39013671875,0.6527492073949414
2008-08-07,6543.490234375,-0.2731793495044021
2008-08-08,6561.64990234375,0.2771382740258751
2008-08-11,6609.6298828125,0.7285577936422926
2008-08-12,6585.8701171875,-0.3601196059655993
2008-08-13,6422.18994140625,-2.516729080832447
2008-08-14,6442.2099609375,0.3112470981185047
2008-08-15,6446.02001953125,0.0591246231719098
2008-08-18,6432.8798828125,-0.2040568896090237
2008-08-19,6282.43017578125,-2.3665443929587826
2008-08-20,6317.7998046875,0.5614139084921677
2008-08-21,6236.9599609375,-1.2878137456389038
2008-08-22,6342.419921875,1.6767508850469437
2008-08-25,6296.9501953125,-0.7194966568020845
2008-08-26,6340.52001953125,0.6895366890542507
2008-08-27,6321.02978515625,-0.3078651518943325
2008-08-28,6420.5400390625,1.562009682351003
2008-08-29,6422.2998046875,0.0274046185644883
2008-09-01,6421.7998046875,-0.0077856761541732
2008-09-02,6518.47021484375,1.4941296961266082
2008-09-03,6467.490234375,-0.7851593660240125
2008-09-04,6279.56982421875,-2.94866463175963
2008-09-05,6127.43994140625,-2.4524443917689016
2008-09-08,6263.740234375,2.20004533325286
2008-09-09,6233.41015625,-0.4853928571965695
2008-09-10,6210.31982421875,-0.371116354483809
2008-09-11,6178.89990234375,-0.5072149809164345
2008-09-12,6234.89013671875,0.9020712268196996
2008-09-15,6064.16015625,-2.776489958036341
2008-09-16,5965.169921875,-1.645851735459947
2008-09-17,5860.97998046875,-1.7620719858717149
2008-09-18,5863.419921875,0.0416216004537099
2008-09-19,6189.52978515625,5.412608241169288
2008-09-22,6107.75,-1.3300663594544264
2008-09-23,6068.52978515625,-0.6442090880630584
2008-09-24,6052.8701171875,-0.2583806624149097
2008-09-25,6173.02978515625,1.9657209383988232
2008-09-26,6063.5,-1.7902577355269425
2008-09-29,5807.080078125,-4.3209314889620245
2008-09-30,5831.02001953125,0.4114069301996008
2008-10-01,5806.330078125,-0.4243230330660666
2008-10-02,5660.6298828125,-2.5413542457250857
2008-10-03,5797.02978515625,2.3810507634590974
2008-10-06,5387.009765625,-7.335522386375715
2008-10-07,5326.6298828125,-1.1271710468494616
2008-10-08,5013.6201171875,-6.056051359779822
2008-10-09,4887.0,-2.5579614155696975
2008-10-10,4544.31005859375,-7.27027044713133
2008-10-13,5062.4501953125,10.797468060459709
2008-10-14,5199.18994140625,2.665223853223986
2008-10-15,4861.6298828125,-6.71290844301781
2008-10-16,4622.81005859375,-5.0370990540493645
2008-10-17,4781.330078125,3.371600883560011
2008-10-20,4835.009765625,1.116438186241109
2008-10-21,4784.41015625,-1.05204007054951
2008-10-22,4571.06982421875,-4.561547326251949
2008-10-23,4519.7001953125,-1.1301611539242469
2008-10-24,4295.669921875,-5.083814274690939
2008-10-27,4334.64013671875,0.9031072915635844
2008-10-28,4823.4501953125,10.685088680781094
2008-10-29,4808.68994140625,-0.3064794583610155
2008-10-30,4869.2998046875,1.2525463919444269
2008-10-31,4987.97021484375,2.4078906951446197
2008-11-03,5026.83984375,0.776246855521691
2008-11-04,5278.0400390625,4.87632990889728
2008-11-05,5166.8701171875,-2.128771207965261
2008-11-06,4813.56982421875,-7.082813595694848
2008-11-07,4938.4599609375,2.5614557752966034
2008-11-10,5025.52978515625,1.7477344471644831
2008-11-11,4761.580078125,-5.395131592332943
2008-11-12,4620.7998046875,-3.0011754338110808
2008-11-13,4649.52001953125,0.6196184657164808
2008-11-14,4710.240234375,1.2974919237400266
2008-11-17,4557.27001953125,-3.301514758421425
2008-11-18,4579.47021484375,0.4859553501931793
2008-11-19,4354.08984375,-5.04677204598821
2008-11-20,4220.2001953125,-3.123303079039332
2008-11-21,4127.41015625,-2.2232437105810643
2008-11-24,4554.330078125,9.842831647389962
2008-11-25,4560.419921875,0.1336261478628926
2008-11-26,4560.5,0.001755922115042
2008-11-27,4665.27001953125,2.271344798640073
2008-11-28,4669.43994140625,0.0893422970787676
2008-12-01,4394.7900390625,-6.0619380281299975
2008-12-02,4531.7900390625,3.0697256239870914
2008-12-03,4567.240234375,0.7792121493517337
2008-12-04,4564.22998046875,-0.0659314205592439
2008-12-05,4381.47021484375,-4.086548728702193
2008-12-08,4715.8798828125,7.355117865447711
2008-12-09,4779.10986328125,1.331879588198429
2008-12-10,4804.8798828125,0.5377735644501858
2008-12-11,4767.2001953125,-0.7872872315004267
2008-12-12,4663.3701171875,-2.2020783553856127
2008-12-15,4654.81982421875,-0.1835183747535801
2008-12-16,4729.91015625,1.6003003753822136
2008-12-17,4708.3798828125,-0.4562332942560644
2008-12-18,4756.39990234375,1.0147184119172488
2008-12-19,4696.7001953125,-1.2630883015317935
2008-12-22,4639.02001953125,-1.2357034789916703
2008-12-23,4629.3798828125,-0.2080216714133535
2008-12-29,4704.85986328125,1.6173063426046588
2008-12-30,4810.2001953125,2.2142715942226077
2009-01-02,4973.06982421875,3.329861639872029
2009-01-05,4983.990234375,0.2193501790803939
2009-01-06,5026.31005859375,0.8455306056360357
2009-01-07,4937.47021484375,-1.7833030372192489
2009-01-08,4879.91015625,-1.1726288681265795
2009-01-09,4783.89013671875,-1.987275743913596
2009-01-12,4719.6201171875,-1.3525738940168868
2009-01-13,4636.93994140625,-1.7673659422927757
2009-01-14,4422.35009765625,-4.738340219730718
2009-01-15,4336.72998046875,-1.955064769489394
2009-01-16,4366.27978515625,0.6790735398072876
2009-01-19,4316.14013671875,-1.1549822806666248
2009-01-20,4239.85009765625,-1.7833601695511938
2009-01-21,4261.14990234375,0.5011139691806131
2009-01-22,4219.419921875,-0.9841394656135676
2009-01-23,4178.93994140625,-0.96400474884874
2009-01-26,4326.8701171875,3.478683212504058
2009-01-27,4323.419921875,-0.0797706315019804
2009-01-28,4518.72021484375,4.418207779428103
2009-01-29,4428.10986328125,-2.0255989866288493
2009-01-30,4338.35009765625,-2.047871157559924
2009-02-02,4271.0400390625,-1.563674755257996
2009-02-03,4374.9599609375,2.404000153243709
2009-02-04,4492.7900390625,2.657653033584785
2009-02-05,4510.490234375,0.3931948707360102
2009-02-06,4644.6298828125,2.930584129359119
2009-02-09,4666.81982421875,0.4766171565263553
2009-02-10,4505.5400390625,-3.5170100522667154
2009-02-11,4530.08984375,0.5434012994284423
2009-02-12,4407.56005859375,-2.7420510705128005
2009-02-13,4413.39013671875,0.1321870965109139
2009-02-16,4366.64013671875,-1.064926665569827
2009-02-17,4216.60009765625,-3.49647266962414
2009-02-18,4204.9599609375,-0.2764367658800841
2009-02-19,4215.2099609375,0.2434631404856514
2009-02-20,4014.659912109375,-4.874676353006546
2009-02-23,3936.449951171875,-1.9673349960591544
2009-02-24,3895.75,-1.0393074175518704
2009-02-25,3846.2099609375,-1.2797977639658196
2009-02-26,3942.6201171875,2.475726895080219
2009-02-27,3843.739990234375,-2.5399658252097344
2009-03-02,3710.070068359375,-3.5395085611398716
2009-03-03,3690.719970703125,-0.5229209759375095
2009-03-04,3890.93994140625,5.282920559217988
2009-03-05,3695.489990234375,-5.153760402125182
2009-03-06,3666.409912109375,-0.7900196894490006
2009-03-09,3692.030029296875,0.6963492511601721
2009-03-10,3886.97998046875,5.145605125584545
2009-03-11,3914.10009765625,0.6952941431790525
2009-03-12,3956.219970703125,1.0703573630405014
2009-03-13,3953.60009765625,-0.0662435585142941
2009-03-16,4044.5400390625,2.2741252106288243
2009-03-17,3987.77001953125,-1.4135650743916168
2009-03-18,3996.320068359375,0.2141772450559789
2009-03-19,4043.4599609375,1.1726796658484768
2009-03-20,4068.739990234375,0.6232615390051718
2009-03-23,4176.3701171875,2.610910943340887
2009-03-24,4187.35986328125,0.2627954858453482
2009-03-25,4223.2900390625,0.8544023297702201
2009-03-26,4259.3701171875,0.850683512996761
2009-03-27,4203.5498046875,-1.3191929625501002
2009-03-30,3989.22998046875,-5.233113498217062
2009-03-31,4084.760009765625,2.366475252065942
2009-04-01,4131.06982421875,1.127343332287762
2009-04-02,4381.919921875,5.89505559041368
2009-04-03,4384.990234375,0.0700432095414379
2009-04-06,4349.81005859375,-0.805521931304455
2009-04-07,4322.5,-0.6298240880861872
2009-04-08,4357.919921875,0.8160922806980642
2009-04-09,4491.1201171875,3.010727856637331
2009-04-14,4557.009765625,1.4564515325081149
2009-04-15,4549.7900390625,-0.158556863659903
2009-04-16,4609.4599609375,1.3029618376522192
2009-04-17,4676.83984375,1.4511929771945045
2009-04-20,4486.2998046875,-4.159436973757413
2009-04-21,4501.6298828125,0.3411262331589164
2009-04-22,4594.419921875,2.0402979300069086
2009-04-23,4538.2099609375,-1.2309854107747302
2009-04-24,4674.31982421875,2.9551007437970487
2009-04-27,4694.06982421875,0.4216312514657921
2009-04-28,4607.419921875,-1.863194206493588
2009-04-29,4704.56005859375,2.086423312479798
2009-04-30,4769.4501953125,1.3698771635304228
2009-05-04,4902.4501953125,2.7504084778261504
2009-05-05,4853.02978515625,-1.0131912120805326
2009-05-06,4880.7099609375,0.5687485204782605
2009-05-07,4804.10009765625,-1.5820952766528489
2009-05-08,4913.89990234375,2.259816368264754
2009-05-11,4866.91015625,-0.9608633097320104
2009-05-12,4854.10986328125,-0.2633530296418986
2009-05-13,4727.60986328125,-2.640598013168634
2009-05-14,4738.47021484375,0.2294583658272541
2009-05-15,4737.5,-0.0204773722403709
2009-05-18,4851.9599609375,2.387316856532344
2009-05-19,4959.6201171875,2.194640955314584
2009-05-20,5038.93994140625,1.58665823479375
2009-05-21,4900.669921875,-2.782381635352716
2009-05-22,4918.75,0.3682518662151908
2009-05-25,4918.4501953125,-0.0060953255324707
2009-05-26,4985.60009765625,1.3560296913648164
2009-05-27,5000.77001953125,0.3038127641066525
2009-05-28,4932.8798828125,-1.3668932251623234
2009-05-29,4940.81982421875,0.1608301518846661
2009-06-01,5142.56005859375,4.001974759751679
2009-06-02,5144.06005859375,0.0291640984802279
2009-06-03,5054.52978515625,-1.7557833938162886
2009-06-04,5064.7998046875,0.2029783290706166
2009-06-05,5077.02978515625,0.2411790947308074
2009-06-08,5004.72021484375,-1.4344892557822368
2009-06-09,4997.85986328125,-0.1371716614038436
2009-06-10,5051.18017578125,1.0612120698109593
2009-06-11,5107.259765625,1.1041096835424502
2009-06-12,5069.240234375,-0.7472059773206576
2009-06-15,4889.93994140625,-3.601092973048155
2009-06-16,4890.72021484375,0.0159554350461095
2009-06-17,4799.97998046875,-1.8727828671335385
2009-06-18,4837.47998046875,0.7782172773473595
2009-06-19,4839.4599609375,0.0409216241574048
2009-06-22,4693.39990234375,-3.0645890485305056
2009-06-23,4707.14990234375,0.2925362897156383
2009-06-24,4836.009765625,2.7007343514146003
2009-06-25,4800.56005859375,-0.7357362129422806
2009-06-26,4776.47021484375,-0.5030765042786234
2009-06-29,4885.08984375,2.2485852147804457
2009-06-30,4808.64013671875,-1.5773348798991338
2009-07-01,4905.43994140625,1.9930453145644256
2009-07-02,4718.490234375,-3.8855898601728978
2009-07-03,4708.2099609375,-0.2181097796669899
2009-07-06,4651.81982421875,-1.204928194942559
2009-07-07,4598.18994140625,-1.15957680264292
2009-07-08,4572.64990234375,-0.5569850858918943
2009-07-09,4630.06982421875,1.247906460962085
2009-07-10,4576.31005859375,-1.16789394673322
2009-07-13,4722.33984375,3.141139703030579
2009-07-14,4781.68994140625,1.2489621876393753
2009-07-15,4928.43994140625,3.0228467822288527
2009-07-16,4957.18994140625,0.5816540047914346
2009-07-17,4978.39990234375,0.4269498538097278
2009-07-20,5030.14990234375,1.034125066950456
2009-07-21,5093.97021484375,1.260774410812287
2009-07-22,5121.56005859375,0.5401562149704945
2009-07-23,5247.27978515625,2.425071457968
2009-07-24,5229.35986328125,-0.3420932656349342
2009-07-27,5251.5498046875,0.4234360425635985
2009-07-28,5174.740234375,-1.47340922976591
2009-07-29,5270.31982421875,1.830190678386928
2009-07-30,5360.66015625,1.699608255880045
2009-07-31,5332.14013671875,-0.5334446801781475
2009-08-03,5426.85009765625,1.7606188938016378
2009-08-04,5417.02001953125,-0.1813020759457013
2009-08-05,5353.009765625,-1.1886876617907465
2009-08-06,5369.97998046875,0.3165204744873962
2009-08-07,5458.9599609375,1.6434107785843004
2009-08-10,5418.1201171875,-0.7509374827092271
2009-08-11,5285.81005859375,-2.4723030822512015
2009-08-12,5350.08984375,1.208747137303683
2009-08-13,5401.10986328125,0.9491108697841883
2009-08-14,5309.10986328125,-1.7180275521022108
2009-08-17,5201.60986328125,-2.045602040091425
2009-08-18,5250.740234375,0.9400896921080591
2009-08-19,5231.97998046875,-0.3579275903625238
2009-08-20,5311.06005859375,1.500166193175463
2009-08-21,5462.740234375,2.8159088571294797
2009-08-24,5519.75,1.0382031120695017
2009-08-25,5557.08984375,0.6741992430179183
2009-08-26,5521.97021484375,-0.6339842252404004
2009-08-27,5470.330078125,-0.9395761622695756
2009-08-28,5517.35009765625,0.8558732290008801
2009-08-31,5464.60986328125,-0.960495941081166
2009-09-01,5327.2900390625,-2.545005740990514
2009-09-02,5319.83984375,-0.1399475090555533
2009-09-03,5301.419921875,-0.3468503877737725
2009-09-04,5384.43017578125,1.5536793605536117
2009-09-07,5463.509765625,1.4579909387354677
2009-09-08,5481.72998046875,0.3329343549638869
2009-09-09,5574.259765625,1.6738790057183337
2009-09-10,5594.77001953125,0.3672705213542219
2009-09-11,5624.02001953125,0.5214477884985848
2009-09-14,5620.240234375,-0.0672304840561994
2009-09-15,5628.97998046875,0.1553840654780498
2009-09-16,5700.259765625,1.2583496741904123
2009-09-17,5731.14013671875,0.5402740954391831
2009-09-18,5703.830078125,-0.4776594954918867
2009-09-21,5668.64990234375,-0.6186915793262511
2009-09-22,5709.3798828125,0.7159438886049136
2009-09-23,5702.0498046875,-0.1284690758981435
2009-09-24,5605.2099609375,-1.7129209651003587
2009-09-25,5581.41015625,-0.4255054761330676
2009-09-28,5736.31005859375,2.7374696042200712
2009-09-29,5713.52001953125,-0.3980857183654386
2009-09-30,5675.16015625,-0.673651516335775
2009-10-01,5554.5498046875,-2.1481407788055136
2009-10-02,5467.89990234375,-1.572276393466697
2009-10-05,5508.85009765625,0.7461295062793376
2009-10-06,5657.64013671875,2.6650960622256794
2009-10-07,5640.75,-0.2989832904732684
2009-10-08,5716.5400390625,1.33466987047139
2009-10-09,5711.8798828125,-0.0815538200406936
2009-10-12,5783.22998046875,1.2414150855961623
2009-10-13,5714.31005859375,-1.1988781449299364
2009-10-14,5854.14013671875,2.417556130608197
2009-10-15,5830.77001953125,-0.400005614694827
2009-10-16,5743.39013671875,-1.5099418323096965
2009-10-19,5852.56005859375,1.882953023157764
2009-10-20,5811.77001953125,-0.6994007382066619
2009-10-21,5833.490234375,0.3730314232058405
2009-10-22,5762.93017578125,-1.2169432789739338
2009-10-23,5740.25,-0.3943293041325986
2009-10-26,5642.16015625,-1.7235764780961755
2009-10-27,5635.02001953125,-0.1266298411759264
2009-10-28,5496.27001953125,-2.493101629279897
2009-10-29,5587.4501953125,1.6453362404881549
2009-10-30,5414.9599609375,-3.1357559985770895
2009-11-02,5430.81982421875,0.2924616744953315
2009-11-03,5353.35009765625,-1.4367551655766828
2009-11-04,5444.22998046875,1.6833777243300974
2009-11-05,5480.919921875,0.6716627170726361
2009-11-06,5488.25,0.1336487495095481
2009-11-09,5619.72021484375,2.367243550881669
2009-11-10,5613.2001953125,-0.116087714065395
2009-11-11,5668.35009765625,0.9777085636679488
2009-11-12,5663.9599609375,-0.0774800003824919
2009-11-13,5686.830078125,0.4029701555012261
2009-11-16,5804.81982421875,2.053558775729456
2009-11-17,5778.43017578125,-0.4556526725372067
2009-11-18,5787.60986328125,0.1587352178704537
2009-11-19,5702.18017578125,-1.4870813398378475
2009-11-20,5663.14990234375,-0.6868331426103568
2009-11-23,5801.47998046875,2.4132796784556096
2009-11-24,5769.31005859375,-0.556055457870968
2009-11-25,5803.02001953125,0.5825975591513601
2009-11-26,5614.169921875,-3.3084730056634744
2009-11-27,5685.60986328125,1.2644652307077306
2009-11-30,5625.9501953125,-1.0548539876263874
2009-12-01,5776.60986328125,2.6427124329272957
2009-12-02,5781.68017578125,0.0877346529304595
2009-12-03,5770.35009765625,-0.1961574111178758
2009-12-04,5817.64990234375,0.8163629164285773
2009-12-07,5784.75,-0.5671238847211816
2009-12-08,5688.580078125,-1.676447440631141
2009-12-09,5647.83984375,-0.7187526581433682
2009-12-10,5709.02001953125,1.0774240125268395
2009-12-11,5756.2900390625,0.8245793114298839
2009-12-14,5802.259765625,0.7954279683278334
2009-12-15,5811.33984375,0.1563697782012414
2009-12-16,5903.43017578125,1.5722413480910309
2009-12-17,5844.43994140625,-1.0042795772776851
2009-12-18,5831.2099609375,-0.2266252626916483
2009-12-21,5930.52978515625,1.6889029544646856
2009-12-22,5945.68994140625,0.2553028629223978
2009-12-23,5957.43994140625,0.1974271293722576
2009-12-28,6002.919921875,0.7605155730402762
2009-12-29,6011.5498046875,0.1436581803954697
2009-12-30,5957.43017578125,-0.9043376767501322
2010-01-04,6048.2998046875,1.5137998996645408
2010-01-05,6031.85986328125,-0.2721810308370078
2010-01-06,6034.330078125,0.0409444056533939
2010-01-07,6019.35986328125,-0.2483923614022237
2010-01-08,6037.60986328125,0.3027296966253445
2010-01-11,6040.5,0.0478574347580349
2010-01-12,5943.0,-1.6272733592957955
2010-01-13,5963.14013671875,0.3383154523189612
2010-01-14,5988.8798828125,0.4307185872346533
2010-01-15,5875.97021484375,-1.9033207432305532
2010-01-18,5918.5498046875,0.722026411482104
2010-01-19,5976.47998046875,0.9740309159481032
2010-01-20,5851.52978515625,-2.112863382779923
2010-01-21,5746.97021484375,-1.803033201329039
2010-01-22,5695.31982421875,-0.9028042684521936
2010-01-25,5631.3701171875,-1.129198148327598
2010-01-26,5668.93017578125,0.664764580383295
2010-01-27,5643.2001953125,-0.4549103307112848
2010-01-28,5540.330078125,-1.8397235236577807
2010-01-29,5608.7900390625,1.2280937087669137
2010-02-01,5654.47998046875,0.811313090196524
2010-02-02,5709.66015625,0.9711356739528476
2010-02-03,5672.08984375,-0.6601875626799152
2010-02-04,5533.240234375,-2.4784047535782308
2010-02-05,5434.33984375,-1.8035532135499637
2010-02-08,5484.85009765625,0.925171454273426
2010-02-09,5498.259765625,0.2441872074279637
2010-02-10,5536.3701171875,0.6907436587548508
2010-02-11,5503.93017578125,-0.5876658044636928
2010-02-12,5500.39013671875,-0.0643390792722718
2010-02-15,5511.10009765625,0.1945234311922054
2010-02-16,5592.1201171875,1.4594226901040417
2010-02-17,5648.33984375,1.0003184131826188
2010-02-18,5680.41015625,0.5661771717009733
2010-02-19,5722.0498046875,0.730365792646267
2010-02-22,5688.43994140625,-0.5891063614371154
2010-02-23,5604.06982421875,-1.4942946937648582
2010-02-24,5615.509765625,0.2039282359775136
2010-02-25,5532.330078125,-1.492329139431237
2010-02-26,5598.4599609375,1.188247387100507
2010-03-01,5713.509765625,2.0341951878258713
2010-03-02,5776.56005859375,1.097485512028333
2010-03-03,5817.8798828125,0.7127554130253566
2010-03-04,5795.31982421875,-0.3885249120284971
2010-03-05,5877.35986328125,1.4056993282435208
2010-03-08,5875.91015625,-0.0246689991158745
2010-03-09,5885.89013671875,0.1697016207595037
2010-03-10,5936.72021484375,0.8598844047397278
2010-03-11,5928.6298828125,-0.1363690614845833
2010-03-12,5945.10986328125,0.2775872034138326
2010-03-15,5903.56005859375,-0.7013441217488724
2010-03-16,5970.990234375,1.1357213353502578
2010-03-17,6024.27978515625,0.8885152443721444
2010-03-18,6012.31005859375,-0.1988890651519873
2010-03-19,5982.43017578125,-0.4982174525720454
2010-03-22,5987.5,0.0847093416161984
2010-03-23,6017.27001953125,0.4959708600519449
2010-03-24,6039.0,0.3604763988211082
2010-03-25,6132.9501953125,1.5437470514279044
2010-03-26,6120.0498046875,-0.2105671328088551
2010-03-29,6156.85009765625,0.5995064467534373
2010-03-30,6142.4501953125,-0.2341581810396748
2010-03-31,6153.5498046875,0.1805402145398427
2010-04-01,6235.56005859375,1.323928073838112
2010-04-06,6252.2099609375,0.2666594945900924
2010-04-07,6222.41015625,-0.4777678372929136
2010-04-08,6171.830078125,-0.8161913591894417
2010-04-09,6249.7001953125,1.2538090813823812
2010-04-12,6250.68994140625,0.015835443294054
2010-04-13,6230.830078125,-0.318228549249488
2010-04-14,6278.39990234375,0.760559260631237
2010-04-15,6291.4501953125,0.2076444437499918
2010-04-16,6180.89990234375,-1.772772369732622
2010-04-19,6162.43994140625,-0.2991082629816956
2010-04-20,6264.22998046875,1.638287914386799
2010-04-21,6230.3798828125,-0.5418365333979386
2010-04-22,6168.72021484375,-0.9945911520901932
2010-04-23,6259.52978515625,1.461367230462831
2010-04-26,6332.10009765625,1.1526882016453135
2010-04-27,6159.509765625,-2.763475923889734
2010-04-28,6084.33984375,-1.2278959434509251
2010-04-29,6144.91015625,0.9905890843040892
2010-04-30,6135.7001953125,-0.1499919368911566
2010-05-03,6166.919921875,0.5075308069368776
2010-05-04,6006.85986328125,-2.6297384291884685
2010-05-05,5958.4501953125,-0.8091713774236684
2010-05-06,5908.259765625,-0.8459080762585389
2010-05-07,5715.08984375,-3.3241314341971897
2010-05-10,6017.91015625,5.16300311112226
2010-05-11,6037.7099609375,0.328474558714021
2010-05-12,6183.490234375,2.3858080382203797
2010-05-13,6251.97021484375,1.1013773552458652
2010-05-14,6056.7099609375,-3.172990653195397
2010-05-17,6066.919921875,0.1684307991897419
2010-05-18,6155.93017578125,1.4564823539285097
2010-05-19,5988.669921875,-2.7546535746415737
2010-05-20,5867.8798828125,-2.0375947497336044
2010-05-21,5829.25,-0.6605043055905558
2010-05-24,5805.68017578125,-0.4051568183840144
2010-05-25,5670.0400390625,-2.3640599685346
2010-05-26,5758.02001953125,1.5397489726454483
2010-05-27,5937.14013671875,3.0633889967122037
2010-05-28,5946.18017578125,0.1521467160463799
2010-05-31,5964.330078125,0.3047714330571296
2010-06-01,5981.27001953125,0.2836182799202307
2010-06-02,5981.2001953125,-0.0011673879641378
2010-06-03,6054.6298828125,1.2201999877467444
2010-06-04,5938.8798828125,-1.9302705583872368
2010-06-07,5904.9501953125,-0.5729528386514928
2010-06-08,5868.5498046875,-0.6183463983753138
2010-06-09,5984.75,1.9607015737818776
2010-06-10,6056.58984375,1.1932342590563094
2010-06-11,6047.830078125,-0.1447366699230837
2010-06-14,6125.0,1.2679213496361268
2010-06-15,6175.0498046875,0.8138191587161118
2010-06-16,6190.91015625,0.2565164420627329
2010-06-17,6223.5400390625,0.5256770527780467
2010-06-18,6216.97998046875,-0.105462781161566
2010-06-21,6292.97021484375,1.214891631731512
2010-06-22,6269.0400390625,-0.3809932366598603
2010-06-23,6204.52001953125,-1.0345177263373182
2010-06-24,6115.47998046875,-1.4454803474439968
2010-06-25,6070.60009765625,-0.7365795307028632
2010-06-28,6157.22021484375,1.4167948810581827
2010-06-29,5952.02978515625,-3.3893110126410217
2010-06-30,5965.52001953125,0.226392846817667
2010-07-01,5857.43017578125,-1.8285259365423228
2010-07-02,5834.14990234375,-0.3982405123998359
2010-07-05,5816.2001953125,-0.3081404607342352
2010-07-06,5940.97998046875,2.1226938527561536
2010-07-07,5992.85986328125,0.8694638158462384
2010-07-08,6035.66015625,0.7116498710161957
2010-07-09,6065.240234375,0.4888915053829004
2010-07-12,6077.18994140625,0.196825688368094
2010-07-13,6191.1298828125,1.857519516167451
2010-07-14,6209.759765625,0.3004606500985925
2010-07-15,6149.35986328125,-0.9774220982930052
2010-07-16,6040.27001953125,-1.7899272961748411
2010-07-19,6009.10986328125,-0.517208786103222
2010-07-20,5967.490234375,-0.6950185545709628
2010-07-21,5990.3798828125,0.3828386856539831
2010-07-22,6142.14990234375,2.5019998215754073
2010-07-23,6166.33984375,0.3930615867465943
2010-07-26,6194.2099609375,0.4509534746949449
2010-07-27,6207.31005859375,0.2112660788053247
2010-07-28,6178.93994140625,-0.4580912996131529
2010-07-29,6134.7001953125,-0.7185517190693604
2010-07-30,6147.97021484375,0.2160771925191194
2010-08-02,6292.1298828125,2.3177646540893564
2010-08-03,6307.91015625,0.2504798657631456
2010-08-04,6331.330078125,0.3705910837102493
2010-08-05,6333.580078125,0.0355312433473691
2010-08-06,6259.6298828125,-1.1744590230620746
2010-08-09,6351.60009765625,1.4585705832120284
2010-08-10,6286.25,-1.034205654083049
2010-08-11,6154.06982421875,-2.125108551666135
2010-08-12,6135.169921875,-0.307584808092025
2010-08-13,6110.41015625,-0.4043875293493318
2010-08-16,6110.56982421875,0.0026130141611357
2010-08-17,6206.39990234375,1.556097221422607
2010-08-18,6186.31005859375,-0.3242206331280257
2010-08-19,6075.1298828125,-1.8135426752622683
2010-08-20,6005.16015625,-1.158424322567013
2010-08-23,6010.91015625,0.0957051729783953
2010-08-24,5935.43994140625,-1.2635025468681094
2010-08-25,5899.5,-0.6073550362492725
2010-08-26,5912.580078125,0.2214696037418942
2010-08-27,5951.169921875,0.6505528159227781
2010-08-30,5912.41015625,-0.6534267612139504
2010-08-31,5925.22021484375,0.2164295250409122
2010-09-01,6083.89990234375,2.642806826272663
2010-09-02,6083.85009765625,-0.0008186342996858
2010-09-03,6134.6201171875,0.8310420344398819
2010-09-06,6155.0400390625,0.3323109086322016
2010-09-07,6117.89013671875,-0.6053976560697962
2010-09-08,6164.43994140625,0.75799994419914
2010-09-09,6221.52001953125,0.9216965402034664
2010-09-10,6214.77001953125,-0.1085532846473984
2010-09-13,6261.68017578125,0.7519827606566513
2010-09-14,6275.41015625,0.2190298640937006
2010-09-15,6261.8701171875,-0.2159965164914404
2010-09-16,6249.64990234375,-0.1953434708270018
2010-09-17,6209.759765625,-0.6403236441817259
2010-09-20,6294.580078125,1.3566747950624911
2010-09-21,6275.97998046875,-0.2959313052687871
2010-09-22,6208.330078125,-1.0837693741979246
2010-09-23,6184.7099609375,-0.3811840470670627
2010-09-24,6298.2998046875,1.8199613905740537
2010-09-27,6278.89013671875,-0.3086489663889979
2010-09-28,6276.08984375,-0.0446084823638496
2010-09-29,6246.919921875,-0.4658620439738705
2010-09-30,6229.02001953125,-0.2869509585692086
2010-10-01,6211.33984375,-0.2842391679824624
2010-10-04,6134.2099609375,-1.249533436354256
2010-10-05,6215.830078125,1.3217982335468086
2010-10-06,6270.72998046875,0.8793495702501072
2010-10-07,6276.25,0.0879896181548737
2010-10-08,6291.669921875,0.2453855484172667
2010-10-11,6309.509765625,0.2831458023954173
2010-10-12,6304.56982421875,-0.0783242506693691
2010-10-13,6434.52001953125,2.0402509858545184
2010-10-14,6455.27001953125,0.3219605262988855
2010-10-15,6492.2998046875,0.5719974732089264
2010-10-18,6516.6298828125,0.3740523944297879
2010-10-19,6490.68994140625,-0.3988519717380064
2010-10-20,6524.5498046875,0.5203121929517638
2010-10-21,6611.009765625,1.3164450150267852
2010-10-22,6605.83984375,-0.0782322912263655
2010-10-25,6639.2099609375,0.5038892006652793
2010-10-26,6613.7998046875,-0.3834628938796145
2010-10-27,6568.0,-0.6948973534003929
2010-10-28,6595.27978515625,0.4144836948891293
2010-10-29,6601.3701171875,0.0923011902067287
2010-11-01,6604.85986328125,0.0528499985255281
2010-11-02,6654.31005859375,0.7459052848300618
2010-11-03,6617.7998046875,-0.5501814915536496
2010-11-04,6734.68994140625,1.7508812972763754
2010-11-05,6754.2001953125,0.2892790631999363
2010-11-08,6750.5,-0.0547986308704325
2010-11-09,6787.81005859375,0.5511788825678255
2010-11-10,6719.83984375,-1.00640435650865
2010-11-11,6723.41015625,0.0531168070807819
2010-11-12,6734.60986328125,0.1664391879407072
2010-11-15,6790.169921875,0.8216085144466827
2010-11-16,6663.240234375,-1.8870078653509823
2010-11-17,6700.06982421875,0.5512059950875876
2010-11-18,6832.10986328125,1.9515589180222
2010-11-19,6843.5498046875,0.1673037257787688
2010-11-22,6822.0498046875,-0.3146589736843685
2010-11-23,6705.0,-1.7306467835327386
2010-11-24,6823.7998046875,1.7562956080425909
2010-11-25,6879.66015625,0.8152782017271727
2010-11-26,6848.97998046875,-0.4469521605863196
2010-11-29,6697.97021484375,-2.229520573648467
2010-11-30,6688.490234375,-0.1416353798600381
2010-12-01,6866.6298828125,2.6285256550720404
2010-12-02,6957.60986328125,1.3162574678249404
2010-12-03,6947.72021484375,-0.142242579635433
2010-12-06,6954.3798828125,0.0958080927541577
2010-12-07,7001.91015625,0.6811331244221395
2010-12-08,6975.8701171875,-0.3725923383852139
2010-12-09,6964.16015625,-0.1680048531050198
2010-12-10,7006.169921875,0.6014158865940245
2010-12-13,7029.39013671875,0.3308772280027978
2010-12-14,7027.39990234375,-0.0283170536483556
2010-12-15,7016.3701171875,-0.157077300593093
2010-12-16,7024.39990234375,0.1143781433708265
2010-12-17,6982.4501953125,-0.5989902392698566
2010-12-20,7018.60009765625,0.5163895838933518
2010-12-21,7077.990234375,0.8426220343640295
2010-12-22,7067.919921875,-0.1423777486203513
2010-12-23,7057.68994140625,-0.1448430525303136
2010-12-27,6970.72998046875,-1.239784313248548
2010-12-28,6972.10009765625,0.019653358525259
2010-12-29,6995.47021484375,0.3346342774421471
2010-12-30,6914.18994140625,-1.168701430085556
2011-01-03,6989.740234375,1.0867579969111552
2011-01-04,6975.35009765625,-0.2060873430784978
2011-01-05,6939.81982421875,-0.510670740659534
2011-01-06,6981.39013671875,0.5972244679360533
2011-01-07,6947.83984375,-0.4817259517778609
2011-01-10,6857.06005859375,-1.3152010423879192
2011-01-11,6941.56982421875,1.2249161403359636
2011-01-12,7068.77978515625,1.8159926117164291
2011-01-13,7075.10986328125,0.0895097275923332
2011-01-14,7075.7001953125,0.0083434379961064
2011-01-17,7078.06005859375,0.0333460968786264
2011-01-18,7143.4501953125,0.9196013133543952
2011-01-19,7082.759765625,-0.8532251110986107
2011-01-20,7024.27001953125,-0.8292331148912436
2011-01-21,7062.419921875,0.5416459902597905
2011-01-24,7067.77001953125,0.0757257748706588
2011-01-25,7059.009765625,-0.1240233820075344
2011-01-26,7127.35009765625,0.963472819624101
2011-01-27,7155.580078125,0.3952972797799492
2011-01-28,7102.7998046875,-0.7403437830790883
2011-01-31,7077.47998046875,-0.3571135620879921
2011-02-01,7184.27001953125,1.497600714749596
2011-02-02,7183.669921875,-0.0083532873751709
2011-02-03,7193.68017578125,0.1392503549792096
2011-02-04,7216.2099609375,0.3126991712032879
2011-02-07,7283.6201171875,0.9298128536578948
2011-02-08,7323.240234375,0.5424877543821771
2011-02-09,7320.89990234375,-0.031962710399179
2011-02-10,7340.27978515625,0.2643701872973496
2011-02-11,7371.2001953125,0.4203581927562926
2011-02-14,7396.6298828125,0.3443933536601087
2011-02-15,7400.0400390625,0.0460935646788486
2011-02-16,7414.2998046875,0.1925130674662969
2011-02-17,7405.509765625,-0.1186255471310328
2011-02-18,7426.81005859375,0.2872147831731439
2011-02-21,7321.81005859375,-1.4238860744911177
2011-02-22,7318.35009765625,-0.0472667097216116
2011-02-23,7194.60009765625,-1.7054147867711176
2011-02-24,7130.5,-0.8949400010168986
2011-02-25,7185.169921875,0.7637810586929319
2011-02-28,7272.31982421875,1.2056167354562852
2011-03-01,7223.2998046875,-0.6763450980566337
2011-03-02,7181.1201171875,-0.5856509083702561
2011-03-03,7225.9599609375,0.6224715666351704
2011-03-04,7178.89990234375,-0.6533937360809076
2011-03-07,7161.93017578125,-0.2366632111335079
2011-03-08,7164.75,0.0393646569975098
2011-03-09,7131.7998046875,-0.4609539239331982
2011-03-10,7063.08984375,-0.9681018912492942
2011-03-11,6981.490234375,-1.1620216071208915
2011-03-14,6866.6298828125,-1.658896437194502
2011-03-15,6647.66015625,-3.2408493692274205
2011-03-16,6513.83984375,-2.033581646465603
2011-03-17,6656.8798828125,2.1721768630044704
2011-03-18,6664.39990234375,0.1129023705130801
2011-03-21,6816.1201171875,2.2510499779182087
2011-03-22,6780.97021484375,-0.5170220949520138
2011-03-23,6804.4501953125,0.3456647367383739
2011-03-24,6933.580078125,1.879944698062123
2011-03-25,6946.35986328125,0.1841476090183466
2011-03-28,6938.6298828125,-0.1113429884888922
2011-03-29,6934.43994140625,-0.0604039565393398
2011-03-30,7057.14990234375,1.754098120895927
2011-03-31,7041.31005859375,-0.2247032719702352
2011-04-01,7179.81005859375,1.947868774917783
2011-04-04,7175.330078125,-0.0624163967962069
2011-04-05,7175.31005859375,-0.000279005411039
2011-04-06,7215.10986328125,0.5531444722624832
2011-04-07,7178.77978515625,-0.5047996915365843
2011-04-08,7217.02001953125,0.5312705766611523
2011-04-11,7204.85986328125,-0.1686348691090891
2011-04-12,7102.91015625,-1.425119810516191
2011-04-13,7177.97021484375,1.0512061979597624
2011-04-14,7146.56005859375,-0.438551296165491
2011-04-15,7178.2900390625,0.4430068328184404
2011-04-18,7026.85009765625,-2.132265893316678
2011-04-19,7039.31005859375,0.1771622682813606
2011-04-20,7249.18994140625,2.9379568077567546
2011-04-21,7295.490234375,0.6366650734795182
2011-04-26,7356.509765625,0.8329222498440526
2011-04-27,7404.9501953125,0.656311824095808
2011-04-28,7475.22021484375,0.9444857144133224
2011-04-29,7514.4599609375,0.5235580114841593
2011-05-02,7527.64013671875,0.1752438697888328
2011-05-03,7500.7001953125,-0.3585222275753791
2011-05-04,7373.93017578125,-1.7045544767034564
2011-05-05,7376.9599609375,0.0410793541376176
2011-05-06,7492.25,1.5507528618075956
2011-05-09,7410.52001953125,-1.096853803194477
2011-05-10,7501.52001953125,1.2205054358433494
2011-05-11,7495.0498046875,-0.0862892690936398
2011-05-12,7443.9501953125,-0.6841128411237835
2011-05-13,7403.31005859375,-0.547444276194123
2011-05-16,7387.5400390625,-0.2132402857555578
2011-05-17,7256.64990234375,-1.7876526177191054
2011-05-18,7303.52978515625,0.6439487123906048
2011-05-19,7358.22998046875,0.7461648530361248
2011-05-20,7266.81982421875,-1.2500654401687838
2011-05-23,7121.52001953125,-2.0197569103938187
2011-05-24,7150.66015625,0.4083493461025451
2011-05-25,7170.93994140625,0.2832057671286957
2011-05-26,7114.08984375,-0.795943706727823
2011-05-27,7163.47021484375,0.6917227843848478
2011-05-30,7160.2998046875,-0.0442678178119421
2011-05-31,7293.68994140625,1.8457730505330256
2011-06-01,7217.43017578125,-1.0510624550421934
2011-06-02,7074.1201171875,-2.0055887480418453
2011-06-03,7109.02978515625,0.4922705986519668
2011-06-06,7084.56982421875,-0.3446621832994949
2011-06-07,7103.25,0.2633270905170425
2011-06-08,7060.22998046875,-0.6074799680374156
2011-06-09,7159.66015625,1.398488952338998
2011-06-10,7069.89990234375,-1.2616193911279523
2011-06-13,7085.14013671875,0.2153330576502804
2011-06-14,7204.7900390625,1.674643572194507
2011-06-15,7115.080078125,-1.2529601712544582
2011-06-16,7110.2001953125,-0.0686086025739885
2011-06-17,7164.0498046875,0.7545035968315743
2011-06-20,7150.2099609375,-0.1933714811546402
2011-06-21,7285.509765625,1.874569044934762
2011-06-22,7278.18994140625,-0.1005215018486044
2011-06-23,7149.43994140625,-1.7848173106994027
2011-06-24,7121.3798828125,-0.3932513352558618
2011-06-27,7107.89990234375,-0.1894682612871631
2011-06-28,7170.43017578125,0.8758821634724601
2011-06-29,7294.14013671875,1.7105655369882005
2011-06-30,7376.240234375,1.119275065632107
2011-07-01,7419.43994140625,0.5839519275498724
2011-07-04,7442.9599609375,0.316503920228955
2011-07-05,7439.43994140625,-0.0473044619145853
2011-07-06,7431.18994140625,-0.1109569791115235
2011-07-07,7471.43994140625,0.5401744280997037
2011-07-08,7402.72998046875,-0.9238895351935552
2011-07-11,7230.25,-2.3575234737331643
2011-07-12,7174.14013671875,-0.7790700827664134
2011-07-13,7267.8701171875,1.2980366979889908
2011-07-14,7214.740234375,-0.7337091845637823
2011-07-15,7220.1201171875,0.0745401469854443
2011-07-18,7107.919921875,-1.5661945182138637
2011-07-19,7192.669921875,1.185279672038093
2011-07-20,7221.35986328125,0.3980840850414886
2011-07-21,7290.14013671875,0.9479487095092272
2011-07-22,7326.39013671875,0.4960147674391083
2011-07-25,7344.5400390625,0.2474268691319227
2011-07-26,7349.4501953125,0.0668321722614921
2011-07-27,7252.68017578125,-1.3254427097904449
2011-07-28,7190.06005859375,-0.8671555199173734
2011-07-29,7158.77001953125,-0.4361343536757605
2011-08-01,6953.97998046875,-2.9024026503830247
2011-08-02,6796.75,-2.286959797502337
2011-08-03,6640.58984375,-2.324376532221756
2011-08-04,6414.759765625,-3.459924291706072
2011-08-05,6236.16015625,-2.8236915121419055
2011-08-08,5923.27001953125,-5.147596883376723
2011-08-09,5917.080078125,-0.1045567389326503
2011-08-10,5613.419921875,-5.2682951632238115
2011-08-11,5797.66015625,3.229426928061506
2011-08-12,5997.740234375,3.3928355862011705
2011-08-15,6022.240234375,0.4076551370887293
2011-08-16,5994.89990234375,-0.4550230569458651
2011-08-17,5948.93994140625,-0.769604890655829
2011-08-18,5602.7998046875,-5.994660465381788
2011-08-19,5480.0,-2.216133696302763
2011-08-22,5473.77978515625,-0.113572038772957
2011-08-23,5532.3798828125,1.0648700939971576
2011-08-24,5681.080078125,2.6523287743271324
2011-08-25,5584.14013671875,-1.721090799301388
2011-08-26,5537.47998046875,-0.8390941162941806
2011-08-29,5670.06982421875,2.3661912241382046
2011-08-30,5643.919921875,-0.4622586637519464
2011-08-31,5784.85009765625,2.4663602360456705
2011-09-01,5730.6298828125,-0.9416996186295667
2011-09-02,5538.330078125,-3.4132426498784896
2011-09-05,5246.18017578125,-5.419279915950191
2011-09-06,5193.97021484375,-1.000184752653485
2011-09-07,5405.52978515625,3.992408520030285
2011-09-08,5408.4599609375,0.0541923179466649
2011-09-09,5189.93017578125,-4.124414359185222
2011-09-12,5072.330078125,-2.291994996851299
2011-09-13,5166.35986328125,1.8368058681460735
2011-09-14,5340.18994140625,3.309286969770546
2011-09-15,5508.240234375,3.0983973560516764
2011-09-16,5573.509765625,1.1779779547280766
2011-09-19,5415.91015625,-2.868402810680285
2011-09-20,5571.68017578125,2.835570891802219
2011-09-21,5433.7998046875,-2.5057986727409243
2011-09-22,5164.2099609375,-5.088653833912056
2011-09-23,5196.56005859375,0.624474874447019
2011-09-26,5345.56005859375,2.8269441275762923
2011-09-27,5628.43994140625,5.156598554787166
2011-09-28,5578.419921875,-0.8926738141049316
2011-09-29,5639.580078125,1.0904040334160765
2011-09-30,5502.02001953125,-2.4694307417545853
2011-10-04,5216.7099609375,-5.32483735825515
2011-10-05,5473.02978515625,4.796542684131743
2011-10-06,5645.25,3.09821292544365
2011-10-07,5675.7001953125,0.5379454589786675
2011-10-10,5847.2900390625,2.9784374538121403
2011-10-11,5865.009765625,0.3025834443731741
2011-10-12,5994.47021484375,2.183326623357977
2011-10-13,5914.83984375,-1.3372992631148253
2011-10-14,5967.2001953125,0.881341761514356
2011-10-17,5859.43017578125,-1.8225479156759643
2011-10-18,5877.41015625,0.3063856033695639
2011-10-19,5913.52978515625,0.6126694236256358
2011-10-20,5766.47998046875,-2.518107052054346
2011-10-21,5970.9599609375,3.4845872972472733
2011-10-24,6055.27001953125,1.4021258528344738
2011-10-25,6046.75,-0.1408032861475658
2011-10-26,6016.06982421875,-0.5086744622294452
2011-10-27,6337.83984375,5.210379874040242
2011-10-28,6346.18994140625,0.1316631859738564
2011-10-31,6141.33984375,-3.2811689651712004
2011-11-01,5834.509765625,-5.1252687912941335
2011-11-02,5965.6298828125,2.2224400387984686
2011-11-03,6133.18017578125,2.769875787203038
2011-11-04,5966.16015625,-2.760987373375555
2011-11-07,5928.68017578125,-0.6301909645300251
2011-11-08,5961.43994140625,0.5510431887576415
2011-11-09,5829.5400390625,-2.237395108315144
2011-11-10,5867.81005859375,0.654338901698056
2011-11-11,6057.02978515625,3.1738054726022007
2011-11-14,5985.02001953125,-1.195986150813812
2011-11-15,5933.14013671875,-0.8706077082636512
2011-11-16,5913.35986328125,-0.3339432206921305
2011-11-17,5850.169921875,-1.0743467369419817
2011-11-18,5800.240234375,-0.8571370881855136
2011-11-21,5606.0,-3.4061883671831787
2011-11-22,5537.39013671875,-1.231415743835848
2011-11-23,5457.77001953125,-1.448301030540544
2011-11-24,5428.10986328125,-0.5449303127638961
2011-11-25,5492.8701171875,1.1859927059092377
2011-11-28,5745.330078125,4.493645557201142
2011-11-29,5799.91015625,0.9455062628376122
2011-11-30,6088.83984375,4.861513459605979
2011-12-01,6035.8798828125,-0.8735921149608201
2011-12-02,6080.68017578125,0.7394920160508013
2011-12-05,6106.08984375,0.417004747761206
2011-12-06,6028.81982421875,-1.273533400795454
2011-12-07,5994.72998046875,-0.5670527531379111
2011-12-08,5874.43994140625,-2.02700203121388
2011-12-09,5986.7099609375,1.8931279598455075
2011-12-12,5785.43017578125,-3.419928753128296
2011-12-13,5774.259765625,-0.19326493512862
2011-12-14,5675.14013671875,-1.731481232214264
2011-12-15,5730.6201171875,0.9728491008308706
2011-12-16,5701.77978515625,-0.5045378653155531
2011-12-19,5670.7099609375,-0.546404564234926
2011-12-20,5847.02978515625,3.0619479802294407
2011-12-21,5791.52978515625,-0.953733498678666
2011-12-22,5852.18017578125,1.0417803150862983
2011-12-23,5878.93017578125,0.4560531025883222
2011-12-27,5889.759765625,0.1840407548233548
2011-12-28,5771.27001953125,-2.032304633977227
2011-12-29,5848.77978515625,1.3340892082143112
2011-12-30,5898.35009765625,0.8439611585648642
2012-01-02,6075.52001953125,2.9594918147160385
2012-01-03,6166.56982421875,1.4875153626126874
2012-01-04,6111.5498046875,-0.8962347570779365
2012-01-05,6095.990234375,-0.2549175130877936
2012-01-06,6057.919921875,-0.6264722467389665
2012-01-09,6017.22998046875,-0.6739476652213379
2012-01-10,6162.97998046875,2.3933406342056887
2012-01-11,6152.33984375,-0.1727951773576262
2012-01-12,6179.2099609375,0.4357953402283402
2012-01-13,6143.080078125,-0.5864167494109188
2012-01-16,6220.009765625,1.244521901852041
2012-01-17,6332.93017578125,1.7991555230551255
2012-01-18,6354.56982421875,0.3411179416118819
2012-01-19,6416.259765625,0.966114547293485
2012-01-20,6404.39013671875,-0.1851642839948758
2012-01-23,6436.6201171875,0.5019861757251242
2012-01-24,6419.22021484375,-0.2706927360500418
2012-01-25,6421.85009765625,0.0409604929381853
2012-01-26,6539.85009765625,1.8207990966934544
2012-01-27,6511.97998046875,-0.4270689915580694
2012-01-30,6444.4501953125,-1.0424228857292503
2012-01-31,6458.91015625,0.2241271513246635
2012-02-01,6616.64013671875,2.4127111794008336
2012-02-02,6655.6298828125,0.5875386531068699
2012-02-03,6766.669921875,1.6545983020583948
2012-02-06,6764.830078125,-0.0271934931284453
2012-02-07,6754.2001953125,-0.157258098963458
2012-02-08,6748.759765625,-0.0805812947328153
2012-02-09,6788.7998046875,0.5915417119570912
2012-02-10,6692.9599609375,-1.4217944825067568
2012-02-13,6738.47021484375,0.6776706199904252
2012-02-14,6728.18994140625,-0.1526774317491926
2012-02-15,6757.93994140625,0.4411947462492434
2012-02-16,6751.9599609375,-0.088527389581321
2012-02-17,6848.02978515625,1.4128160977757709
2012-02-20,6948.25,1.4528841011076956
2012-02-21,6908.18017578125,-0.5783587172828947
2012-02-22,6843.8701171875,-0.9352863903526684
2012-02-23,6809.4599609375,-0.504056210590964
2012-02-24,6864.43017578125,0.8040215391995408
2012-02-27,6849.60009765625,-0.2162760852935682
2012-02-28,6887.6298828125,0.553676139408443
2012-02-29,6856.080078125,-0.45911708260167
2012-03-01,6941.77001953125,1.24209268081358
2012-03-02,6921.3701171875,-0.2943044197354802
2012-03-05,6866.4599609375,-0.7965059946376677
2012-03-06,6633.10986328125,-3.457493035595967
2012-03-07,6671.10986328125,0.5712488836968919
2012-03-08,6834.5400390625,2.4202930588954996
2012-03-09,6880.2099609375,0.6659996089525291
2012-03-12,6901.35009765625,0.3067889732321884
2012-03-13,6995.91015625,1.3608656124041434
2012-03-14,7079.419921875,1.1866257496375652
2012-03-15,7144.4501953125,0.9143886439217476
2012-03-16,7157.81982421875,0.1869581931018169
2012-03-19,7154.22021484375,-0.050301835951769
2012-03-20,7054.93994140625,-1.3974350064582135
2012-03-21,7071.31982421875,0.2319069651174073
2012-03-22,6981.259765625,-1.2817759337210834
2012-03-23,6995.6201171875,0.2054873009706819
2012-03-26,7079.22998046875,1.188088628978173
2012-03-27,7078.89990234375,-0.0046627362199945
2012-03-28,6998.7998046875,-1.137983672609464
2012-03-29,6875.14990234375,-1.7825230589553067
2012-03-30,6946.830078125,1.0372004370582382
2012-04-02,7056.64990234375,1.5684969141409064
2012-04-03,6982.27978515625,-1.0594940573002392
2012-04-04,6784.06005859375,-2.8799728804106013
2012-04-05,6775.259765625,-0.1298043606682824
2012-04-10,6606.43017578125,-2.5234264022324635
2012-04-11,6674.72998046875,1.028530730578187
2012-04-12,6743.240234375,1.0211805238477505
2012-04-13,6583.89990234375,-2.391329625085734
2012-04-16,6625.18994140625,0.6251781770759104
2012-04-17,6801.0,2.6190618331260342
2012-04-18,6732.02978515625,-1.0192959460551192
2012-04-19,6671.22021484375,-0.9073916780853228
2012-04-20,6750.1201171875,1.1757515912898515
2012-04-23,6523.0,-3.4225907051036826
2012-04-24,6590.41015625,1.0281192951842826
2012-04-25,6704.5,1.7163356971757815
2012-04-26,6739.89990234375,0.5266130792064493
2012-04-27,6801.31982421875,0.9071611615936026
2012-04-30,6761.18994140625,-0.5917783746348843
2012-05-02,6710.77001953125,-0.7485199990574595
2012-05-03,6694.43994140625,-0.243637902732624
2012-05-04,6561.47021484375,-2.0062626419600793
2012-05-07,6569.47998046875,0.1219982788649885
2012-05-08,6444.740234375,-1.9170348155960677
2012-05-09,6475.31005859375,0.4732161341833032
2012-05-10,6518.0,0.65710884791379
2012-05-11,6579.93017578125,0.9456553282156144
2012-05-14,6451.97021484375,-1.9638589867452605
2012-05-15,6401.06005859375,-0.7921933024995907
2012-05-16,6384.259765625,-0.2628061381222907
2012-05-17,6308.9599609375,-1.1864710395865397
2012-05-18,6271.22021484375,-0.5999891699721129
2012-05-21,6331.0400390625,0.9493578500960818
2012-05-22,6435.60009765625,1.6380566139895565
2012-05-23,6285.75,-2.355992530413604
2012-05-24,6315.89013671875,0.4783535137405755
2012-05-25,6339.93994140625,0.3800593637557836
2012-05-28,6323.18994140625,-0.2645477054064011
2012-05-29,6396.83984375,1.1580275618945428
2012-05-30,6280.7998046875,-1.8306764199680232
2012-05-31,6264.3798828125,-0.2617727551214848
2012-06-01,6050.2900390625,-3.477339101938034
2012-06-04,5978.22998046875,-1.1981676973839062
2012-06-05,5969.39990234375,-0.1478130778961861
2012-06-06,6093.990234375,2.0656674582117476
2012-06-07,6144.22021484375,0.820875939890334
2012-06-08,6130.81982421875,-0.2183356780216339
2012-06-11,6141.0498046875,0.1667224823557466
2012-06-12,6161.240234375,0.3282388522974654
2012-06-13,6152.490234375,-0.142117800855522
2012-06-14,6138.60986328125,-0.2258606127056078
2012-06-15,6229.41015625,1.4683340454135243
2012-06-18,6248.2001953125,0.3011803179730349
2012-06-19,6363.35986328125,1.8263064723855873
2012-06-20,6392.1298828125,0.4511009595268877
2012-06-21,6343.1298828125,-0.7695208845549645
2012-06-22,6263.25,-1.2673099281611766
2012-06-25,6132.39013671875,-2.1114637654879593
2012-06-26,6136.68994140625,0.0700917238481737
2012-06-27,6228.990234375,1.4928739200166508
2012-06-28,6149.91015625,-1.2776765531199612
2012-06-29,6416.27978515625,4.240100405369104
2012-07-02,6496.080078125,1.2360453055392455
2012-07-03,6578.2099609375,1.256373583529848
2012-07-04,6564.7998046875,-0.2040652961955958
2012-07-05,6535.56005859375,-0.446396815873017
2012-07-06,6410.10986328125,-1.938163465242547
2012-07-09,6387.56982421875,-0.352252328853504
2012-07-10,6438.330078125,0.7915314997410574
2012-07-11,6453.85009765625,0.2407665238448273
2012-07-12,6419.35009765625,-0.5359985407462681
2012-07-13,6557.10009765625,2.1231565252309657
2012-07-16,6565.72021484375,0.1313760033599456
2012-07-17,6577.64013671875,0.18138322048845
2012-07-18,6684.419921875,1.61033945223534
2012-07-19,6758.39013671875,1.1005282541775785
2012-07-20,6630.02001953125,-1.917689250758052
2012-07-23,6419.330078125,-3.2294060674954475
2012-07-24,6390.41015625,-0.4515309519294057
2012-07-25,6406.52001953125,0.2517771304559361
2012-07-26,6582.9599609375,2.7168261435707692
2012-07-27,6689.39990234375,1.6039683144415036
2012-07-30,6774.06005859375,1.2576450981215592
2012-07-31,6772.259765625,-0.0265798091689874
2012-08-01,6754.4599609375,-0.2631800661405774
2012-08-02,6606.08984375,-2.2211094447331465
2012-08-03,6865.66015625,3.8540269995177594
2012-08-06,6918.72021484375,0.7698615277823266
2012-08-07,6967.9501953125,0.7090279419842043
2012-08-08,6966.14990234375,-0.0258401040060055
2012-08-09,6964.990234375,-0.0166485723357526
2012-08-10,6944.56005859375,-0.2937577425948667
2012-08-13,6909.68017578125,-0.5035275254040285
2012-08-14,6974.39013671875,0.9321535837824192
2012-08-15,6946.7998046875,-0.396379451347812
2012-08-16,6996.2900390625,0.7098920363625719
2012-08-17,7040.8798828125,0.6353131575246533
2012-08-20,7033.68017578125,-0.1023081024098586
2012-08-21,7089.31982421875,0.7879336727034216
2012-08-22,7017.75,-1.014674757517131
2012-08-23,6949.56982421875,-0.9762891976781344
2012-08-24,6971.06982421875,0.3088940973728761
2012-08-27,7047.4501953125,1.0897174141507409
2012-08-28,7002.68017578125,-0.6372918951377821
2012-08-29,7010.56982421875,0.1126027048847542
2012-08-30,6895.490234375,-1.6551376378267275
2012-08-31,6970.7900390625,1.086095815183508
2012-09-03,7014.830078125,0.6297923761666612
2012-09-04,6932.580078125,-1.1794441054148543
2012-09-05,6964.68994140625,0.4621040013705187
2012-09-06,7167.330078125,2.868012164924527
2012-09-07,7214.5,0.6559678533217568
2012-09-10,7213.7001953125,-0.0110866868700501
2012-09-11,7310.10986328125,1.3276279938918925
2012-09-12,7343.52978515625,0.4561321367302848
2012-09-13,7310.31982421875,-0.4532599784968737
2012-09-14,7412.1298828125,1.3830807177087976
2012-09-17,7403.68994140625,-0.1139314924092233
2012-09-18,7347.68994140625,-0.7592546522812489
2012-09-19,7390.759765625,0.5844569500406954
2012-09-20,7389.490234375,-0.0171787520931256
2012-09-21,7451.6201171875,0.8372722026207406
2012-09-24,7413.16015625,-0.5174653920249891
2012-09-25,7425.10986328125,0.1610660757470511
2012-09-26,7276.509765625,-2.0216161533234596
2012-09-27,7290.02001953125,0.1854972732626714
2012-09-28,7216.14990234375,-1.0184736029255232
2012-10-01,7326.72998046875,1.520774567532232
2012-10-02,7305.85986328125,-0.2852554682684459
2012-10-04,7305.2099609375,-0.0088960268070388
2012-10-05,7397.8701171875,1.2604349904215877
2012-10-08,7291.2099609375,-1.4522629094322403
2012-10-09,7234.52978515625,-0.7804141399398021
2012-10-10,7205.22998046875,-0.4058217778539665
2012-10-11,7281.7001953125,1.0557229746284236
2012-10-12,7232.490234375,-0.6780970628478992
2012-10-15,7261.25,0.3968582699327016
2012-10-16,7376.27001953125,1.571610311365607
2012-10-17,7394.5498046875,0.2475122532936212
2012-10-18,7437.22998046875,0.575524909444389
2012-10-19,7380.64013671875,-0.7638090822119492
2012-10-22,7328.0498046875,-0.7150950403590848
2012-10-23,7173.68994140625,-2.128926542879119
2012-10-24,7192.85009765625,0.2667332225816026
2012-10-25,7200.22998046875,0.1025476606698089
2012-10-26,7231.85009765625,0.4381927984311114
2012-10-29,7203.16015625,-0.3975054908756139
2012-10-30,7284.39990234375,1.1215221514100813
2012-10-31,7260.6298828125,-0.3268476042123618
2012-11-01,7335.669921875,1.028215385885526
2012-11-02,7363.85009765625,0.3834167410430517
2012-11-05,7326.47021484375,-0.5089060373223258
2012-11-06,7377.759765625,0.6976191049689582
2012-11-07,7232.830078125,-1.983964273181389
2012-11-08,7204.9599609375,-0.3860722690870576
2012-11-09,7163.5,-0.5770983962964187
2012-11-12,7168.759765625,0.0733975792672203
2012-11-13,7169.1201171875,0.0050265669055937
2012-11-14,7101.919921875,-0.9417770788666562
2012-11-15,7043.419921875,-0.8271322452178
2012-11-16,6950.52978515625,-1.3275951820649157
2012-11-19,7123.83984375,2.4628999197749293
2012-11-20,7172.990234375,0.687573175188311
2012-11-21,7184.7099609375,0.1632535713379861
2012-11-22,7244.990234375,0.8355076444847204
2012-11-23,7309.1298828125,0.8814007738540852
2012-11-26,7292.02978515625,-0.2342294155147779
2012-11-27,7332.330078125,0.5511406360016714
2012-11-28,7343.41015625,0.150998587509948
2012-11-29,7400.9599609375,0.7806382569755523
2012-11-30,7405.5,0.0613251137241518
2012-12-03,7435.2099609375,0.4003851662797273
2012-12-04,7435.1201171875,-0.0012083625518629
2012-12-05,7454.5498046875,0.2609822599183573
2012-12-06,7534.5400390625,1.0673228937420929
2012-12-07,7517.7998046875,-0.222427097055527
2012-12-10,7530.919921875,0.1743685941414165
2012-12-11,7589.75,0.7781450859019376
2012-12-12,7614.7900390625,0.3293761157675336
2012-12-13,7581.97998046875,-0.4318037258103276
2012-12-14,7596.47021484375,0.1909317300586928
2012-12-17,7604.93994140625,0.111433444027587
2012-12-18,7653.580078125,0.6375494007593394
2012-12-19,7668.5,0.1947506672017538
2012-12-20,7672.10009765625,0.0469355527087804
2012-12-21,7636.22998046875,-0.4686361301677572
2012-12-27,7655.8798828125,0.2569941405653673
2012-12-28,7612.39013671875,-0.5696763766015824
2013-01-02,7778.77978515625,2.162228496167325
2013-01-03,7756.43994140625,-0.28760274449845
2013-01-04,7776.3701171875,0.2566204909920003
2013-01-07,7732.66015625,-0.5636725945939071
2013-01-08,7695.830078125,-0.4774303580472253
2013-01-09,7720.47021484375,0.3196636966401498
2013-01-10,7708.47021484375,-0.1555518666278352
2013-01-11,7715.52978515625,0.0915400778717536
2013-01-14,7729.52001953125,0.1811614514447377
2013-01-15,7675.91015625,-0.6959893891318013
2013-01-16,7691.1298828125,0.1980827992932475
2013-01-17,7735.4599609375,0.5747245579943394
2013-01-18,7702.22998046875,-0.4305052364325499
2013-01-21,7748.85986328125,0.6035823343082685
2013-01-22,7696.2099609375,-0.6817723309684636
2013-01-23,7707.5400390625,0.1471080765172802
2013-01-24,7748.1298828125,0.5252433219830066
2013-01-25,7857.97021484375,1.4076821901652852
2013-01-28,7833.0,-0.3182752319415544
2013-01-29,7848.56982421875,0.1985748813354808
2013-01-30,7811.31005859375,-0.4758636236663208
2013-01-31,7776.0498046875,-0.4524218900362569
2013-02-01,7833.39013671875,0.7346911890291778
2013-02-04,7638.22998046875,-2.522948556389143
2013-02-05,7664.66015625,0.3454275868880335
2013-02-06,7581.18017578125,-1.095129070843972
2013-02-07,7590.85009765625,0.1274703913726419
2013-02-08,7652.14013671875,0.8041777685735533
2013-02-11,7633.740234375,-0.2407438863034952
2013-02-12,7660.18994140625,0.3458853688603615
2013-02-13,7711.89013671875,0.6726531476046993
2013-02-14,7631.18994140625,-1.0519522689435874
2013-02-15,7593.509765625,-0.4949884521983205
2013-02-18,7628.72998046875,0.4627476413499858
2013-02-19,7752.4501953125,1.6087566981477737
2013-02-20,7728.89990234375,-0.304241051146467
2013-02-21,7583.56982421875,-1.8982495267590855
2013-02-22,7661.91015625,1.0277278468359383
2013-02-25,7773.18994140625,1.4419305675977463
2013-02-26,7597.10986328125,-2.2912732178319843
2013-02-27,7675.830078125,1.030854730685165
2013-02-28,7741.7001953125,0.8544885829492582
2013-03-01,7708.16015625,-0.4341798694420094
2013-03-04,7691.68017578125,-0.2140280211273203
2013-03-05,7870.31005859375,2.2958211136877447
2013-03-06,7919.330078125,0.6209156966002676
2013-03-07,7939.77001953125,0.2577693891602973
2013-03-08,7986.47021484375,0.5864576757958474
2013-03-11,7984.2900390625,-0.0273020915739963
2013-03-12,7966.1201171875,-0.2278302508399573
2013-03-13,7970.91015625,0.0601120676130224
2013-03-14,8058.3701171875,1.0912633303395454
2013-03-15,8042.85009765625,-0.1927807225882768
2013-03-18,8010.7001953125,-0.4005337727547725
2013-03-19,7947.7900390625,-0.7884264890838065
2013-03-20,8001.97021484375,0.6793880700058302
2013-03-21,7932.509765625,-0.8718312649231607
2013-03-22,7911.35009765625,-0.2671025966075177
2013-03-25,7870.89990234375,-0.5126047792442724
2013-03-26,7879.669921875,0.1113613099139912
2013-03-27,7789.08984375,-1.1561998337874382
2013-03-28,7795.31005859375,0.0798261750600858
2013-04-02,7943.8701171875,1.8878298490793497
2013-04-03,7874.75,-0.8739138633013575
2013-04-04,7817.39013671875,-0.731068143068325
2013-04-05,7658.75,-2.050197168762433
2013-04-08,7662.64013671875,0.0507804679292394
2013-04-09,7637.509765625,-0.3284986598552132
2013-04-10,7810.6298828125,2.241400826928425
2013-04-11,7871.6298828125,0.7779530317726893
2013-04-12,7744.77001953125,-1.624736235417319
2013-04-15,7712.6298828125,-0.4158549722442472
2013-04-16,7682.580078125,-0.3903791234540071
2013-04-17,7503.02978515625,-2.364852809235045
2013-04-18,7473.72998046875,-0.391270775867745
2013-04-19,7459.9599609375,-0.184415552858363
2013-04-22,7478.10986328125,0.243002094495378
2013-04-23,7658.2099609375,2.3798201902191773
2013-04-24,7759.02978515625,1.3079028810607811
2013-04-25,7832.85986328125,0.9470388977415845
2013-04-26,7814.759765625,-0.231346443207674
2013-04-29,7873.5,0.7488467140523383
2013-04-30,7913.7099609375,0.509400305528318
2013-05-02,7961.7099609375,0.604710256559171
2013-05-03,8122.2900390625,1.996834292803279
2013-05-06,8112.080078125,-0.1257820563398316
2013-05-07,8181.77978515625,0.8555386231698957
2013-05-08,8249.7099609375,0.8268338883058621
2013-05-09,8262.5498046875,0.1555189479833049
2013-05-10,8278.58984375,0.1939412208717868
2013-05-13,8279.2900390625,0.0084575479212594
2013-05-14,8339.1103515625,0.7199317559864177
2013-05-15,8362.419921875,0.2791311342784194
2013-05-16,8369.8701171875,0.0890517172180728
2013-05-17,8398.0,0.3355215540814668
2013-05-20,8455.830078125,0.6862571274915863
2013-05-21,8472.2001953125,0.1934084713463542
2013-05-22,8530.8896484375,0.6903414231771027
2013-05-23,8351.98046875,-2.119495985633717
2013-05-24,8305.3203125,-0.5602381670953923
2013-05-27,8383.2998046875,0.934529747392488
2013-05-28,8480.8701171875,1.157144427007205
2013-05-29,8336.580078125,-1.7159983001791594
2013-05-30,8400.2001953125,0.7602468643503049
2013-05-31,8348.83984375,-0.613294999924539
2013-06-03,8285.7998046875,-0.757940564809392
2013-06-04,8295.9599609375,0.1225461912983489
2013-06-05,8196.1796875,-1.2100490665588586
2013-06-06,8098.81005859375,-1.1951009400476826
2013-06-07,8254.6796875,1.9063129838050643
2013-06-10,8307.6904296875,0.6401369228324323
2013-06-11,8222.4599609375,-1.0312213988504917
2013-06-12,8143.27001953125,-0.9677607971232888
2013-06-13,8095.39013671875,-0.5897040901649276
2013-06-14,8127.9599609375,0.4015184013096622
2013-06-17,8215.73046875,1.0740701676304547
2013-06-18,8229.509765625,0.1675779727537876
2013-06-19,8197.080078125,-0.3948443339802523
2013-06-20,7928.47998046875,-3.331666518664641
2013-06-21,7789.240234375,-1.7718013398375825
2013-06-24,7692.4501953125,-1.250397049166354
2013-06-25,7811.2998046875,1.53320245154041
2013-06-26,7940.990234375,1.6466603878628236
2013-06-27,7990.75,0.6246640567469399
2013-06-28,7959.22021484375,-0.3953590608808803
2013-07-01,7983.919921875,0.3098477035308573
2013-07-02,7910.77001953125,-0.9204384490068138
2013-07-03,7829.31982421875,-1.0349486329912745
2013-07-04,7994.31005859375,2.08544076373801
2013-07-05,7806.0,-2.383737719256428
2013-07-08,7968.5400390625,2.060862521394496
2013-07-09,8057.75,1.1133067247244817
2013-07-10,8066.47998046875,0.1082840090019466
2013-07-11,8158.7998046875,1.1379874089768705
2013-07-12,8212.76953125,0.659312750747849
2013-07-15,8234.8095703125,0.268003602456706
2013-07-16,8201.0498046875,-0.4108067893844976
2013-07-17,8254.7197265625,0.6522953797176088
2013-07-18,8337.08984375,0.9929091043968958
2013-07-19,8331.5703125,-0.0662264561158142
2013-07-22,8331.0595703125,-0.0061303910757402
2013-07-23,8314.23046875,-0.2022086398889788
2013-07-24,8379.1103515625,0.777318455229756
2013-07-25,8298.98046875,-0.9609073392895612
2013-07-26,8244.91015625,-0.653661297076053
2013-07-29,8259.0302734375,0.1711121134118122
2013-07-30,8271.01953125,0.1450601789652411
2013-07-31,8275.9697265625,0.0598319776854633
2013-08-01,8410.73046875,1.6152225479874007
2013-08-02,8406.9404296875,-0.0450721048063055
2013-08-05,8398.3798828125,-0.1018790175522229
2013-08-06,8299.73046875,-1.181577552280297
2013-08-07,8260.48046875,-0.4740286659967119
2013-08-08,8318.3203125,0.6977594963939573
2013-08-09,8338.3095703125,0.2400157480743325
2013-08-12,8359.25,0.2508203738096044
2013-08-13,8415.759765625,0.6737400475426807
2013-08-14,8438.1201171875,0.2653438239433928
2013-08-15,8376.2900390625,-0.7354448504408408
2013-08-16,8391.9404296875,0.1866672240532912
2013-08-19,8366.2900390625,-0.3061231399572929
2013-08-20,8300.0302734375,-0.795137900690873
2013-08-21,8285.41015625,-0.1763006660730601
2013-08-22,8397.8896484375,1.348428641899225
2013-08-23,8416.990234375,0.2271868046167775
2013-08-26,8435.150390625,0.2155235193398756
2013-08-27,8242.5595703125,-2.3096622044070045
2013-08-28,8157.89990234375,-1.0324152208637007
2013-08-29,8194.5498046875,0.4482504379109108
2013-08-30,8103.14990234375,-1.1216412404282778
2013-09-02,8243.8701171875,1.7217045156877842
2013-09-03,8180.7099609375,-0.76909689357635
2013-09-04,8195.919921875,0.1857520798807572
2013-09-05,8234.98046875,0.4754531952422255
2013-09-06,8275.669921875,0.4928883422242614
2013-09-09,8276.3203125,0.0078587603801683
2013-09-10,8446.5400390625,2.0358431767101073
2013-09-11,8495.73046875,0.5806844824910476
2013-09-12,8494.0,-0.0203707617277026
2013-09-13,8509.419921875,0.1813744078903094
2013-09-16,8613.0,1.209891383705419
2013-09-17,8596.9501953125,-0.1865177895149024
2013-09-18,8636.0595703125,0.4538898622452619
2013-09-19,8694.1796875,0.6707389808098118
2013-09-20,8675.73046875,-0.2124274163974149
2013-09-23,8635.2900390625,-0.4672226370027205
2013-09-24,8664.599609375,0.3388414487133356
2013-09-25,8665.6298828125,0.0118898995443566
2013-09-26,8664.099609375,-0.0176606731474636
2013-09-27,8661.509765625,-0.0298961348283242
2013-09-30,8594.400390625,-0.7778171389953841
2013-10-01,8689.1396484375,1.096305577190507
2013-10-02,8629.419921875,-0.6896643225712611
2013-10-04,8622.9697265625,-0.0747745181331625
2013-10-07,8591.580078125,-0.3646878202810489
2013-10-08,8555.8896484375,-0.4162769410942257
2013-10-09,8516.6904296875,-0.4592075416127651
2013-10-10,8685.76953125,1.9658182246054117
2013-10-11,8724.830078125,0.448699220997539
2013-10-14,8723.8095703125,-0.0116972765123877
2013-10-15,8804.4404296875,0.9200168654757512
2013-10-16,8846.0,0.4709190944189264
2013-10-17,8811.98046875,-0.3853166946306682
2013-10-18,8865.099609375,0.6009963215331655
2013-10-21,8867.2197265625,0.0239124635354921
2013-10-22,8947.4599609375,0.900838840927954
2013-10-23,8919.8603515625,-0.3089397944855783
2013-10-24,8980.6298828125,0.6789731891446132
2013-10-25,8985.740234375,0.0568879708810011
2013-10-28,8978.650390625,-0.0789321972127678
2013-10-29,9022.0400390625,0.4820896469722505
2013-10-30,9010.26953125,-0.1305491061842888
2013-10-31,9033.919921875,0.2621387259270314
2013-11-01,9007.830078125,-0.2892165331629917
2013-11-04,9037.23046875,0.3258555610109516
2013-11-05,9009.1103515625,-0.3116436758726255
2013-11-06,9040.8701171875,0.3519095043469552
2013-11-07,9081.0302734375,0.4432230740565297
2013-11-08,9078.2802734375,-0.0302874937231126
2013-11-11,9107.8603515625,0.3253038104155444
2013-11-12,9076.48046875,-0.3451311683075583
2013-11-13,9054.830078125,-0.2388178268646182
2013-11-14,9149.66015625,1.0418411575020634
2013-11-15,9168.6904296875,0.2077728580888592
2013-11-18,9225.4296875,0.6169301647510439
2013-11-19,9193.2900390625,-0.3489893058218896
2013-11-20,9202.0703125,0.0954618331631566
2013-11-21,9196.080078125,-0.0651177912941011
2013-11-22,9219.0400390625,0.2493600116486281
2013-11-25,9299.9501953125,0.8738129892542381
2013-11-26,9290.0703125,-0.1062923382848765
2013-11-27,9351.1298828125,0.6551057661929813
2013-11-28,9387.3701171875,0.3868002194287888
2013-11-29,9405.2998046875,0.1908158129185831
2013-12-02,9401.9599609375,-0.0355165380467819
2013-12-03,9223.400390625,-1.917439852328087
2013-12-04,9140.6298828125,-0.9014477440858416
2013-12-05,9084.9501953125,-0.6110078305944635
2013-12-06,9172.41015625,0.9580862541954852
2013-12-09,9195.169921875,0.2478255401846514
2013-12-10,9114.4404296875,-0.8818321502493296
2013-12-11,9077.1103515625,-0.4104117452346421
2013-12-12,9017.0,-0.6644214225323484
2013-12-13,9006.4599609375,-0.1169591220205006
2013-12-16,9163.5595703125,1.7292609282384417
2013-12-17,9085.1201171875,-0.8596779334627649
2013-12-18,9181.75,1.0579895027422253
2013-12-19,9335.740234375,1.6632252242901726
2013-12-20,9400.1796875,0.6878734269099498
2013-12-23,9488.8203125,0.9385491627538388
2013-12-27,9589.3896484375,1.054294587345867
2013-12-30,9552.16015625,-0.3889918999465366
2014-01-02,9400.0400390625,-1.6053374544656038
2014-01-03,9435.150390625,0.3728169604745994
2014-01-06,9428.0,-0.0758133272482158
2014-01-07,9506.2001953125,0.8260252785982982
2014-01-08,9497.83984375,-0.0879849977652411
2014-01-09,9421.6103515625,-0.8058363632248698
2014-01-10,9473.240234375,0.5464982226339175
2014-01-13,9510.169921875,0.3890737626414883
2014-01-14,9540.509765625,0.318517448178639
2014-01-15,9733.8095703125,2.005842928142499
2014-01-16,9717.7099609375,-0.1655357878390292
2014-01-17,9742.9599609375,0.259497892628001
2014-01-20,9715.900390625,-0.2781209923505421
2014-01-21,9730.1201171875,0.1462482166084266
2014-01-22,9720.1103515625,-0.1029269707089081
2014-01-23,9631.0400390625,-0.9205751568199289
2014-01-24,9392.01953125,-2.5130877235140696
2014-01-27,9349.2197265625,-0.4567454532208973
2014-01-28,9406.91015625,0.6151654096946622
2014-01-29,9336.73046875,-0.7488408133184947
2014-01-30,9373.48046875,0.3928341308693504
2014-01-31,9306.48046875,-0.7173493299767537
2014-02-03,9186.51953125,-1.2973840929307947
2014-02-04,9127.91015625,-0.640037130027719
2014-02-05,9116.3203125,-0.1270521694943916
2014-02-06,9256.580078125,1.5268410263255348
2014-02-07,9301.919921875,0.4886163639931187
2014-02-10,9289.8603515625,-0.1297301476940952
2014-02-11,9478.76953125,2.0130990972851324
2014-02-12,9540.0,0.6438973899176714
2014-02-13,9596.76953125,0.5933049220897334
2014-02-14,9662.400390625,0.6815570317732863
2014-02-17,9656.759765625,-0.0583941032080261
2014-02-18,9659.7802734375,0.0312737978024105
2014-02-19,9660.0498046875,0.0027902031118017
2014-02-20,9618.849609375,-0.4274129673967999
2014-02-21,9656.9501953125,0.3953209303144153
2014-02-24,9708.9404296875,0.5369271187594843
2014-02-25,9699.349609375,-0.0988322111208563
2014-02-26,9661.73046875,-0.3886062948478435
2014-02-27,9588.330078125,-0.762602758266604
2014-02-28,9692.080078125,1.0762323060906445
2014-03-03,9358.8896484375,-3.498240906217182
2014-03-04,9589.150390625,2.4305635560482743
2014-03-05,9542.01953125,-0.4927137745977057
2014-03-06,9542.8701171875,0.0089137108333563
2014-03-07,9350.75,-2.033773708450322
2014-03-10,9265.5,-0.9158729165449372
2014-03-11,9307.7900390625,0.4553863322718763
2014-03-12,9188.6904296875,-1.287826142100112
2014-03-13,9017.7900390625,-1.8774129423990664
2014-03-14,9056.41015625,0.4273514240907263
2014-03-17,9180.8896484375,1.365129999071235
2014-03-18,9242.5498046875,0.6693688942582495
2014-03-19,9277.0498046875,0.3725786802842246
2014-03-20,9296.1201171875,0.2053534133574968
2014-03-21,9342.9404296875,0.5023902450379271
2014-03-24,9188.76953125,-1.6638988595602255
2014-03-25,9338.400390625,1.615293792123696
2014-03-26,9448.580078125,1.172950074668998
2014-03-27,9451.2099609375,0.0278297570929503
2014-03-28,9587.1904296875,1.4285105717713025
2014-03-31,9555.91015625,-0.3268049617866343
2014-04-01,9603.7099609375,0.498965048014478
2014-04-02,9623.3603515625,0.2044034493800294
2014-04-03,9628.8203125,0.0567204430412832
2014-04-04,9695.76953125,0.6928942569559569
2014-04-07,9510.849609375,-1.9256448485582816
2014-04-08,9490.7900390625,-0.2111352297532798
2014-04-09,9506.349609375,0.1638096479762169
2014-04-10,9454.5400390625,-0.5464901722944706
2014-04-11,9315.2900390625,-1.483791320719693
2014-04-14,9339.169921875,0.2560234486175722
2014-04-15,9173.7099609375,-1.7875594487879147
2014-04-16,9317.8203125,1.558694895333988
2014-04-17,9409.7099609375,0.9813401396860087
2014-04-22,9600.08984375,2.003032646128499
2014-04-23,9544.1904296875,-0.5839819740181085
2014-04-24,9548.6796875,0.0470254903288571
2014-04-25,9401.5498046875,-1.5528343792042612
2014-04-28,9446.3603515625,0.4754970809292032
2014-04-29,9584.1201171875,1.4478055055765575
2014-04-30,9603.23046875,0.1991974639333691
2014-05-02,9556.01953125,-0.492827569497873
2014-05-05,9529.5,-0.2779022941873191
2014-05-06,9467.5302734375,-0.6524171987012989
2014-05-07,9521.2998046875,0.5663295183623571
2014-05-08,9607.400390625,0.9002301937285265
2014-05-09,9581.4501953125,-0.2704717618823672
2014-05-12,9702.4599609375,1.255049966995096
2014-05-13,9754.4296875,0.5342051180021767
2014-05-14,9754.3896484375,-0.0004104714058827
2014-05-15,9656.0498046875,-1.013276236108973
2014-05-16,9629.099609375,-0.2794918750949287
2014-05-19,9659.3896484375,0.3140739905201595
2014-05-20,9639.080078125,-0.2104786348150142
2014-05-21,9697.8701171875,0.6080609362857823
2014-05-22,9720.91015625,0.2372965711496227
2014-05-23,9768.009765625,0.4833485001850035
2014-05-26,9892.8203125,1.2696536516253734
2014-05-27,9940.8203125,0.4840270590799959
2014-05-28,9939.169921875,-0.0166035356087631
2014-05-29,9938.900390625,-0.0027118452221951
2014-05-30,9943.26953125,0.0439503405563625
2014-06-02,9950.1201171875,0.0688729907709288
2014-06-03,9919.740234375,-0.3057888273766584
2014-06-04,9926.669921875,0.069833161030705
2014-06-05,9947.830078125,0.2129378273209904
2014-06-06,9987.1904296875,0.3948870049513328
2014-06-09,10008.6298828125,0.2144394278962643
2014-06-10,10028.7998046875,0.2013225149341332
2014-06-11,9949.8095703125,-0.7907521939053681
2014-06-12,9938.7001953125,-0.1117165266412284
2014-06-13,9912.8701171875,-0.2602322364965123
2014-06-16,9883.98046875,-0.2918612616652749
2014-06-17,9920.3203125,0.3669898264752607
2014-06-18,9930.330078125,0.1008507658583148
2014-06-19,10004.0,0.7391295014772574
2014-06-20,9987.240234375,-0.1676711335063747
2014-06-23,9920.919921875,-0.666265062308485
2014-06-24,9938.080078125,0.1728199861119315
2014-06-25,9867.75,-0.7101986986423111
2014-06-26,9804.900390625,-0.6389563373969788
2014-06-27,9815.169921875,0.1046839488775854
2014-06-30,9833.0703125,0.1822086391851281
2014-07-01,9902.41015625,0.702695119905599
2014-07-02,9911.26953125,0.0894268579097293
2014-07-03,10029.4296875,1.1851293472488182
2014-07-04,10009.080078125,-0.2031050872392779
2014-07-07,9906.0703125,-1.034495670504411
2014-07-08,9772.669921875,-1.3558025818957
2014-07-09,9808.2001953125,0.3629084123439848
2014-07-10,9659.1298828125,-1.5315220491778982
2014-07-11,9666.33984375,0.0746161555090862
2014-07-14,9783.009765625,1.1997452219176783
2014-07-15,9719.41015625,-0.6522250581099138
2014-07-16,9859.26953125,1.4287148700806658
2014-07-17,9753.8798828125,-1.0746939265796702
2014-07-18,9720.01953125,-0.3477514694475369
2014-07-21,9612.0498046875,-1.1170128485998518
2014-07-22,9734.330078125,1.2641321277687392
2014-07-23,9753.5595703125,0.1973481867496259
2014-07-24,9794.0595703125,0.4143733071444129
2014-07-25,9644.009765625,-1.5439062658938267
2014-07-28,9598.169921875,-0.4764525766916727
2014-07-29,9653.6298828125,0.5761551119205655
2014-07-30,9593.6796875,-0.6229482511783737
2014-07-31,9407.48046875,-1.9599348423146927
2014-08-01,9210.080078125,-2.12066224245534
2014-08-04,9154.1396484375,-0.6092347352332456
2014-08-05,9189.740234375,0.3881472279685746
2014-08-06,9130.0400390625,-0.651758981329201
2014-08-07,9038.9697265625,-1.002488042814987
2014-08-08,9009.3203125,-0.3285567848293032
2014-08-11,9180.740234375,1.8848205174056465
2014-08-12,9069.4697265625,-1.2194039063015016
2014-08-13,9198.8798828125,1.4167926903082873
2014-08-14,9225.099609375,0.2846262858095342
2014-08-15,9092.599609375,-1.4467134699417863
2014-08-18,9245.330078125,1.6657714689398866
2014-08-19,9334.2802734375,0.9575106606392232
2014-08-20,9314.5703125,-0.2113799795391436
2014-08-21,9401.5302734375,0.9292596639320176
2014-08-22,9339.169921875,-0.6655096242474658
2014-08-25,9510.1396484375,1.8141185997420075
2014-08-26,9588.150390625,0.8169440918079489
2014-08-27,9569.7099609375,-0.1925103852325872
2014-08-28,9462.5595703125,-1.1259983740261748
2014-08-29,9470.169921875,0.0803936059565966
2014-09-01,9479.0302734375,0.0935168990448554
2014-09-02,9507.01953125,0.2948404578785157
2014-09-03,9626.490234375,1.248827395238344
2014-09-04,9724.259765625,1.01050722278015
2014-09-05,9747.01953125,0.233777921250714
2014-09-08,9758.0302734375,0.1129014636450352
2014-09-09,9710.7001953125,-0.4862173365034526
2014-09-10,9700.169921875,-0.1084987371193975
2014-09-11,9691.2802734375,-0.0916862738032441
2014-09-12,9651.1298828125,-0.4151545538301337
2014-09-15,9659.6298828125,0.0880338283125095
2014-09-16,9632.9296875,-0.2767928460916722
2014-09-17,9661.5,0.2961511052067745
2014-09-18,9798.1298828125,1.404262350913558
2014-09-19,9799.259765625,0.0115309521729282
2014-09-22,9749.5400390625,-0.508674028759441
2014-09-23,9595.0302734375,-1.5974823835134884
2014-09-24,9661.9697265625,0.69522482987366
2014-09-25,9510.009765625,-1.5852629443418185
2014-09-26,9490.5498046875,-0.2048357330699638
2014-09-29,9422.91015625,-0.7152571443115396
2014-09-30,9474.2998046875,0.5438874333824752
2014-10-01,9382.0302734375,-0.9786662337966952
2014-10-02,9195.6796875,-2.006241208443136
2014-10-06,9209.509765625,0.1502845788489365
2014-10-07,9086.2099609375,-1.347874511070804
2014-10-08,8995.330078125,-1.0052312788799211
2014-10-09,9005.01953125,0.1076585096527411
2014-10-10,8788.8095703125,-2.4302875032455455
2014-10-13,8812.4296875,0.268391685611533
2014-10-14,8825.2099609375,0.1449204760840798
2014-10-15,8571.9501953125,-2.9117126709072845
2014-10-16,8582.900390625,0.1276629807394491
2014-10-17,8850.26953125,3.06760168222381
2014-10-20,8717.759765625,-1.508561676189047
2014-10-21,8886.9599609375,1.922273209160778
2014-10-22,8940.1396484375,0.5966180299744405
2014-10-23,9047.3095703125,1.1916218771517555
2014-10-24,8987.7998046875,-0.6599348012283986
2014-10-27,8902.6103515625,-0.9523548790212596
2014-10-28,9068.1904296875,1.842820094783974
2014-10-29,9082.8095703125,0.161083618380658
2014-10-30,9114.83984375,0.3520268556236049
2014-10-31,9326.8701171875,2.299565683180036
2014-11-03,9251.7001953125,-0.809215464978686
2014-11-04,9166.4697265625,-0.9255108134308244
2014-11-05,9315.48046875,1.6125351437441482
2014-11-06,9377.41015625,0.6626039313485359
2014-11-07,9291.830078125,-0.9168094308616528
2014-11-10,9351.8701171875,0.6440807993244336
2014-11-11,9369.0302734375,0.1833262364309546
2014-11-12,9210.9599609375,-1.7015523076497552
2014-11-13,9248.509765625,0.4068357004391703
2014-11-14,9252.9404296875,0.0478953173986367
2014-11-17,9306.349609375,0.5755535584808511
2014-11-18,9456.5302734375,1.6008616192453438
2014-11-19,9472.7998046875,0.1718976338735779
2014-11-20,9483.9697265625,0.1178462727976511
2014-11-21,9732.5498046875,2.5872941703116363
2014-11-24,9785.5400390625,0.542987197968515
2014-11-25,9861.2099609375,0.7703085349666435
2014-11-26,9915.5595703125,0.549632194602642
2014-11-27,9974.8701171875,0.5963744734985588
2014-11-28,9980.849609375,0.0599276041995377
2014-12-01,9963.509765625,-0.1738822269784896
2014-12-02,9934.080078125,-0.2958117962163276
2014-12-03,9971.7900390625,0.3788832723897493
2014-12-04,9851.349609375,-1.2151648413425724
2014-12-05,10087.1201171875,2.365091214157853
2014-12-08,10014.990234375,-0.717638010246363
2014-12-09,9793.7099609375,-2.234265512952818
2014-12-10,9799.73046875,0.0614543221603413
2014-12-11,9862.5302734375,0.6387873607813858
2014-12-12,9594.73046875,-2.7528717454737
2014-12-15,9334.009765625,-2.7549344493298693
2014-12-16,9563.8896484375,2.4329817537440777
2014-12-17,9544.4296875,-0.2036805783174975
2014-12-18,9811.0595703125,2.75525714272896
2014-12-19,9786.9599609375,-0.2459393561069994
2014-12-22,9865.759765625,0.8019269401493753
2014-12-23,9922.1103515625,0.5695482932846515
2014-12-29,9927.1298828125,0.0505765590796359
2014-12-30,9805.5498046875,-1.2322869328709587
2015-01-02,9764.73046875,-0.4171569805028186
2015-01-05,9473.16015625,-3.0314408827734116
2015-01-06,9469.66015625,-0.0369533151039728
2015-01-07,9518.1796875,0.511060102180777
2015-01-08,9837.6103515625,3.3009209896023446
2015-01-09,9648.5,-1.9410368265977325
2015-01-12,9781.900390625,1.3731316285774768
2015-01-13,9941.0,1.613384008995992
2015-01-14,9817.080078125,-1.2543885465696931
2015-01-15,10032.6103515625,2.1717088742303874
2015-01-16,10167.76953125,1.3382045038882429
2015-01-19,10242.349609375,0.7308179785839315
2015-01-20,10257.1298828125,0.1442014759868947
2015-01-21,10299.23046875,0.4096118581476084
2015-01-22,10435.6201171875,1.3155784749868231
2015-01-23,10649.580078125,2.02954966714918
2015-01-26,10798.330078125,1.3871037685023675
2015-01-27,10628.580078125,-1.5844893193580605
2015-01-28,10710.9697265625,0.7721817805421066
2015-01-29,10737.8701171875,0.2508331912133808
2015-01-30,10694.3203125,-0.4063967681586324
2015-02-02,10828.009765625,1.2423485016507714
2015-02-03,10890.9501953125,0.5795913431863984
2015-02-04,10911.3203125,0.1868624013952212
2015-02-05,10905.41015625,-0.0541800376829249
2015-02-06,10846.3896484375,-0.5426737390559172
2015-02-09,10663.509765625,-1.7004662462076177
2015-02-10,10753.830078125,0.8434366601663058
2015-02-11,10752.1103515625,-0.0159930375682785
2015-02-12,10919.650390625,1.5461907213427617
2015-02-13,10963.400390625,0.3998533726206623
2015-02-16,10923.23046875,-0.3670730980762203
2015-02-17,10895.6201171875,-0.2530872668246549
2015-02-18,10961.0,0.5982633862668113
2015-02-19,11001.9404296875,0.372814170652133
2015-02-20,11050.6396484375,0.4416653084707064
2015-02-23,11130.919921875,0.7238501306681207
2015-02-24,11205.740234375,0.6699353601901046
2015-02-25,11210.26953125,0.0404112684103454
2015-02-26,11327.1904296875,1.037578747419042
2015-02-27,11401.66015625,0.6552904447296979
2015-03-02,11410.3603515625,0.0762772918896186
2015-03-03,11280.3603515625,-1.1458553837730094
2015-03-04,11390.3798828125,0.9705937592901734
2015-03-05,11504.009765625,0.9926520654791976
2015-03-06,11550.9697265625,0.4073742585335137
2015-03-09,11582.1103515625,0.2692304155354054
2015-03-10,11500.3798828125,-0.7081628496875616
2015-03-11,11805.990234375,2.6226981531753077
2015-03-12,11799.3896484375,-0.0559244218250106
2015-03-13,11901.6103515625,0.8625909197613515
2015-03-16,12167.7197265625,2.2112806420226043
2015-03-17,11980.849609375,-1.5477011890782848
2015-03-18,11922.76953125,-0.4859531276852869
2015-03-19,11899.400390625,-0.1961966369805826
2015-03-20,12039.3701171875,1.1694111158377012
2015-03-23,11895.83984375,-1.1993376630505328
2015-03-24,12005.6904296875,0.9191993830063654
2015-03-25,11865.3203125,-1.176085392213077
2015-03-26,11843.6796875,-0.182552035175047
2015-03-27,11868.330078125,0.2079148899537961
2015-03-30,12086.009765625,1.817505146122192
2015-03-31,11966.169921875,-0.9965070692670074
2015-04-01,12001.3798828125,0.2938138153799364
2015-04-02,11967.3896484375,-0.2836212106403588
2015-04-07,12123.51953125,1.2961907548106786
2015-04-08,12035.8603515625,-0.7256772714825017
2015-04-09,12166.4404296875,1.0790820788861537
2015-04-10,12374.73046875,1.6975150987284626
2015-04-13,12338.73046875,-0.2913394085485274
2015-04-14,12227.599609375,-0.90474740906335
2015-04-15,12231.33984375,0.0305837823534534
2015-04-16,11998.8603515625,-1.918982298707271
2015-04-17,11688.7001953125,-2.6189094724355084
2015-04-20,11891.91015625,1.723577028286268
2015-04-21,11939.580078125,0.4000587876355628
2015-04-22,11867.3701171875,-0.6066311038550631
2015-04-23,11723.580078125,-1.21904220511822
2015-04-24,11810.849609375,0.7416362530257729
2015-04-27,12039.16015625,1.9146115533172865
2015-04-28,11811.66015625,-1.9077490574744589
2015-04-29,11432.7197265625,-3.260779657578051
2015-04-30,11454.3798828125,0.1892783540630092
2015-05-04,11619.849609375,1.4342629571895031
2015-05-05,11327.6796875,-2.5465548567929837
2015-05-06,11350.150390625,0.1981733737454421
2015-05-07,11407.9697265625,0.5081215851015367
2015-05-08,11709.73046875,2.610795019258733
2015-05-11,11673.349609375,-0.3111727677389646
2015-05-12,11472.41015625,-1.736339645183075
2015-05-13,11351.4599609375,-1.059866945457266
2015-05-14,11559.8203125,1.818895264727179
2015-05-15,11447.0302734375,-0.9804987627932512
2015-05-18,11594.2802734375,1.2781565038276994
2015-05-19,11853.330078125,2.209695072129737
2015-05-20,11848.4697265625,-0.0410125110386421
2015-05-21,11864.58984375,0.1359598462853826
2015-05-22,11815.009765625,-0.418758352297266
2015-05-26,11625.1298828125,-1.6201613057116746
2015-05-27,11771.1298828125,1.2480789379208328
2015-05-28,11677.5703125,-0.7979978934664097
2015-05-29,11413.8203125,-2.284500530823396
2015-06-01,11436.0498046875,0.1945700267566913
2015-06-02,11328.7998046875,-0.9422490843576914
2015-06-03,11419.6201171875,0.7984800293607486
2015-06-04,11340.599609375,-0.6943766471965744
2015-06-05,11197.150390625,-1.272985598808782
2015-06-08,11064.919921875,-1.187958010815836
2015-06-09,11001.2900390625,-0.5767194211300727
2015-06-10,11265.3896484375,2.372262038316057
2015-06-11,11332.7802734375,0.5964272771133665
2015-06-12,11196.490234375,-1.2099078095747156
2015-06-15,10984.9697265625,-1.9072407314937243
2015-06-16,11044.009765625,0.5360228370555343
2015-06-17,10978.009765625,-0.5994018624100437
2015-06-18,11100.2998046875,1.1077957694327454
2015-06-19,11040.099609375,-0.5438053988285523
2015-06-22,11460.5,3.737227695572276
2015-06-23,11542.5400390625,0.7133003878696548
2015-06-24,11471.259765625,-0.6194587767191762
2015-06-25,11473.1298828125,0.0163013025867782
2015-06-26,11492.4296875,0.1680761069360294
2015-06-29,11083.2001953125,-3.625806465042097
2015-06-30,10944.9697265625,-1.2550500898079089
2015-07-01,11180.5,2.1291224435546754
2015-07-02,11099.349609375,-0.7284676594455852
2015-07-03,11058.3896484375,-0.3697128765430379
2015-07-06,10890.6298828125,-1.5286608335353942
2015-07-07,10676.7802734375,-1.983146019532986
2015-07-08,10747.2998046875,0.6583226507655586
2015-07-09,10996.41015625,2.2914328039838954
2015-07-10,11315.6298828125,2.8616075379420476
2015-07-13,11484.3798828125,1.480289554073411
2015-07-14,11516.900390625,0.2827714726772971
2015-07-15,11539.66015625,0.1974255697961769
2015-07-16,11716.759765625,1.5230463966160137
2015-07-17,11673.419921875,-0.3705819615601074
2015-07-20,11735.7197265625,0.5322703243997098
2015-07-21,11604.7998046875,-1.1218370245742768
2015-07-22,11520.669921875,-0.7275982279223897
2015-07-23,11512.1103515625,-0.074325119285858
2015-07-24,11347.4501953125,-1.440648903070011
2015-07-27,11056.400390625,-2.5983585142766645
2015-07-28,11173.91015625,1.057212942481752
2015-07-29,11211.849609375,0.3389609273708267
2015-07-30,11257.150390625,0.4032297176585978
2015-07-31,11308.990234375,0.4594488335726991
2015-08-03,11443.7197265625,1.1843078662861746
2015-08-04,11456.0703125,0.1078663788090789
2015-08-05,11636.2998046875,1.560975775860064
2015-08-06,11585.099609375,-0.440974959079519
2015-08-07,11490.830078125,-0.8170423202531476
2015-08-10,11604.7802734375,0.9867772985018272
2015-08-11,11293.650390625,-2.7176450310901505
2015-08-12,10924.6103515625,-3.3222580867577194
2015-08-13,11014.6298828125,0.8206303907796543
2015-08-14,10985.1396484375,-0.2680960088845078
2015-08-17,10940.330078125,-0.4087450189972521
2015-08-18,10915.919921875,-0.22337012432946
2015-08-19,10682.150390625,-2.1648106269258554
2015-08-20,10432.1904296875,-2.367790130393067
2015-08-21,10124.51953125,-2.9936101234304817
2015-08-24,9648.4296875,-4.816498273740313
2015-08-25,10128.1201171875,4.8520549817836685
2015-08-26,9997.4296875,-1.298769653751756
2015-08-27,10315.6201171875,3.133123401204447
2015-08-28,10298.5302734375,-0.1658069563036482
2015-08-31,10259.4599609375,-0.3800990183736309
2015-09-01,10015.5703125,-2.4059289643441972
2015-09-02,10048.0498046875,0.3237653062578027
2015-09-03,10317.83984375,2.64958542871128
2015-09-04,10038.0400390625,-2.749254070358251
2015-09-07,10108.6103515625,0.7005690748813909
2015-09-08,10271.3603515625,1.5971903215448195
2015-09-09,10303.1201171875,0.3087299424112822
2015-09-10,10210.4404296875,-0.903600502610602
2015-09-11,10123.5595703125,-0.8545430124527212
2015-09-14,10131.740234375,0.0807755460169375
2015-09-15,10188.1298828125,0.5550211971676395
2015-09-16,10227.2099609375,0.3828506031115961
2015-09-17,10229.580078125,0.0231719364922707
2015-09-18,9916.16015625,-3.1117765701018185
2015-09-21,9948.509765625,0.3257002316116824
2015-09-22,9570.66015625,-3.8720582724485615
2015-09-23,9612.6201171875,0.4374645759939749
2015-09-24,9427.6396484375,-1.9431067768105592
2015-09-25,9688.5302734375,2.729697690920686
2015-09-28,9483.5498046875,-2.1384041682528365
2015-09-29,9450.400390625,-0.3501588162141063
2015-09-30,9660.4404296875,2.198213033404162
2015-10-01,9509.25,-1.5774231226413236
2015-10-02,9553.0703125,0.4597592420078268
2015-10-05,9814.7900390625,2.702783414266476
2015-10-06,9902.830078125,0.8930147109007749
2015-10-07,9970.400390625,0.680015994271678
2015-10-08,9993.0703125,0.2271141321723597
2015-10-09,10096.599609375,1.0306810791027965
2015-10-12,10119.830078125,0.2298178197994137
2015-10-13,10032.8203125,-0.8635122884308476
2015-10-14,9915.849609375,-1.1727302537773336
2015-10-15,10064.7998046875,1.490972105211989
2015-10-16,10104.4296875,0.3929741969347142
2015-10-19,10164.3095703125,0.5908611903262209
2015-10-20,10147.6796875,-0.1637445384312803
2015-10-21,10238.099609375,0.8870940228780027
2015-10-22,10491.9697265625,2.4494159251195784
2015-10-23,10794.5400390625,2.8430277739495127
2015-10-26,10801.33984375,0.0629731684850184
2015-10-27,10692.1904296875,-1.0156577440525831
2015-10-28,10831.9599609375,1.2987411193315317
2015-10-29,10800.83984375,-0.2877125377738683
2015-10-30,10850.1396484375,0.4554056310423305
2015-11-02,10950.669921875,0.92226837436209
2015-11-03,10951.150390625,0.0043874777824122
2015-11-04,10845.240234375,-0.971821359015086
2015-11-05,10887.740234375,0.3911111431516518
2015-11-06,10988.0302734375,0.9169116275333492
2015-11-09,10815.4501953125,-1.583083789090331
2015-11-10,10832.51953125,0.1576992178997619
2015-11-11,10907.8701171875,0.6931880143649644
2015-11-12,10782.6298828125,-1.1548062625103117
2015-11-13,10708.400390625,-0.690797848495801
2015-11-16,10713.23046875,0.0450953360046275
2015-11-17,10971.0400390625,2.377960731772549
2015-11-18,10959.9501953125,-0.1011340078739311
2015-11-19,11085.4404296875,1.1384837034919786
2015-11-20,11119.830078125,0.3097433640377632
2015-11-23,11092.3095703125,-0.2477971265280045
2015-11-24,10933.990234375,-1.4375729366789745
2015-11-25,11169.5400390625,2.13141266640977
2015-11-26,11320.76953125,1.3448616263360458
2015-11-27,11293.759765625,-0.2388710206029464
2015-11-30,11382.23046875,0.7803068453422819
2015-12-01,11261.240234375,-1.0686646709542138
2015-12-02,11190.01953125,-0.6344494052440992
2015-12-03,10789.240234375,-3.647290481846446
2015-12-04,10752.099609375,-0.3448314921195489
2015-12-07,10886.08984375,1.2384765121525396
2015-12-08,10673.599609375,-1.9712446748386392
2015-12-09,10592.490234375,-0.762808479534728
2015-12-10,10598.9296875,0.0607741562098372
2015-12-11,10340.0595703125,-2.472739292679184
2015-12-14,10139.33984375,-1.96027383387648
2015-12-15,10450.3798828125,3.0215438295333352
2015-12-16,10469.259765625,0.1804991697339303
2015-12-17,10738.1201171875,2.5356716246895825
2015-12-18,10608.1904296875,-1.2173653317646316
2015-12-21,10497.76953125,-1.046357579619714
2015-12-22,10488.75,-0.0859554800584965
2015-12-23,10727.6396484375,2.252030139555126
2015-12-28,10653.91015625,-0.6896580004033059
2015-12-29,10860.1396484375,1.9172197801598696
2015-12-30,10743.009765625,-1.0843884689112868
2016-01-04,10283.4404296875,-4.372041252076922
2016-01-05,10310.099609375,0.2589083229894957
2016-01-06,10214.01953125,-0.936271898781016
2016-01-07,9979.849609375,-2.3193219418532545
2016-01-08,9849.33984375,-1.31635890100215
2016-01-11,9825.0703125,-0.246711778064072
2016-01-12,9985.4296875,1.618968502355561
2016-01-13,9960.9599609375,-0.2453550669494709
2016-01-14,9794.2001953125,-1.6883054893338492
2016-01-15,9545.26953125,-2.5744698948154605
2016-01-18,9521.849609375,-0.2456578099722585
2016-01-19,9664.2099609375,1.4840250415725975
2016-01-20,9391.6396484375,-2.860947262332566
2016-01-21,9574.16015625,1.9247924655270303
2016-01-22,9764.8798828125,1.9724444386953843
2016-01-25,9736.150390625,-0.2946461040218768
2016-01-26,9822.75,0.885532146996704
2016-01-27,9880.8203125,0.5894411998664447
2016-01-28,9639.58984375,-2.4716975505696457
2016-01-29,9798.1103515625,1.6310985426529774
2016-02-01,9757.8798828125,-0.4114394108445562
2016-02-02,9581.0400390625,-1.8289002039905025
2016-02-03,9434.8203125,-1.5379015807546723
2016-02-04,9393.3603515625,-0.4404039741155723
2016-02-05,9286.23046875,-1.1470385880305949
2016-02-08,8979.3603515625,-3.3604058798767995
2016-02-09,8879.400390625,-1.119461829286201
2016-02-10,9017.2900390625,1.5409818659336338
2016-02-11,8752.8701171875,-2.9762189827581524
2016-02-12,8967.509765625,2.422635944791088
2016-02-15,9206.83984375,2.633864967607679
2016-02-16,9135.1103515625,-0.7821399261259212
2016-02-17,9377.2099609375,2.6157003402910175
2016-02-18,9463.6396484375,0.9174776676247928
2016-02-19,9388.0498046875,-0.8019466801395403
2016-02-22,9573.58984375,1.9570666298294028
2016-02-23,9416.76953125,-1.651615687928946
2016-02-24,9167.7998046875,-2.6794769115721233
2016-02-25,9331.48046875,1.7696357172271666
2016-02-26,9513.2998046875,1.929711839594005
2016-02-29,9495.400390625,-0.1883287038988504
2016-03-01,9717.16015625,2.3085898838238856
2016-03-02,9776.6201171875,0.6100422237687882
2016-03-03,9751.919921875,-0.2529652338040642
2016-03-04,9824.169921875,0.7381487174367387
2016-03-07,9778.9296875,-0.4615628711077785
2016-03-08,9692.8203125,-0.8844601675653768
2016-03-09,9723.08984375,0.3118015640762775
2016-03-10,9498.150390625,-2.3406369189892304
2016-03-11,9831.1298828125,3.445678592693309
2016-03-14,9990.259765625,1.6056725033395205
2016-03-15,9933.849609375,-0.5662517296669585
2016-03-16,9983.41015625,0.497665338980597
2016-03-17,9892.2001953125,-0.917814342346093
2016-03-18,9950.7998046875,0.5906342763522184
2016-03-21,9948.6396484375,-0.021710724702306
2016-03-22,9990.0,0.4148769586820956
2016-03-23,10022.9296875,0.3290844242426022
2016-03-24,9851.349609375,-1.7266974924547092
2016-03-29,9887.9404296875,0.3707414213132498
2016-03-30,10046.6103515625,1.5919422970949335
2016-03-31,9965.509765625,-0.8105191198943305
2016-04-01,9794.6396484375,-1.7294846581392065
2016-04-04,9822.080078125,0.2797659136468713
2016-04-05,9563.3603515625,-2.6693754007857344
2016-04-06,9624.509765625,0.6373778924438852
2016-04-07,9530.6201171875,-0.980315987680667
2016-04-08,9622.259765625,0.9569354405545868
2016-04-11,9682.990234375,0.6291622132012507
2016-04-12,9761.4697265625,0.8072213730028035
2016-04-13,10026.099609375,2.674867807226511
2016-04-14,10093.650390625,0.6714898055001591
2016-04-15,10051.5703125,-0.4177679653859274
2016-04-18,10120.3095703125,0.6815381043959484
2016-04-19,10349.58984375,2.2402636959670605
2016-04-20,10421.2900390625,0.6903942491844294
2016-04-21,10435.73046875,0.1384707081190941
2016-04-22,10373.490234375,-0.5982003926542578
2016-04-25,10294.349609375,-0.7658372853881844
2016-04-26,10259.58984375,-0.338230039470359
2016-04-27,10299.830078125,0.3914535129228965
2016-04-28,10321.150390625,0.2067827970575006
2016-04-29,10038.9697265625,-2.772073367880006
2016-05-02,10123.26953125,0.8362195770046644
2016-05-03,9926.76953125,-1.960158690821887
2016-05-04,9828.25,-0.9974209122852256
2016-05-05,9851.8603515625,0.2399413668740606
2016-05-06,9869.9501953125,0.1834501835447236
2016-05-09,9980.490234375,1.1137403432774422
2016-05-10,10045.4404296875,0.6486632171165999
2016-05-11,9975.3203125,-0.7004769179784902
2016-05-12,9862.1201171875,-1.1412906261434066
2016-05-13,9952.900390625,0.9162837711112816
2016-05-17,9890.1904296875,-0.6320605018380413
2016-05-18,9943.23046875,0.5348564504097153
2016-05-19,9795.8896484375,-1.4929090659573503
2016-05-20,9916.01953125,1.2188709776226834
2016-05-23,9842.2900390625,-0.7463172306924759
2016-05-24,10057.3095703125,2.161127903055611
2016-05-25,10205.2099609375,1.4598679805480217
2016-05-26,10272.7099609375,0.6592490323730733
2016-05-27,10286.3095703125,0.1322982483471534
2016-05-30,10333.23046875,0.4551117952843817
2016-05-31,10262.740234375,-0.6845077673333753
2016-06-01,10204.4404296875,-0.5696921654290646
2016-06-02,10208.0,0.0348764799666434
2016-06-03,10103.259765625,-1.0313605755715958
2016-06-06,10121.080078125,0.1762264405121501
2016-06-07,10287.6796875,1.6326647184471632
2016-06-08,10217.0302734375,-0.689106978575541
2016-06-09,10088.8701171875,-1.2623115012453725
2016-06-10,9834.6201171875,-2.552402214677897
2016-06-13,9657.4404296875,-1.8180178247414296
2016-06-14,9519.2001953125,-1.4417815067359447
2016-06-15,9606.7099609375,0.9150976406794172
2016-06-16,9550.4697265625,-0.5871469272810874
2016-06-17,9631.3603515625,0.8434138367482875
2016-06-20,9962.01953125,3.3755337546339788
2016-06-21,10015.5400390625,0.5358075461349809
2016-06-22,10071.0595703125,0.5528030997313599
2016-06-23,10257.0302734375,1.8297429128345104
2016-06-24,9557.16015625,-7.0672722663131005
2016-06-27,9268.66015625,-3.0651794480587644
2016-06-28,9447.2802734375,1.9088064662488395
2016-06-29,9612.26953125,1.7313460271418533
2016-06-30,9680.08984375,0.7030824022994084
2016-07-01,9776.1201171875,0.98715066755577
2016-07-04,9709.08984375,-0.6880145298509457
2016-07-05,9532.6103515625,-1.8343954968375475
2016-07-06,9373.259765625,-1.6857659407196968
2016-07-07,9418.7802734375,0.4844667928700844
2016-07-08,9629.66015625,2.2142337523566566
2016-07-11,9833.41015625,2.09378520688577
2016-07-12,9964.0703125,1.3199866881843214
2016-07-13,9930.7099609375,-0.3353681957928733
2016-07-14,10068.2998046875,1.3759882737149074
2016-07-15,10066.900390625,-0.0139001753265848
2016-07-18,10063.1298828125,-0.037461521968696
2016-07-19,9981.240234375,-0.8170883251545166
2016-07-20,10142.009765625,1.5978825678120732
2016-07-21,10156.2099609375,0.1399156952714348
2016-07-22,10147.4599609375,-0.0861913198487025
2016-07-25,10198.240234375,0.4991755348168527
2016-07-26,10247.759765625,0.4843942881370978
2016-07-27,10319.5498046875,0.6981013279488042
2016-07-28,10274.9296875,-0.4333218231897183
2016-07-29,10337.5,0.6071143056618808
2016-08-01,10330.51953125,-0.067548504150247
2016-08-02,10144.33984375,-1.8186676227651053
2016-08-03,10170.2099609375,0.2546955893302546
2016-08-04,10227.8603515625,0.5652548818800791
2016-08-05,10367.2099609375,1.353253315855402
2016-08-08,10432.3603515625,0.6264610539238363
2016-08-09,10692.900390625,2.4667458859021267
2016-08-10,10650.8896484375,-0.3936582618444197
2016-08-11,10742.83984375,0.8596047878826655
2016-08-12,10713.4296875,-0.2741406154133941
2016-08-15,10739.2099609375,0.2403460485070648
2016-08-16,10676.650390625,-0.5842375438831896
2016-08-17,10537.669921875,-1.3102701859260335
2016-08-18,10603.0302734375,0.6183386473386071
2016-08-19,10544.3603515625,-0.5548681957233832
2016-08-22,10494.349609375,-0.4754173281178726
2016-08-23,10592.8798828125,0.9345086373937914
2016-08-24,10622.9697265625,0.2836545740965296
2016-08-25,10529.58984375,-0.8829237816236808
2016-08-26,10587.76953125,0.5510142974744715
2016-08-29,10544.4404296875,-0.4100769617774487
2016-08-30,10657.6396484375,1.0678225339636171
2016-08-31,10592.6904296875,-0.6112791731078123
2016-09-01,10534.3095703125,-0.5526672785934306
2016-09-02,10683.8203125,1.40929683769818
2016-09-05,10672.2197265625,-0.10863987010007
2016-09-06,10687.1396484375,0.1397038557166242
2016-09-07,10752.98046875,0.6141852463982862
2016-09-08,10675.2900390625,-0.7251240371974528
2016-09-09,10573.4404296875,-0.9586491722773044
2016-09-12,10431.76953125,-1.3489324498031297
2016-09-13,10386.599609375,-0.4339436240337359
2016-09-14,10378.400390625,-0.0789715307114873
2016-09-15,10431.2001953125,0.5074572938068898
2016-09-16,10276.169921875,-1.4973718940643854
2016-09-19,10373.8701171875,0.9462540908422944
2016-09-20,10393.8603515625,0.1925125191595638
2016-09-21,10436.490234375,0.4093060474617686
2016-09-22,10674.1796875,2.2519370414727486
2016-09-23,10626.9697265625,-0.4432628241695746
2016-09-26,10393.7099609375,-2.21942719312397
2016-09-27,10361.48046875,-0.3105682716026718
2016-09-28,10438.33984375,0.7390422001010982
2016-09-29,10405.5400390625,-0.3147190632922922
2016-09-30,10511.01953125,1.0085825633034209
2016-10-04,10619.6103515625,1.0278139068786047
2016-10-05,10585.7802734375,-0.3190708195305605
2016-10-06,10568.7998046875,-0.1605370783456892
2016-10-07,10490.8603515625,-0.7401810701995101
2016-10-10,10624.080078125,1.2618694779876385
2016-10-11,10577.16015625,-0.4426156013177369
2016-10-12,10523.0703125,-0.5126954637992595
2016-10-13,10414.0703125,-1.0412213082259616
2016-10-14,10580.3798828125,1.584352508707364
2016-10-17,10503.5703125,-0.7286102405066347
2016-10-18,10631.5498046875,1.2110747959388015
2016-10-19,10645.6796875,0.1328169618588852
2016-10-20,10701.3896484375,0.521946001440988
2016-10-21,10710.73046875,0.0872479778173616
2016-10-24,10761.169921875,0.4698191122957895
2016-10-25,10757.3095703125,-0.0358794087222934
2016-10-26,10709.6796875,-0.4437507318701387
2016-10-27,10717.080078125,0.0690761552395923
2016-10-28,10696.1904296875,-0.1951094304507727
2016-10-31,10665.009765625,-0.2919375870534708
2016-11-01,10526.16015625,-1.3104665477267226
2016-11-02,10370.9296875,-1.4856932253732549
2016-11-03,10325.8798828125,-0.4353315971786561
2016-11-04,10259.1298828125,-0.6485324487618438
2016-11-07,10456.9501953125,1.9098818393796484
2016-11-08,10482.3203125,0.242321045447773
2016-11-09,10646.009765625,1.5495093803585005
2016-11-10,10630.1201171875,-0.1493659935260385
2016-11-11,10667.9501953125,0.3552445583486561
2016-11-14,10693.6904296875,0.2409950367094022
2016-11-15,10735.1396484375,0.3868551880051187
2016-11-16,10663.8701171875,-0.6661036706462862
2016-11-17,10685.5400390625,0.2030026043644883
2016-11-18,10664.5595703125,-0.196537495255734
2016-11-21,10685.1298828125,0.1926989983667852
2016-11-22,10713.849609375,0.2684216209172633
2016-11-23,10662.4404296875,-0.4809934624591059
2016-11-24,10689.259765625,0.2512151238233117
2016-11-25,10699.26953125,0.0935993888765884
2016-11-28,10582.669921875,-1.0957720871422023
2016-11-29,10620.490234375,0.3567426018705947
2016-11-30,10640.2998046875,0.186348447151969
2016-12-01,10534.0498046875,-1.0035811604916636
2016-12-02,10513.349609375,-0.1967008044990557
2016-12-05,10684.830078125,1.6179144802982164
2016-12-06,10775.3203125,0.8433377124262733
2016-12-07,10986.6904296875,1.942621634098397
2016-12-08,11179.419921875,1.7390001771597543
2016-12-09,11203.6298828125,0.2163241434018847
2016-12-12,11190.2099609375,-0.1198537059754098
2016-12-13,11284.650390625,0.8404144369964542
2016-12-14,11244.83984375,-0.3534086914193105
2016-12-15,11366.400390625,1.07523264334764
2016-12-16,11404.009765625,0.3303358081117107
2016-12-19,11426.7001953125,0.1987711919352731
2016-12-20,11464.740234375,0.3323519478339602
2016-12-21,11468.6396484375,0.0340064492892418
2016-12-22,11456.099609375,-0.1094018141032092
2016-12-23,11449.9296875,-0.0538715981216276
2016-12-27,11472.240234375,0.1946635418576692
2016-12-28,11474.990234375,0.0239680341112188
2016-12-29,11451.0498046875,-0.2088493115135714
2016-12-30,11481.0595703125,0.2617271901604458
2017-01-02,11598.330078125,1.0162445269074327
2017-01-03,11584.240234375,-0.1215555073917025
2017-01-04,11584.3095703125,0.0005985349802547
2017-01-05,11584.9404296875,0.005445660737029
2017-01-06,11599.009765625,0.121371358600257
2017-01-09,11563.990234375,-0.3023749767486338
2017-01-10,11583.2998046875,0.1668409110446486
2017-01-11,11646.169921875,0.5412975107647325
2017-01-12,11521.0400390625,-1.080243152553131
2017-01-13,11629.1796875,0.9342497502807604
2017-01-16,11554.7099609375,-0.6424287193779056
2017-01-17,11540.0,-0.1273881590340467
2017-01-18,11599.3896484375,0.5133219134059422
2017-01-19,11596.8896484375,-0.0215551811364496
2017-01-20,11630.1298828125,0.2862205977214839
2017-01-23,11545.75,-0.7281730495894049
2017-01-24,11594.9404296875,0.4251429224084301
2017-01-25,11806.0498046875,1.804326229272839
2017-01-26,11848.6298828125,0.3600143792067477
2017-01-27,11814.26953125,-0.290415600482389
2017-01-30,11681.8896484375,-1.1268333904756993
2017-01-31,11535.3095703125,-1.26270205393432
2017-02-01,11659.5,1.0708569612321928
2017-02-02,11627.9501953125,-0.2709598837649908
2017-02-03,11651.490234375,0.2022389426149999
2017-02-06,11509.83984375,-1.2231780838606516
2017-02-07,11549.4404296875,0.3434680041932909
2017-02-08,11543.3798828125,-0.0524885824436304
2017-02-09,11642.8603515625,0.8581044462153732
2017-02-10,11666.9697265625,0.2068602260628105
2017-02-13,11774.4296875,0.91684555004994
2017-02-14,11771.8095703125,-0.0222550800544097
2017-02-15,11793.9296875,0.1877312096344502
2017-02-16,11757.240234375,-0.3115724860181469
2017-02-17,11757.01953125,-0.0018771853947915
2017-02-20,11827.6201171875,0.5987015097604823
2017-02-21,11967.490234375,1.1756342045883788
2017-02-22,11998.58984375,0.2595303589893011
2017-02-23,11947.830078125,-0.4239451393218668
2017-02-24,11804.0302734375,-1.2108656715178996
2017-02-27,11822.669921875,0.1577846432258276
2017-02-28,11834.41015625,0.0992534606978419
2017-03-01,12067.1904296875,1.9478832204009464
2017-03-02,12059.5703125,-0.0631673478450106
2017-03-03,12027.3603515625,-0.2674477756098848
2017-03-06,11958.400390625,-0.575009078792013
2017-03-07,11966.1396484375,0.0646972361417939
2017-03-08,11967.3095703125,0.009776458589307
2017-03-09,11978.3896484375,0.0925433733594911
2017-03-10,11963.1796875,-0.1270590308456985
2017-03-13,11990.0302734375,0.2241920579970096
2017-03-14,11988.7900390625,-0.0103444152793419
2017-03-15,12009.8701171875,0.1756771703859982
2017-03-16,12083.1796875,0.6085555556654011
2017-03-17,12095.240234375,0.0997629118383654
2017-03-20,12052.900390625,-0.3506678861493355
2017-03-21,11962.1298828125,-0.7559510776741483
2017-03-22,11904.1201171875,-0.4861247985269982
2017-03-23,12039.6796875,1.1323266969173502
2017-03-24,12064.26953125,0.2040317298816841
2017-03-27,11996.0703125,-0.5669030598997913
2017-03-28,12149.419921875,1.2702303392904493
2017-03-29,12203.0,0.4400397558436543
2017-03-30,12256.4296875,0.4368848592649607
2017-03-31,12312.8701171875,0.4594394583241892
2017-04-03,12257.2001953125,-0.4531530958683941
2017-04-04,12282.33984375,0.2048910223438406
2017-04-05,12217.5400390625,-0.5289818244063227
2017-04-06,12230.8896484375,0.109206283367602
2017-04-07,12225.0595703125,-0.0476782003699311
2017-04-10,12200.51953125,-0.2009372815057791
2017-04-11,12139.349609375,-0.5026325351573143
2017-04-12,12154.7001953125,0.1263732321604901
2017-04-13,12109.0,-0.376696455900663
2017-04-18,12000.4404296875,-0.9005626183789873
2017-04-19,12016.4501953125,0.1333209052441586
2017-04-20,12027.3203125,0.0904194117520398
2017-04-21,12048.5703125,0.1765251873677485
2017-04-24,12454.98046875,3.3174573935512193
2017-04-25,12467.0400390625,0.0967784393723359
2017-04-26,12472.7998046875,0.0461892759816082
2017-04-27,12443.7900390625,-0.2328551291718613
2017-04-28,12438.009765625,-0.0464618603706753
2017-05-02,12507.900390625,0.5603388084917715
2017-05-03,12527.83984375,0.1592879391965833
2017-05-04,12647.7802734375,0.9528372018314492
2017-05-05,12716.8896484375,0.5449276196177227
2017-05-08,12694.5498046875,-0.1758251400627166
2017-05-09,12749.1201171875,0.4289506689987027
2017-05-10,12757.4599609375,0.065393667215717
2017-05-11,12711.0595703125,-0.3643748660447261
2017-05-12,12770.41015625,0.4658341445819525
2017-05-15,12807.0400390625,0.2864234517117601
2017-05-16,12804.5302734375,-0.0195986860814066
2017-05-17,12631.6103515625,-1.3596605582448196
2017-05-18,12590.0595703125,-0.3294850734978907
2017-05-19,12638.6904296875,0.3855198502228945
2017-05-22,12619.4599609375,-0.1522714226365444
2017-05-23,12659.150390625,0.3140240840100156
2017-05-24,12642.8701171875,-0.1286875542545498
2017-05-25,12621.7197265625,-0.1674311413464103
2017-05-26,12602.1796875,-0.1549327695169251
2017-05-29,12628.9501953125,0.2122022912364881
2017-05-30,12598.6796875,-0.2399791219423104
2017-05-31,12615.0595703125,0.1299282502234456
2017-06-01,12664.919921875,0.3944656381659747
2017-06-02,12822.9404296875,1.2399827238589267
2017-06-06,12690.1201171875,-1.0412040702148395
2017-06-07,12672.490234375,-0.1390226432343264
2017-06-08,12713.580078125,0.3237198914794776
2017-06-09,12815.7197265625,0.8001801397491478
2017-06-12,12690.4404296875,-0.982353310565614
2017-06-13,12764.98046875,0.5856532674410876
2017-06-14,12805.9501953125,0.3204401291278949
2017-06-15,12691.8095703125,-0.8953052227362633
2017-06-16,12752.73046875,0.4788533394895448
2017-06-19,12888.9501953125,1.062496720328219
2017-06-20,12814.7900390625,-0.577039460812833
2017-06-21,12774.259765625,-0.3167785255007711
2017-06-22,12794.0,0.1544120599382723
2017-06-23,12733.41015625,-0.4747050888375038
2017-06-26,12770.830078125,0.293440999475296
2017-06-27,12671.01953125,-0.7846210905276773
2017-06-28,12647.26953125,-0.1876114685921678
2017-06-29,12416.1904296875,-1.8440043777265436
2017-06-30,12325.1201171875,-0.7361835068166264
2017-07-03,12475.3095703125,1.2111990887506368
2017-07-04,12437.1298828125,-0.3065112709101045
2017-07-05,12453.6796875,0.1329792595099657
2017-07-06,12381.25,-0.5832905006474646
2017-07-07,12388.6796875,0.059989574589402
2017-07-10,12445.919921875,0.4609724870634862
2017-07-11,12437.01953125,-0.071538099599098
2017-07-12,12626.580078125,1.5126650947935507
2017-07-13,12641.330078125,0.1167488849230527
2017-07-14,12631.7197265625,-0.0760521749451113
2017-07-17,12587.16015625,-0.3533829963189446
2017-07-18,12430.3896484375,-1.253300671793258
2017-07-19,12452.0498046875,0.1740999853486554
2017-07-20,12447.25,-0.0385537327121935
2017-07-21,12240.0595703125,-1.6785571050286048
2017-07-24,12208.9501953125,-0.2544838591619166
2017-07-25,12264.3095703125,0.4524078112312486
2017-07-26,12305.1103515625,0.3321268380389088
2017-07-27,12212.0400390625,-0.7592298296306895
2017-07-28,12162.7001953125,-0.4048446109801555
2017-07-31,12118.25,-0.3661326645841174
2017-08-01,12251.2900390625,1.0918659980258236
2017-08-02,12181.48046875,-0.5714436703617212
2017-08-03,12154.7197265625,-0.2199254835094825
2017-08-04,12297.7197265625,1.169630788891491
2017-08-07,12257.169921875,-0.3302791592981769
2017-08-08,12292.0498046875,0.2841630542384729
2017-08-09,12154.0,-1.129436234376661
2017-08-10,12014.2998046875,-1.1560742986308512
2017-08-11,12014.0595703125,-0.0019995903279049
2017-08-14,12165.1201171875,1.2495255361312876
2017-08-15,12177.0400390625,0.0979364423801359
2017-08-16,12263.8603515625,0.710454003709599
2017-08-17,12203.4599609375,-0.4937239758872335
2017-08-18,12165.1904296875,-0.3140884874442211
2017-08-21,12065.990234375,-0.8187859344883976
2017-08-22,12229.33984375,1.3447199140426802
2017-08-23,12174.2998046875,-0.4510813401801118
2017-08-24,12180.830078125,0.0536254466752105
2017-08-25,12167.9404296875,-0.1058751581516069
2017-08-28,12123.4697265625,-0.3661438551374073
2017-08-29,11945.8798828125,-1.47567814936975
2017-08-30,12002.4697265625,0.4725999912412231
2017-08-31,12055.83984375,0.4436737716681844
2017-09-01,12142.6396484375,0.717401909397479
2017-09-04,12102.2099609375,-0.3335118643867899
2017-09-05,12123.7099609375,0.1774958863394344
2017-09-06,12214.5400390625,0.7464012393204515
2017-09-07,12296.6298828125,0.6698182985904437
2017-09-08,12303.98046875,0.0597593803666382
2017-09-11,12475.240234375,1.382307334494409
2017-09-12,12524.76953125,0.3962347386338034
2017-09-13,12553.5703125,0.2296866067786737
2017-09-14,12540.4501953125,-0.1045676867835496
2017-09-15,12518.8095703125,-0.1727156395043139
2017-09-18,12559.3896484375,0.3236286081719116
2017-09-19,12561.7900390625,0.0191104929160632
2017-09-20,12569.169921875,0.058731405693256
2017-09-21,12600.0302734375,0.2452232632564852
2017-09-22,12592.349609375,-0.0609760914705668
2017-09-25,12594.8095703125,0.0195334529612615
2017-09-26,12605.2001953125,0.0824652504938291
2017-09-27,12657.41015625,0.4133384044186009
2017-09-28,12704.650390625,0.3725272157570951
2017-09-29,12828.8603515625,0.9729248906030382
2017-10-02,12902.650390625,0.5735399065950502
2017-10-04,12970.51953125,0.5246307004326284
2017-10-05,12968.0498046875,-0.0190428896673295
2017-10-06,12955.9404296875,-0.0934221604872214
2017-10-09,12976.400390625,0.1577949736553472
2017-10-10,12949.25,-0.2094481730743101
2017-10-11,12970.6796875,0.1653530132299659
2017-10-12,12982.8896484375,0.0940908102485255
2017-10-13,12991.8701171875,0.069147658641381
2017-10-16,13003.7001953125,0.091016113895177
2017-10-17,12995.0595703125,-0.0664695192849762
2017-10-18,13043.0302734375,0.3684660256308286
2017-10-19,12990.099609375,-0.4066413622792543
2017-10-20,12991.2802734375,0.0090885400901526
2017-10-23,13003.1396484375,0.0912455508409909
2017-10-24,13013.1904296875,0.0772651770625422
2017-10-25,12953.41015625,-0.4604405482663994
2017-10-26,13133.2802734375,1.37904015254464
2017-10-27,13217.5400390625,0.6395250835118659
2017-10-30,13229.5703125,0.0909760961203922
2017-11-01,13465.509765625,1.7677084785107255
2017-11-02,13440.9296875,-0.1827078235722699
2017-11-03,13478.8603515625,0.2818052377778448
2017-11-06,13468.7900390625,-0.0747398220089673
2017-11-07,13379.26953125,-0.6668700904630729
2017-11-08,13382.419921875,0.0235440340571189
2017-11-09,13182.5595703125,-1.5047188167665289
2017-11-10,13127.4697265625,-0.4187750886839058
2017-11-13,13074.419921875,-0.4049316891817093
2017-11-14,13033.48046875,-0.3136176105148479
2017-11-15,12976.3701171875,-0.4391447244493754
2017-11-16,13047.2197265625,0.5445043120414765
2017-11-17,12993.73046875,-0.4108093801260039
2017-11-20,13058.66015625,0.4984557683820163
2017-11-21,13167.5400390625,0.8303185939414294
2017-11-22,13015.0400390625,-1.164909829977342
2017-11-23,13008.5498046875,-0.0498796249751214
2017-11-24,13059.83984375,0.3935042090272095
2017-11-27,13000.2001953125,-0.4577103678148403
2017-11-28,13059.5302734375,0.4553399407247084
2017-11-29,13061.8701171875,0.0179151478961196
2017-11-30,13023.98046875,-0.2904998244823449
2017-12-01,12861.490234375,-1.2554716161384112
2017-12-04,13058.5498046875,1.520548323168475
2017-12-05,13048.5400390625,-0.0766823585118195
2017-12-06,12998.849609375,-0.3815391149566987
2017-12-07,13045.150390625,0.3555585165763995
2017-12-08,13153.7001953125,0.8286655591615779
2017-12-11,13123.650390625,-0.2287126907129214
2017-12-12,13183.5302734375,0.4552368191024192
2017-12-13,13125.6396484375,-0.4400801591443952
2017-12-14,13068.080078125,-0.43949208865212
2017-12-15,13103.5595703125,0.2711294699039858
2017-12-18,13312.2998046875,1.580448898929351
2017-12-19,13215.7900390625,-0.7276075433416209
2017-12-20,13069.169921875,-1.1156314343879703
2017-12-21,13109.740234375,0.3099467833974348
2017-12-22,13072.7900390625,-0.2822509471552367
2017-12-27,13070.01953125,-0.0211951803835059
2017-12-28,12979.9404296875,-0.6915900119242522
2017-12-29,12917.6396484375,-0.4811329957847043
2018-01-02,12871.3896484375,-0.3586800344592583
2018-01-03,12978.2099609375,0.8264802717344135
2018-01-04,13167.8896484375,1.4509469328923603
2018-01-05,13319.6396484375,1.1458347708778172
2018-01-08,13367.7802734375,0.3607743075702767
2018-01-09,13385.58984375,0.133138911959547
2018-01-10,13281.33984375,-0.7818712713290605
2018-01-11,13202.900390625,-0.5923498789212542
2018-01-12,13245.0302734375,0.3185876353186833
2018-01-15,13200.509765625,-0.3366960917065786
2018-01-16,13246.330078125,0.3465091377056933
2018-01-17,13183.9599609375,-0.471960261260716
2018-01-18,13281.4296875,0.7365859225883252
2018-01-19,13434.4501953125,1.1455522473826047
2018-01-22,13463.6904296875,0.21741462579627
2018-01-23,13559.599609375,0.709829056736008
2018-01-24,13414.740234375,-1.0740634872462589
2018-01-25,13298.3603515625,-0.8713374081147852
2018-01-26,13340.169921875,0.3139032387620415
2018-01-29,13324.48046875,-0.1176798098290453
2018-01-30,13197.7099609375,-0.9559653345992172
2018-01-31,13189.48046875,-0.0623749047951514
2018-02-01,13003.900390625,-1.4170235176258563
2018-02-02,12785.16015625,-1.6964206957933374
2018-02-05,12687.490234375,-0.766864845438969
2018-02-06,12392.66015625,-2.3512112624861423
2018-02-07,12590.4296875,1.583260227071189
2018-02-08,12260.2900390625,-2.657138916884804
2018-02-09,12107.48046875,-1.2542105433337094
2018-02-12,12282.76953125,1.4373947010316948
2018-02-13,12196.5,-0.7048403817393866
2018-02-14,12339.16015625,1.1628932176552542
2018-02-15,12346.169921875,0.056792968060198
2018-02-16,12451.9599609375,0.8532149910758674
2018-02-19,12385.599609375,-0.5343561172108251
2018-02-20,12487.900390625,0.8225730844298402
2018-02-21,12470.490234375,-0.1395134753319379
2018-02-22,12461.91015625,-0.0688267341233094
2018-02-23,12483.7900390625,0.1754201185131066
2018-02-26,12527.0400390625,0.3458505213562529
2018-02-27,12490.73046875,-0.2902704363332286
2018-02-28,12435.849609375,-0.4403407758407671
2018-03-01,12190.9404296875,-1.9890310802532736
2018-03-02,11913.7099609375,-2.3003253633673744
2018-03-05,12090.8701171875,1.4760797507517756
2018-03-06,12113.8701171875,0.1900454762147269
2018-03-07,12245.3603515625,1.079603164699458
2018-03-08,12355.5703125,0.895988039974117
2018-03-09,12346.6796875,-0.0719823124119214
2018-03-12,12418.3896484375,0.5791234450782304
2018-03-13,12221.0302734375,-1.6020149545101428
2018-03-14,12237.740234375,0.1366378046839135
2018-03-15,12345.5595703125,0.8771810793244935
2018-03-16,12389.580078125,0.355935360889822
2018-03-19,12217.01953125,-1.4025779952020825
2018-03-20,12307.330078125,0.7365003071754479
2018-03-21,12309.150390625,0.014789380680393
2018-03-22,12100.080078125,-1.7130849385989584
2018-03-23,11886.3095703125,-1.7824789049254792
2018-03-26,11787.259765625,-0.8368014241291617
2018-03-27,11970.830078125,1.5453596391853928
2018-03-28,11940.7099609375,-0.2519296797192089
2018-03-29,12096.73046875,1.298163998362742
2018-04-03,12002.4501953125,-0.7824395007189979
2018-04-04,11957.900390625,-0.371863140021621
2018-04-05,12305.1904296875,2.862897903271786
2018-04-06,12241.26953125,-0.520816794169851
2018-04-09,12261.75,0.167166936248268
2018-04-10,12397.3203125,1.0995684485054058
2018-04-11,12293.9697265625,-0.8371469401042269
2018-04-12,12415.009765625,0.9797329533186444
2018-04-13,12442.400390625,0.2203820584186531
2018-04-16,12391.41015625,-0.4106522914396425
2018-04-17,12585.5703125,1.5547441177469965
2018-04-18,12590.830078125,0.0417833019805407
2018-04-19,12567.419921875,-0.1861032703518263
2018-04-20,12540.5,-0.2144337904055361
2018-04-23,12572.3896484375,0.2539704990137503
2018-04-24,12550.8203125,-0.1717084820816016
2018-04-25,12422.2998046875,-1.0292798164380736
2018-04-26,12500.4697265625,0.6272992904089841
2018-04-27,12580.8701171875,0.6411193861240887
2018-04-30,12612.1103515625,0.2480075783521541
2018-05-02,12802.25,1.496344535588001
2018-05-03,12690.150390625,-0.8794803958704245
2018-05-04,12819.599609375,1.0149086517631467
2018-05-07,12948.1396484375,0.9976902047866912
2018-05-08,12912.2099609375,-0.2778749024032272
2018-05-09,12943.0595703125,0.2386331651065592
2018-05-10,13022.8701171875,0.6147347633710826
2018-05-11,13001.240234375,-0.1662296040171243
2018-05-14,12977.7099609375,-0.1811488123663539
2018-05-15,12970.0400390625,-0.0591182056123065
2018-05-16,12996.330078125,0.202493054878554
2018-05-17,13114.6103515625,0.9059886816964275
2018-05-18,13077.7197265625,-0.2816904741482798
2018-05-22,13169.919921875,0.7025437393415374
2018-05-23,12976.83984375,-1.4769217260766827
2018-05-24,12855.08984375,-0.9426388426866223
2018-05-25,12938.009765625,0.6429642717768348
2018-05-28,12863.4599609375,-0.5778741516372392
2018-05-29,12666.509765625,-1.5429246849667886
2018-05-30,12783.759765625,0.9214112989838203
2018-05-31,12604.8896484375,-1.4090791031965624
2018-06-01,12724.26953125,0.9426350549844495
2018-06-04,12770.75,0.3646243156617031
2018-06-05,12787.1298828125,0.1281787466742525
2018-06-06,12830.0703125,0.335247174379963
2018-06-07,12811.0498046875,-0.1483594415090446
2018-06-08,12766.5498046875,-0.34796107202361
2018-06-11,12842.91015625,0.596346646736581
2018-06-12,12842.2998046875,-0.0047525526444462
2018-06-13,12890.580078125,0.3752423382765472
2018-06-14,13107.099609375,1.6657220196249949
2018-06-15,13010.5498046875,-0.739348652477008
2018-06-18,12834.1103515625,-1.3654054124191233
2018-06-19,12677.9697265625,-1.2240677680323993
2018-06-20,12695.16015625,0.1355010784803398
2018-06-21,12511.91015625,-1.453982760166317
2018-06-22,12579.7197265625,0.5404968565990843
2018-06-25,12270.330078125,-2.4901812142878055
2018-06-26,12234.33984375,-0.2937420529885521
2018-06-27,12348.6103515625,0.9296795538422756
2018-06-28,12177.23046875,-1.3975681694070028
2018-06-29,12306.0,1.0519095410161718
2018-07-02,12238.169921875,-0.552719859946081
2018-07-03,12349.1396484375,0.902664683436332
2018-07-04,12317.6103515625,-0.2556422232041271
2018-07-05,12464.2900390625,1.1837784679499117
2018-07-06,12496.169921875,0.2554432105610525
2018-07-09,12543.8896484375,0.3811475304087337
2018-07-10,12609.849609375,0.5244557196780382
2018-07-11,12417.1298828125,-1.54012621472072
2018-07-12,12492.9697265625,0.6089102754816744
2018-07-13,12540.73046875,0.3815720389990505
2018-07-16,12561.01953125,0.1616546011199783
2018-07-17,12661.5400390625,0.7970724757302032
2018-07-18,12765.9404296875,0.8211665124148315
2018-07-19,12686.2900390625,-0.6258834622353404
2018-07-20,12561.419921875,-0.9891680120077946
2018-07-23,12548.5703125,-0.1023465989170656
2018-07-24,12689.3896484375,1.1159443753968763
2018-07-25,12579.330078125,-0.871118659668704
2018-07-26,12809.23046875,1.8111044484027692
2018-07-27,12860.400390625,0.3986811491969226
2018-07-30,12798.2001953125,-0.4848301601179692
2018-07-31,12805.5,0.057021483844971
2018-08-01,12737.0498046875,-0.535971229944803
2018-08-02,12546.330078125,-1.5086855077128356
2018-08-03,12615.759765625,0.5518608679808049
2018-08-06,12598.2099609375,-0.1392070166809129
2018-08-07,12648.1904296875,0.3959418631722456
2018-08-08,12633.5400390625,-0.1158970686994066
2018-08-09,12676.1103515625,0.3363962124140712
2018-08-10,12424.349609375,-2.006092205092865
2018-08-13,12358.740234375,-0.5294701240826115
2018-08-14,12358.8701171875,0.0010509334086442
2018-08-15,12163.009765625,-1.59746738519016
2018-08-16,12237.169921875,0.6078675284604167
2018-08-17,12210.5498046875,-0.2177718658888024
2018-08-20,12331.2998046875,0.9840413523012744
2018-08-21,12384.490234375,0.4304172492170264
2018-08-22,12385.7001953125,0.0097694924219327
2018-08-23,12365.580078125,-0.1625784314748393
2018-08-24,12394.51953125,0.2337588843294779
2018-08-27,12538.3095703125,1.1534321486930157
2018-08-28,12527.419921875,-0.0868887468525795
2018-08-29,12561.6796875,0.2731049535667154
2018-08-30,12494.240234375,-0.538312831383838
2018-08-31,12364.0595703125,-1.0473914562356668
2018-09-03,12346.41015625,-0.1428497091240362
2018-09-04,12210.2099609375,-1.1092861419612
2018-09-05,12040.4599609375,-1.3999841906102155
2018-09-06,11955.25,-0.7102129442596573
2018-09-07,11959.6298828125,0.0366289346459713
2018-09-10,11986.33984375,0.223085323499545
2018-09-11,11970.26953125,-0.134161847855123
2018-09-12,12032.2998046875,0.5168647627988541
2018-09-13,12055.5498046875,0.1930434438713242
2018-09-14,12124.330078125,0.5689065394827375
2018-09-17,12096.41015625,-0.2305456726039781
2018-09-18,12157.669921875,0.5051512627598048
2018-09-19,12219.01953125,0.5033475855839581
2018-09-20,12326.48046875,0.87561161175049
2018-09-21,12430.8798828125,0.8433858166336257
2018-09-24,12350.8203125,-0.6461207116801513
2018-09-25,12374.66015625,0.1928363023535016
2018-09-26,12385.8896484375,0.090704714119724
2018-09-27,12435.58984375,0.400461719037527
2018-09-28,12246.73046875,-1.5303509431771705
2018-10-01,12339.0302734375,0.7508430532903
2018-10-02,12287.580078125,-0.4178428897431237
2018-10-04,12244.1396484375,-0.354157601480318
2018-10-05,12111.900390625,-1.0858953839340526
2018-10-08,11947.16015625,-1.3694866330281237
2018-10-09,11977.2197265625,0.251288319927539
2018-10-10,11712.5,-2.234984194203349
2018-10-11,11539.349609375,-1.4893747745730042
2018-10-12,11523.8095703125,-0.1347607350164895
2018-10-15,11614.16015625,0.780976431638889
2018-10-16,11776.5498046875,1.3885192689011496
2018-10-17,11715.0302734375,-0.5237593357361217
2018-10-18,11589.2099609375,-1.0798166667566014
2018-10-19,11553.830078125,-0.3057498955590293
2018-10-22,11524.33984375,-0.2555683620162625
2018-10-23,11274.2802734375,-2.193725736355337
2018-10-24,11191.6298828125,-0.7357882492190291
2018-10-25,11307.1201171875,1.0266459137881516
2018-10-26,11200.6201171875,-0.9463481781157348
2018-10-29,11335.48046875,1.1968526754728446
2018-10-30,11287.3896484375,-0.4251528873406227
2018-10-31,11447.509765625,1.4086076372356038
2018-11-01,11468.5400390625,0.1835419238531478
2018-11-02,11518.990234375,0.4389360293357999
2018-11-05,11494.9599609375,-0.208832312286687
2018-11-06,11484.33984375,-0.0924320413057853
2018-11-07,11579.099609375,0.8217360557882627
2018-11-08,11527.3203125,-0.4481817929643857
2018-11-09,11529.16015625,0.0159594501545718
2018-11-12,11325.4404296875,-1.7827931102242955
2018-11-13,11472.2197265625,1.2876876314021748
2018-11-14,11412.5302734375,-0.5216538391905409
2018-11-15,11353.669921875,-0.5170865775353425
2018-11-16,11341.0,-0.1116554965100607
2018-11-19,11244.5400390625,-0.8541796854532001
2018-11-20,11066.41015625,-1.5968272645065802
2018-11-21,11244.169921875,1.5935356823022144
2018-11-22,11138.490234375,-0.9443066379283857
2018-11-23,11192.6904296875,0.4854226254915197
2018-11-26,11354.7197265625,1.4372567399202671
2018-11-27,11309.1103515625,-0.4024865736610739
2018-11-28,11298.8798828125,-0.0905031304617582
2018-11-29,11298.23046875,-0.0057477620153693
2018-11-30,11257.240234375,-0.3634619737224183
2018-12-03,11465.4599609375,1.8327536175951944
2018-12-04,11335.3203125,-1.141549193662086
2018-12-05,11200.240234375,-1.1988314703397074
2018-12-06,10810.98046875,-3.537289986878641
2018-12-07,10788.08984375,-0.2119594337981639
2018-12-10,10622.0703125,-1.5508791867614236
2018-12-11,10780.509765625,1.4805910959780388
2018-12-12,10929.4296875,1.371926973613773
2018-12-13,10924.7001953125,-0.0432823661861108
2018-12-14,10865.76953125,-0.5408860705966626
2018-12-17,10772.2001953125,-0.8648678260042828
2018-12-18,10740.8896484375,-0.2910838862312849
2018-12-19,10766.2099609375,0.2354601471902637
2018-12-20,10611.099609375,-1.451193595540294
2018-12-21,10633.8203125,0.2138931271181051
2018-12-27,10381.509765625,-2.4013200844643308
2018-12-28,10558.9599609375,1.694846823704526
2019-01-02,10580.1904296875,0.2008640413241675
2019-01-03,10416.66015625,-1.5576962779350876
2019-01-04,10767.6904296875,3.314356087465955
2019-01-07,10747.8095703125,-0.184805047832883
2019-01-08,10803.98046875,0.5212655238772768
2019-01-09,10893.3203125,0.8235157870831438
2019-01-10,10921.58984375,0.2591763786506582
2019-01-11,10887.4599609375,-0.3129885160520475
2019-01-14,10855.91015625,-0.2902018101094357
2019-01-15,10891.7900390625,0.3299651461476623
2019-01-16,10931.240234375,0.361546841032851
2019-01-17,10918.6201171875,-0.1155166979359253
2019-01-18,11205.5400390625,2.5938702911361062
2019-01-21,11136.2001953125,-0.620722160931234
2019-01-22,11090.1103515625,-0.4147328879993895
2019-01-23,11071.5400390625,-0.1675896561772502
2019-01-24,11130.1796875,0.5282454288942977
2019-01-25,11281.7900390625,1.3529615299410078
2019-01-28,11210.3095703125,-0.6356072633514983
2019-01-29,11218.830078125,0.0759771293587378
2019-01-30,11181.66015625,-0.3318673439788147
2019-01-31,11173.099609375,-0.0765881394674003
2019-02-01,11180.66015625,0.0676445237183045
2019-02-04,11176.580078125,-0.0364989428706147
2019-02-05,11367.98046875,1.698014818296936
2019-02-06,11324.7197265625,-0.3812749846616263
2019-02-07,11022.01953125,-2.709287537284687
2019-02-08,10906.7802734375,-1.051040820270003
2019-02-11,11014.58984375,0.9836104124873732
2019-02-12,11126.080078125,1.0071165608171448
2019-02-13,11167.2197265625,0.3690767674365955
2019-02-14,11089.7900390625,-0.695780796130519
2019-02-15,11299.7998046875,1.8760140435008357
2019-02-18,11299.2001953125,-0.0053065124575525
2019-02-19,11309.2099609375,0.0885490506397397
2019-02-20,11401.9697265625,0.8168688963135908
2019-02-21,11423.2802734375,0.186727883085702
2019-02-22,11457.7001953125,0.300860777231985
2019-02-25,11505.3896484375,0.4153580551392377
2019-02-26,11540.7900390625,0.3072128999023246
2019-02-27,11487.330078125,-0.4643023981529544
2019-02-28,11515.6396484375,0.2461385198660492
2019-03-01,11601.6796875,0.744380739856668
2019-03-04,11592.66015625,-0.0777735582508467
2019-03-05,11620.740234375,0.2419300175637159
2019-03-06,11587.6298828125,-0.2853313167535442
2019-03-07,11517.7998046875,-0.604449185130465
2019-03-08,11457.83984375,-0.5219449641210837
2019-03-11,11543.48046875,0.7446617809957179
2019-03-12,11524.169921875,-0.1674253862775043
2019-03-13,11572.41015625,0.4177268180779588
2019-03-14,11587.4697265625,0.1300487956861901
2019-03-15,11685.6904296875,0.8440734787849279
2019-03-18,11657.0595703125,-0.2453084896379441
2019-03-19,11788.41015625,1.1204890472858728
2019-03-20,11603.8896484375,-1.577650223105541
2019-03-21,11549.9599609375,-0.4658386051147122
2019-03-22,11364.169921875,-1.6216553849628972
2019-03-25,11346.650390625,-0.1542835924386616
2019-03-26,11419.48046875,0.6398129486537886
2019-03-27,11419.0400390625,-0.0038569020913897
2019-03-28,11428.16015625,0.0798357575015502
2019-03-29,11526.0400390625,0.8528328169312593
2019-04-01,11681.990234375,1.3439532850647953
2019-04-02,11754.7900390625,0.6212460754280409
2019-04-03,11954.400390625,1.683862370413805
2019-04-04,11988.009765625,0.2807519949486086
2019-04-05,12009.75,0.1811855817773798
2019-04-08,11963.400390625,-0.386679817811671
2019-04-09,11850.5703125,-0.9476027650268556
2019-04-10,11905.91015625,0.4658934552346467
2019-04-11,11935.2001953125,0.2457104838390888
2019-04-12,11999.9296875,0.5408756944923296
2019-04-15,12020.2802734375,0.16944556970799
2019-04-16,12101.3203125,0.6719317292520736
2019-04-17,12153.0703125,0.4267275094983778
2019-04-18,12222.3896484375,0.5687648390477514
2019-04-23,12235.509765625,0.1072873694006504
2019-04-24,12313.16015625,0.6326261247247345
2019-04-25,12282.599609375,-0.248502692277643
2019-04-26,12315.1796875,0.2649027522682031
2019-04-29,12328.01953125,0.1042059904471849
2019-04-30,12344.080078125,0.130191993367624
2019-05-02,12345.419921875,0.0108535511153842
2019-05-03,12412.75,0.5439032394015119
2019-05-06,12286.8798828125,-1.019215327503582
2019-05-07,12092.740234375,-1.5926724968210255
2019-05-08,12179.9296875,0.7184197569710787
2019-05-09,11973.919921875,-1.7058544668067992
2019-05-10,12059.830078125,0.7149156678297787
2019-05-13,11876.650390625,-1.5305780965066291
2019-05-14,11991.6201171875,0.9633761751815296
2019-05-15,12099.5703125,0.8961858329699658
2019-05-16,12310.3701171875,1.7272065519899178
2019-05-17,12238.9404296875,-0.5819298993306362
2019-05-20,12041.2900390625,-1.6281126892630542
2019-05-21,12143.4697265625,0.8449973989917092
2019-05-22,12168.740234375,0.2078833388963333
2019-05-23,11952.41015625,-1.7937442864388864
2019-05-24,12011.0400390625,0.4893285342630656
2019-05-27,12071.1796875,0.4994537392118565
2019-05-28,12027.0498046875,-0.3662504098603251
2019-05-29,11837.8095703125,-1.5859653559720983
2019-05-30,11902.080078125,0.5414571490056499
2019-05-31,11726.83984375,-1.4832962989884122
2019-06-03,11792.8095703125,0.5609768955643402
2019-06-04,11971.169921875,1.5011265338809234
2019-06-05,11980.8095703125,0.0804914596815995
2019-06-06,11953.1396484375,-0.2312191268526545
2019-06-07,12045.3798828125,0.7687198244368106
2019-06-11,12155.8095703125,0.9126035241899836
2019-06-12,12115.6796875,-0.3306753776277884
2019-06-13,12169.0498046875,0.4395371431036299
2019-06-14,12096.400390625,-0.5987907131184619
2019-06-17,12085.8203125,-0.0875029545877038
2019-06-18,12331.75,2.0144346936253212
2019-06-19,12308.5302734375,-0.1884697185099088
2019-06-20,12355.3896484375,0.3799836484306919
2019-06-21,12339.919921875,-0.1252847512757787
2019-06-24,12274.5703125,-0.5309861166734928
2019-06-25,12228.4404296875,-0.3765246466793364
2019-06-26,12245.3203125,0.1379427188729184
2019-06-27,12271.0302734375,0.2097373364944055
2019-06-28,12398.7998046875,1.03584559188636
2019-07-01,12521.3798828125,0.9837895898967508
2019-07-02,12526.7197265625,0.0426367182674044
2019-07-03,12616.240234375,0.7120950455682696
2019-07-04,12629.900390625,0.1082158083960938
2019-07-05,12568.5302734375,-0.4870957191399376
2019-07-08,12543.509765625,-0.199271075174031
2019-07-09,12436.5498046875,-0.8563679706931605
2019-07-10,12373.41015625,-0.5089873973930557
2019-07-11,12332.1201171875,-0.3342577718378597
2019-07-12,12323.3203125,-0.0713822580963539
2019-07-15,12387.33984375,0.518154303286367
2019-07-16,12430.9697265625,0.3515946775867556
2019-07-17,12341.0302734375,-0.7261411942466072
2019-07-18,12227.849609375,-0.9213400466722552
2019-07-19,12260.0703125,0.2631560526342944
2019-07-22,12289.400390625,0.238946838690233
2019-07-23,12490.740234375,1.6250454551532574
2019-07-24,12522.8896484375,0.2570553087739728
2019-07-25,12362.099609375,-1.2922832720282071
2019-07-26,12419.900390625,0.4664747482964718
2019-07-29,12417.4697265625,-0.0195726363845427
2019-07-30,12147.240234375,-2.2002327248440334
2019-07-31,12189.0400390625,0.3435187738041368
2019-08-01,12253.150390625,0.5245888151452862
2019-08-02,11872.4404296875,-3.156329474701072
2019-08-05,11658.509765625,-1.8183418578388053
2019-08-06,11567.9599609375,-0.7797161127493519
2019-08-07,11650.150390625,0.7079884775926165
2019-08-08,11845.41015625,1.6621374968638298
2019-08-09,11693.7998046875,-1.2881693846307167
2019-08-12,11679.6796875,-0.1208217108618173
2019-08-13,11750.1298828125,0.6013741376832581
2019-08-14,11492.66015625,-2.21557100653656
2019-08-15,11412.669921875,-0.6984449407984681
2019-08-16,11562.740234375,1.306374473762382
2019-08-19,11715.3701171875,1.3113785254200727
2019-08-20,11651.1796875,-0.5494229289130144
2019-08-21,11802.849609375,1.293355902215596
2019-08-22,11747.0400390625,-0.4739697350987669
2019-08-23,11611.509765625,-1.1604469925138914
2019-08-26,11658.0400390625,0.3999246727593411
2019-08-27,11730.01953125,0.6155253643774725
2019-08-28,11701.01953125,-0.2475350301830686
2019-08-29,11838.8798828125,1.1713043058016432
2019-08-30,11939.2802734375,0.844480705266838
2019-09-02,11953.7802734375,0.1213741684672936
2019-09-03,11910.8603515625,-0.3596950720896406
2019-09-04,12025.0400390625,0.954052713321884
2019-09-05,12126.7802734375,0.842510708277457
2019-09-06,12191.73046875,0.53416387571501
2019-09-09,12226.099609375,0.2815087435056868
2019-09-10,12268.7099609375,0.3479136624533392
2019-09-11,12359.0703125,0.7338116227732943
2019-09-12,12410.25,0.413251229262974
2019-09-13,12468.5302734375,0.4685147696487075
2019-09-16,12380.3095703125,-0.7100619131076648
2019-09-17,12372.6103515625,-0.0622085719389445
2019-09-18,12389.6201171875,0.1373847830218739
2019-09-19,12457.7001953125,0.5479886574028476
2019-09-20,12468.009765625,0.0827223851722581
2019-09-23,12342.330078125,-1.013132132073847
2019-09-24,12307.150390625,-0.2854397797989517
2019-09-25,12234.1796875,-0.5946777777589775
2019-09-26,12288.5400390625,0.4433475667424836
2019-09-27,12380.9404296875,0.7491104066143573
2019-09-30,12428.080078125,0.3800206876650213
2019-10-01,12263.830078125,-1.330414873908755
2019-10-02,11925.25,-2.7996285219487707
2019-10-04,12012.8095703125,0.7315543730691488
2019-10-07,12097.4296875,0.7019462871240679
2019-10-08,11970.2001953125,-1.0572763332555593
2019-10-09,12094.259765625,1.0310696319891135
2019-10-10,12164.2001953125,0.5766287191658919
2019-10-11,12511.650390625,2.8163013790651488
2019-10-14,12486.5595703125,-0.2007410032750519
2019-10-15,12629.7900390625,1.1405480784598856
2019-10-16,12670.1103515625,0.3187391729890368
2019-10-17,12654.9501953125,-0.1197245553100779
2019-10-18,12633.599609375,-0.1688557958075648
2019-10-21,12747.9599609375,0.9011355281470492
2019-10-22,12754.6904296875,0.0527825053723313
2019-10-23,12798.1904296875,0.3404707458270896
2019-10-24,12872.099609375,0.5758359862912602
2019-10-25,12894.509765625,0.1739473096712602
2019-10-28,12941.7099609375,0.3653804490237172
2019-10-29,12939.6201171875,-0.0161494308695391
2019-10-30,12910.23046875,-0.2273874736960221
2019-10-31,12866.7900390625,-0.337048037017563
2019-11-01,12961.0498046875,0.7299114806756631
2019-11-04,13136.2802734375,1.3429197675649092
2019-11-05,13148.5,0.0929794909124497
2019-11-06,13179.8896484375,0.2384472710207386
2019-11-07,13289.4599609375,0.8279080519497238
2019-11-08,13228.5595703125,-0.4593140722357507
2019-11-11,13198.3701171875,-0.2284750185860597
2019-11-12,13283.509765625,0.6430052712248611
2019-11-13,13230.0703125,-0.4031105971552657
2019-11-14,13180.23046875,-0.3774277569010431
2019-11-15,13241.75,0.4656701831491037
2019-11-18,13207.009765625,-0.2626985511723818
2019-11-19,13221.1201171875,0.1067828330332366
2019-11-20,13158.1396484375,-0.4775008015850163
2019-11-21,13137.7001953125,-0.1554577253497469
2019-11-22,13163.8798828125,0.1990731816727859
2019-11-25,13246.4501953125,0.6252900383195729
2019-11-26,13236.419921875,-0.0757491455625745
2019-11-27,13287.0703125,0.3819290127135282
2019-11-28,13245.580078125,-0.3127487648823207
2019-11-29,13236.3798828125,-0.0694827399196575
2019-12-02,12964.6796875,-2.0740377627382576
2019-12-03,12989.2900390625,0.1896462020866022
2019-12-04,13140.5703125,1.1579240125138617
2019-12-05,13054.7998046875,-0.654854762044099
2019-12-06,13166.580078125,0.8525939600477727
2019-12-09,13105.6103515625,-0.4641397235555437
2019-12-10,13070.7197265625,-0.2665816450098869
2019-12-11,13146.740234375,0.5799243784935829
2019-12-12,13221.6396484375,0.5681017630737691
2019-12-13,13282.7197265625,0.4609067164409775
2019-12-16,13407.66015625,0.9362275309932176
2019-12-17,13287.830078125,-0.8977612466063558
2019-12-18,13222.16015625,-0.4954362911536657
2019-12-19,13211.9599609375,-0.0771744682519578
2019-12-20,13318.900390625,0.8061631431506882
2019-12-23,13300.98046875,-0.1346356482704261
2019-12-27,13337.1103515625,0.2712649732389771
2019-12-30,13249.009765625,-0.6627586728194355
2020-01-02,13385.9296875,1.0281317005632669
2020-01-03,13219.1396484375,-1.253837921280886
2020-01-06,13126.990234375,-0.6995318875733245
2020-01-07,13226.830078125,0.7576914482458366
2020-01-08,13320.1796875,0.7032806704611366
2020-01-09,13495.0595703125,1.3043505637067925
2020-01-10,13483.3095703125,-0.0871068275603004
2020-01-13,13451.51953125,-0.2360516467648935
2020-01-14,13456.490234375,0.0369458999371447
2020-01-15,13432.2998046875,-0.1799295258630825
2020-01-16,13429.4296875,-0.021369563707774
2020-01-17,13526.1298828125,0.717481749081655
2020-01-20,13548.9404296875,0.1684985635025175
2020-01-21,13555.8701171875,0.0511325296961507
2020-01-22,13515.75,-0.2964000409734688
2020-01-23,13388.419921875,-0.9465523685258038
2020-01-24,13576.6796875,1.3963443652317715
2020-01-27,13204.76953125,-2.7775499597374043
2020-01-28,13323.6904296875,0.8965593570216482
2020-01-29,13345.0,0.1598096832232259
2020-01-30,13157.1201171875,-1.4178716987402389
2020-01-31,12981.9697265625,-1.3401615215349412
2020-02-03,13045.1904296875,0.4858065734693421
2020-02-04,13281.740234375,1.7970660819744393
2020-02-05,13478.330078125,1.469303915731428
2020-02-06,13574.8203125,0.7133412718655358
2020-02-07,13513.8095703125,-0.4504535343032335
2020-02-10,13494.0302734375,-0.1464708064442731
2020-02-11,13627.83984375,0.986736205343666
2020-02-12,13749.7802734375,0.8908096141155533
2020-02-13,13745.4296875,-0.0316461374907847
2020-02-14,13744.2099609375,-0.0088740818642939
2020-02-17,13783.8896484375,0.2882851743781356
2020-02-18,13681.1904296875,-0.747856529908403
2020-02-19,13789.0,0.7849244737196847
2020-02-20,13664.0,-0.9106535813390044
2020-02-21,13579.330078125,-0.6215847640234741
2020-02-24,13035.240234375,-4.089231224212727
2020-02-25,12790.490234375,-1.895453280218438
2020-02-26,12774.8798828125,-0.122121083567295
2020-02-27,12367.4599609375,-3.241190685339264
2020-02-28,11890.349609375,-3.934171275416686
2020-03-02,11857.8701171875,-0.2735321873588156
2020-03-03,11985.3896484375,1.0696586655321307
2020-03-04,12127.6904296875,1.1802924617435069
2020-03-05,11944.7197265625,-1.5201986476680402
2020-03-06,11541.8701171875,-3.4308013674942837
2020-03-09,10625.01953125,-8.276975012189505
2020-03-10,10475.490234375,-1.4173287913327943
2020-03-11,10438.6796875,-0.3520157388413152
2020-03-12,9161.1298828125,-13.054858701122829
2020-03-13,9232.080078125,0.7714862970687714
2020-03-16,8742.25,-5.451679009465804
2020-03-17,8939.099609375,2.226727567118638
2020-03-18,8441.7099609375,-5.724997918466842
2020-03-19,8610.4296875,1.9789332733716112
2020-03-20,8928.9501953125,3.632460583488065
2020-03-23,8741.150390625,-2.1257024015143218
2020-03-24,9700.5703125,10.414287423694867
2020-03-25,9874.259765625,1.7746668650407522
2020-03-26,10000.9599609375,1.2749736945992256
2020-03-27,9632.51953125,-3.753625932354627
2020-03-30,9815.9697265625,1.8865798155910312
2020-03-31,9935.83984375,1.2137782963158754
2020-04-01,9544.75,-4.015714116470213
2020-04-02,9570.8203125,0.2727653764716741
2020-04-03,9525.76953125,-0.4718210444215053
2020-04-06,10075.169921875,5.60732649535235
2020-04-07,10356.7001953125,2.755969874370363
2020-04-08,10332.8896484375,-0.2301694481792424
2020-04-09,10564.740234375,2.2190085742753833
2020-04-14,10696.5595703125,1.240009088945368
2020-04-15,10279.759765625,-3.9745263628099217
2020-04-16,10301.5400390625,0.2116511763086516
2020-04-17,10625.7802734375,3.098974719966197
2020-04-20,10675.900390625,0.4705751669703403
2020-04-21,10249.849609375,-4.072586806310184
2020-04-22,10415.0302734375,1.59869482031042
2020-04-23,10513.7900390625,0.9437751120517646
2020-04-24,10336.08984375,-1.704609322856081
2020-04-27,10659.990234375,3.085586332163053
2020-04-28,10795.6298828125,1.2643909123426875
2020-04-29,11107.740234375,2.8500771956132347
2020-04-30,10861.6396484375,-2.24049000884472
2020-05-04,10466.7998046875,-3.702895927021447
2020-05-05,10729.4599609375,2.478490118899732
2020-05-06,10606.2001953125,-1.1554471344575827
2020-05-07,10759.26953125,1.4328910796193333
2020-05-08,10904.48046875,1.340609195630894
2020-05-11,10824.990234375,-0.7316385203306104
2020-05-12,10819.5,-0.0507310122188046
2020-05-13,10542.66015625,-2.592016361967259
2020-05-14,10337.01953125,-1.9698316974947092
2020-05-15,10465.169921875,1.2321011890641076
2020-05-18,11058.8701171875,5.51802385635398
2020-05-19,11075.2900390625,0.1483672727690228
2020-05-20,11223.7099609375,1.3311997277968788
2020-05-21,11065.9296875,-1.4157510961111404
2020-05-22,11073.8701171875,0.0717299171447597
2020-05-25,11391.2802734375,2.82598847239328
2020-05-26,11504.650390625,0.9903160993211524
2020-05-27,11657.6904296875,1.3214749524101363
2020-05-28,11781.1298828125,1.0533004026464348
2020-05-29,11586.849609375,-1.6628288297040523
2020-06-02,12021.2802734375,3.680763469237892
2020-06-03,12487.3603515625,3.8038525485778414
2020-06-04,12430.5595703125,-0.4559038620474759
2020-06-05,12847.6796875,3.3005303736916027
2020-06-08,12819.58984375,-0.2188768457040981
2020-06-09,12617.990234375,-1.5850865509134122
2020-06-10,12530.16015625,-0.6985041354435823
2020-06-11,11970.2900390625,-4.571080087546507
2020-06-12,11949.2802734375,-0.1756701374943274
2020-06-15,11911.349609375,-0.3179354124343934
2020-06-16,12315.66015625,3.3379941727426035
2020-06-17,12382.1396484375,0.5383447373406892
2020-06-18,12281.5302734375,-0.8158553320040781
2020-06-19,12330.759765625,0.4000404494010749
2020-06-22,12262.9697265625,-0.5512804454317805
2020-06-23,12523.759765625,2.1043491263825285
2020-06-24,12093.9404296875,-3.492308512935427
2020-06-25,12177.8701171875,0.6915843534592501
2020-06-26,12089.3896484375,-0.7292200412575299
2020-06-29,12232.1201171875,1.1737109140366928
2020-06-30,12310.9296875,0.6422171800968688
2020-07-01,12260.5703125,-0.4099012718889822
2020-07-02,12608.4599609375,2.797956654884551
2020-07-03,12528.1796875,-0.638753210586945
2020-07-06,12733.4501953125,1.6251922527092388
2020-07-07,12616.7998046875,-0.9203160833789176
2020-07-08,12494.8095703125,-0.9715920011269104
2020-07-09,12489.4599609375,-0.0428238212052879
2020-07-10,12633.7099609375,1.1483549699770277
2020-07-13,12799.9697265625,1.307417062316247
2020-07-14,12697.3603515625,-0.804868028262842
2020-07-15,12930.98046875,1.8231893364038017
2020-07-16,12874.9697265625,-0.4340923679795445
2020-07-17,12919.6103515625,0.3461244139799439
2020-07-20,13046.919921875,0.9805745247145012
2020-07-21,13171.830078125,0.9528379598430696
2020-07-22,13104.25,-0.5143859124653152
2020-07-23,13103.3896484375,-0.0065656547048941
2020-07-24,12838.0595703125,-2.0456785491733163
2020-07-27,12838.66015625,0.004678058132071
2020-07-28,12835.2802734375,-0.0263292877950021
2020-07-29,12822.259765625,-0.1014946008884329
2020-07-30,12379.650390625,-3.512867772339743
2020-07-31,12313.3603515625,-0.5369146679103085
2020-08-03,12646.98046875,2.6733608232058574
2020-08-04,12600.8701171875,-0.3652620065312639
2020-08-05,12660.25,0.4701295263687201
2020-08-06,12591.6796875,-0.5430910182895649
2020-08-07,12674.8798828125,0.6585819157611792
2020-08-10,12687.5302734375,0.0997570151744056
2020-08-11,12946.8896484375,2.023593482658872
2020-08-12,13058.6298828125,0.859363120298621
2020-08-13,12993.7099609375,-0.4983817702371271
2020-08-14,12901.33984375,-0.7134221379368412
2020-08-17,12920.66015625,0.1496422903361604
2020-08-18,12881.759765625,-0.3015253624699655
2020-08-19,12977.330078125,0.739165594870598
2020-08-20,12830.0,-1.1417816430561358
2020-08-21,12764.7998046875,-0.5094811199461133
2020-08-24,13066.5400390625,2.336339976519241
2020-08-25,13061.6201171875,-0.0376599186756848
2020-08-26,13190.150390625,0.9792200524647776
2020-08-27,13096.3603515625,-0.7136012686153895
2020-08-28,13033.2001953125,-0.4834392767392584
2020-08-31,12945.3798828125,-0.6761004394119232
2020-09-01,12974.25,0.2227665229557962
2020-09-02,13243.4296875,2.053493289216558
2020-09-03,13057.76953125,-1.4118233817461725
2020-09-04,12842.66015625,-1.6610868906159295
2020-09-07,13100.2802734375,1.9861170815527016
2020-09-08,12968.330078125,-1.0123387508459405
2020-09-09,13237.2099609375,2.052156288805187
2020-09-10,13208.8896484375,-0.2141739140656385
2020-09-11,13202.83984375,-0.0458115004933318
2020-09-14,13193.66015625,-0.0695523108749832
2020-09-15,13217.669921875,0.1818141848059081
2020-09-16,13255.3701171875,0.2848197316433383
2020-09-17,13208.1201171875,-0.3570961335152057
2020-09-18,13116.25,-0.6979881361740327
2020-09-21,12542.4404296875,-4.473379160177045
2020-09-22,12594.3896484375,0.4133320911854921
2020-09-23,12642.9697265625,0.3849859044701056
2020-09-24,12606.5703125,-0.2883176423886335
2020-09-25,12469.2001953125,-1.0956512092823767
2020-09-28,12870.8701171875,3.1705008167723383
2020-09-29,12825.8203125,-0.3506276496126155
2020-09-30,12760.73046875,-0.5087827954305013
2020-10-01,12730.76953125,-0.2350662087051973
2020-10-02,12689.0400390625,-0.3283229133377087
2020-10-05,12828.3095703125,1.0915782105863163
2020-10-06,12906.01953125,0.6039418928222707
2020-10-07,12928.5703125,0.1745782465588241
2020-10-08,13042.2099609375,0.8751402346571685
2020-10-09,13051.23046875,0.0691400445728766
2020-10-12,13138.41015625,0.6657594944325288
2020-10-13,13018.990234375,-0.9130934251858432
2020-10-14,13028.0595703125,0.0696381077474627
2020-10-15,12703.75,-2.5208234416999353
2020-10-16,12908.990234375,1.6026760557042037
2020-10-19,12854.66015625,-0.4217582356267058
2020-10-20,12736.9501953125,-0.9199170307544984
2020-10-21,12557.6396484375,-1.4178016063151822
2020-10-22,12543.0595703125,-0.1161726981206405
2020-10-23,12645.75,0.815370002535162
2020-10-26,12177.1796875,-3.775750762519943
2020-10-27,12063.5703125,-0.9373489420134892
2020-10-28,11560.509765625,-4.2595233654352604
2020-10-29,11598.0703125,0.3243772259163321
2020-10-30,11556.48046875,-0.3592372736556994
2020-11-02,11788.2802734375,1.985948159119787
2020-11-03,12088.98046875,2.518849183873036
2020-11-04,12324.2197265625,1.927207713814043
2020-11-05,12568.08984375,1.9594639804271337
2020-11-06,12480.01953125,-0.703212159525858
2020-11-09,13095.9697265625,4.817560046682204
2020-11-10,13163.1103515625,0.5113718463209275
2020-11-11,13216.1796875,0.4023566021240202
2020-11-12,13052.9501953125,-1.2427636069967651
2020-11-13,13076.7197265625,0.1819352320758901
2020-11-16,13138.6103515625,0.4721721206739792
2020-11-17,13133.4697265625,-0.0391337499757848
2020-11-18,13201.8896484375,0.5196061678150496
2020-11-19,13086.16015625,-0.8804779411088007
2020-11-20,13137.25,0.3896511406117406
2020-11-23,13126.9697265625,-0.0782834903875574
2020-11-24,13292.4404296875,1.252661326587683
2020-11-25,13289.7998046875,-0.0198675881746908
2020-11-26,13286.5703125,-0.0243034860604002
2020-11-27,13335.6796875,0.3689352380329256
2020-11-30,13291.16015625,-0.3343962182243932
2020-12-01,13382.2998046875,0.6833759344146041
2020-12-02,13313.240234375,-0.5173877304302655
2020-12-03,13252.8603515625,-0.4545641659795437
2020-12-04,13298.9599609375,0.3472429020228253
2020-12-07,13271.0,-0.2104630289187742
2020-12-08,13278.490234375,0.0564246959742152
2020-12-09,13340.259765625,0.4641062568565213
2020-12-10,13295.73046875,-0.3343546680040894
2020-12-11,13114.2998046875,-1.3739743301315788
2020-12-14,13223.16015625,0.8266626444369393
2020-12-15,13362.8701171875,1.0510124720394851
2020-12-16,13565.98046875,1.5085248635399129
2020-12-17,13667.25,0.7437237249910831
2020-12-18,13630.509765625,-0.2691814777111034
2020-12-21,13246.2998046875,-2.8592391866721214
2020-12-22,13418.1103515625,1.2887059842447144
2020-12-23,13587.23046875,1.252510229329395
2020-12-28,13790.2900390625,1.4834308604341326
2020-12-29,13761.3798828125,-0.2098614489970562
2020-12-30,13718.7802734375,-0.310039266558898
2021-01-04,13726.740234375,0.058005539799623
2021-01-05,13651.2197265625,-0.5516897494651185
2021-01-06,13891.9697265625,1.7482080783920988
2021-01-07,13968.240234375,0.5475242179261559
2021-01-08,14049.5302734375,0.5802764865969338
2021-01-11,13936.66015625,-0.8066173168097944
2021-01-12,13925.0595703125,-0.0832725813173131
2021-01-13,13939.7099609375,0.1051535126354733
2021-01-14,13988.7001953125,0.3508275934688465
2021-01-15,13787.73046875,-1.447077459002433
2021-01-18,13848.349609375,0.4386963539968039
2021-01-19,13815.0595703125,-0.2406793386604736
2021-01-20,13921.3701171875,0.7665807652996217
2021-01-21,13906.669921875,-0.1056502481613917
2021-01-22,13873.9697265625,-0.2354172605721766
2021-01-25,13643.9501953125,-1.6718188683941728
2021-01-26,13870.990234375,1.6503411498957576
2021-01-27,13620.4599609375,-1.8226554604030465
2021-01-28,13665.9296875,0.3332780132216691
2021-01-29,13432.8701171875,-1.7201154178810452
2021-02-01,13622.01953125,1.3982869521548669
2021-02-02,13835.16015625,1.5525622717371443
2021-02-03,13933.6298828125,0.7092144754145803
2021-02-04,14060.2900390625,0.9049180745515408
2021-02-05,14056.7197265625,-0.0253961039879395
2021-02-08,14059.91015625,0.022694254001912
2021-02-09,14011.7998046875,-0.3427678522854609
2021-02-10,13932.9697265625,-0.5641863471989793
2021-02-11,14040.91015625,0.7717268097921679
2021-02-12,14049.8896484375,0.063931910488715
2021-02-15,14109.48046875,0.4232403567258048
2021-02-16,14064.599609375,-0.3185970737202383
2021-02-17,13909.26953125,-1.110548374761064
2021-02-18,13886.9296875,-0.1607403111787165
2021-02-19,13993.23046875,0.7625587210826923
2021-02-22,13950.0400390625,-0.3091296279710983
2021-02-23,13864.8095703125,-0.6128434034470844
2021-02-24,13976.0,0.7987628419278836
2021-02-25,13879.330078125,-0.6940884182671804
2021-02-26,13786.2900390625,-0.6726065739988457
2021-03-01,14012.8203125,1.6298024282334658
2021-03-02,14039.7998046875,0.1923492379184035
2021-03-03,14080.0302734375,0.2861361259066133
2021-03-04,14056.33984375,-0.1683972394960634
2021-03-05,13920.6904296875,-0.9697274924604686
2021-03-08,14380.91015625,3.2525389982220174
2021-03-09,14437.9404296875,0.3957850276761392
2021-03-10,14540.25,0.7061172136193417
2021-03-11,14569.3896484375,0.2002062445477496
2021-03-12,14502.3896484375,-0.4609289162299682
2021-03-15,14461.419921875,-0.282903074527189
2021-03-16,14557.580078125,0.6627417086543896
2021-03-17,14596.6103515625,0.2677508528259997
2021-03-18,14775.51953125,1.2182391475523937
2021-03-19,14621.0,-1.0512874098222198
2021-03-22,14657.2099609375,0.2473510467178108
2021-03-23,14662.01953125,0.0328082998014822
2021-03-24,14610.3896484375,-0.3527549511490683
2021-03-25,14621.3603515625,0.0750601906493934
2021-03-26,14748.9404296875,0.8687747634630852
2021-03-29,14817.7197265625,0.465249849502041
2021-03-30,15008.6103515625,1.2800316426128568
2021-03-31,15008.33984375,-0.0018023670675907
2021-04-01,15107.169921875,0.6563424207780649
2021-04-06,15212.6796875,0.6959809687879199
2021-04-07,15176.3603515625,-0.2390292893974697
2021-04-08,15202.6796875,0.1732730362029624
2021-04-09,15234.16015625,0.2068577430314769
2021-04-12,15215.0,-0.1258501625696254
2021-04-13,15234.3603515625,0.127164275031716
2021-04-14,15209.150390625,-0.1656179992736494
2021-04-15,15255.330078125,0.3031709201025788
2021-04-16,15459.75,1.3310916957726933
2021-04-19,15368.3896484375,-0.592709258910148
2021-04-20,15129.509765625,-1.5665653879690882
2021-04-21,15195.9697265625,0.4383117329137116
2021-04-22,15320.51953125,0.8162832573323586
2021-04-23,15279.6201171875,-0.2673153710220862
2021-04-26,15296.33984375,0.1093651891902297
2021-04-27,15249.26953125,-0.3081971564582623
2021-04-28,15292.1796875,0.2809963874154868
2021-04-29,15154.2001953125,-0.9063832044202492
2021-04-30,15135.91015625,-0.1207657619805409
2021-05-03,15236.4697265625,0.6621801659735219
2021-05-04,14856.48046875,-2.525571292788067
2021-05-05,15170.7802734375,2.093506207546954
2021-05-06,15196.740234375,0.170971925446052
2021-05-07,15399.650390625,1.326386066645772
2021-05-10,15400.41015625,0.0049335333220974
2021-05-11,15119.75,-1.839230636448681
2021-05-12,15150.2197265625,0.2013199030512267
2021-05-13,15199.6796875,0.3259319185728283
2021-05-14,15416.6396484375,1.4173068315606716
2021-05-17,15396.6201171875,-0.1299410333027763
2021-05-18,15386.580078125,-0.0652306410951744
2021-05-19,15113.5595703125,-1.7903380348371305
2021-05-20,15370.259765625,1.6842132566438226
2021-05-21,15437.509765625,0.436578874999644
2021-05-25,15465.08984375,0.1784968630238088
2021-05-26,15450.7197265625,-0.092962910705716
2021-05-27,15406.73046875,-0.2851129133022428
2021-05-28,15519.98046875,0.7323798928203659
2021-05-31,15421.1298828125,-0.6389616993714464
2021-06-01,15567.3603515625,0.9437797909015968
2021-06-02,15602.7099609375,0.2268177400669728
2021-06-03,15632.669921875,0.191833556932242
2021-06-04,15692.900390625,0.3845455477475568
2021-06-07,15677.150390625,-0.1004142545590627
2021-06-08,15640.599609375,-0.2334190537021976
2021-06-09,15581.1396484375,-0.3808886643482044
2021-06-10,15571.2197265625,-0.0636864905856934
2021-06-11,15693.26953125,0.7807607134119747
2021-06-14,15673.6396484375,-0.1251630198097874
2021-06-15,15729.51953125,0.3558873900044258
2021-06-16,15710.5703125,-0.120541774140328
2021-06-17,15727.669921875,0.1087822405692339
2021-06-18,15448.0400390625,-1.7939439545172595
2021-06-21,15603.240234375,0.9996463035589586
2021-06-22,15636.330078125,0.2118457827314313
2021-06-23,15456.3896484375,-1.1574570520730247
2021-06-24,15589.23046875,0.8557833958115765
2021-06-25,15607.9697265625,0.1201342424892397
2021-06-28,15554.1796875,-0.3452271008075816
2021-06-29,15690.58984375,0.8731766948341996
2021-06-30,15531.0400390625,-1.0220555055044207
2021-07-01,15603.8095703125,0.4674483074042625
2021-07-02,15650.08984375,0.2961570116482704
2021-07-05,15661.9697265625,0.0758805619658801
2021-07-06,15511.3798828125,-0.9661522873624095
2021-07-07,15692.7099609375,1.1622330289324754
2021-07-08,15420.6396484375,-1.7489421804465333
2021-07-09,15687.9296875,1.7184757939864164
2021-07-12,15790.509765625,0.6517504871406623
2021-07-13,15789.6396484375,-0.0055105324316948
2021-07-14,15788.98046875,-0.0041748479518724
2021-07-15,15629.66015625,-1.0141856867934
2021-07-16,15540.3095703125,-0.5733135544161683
2021-07-19,15133.2001953125,-2.6546246936695708
2021-07-20,15216.26953125,0.5474200645338385
2021-07-21,15422.5,1.3462262782400136
2021-07-22,15514.5400390625,0.5950169149915788
2021-07-23,15669.2900390625,0.9925097074168624
2021-07-26,15618.98046875,-0.3215876931121949
2021-07-27,15519.1298828125,-0.6413422462977323
2021-07-28,15570.3603515625,0.3295680613210616
2021-07-29,15640.4697265625,0.4492638788989977
2021-07-30,15544.3896484375,-0.6161989123227729
2021-08-02,15568.73046875,0.1564666300693262
2021-08-03,15555.080078125,-0.0877167111635262
2021-08-04,15692.1298828125,0.8772026921567992
2021-08-05,15744.669921875,0.3342585015492659
2021-08-06,15761.4501953125,0.1065207328719316
2021-08-09,15745.41015625,-0.1018193515270703
2021-08-10,15770.7099609375,0.1605515528433976
2021-08-11,15826.08984375,0.3505414463711049
2021-08-12,15937.509765625,0.7015601521228146
2021-08-13,15977.4404296875,0.2502318484217782
2021-08-16,15925.73046875,-0.3241684432248429
2021-08-17,15921.9501953125,-0.0237397096204836
2021-08-18,15965.9697265625,0.2760892483392984
2021-08-19,15765.8095703125,-1.2615921041525502
2021-08-20,15808.0400390625,0.2675029776548638
2021-08-23,15852.7900390625,0.2826838695600058
2021-08-24,15905.849609375,0.3341428994945177
2021-08-25,15860.66015625,-0.284510221242289
2021-08-26,15793.6201171875,-0.4235770879516042
2021-08-27,15851.75,0.3673835886838961
2021-08-30,15887.3095703125,0.2240745987590973
2021-08-31,15835.08984375,-0.329229659139553
2021-09-01,15824.2900390625,-0.0682249945917229
2021-09-02,15840.58984375,0.1029519529997701
2021-09-03,15781.2001953125,-0.3756252773397749
2021-09-06,15932.1201171875,0.9517834127444096
2021-09-07,15843.08984375,-0.5603771400793126
2021-09-08,15610.2802734375,-1.480374415400689
2021-09-09,15623.150390625,0.0824124512888578
2021-09-10,15609.8095703125,-0.0854278373904976
2021-09-13,15701.419921875,0.5851613906803205
2021-09-14,15722.990234375,0.1372838235022874
2021-09-15,15616.0,-0.6827957712776306
2021-09-16,15651.75,0.2286702150175917
2021-09-17,15490.169921875,-1.0377107673413282
2021-09-20,15132.0595703125,-2.338998067335635
2021-09-21,15348.5302734375,1.4204078316168716
2021-09-22,15506.740234375,1.0255061444008493
2021-09-23,15643.9697265625,0.8810738510213828
2021-09-24,15531.75,-0.7199205806866573
2021-09-27,15573.8798828125,0.2708828513215661
2021-09-28,15248.5595703125,-2.1110100264298453
2021-09-29,15365.26953125,0.7624693139174854
2021-09-30,15260.6904296875,-0.6829468083542419
2021-10-01,15156.4404296875,-0.6854716750402673
2021-10-04,15036.5498046875,-0.794166157069588
2021-10-05,15194.490234375,1.0448986637103836
2021-10-06,14973.330078125,-1.4662253756491812
2021-10-07,15250.8603515625,1.8365294156240937
2021-10-08,15206.1298828125,-0.2937289637995145
2021-10-11,15199.1396484375,-0.0459804146184078
2021-10-12,15146.8701171875,-0.3444906486589777
2021-10-13,15249.3798828125,0.6744921117307366
2021-10-14,15462.7197265625,1.3893109100115582
2021-10-15,15587.3603515625,0.8028404059793055
2021-10-18,15474.4697265625,-0.7268800438864377
2021-10-19,15515.830078125,0.2669246595254125
2021-10-20,15522.919921875,0.0456838234355841
2021-10-21,15472.5595703125,-0.3249531654447369
2021-10-22,15542.98046875,0.4541015204645765
2021-10-25,15599.23046875,0.3612464207134808
2021-10-26,15757.0595703125,1.0066907422078162
2021-10-27,15705.8095703125,-0.325781130123325
2021-10-28,15696.330078125,-0.0603748189236549
2021-10-29,15688.76953125,-0.048179213163881
2021-11-01,15806.2900390625,0.746282463631857
2021-11-02,15954.4501953125,0.9329834876765772
2021-11-03,15959.98046875,0.0346568832830851
2021-11-04,16029.650390625,0.4355788432480681
2021-11-05,16054.3603515625,0.1540328983284319
2021-11-08,16046.51953125,-0.0488511249352309
2021-11-09,16040.4697265625,-0.0377087716805054
2021-11-10,16067.830078125,0.1704254560424379
2021-11-11,16083.1103515625,0.0950533600807981
2021-11-12,16094.0703125,0.0681225709347964
2021-11-15,16148.6396484375,0.3384913247464234
2021-11-16,16247.8603515625,0.6125415607290587
2021-11-17,16251.1298828125,0.0201208175235708
2021-11-18,16221.73046875,-0.1810707266115137
2021-11-19,16159.9697265625,-0.3814550607532431
2021-11-22,16115.6904296875,-0.2743821470455896
2021-11-23,15937.0,-1.1149908386961136
2021-11-24,15878.3896484375,-0.3684406729722695
2021-11-25,15917.98046875,0.2490274243674787
2021-11-26,15257.0400390625,-4.240827895613227
2021-11-29,15280.8603515625,0.1560049448479867
2021-11-30,15100.1298828125,-1.1897742589148936
2021-12-01,15472.669921875,2.4371891462565074
2021-12-02,15263.1103515625,-1.3636407845613845
2021-12-03,15169.98046875,-0.6120323043746625
2021-12-06,15380.7900390625,1.38008248398052
2021-12-07,15813.9404296875,2.7772525998830675
2021-12-08,15687.08984375,-0.8053785574609417
2021-12-09,15639.259765625,-0.3053666698411591
2021-12-10,15623.3095703125,-0.1020402163691476
2021-12-13,15621.7197265625,-0.010176618727196
2021-12-14,15453.5595703125,-1.0822866374632172
2021-12-15,15476.349609375,0.1473657297502021
2021-12-16,15636.400390625,1.0288527570173225
2021-12-17,15531.6904296875,-0.6719074034839673
2021-12-20,15239.669921875,-1.8980589186378576
2021-12-21,15447.4404296875,1.3541430283578526
2021-12-22,15593.4697265625,0.9408897705466976
2021-12-23,15756.3095703125,1.0388673345340969
2021-12-27,15835.25,0.4997574989071142
2021-12-28,15963.7001953125,0.8078939284277026
2021-12-29,15852.25,-0.7005960877587732
2021-12-30,15884.8603515625,0.2055030384165239
2022-01-03,16020.73046875,0.8517061432296871
2022-01-04,16152.6103515625,0.8198130382432627
2022-01-05,16271.75,0.7348807089666669
2022-01-06,16052.0302734375,-1.3595137009672893
2022-01-07,15947.740234375,-0.651819726541127
2022-01-10,15768.26953125,-1.1317477833885792
2022-01-11,15941.8095703125,1.0945527513658675
2022-01-12,16010.3203125,0.4288343057617768
2022-01-13,16031.58984375,0.1327607141416676
2022-01-14,15883.240234375,-0.9296660986286204
2022-01-17,15933.7197265625,0.3173121165862248
2022-01-18,15772.5595703125,-1.0165907054072827
2022-01-19,15809.7197265625,0.2353229356826263
2022-01-20,15912.330078125,0.64693618521012
2022-01-21,15603.8798828125,-1.9574691542314424
2022-01-24,15011.1298828125,-3.872767561927696
2022-01-25,15123.8701171875,0.7482379981029826
2022-01-26,15459.3896484375,2.194226484682375
2022-01-27,15524.26953125,0.4188012607935824
2022-01-28,15318.9501953125,-1.3313938731046813
2022-01-31,15471.2001953125,0.9889606835872168
2022-02-01,15619.3896484375,0.9532824953876108
2022-02-02,15613.76953125,-0.0359881446242666
2022-02-03,15368.4697265625,-1.583519696168138
2022-02-04,15099.5595703125,-1.7652414369642124
2022-02-07,15206.6396484375,0.7066575584222655
2022-02-08,15242.3798828125,0.2347546905538319
2022-02-09,15482.009765625,1.5598991198870114
2022-02-10,15490.4404296875,0.0544397631931163
2022-02-11,15425.1201171875,-0.4225730250104241
2022-02-14,15113.9697265625,-2.037789334677903
2022-02-15,15412.7099609375,1.957302757713768
2022-02-16,15396.0703125,-0.1080188823300169
2022-02-17,15267.6298828125,-0.8377409121631707
2022-02-18,15042.509765625,-1.4854715907989875
2022-02-21,14731.1201171875,-2.0917906473215173
2022-02-22,14693.0,-0.259108094739484
2022-02-23,14631.3603515625,-0.4203995482339625
2022-02-24,14052.099609375,-4.039537140683894
2022-02-25,14567.23046875,3.6002694628299614
2022-02-28,14461.01953125,-0.7317796385738679
2022-03-01,13904.849609375,-3.9219049198680502
2022-03-02,14000.1103515625,0.6827539790147059
2022-03-03,13698.400390625,-2.1786145629930087
2022-03-04,13094.5400390625,-4.5083713794355305
2022-03-07,12834.650390625,-2.004677721371128
2022-03-08,12831.509765625,-0.0244728856716811
2022-03-09,13847.9296875,7.623189406906642
2022-03-10,13442.099609375,-2.9744196583587197
2022-03-11,13628.1103515625,1.3743053350843284
2022-03-14,13929.1103515625,2.184632292675992
2022-03-15,13917.26953125,-0.0850438805760921
2022-03-16,14440.740234375,3.69229136178751
2022-03-17,14388.0595703125,-0.3654728816846391
2022-03-18,14413.08984375,0.1738144501063217
2022-03-21,14326.9697265625,-0.599305472831208
2022-03-22,14473.2001953125,1.015492101478409
2022-03-23,14283.650390625,-1.3183123050481471
2022-03-24,14273.7900390625,-0.0690562725929506
2022-03-25,14305.759765625,0.2237245870962872
2022-03-28,14417.3701171875,0.7771500790776112
2022-03-29,14820.330078125,2.756615432282499
2022-03-30,14606.0498046875,-1.4564079027232888
2022-03-31,14414.75,-1.318382517621573
2022-04-01,14446.48046875,0.2198830820377758
2022-04-04,14518.16015625,0.4949471651154712
2022-04-05,14424.3603515625,-0.6481822001012562
2022-04-06,14151.6904296875,-1.9084386415598769
2022-04-07,14078.150390625,-0.5210104150806345
2022-04-08,14283.669921875,1.4492943424814428
2022-04-11,14192.7802734375,-0.6383517359407458
2022-04-12,14124.9501953125,-0.4790652833342941
2022-04-13,14076.4404296875,-0.3440242654263527
2022-04-14,14163.849609375,0.6190408009368742
2022-04-19,14153.4599609375,-0.0733801979168139
2022-04-20,14362.0302734375,1.4628823163775513
2022-04-21,14502.41015625,0.9726915715889994
2022-04-22,14142.08984375,-2.5159407151034214
2022-04-25,13924.169921875,-1.5529272736061357
2022-04-26,13756.400390625,-1.212197463567726
2022-04-27,13793.9404296875,0.2725197669282176
2022-04-28,13979.83984375,1.338688420922041
2022-04-29,14097.8798828125,0.8408142515340438
2022-05-02,13939.0703125,-1.132871212219411
2022-05-03,14039.4697265625,0.7176918085860725
2022-05-04,13970.8203125,-0.4901737998442648
2022-05-05,13902.51953125,-0.4900806170790601
2022-05-06,13674.2900390625,-1.655265469624645
2022-05-09,13380.669921875,-2.170630790941918
2022-05-10,13534.740234375,1.1448608395192994
2022-05-11,13828.6396484375,2.148204772848076
2022-05-12,13739.6396484375,-0.6456718479696583
2022-05-13,14027.9296875,2.076525997840436
2022-05-16,13964.3798828125,-0.4540526654895977
2022-05-17,14185.9404296875,1.5741570224920984
2022-05-18,14007.759765625,-1.263991850039854
2022-05-19,13882.2998046875,-0.8996811704535954
2022-05-20,13981.91015625,0.7149729063229837
2022-05-23,14175.400390625,1.3743733070246795
2022-05-24,13919.75,-1.8199400492222435
2022-05-25,14007.9296875,0.6314880542903636
2022-05-26,14231.2900390625,1.5819488768865302
2022-05-27,14462.1904296875,1.6094622969482972
2022-05-30,14575.98046875,0.7837313301050407
2022-05-31,14388.349609375,-1.2956176341295331
2022-06-01,14340.4697265625,-0.3333233195779761
2022-06-02,14485.169921875,1.0039771017798909
2022-06-03,14460.08984375,-0.173293206587048
2022-06-06,14653.8095703125,1.3307910615959295
2022-06-07,14556.6201171875,-0.6654459575460925
2022-06-08,14445.990234375,-0.7628997393037259
2022-06-09,14198.7998046875,-1.7259443381020498
2022-06-10,13761.830078125,-3.1258616713241
2022-06-13,13427.0302734375,-2.4628963768441556
2022-06-14,13304.3896484375,-0.9175830228495307
2022-06-15,13485.2900390625,1.3505435105176398
2022-06-16,13038.490234375,-3.3693694410409445
2022-06-17,13126.259765625,0.6709015791487906
2022-06-20,13265.599609375,1.055940291880021
2022-06-21,13292.400390625,0.2018283782489522
2022-06-22,13144.2802734375,-1.1205768909561344
2022-06-23,12912.58984375,-1.7783911495089264
2022-06-24,13118.1298828125,1.579244162526282
2022-06-27,13186.0703125,0.5165759100514253
2022-06-28,13231.8203125,0.3463565383417321
2022-06-29,13003.349609375,-1.741757188845406
2022-06-30,12783.76953125,-1.703062557649504
2022-07-01,12813.0302734375,0.2286282281884564
2022-07-04,12773.3798828125,-0.3099334539123156
2022-07-05,12401.2001953125,-2.957005082649629
2022-07-06,12594.51953125,1.5468503626828851
2022-07-07,12843.2197265625,1.9554262849314803
2022-07-08,13015.23046875,1.3304221875052304
2022-07-11,12832.4404296875,-1.4143872925323118
2022-07-12,12905.48046875,0.5675690388770691
2022-07-13,12756.3203125,-1.1625204121600223
2022-07-14,12519.66015625,-1.872663833068975
2022-07-15,12864.7197265625,2.7188438530702066
2022-07-18,12959.8095703125,0.7364337402690347
2022-07-19,13308.41015625,2.6543180791123
2022-07-20,13281.98046875,-0.1987913346326423
2022-07-21,13246.6396484375,-0.2664355783513005
2022-07-22,13253.6796875,0.0531317312736672
2022-07-25,13210.3203125,-0.327686017221355
2022-07-26,13096.9296875,-0.8620538232262434
2022-07-27,13166.3798828125,0.5288774212547557
2022-07-28,13282.1103515625,0.8751441488818756
2022-07-29,13484.0498046875,1.5089447540360743
2022-08-01,13479.6298828125,-0.032784263615449
2022-08-02,13449.2001953125,-0.2260009095360677
2022-08-03,13587.5595703125,1.023499739014424
2022-08-04,13662.6796875,0.5513368654394415
2022-08-05,13573.9296875,-0.6516986963183269
2022-08-08,13687.6904296875,0.8345901822611853
2022-08-09,13534.9697265625,-1.1220233765465912
2022-08-10,13700.9296875,1.2187004547419902
2022-08-11,13694.509765625,-0.04686854542709
2022-08-12,13795.849609375,0.7372788505226541
2022-08-15,13816.6103515625,0.150372303871914
2022-08-16,13910.1201171875,0.6745124187092483
2022-08-17,13626.7099609375,-2.058480681508428
2022-08-18,13697.41015625,0.5174940879234736
2022-08-19,13544.51953125,-1.1224772403785384
2022-08-22,13230.5703125,-2.3451918151710585
2022-08-23,13194.23046875,-0.2750436376778533
2022-08-24,13220.0595703125,0.1955692146694086
2022-08-25,13271.9599609375,0.3918195588129629
2022-08-26,12971.4697265625,-2.2901226777076276
2022-08-29,12892.990234375,-0.6068538307308728
2022-08-30,12961.1396484375,0.5271851902018426
2022-08-31,12834.9599609375,-0.978292809780381
2022-09-01,12630.23046875,-1.607951087683679
2022-09-02,13050.26953125,3.2715603371463335
2022-09-05,12760.7802734375,-2.243236128807078
2022-09-06,12871.4404296875,0.863451084095359
2022-09-07,12915.9697265625,0.3453572178375991
2022-09-08,12904.3203125,-0.0902345778092802
2022-09-09,13088.2099609375,1.414965873517028
2022-09-12,13402.26953125,2.3712238640070673
2022-09-13,13188.9501953125,-1.604468801208225
2022-09-14,13028.0,-1.2278485193386637
2022-09-15,12956.66015625,-0.5490933694293878
2022-09-16,12741.259765625,-1.6764425762128696
2022-09-19,12803.240234375,0.4852754243192194
2022-09-20,12670.830078125,-1.0395774771039563
2022-09-21,12767.150390625,0.7572988976071784
2022-09-22,12531.6298828125,-1.8619657520526576
2022-09-23,12284.1904296875,-1.994273417289695
2022-09-26,12227.919921875,-0.4591249456038354
2022-09-27,12139.6796875,-0.7242454857740845
2022-09-28,12183.2802734375,0.3585141998198866
2022-09-29,11975.5498046875,-1.7197487444994188
2022-09-30,12114.3603515625,1.1524499867734734
2022-10-03,12209.48046875,0.7821182745900755
2022-10-04,12670.48046875,3.706217781261862
2022-10-05,12517.1796875,-1.2172839658645744
2022-10-06,12470.7802734375,-0.3713745937088292
2022-10-07,12273.0,-1.5986602166939972
2022-10-10,12272.9404296875,-0.0004853781232827
2022-10-11,12220.25,-0.4302462034817436
2022-10-12,12172.259765625,-0.393483874806835
2022-10-13,12355.580078125,1.4948216167373132
2022-10-14,12437.8095703125,0.6633203031709579
2022-10-17,12649.0302734375,1.6839561758517505
2022-10-18,12765.6103515625,0.9174309999999846
2022-10-19,12741.41015625,-0.1897532686455251
2022-10-20,12767.41015625,0.2038511282382018
2022-10-21,12730.900390625,-0.2863702715411821
2022-10-24,12931.4501953125,1.5630204015319171
2022-10-25,13052.9599609375,0.9352581075021176
2022-10-26,13195.8095703125,1.088439741803436
2022-10-27,13211.23046875,0.1167938562416154
2022-10-28,13243.330078125,0.2426774398435352
2022-10-31,13253.740234375,0.0785759079237375
2022-11-01,13338.740234375,0.6392806386088777
2022-11-02,13256.740234375,-0.6166480800149784
2022-11-03,13130.1904296875,-0.9591928410773544
2022-11-04,13459.849609375,2.479695938923305
2022-11-07,13533.51953125,0.5458385309449212
2022-11-08,13688.75,1.1404791296152677
2022-11-09,13666.3203125,-0.1639892880577553
2022-11-10,14146.08984375,3.4503815043386363
2022-11-11,14224.8603515625,0.5552913080208909
2022-11-14,14313.2998046875,0.6197998452511426
2022-11-15,14378.509765625,0.4545553187130629
2022-11-16,14234.0302734375,-1.0099118775888958
2022-11-17,14266.3798828125,0.2270116330976313
2022-11-18,14431.8603515625,1.1532574922613938
2022-11-21,14379.9296875,-0.3604824290862554
2022-11-22,14422.349609375,0.294559691677695
2022-11-23,14427.58984375,0.0363275246462445
2022-11-24,14539.5595703125,0.7730845905921981
2022-11-25,14541.3798828125,0.0125189387730227
2022-11-28,14383.3603515625,-1.0926362834623982
2022-11-29,14355.4501953125,-0.1942332650065319
2022-11-30,14397.0400390625,0.2892957960659568
2022-12-01,14490.2998046875,0.6456813962978359
2022-12-02,14529.3896484375,0.2694023825114404
2022-12-05,14447.6103515625,-0.5644443109854936
2022-12-06,14343.1904296875,-0.7253732226485714
2022-12-07,14261.1904296875,-0.5733403217342297
2022-12-08,14264.5595703125,0.0236217497570945
2022-12-09,14370.7197265625,0.7414674850307063
2022-12-12,14306.6298828125,-0.4469726200243822
2022-12-13,14497.8896484375,1.328003935503363
2022-12-14,14460.2001953125,-0.260303594675592
2022-12-15,13986.23046875,-3.332675372250476
2022-12-16,13893.0703125,-0.6683130522147943
2022-12-19,13942.8701171875,0.3578097743428062
2022-12-20,13884.66015625,-0.4183630043227707
2022-12-21,14097.8203125,1.52355528121833
2022-12-22,13914.0703125,-1.3119616816044728
2022-12-23,13940.9296875,0.1928514329531038
2022-12-27,13995.099609375,0.3878145257677015
2022-12-28,13925.599609375,-0.4978395633902036
2022-12-29,14071.7197265625,1.0438245330955114
2022-12-30,13923.58984375,-1.058257740438027
2023-01-02,14069.259765625,1.0407746180438886
2023-01-03,14181.669921875,0.7958021257238117
2023-01-04,14490.7802734375,2.156232381153874
2023-01-05,14436.3095703125,-0.3766073103131592
2023-01-06,14610.01953125,1.1961031724754223
2023-01-09,14792.830078125,1.24350466005668
2023-01-10,14774.599609375,-0.1233145474791372
2023-01-11,14947.91015625,1.1662037457026158
2023-01-12,15058.2998046875,0.7357820037865541
2023-01-13,15086.51953125,0.1872277587171562
2023-01-16,15134.0400390625,0.3144915094552991
2023-01-17,15187.0703125,0.3497914614155125
2023-01-18,15181.7998046875,-0.0347099371499678
2023-01-19,14920.3603515625,-1.7370582414515032
2023-01-20,15033.5595703125,0.755826001684081
2023-01-23,15102.9501953125,0.4605095159965551
2023-01-24,15093.1103515625,-0.0651730319789013
2023-01-25,15081.6396484375,-0.0760284918850211
2023-01-26,15132.849609375,0.338976505849431
2023-01-27,15150.0302734375,0.1134678469968637
2023-01-30,15126.080078125,-0.1582118708790759
2023-01-31,15128.26953125,0.0144736420190294
2023-02-01,15180.740234375,0.3462386659907409
2023-02-02,15509.1904296875,2.1405244587293084
2023-02-03,15476.4296875,-0.2114577941051755
2023-02-06,15345.91015625,-0.8469202017936116
2023-02-07,15320.8798828125,-0.1632402932545597
2023-02-08,15412.0498046875,0.5933062044065663
2023-02-09,15523.419921875,0.7200187960002645
2023-02-10,15307.98046875,-1.3975554593732504
2023-02-13,15397.33984375,0.58204654024423
2023-02-14,15380.5595703125,-0.1090410679064897
2023-02-15,15506.33984375,0.8144616074990894
2023-02-16,15533.6396484375,0.1759009649695851
2023-02-17,15482.0,-0.332991334302645
2023-02-20,15477.5498046875,-0.0287484499692288
2023-02-21,15397.6201171875,-0.5177614650416545
2023-02-22,15399.8896484375,0.0147384075620377
2023-02-23,15475.6904296875,0.4910089679164108
2023-02-24,15209.740234375,-1.7334405869660656
2023-02-27,15381.4296875,1.1224889814446148
2023-02-28,15365.1396484375,-0.1059633054260411
2023-03-01,15305.01953125,-0.3920435745910764
2023-03-02,15327.6396484375,0.1476863054314378
2023-03-03,15578.3896484375,1.6226963337134577
2023-03-06,15653.580078125,0.4814974887177785
2023-03-07,15559.5302734375,-0.6026319598284786
2023-03-08,15631.8701171875,0.4638456276087954
2023-03-09,15633.2099609375,0.0085708640276845
2023-03-10,15427.9697265625,-1.3215417024382794
2023-03-13,14959.4697265625,-3.0837552271425768
2023-03-14,15232.830078125,1.810844640668792
2023-03-15,14735.259765625,-3.320972704836144
2023-03-16,14967.099609375,1.5611187600414351
2023-03-17,14768.2001953125,-1.3378199102217023
2023-03-20,14933.3798828125,1.1122734211361045
2023-03-21,15195.33984375,1.7389823716577375
2023-03-22,15216.1904296875,0.1371229202679795
2023-03-23,15210.3896484375,-0.0381296965047421
2023-03-24,14957.23046875,-1.6783897541230277
2023-03-27,15127.6796875,1.133133133217044
2023-03-28,15142.01953125,0.0947471907078762
2023-03-29,15328.7802734375,1.225849548428203
2023-03-30,15522.400390625,1.2552042103065504
2023-03-31,15628.83984375,0.6833748290709876
2023-04-03,15580.919921875,-0.3070831681625113
2023-04-04,15603.4697265625,0.1446224144328903
2023-04-05,15520.169921875,-0.5352844624026384
2023-04-06,15597.8896484375,0.499516288859765
2023-04-11,15655.169921875,0.3665582721320525
2023-04-12,15703.599609375,0.3088751677893238
2023-04-13,15729.4599609375,0.1645424133099298
2023-04-14,15807.5,0.494912626016291
2023-04-17,15789.5302734375,-0.1137431482918061
2023-04-18,15882.669921875,0.5881493319267852
2023-04-19,15895.2001953125,0.078861635727574
2023-04-20,15795.9697265625,-0.6262362247234691
2023-04-21,15881.66015625,0.5410167302099126
2023-04-24,15863.9501953125,-0.1115742465090833
2023-04-25,15872.1298828125,0.051548191591333
2023-04-26,15795.73046875,-0.4825053630805876
2023-04-27,15800.4501953125,0.0298752982063484
2023-04-28,15922.3798828125,0.7687226368913168
2023-05-02,15726.9404296875,-1.235046664211514
2023-05-03,15815.0595703125,0.5587430719483529
2023-05-04,15734.240234375,-0.5123379169960087
2023-05-05,15961.01953125,1.4310226108008792
2023-05-08,15952.830078125,-0.0513222529089768
2023-05-09,15955.48046875,0.0166125412826278
2023-05-10,15896.23046875,-0.3720369587487674
2023-05-11,15834.91015625,-0.3864997452142485
2023-05-12,15913.8203125,0.4970927503231007
2023-05-15,15917.240234375,0.0214879544030366
2023-05-16,15897.9296875,-0.1213920861888167
2023-05-17,15951.2998046875,0.3351425952408643
2023-05-18,16163.3603515625,1.3206655655658732
2023-05-19,16275.3798828125,0.6906555293001099
2023-05-22,16223.990234375,-0.3162503832106413
2023-05-23,16152.8603515625,-0.4393879945849793
2023-05-24,15842.1298828125,-1.942430589231978
2023-05-25,15793.7998046875,-0.3055394053591321
2023-05-26,15983.9697265625,1.196888232836375
2023-05-29,15952.73046875,-0.1956324077609966
2023-05-30,15908.91015625,-0.2750664389509437
2023-05-31,15664.01953125,-1.5513006778311815
2023-06-01,15853.66015625,1.203406567368588
2023-06-02,16051.23046875,1.2385113008230193
2023-06-05,15963.8896484375,-0.5456236720305127
2023-06-06,15992.4404296875,0.1786862807888011
2023-06-07,15960.5595703125,-0.1995485241074591
2023-06-08,15989.9599609375,0.1840370632747577
2023-06-09,15949.83984375,-0.2512234800077262
2023-06-12,16097.8701171875,0.9238184345050416
2023-06-13,16230.6796875,0.8216286734134776
2023-06-14,16310.7900390625,0.4923595281371546
2023-06-15,16290.1201171875,-0.1268058133693415
2023-06-16,16357.6298828125,0.4135651727713478
2023-06-19,16201.2001953125,-0.9609122366319118
2023-06-20,16111.3203125,-0.5563175710652921
2023-06-21,16023.1298828125,-0.5488853897582908
2023-06-22,15988.16015625,-0.2184837938773562
2023-06-23,15829.9404296875,-0.994534731941198
2023-06-26,15813.0595703125,-0.1066957050622756
2023-06-27,15846.8603515625,0.2135241919475105
2023-06-28,15949.0,0.6424735713688167
2023-06-29,15946.7197265625,-0.0142983037281051
2023-06-30,16147.900390625,1.25368861412709
2023-07-03,16081.0400390625,-0.4149093739210347
2023-07-04,16039.169921875,-0.2607090112677748
2023-07-05,15937.580078125,-0.6354003176892583
2023-07-06,15528.5400390625,-2.6000223749537517
2023-07-07,15603.400390625,0.4809240594387629
2023-07-10,15673.16015625,0.4460840967480253
2023-07-11,15790.33984375,0.7448645527859914
2023-07-12,16023.0,1.4626839269726633
2023-07-13,16141.0302734375,0.7339304325099197
2023-07-14,16105.0703125,-0.2230345697049001
2023-07-17,16068.650390625,-0.2263955590769147
2023-07-18,16125.490234375,0.3531071288459615
2023-07-19,16108.9296875,-0.1027507141257687
2023-07-20,16204.2197265625,0.5897928058184373
2023-07-21,16177.2197265625,-0.166762236102906
2023-07-24,16190.9501953125,0.0848393320147906
2023-07-25,16211.58984375,0.1273952671861861
2023-07-26,16131.4599609375,-0.4955008710854717
2023-07-27,16406.029296875,1.687750713192438
2023-07-28,16469.75,0.3876457640344605
2023-07-31,16446.830078125,-0.1392606736468624
2023-08-01,16240.400390625,-1.2630769199588878
2023-08-02,16020.01953125,-1.3662828206126842
2023-08-03,15893.3798828125,-0.7936497865689316
2023-08-04,15951.8603515625,0.3672795938017441
2023-08-07,15950.759765625,-0.0068996586104494
2023-08-08,15774.9296875,-1.1084511098277747
2023-08-09,15852.580078125,0.4910316823599382
2023-08-10,15996.51953125,0.9038901249810708
2023-08-11,15832.169921875,-1.0327228225598208
2023-08-14,15904.25,0.4542428052187615
2023-08-15,15767.2802734375,-0.8649445057065229
2023-08-16,15789.4501953125,0.1405083808944577
2023-08-17,15676.900390625,-0.7153691646610253
2023-08-18,15574.259765625,-0.6568779754443819
2023-08-21,15603.2802734375,0.186162963193506
2023-08-22,15705.6201171875,0.6537451456842291
2023-08-23,15728.41015625,0.1450023611823725
2023-08-24,15621.490234375,-0.6821095767501448
2023-08-25,15631.8203125,0.0661054993562347
2023-08-28,15792.6103515625,1.023353097525468
2023-08-29,15930.8798828125,0.8717225363247004
2023-08-30,15891.9296875,-0.2447943175912836
2023-08-31,15947.080078125,0.3464331723171214
2023-09-01,15840.33984375,-0.6715904331487367
2023-09-04,15824.849609375,-0.0978376310273538
2023-09-05,15771.7099609375,-0.3363638273423204
2023-09-06,15741.3701171875,-0.192554031843608
2023-09-07,15718.66015625,-0.1443734458280984
2023-09-08,15740.2998046875,0.1375738541732063
2023-09-11,15800.990234375,0.3848321011110978
2023-09-12,15715.5302734375,-0.5423198310995345
2023-09-13,15654.0302734375,-0.3921003528322211
2023-09-14,15805.2900390625,0.9616287303144746
2023-09-15,15893.5302734375,0.5567428783243866
2023-09-18,15727.1201171875,-1.0525507256928552
2023-09-19,15664.48046875,-0.3990859364067893
2023-09-20,15781.58984375,0.744830214040099
2023-09-21,15571.8603515625,-1.3378599108415867
2023-09-22,15557.2900390625,-0.0936120220512701
2023-09-25,15405.490234375,-0.9805386957205736
2023-09-26,15255.8701171875,-0.9759599905361404
2023-09-27,15217.4501953125,-0.25215461812357
2023-09-28,15323.5,0.6944789225067006
2023-09-29,15386.580078125,0.4108108261458599
2023-10-02,15247.2099609375,-0.9099173076763926
2023-10-03,15085.2099609375,-1.068174189590285
2023-10-04,15099.919921875,0.0974649581371627
2023-10-05,15070.2197265625,-0.1968847691965825
2023-10-06,15229.76953125,1.0531441313921008
2023-10-09,15128.1103515625,-0.6697408387907724
2023-10-10,15423.51953125,1.9338960806318537
2023-10-11,15460.009765625,0.2363088169419606
2023-10-12,15425.0302734375,-0.2265142418434755
2023-10-13,15186.66015625,-1.5574111193234097
2023-10-16,15237.990234375,0.337424595961899
2023-10-17,15251.6904296875,0.0898677581145981
2023-10-18,15094.91015625,-1.0332733505565326
2023-10-19,15045.23046875,-0.3296582660916618
2023-10-20,14798.4697265625,-1.6537250021769485
2023-10-23,14800.7197265625,0.0152031190441692
2023-10-24,14879.9404296875,0.5338216254913195
2023-10-25,14892.1796875,0.0822195964130725
2023-10-26,14731.0498046875,-1.0878724208663224
2023-10-27,14687.41015625,-0.2966822906791264
2023-10-30,14716.5400390625,0.1981359113235535
2023-10-31,14810.33984375,0.6353540949674668
2023-11-01,14923.26953125,0.759613332444547
2023-11-02,15143.599609375,1.4656266410818382
2023-11-03,15189.25,0.3009966137605249
2023-11-06,15135.9697265625,-0.351392858762129
2023-11-07,15152.6396484375,0.1100738786106285
2023-11-08,15229.599609375,0.5066125961720225
2023-11-09,15352.5400390625,0.8040058240867269
2023-11-10,15234.3896484375,-0.7725586025069316
2023-11-13,15345.0,0.7234338895524853
2023-11-14,15614.4296875,1.740577862138782
2023-11-15,15748.169921875,0.8528696390834213
2023-11-16,15786.6103515625,0.24379715599134
2023-11-17,15919.16015625,0.8361290376463646
2023-11-20,15901.330078125,-0.1120666580541593
2023-11-21,15900.5302734375,-0.0050299239027282
2023-11-22,15957.8203125,0.3596551595645857
2023-11-23,15994.73046875,0.2310311494073794
2023-11-24,16029.490234375,0.2170843100155807
2023-11-27,15966.3701171875,-0.3945522850599633
2023-11-28,15992.669921875,0.1645844843406254
2023-11-29,16166.4501953125,1.0807631821599466
2023-11-30,16215.4296875,0.302511958645477
2023-12-01,16397.51953125,1.1166836505028106
2023-12-04,16404.759765625,0.0441447036472812
2023-12-05,16533.109375,0.7793476771123728
2023-12-06,16656.439453125,0.7431896493775858
2023-12-07,16628.990234375,-0.1649323756979799
2023-12-08,16759.220703125,0.7801024705102276
2023-12-11,16794.4296875,0.2098668662753746
2023-12-12,16791.740234375,-0.0160152416128724
2023-12-13,16766.05078125,-0.1531057758321442
2023-12-14,16752.23046875,-0.0824643315097979
2023-12-15,16751.439453125,-0.004721964053434
2023-12-18,16650.55078125,-0.6040896244381847
2023-12-19,16744.41015625,0.5621184724288284
2023-12-20,16733.05078125,-0.0678628254225011
2023-12-21,16687.419921875,-0.2730714844525453
2023-12-22,16706.1796875,0.1123554682210487
2023-12-27,16742.0703125,0.2146039854072149
2023-12-28,16701.55078125,-0.2423155732024419
2023-12-29,16751.640625,0.2994624971626512
2024-01-02,16769.359375,0.1057173213820018
2024-01-03,16538.390625,-1.3868991583284898
2024-01-04,16617.2890625,0.4759280290394104
2024-01-05,16594.2109375,-0.1389767322435139
2024-01-08,16716.470703125,0.7340607192363031
2024-01-09,16688.359375,-0.168307006473176
2024-01-10,16689.810546875,0.0086953351805129
2024-01-11,16547.029296875,-0.859179928062285
2024-01-12,16704.560546875,0.9475181747553496
2024-01-15,16622.220703125,-0.4941371965947412
2024-01-16,16571.6796875,-0.3045201322342683
2024-01-17,16431.689453125,-0.8483441393796812
2024-01-18,16567.349609375,0.8222113392252062
2024-01-19,16555.130859375,-0.0737791999955264
2024-01-22,16683.359375,0.7715702540190797
2024-01-23,16627.08984375,-0.3378494502023984
2024-01-24,16889.919921875,1.568370612352123
2024-01-25,16906.919921875,0.1006011302378808
2024-01-26,16961.390625,0.3216620446146262
2024-01-29,16941.7109375,-0.1160937424798049
2024-01-30,16972.33984375,0.1806266952600262
2024-01-31,16903.759765625,-0.4048882404080683
2024-02-01,16859.0390625,-0.264911268204156
2024-02-02,16918.2109375,0.3503656190535221
2024-02-05,16904.060546875,-0.0836749918298895
2024-02-06,17033.240234375,0.7612880719440723
2024-02-07,16921.9609375,-0.6554500720230801
2024-02-08,16963.830078125,0.2471192831997178
2024-02-09,16926.5,-0.2202993782380713
2024-02-12,17037.349609375,0.6527528784014754
2024-02-13,16880.830078125,-0.9229306744622006
2024-02-14,16945.48046875,0.3822496057037969
2024-02-15,17046.689453125,0.5954858644379811
2024-02-16,17117.439453125,0.4141776969236116
2024-02-19,17092.259765625,-0.1472079125049205
2024-02-20,17068.4296875,-0.1395175704703923
2024-02-21,17118.119140625,0.290696135291251
2024-02-22,17370.44921875,1.4632940280449829
2024-02-23,17419.330078125,0.2810071953807722
2024-02-26,17423.23046875,0.0223886567466426
2024-02-27,17556.490234375,0.7619295273403105
2024-02-28,17601.220703125,0.2544562298983276
2024-02-29,17678.189453125,0.4363387697094966
2024-03-01,17735.0703125,0.3212407367573934
2024-03-04,17716.169921875,-0.1066275385050985
2024-03-05,17698.400390625,-0.1003515365818269
2024-03-06,17716.7109375,0.1034052855964254
2024-03-07,17842.849609375,0.7094530922551384
2024-03-08,17814.509765625,-0.1589565251828572
2024-03-11,17746.26953125,-0.3837954031859242
2024-03-12,17965.109375,1.2256182194385463
2024-03-13,17961.380859375,-0.0207563589655537
2024-03-14,17942.0390625,-0.1077434895516357
2024-03-15,17936.650390625,-0.0300382873379964
2024-03-18,17932.6796875,-0.0221398232560864
2024-03-19,17987.490234375,0.3051800118650186
2024-03-20,18015.130859375,0.1535478784097713
2024-03-21,18179.25,0.9068825687253148
2024-03-22,18205.939453125,0.146705064961775
2024-03-25,18261.310546875,0.3036759629654587
2024-03-26,18384.349609375,0.6715093919433112
2024-03-27,18477.08984375,0.5031839853687976
2024-03-28,18492.490234375,0.0833138568696976
2024-04-02,18283.130859375,-1.1385892638780295
2024-04-03,18367.720703125,0.4615990643743557
2024-04-04,18403.130859375,0.1925991141967733
2024-04-05,18175.0390625,-1.2471632880227137
2024-04-08,18318.970703125,0.7888000679608055
2024-04-09,18076.689453125,-1.3313940610920385
2024-04-10,18097.30078125,0.1139566313916028
2024-04-11,17954.48046875,-0.7923106969112904
2024-04-12,17930.3203125,-0.1346540004377691
2024-04-15,18026.580078125,0.5354187626759636
2024-04-16,17766.23046875,-1.4547848971801618
2024-04-17,17770.01953125,0.0213250554819905
2024-04-18,17837.400390625,0.3784657240037666
2024-04-19,17737.359375,-0.5624284183328198
2024-04-22,17860.80078125,0.693529668303137
2024-04-23,18137.650390625,1.5381498851941169
2024-04-24,18088.69921875,-0.2702519144003532
2024-04-25,17917.279296875,-0.9521819658271264
2024-04-26,18161.009765625,1.3511404392249289
2024-04-29,18118.3203125,-0.2353377128828865
2024-04-30,17932.169921875,-1.032729618214251
2024-05-02,17896.5,-0.1991139148488078
2024-05-03,18001.599609375,0.5855458133382536
2024-05-06,18175.2109375,0.9598008131742796
2024-05-07,18430.05078125,1.392389776909481
2024-05-08,18498.380859375,0.3700680103170389
2024-05-09,18686.599609375,1.012346141279731
2024-05-10,18772.849609375,0.4604987751622837
2024-05-13,18742.220703125,-0.1632885813641824
2024-05-14,18716.419921875,-0.1377561219501679
2024-05-15,18869.359375,0.8138200143103556
2024-05-16,18738.810546875,-0.6942605969100953
2024-05-17,18704.419921875,-0.1836948053896265
2024-05-20,18768.9609375,0.3444636056986854
2024-05-21,18726.759765625,-0.2250986987468292
2024-05-22,18680.19921875,-0.248940690098104
2024-05-23,18691.3203125,0.059516413663495
2024-05-24,18693.369140625,0.0109607871940305
2024-05-27,18774.7109375,0.4341931825481289
2024-05-28,18677.869140625,-0.5171446800186583
2024-05-29,18473.2890625,-1.1013500301549617
2024-05-30,18496.7890625,0.1271298539624551
2024-05-31,18497.939453125,0.0062192137719634
2024-06-03,18608.16015625,0.5940857619672008
2024-06-04,18405.640625,-1.0943029245612654
2024-06-05,18575.939453125,0.9209992193333072
2024-06-06,18652.669921875,0.4122129657173716
2024-06-07,18557.26953125,-0.5127694431069029
2024-06-10,18494.890625,-0.3367089255844471
2024-06-11,18369.939453125,-0.6778908249741008
2024-06-12,18630.859375,1.410370884898602
2024-06-13,18265.6796875,-1.9795439985809713
2024-06-14,18002.01953125,-1.4539924336691077
2024-06-17,18068.2109375,0.3670144586792632
2024-06-18,18131.970703125,0.3522624952010773
2024-06-19,18067.91015625,-0.3539272076323118
2024-06-20,18254.1796875,1.0256632533436991
2024-06-21,18163.51953125,-0.4978916597184417
2024-06-24,18325.580078125,0.8882741103415963
2024-06-25,18177.619140625,-0.8106782473733726
2024-06-26,18155.240234375,-0.1231882624435676
2024-06-27,18210.55078125,0.3041902182248652
2024-06-28,18235.44921875,0.1366319561731131
2024-07-01,18290.66015625,0.3023096655678078
2024-07-02,18164.060546875,-0.6945609011884646
2024-07-03,18374.529296875,1.1520481699241631
2024-07-04,18450.48046875,0.4124983539930859
2024-07-05,18475.44921875,0.1352369677175872
2024-07-08,18472.05078125,-0.0183960349662873
2024-07-09,18236.189453125,-1.2850769881641582
2024-07-10,18407.220703125,0.933496589228261
2024-07-11,18534.560546875,0.6894109801932471
2024-07-12,18748.1796875,1.1459537415983594
2024-07-15,18590.890625,-0.8424954962485622
2024-07-16,18518.029296875,-0.392689530755699
2024-07-17,18437.30078125,-0.4368985143234455
2024-07-18,18354.759765625,-0.4486900319050667
2024-07-19,18171.9296875,-1.001085002510522
2024-07-22,18407.0703125,1.2856768308834885
2024-07-23,18557.69921875,0.8149908245219187
2024-07-24,18387.4609375,-0.9215793646682898
2024-07-25,18298.720703125,-0.4837811049421177
2024-07-26,18417.55078125,0.6472906328498461
2024-07-29,18320.669921875,-0.5274130433874562
2024-07-30,18411.1796875,0.4928145452450372
2024-07-31,18508.650390625,0.52801396634034
2024-08-01,18083.05078125,-2.326313285080173
2024-08-02,17661.220703125,-2.360376335616341
2024-08-05,17339.0,-1.841301571168847
2024-08-06,17354.3203125,0.0883185198640146
2024-08-07,17615.150390625,1.4917864641052032
2024-08-08,17680.400390625,0.3697354079403876
2024-08-09,17722.880859375,0.2399805195305926
2024-08-12,17726.470703125,0.0202533677150119
2024-08-13,17812.05078125,0.4816196058523744
2024-08-14,17885.599609375,0.4120659561104712
2024-08-15,18183.240234375,1.6504405608105874
2024-08-16,18322.400390625,0.7624072770183437
2024-08-19,18421.689453125,0.5404368679973559
2024-08-20,18357.51953125,-0.3489470750472152
2024-08-21,18448.94921875,0.4968141669871004
2024-08-22,18493.390625,0.2405988785574235
2024-08-23,18633.099609375,0.752614335218902
2024-08-26,18617.01953125,-0.0863357191590031
2024-08-27,18681.810546875,0.3474161557193789
2024-08-28,18782.2890625,0.5364002209628965
2024-08-29,18912.5703125,0.6912442222435738
2024-08-30,18906.919921875,-0.0298808399162741
2024-09-02,18930.849609375,0.1264857362725436
2024-09-03,18747.109375,-0.9753271985521456
2024-09-04,18591.849609375,-0.8316282224677957
2024-09-05,18576.5,-0.0825950595543589
2024-09-06,18301.900390625,-1.4892440106686575
2024-09-09,18443.560546875,0.7710386776698133
2024-09-10,18265.919921875,-0.9678263453723406
2024-09-11,18330.26953125,0.3516741860656538
2024-09-12,18518.390625,1.0210560022440305
2024-09-13,18699.400390625,0.9727132529983926
2024-09-16,18633.109375,-0.3551386484055441
2024-09-17,18726.080078125,0.4977136624617267
2024-09-18,18711.490234375,-0.0779422615667917
2024-09-19,19002.380859375,1.5426493505265697
2024-09-20,18720.009765625,-1.4971286986846029
2024-09-23,18846.7890625,0.6749565155008249
2024-09-24,18996.630859375,0.7919082379714939
2024-09-25,18918.5,-0.4121360955154496
2024-09-26,19238.359375,1.6765890735206166
2024-09-27,19473.630859375,1.2155116782273692
2024-09-30,19324.9296875,-0.7665330769227457
2024-10-01,19213.140625,-0.5801503559355401
2024-10-02,19164.75,-0.2521798350915954
2024-10-03,19015.41015625,-0.7822942845277677
2024-10-04,19120.9296875,0.5533818974793203
2024-10-07,19104.099609375,-0.0880579009204647
2024-10-08,19066.470703125,-0.197161939847637
2024-10-09,19254.9296875,0.983578375458644
2024-10-10,19210.900390625,-0.2289268996117369
2024-10-11,19373.830078125,0.8445343736598849
2024-10-14,19508.2890625,0.6916265025179444
2024-10-15,19486.189453125,-0.1133473895911056
2024-10-16,19432.810546875,-0.2743078687566939
2024-10-17,19583.390625,0.7718887090328688
2024-10-18,19657.369140625,0.3770498008232001
2024-10-21,19461.189453125,-1.0030090025481522
2024-10-22,19421.91015625,-0.2020379580377815
2024-10-23,19377.619140625,-0.2283070731332298
2024-10-24,19443.0,0.3368360558854116
2024-10-25,19463.58984375,0.1058424588474972
2024-10-28,19531.619140625,0.3489114055908631
2024-10-29,19478.0703125,-0.2745413383707324
2024-10-30,19257.33984375,-1.1396954728938589
2024-10-31,19077.5390625,-0.9380600896745416
2024-11-01,19254.970703125,0.9257567996649416
2024-11-04,19147.849609375,-0.5578828362529464
2024-11-05,19256.26953125,0.5646280260603334
2024-11-06,19039.310546875,-1.1330879709182635
2024-11-07,19362.51953125,1.6833396523556934
2024-11-08,19215.48046875,-0.7622985874587187
2024-11-11,19448.599609375,1.2058839371179442
2024-11-12,19033.640625,-2.1567095169652863
2024-11-13,19003.109375,-0.1605355691903754
2024-11-14,19263.69921875,1.3619838267079996
2024-11-15,19210.810546875,-0.2749285462543421
2024-11-18,19189.189453125,-0.1126098751812839
2024-11-19,19060.310546875,-0.6738879931804185
2024-11-20,19004.779296875,-0.2917701737873559
2024-11-21,19146.169921875,0.741220206767716
2024-11-22,19322.58984375,0.9172178140492234
2024-11-25,19405.19921875,0.4266161445903865
2024-11-26,19295.98046875,-0.5644222777316544
2024-11-27,19261.75,-0.1775544220401405
2024-11-28,19425.73046875,0.8477235983316259
2024-11-29,19626.44921875,1.0279606367893936
2024-12-02,19933.619140625,1.5529603860705077
2024-12-03,20016.75,0.4161712702421514
2024-12-04,20232.140625,1.0703036919732118
2024-12-05,20358.80078125,0.6240829256862112
2024-12-06,20384.609375,0.126688449017483
2024-12-09,20345.9609375,-0.1897761254155277
2024-12-10,20329.16015625,-0.082609623542266
2024-12-11,20399.16015625,0.3437414967694116
2024-12-12,20426.26953125,0.1328063375794452
2024-12-13,20405.919921875,-0.0996743565913166
2024-12-16,20313.810546875,-0.452407376186927
2024-12-17,20246.369140625,-0.3325501460903198
2024-12-18,20242.5703125,-0.0187647697739535
2024-12-19,19969.859375,-1.356372249059556
2024-12-20,19884.75,-0.4270999300260459
2024-12-23,19848.76953125,-0.1811089428234346
2024-12-27,19984.3203125,0.6805964840809604
2024-12-30,19909.140625,-0.3769027541394708
