date,close,ret
1998-01-06,14896.400390625,-0.4049110597534437
1998-01-07,15028.169921875,0.8806835423003954
1998-01-08,15019.1796875,-0.0598404502237289
1998-01-09,14995.099609375,-0.1604575145937979
1998-01-12,14664.4404296875,-2.229791017407899
1998-01-13,14755.9404296875,0.6220197859095326
1998-01-14,15121.98046875,2.450360285354418
1998-01-16,16046.4501953125,5.933830792560353
1998-01-19,16262.0400390625,1.3345906424385736
1998-01-20,16366.5302734375,0.6404852592378707
1998-01-21,16684.419921875,1.9236932655442225
1998-01-22,16405.689453125,-1.6847152613022651
1998-01-23,16789.109375,2.3102232173736392
1998-01-26,17073.330078125,1.6787176727591753
1998-01-27,16981.619140625,-0.5386069356322847
1998-01-28,16973.830078125,-0.045878130408118
1998-01-29,17014.58984375,0.2398451311248502
1998-01-30,16628.470703125,-2.2954873242238913
1998-02-02,16776.8203125,0.8881861531937364
1998-02-03,17022.98046875,1.456603310359878
1998-02-04,16882.619140625,-0.8279583996328247
1998-02-05,17003.30078125,0.7122849321166217
1998-02-06,17040.060546875,0.2159585803376263
1998-02-09,17205.0,0.963296463422281
1998-02-10,17205.08984375,0.0005221942192497
1998-02-12,17174.9296875,-0.1754516978065996
1998-02-13,16791.009765625,-2.2607134037633885
1998-02-16,16775.51953125,-0.0922957231449951
1998-02-17,16790.7109375,0.0905160160975124
1998-02-18,16613.890625,-1.0586683013490004
1998-02-19,16616.48046875,0.0155872093509618
1998-02-20,16756.240234375,0.837573801155769
1998-02-23,16609.490234375,-0.8796507327259124
1998-02-24,16198.0,-2.508645504298181
1998-02-25,16360.6396484375,0.9990650898734214
1998-02-26,16501.69921875,0.8584929833167446
1998-02-27,16831.669921875,1.9798867649553111
1998-03-02,17264.33984375,2.538086722441144
1998-03-03,17168.330078125,-0.557668137051348
1998-03-04,17095.599609375,-0.4245314454386898
1998-03-05,16848.55078125,-1.4556451555689194
1998-03-06,17131.970703125,1.6681703632169969
1998-03-09,16972.529296875,-0.9350236354199338
1998-03-10,16982.8203125,0.0606149903239326
1998-03-11,16756.140625,-1.3437467667599718
1998-03-12,16575.220703125,-1.0855944160085589
1998-03-13,17060.140625,2.883593358996288
1998-03-16,16861.140625,-1.173318198184448
1998-03-17,16997.19921875,0.8036975631188005
1998-03-18,16619.6796875,-2.246106211692293
1998-03-19,16679.01953125,0.3564097574821384
1998-03-20,16830.470703125,0.9039361808929224
1998-03-23,16868.830078125,0.2276568989742932
1998-03-24,16606.390625,-1.5679946214129794
1998-03-25,16658.33984375,0.3123383851341414
1998-03-26,16980.619140625,1.9161660614091236
1998-03-27,16739.259765625,-1.431579856587512
1998-03-30,16263.0400390625,-2.8861793670894387
1998-03-31,16527.169921875,1.6110637661054528
1998-04-01,16241.66015625,-1.7426132698217622
1998-04-02,15702.900390625,-3.3734122330225116
1998-04-03,15517.7802734375,-1.185895264111959
1998-04-06,15705.990234375,1.20557022682783
1998-04-07,15978.7197265625,1.7215636716402207
1998-04-08,16376.6201171875,2.4596895189245953
1998-04-09,16536.66015625,0.972502886751485
1998-04-10,16481.119140625,-0.3364312754822933
1998-04-13,16317.580078125,-0.9972372179309188
1998-04-14,16277.3203125,-0.2470311957765522
1998-04-15,16299.2998046875,0.1349403065365105
1998-04-16,15883.76953125,-2.582434644935134
1998-04-17,15703.7998046875,-1.1395094826036016
1998-04-20,15697.099609375,-0.0426751815343492
1998-04-21,15825.669921875,0.8157343238399544
1998-04-22,15761.5400390625,-0.4060502399833998
1998-04-23,15761.6904296875,0.0009541574436731
1998-04-24,16011.240234375,1.5708650795630497
1998-04-27,15649.9501953125,-2.2823255667360813
1998-04-28,15395.4296875,-1.6397042738310368
1998-04-30,15641.259765625,1.5841587712966878
1998-05-01,15601.099609375,-0.2570879995814802
1998-05-06,15243.83984375,-2.316592277813021
1998-05-07,15143.0302734375,-0.663509863073414
1998-05-08,15149.0,0.0394145033257613
1998-05-11,15381.900390625,1.5256995727462377
1998-05-12,15322.48046875,-0.387045720447296
1998-05-13,15343.8095703125,0.1391045670973761
1998-05-14,15307.6904296875,-0.2356762790932699
1998-05-15,15242.8603515625,-0.4244124821338696
1998-05-18,15384.4697265625,0.9247321510364546
1998-05-19,15551.650390625,1.080822617047632
1998-05-20,15652.9501953125,0.6492642664087258
1998-05-21,15845.25,1.2210360763510302
1998-05-22,15801.650390625,-0.2755381185601818
1998-05-25,15783.1201171875,-0.1173367750697706
1998-05-26,15884.8203125,0.6422933955371648
1998-05-27,15664.2900390625,-1.3980353985301794
1998-05-28,15796.5498046875,0.8407947495404445
1998-05-29,15670.7802734375,-0.799370017423451
1998-06-01,15321.0302734375,-2.2571436945626737
1998-06-02,15554.4501953125,1.51203715998855
1998-06-03,15347.0,-1.3426768682557924
1998-06-04,15426.4697265625,0.5164832170462678
1998-06-05,15323.4296875,-0.6701838164858019
1998-06-08,15294.7099609375,-0.1875994774024646
1998-06-09,15530.169921875,1.5277564200668567
1998-06-10,15339.259765625,-1.2369039024795403
1998-06-11,15014.0400390625,-2.1429773671319308
1998-06-12,15022.330078125,0.0552000074620024
1998-06-15,14825.169921875,-1.3211359339066076
1998-06-16,14720.3798828125,-0.7093486440633079
1998-06-17,14715.3798828125,-0.0339722846490057
1998-06-18,15361.5400390625,4.297378827580716
1998-06-19,15267.98046875,-0.6109129998961303
1998-06-22,15309.08984375,0.2688903766708281
1998-06-23,15054.599609375,-1.6763193033665005
1998-06-24,15123.1796875,0.454507904703252
1998-06-25,15132.2197265625,0.0597581886644529
1998-06-26,15210.0400390625,0.5129511363643356
1998-06-29,15365.73046875,1.0183996851306063
1998-06-30,15830.26953125,2.978416482279696
1998-07-01,16362.8896484375,3.309204409632004
1998-07-02,16471.580078125,0.6620531873803298
1998-07-03,16511.240234375,0.2404898974005637
1998-07-06,16350.4501953125,-0.9785943457281026
1998-07-07,16416.279296875,0.4018050696470645
1998-07-08,16530.970703125,0.6962151288629623
1998-07-09,16446.94921875,-0.5095631645579284
1998-07-10,16090.0595703125,-2.1938338868778615
1998-07-13,16360.3896484375,1.6661484716208663
1998-07-14,16488.91015625,0.7824895163123232
1998-07-15,16614.140625,0.7566134432321686
1998-07-16,16731.919921875,0.706409001375315
1998-07-17,16570.779296875,-0.967740671934238
1998-07-21,16556.689453125,-0.0850644201399345
1998-07-22,16293.0595703125,-1.605099281641425
1998-07-23,16188.009765625,-0.6468393628019188
1998-07-24,16361.8896484375,1.0683998411070768
1998-07-27,15944.3603515625,-2.584964495621089
1998-07-28,16114.5400390625,1.0616788718520351
1998-07-29,16158.08984375,0.2698870918175521
1998-07-30,16201.599609375,0.2689135314967099
1998-07-31,16378.9697265625,1.088819950730776
1998-08-03,16165.080078125,-1.3144813228577876
1998-08-04,16023.580078125,-0.8791972750245413
1998-08-05,15992.16015625,-0.1962780290701189
1998-08-06,15876.2197265625,-0.7276236924433075
1998-08-07,15829.169921875,-0.2967939504694147
1998-08-10,15626.419921875,-1.289136899825334
1998-08-11,15406.990234375,-1.414174873752833
1998-08-12,15378.9697265625,-0.1820343792142262
1998-08-13,15382.01953125,0.0198290417251058
1998-08-14,15123.9296875,-1.692102743099042
1998-08-17,14794.66015625,-2.20119215375531
1998-08-18,15063.7900390625,1.8027537917754717
1998-08-19,15406.33984375,2.2485249538587424
1998-08-20,15391.41015625,-0.0969531129350746
1998-08-21,15298.2001953125,-0.6074384553977932
1998-08-24,14988.3603515625,-2.04612638715751
1998-08-25,15072.9296875,0.5626475705470886
1998-08-26,14866.0302734375,-1.3821636297304587
1998-08-27,14413.7900390625,-3.0893372784891593
1998-08-28,13915.6298828125,-3.5172729522421564
1998-08-31,14107.8896484375,1.3721530014318304
1998-09-01,14369.6298828125,1.8382753088705248
1998-09-02,14376.6201171875,0.0486340619230742
1998-09-03,14261.240234375,-0.8057899975370219
1998-09-04,14042.91015625,-1.5427730956667678
1998-09-07,14790.0595703125,5.18376512520322
1998-09-08,14913.490234375,0.831088373798638
1998-09-09,14755.5400390625,-1.0647580059144366
1998-09-10,14666.0302734375,-0.6084654274686168
1998-09-11,13916.98046875,-5.242424283408321
1998-09-14,14227.3701171875,2.20578714287001
1998-09-16,14197.7001953125,-0.2087589041927428
1998-09-17,13859.1396484375,-2.4135076006253673
1998-09-18,13983.1201171875,0.8905978844167153
1998-09-21,13597.2998046875,-2.797966699531433
1998-09-22,13789.8095703125,1.4058653193830428
1998-09-24,14205.7802734375,2.9719060839403624
1998-09-25,13723.83984375,-3.451448815551937
1998-09-28,13909.3701171875,1.34282670429925
1998-09-29,13821.4296875,-0.6342458573382824
1998-09-30,13406.3896484375,-3.0488830863224656
1998-10-01,13197.1201171875,-1.5732799891897864
1998-10-02,13223.6904296875,0.2011317662654759
1998-10-05,12948.1201171875,-2.105933759927424
1998-10-06,13021.6396484375,0.5661948999050304
1998-10-07,13825.6103515625,5.991013291776751
1998-10-08,13026.0595703125,-5.957076152989144
1998-10-09,12879.9697265625,-1.1278563047833725
1998-10-12,13555.009765625,5.108283314357559
1998-10-13,13242.7900390625,-2.3302947060155756
1998-10-14,13070.73046875,-1.307784129702373
1998-10-15,12995.3701171875,-0.578226584250167
1998-10-16,13280.5400390625,2.170665961834713
1998-10-19,13567.2001953125,2.1355320629465755
1998-10-20,13808.0498046875,1.759661183592464
1998-10-21,14216.330078125,2.913956808026637
1998-10-22,14295.5595703125,0.5557660126937066
1998-10-23,14144.7001953125,-1.0608960057061736
1998-10-26,13843.4599609375,-2.152709330605132
1998-10-27,13820.6796875,-0.1646917552902735
1998-10-28,13516.0703125,-2.22866275637852
1998-10-29,13668.7197265625,1.1230619642222297
1998-10-30,13564.509765625,-0.7653184842370766
1998-11-02,13952.75,2.821981564961596
1998-11-04,14527.8095703125,4.038809254690881
1998-11-05,14341.3701171875,-1.2916338263736071
1998-11-06,14121.9697265625,-1.541665435460951
1998-11-09,14194.5400390625,0.512566499076814
1998-11-10,14108.08984375,-0.6109005737631958
1998-11-11,14428.01953125,2.2423736107497896
1998-11-12,14075.0595703125,-2.4767710379157672
1998-11-13,14268.2099609375,1.3629576535413133
1998-11-16,14428.26953125,1.1155461089078411
1998-11-17,14413.0,-0.105886688934668
1998-11-18,14599.23046875,1.2838242604366594
1998-11-19,14354.4599609375,-1.6908127116001568
1998-11-20,14779.9404296875,2.9210192454909736
1998-11-24,15164.6396484375,2.5695493759085664
1998-11-25,15073.4697265625,-0.6030152018422142
1998-11-26,15207.76953125,0.8870223844653166
1998-11-27,15069.3896484375,-0.9140939910382508
1998-11-30,14883.7001953125,-1.2398843187431248
1998-12-01,14835.41015625,-0.3249766294510616
1998-12-02,14986.6201171875,1.0140909615716391
1998-12-03,14697.080078125,-1.950897093978881
1998-12-04,14639.9697265625,-0.3893399239885552
1998-12-07,14723.490234375,0.5688752835240931
1998-12-08,14808.2001953125,0.5736901073813372
1998-12-09,14931.900390625,0.8318795581497781
1998-12-10,14807.7998046875,-0.8345834386537145
1998-12-11,14405.6396484375,-2.75342836145395
1998-12-14,14111.6201171875,-2.0621192394179784
1998-12-15,14011.1904296875,-0.7142253030292732
1998-12-16,14096.2998046875,0.6056011006859061
1998-12-17,14126.990234375,0.2174830910349779
1998-12-18,14194.2900390625,0.4752605158677486
1998-12-21,14152.9501953125,-0.2916677088472835
1998-12-22,13779.4501953125,-2.674473067980469
1998-12-24,13706.73046875,-0.529137875666502
1998-12-25,13797.9501953125,0.6633057269730773
1998-12-28,13709.0595703125,-0.646314777124218
1998-12-29,13846.900390625,1.0004512288183576
1998-12-30,13842.169921875,-0.0341684913406916
1999-01-04,13415.8896484375,-3.12799250453015
1999-01-05,13232.740234375,-1.374571965761478
1999-01-06,13468.4599609375,1.765657338984861
1999-01-07,13536.5595703125,0.5043488574338324
1999-01-08,13391.8095703125,-1.075084743779599
1999-01-11,13368.48046875,-0.1743561630946312
1999-01-12,13360.9697265625,-0.056198255708906
1999-01-13,13403.599609375,0.318554865031443
1999-01-14,13738.8603515625,2.470504106040825
1999-01-18,13805.0595703125,0.480682099001963
1999-01-19,13770.4404296875,-0.2510863542843778
1999-01-20,14028.0498046875,1.85345856927298
1999-01-21,14245.419921875,1.537656341193767
1999-01-22,14154.400390625,-0.6409888646410182
1999-01-25,14208.8095703125,0.3836607104930805
1999-01-26,14382.009765625,1.211593917823398
1999-01-27,14450.0595703125,0.4720433365673329
1999-01-28,14342.3203125,-0.7483907972418964
1999-01-29,14499.25,1.0882294860357755
1999-02-01,14465.1796875,-0.2352563373852164
1999-02-02,14349.830078125,-0.80062596871287
1999-02-03,14161.3095703125,-1.3224533121533415
1999-02-04,14086.849609375,-0.527185739191189
1999-02-05,13898.080078125,-1.3491003655666332
1999-02-08,13992.490234375,0.677006714384055
1999-02-09,13902.66015625,-0.6440573890939745
1999-02-10,13952.400390625,0.357136450373419
1999-02-12,13973.6904296875,0.1524742100435518
1999-02-15,14054.7197265625,0.5781956390973356
1999-02-16,14232.6396484375,1.2579630766255332
1999-02-17,14158.669921875,-0.5210741952359106
1999-02-18,14146.7900390625,-0.0839405791422831
1999-02-19,14098.0400390625,-0.3451962590965042
1999-02-22,14256.669921875,1.118907849921546
1999-02-23,14500.650390625,1.6968641046923023
1999-02-24,14355.4501953125,-1.0063828296924149
1999-02-25,14470.4501953125,0.797897783279119
1999-02-26,14367.5400390625,-0.7137154306388065
1999-03-01,14221.75,-1.0199015268773846
1999-03-02,13921.0595703125,-2.1369712340826075
1999-03-03,14170.3603515625,1.7749713410113686
1999-03-04,14183.4501953125,0.0923321728365807
1999-03-05,14894.0,4.888264158363852
1999-03-08,14779.0498046875,-0.7747823098404036
1999-03-09,15096.7001953125,2.12655656378898
1999-03-10,15480.0,2.5072678333641445
1999-03-11,15502.1396484375,0.1429188071399982
1999-03-12,15488.8603515625,-0.08569776830502
1999-03-15,15779.599609375,1.8596863248994968
1999-03-16,16072.8203125,1.8411724263134976
1999-03-17,16268.1103515625,1.2077105311428893
1999-03-18,15717.919921875,-3.440531361896989
1999-03-19,16378.7802734375,4.118515351668894
1999-03-23,16019.099609375,-2.220487536937235
1999-03-24,15515.4697265625,-3.194416281928161
1999-03-25,15986.0400390625,2.9878270751096068
1999-03-26,16016.990234375,0.1934204648569991
1999-03-29,16008.83984375,-0.050898857460224
1999-03-30,15859.1201171875,-0.9396323349120868
1999-03-31,15836.58984375,-0.1421660991974391
1999-04-01,16327.5595703125,3.0531375686509254
1999-04-02,16290.1904296875,-0.2291338732728282
1999-04-05,16334.7802734375,0.2733481168155284
1999-04-06,16479.7109375,0.8833390438792279
1999-04-07,16554.5,0.4527984060073707
1999-04-08,16846.689453125,1.749619768333803
1999-04-09,16855.630859375,0.0530610734031245
1999-04-12,16507.400390625,-2.0875987725316256
1999-04-13,16715.16015625,1.2507312535173922
1999-04-14,16764.6796875,0.2958172296661375
1999-04-15,16727.080078125,-0.2245306035534762
1999-04-16,16851.580078125,0.7415457908754236
1999-04-19,16674.2109375,-1.058115499233166
1999-04-20,16697.109375,0.137234253121163
1999-04-21,16495.01953125,-1.2177124372538863
1999-04-22,16665.880859375,1.0305078460239556
1999-04-23,16923.25,1.5324848900240076
1999-04-26,16918.509765625,-0.028014112970664
1999-04-27,16957.26953125,0.2288347801491441
1999-04-28,16942.240234375,-0.0886697062206467
1999-04-30,16701.529296875,-1.4309635827652738
1999-05-06,17300.609375,3.524143497864297
1999-05-07,16946.51953125,-2.0679249519351828
1999-05-10,16977.009765625,0.179758670263783
1999-05-11,16743.1796875,-1.3869069541295025
1999-05-12,16947.359375,1.2121040090719983
1999-05-13,16851.25,-0.5687194581396657
1999-05-14,16810.390625,-0.2427653216445615
1999-05-17,16421.01953125,-2.3434991890841044
1999-05-18,16378.6201171875,-0.2585359969422424
1999-05-19,16128.1796875,-1.5408799781488132
1999-05-20,16199.990234375,0.4442606256859249
1999-05-21,16292.98046875,0.5723729547303396
1999-05-24,16390.490234375,0.5966933917420257
1999-05-25,16214.23046875,-1.0812022239839207
1999-05-26,16230.51953125,0.1004110918938011
1999-05-27,16177.1904296875,-0.3291139655557141
1999-05-28,15972.6796875,-1.2722508674630033
1999-05-31,16111.650390625,0.8662893810280456
1999-06-01,16408.5,1.8256856200103695
1999-06-02,16417.990234375,0.057820586798296
1999-06-03,16227.5,-1.1670365188314449
1999-06-04,16300.75,0.4503785098636615
1999-06-07,16475.890625,1.0687019083879428
1999-06-08,16562.919921875,0.5268319090621774
1999-06-09,16622.5,0.3590742095848522
1999-06-10,17102.619140625,2.8474418603829914
1999-06-11,17198.55078125,0.5593505467222378
1999-06-14,17188.8203125,-0.0565932707282454
1999-06-15,17282.0,0.5406306760964829
1999-06-16,17210.1796875,-0.4164446372868181
1999-06-17,17470.44921875,1.5009786492559842
1999-06-18,17431.259765625,-0.2245704908750112
1999-06-21,17738.849609375,1.749199487549744
1999-06-22,17777.619140625,0.2183187012303942
1999-06-23,17586.75,-1.0794536909961985
1999-06-24,17628.3203125,0.2360939872653324
1999-06-25,17436.51953125,-1.0939887078454498
1999-06-28,17610.580078125,0.9933031831722048
1999-06-29,17782.7890625,0.9731220707277064
1999-06-30,17529.740234375,-1.4332202464955428
1999-07-01,17860.75,1.8706687371503727
1999-07-02,17932.470703125,0.4007507438726475
1999-07-05,18135.060546875,1.12340361180447
1999-07-06,18050.73046875,-0.466095826164585
1999-07-07,17958.900390625,-0.5100317609476
1999-07-08,17967.650390625,0.0487104939535486
1999-07-09,17937.73046875,-0.1666598603564437
1999-07-12,18274.1796875,1.8582775618126304
1999-07-13,18181.08984375,-0.5107083133932264
1999-07-14,18357.859375,0.9675752265846668
1999-07-15,18431.859375,0.4022868470449584
1999-07-16,18248.30078125,-1.0008687272864758
1999-07-19,18532.580078125,1.5458300678849524
1999-07-21,18257.51953125,-1.4953244218425186
1999-07-22,17730.33984375,-2.9299736650790926
1999-07-23,17534.439453125,-1.1110371860807702
1999-07-26,17491.33984375,-0.2461023394392442
1999-07-27,17462.720703125,-0.1637529178151404
1999-07-28,17579.91015625,0.6688418484725211
1999-07-29,17869.919921875,1.6362066334735483
1999-07-30,17861.859375,-0.0451169640602507
1999-08-02,17825.69921875,-0.202648598276923
1999-08-03,17969.9296875,0.8058595627175819
1999-08-04,17685.380859375,-1.5961429861542136
1999-08-05,17358.189453125,-1.8673948536623908
1999-08-06,17084.240234375,-1.590799478676857
1999-08-09,17190.44921875,0.6197536784252201
1999-08-10,17202.08984375,0.06769273663311
1999-08-11,17211.16015625,0.0527140721090551
1999-08-12,17422.970703125,1.223147123031979
1999-08-13,17435.169921875,0.069993516747088
1999-08-16,17826.029296875,2.217028309736665
1999-08-17,17860.08984375,0.190889668240526
1999-08-18,17892.259765625,0.1799598119199633
1999-08-19,17879.740234375,-0.0699962639000304
1999-08-20,18098.109375,1.213923703511926
1999-08-23,18233.55078125,0.7455868138086829
1999-08-24,18095.41015625,-0.7605022947564464
1999-08-25,17855.16015625,-1.3365772754107863
1999-08-26,17666.2890625,-1.0634299997728167
1999-08-27,17599.369140625,-0.3795193715820056
1999-08-30,17918.970703125,1.7996910336434646
1999-08-31,17436.560546875,-2.7290784773227093
1999-09-01,17802.48046875,2.0768617084171423
1999-09-02,17631.25,-0.9664903998223724
1999-09-03,17629.990234375,-0.0071453279417448
1999-09-06,17756.509765625,0.7150753556453562
1999-09-07,17707.5,-0.2763917399564793
1999-09-08,17641.380859375,-0.3740951120794842
1999-09-09,17677.560546875,0.204874204686542
1999-09-10,17711.01953125,0.1890948677287254
1999-09-13,17909.2890625,1.1132502032962648
1999-09-14,17777.220703125,-0.740161832453784
1999-09-16,17291.58984375,-2.769765485562419
1999-09-17,17342.26953125,0.2926599841145503
1999-09-20,17575.259765625,1.3345371049960226
1999-09-21,17932.7890625,2.013861037144234
1999-09-22,17325.759765625,-3.4436430534197573
1999-09-24,16871.73046875,-2.6554929843512025
1999-09-27,16821.060546875,-0.3007762702167293
1999-09-28,17325.69921875,2.9559197923705223
1999-09-29,17282.279296875,-0.2509244776461002
1999-09-30,17605.4609375,1.8527476025112652
1999-10-01,17712.560546875,0.606488886746729
1999-10-04,17763.7109375,0.2883641596447799
1999-10-05,17784.150390625,0.114996821827381
1999-10-06,17896.419921875,0.6293055339628021
1999-10-07,18136.55078125,1.332859376532971
1999-10-08,18062.1796875,-0.4109050092578044
1999-10-12,18090.810546875,0.1583872602227114
1999-10-13,17754.490234375,-1.8765649873249488
1999-10-14,17780.259765625,0.1450385088817738
1999-10-15,17601.5703125,-1.010071960402142
1999-10-18,17275.330078125,-1.870864362190826
1999-10-19,17254.169921875,-0.1225627877544381
1999-10-20,17534.7109375,1.6128549703178976
1999-10-21,17448.26953125,-0.4941922101468428
1999-10-22,17438.80078125,-0.0542822893850743
1999-10-25,17648.7890625,1.196951909512724
1999-10-26,17671.7890625,0.1302357122781238
1999-10-27,17382.359375,-1.6513666866253531
1999-10-28,17413.7109375,0.1802017911927787
1999-10-29,17942.080078125,2.989091545600713
1999-11-01,17996.919921875,0.3051831509689649
1999-11-02,17991.9609375,-0.0275584252022794
1999-11-04,18348.130859375,1.9602665237086705
1999-11-05,18354.900390625,0.0368881321036098
1999-11-08,18240.98046875,-0.6225853138264681
1999-11-09,18292.16015625,0.2801824321994005
1999-11-10,18567.869140625,1.4960060079486364
1999-11-11,18327.279296875,-1.3041999512952198
1999-11-12,18258.55078125,-0.3757115600514781
1999-11-15,18198.08984375,-0.3316871324084299
1999-11-16,18155.140625,-0.2362884298265465
1999-11-17,18274.8203125,0.6570422529807461
1999-11-18,18532.810546875,1.4018531121985531
1999-11-19,18570.83984375,0.2049895888488174
1999-11-22,18822.119140625,1.344012809993005
1999-11-24,18896.2109375,0.392869419297471
1999-11-25,18721.779296875,-0.9273908026872594
1999-11-26,18914.5,1.0241309245885533
1999-11-29,18850.26953125,-0.3401611156707541
1999-11-30,18558.23046875,-1.5613830842429666
1999-12-01,18495.94921875,-0.3361634729278807
1999-12-02,18514.41015625,0.0997609282526152
1999-12-03,18368.140625,-0.7931680157027939
1999-12-06,18507.19921875,0.7542127260061898
1999-12-07,18593.9609375,0.4677043873671123
1999-12-08,18401.19921875,-1.0421009796157965
1999-12-09,18260.720703125,-0.76634940799009
1999-12-10,18271.849609375,0.0609259436117184
1999-12-13,18205.080078125,-0.3660922473158028
1999-12-14,18165.55078125,-0.2173694077087586
1999-12-15,18138.359375,-0.1497988024854085
1999-12-16,18111.310546875,-0.1492363003770162
1999-12-17,18095.119140625,-0.0894394032722704
1999-12-20,18175.490234375,0.4431754893485025
1999-12-21,18080.380859375,-0.524657608824043
1999-12-22,18461.9296875,2.088333708909008
1999-12-24,18584.94921875,0.6641314305050577
1999-12-27,18546.900390625,-0.2049391120688771
1999-12-28,18783.51953125,1.2677184454575483
1999-12-29,18810.580078125,0.1439616952114746
1999-12-30,18934.33984375,0.6557714754234478
2000-01-04,19002.859375,0.3612264857037814
2000-01-05,18542.55078125,-2.4521327998708227
2000-01-06,18168.26953125,-2.039149307884819
2000-01-07,18193.41015625,0.1382809002342075
2000-01-11,18850.919921875,3.550226573543585
2000-01-12,18677.419921875,-0.924641147741106
2000-01-13,18833.2890625,0.8310695370501361
2000-01-14,18956.55078125,0.6523560639322531
2000-01-17,19437.23046875,2.504076382669717
2000-01-18,19196.5703125,-1.245868976354112
2000-01-19,18897.75,-1.5688766160465784
2000-01-20,19008.009765625,0.5817589584225176
2000-01-21,18878.08984375,-0.685847487526683
2000-01-24,19056.7109375,0.9417337651564897
2000-01-25,18895.529296875,-0.8493970774848209
2000-01-26,19111.189453125,1.1348649814762288
2000-01-27,19209.720703125,0.5142438774743946
2000-01-28,19434.779296875,1.1647770742525472
2000-01-31,19539.69921875,0.5384045114746673
2000-02-01,19423.380859375,-0.5970714055380716
2000-02-02,19578.91015625,0.7975435146368633
2000-02-03,19786.419921875,1.054286537435736
2000-02-04,19763.130859375,-0.1177715788513905
2000-02-07,19945.4296875,0.9181904676160808
2000-02-08,19868.880859375,-0.3845296899351436
2000-02-09,20007.76953125,0.696594283309482
2000-02-10,19710.01953125,-1.4993562583870306
2000-02-14,19556.4609375,-0.7821397524580649
2000-02-15,19367.830078125,-0.9692268304295196
2000-02-16,19599.1796875,1.1874266415790806
2000-02-17,19791.400390625,0.9759806966769788
2000-02-18,19789.029296875,-0.011981142052056
2000-02-21,19543.75,-1.247216600428706
2000-02-22,19390.580078125,-0.7868157061859177
2000-02-23,19519.55078125,0.6629182302347008
2000-02-24,19571.439453125,0.265476530724245
2000-02-25,19817.880859375,1.251327110882592
2000-02-28,19720.099609375,-0.4946203533493687
2000-02-29,19959.51953125,1.2067798665854512
2000-03-01,20081.669921875,0.6101255792699929
2000-03-02,20065.109375,-0.0825000067469014
2000-03-03,19927.5390625,-0.6879807189305555
2000-03-06,19796.349609375,-0.6605090008222976
2000-03-07,19944.240234375,0.7442834054075985
2000-03-08,19766.80078125,-0.8936589395984879
2000-03-09,19662.330078125,-0.5299175777925882
2000-03-10,19750.400390625,0.4469137663876554
2000-03-13,19189.9296875,-2.8788118089497052
2000-03-14,19141.83984375,-0.2509139002364233
2000-03-15,19078.599609375,-0.3309239401335473
2000-03-16,19253.23046875,0.9111595621132536
2000-03-17,19566.3203125,1.6130873561567358
2000-03-21,19602.359375,0.1840198493160564
2000-03-22,19733.58984375,0.667231670870937
2000-03-23,19704.599609375,-0.1470160775560758
2000-03-24,19958.080078125,1.2781986585731084
2000-03-27,20281.029296875,1.6051853932585558
2000-03-28,20374.33984375,0.4590326576472132
2000-03-29,20706.650390625,1.6178665287734404
2000-03-30,20441.5,-1.2887775421501773
2000-03-31,20337.3203125,-0.5109510935040223
2000-04-03,20726.990234375,1.8979089793413424
2000-04-04,20594.9296875,-0.6391813194476282
2000-04-05,20462.76953125,-0.6437799253998386
2000-04-06,20223.609375,-1.1756411716360426
2000-04-07,20252.810546875,0.1442873504992947
2000-04-10,20619.060546875,1.792234090352964
2000-04-11,20522.51953125,-0.4693120324384396
2000-04-12,20833.2109375,1.5025596117802615
2000-04-13,20526.419921875,-1.483555999561763
2000-04-14,20434.6796875,-0.4479390868248571
2000-04-17,19008.640625,-7.233979666625586
2000-04-18,18969.51953125,-0.2060189720940529
2000-04-19,19086.619140625,0.6154065180171985
2000-04-20,18959.3203125,-0.6691873298630086
2000-04-21,18252.6796875,-3.798374624597744
2000-04-24,18480.150390625,1.2385302759767716
2000-04-25,18272.330078125,-1.1309306194839992
2000-04-26,18134.310546875,-0.7582143812003567
2000-04-27,18019.169921875,-0.6369567344081492
2000-04-28,17973.69921875,-0.252665199529632
2000-05-01,18403.080078125,2.3608511301103348
2000-05-02,18439.359375,0.1969430316762857
2000-05-08,18199.9609375,-1.3068028683665165
2000-05-09,17844.5390625,-1.9721921245159653
2000-05-10,17701.470703125,-0.804979984409099
2000-05-11,16882.4609375,-4.737245802226909
2000-05-12,17357.859375,2.777012505973817
2000-05-15,17313.689453125,-0.2547907276324205
2000-05-16,17551.25,1.3627685985583269
2000-05-17,17404.029296875,-0.8423424248224808
2000-05-18,17031.630859375,-2.162949419968587
2000-05-19,16858.169921875,-1.0236852875605784
2000-05-22,16386.009765625,-2.840749343005599
2000-05-23,16318.73046875,-0.4114351087997537
2000-05-24,16044.4404296875,-1.6951157709903102
2000-05-25,16247.8203125,1.2596366268267944
2000-05-26,16008.1396484375,-1.4861444254617522
2000-05-29,16245.4404296875,1.4714959552104143
2000-05-30,16228.900390625,-0.1018652885627777
2000-05-31,16332.4501953125,0.6360310730585998
2000-06-01,16694.30078125,2.191345228686472
2000-06-02,16800.060546875,0.6315099790554524
2000-06-05,17201.7890625,2.3630903288449328
2000-06-06,17170.080078125,-0.1845054933768809
2000-06-07,17144.9609375,-0.1464031186804272
2000-06-08,17004.33984375,-0.8235711148215517
2000-06-09,16861.91015625,-0.8411355095490436
2000-06-12,16980.609375,0.7014826740892413
2000-06-13,16914.94921875,-0.3874267963339495
2000-06-14,16654.419921875,-1.5522158113847655
2000-06-15,16338.7001953125,-1.9139103113951417
2000-06-16,16318.3095703125,-0.1248774936601318
2000-06-19,16591.349609375,1.6593687748931378
2000-06-20,16907.55078125,1.8878862267608816
2000-06-21,17210.080078125,1.7734949275095568
2000-06-22,17106.009765625,-0.6065413165035953
2000-06-23,16963.2109375,-0.83829134580464
2000-06-26,16925.400390625,-0.2231461312973093
2000-06-27,17279.060546875,2.067992012143175
2000-06-28,17370.169921875,0.5258967298821372
2000-06-29,17475.900390625,0.6068448595287455
2000-06-30,17411.05078125,-0.3717704292804906
2000-07-03,17614.66015625,1.1626411746881162
2000-07-04,17470.150390625,-0.8237786129539949
2000-07-05,17435.94921875,-0.1959610681360707
2000-07-06,17282.369140625,-0.884726491141869
2000-07-07,17398.240234375,0.6682208126863833
2000-07-10,17572.6796875,0.9976340359585876
2000-07-11,17504.359375,-0.3895448459730833
2000-07-12,17342.130859375,-0.9311106317370036
2000-07-13,17036.900390625,-1.7757247836547838
2000-07-14,17142.900390625,0.6202513613633613
2000-07-17,17286.830078125,0.8360827922332538
2000-07-18,16945.0703125,-1.9967989927819496
2000-07-19,16983.5703125,0.2269470029761874
2000-07-21,16811.490234375,-1.0183829384846554
2000-07-24,16547.119140625,-1.5850578531185595
2000-07-25,16573.58984375,0.1598438534244897
2000-07-26,16502.609375,-0.4291942810002302
2000-07-27,16182.009765625,-1.9618395470129433
2000-07-28,15838.5703125,-2.1451992608830297
2000-07-31,15727.490234375,-0.7037972728400409
2000-08-01,16099.669921875,2.3388618498224982
2000-08-02,16206.1904296875,0.6594524503056589
2000-08-03,15814.4404296875,-2.446982065658823
2000-08-04,15667.3603515625,-0.9343884058801276
2000-08-07,16002.7099609375,2.1178490635436216
2000-08-08,15820.1103515625,-1.147614269485455
2000-08-09,16034.599609375,1.346692527911861
2000-08-10,15975.650390625,-0.3683150577711951
2000-08-11,16117.5,0.8839925739623438
2000-08-14,16153.91015625,0.2256497099016213
2000-08-15,16298.2900390625,0.8898061429099395
2000-08-16,16356.0302734375,0.3536456677088632
2000-08-17,16161.0302734375,-1.1993847802727875
2000-08-18,16280.490234375,0.736466719249927
2000-08-21,16040.1796875,-1.4870667959398935
2000-08-22,16454.740234375,2.551679100738278
2000-08-23,16436.650390625,-0.1099974505804214
2000-08-24,16670.8203125,1.4146283120409124
2000-08-25,16911.330078125,1.4323911662482134
2000-08-28,17181.119140625,1.5827240373763554
2000-08-29,17141.75,-0.2294048188641954
2000-08-30,16901.669921875,-1.410457931509074
2000-08-31,16861.259765625,-0.2393760015506081
2000-09-01,16739.779296875,-0.7230788179912712
2000-09-04,16688.2109375,-0.3085342548055473
2000-09-05,16452.26953125,-1.4239105128682374
2000-09-06,16399.869140625,-0.3190077552423164
2000-09-07,16300.4599609375,-0.6080029691128901
2000-09-08,16501.55078125,1.2261037355475268
2000-09-11,16130.900390625,-2.271765178379342
2000-09-12,16040.23046875,-0.5636740737609064
2000-09-13,16190.51953125,0.9325886102268728
2000-09-14,16213.2802734375,0.1404819562391899
2000-09-18,16061.16015625,-0.9426731596362946
2000-09-19,16124.1904296875,0.3916710731247452
2000-09-20,16458.310546875,2.050989454792245
2000-09-21,16311.0498046875,-0.8987769789619652
2000-09-22,15818.25,-3.067844351723077
2000-09-25,15992.900390625,1.0980561426817546
2000-09-26,15928.6201171875,-0.4027399653908611
2000-09-27,15639.9501953125,-1.8288947855445608
2000-09-28,15626.9599609375,-0.0830925413320006
2000-09-29,15747.259765625,0.7668741744060354
2000-10-02,15902.509765625,0.9810576664429582
2000-10-03,15912.08984375,0.0602244160365528
2000-10-04,16149.080078125,1.4783899114813834
2000-10-05,16099.259765625,-0.3089793296452273
2000-10-06,15994.240234375,-0.6544621565118817
2000-10-10,15827.7197265625,-1.046585615641469
2000-10-11,15513.5703125,-2.004767099417268
2000-10-12,15550.6396484375,0.238662779962317
2000-10-13,15330.3095703125,-1.426988628898802
2000-10-16,15512.3203125,1.1802680625168576
2000-10-17,15340.2197265625,-1.11564474611456
2000-10-18,14872.48046875,-3.096556276887072
2000-10-19,14811.080078125,-0.4137002237264193
2000-10-20,15198.73046875,2.583634797545489
2000-10-23,15097.9599609375,-0.665226980220576
2000-10-24,15148.1904296875,0.3321448467318887
2000-10-25,14840.4697265625,-2.052319126482228
2000-10-26,14858.4296875,0.1209469945431133
2000-10-27,14582.2001953125,-1.8765739693264631
2000-10-30,14464.5595703125,-0.8100130215509646
2000-10-31,14539.599609375,0.5174444536030047
2000-11-01,14872.3896484375,2.2630515668621465
2000-11-02,14837.7802734375,-0.232980092311151
2000-11-06,15371.4404296875,3.5334620830328465
2000-11-07,15340.330078125,-0.2025956933718684
2000-11-08,15399.6396484375,0.3858796507275565
2000-11-09,15060.0498046875,-2.2298580243259107
2000-11-10,14988.5400390625,-0.4759617738807838
2000-11-13,14664.6396484375,-2.1846781801135458
2000-11-14,14660.0400390625,-0.0313702278199497
2000-11-15,14799.1396484375,0.9443619585716376
2000-11-16,14587.0302734375,-1.443625074504392
2000-11-17,14544.2998046875,-0.2933645616678165
2000-11-20,14531.650390625,-0.0870094684821373
2000-11-21,14408.4599609375,-0.8513524811160196
2000-11-22,14301.3095703125,-0.7464419943959892
2000-11-24,14315.349609375,0.0981249425439951
2000-11-27,14720.3896484375,2.790122279049093
2000-11-28,14658.8701171875,-0.4187962641457378
2000-11-29,14507.6396484375,-1.037023800674313
2000-11-30,14648.509765625,0.9663224821975748
2000-12-01,14835.330078125,1.2672895647069935
2000-12-04,14954.73046875,0.8016165647914719
2000-12-05,14695.0498046875,-1.7516980009127905
2000-12-06,14889.3701171875,1.3136854304092929
2000-12-07,14720.3603515625,-1.1415949989856922
2000-12-08,14696.509765625,-0.1621558722505278
2000-12-11,15015.7001953125,2.148629871880629
2000-12-12,15114.6396484375,0.6567453885662801
2000-12-13,15168.6796875,0.3568967841629434
2000-12-14,14927.1904296875,-1.6048344161510626
2000-12-15,14552.2900390625,-2.543603873453725
2000-12-18,14483.900390625,-0.4710657554654058
2000-12-19,14132.3701171875,-2.4569795517489097
2000-12-20,13914.4296875,-1.5541510470984656
2000-12-21,13423.2099609375,-3.594111342872419
2000-12-22,13427.080078125,0.0288273773480288
2000-12-25,13931.6103515625,3.688681520210624
2000-12-26,14007.849609375,0.545747463587499
2000-12-27,13981.490234375,-0.1883530153983515
2000-12-28,13946.9599609375,-0.247276814795427
2000-12-29,13785.6904296875,-1.1630431772228238
2001-01-04,13691.490234375,-0.6856639734674328
2001-01-05,13867.6103515625,1.2781441418279045
2001-01-09,13610.509765625,-1.871365929486266
2001-01-10,13432.650390625,-1.315393160328912
2001-01-11,13201.0703125,-1.7390428999117198
2001-01-12,13347.740234375,1.10491890995251
2001-01-15,13506.23046875,1.180399549723944
2001-01-16,13584.4501953125,0.5774675424190377
2001-01-17,13667.6298828125,0.6104484176406246
2001-01-18,13873.919921875,1.4980558351232949
2001-01-19,13989.1201171875,0.8269079869038477
2001-01-22,14032.419921875,0.309046819626231
2001-01-23,13984.66015625,-0.3409335430629301
2001-01-24,13893.580078125,-0.6534157207626704
2001-01-25,13803.3798828125,-0.6513387341344321
2001-01-26,13696.0595703125,-0.7805312361932484
2001-01-29,13845.2802734375,1.0836231217645031
2001-01-30,13826.650390625,-0.1346482531584508
2001-01-31,13843.5498046875,0.1221488536000685
2001-02-01,13779.5498046875,-0.4633811224912147
2001-02-02,13703.6298828125,-0.5524842165453894
2001-02-05,13385.51953125,-2.3487262032674336
2001-02-06,13269.849609375,-0.8678975506201732
2001-02-07,13366.009765625,0.7220384569781744
2001-02-08,13138.23046875,-1.7188563255290106
2001-02-09,13422.830078125,2.1430657951433796
2001-02-13,13274.7001953125,-1.1097011700856083
2001-02-14,13284.0595703125,0.0704805154309494
2001-02-15,13327.3896484375,0.325650182078108
2001-02-16,13175.490234375,-1.1462986515417068
2001-02-19,13119.58984375,-0.4251782057419196
2001-02-20,13248.3603515625,0.9767276605065672
2001-02-21,13100.080078125,-1.125545470065422
2001-02-22,13073.3603515625,-0.2041744257239217
2001-02-23,13246.0,1.311902129763476
2001-02-26,13201.1396484375,-0.3392457194446105
2001-02-27,13059.8603515625,-1.07597319131748
2001-02-28,12883.5400390625,-1.359290028938386
2001-03-01,12681.66015625,-1.5793663077860458
2001-03-02,12261.7998046875,-3.366814486190671
2001-03-05,12322.16015625,0.4910557367514662
2001-03-06,12687.740234375,2.9236911258280194
2001-03-07,12723.8896484375,0.2845109787442986
2001-03-08,12650.5595703125,-0.577985213674211
2001-03-09,12627.900390625,-0.179276631499065
2001-03-12,12171.3701171875,-3.6822200497588096
2001-03-13,11819.7001953125,-2.931883472041652
2001-03-14,11843.58984375,0.2019132294314372
2001-03-15,12152.830078125,2.5775291139896988
2001-03-16,12232.98046875,0.6573550556327648
2001-03-19,12190.9697265625,-0.3440130141346519
2001-03-21,13103.9404296875,7.221748981765343
2001-03-22,12853.9697265625,-1.926028936644527
2001-03-23,13214.5400390625,2.7665049707268063
2001-03-26,13862.3095703125,4.785587406707469
2001-03-27,13638.330078125,-1.628939891385428
2001-03-28,13765.509765625,0.928195474193796
2001-03-29,13072.3603515625,-5.166606696065204
2001-03-30,12999.7001953125,-0.5573809115122612
2001-04-02,12937.8603515625,-0.4768371398006007
2001-04-03,13124.4697265625,1.4320481977236488
2001-04-04,13242.7802734375,0.897411302905542
2001-04-05,13381.3798828125,1.0411660732713786
2001-04-06,13383.759765625,0.0177834515345962
2001-04-09,12841.759765625,-4.133967188447201
2001-04-10,12620.26953125,-1.7398127915138002
2001-04-11,13174.9296875,4.3011543247737105
2001-04-12,13352.4404296875,1.3383414260563218
2001-04-13,13385.7197265625,0.2489274794158707
2001-04-16,13254.8896484375,-0.9821932227626262
2001-04-17,13067.08984375,-1.4269670822969167
2001-04-18,13641.7900390625,4.304103473502419
2001-04-19,13868.2802734375,1.6466359361829983
2001-04-20,13765.669921875,-0.742643179372163
2001-04-23,13715.599609375,-0.3643963234508141
2001-04-24,13743.1796875,0.200883565154751
2001-04-25,13827.5,0.6116684561356771
2001-04-26,13973.0302734375,1.046969977603953
2001-04-27,13934.3203125,-0.2774178483514267
2001-05-01,14425.4599609375,3.463981408006593
2001-05-02,14421.6396484375,-0.0264866317519973
2001-05-07,14529.41015625,0.7445049926546425
2001-05-08,14289.0498046875,-1.6681385861101234
2001-05-09,14084.849609375,-1.4393772096547366
2001-05-10,14017.7900390625,-0.4772483897156761
2001-05-11,14043.919921875,0.186231633075049
2001-05-14,13873.01953125,-1.2243643386068948
2001-05-15,14054.0302734375,1.2963293889295342
2001-05-16,13694.26953125,-2.5931743908397973
2001-05-17,13910.669921875,1.5678703006573873
2001-05-18,13877.76953125,-0.2367920375905393
2001-05-21,14176.830078125,2.1320701751156816
2001-05-22,14091.1904296875,-0.6059137421531318
2001-05-23,14067.7001953125,-0.1668406624162796
2001-05-24,13895.7900390625,-1.2295483902024296
2001-05-25,13765.919921875,-0.9389952508594416
2001-05-28,13737.76953125,-0.2047027218141455
2001-05-29,13773.8896484375,0.2625805859629848
2001-05-30,13493.349609375,-2.0577802967330765
2001-05-31,13262.1396484375,-1.7283609679379135
2001-06-01,13261.83984375,-0.0022606312721708
2001-06-04,13312.349609375,0.3801419910819679
2001-06-05,13182.0,-0.9839883826947958
2001-06-06,13174.83984375,-0.0543324349094034
2001-06-07,13277.509765625,0.7762670534501309
2001-06-08,13430.2197265625,1.143576246121075
2001-06-11,13226.48046875,-1.52864550911299
2001-06-12,12840.099609375,-2.9647860214806263
2001-06-13,12823.4501953125,-0.1297514687176642
2001-06-14,12846.66015625,0.1808326255277354
2001-06-15,12790.3798828125,-0.4390550840579916
2001-06-18,12697.7900390625,-0.7265351048390941
2001-06-19,12574.259765625,-0.9776116953841816
2001-06-20,12674.6396484375,0.7951270273055487
2001-06-21,12962.4296875,2.2452030270512693
2001-06-22,13044.6103515625,0.6319899340428562
2001-06-25,12896.4697265625,-1.1421439273418328
2001-06-26,12978.8203125,0.6365212823165939
2001-06-27,12828.98046875,-1.1612111293849623
2001-06-28,12679.8798828125,-1.169023483649553
2001-06-29,12969.0498046875,2.254925863374948
2001-07-02,12751.1796875,-1.6941942799536072
2001-07-03,12817.41015625,0.5180623357318617
2001-07-04,12629.01953125,-1.4807111988881865
2001-07-05,12607.2998046875,-0.1721307424918325
2001-07-06,12306.080078125,-2.418254023810033
2001-07-09,12239.6796875,-0.5410348119666716
2001-07-10,12300.41015625,0.4949500439128474
2001-07-11,12005.1103515625,-2.4300186094535317
2001-07-12,12407.9501953125,3.300499018429448
2001-07-13,12355.150390625,-0.4264400131834939
2001-07-16,12343.3701171875,-0.0953925505544812
2001-07-17,12128.5703125,-1.755523406940928
2001-07-18,11892.580078125,-1.9649169442327936
2001-07-19,11908.3896484375,0.1328481387041924
2001-07-23,11609.6298828125,-2.5408248157075883
2001-07-24,11883.25,2.329492951528716
2001-07-25,11891.6103515625,0.0703293460695568
2001-07-26,11858.5595703125,-0.278320556809805
2001-07-27,11798.080078125,-0.5113120447442306
2001-07-30,11579.26953125,-1.872042303776746
2001-07-31,11860.76953125,2.401988610345436
2001-08-01,11959.330078125,0.8275457363242269
2001-08-02,12399.2001953125,3.6120236733758055
2001-08-03,12241.9697265625,-1.2761780642893712
2001-08-06,12243.900390625,0.0157696178021226
2001-08-07,12319.4599609375,0.6152237117276751
2001-08-08,12163.669921875,-1.2726489014637914
2001-08-09,11754.5595703125,-3.421241993445396
2001-08-10,11735.0595703125,-0.1660308271732568
2001-08-13,11477.5595703125,-2.2187118274659148
2001-08-14,11917.9501953125,3.765189605964542
2001-08-15,11755.400390625,-1.3732940653633738
2001-08-16,11515.01953125,-2.066051328726402
2001-08-17,11445.5400390625,-0.6052091548386159
2001-08-20,11257.9404296875,-1.6526442228307283
2001-08-21,11280.3798828125,0.19912274054335
2001-08-22,11396.4296875,1.0235197983535482
2001-08-23,11126.919921875,-2.393273063091712
2001-08-24,11166.3095703125,0.3533780463839212
2001-08-27,11275.009765625,0.9687580645593372
2001-08-28,11189.400390625,-0.7621815025597175
2001-08-29,10979.759765625,-1.8913379920686029
2001-08-30,10938.4501953125,-0.3769433662585593
2001-08-31,10713.509765625,-2.0778582926912077
2001-09-03,10409.6796875,-2.8769427522529
2001-09-04,10772.58984375,3.426881811431179
2001-09-05,10598.7900390625,-1.6265083230716764
2001-09-06,10650.330078125,0.485103758185436
2001-09-07,10516.7900390625,-1.261785354488257
2001-09-10,10195.6904296875,-3.1007907265787544
2001-09-11,10292.9501953125,0.949408972207232
2001-09-12,9610.099609375,-6.864462572974538
2001-09-13,9613.08984375,0.0311106999846062
2001-09-14,10008.8896484375,4.034796783473387
2001-09-17,9504.41015625,-5.17177450823894
2001-09-18,9679.8798828125,1.8293574550960032
2001-09-19,9939.599609375,2.647724669907538
2001-09-20,9785.16015625,-1.565977086928993
2001-09-21,9554.990234375,-2.380341259263856
2001-09-25,9693.9697265625,1.4440458865394856
2001-09-26,9641.7001953125,-0.5406552634021167
2001-09-27,9696.5302734375,0.5670655869098578
2001-09-28,9774.6796875,0.8027219043576105
2001-10-01,9972.2802734375,2.00139345146784
2001-10-02,10136.5595703125,1.633937641459097
2001-10-03,9924.23046875,-2.116935878907071
2001-10-04,10205.48046875,2.794558792111842
2001-10-05,10205.8701171875,0.003817958404145
2001-10-09,10011.76953125,-1.9201702385005053
2001-10-10,9964.8798828125,-0.4694454367999846
2001-10-11,10347.009765625,3.763066674990121
2001-10-12,10632.349609375,2.7203637183570955
2001-10-15,10452.5400390625,-1.7056188804079382
2001-10-16,10637.8203125,1.757059026544308
2001-10-17,10755.4501953125,1.099701592844634
2001-10-18,10474.849609375,-2.643551240306652
2001-10-19,10538.7900390625,0.6085630865737905
2001-10-22,10565.41015625,0.2522733016089464
2001-10-23,10861.5595703125,2.76444385513595
2001-10-24,10802.150390625,-0.5484686484669465
2001-10-25,10880.099609375,0.7190172105908773
2001-10-26,10795.16015625,-0.7837496651612887
2001-10-29,10612.3095703125,-1.7083292435833632
2001-10-30,10512.8203125,-0.9419113058049448
2001-10-31,10366.33984375,-1.4031490820081731
2001-11-01,10347.2802734375,-0.184029402718881
2001-11-02,10383.7802734375,0.3521289963198637
2001-11-05,10447.5400390625,0.6121548108910825
2001-11-06,10633.7197265625,1.7663510645053484
2001-11-07,10284.98046875,-3.3345434284006776
2001-11-08,10431.7900390625,1.4173254258429513
2001-11-09,10215.7099609375,-2.0931150698753367
2001-11-12,10081.5595703125,-1.321875770692718
2001-11-13,10030.5595703125,-0.507157987254127
2001-11-14,10086.759765625,0.5587259472920655
2001-11-15,10489.8896484375,3.918825310865817
2001-11-16,10649.08984375,1.5062525161210265
2001-11-19,10727.9404296875,0.7377165352985272
2001-11-20,10575.6201171875,-1.4300230039439827
2001-11-21,10661.080078125,0.8048371118476406
2001-11-22,10696.8203125,0.3346795994173802
2001-11-26,11064.2998046875,3.3777161060913303
2001-11-27,10948.8896484375,-1.0485642158015476
2001-11-28,10624.8095703125,-3.004625729605685
2001-11-29,10655.9599609375,0.2927564515697645
2001-11-30,10697.4404296875,0.3885144301880081
2001-12-03,10370.6201171875,-3.102768106959441
2001-12-04,10452.650390625,0.7878752546607606
2001-12-05,10713.8095703125,2.467795123900125
2001-12-06,10857.2802734375,1.3302324525562106
2001-12-07,10796.8896484375,-0.5577750778446434
2001-12-10,10571.009765625,-2.1142770537566453
2001-12-11,10473.91015625,-0.9227908566238112
2001-12-12,10801.51953125,3.0799403538543917
2001-12-13,10433.4501953125,-3.4669811927251692
2001-12-14,10511.650390625,0.7467193423577513
2001-12-17,10323.349609375,-1.8075921125187675
2001-12-18,10432.169921875,1.0486011632601318
2001-12-19,10471.9296875,0.3804020676662579
2001-12-20,10434.51953125,-0.3578818745114393
2001-12-21,10335.4501953125,-0.9539743059013984
2001-12-25,10254.8095703125,-0.7832930543369282
2001-12-26,10192.5703125,-0.6087767761875998
2001-12-27,10457.6103515625,2.567092252096923
2001-12-28,10542.6201171875,0.8096123525607709
2002-01-04,10871.490234375,3.071768762616596
2002-01-07,10942.3603515625,0.6497740163436447
2002-01-08,10695.599609375,-2.280912255789643
2002-01-09,10663.98046875,-0.2960654058341826
2002-01-10,10538.4296875,-1.1843205354158417
2002-01-11,10441.58984375,-0.9231691263427652
2002-01-15,10208.0498046875,-2.2620249168202298
2002-01-16,10177.580078125,-0.2989336059545177
2002-01-17,10128.1796875,-0.4865662615599059
2002-01-18,10293.3203125,1.617356460910202
2002-01-21,10280.25,-0.127059271287085
2002-01-22,10050.98046875,-2.2554389971353928
2002-01-23,10040.91015625,-0.1002425658313963
2002-01-24,10074.0498046875,0.3295028027450776
2002-01-25,10144.1396484375,0.6933373009508189
2002-01-28,10220.849609375,0.7533549148306844
2002-01-29,10026.0302734375,-1.9244975023240236
2002-01-30,9919.48046875,-1.0684190506320492
2002-01-31,9997.7998046875,0.7864501431447312
2002-02-01,9791.4296875,-2.085756787927025
2002-02-04,9631.9296875,-1.6423892721654
2002-02-05,9475.599609375,-1.6363556376492128
2002-02-06,9420.849609375,-0.5794755678295223
2002-02-07,9583.26953125,1.7093544345155829
2002-02-08,9686.0595703125,1.0668873163562151
2002-02-12,9877.990234375,1.9621379386280704
2002-02-13,9968.349609375,0.9105961107462162
2002-02-14,10081.08984375,1.1246341616684945
2002-02-15,10048.099609375,-0.3277853188272696
2002-02-18,10093.25,0.4483360562176777
2002-02-19,9847.16015625,-2.4683778987473777
2002-02-20,9834.1298828125,-0.1324128176098809
2002-02-21,10295.419921875,4.584015213371564
2002-02-22,10356.7802734375,0.5942275548192879
2002-02-25,10296.4697265625,-0.5840312619454039
2002-02-26,10202.6298828125,-0.9155572785525432
2002-02-27,10573.08984375,3.5666560478614393
2002-02-28,10587.830078125,0.1393156518101525
2002-03-01,10812.0,2.0951392711842756
2002-03-04,11450.2197265625,5.73522914947147
2002-03-05,11348.4501953125,-0.8927731973351573
2002-03-06,11358.5302734375,0.0887839649222841
2002-03-07,11648.33984375,2.5194639590046815
2002-03-08,11885.7900390625,2.0179905055521012
2002-03-11,11919.2998046875,0.2815346464023952
2002-03-12,11607.330078125,-2.6522116862237337
2002-03-13,11415.3095703125,-1.6681402611236047
2002-03-14,11568.8203125,1.3358175896081104
2002-03-15,11648.009765625,0.6821754731995122
2002-03-18,11498.3798828125,-1.2929184159697418
2002-03-19,11792.8203125,2.528475250945434
2002-03-20,11526.7802734375,-2.2817850665118136
2002-03-22,11345.080078125,-1.588887087586715
2002-03-25,11261.08984375,-0.7430769664594976
2002-03-26,11207.919921875,-0.4732742713187803
2002-03-27,11323.6796875,1.027541640748762
2002-03-28,11333.1103515625,0.0832480204908178
2002-03-29,11024.9404296875,-2.756854277700226
2002-04-01,11028.7001953125,0.0340965532662376
2002-04-02,11204.490234375,1.58136280920465
2002-04-03,11400.7099609375,1.7361018996446649
2002-04-04,11379.2001953125,-0.1888486115189031
2002-04-05,11335.490234375,-0.3848611983049035
2002-04-08,11352.8896484375,0.1533773461421496
2002-04-09,11114.490234375,-2.122262258952756
2002-04-10,11218.580078125,0.9321655824116452
2002-04-11,11147.26953125,-0.6376756507100529
2002-04-12,10962.98046875,-1.6670397697080188
2002-04-15,11137.2998046875,1.577563261749914
2002-04-16,11346.66015625,1.8623623515786416
2002-04-17,11543.7099609375,1.7217255233629214
2002-04-18,11575.73046875,0.2770008935483727
2002-04-19,11512.009765625,-0.5519887548202927
2002-04-22,11721.6396484375,1.8045858223036857
2002-04-23,11736.830078125,0.1295091452064534
2002-04-24,11672.8798828125,-0.5463575114661559
2002-04-25,11648.7197265625,-0.2071913187569583
2002-04-26,11541.3896484375,-0.9256605285249644
2002-04-30,11492.5400390625,-0.4241541350014095
2002-05-01,11552.7900390625,0.5228836998122082
2002-05-02,11551.009765625,-0.0154110878390022
2002-05-07,11316.0400390625,-2.055166703865735
2002-05-08,11520.75,1.792856561223902
2002-05-09,11633.2998046875,0.9721901102337926
2002-05-10,11531.1103515625,-0.8823027683701036
2002-05-13,11336.9501953125,-1.698131081800228
2002-05-14,11356.1904296875,0.1695687635585717
2002-05-15,11642.9697265625,2.493953335940828
2002-05-16,11738.6904296875,0.818771954039507
2002-05-17,11847.3203125,0.9211447591503704
2002-05-20,11856.5400390625,0.0777909327062799
2002-05-21,11801.16015625,-0.4681772404857353
2002-05-22,11961.98046875,1.3535480881452333
2002-05-23,11979.849609375,0.1492713287554213
2002-05-24,11976.2802734375,-0.0297989364840886
2002-05-27,11976.349609375,0.000578942169102
2002-05-28,11936.080078125,-0.3368086793723228
2002-05-29,11853.0,-0.6984752299730418
2002-05-30,11770.0302734375,-0.702450674373649
2002-05-31,11763.7001953125,-0.0537957914157782
2002-06-03,11901.3896484375,1.1636635039712262
2002-06-04,11653.0703125,-2.1085479052315703
2002-06-05,11663.8701171875,0.0926348419713424
2002-06-06,11574.9404296875,-0.76535863508074
2002-06-07,11438.5302734375,-1.1854948399048622
2002-06-10,11370.2099609375,-0.5990731283361076
2002-06-11,11449.4404296875,0.6944084223020891
2002-06-12,11327.0595703125,-1.074634268865875
2002-06-13,11144.83984375,-1.6217918846433272
2002-06-14,10920.6298828125,-2.032294627181386
2002-06-17,10664.1103515625,-2.3769719360614303
2002-06-18,10839.9296875,1.6352578728611642
2002-06-19,10476.1796875,-3.4132430798611675
2002-06-20,10612.98046875,1.297374566536316
2002-06-21,10354.349609375,-2.467114092050798
2002-06-24,10471.3203125,1.1233437733992826
2002-06-25,10496.669921875,0.2417935285356474
2002-06-26,10074.5595703125,-4.104466479131242
2002-06-27,10261.599609375,1.8395343165072968
2002-06-28,10621.83984375,3.4503509163039943
2002-07-01,10595.4404296875,-0.2488483664785067
2002-07-02,10622.3203125,0.2533716683793458
2002-07-03,10812.2998046875,1.772687979430386
2002-07-04,10632.8095703125,-1.6739893714064948
2002-07-05,10826.08984375,1.8014484028175
2002-07-08,10769.2001953125,-0.5268721090248281
2002-07-09,10960.25,1.7584865341657374
2002-07-10,10752.66015625,-1.912191112196166
2002-07-11,10485.740234375,-2.513691912672669
2002-07-12,10601.4501953125,1.0974541408794307
2002-07-15,10375.150390625,-2.157724114517319
2002-07-16,10250.419921875,-1.2094888760574305
2002-07-17,10296.01953125,0.4438694533522578
2002-07-18,10498.259765625,1.945213955392608
2002-07-19,10202.3603515625,-2.859040628482259
2002-07-22,10189.009765625,-0.1309435096158214
2002-07-23,10215.6298828125,0.2609223465715073
2002-07-24,9947.7197265625,-2.657553720873042
2002-07-25,9929.91015625,-0.1791921389321823
2002-07-26,9591.0302734375,-3.4723115124117707
2002-07-29,9666.669921875,0.7855562880927153
2002-07-30,10003.7197265625,3.4273118421621014
2002-07-31,9877.9404296875,-1.2652964989995696
2002-08-01,9793.509765625,-0.8584134029734428
2002-08-02,9709.66015625,-0.8598615131479905
2002-08-05,9704.9296875,-0.0487310716495563
2002-08-06,9501.01953125,-2.1234859690750403
2002-08-07,9834.400390625,3.4487371164098897
2002-08-08,9799.5703125,-0.3547944039249293
2002-08-09,9999.7900390625,2.02255576278628
2002-08-12,9747.8203125,-2.552039435517234
2002-08-13,9688.6103515625,-0.6092697277772124
2002-08-14,9638.41015625,-0.5194831576360147
2002-08-15,9795.5703125,1.6174101090554949
2002-08-16,9788.1298828125,-0.0759859472039984
2002-08-19,9599.099609375,-1.9501111704020335
2002-08-20,9620.6904296875,0.2246728954976148
2002-08-21,9642.6103515625,0.2275822984323018
2002-08-22,9814.01953125,1.7620072483001987
2002-08-23,9867.4501953125,0.5429553388675776
2002-08-26,10067.740234375,2.0094794629254773
2002-08-27,9907.2998046875,-1.606443638782393
2002-08-28,9766.73046875,-1.4290079467379349
2002-08-29,9620.1396484375,-1.5122978928246316
2002-08-30,9619.2998046875,-0.0087304388735381
2002-09-02,9521.6298828125,-1.0205436326158923
2002-09-03,9217.0400390625,-3.251209127988939
2002-09-04,9075.08984375,-1.5520668807413658
2002-09-05,9222.1201171875,1.6071678529166955
2002-09-06,9129.0703125,-1.0141097112346238
2002-09-09,9306.259765625,1.9223405155149151
2002-09-10,9309.3095703125,0.0327661717968321
2002-09-11,9400.080078125,0.970327965955253
2002-09-12,9415.23046875,0.1610432510441297
2002-09-13,9241.9296875,-1.8577936211631212
2002-09-17,9543.9404296875,3.2155738637672022
2002-09-18,9472.0595703125,-0.7560075908256856
2002-09-19,9669.6201171875,2.0642656800631487
2002-09-20,9481.080078125,-1.969078194919052
2002-09-24,9321.6396484375,-1.6959700900874817
2002-09-25,9165.41015625,-1.6901908422632728
2002-09-26,9320.919921875,1.6824695145116475
2002-09-27,9530.4404296875,2.2229603785198724
2002-09-30,9383.2900390625,-1.5560479722931706
2002-10-01,9162.259765625,-2.3837604387873825
2002-10-02,9049.330078125,-1.240211710949828
2002-10-03,8936.4296875,-1.2554584851171453
2002-10-04,9027.5498046875,1.0144845546795056
2002-10-07,8688.0,-3.8338227959354416
2002-10-08,8708.900390625,0.2402772932084553
2002-10-09,8539.33984375,-1.9661832979731824
2002-10-10,8439.6201171875,-1.1746405360946126
2002-10-11,8529.6103515625,1.060638290731941
2002-10-15,8836.73046875,3.5373271069226204
2002-10-16,8884.8701171875,0.5432891528361786
2002-10-17,8959.8798828125,0.8406977672980278
2002-10-18,9086.1298828125,1.3992241102750085
2002-10-21,8978.41015625,-1.1926238157283509
2002-10-22,8689.3896484375,-3.272012317885052
2002-10-23,8714.51953125,0.2887845485469075
2002-10-24,8614.2998046875,-1.156695583477035
2002-10-25,8726.2900390625,1.291672226070086
2002-10-28,8757.509765625,0.3571278565608891
2002-10-29,8708.759765625,-0.558220248510561
2002-10-30,8756.58984375,0.547715319380728
2002-10-31,8640.48046875,-1.3348350834376066
2002-11-01,8685.7197265625,0.5222075251233635
2002-11-05,8937.5595703125,2.8582306877646273
2002-11-06,8953.2900390625,0.1758493659839196
2002-11-07,8920.4404296875,-0.3675745969051565
2002-11-08,8690.76953125,-2.608383188820913
2002-11-11,8460.3701171875,-2.686856727257662
2002-11-12,8464.76953125,0.0519867398788615
2002-11-13,8438.51953125,-0.3105906904271786
2002-11-14,8303.3896484375,-1.6143059420719523
2002-11-15,8503.58984375,2.3824586085453756
2002-11-18,8346.009765625,-1.8704856631826976
2002-11-19,8365.259765625,0.2303835561788981
2002-11-20,8459.6201171875,1.1216881377292114
2002-11-21,8668.0595703125,2.4340686886584217
2002-11-22,8772.5595703125,1.1983662935619703
2002-11-25,8944.4404296875,1.9403539206968876
2002-11-26,8823.990234375,-1.355798299460366
2002-11-27,8875.8798828125,0.5863296933835419
2002-11-28,9176.7802734375,3.3338938197657217
2002-11-29,9215.5595703125,0.4216902761666131
2002-12-02,9174.4697265625,-0.4468716331554818
2002-12-03,9205.1103515625,0.3334206032516412
2002-12-04,9006.73046875,-2.178667512099099
2002-12-05,8917.5703125,-0.9948604714961108
2002-12-06,8863.259765625,-0.6108906674926633
2002-12-09,8828.0498046875,-0.3980486270643676
2002-12-10,8804.51953125,-0.2668957309286938
2002-12-11,8727.66015625,-0.8767862154315541
2002-12-12,8708.6904296875,-0.2175883531740614
2002-12-13,8516.0703125,-2.236642354174279
2002-12-16,8450.9404296875,-0.7677274883724949
2002-12-17,8510.73046875,0.7050046786835962
2002-12-18,8344.009765625,-1.9783887342699595
2002-12-19,8387.5703125,0.5206997198391192
2002-12-20,8406.8798828125,0.2299519019280669
2002-12-24,8512.3701171875,1.2470009174047514
2002-12-25,8501.1396484375,-0.1320182670809752
2002-12-26,8700.099609375,2.313424415282948
2002-12-27,8714.0498046875,0.1602168209875071
2002-12-30,8578.9501953125,-1.5625092003096492
2003-01-06,8713.330078125,1.5542494783348182
2003-01-07,8656.5,-0.6543562101575955
2003-01-08,8517.7998046875,-1.6152415231615824
2003-01-09,8497.9296875,-0.2335500952636258
2003-01-10,8470.4501953125,-0.3238908652463461
2003-01-14,8553.0595703125,0.9705404418318788
2003-01-15,8611.75,0.6838486400666826
2003-01-16,8609.169921875,-0.0299644636408467
2003-01-17,8690.25,0.9373802380288913
2003-01-20,8558.8203125,-1.523934086699034
2003-01-21,8708.580078125,1.7346388849445369
2003-01-22,8611.0400390625,-1.126365008480377
2003-01-23,8790.919921875,2.067425626369795
2003-01-24,8731.650390625,-0.6764961558780375
2003-01-27,8609.4697265625,-1.4091671710676863
2003-01-28,8525.3896484375,-0.9813999768385204
2003-01-29,8331.080078125,-2.30556196736958
2003-01-30,8316.8095703125,-0.1714392828053607
2003-01-31,8339.9404296875,0.2777357436923078
2003-02-03,8500.7900390625,1.910303132731437
2003-02-04,8484.900390625,-0.1870945798563379
2003-02-05,8549.849609375,0.7625534096611665
2003-02-06,8484.1904296875,-0.7709211053194944
2003-02-07,8448.16015625,-0.4255797520343966
2003-02-10,8484.9296875,0.4342927295825873
2003-02-12,8664.169921875,2.0904509941673024
2003-02-13,8599.66015625,-0.7473436147607349
2003-02-14,8701.919921875,1.1820996225887197
2003-02-17,8771.8896484375,0.8008568509600972
2003-02-18,8692.9697265625,-0.9037628915641912
2003-02-19,8678.4404296875,-0.1672783053569888
2003-02-20,8650.919921875,-0.3176173891008368
2003-02-21,8513.5400390625,-1.6007822762848103
2003-02-24,8564.9501953125,0.6020474975161012
2003-02-25,8360.490234375,-2.41612509983173
2003-02-26,8356.8095703125,-0.0440341940980349
2003-02-27,8359.3798828125,0.0307523736490843
2003-02-28,8363.0400390625,0.0437754383103525
2003-03-03,8490.400390625,1.5114157441901603
2003-03-04,8480.2197265625,-0.1199798853956937
2003-03-05,8472.6201171875,-0.0896558919225561
2003-03-06,8369.150390625,-1.2287428847301107
2003-03-07,8144.1201171875,-2.725616398994142
2003-03-10,8042.259765625,-1.2586099787248135
2003-03-11,7862.43017578125,-2.2614367752271924
2003-03-12,7943.0400390625,1.0200337113418425
2003-03-13,7868.56005859375,-0.9420998618965264
2003-03-14,8002.68994140625,1.6902648020890425
2003-03-17,7871.64013671875,-1.6511283473286915
2003-03-18,7954.4599609375,1.04663283741531
2003-03-19,8051.0400390625,1.206850774469174
2003-03-20,8195.0498046875,1.7729009141189285
2003-03-24,8435.0703125,2.8867762140925386
2003-03-25,8238.759765625,-2.354823305382165
2003-03-26,8351.919921875,1.3641624483642154
2003-03-27,8368.669921875,0.2003518507363761
2003-03-28,8280.16015625,-1.0632650951199865
2003-03-31,7972.7099609375,-3.783785555110514
2003-04-01,7986.72021484375,0.1755734052023246
2003-04-02,8069.85009765625,1.035471759659422
2003-04-03,8017.75,-0.6477072961020814
2003-04-04,8074.1201171875,0.7006065467077196
2003-04-07,8249.98046875,2.1546933563602035
2003-04-08,8131.41015625,-1.447647344744345
2003-04-09,8057.60986328125,-0.9117389948354032
2003-04-10,7980.1201171875,-0.9663505896179074
2003-04-11,7816.490234375,-2.0717828953434356
2003-04-14,7752.10009765625,-0.8271847674678177
2003-04-15,7838.830078125,1.1125811498788936
2003-04-16,7879.490234375,0.5173612209823195
2003-04-17,7821.89990234375,-0.7335731395549235
2003-04-18,7874.509765625,0.6703451477316076
2003-04-21,7969.080078125,1.1938132279642897
2003-04-22,7790.4599609375,-2.2669159880167693
2003-04-23,7793.3798828125,0.0374737155726156
2003-04-24,7854.56982421875,0.7820865282233003
2003-04-25,7699.5,-1.9940113940938495
2003-04-28,7607.8798828125,-1.19708548417339
2003-04-30,7831.419921875,2.895930050722823
2003-05-01,7863.2900390625,0.4061261542503724
2003-05-02,7907.18994140625,0.556736583666544
2003-05-06,8083.56005859375,2.205991207686192
2003-05-07,8109.77001953125,0.3237133276350733
2003-05-08,8031.5498046875,-0.9691998918914684
2003-05-09,8152.16015625,1.4905430814600056
2003-05-12,8221.1201171875,0.8423525102401139
2003-05-13,8190.259765625,-0.3760852305771668
2003-05-14,8244.91015625,0.6650444420061352
2003-05-15,8123.39990234375,-1.4847285471197762
2003-05-16,8117.2900390625,-0.0752414286774774
2003-05-19,8039.1298828125,-0.9675505635107652
2003-05-20,8059.47998046875,0.2528182081358698
2003-05-21,8018.509765625,-0.5096446032114634
2003-05-22,8051.66015625,0.4125710905182492
2003-05-23,8184.759765625,1.639555906937462
2003-05-26,8227.3203125,0.5186501903258688
2003-05-27,8120.240234375,-1.310062248045606
2003-05-28,8234.1796875,1.393400648519486
2003-05-29,8375.3603515625,1.7000358102430575
2003-05-30,8424.509765625,0.5851182651323187
2003-06-02,8547.169921875,1.4454938376459716
2003-06-03,8564.490234375,0.20243878451233
2003-06-04,8557.8603515625,-0.077441273154183
2003-06-05,8657.23046875,1.1544664142291134
2003-06-06,8785.8701171875,1.4749898394124743
2003-06-09,8822.73046875,0.4186636549911878
2003-06-10,8789.08984375,-0.3820237240248926
2003-06-11,8890.2998046875,1.1449610943870614
2003-06-12,8918.599609375,0.3178167033265377
2003-06-13,8980.6396484375,0.6932170313288879
2003-06-16,8839.830078125,-1.5803455582352588
2003-06-17,9033.0,2.1616883634459265
2003-06-18,9092.9697265625,0.6617019258143931
2003-06-19,9110.509765625,0.1927108990157943
2003-06-20,9120.3896484375,0.1083861366936595
2003-06-23,9137.1396484375,0.1834859955802879
2003-06-24,8919.259765625,-2.4134430506831275
2003-06-25,8932.259765625,0.1456458905393318
2003-06-26,8923.41015625,-0.0991238092809891
2003-06-27,9104.0595703125,2.0042242630073503
2003-06-30,9083.1103515625,-0.230373698658309
2003-07-01,9278.490234375,2.128215961330816
2003-07-02,9592.240234375,3.32556193954202
2003-07-03,9624.7998046875,0.3388617747829364
2003-07-04,9547.73046875,-0.8039601445800706
2003-07-07,9795.16015625,2.558492308082682
2003-07-08,9898.7197265625,1.0517026149104345
2003-07-09,9990.9501953125,0.9274274554568296
2003-07-10,9955.6201171875,-0.3542475174257342
2003-07-11,9635.349609375,-3.269864104807721
2003-07-14,9755.6298828125,1.2405955682027847
2003-07-15,9751.0,-0.0474698389958196
2003-07-16,9735.9697265625,-0.1542597605365486
2003-07-17,9498.8603515625,-2.4655417830677795
2003-07-18,9527.73046875,0.3034714901554996
2003-07-22,9485.9697265625,-0.439270724891507
2003-07-23,9615.33984375,1.3545887510345458
2003-07-24,9671.0,0.5771993154902041
2003-07-25,9648.009765625,-0.2380064558862802
2003-07-28,9839.91015625,1.969492838411756
2003-07-29,9834.3095703125,-0.0569332473319794
2003-07-30,9632.66015625,-2.0717824052251737
2003-07-31,9563.2099609375,-0.7235983356779427
2003-08-01,9611.669921875,0.5054536394099219
2003-08-04,9452.7900390625,-1.6668036912751854
2003-08-05,9382.580078125,-0.7455153329664242
2003-08-06,9323.91015625,-0.627270145414962
2003-08-07,9265.5595703125,-0.627783131357596
2003-08-08,9327.5302734375,0.6666017657317742
2003-08-11,9487.7998046875,1.7036470470536795
2003-08-12,9564.8095703125,0.8083951493771181
2003-08-13,9752.75,1.9458602839508872
2003-08-14,9913.4697265625,1.6345114310232205
2003-08-15,9863.4697265625,-0.5056404874838173
2003-08-18,10032.9697265625,1.70386365943326
2003-08-19,10174.099609375,1.3968594381481272
2003-08-20,10292.0595703125,1.1527445489753163
2003-08-21,10362.6904296875,0.6839214678187788
2003-08-22,10281.169921875,-0.7897837920457316
2003-08-25,10276.6396484375,-0.0440735039921317
2003-08-26,10332.5703125,0.5427748223277384
2003-08-27,10308.990234375,-0.2284719542272324
2003-08-28,10225.2197265625,-0.8159161974253464
2003-08-29,10343.5498046875,1.1505927312089923
2003-09-01,10670.1796875,3.1089787451917195
2003-09-02,10690.080078125,0.1863310334338547
2003-09-03,10715.6904296875,0.2392846711399757
2003-09-04,10646.9501953125,-0.6435578150733783
2003-09-05,10650.76953125,0.0358661493106057
2003-09-08,10683.759765625,0.3092663560625743
2003-09-09,10922.0400390625,2.205796007155847
2003-09-10,10856.3203125,-0.6035341962403368
2003-09-11,10546.330078125,-2.8969488158819066
2003-09-12,10712.8095703125,1.5662242040442111
2003-09-16,10887.0302734375,1.6132016039325108
2003-09-17,10990.1103515625,0.9423611862417652
2003-09-18,11033.3203125,0.3924004124651269
2003-09-19,10938.419921875,-0.8638458288477011
2003-09-22,10475.099609375,-4.328038027858368
2003-09-24,10502.2900390625,0.2592357330491983
2003-09-25,10310.0400390625,-1.8475150803146791
2003-09-26,10318.4404296875,0.0814445940608536
2003-09-29,10229.5703125,-0.8650051085926964
2003-09-30,10219.0498046875,-0.1028970041054115
2003-10-01,10361.240234375,1.3818337056808006
2003-10-02,10593.5302734375,2.2171519806201356
2003-10-03,10709.2900390625,1.0868129510580464
2003-10-06,10740.1396484375,0.2876498918235834
2003-10-07,10820.330078125,0.7438687605241692
2003-10-08,10542.2001953125,-2.6040510737334848
2003-10-09,10531.4404296875,-0.1021158778538565
2003-10-10,10786.0400390625,2.3887599307405845
2003-10-14,10966.4296875,1.658605078641364
2003-10-15,10899.9501953125,-0.6080539839910922
2003-10-16,11025.150390625,1.1420842125615929
2003-10-17,11037.8896484375,0.1154805430772584
2003-10-20,11161.7099609375,1.1155299978391564
2003-10-21,11031.51953125,-1.1732580259212946
2003-10-22,10889.6201171875,-1.2946534563931535
2003-10-23,10335.16015625,-5.225836319274602
2003-10-24,10335.7001953125,0.0052251241935518
2003-10-27,10454.1201171875,1.1392229546211483
2003-10-28,10561.009765625,1.017272515712922
2003-10-29,10739.2197265625,1.673353983200188
2003-10-30,10695.5595703125,-0.4073773377922907
2003-10-31,10559.58984375,-1.2794224935694172
2003-11-04,10847.9697265625,2.694350353133653
2003-11-05,10837.5400390625,-0.0961903908822336
2003-11-06,10552.2998046875,-2.667220946120131
2003-11-07,10628.98046875,0.7240449875106184
2003-11-10,10504.5400390625,-1.177672862146214
2003-11-11,10207.0400390625,-2.872986626488257
2003-11-12,10226.2197265625,0.1877301356009421
2003-11-13,10337.669921875,1.0839514163234236
2003-11-14,10167.0595703125,-1.664145718038771
2003-11-17,9786.830078125,-3.811542816385211
2003-11-18,9897.0498046875,1.1199100908444477
2003-11-19,9614.599609375,-2.895397732035985
2003-11-20,9865.7001953125,2.578137880340476
2003-11-21,9852.830078125,-0.1305383194042648
2003-11-25,9960.2001953125,1.0838439833130449
2003-11-26,10144.830078125,1.8367052489700404
2003-11-27,10163.3798828125,0.1826828645364625
2003-11-28,10100.5703125,-0.61991636233503
2003-12-01,10403.26953125,2.952824590852972
2003-12-02,10410.150390625,0.0661194522717418
2003-12-03,10326.3896484375,-0.8078608830154068
2003-12-04,10429.990234375,0.9982612272421224
2003-12-05,10373.4599609375,-0.5434715111882704
2003-12-08,10045.33984375,-3.2141787773808725
2003-12-09,10124.2802734375,0.7827696536052581
2003-12-10,9910.5595703125,-2.1335714395059693
2003-12-11,10075.1396484375,1.6470156657772073
2003-12-12,10169.66015625,0.9337824580414366
2003-12-15,10490.76953125,3.1086985069169435
2003-12-16,10271.599609375,-2.1113010923558786
2003-12-17,10092.6396484375,-1.7576356847715608
2003-12-18,10104.0,0.1124974546098482
2003-12-19,10284.5400390625,1.7710415526552017
2003-12-22,10372.509765625,0.851721414162637
2003-12-24,10371.26953125,-0.0119576510984675
2003-12-25,10365.349609375,-0.057096308667076
2003-12-26,10417.41015625,0.5009984848513582
2003-12-29,10500.6201171875,0.7955854232111731
2003-12-30,10676.6396484375,1.6623830163857216
2004-01-05,10825.169921875,1.381582657305929
2004-01-06,10813.990234375,-0.103328303076117
2004-01-07,10757.8203125,-0.5207726880307272
2004-01-08,10837.650390625,0.7393257859469853
2004-01-09,10965.0498046875,1.1686705126042356
2004-01-13,10849.6796875,-1.05773663494107
2004-01-14,10863.0,0.1226961790325847
2004-01-15,10665.150390625,-1.8381066303296971
2004-01-16,10857.2001953125,1.7847019215959616
2004-01-19,11036.330078125,1.6364092761052038
2004-01-20,11103.099609375,0.6031748299424087
2004-01-21,11002.3896484375,-0.9111823452695252
2004-01-22,11000.7001953125,-0.0153565080206182
2004-01-23,11069.009765625,0.6190365761223808
2004-01-26,10972.599609375,-0.8748070021069093
2004-01-27,10928.0302734375,-0.407014754409454
2004-01-28,10852.4697265625,-0.6938394436011892
2004-01-29,10779.4404296875,-0.6752022710579448
2004-01-30,10783.6103515625,0.0386765487804509
2004-02-02,10776.73046875,-0.0638197986140458
2004-02-03,10641.919921875,-1.2588312022262962
2004-02-04,10447.25,-1.8462125536752587
2004-02-05,10464.599609375,0.1659309308341179
2004-02-06,10460.919921875,-0.035169378064264
2004-02-09,10402.6103515625,-0.5589631415853187
2004-02-10,10365.400390625,-0.3583395753817752
2004-02-12,10459.259765625,0.901431378591585
2004-02-13,10557.6904296875,0.9366857019938828
2004-02-16,10548.7197265625,-0.0850045422102523
2004-02-17,10701.1298828125,1.4344832791724391
2004-02-18,10676.8095703125,-0.2275272885419493
2004-02-19,10753.7998046875,0.7185102789231763
2004-02-20,10720.6904296875,-0.3083602998159592
2004-02-23,10868.9599609375,1.3735457465832628
2004-02-24,10644.1298828125,-2.090246130409925
2004-02-25,10658.73046875,0.1370763172901918
2004-02-26,10815.2900390625,1.4581558608879863
2004-02-27,11041.919921875,2.07380544293574
2004-03-01,11271.1201171875,2.054478069706838
2004-03-02,11361.509765625,0.798759397287261
2004-03-03,11351.919921875,-0.0844420631474322
2004-03-04,11401.7900390625,0.4383478309877847
2004-03-05,11537.2900390625,1.1814037487945956
2004-03-08,11502.8603515625,-0.2988670867496606
2004-03-09,11532.0400390625,0.2533521101738012
2004-03-10,11433.240234375,-0.8604329061932634
2004-03-11,11297.0400390625,-1.198417474527527
2004-03-12,11162.75,-1.1958405590927077
2004-03-15,11317.900390625,1.3803235343514275
2004-03-16,11242.2900390625,-0.6703013868450065
2004-03-17,11436.8603515625,1.715893964784085
2004-03-18,11484.2802734375,0.4137664028527809
2004-03-19,11418.509765625,-0.5743465184810984
2004-03-22,11318.509765625,-0.8796284372295666
2004-03-23,11281.08984375,-0.3311559206240586
2004-03-24,11364.990234375,0.7409739275769678
2004-03-25,11530.91015625,1.4493671229540754
2004-03-26,11770.650390625,2.0577908820582516
2004-03-29,11718.240234375,-0.4462555857841236
2004-03-30,11693.6796875,-0.2098124029711293
2004-03-31,11715.3896484375,0.18548338552215
2004-04-01,11683.419921875,-0.2732595977569499
2004-04-02,11815.9501953125,1.1279594126776786
2004-04-05,11958.3203125,1.1976966361659185
2004-04-06,12079.7001953125,1.009907736894925
2004-04-07,12019.6201171875,-0.4986049549549838
2004-04-08,12092.58984375,0.6052531015590088
2004-04-09,11897.509765625,-1.6263740569910403
2004-04-12,12042.7001953125,1.2129568623881453
2004-04-13,12127.8203125,0.7043329418556086
2004-04-14,12098.1796875,-0.2447010632405445
2004-04-15,11800.400390625,-2.49215399311596
2004-04-16,11824.5595703125,0.2045225739965527
2004-04-19,11764.2099609375,-0.5116819761793844
2004-04-20,11952.259765625,1.5858493942951528
2004-04-21,11944.2998046875,-0.0666201442804447
2004-04-22,11980.099609375,0.299274650853952
2004-04-23,12120.66015625,1.1664540203562586
2004-04-26,12163.8896484375,0.3560250298868941
2004-04-27,12044.8798828125,-0.983203414628018
2004-04-28,12004.2900390625,-0.3375574493723432
2004-04-30,11761.7900390625,-2.04079440610775
2004-05-06,11571.33984375,-1.6324807329415445
2004-05-07,11438.8203125,-1.1518476665899864
2004-05-10,10884.7001953125,-4.965470971085921
2004-05-11,10907.1796875,0.2063107935789568
2004-05-12,11153.580078125,2.233927028716191
2004-05-13,10825.099609375,-2.9893053973790296
2004-05-14,10849.6298828125,0.2263491585399301
2004-05-17,10505.0498046875,-3.2274891889799555
2004-05-18,10711.08984375,1.9423563404641409
2004-05-19,10967.740234375,2.367861928764904
2004-05-20,10862.0400390625,-0.9684112258769336
2004-05-21,11070.25,1.8987184259533063
2004-05-24,11101.6396484375,0.2831483460083965
2004-05-25,10962.9296875,-1.2573260431493178
2004-05-26,11152.08984375,1.71073572227673
2004-05-27,11166.0302734375,0.1249247824393637
2004-05-28,11309.5703125,1.2773139484463167
2004-05-31,11236.3701171875,-0.6493448587520682
2004-06-01,11296.759765625,0.5360089196412544
2004-06-02,11242.33984375,-0.482894424074396
2004-06-03,11027.0498046875,-1.933566657409837
2004-06-04,11128.0498046875,0.9117602851086284
2004-06-07,11439.919921875,2.764005586099105
2004-06-08,11521.9296875,0.7143162744349101
2004-06-09,11449.740234375,-0.6285106046653217
2004-06-10,11575.9697265625,1.0964331347183391
2004-06-11,11526.8203125,-0.4254853039700711
2004-06-14,11491.66015625,-0.3054952618854737
2004-06-15,11387.7001953125,-0.9087725776894426
2004-06-16,11641.7197265625,2.206133152174359
2004-06-17,11607.900390625,-0.290923977424371
2004-06-18,11382.080078125,-1.9645738786174671
2004-06-21,11600.16015625,1.897870892847885
2004-06-22,11581.26953125,-0.1629807085775921
2004-06-23,11580.5595703125,-0.0061304393069183
2004-06-24,11744.150390625,1.4027484419956728
2004-06-25,11780.400390625,0.308188913183297
2004-06-28,11884.0595703125,0.876080357287706
2004-06-29,11860.8095703125,-0.1958318430195554
2004-06-30,11858.8701171875,-0.016353113995413
2004-07-01,11896.009765625,0.3126909408254805
2004-07-02,11721.490234375,-1.4779100904946867
2004-07-05,11541.7099609375,-1.5456502208748495
2004-07-06,11475.26953125,-0.5773182727667912
2004-07-07,11384.8603515625,-0.7909810794788956
2004-07-08,11322.23046875,-0.5516342196993532
2004-07-09,11423.5302734375,0.8907195989586901
2004-07-12,11582.2802734375,1.3801080333641065
2004-07-13,11608.6201171875,0.2271568126507698
2004-07-14,11356.650390625,-2.1944425857741043
2004-07-15,11409.1396484375,0.461124790588428
2004-07-16,11436.0,0.2351516721120492
2004-07-20,11258.3701171875,-1.565441203151343
2004-07-21,11433.8603515625,1.546729690174422
2004-07-22,11285.0400390625,-1.3101201077503293
2004-07-23,11187.330078125,-0.8696063314652299
2004-07-26,11159.5498046875,-0.2486278880423949
2004-07-27,11031.5400390625,-1.1537169776870142
2004-07-28,11204.3701171875,1.5545444950855256
2004-07-29,11116.83984375,-0.7842829511090921
2004-07-30,11325.7802734375,1.8620505591883951
2004-08-02,11222.240234375,-0.9184022765425894
2004-08-03,11140.5703125,-0.7304116340397708
2004-08-04,11010.01953125,-1.17877035181609
2004-08-05,11060.8896484375,0.4609706546590151
2004-08-06,10972.5703125,-0.8016880609761203
2004-08-09,10908.7001953125,-0.5837896712738924
2004-08-10,10953.5498046875,0.4102932890413969
2004-08-11,11049.4599609375,0.8717967653108788
2004-08-12,11028.0703125,-0.1937685498793652
2004-08-13,10757.2001953125,-2.486855297946653
2004-08-16,10687.8095703125,-0.6471516491205398
2004-08-17,10725.9697265625,0.3564078635121972
2004-08-18,10774.259765625,0.4492056262191322
2004-08-19,10903.5302734375,1.1926680710891986
2004-08-20,10889.1396484375,-0.1320685087534228
2004-08-23,10960.9697265625,0.6574826299489656
2004-08-24,10985.330078125,0.2219997155244086
2004-08-25,11130.01953125,1.3085166653141849
2004-08-26,11129.330078125,-0.0061947283934108
2004-08-27,11209.58984375,0.7185675157912957
2004-08-30,11184.5302734375,-0.2238050045402129
2004-08-31,11081.7900390625,-0.9228373801320682
2004-09-01,11127.349609375,0.4102782452782254
2004-09-02,11152.75,0.2280097672337409
2004-09-03,11022.490234375,-1.174835198989232
2004-09-06,11244.3701171875,1.992981708606481
2004-09-07,11298.9404296875,0.4841384673823954
2004-09-08,11279.1904296875,-0.1749480961057821
2004-09-09,11170.9599609375,-0.96419226910345
2004-09-10,11083.23046875,-0.7884353009836812
2004-09-13,11253.1103515625,1.5211368756864776
2004-09-14,11295.580078125,0.3766939540438661
2004-09-15,11158.580078125,-1.2202789957529716
2004-09-16,11139.3603515625,-0.1723901934614292
2004-09-17,11082.490234375,-0.5118407319399559
2004-09-21,11080.8701171875,-0.014619779353738
2004-09-22,11019.41015625,-0.5561931216804412
2004-09-24,10895.16015625,-1.1339609185471882
2004-09-27,10859.3203125,-0.3294942044376562
2004-09-28,10815.5703125,-0.4036934734525733
2004-09-29,10786.099609375,-0.2728559552644675
2004-09-30,10823.5703125,0.3467960483865809
2004-10-01,10985.169921875,1.4819981835665503
2004-10-04,11279.6298828125,2.6452259470613324
2004-10-05,11281.830078125,0.0195040154607425
2004-10-06,11385.3798828125,0.913659203785942
2004-10-07,11354.58984375,-0.2708012213636228
2004-10-08,11349.349609375,-0.0461614556264269
2004-10-12,11201.8095703125,-1.3085105118636222
2004-10-13,11195.990234375,-0.0519634617613324
2004-10-14,11034.2900390625,-1.4547998965689315
2004-10-15,10982.9501953125,-0.4663612355938933
2004-10-18,10965.6201171875,-0.1579153583092619
2004-10-19,11064.8603515625,0.9009418182156544
2004-10-20,10882.1796875,-1.664779240067741
2004-10-21,10789.23046875,-0.857810249010329
2004-10-22,10857.1298828125,0.6273538429028911
2004-10-25,10659.150390625,-1.8403281356601031
2004-10-26,10672.4599609375,0.1247873162904525
2004-10-27,10691.9501953125,0.1824552106925207
2004-10-28,10853.1201171875,1.4961466911557524
2004-10-29,10771.419921875,-0.7556284101655631
2004-11-01,10734.7099609375,-0.3413910061122923
2004-11-02,10887.8095703125,1.4161362439582814
2004-11-04,10946.26953125,0.5354940811779237
2004-11-05,11061.76953125,1.049626094089278
2004-11-08,10983.830078125,-0.7070778679365034
2004-11-09,10964.8701171875,-0.1727661819131145
2004-11-10,10994.9599609375,0.274044584810406
2004-11-11,10846.919921875,-1.3555820912830756
2004-11-12,11019.98046875,1.5828869860231538
2004-11-15,11227.5703125,1.8662357107733845
2004-11-16,11161.75,-0.5879633789597961
2004-11-17,11131.2900390625,-0.273268965016342
2004-11-18,11082.419921875,-0.4400003071734672
2004-11-19,11082.83984375,0.0037890092829106
2004-11-22,10849.3896484375,-2.1289127262584566
2004-11-24,10872.330078125,0.2112211970803738
2004-11-25,10900.33984375,0.2572930300003544
2004-11-26,10833.75,-0.6127705608334575
2004-11-29,10977.8896484375,1.3216956546401548
2004-11-30,10899.25,-0.7189238484504235
2004-12-01,10784.25,-1.0607243134491853
2004-12-02,10973.0703125,1.7357381367935507
2004-12-03,11074.8896484375,0.923623409609758
2004-12-06,10981.9599609375,-0.842642888858092
2004-12-07,10873.6298828125,-0.9913341719011666
2004-12-08,10941.3701171875,0.6210447132826684
2004-12-09,10776.6298828125,-1.5171138606491483
2004-12-10,10756.7998046875,-0.1841795201082988
2004-12-13,10789.25,0.3012173474230056
2004-12-14,10915.580078125,1.1640865581241466
2004-12-15,10956.4599609375,0.3738099449527059
2004-12-16,10924.3701171875,-0.2933148938329557
2004-12-17,11078.3203125,1.3993989340300323
2004-12-20,11103.419921875,0.2263088452235249
2004-12-21,11125.919921875,0.2024352305728129
2004-12-22,11209.4404296875,0.7478804531486428
2004-12-24,11365.48046875,1.3824413815818086
2004-12-27,11362.349609375,-0.0275508870318217
2004-12-28,11424.1298828125,0.5422551108975217
2004-12-29,11381.5595703125,-0.37333106750855
2004-12-30,11488.759765625,0.9374681554816736
2005-01-04,11517.75,0.2520177985633787
2005-01-05,11437.51953125,-0.6990185441320032
2005-01-06,11492.259765625,0.4774606650887551
2005-01-07,11433.240234375,-0.5148822196745446
2005-01-11,11539.990234375,0.9293492133663864
2005-01-12,11453.3896484375,-0.7532689484112355
2005-01-13,11358.2197265625,-0.8344038553145895
2005-01-14,11438.3896484375,0.7033524245605067
2005-01-17,11487.099609375,0.4249421566395646
2005-01-18,11423.259765625,-0.557302554153715
2005-01-19,11405.33984375,-0.1569953993001548
2005-01-20,11284.76953125,-1.062766559172306
2005-01-21,11238.3701171875,-0.4120160903441814
2005-01-24,11289.490234375,0.453839859919128
2005-01-25,11276.91015625,-0.1114938954411673
2005-01-26,11376.5703125,0.8798718531535382
2005-01-27,11341.3095703125,-0.3104230736714041
2005-01-28,11320.580078125,-0.182945891015676
2005-01-31,11387.58984375,0.5901837123877486
2005-02-01,11384.400390625,-0.0280120719623416
2005-02-02,11407.1396484375,0.1995412799534319
2005-02-03,11389.349609375,-0.156077038641266
2005-02-04,11360.400390625,-0.254501560461909
2005-02-07,11499.8603515625,1.2201233627581003
2005-02-08,11490.4296875,-0.082040414239478
2005-02-09,11473.349609375,-0.1487567098937375
2005-02-10,11553.5595703125,0.6966656681759181
2005-02-14,11632.2001953125,0.6783553988246469
2005-02-15,11646.490234375,0.1227735804181397
2005-02-16,11601.6796875,-0.3854978909667769
2005-02-17,11582.7197265625,-0.1635579583112382
2005-02-18,11660.1201171875,0.6660173821711307
2005-02-21,11651.01953125,-0.0780792920216439
2005-02-22,11597.7099609375,-0.4586028132225561
2005-02-23,11500.1796875,-0.8445001215290548
2005-02-24,11531.150390625,0.2689442744973687
2005-02-25,11658.25,1.0961980902948745
2005-02-28,11740.599609375,0.7038803253042539
2005-03-01,11780.5302734375,0.3395304785255593
2005-03-02,11813.7099609375,0.2812526196409612
2005-03-03,11856.4599609375,0.3612145297067395
2005-03-04,11873.0498046875,0.139824603346179
2005-03-07,11925.3603515625,0.4396145017928275
2005-03-08,11886.91015625,-0.3229446660060955
2005-03-09,11966.6904296875,0.6689184773747562
2005-03-10,11864.91015625,-0.8541674898886147
2005-03-11,11923.8896484375,0.4958603504122467
2005-03-14,11850.25,-0.6194956792131597
2005-03-15,11821.08984375,-0.2463753314586668
2005-03-16,11873.1796875,0.4396837606561011
2005-03-17,11775.5,-0.8260946851017602
2005-03-18,11879.8095703125,0.8819182525080325
2005-03-22,11841.9697265625,-0.3190306711069762
2005-03-23,11739.1201171875,-0.8723113497392796
2005-03-24,11745.9697265625,0.0583315594259228
2005-03-25,11761.099609375,0.1287262540942168
2005-03-28,11792.2998046875,0.264931723979325
2005-03-29,11599.8203125,-1.6457151846964488
2005-03-30,11565.8798828125,-0.2930233378354636
2005-03-31,11668.9501953125,0.8872110383007195
2005-04-01,11723.6298828125,0.4674968464721181
2005-04-04,11667.5400390625,-0.4795822649523833
2005-04-05,11774.3095703125,0.9109372455279022
2005-04-06,11827.16015625,0.4478591790137046
2005-04-07,11810.990234375,-0.1368120951086855
2005-04-08,11874.75,0.5383823262718279
2005-04-11,11745.6396484375,-1.0932219099673106
2005-04-12,11670.2998046875,-0.6434941794781754
2005-04-13,11637.51953125,-0.2812815268384172
2005-04-14,11563.169921875,-0.6409280555354422
2005-04-15,11370.6904296875,-1.678601062332584
2005-04-18,10938.4404296875,-3.875579959565952
2005-04-19,11065.8603515625,1.1581494671022423
2005-04-20,11088.580078125,0.2051032125975508
2005-04-21,10984.3896484375,-0.9440614906819113
2005-04-22,11045.9501953125,0.5588720604615454
2005-04-25,11073.76953125,0.2515343860503839
2005-04-26,11035.830078125,-0.34319473019591
2005-04-27,11005.419921875,-0.2759387561576429
2005-04-28,11008.900390625,0.0316200430410149
2005-05-02,11002.1103515625,-0.0616967512979364
2005-05-06,11192.169921875,1.7127315148979552
2005-05-09,11171.3203125,-0.1864611936444445
2005-05-10,11159.4599609375,-0.1062242566762072
2005-05-11,11120.7001953125,-0.347931114085737
2005-05-12,11077.9404296875,-0.3852471800628368
2005-05-13,11049.1103515625,-0.2605868692069197
2005-05-16,10947.2197265625,-0.9264395778888512
2005-05-17,10825.3896484375,-1.11912492953995
2005-05-18,10835.41015625,0.0925220547503064
2005-05-19,11077.16015625,2.206585585525051
2005-05-20,11037.2900390625,-0.3605801639560265
2005-05-23,11158.650390625,1.0935473659861754
2005-05-24,11133.650390625,-0.2242927791617047
2005-05-25,11014.4296875,-1.0765886182305393
2005-05-26,11027.9404296875,0.1225888487278807
2005-05-27,11192.330078125,1.4796637841526088
2005-05-30,11266.330078125,0.6589909396573179
2005-05-31,11276.58984375,0.0910242893905847
2005-06-01,11329.669921875,0.4696059960657393
2005-06-02,11280.0498046875,-0.4389280137194071
2005-06-03,11300.0498046875,0.1771471833709966
2005-06-06,11270.6201171875,-0.260778295726198
2005-06-07,11217.4501953125,-0.4728731297383289
2005-06-08,11281.0302734375,0.5651959248252122
2005-06-09,11160.8798828125,-1.0707781805480268
2005-06-10,11304.23046875,1.2762237030734167
2005-06-13,11311.509765625,0.064373724237533
2005-06-14,11335.919921875,0.2155667644360363
2005-06-15,11415.8798828125,0.702891998261603
2005-06-16,11416.3798828125,0.0043797679705145
2005-06-17,11514.0302734375,0.8517159551165917
2005-06-20,11483.349609375,-0.2668189369462194
2005-06-21,11488.740234375,0.0469319520828184
2005-06-22,11547.2802734375,0.5082489404653189
2005-06-23,11576.75,0.2548841371372033
2005-06-24,11537.0302734375,-0.3436890477522187
2005-06-27,11414.2802734375,-1.0696658925257962
2005-06-28,11513.830078125,0.868370124883371
2005-06-29,11577.4404296875,0.5509485711977209
2005-06-30,11584.009765625,0.0567264662468332
2005-07-01,11630.1298828125,0.3973455709838048
2005-07-04,11651.5498046875,0.184006722936022
2005-07-05,11616.7001953125,-0.2995466821378747
2005-07-06,11603.5302734375,-0.1134349058672915
2005-07-07,11590.1396484375,-0.1154679404587374
2005-07-08,11565.990234375,-0.2085790927925363
2005-07-11,11674.7900390625,0.9362904190381472
2005-07-12,11692.1396484375,0.1484971521309839
2005-07-13,11659.83984375,-0.2766345807781559
2005-07-14,11764.259765625,0.8915656550398436
2005-07-15,11758.6796875,-0.047443715448816
2005-07-19,11764.83984375,0.0523744449263414
2005-07-20,11789.349609375,0.2081139282678026
2005-07-21,11786.73046875,-0.0222186269057057
2005-07-22,11695.0498046875,-0.7808703501463794
2005-07-25,11762.650390625,0.5763631772288552
2005-07-26,11737.9599609375,-0.2101259363289462
2005-07-27,11835.080078125,0.8239978088663277
2005-07-28,11858.3095703125,0.1960842241241605
2005-07-29,11899.599609375,0.3475901883623448
2005-08-01,11946.919921875,0.3968744751163267
2005-08-02,11940.2001953125,-0.0562623431103622
2005-08-03,11981.7998046875,0.3477940916951095
2005-08-04,11883.3095703125,-0.8253957020439358
2005-08-05,11766.48046875,-0.9880007536612868
2005-08-08,11778.98046875,0.1061775873279473
2005-08-09,11900.3203125,1.024868993836924
2005-08-10,12098.080078125,1.648145201171125
2005-08-11,12263.3203125,1.356594989476173
2005-08-12,12261.6796875,-0.013379204912924
2005-08-15,12256.5498046875,-0.0418454594283858
2005-08-16,12315.669921875,0.4811956910868143
2005-08-17,12273.1201171875,-0.3460914269586683
2005-08-18,12307.3701171875,0.2786764774750028
2005-08-19,12291.73046875,-0.1271562794756567
2005-08-22,12452.509765625,1.299547353869949
2005-08-23,12472.9296875,0.1638480756314196
2005-08-24,12502.259765625,0.2348738267912046
2005-08-25,12405.16015625,-0.7796881538154019
2005-08-26,12439.48046875,0.2762795795577495
2005-08-29,12309.830078125,-1.04771869398013
2005-08-30,12453.1396484375,1.1574635179007593
2005-08-31,12413.599609375,-0.3180157396290824
2005-09-01,12506.9697265625,0.7493452724697607
2005-09-02,12600.0,0.7410746913101299
2005-09-05,12634.8798828125,0.2764420134924409
2005-09-06,12599.4296875,-0.2809684056145669
2005-09-07,12607.58984375,0.064745112169563
2005-09-08,12533.8896484375,-0.586285357181685
2005-09-09,12692.0400390625,1.253888079916317
2005-09-12,12896.4296875,1.5975476264075703
2005-09-13,12901.9501953125,0.0427973223267309
2005-09-14,12834.25,-0.5261099226437633
2005-09-15,12986.7802734375,1.1814559376435945
2005-09-16,12958.6796875,-0.216612825268055
2005-09-20,13148.5703125,1.4547221460361142
2005-09-21,13196.5703125,0.3643939791130035
2005-09-22,13159.3603515625,-0.2823651809888968
2005-09-26,13392.6298828125,1.757122768972
2005-09-27,13310.0400390625,-0.6185906304713353
2005-09-28,13435.91015625,0.941234433822248
2005-09-29,13617.240234375,1.3405669291550493
2005-09-30,13574.2998046875,-0.3158369501771889
2005-10-03,13525.2802734375,-0.3617737586541327
2005-10-04,13738.83984375,1.566629968296955
2005-10-05,13689.8896484375,-0.3569268295412718
2005-10-06,13359.509765625,-2.4429105280033485
2005-10-07,13227.740234375,-0.9912315877366767
2005-10-11,13556.7099609375,2.456546745566789
2005-10-12,13463.740234375,-0.6881461468494781
2005-10-13,13449.240234375,-0.107754705353735
2005-10-14,13420.5400390625,-0.2136244207058877
2005-10-17,13400.2900390625,-0.1510020665936845
2005-10-18,13352.240234375,-0.359217284232551
2005-10-19,13129.490234375,-1.682331552086928
2005-10-20,13190.4599609375,0.4632974999334125
2005-10-21,13199.9501953125,0.0719218437902148
2005-10-24,13106.1796875,-0.7129205655985242
2005-10-25,13280.6201171875,1.3221987682595904
2005-10-26,13395.01953125,0.8577122566114852
2005-10-27,13417.080078125,0.1645566902594602
2005-10-28,13346.5400390625,-0.5271349846968025
2005-10-31,13606.5,1.9290441589798435
2005-11-01,13867.8603515625,1.9026338198576305
2005-11-02,13894.7802734375,0.1939291775262936
2005-11-04,14075.9599609375,1.295512524897211
2005-11-07,14061.599609375,-0.1020724826787305
2005-11-08,14036.73046875,-0.1770151254517476
2005-11-09,14072.2001953125,0.2523734951903133
2005-11-10,14080.8798828125,0.0616606620015858
2005-11-11,14155.0595703125,0.5254286529610988
2005-11-14,14116.0400390625,-0.2760384743829521
2005-11-15,14091.76953125,-0.172083647553791
2005-11-16,14170.8701171875,0.5597551641093693
2005-11-17,14411.7900390625,1.685816689373191
2005-11-18,14623.1201171875,1.4557221560883056
2005-11-21,14680.4296875,0.3911447163322172
2005-11-22,14708.3203125,0.1898048292166265
2005-11-24,14742.580078125,0.2326569349282079
2005-11-25,14784.2900390625,0.2825222484849913
2005-11-28,14986.9404296875,1.3614050705997554
2005-11-29,14927.7001953125,-0.3960623332040589
2005-11-30,14872.150390625,-0.3728197822333074
2005-12-01,15130.5,1.7222211479269212
2005-12-02,15421.599609375,1.905652459064908
2005-12-05,15551.3095703125,0.8375753048054243
2005-12-06,15423.3798828125,-0.826031945277974
2005-12-07,15484.66015625,0.3965334175637139
2005-12-08,15183.3603515625,-1.9649752039903268
2005-12-09,15404.0498046875,1.4430334675731875
2005-12-12,15738.7001953125,2.1492210687802644
2005-12-13,15778.8603515625,0.2548431876591212
2005-12-14,15464.580078125,-2.0118839021467196
2005-12-15,15254.4404296875,-1.3681616333967217
2005-12-16,15173.0703125,-0.5348469800933286
2005-12-19,15391.48046875,1.4291973437763914
2005-12-20,15641.259765625,1.6098139523565598
2005-12-21,15957.5703125,2.002106482607235
2005-12-22,15941.3701171875,-0.1015720051329162
2005-12-26,16107.669921875,1.0377926892151004
2005-12-27,15969.400390625,-0.8621135677108057
2005-12-28,16194.6103515625,1.4004076997907966
2005-12-29,16344.2001953125,0.9194613761616284
2005-12-30,16111.4296875,-1.4344167701163943
2006-01-04,16361.5400390625,1.5404522565503582
2006-01-05,16425.369140625,0.3893577271941032
2006-01-06,16428.2109375,0.0172997699205436
2006-01-10,16124.349609375,-1.8669508566343636
2006-01-11,16363.58984375,1.4728207639793576
2006-01-12,16445.189453125,0.4974264777745363
2006-01-13,16454.94921875,0.0593296338877213
2006-01-16,16268.0302734375,-1.1424447359787242
2006-01-17,15805.9501953125,-2.8815385183700104
2006-01-18,15341.1796875,-2.984576809139541
2006-01-19,15696.2802734375,2.2883063336687175
2006-01-20,15696.6904296875,0.0026130451552435
2006-01-23,15360.650390625,-2.164081951310473
2006-01-24,15648.8896484375,1.8590895524805704
2006-01-25,15651.0,0.0134847220830651
2006-01-26,15891.01953125,1.5219327597585242
2006-01-27,16460.6796875,3.52203473771845
2006-01-30,16551.23046875,0.5485959941173788
2006-01-31,16649.8203125,0.5938976701867315
2006-02-01,16480.08984375,-1.0246448175851852
2006-02-02,16710.55078125,1.3887327089712869
2006-02-03,16659.640625,-0.3051237862452141
2006-02-06,16747.759765625,0.5275438612964556
2006-02-07,16720.990234375,-0.1599673543738753
2006-02-08,16272.6796875,-2.717722164054554
2006-02-09,16439.669921875,1.0209702875378297
2006-02-10,16257.830078125,-1.112266799725459
2006-02-13,15877.66015625,-2.366154404609538
2006-02-14,16184.8701171875,1.916376281970083
2006-02-15,15932.830078125,-1.5695097182428577
2006-02-16,16043.669921875,0.6932609114386667
2006-02-17,15713.4501953125,-2.0797328455596333
2006-02-20,15437.9296875,-1.7689597925421958
2006-02-21,15894.9404296875,2.917339860773994
2006-02-22,15781.7802734375,-0.7144719220409849
2006-02-23,16096.099609375,1.9720854957121992
2006-02-24,16101.91015625,0.0360925844819279
2006-02-27,16192.9501953125,0.5638066195969316
2006-02-28,16205.4296875,0.077037758368388
2006-03-01,15964.4599609375,-1.4981352819976863
2006-03-02,15909.759765625,-0.3432256505781527
2006-03-03,15663.33984375,-1.5609802558625976
2006-03-06,15901.16015625,1.5069132272723602
2006-03-07,15726.01953125,-1.1075436825751237
2006-03-08,15627.490234375,-0.6285077616827635
2006-03-09,16036.91015625,2.5861392308255255
2006-03-10,16115.6298828125,0.4896651011498765
2006-03-13,16361.509765625,1.5142009635733271
2006-03-14,16238.3603515625,-0.7555244816476877
2006-03-15,16319.0400390625,0.4956160607424453
2006-03-16,16096.2099609375,-1.374868854496452
2006-03-17,16339.73046875,1.501575599018183
2006-03-20,16624.80078125,1.729600927214206
2006-03-22,16495.48046875,-0.7809170986192384
2006-03-23,16489.369140625,-0.0370553649163372
2006-03-24,16560.869140625,0.4326753165059723
2006-03-27,16650.099609375,0.5373567036485027
2006-03-28,16690.240234375,0.2407932527574457
2006-03-29,16938.41015625,1.4759701877368403
2006-03-30,17045.33984375,0.6293010064241972
2006-03-31,17059.66015625,0.0839777941157546
2006-04-03,17333.310546875,1.5913493945143298
2006-04-04,17292.91015625,-0.2333515361323746
2006-04-05,17243.98046875,-0.2833475703856287
2006-04-06,17489.330078125,1.4127860915511674
2006-04-07,17563.369140625,0.4224449144196468
2006-04-10,17456.580078125,-0.6098774891695664
2006-04-11,17418.130859375,-0.2204992287805239
2006-04-12,17162.55078125,-1.4781937185167893
2006-04-13,17199.150390625,0.2130256766547322
2006-04-14,17233.8203125,0.2013763720253339
2006-04-17,17000.359375,-1.3639266887089956
2006-04-18,17232.859375,1.3583506511622367
2006-04-19,17350.119140625,0.6781383213823478
2006-04-20,17317.529296875,-0.1880130601236636
2006-04-21,17403.9609375,0.4978577737749945
2006-04-24,16914.400390625,-2.853246717786816
2006-04-25,16970.2890625,0.3298759614318027
2006-04-26,17055.9296875,0.5033812688291556
2006-04-27,17114.5390625,0.3430414309138768
2006-04-28,16906.23046875,-1.2246119056432163
2006-05-01,16925.7109375,0.1151602307947758
2006-05-02,17153.76953125,1.3384124114476037
2006-05-08,17291.669921875,0.8006930935257706
2006-05-09,17190.91015625,-0.5844113298528364
2006-05-10,16951.9296875,-1.3999091620502098
2006-05-11,16862.140625,-0.5310763992972342
2006-05-12,16601.779296875,-1.5561033046580437
2006-05-15,16486.91015625,-0.6943133982170074
2006-05-16,16158.419921875,-2.012547099423329
2006-05-17,16307.669921875,0.919427329356099
2006-05-18,16087.1796875,-1.3612882415206395
2006-05-19,16155.4501953125,0.423480405217587
2006-05-22,15857.8701171875,-1.859155167989791
2006-05-23,15599.2001953125,-1.6446271041478897
2006-05-24,15907.2001953125,1.955220578654744
2006-05-25,15693.75,-1.3509305272703287
2006-05-26,15970.759765625,1.7496991725380728
2006-05-29,15915.6796875,-0.3454768475460573
2006-05-30,15859.4501953125,-0.3539217689392465
2006-05-31,15467.330078125,-2.503548685784387
2006-06-01,15503.740234375,0.2351237632831543
2006-06-02,15789.3095703125,1.8251801296261996
2006-06-05,15668.3095703125,-0.7692927821501575
2006-06-06,15384.8603515625,-1.8256241922738752
2006-06-07,15096.009765625,-1.8953476843758257
2006-06-08,14633.0302734375,-3.1149134012432076
2006-06-09,14750.83984375,0.8018698769107624
2006-06-12,14833.009765625,0.5555066988582437
2006-06-13,14218.599609375,-4.230414754058419
2006-06-14,14309.5595703125,0.6376876166563872
2006-06-15,14470.759765625,1.1202230189170077
2006-06-16,14879.33984375,2.784361755344847
2006-06-19,14860.349609375,-0.1277097192691598
2006-06-20,14648.41015625,-1.4364758072216548
2006-06-21,14644.259765625,-0.0283374008845419
2006-06-22,15135.6904296875,3.300712570865474
2006-06-23,15124.0400390625,-0.0770026105334804
2006-06-26,15152.400390625,0.1873427619282457
2006-06-27,15171.8095703125,0.1280111327745335
2006-06-28,14886.1103515625,-1.9010485337272325
2006-06-29,15121.150390625,1.5665864872473585
2006-06-30,15505.1796875,2.507968959561905
2006-07-03,15571.6201171875,0.4275892713149354
2006-07-04,15638.5,0.4285788387360007
2006-07-05,15523.9404296875,-0.7352446394354658
2006-07-06,15321.400390625,-1.3132806750367492
2006-07-07,15307.6103515625,-0.0900456113998923
2006-07-10,15552.8095703125,1.5891188736886552
2006-07-11,15473.8203125,-0.5091718228140852
2006-07-12,15249.3203125,-1.4614651451309295
2006-07-13,15097.9501953125,-0.9975946436637396
2006-07-14,14845.240234375,-1.6879695018852274
2006-07-18,14437.240234375,-2.78682952366382
2006-07-19,14500.259765625,0.4355568440844627
2006-07-20,14946.83984375,3.0333331666725165
2006-07-21,14821.259765625,-0.8437275120067413
2006-07-24,14794.5,-0.1807130603385967
2006-07-25,15005.240234375,1.414399897238355
2006-07-26,14884.0703125,-0.8107954546668442
2006-07-27,15179.7802734375,1.967276261637508
2006-07-28,15342.8701171875,1.0686581523728125
2006-07-31,15456.8095703125,0.7398776484195119
2006-08-01,15440.91015625,-0.1029164327113219
2006-08-02,15464.2900390625,0.1513006686565791
2006-08-03,15470.3701171875,0.0393091643650224
2006-08-04,15499.1796875,0.1860510004475029
2006-08-07,15154.0595703125,-2.25186446402153
2006-08-08,15464.66015625,2.028897637393329
2006-08-09,15656.58984375,1.2334473765049754
2006-08-10,15630.91015625,-0.1641530532412089
2006-08-11,15565.01953125,-0.4224315392680647
2006-08-14,15857.1103515625,1.8591943642168545
2006-08-15,15816.1904296875,-0.2583876238485204
2006-08-16,16071.3603515625,1.600470167351518
2006-08-17,16020.83984375,-0.3148462818903635
2006-08-18,16105.98046875,0.5300295733844236
2006-08-21,15969.0400390625,-0.8538810548540849
2006-08-22,16181.169921875,1.31963655286409
2006-08-23,16163.0302734375,-0.1121663249039805
2006-08-24,15960.6201171875,-1.2602106707269105
2006-08-25,15938.66015625,-0.137683134028868
2006-08-28,15762.58984375,-1.1108213270739131
2006-08-29,15890.5595703125,0.8085794061763342
2006-08-30,15872.01953125,-0.1167414088688053
2006-08-31,16140.759765625,1.678995410341542
2006-09-01,16134.25,-0.0403393570477526
2006-09-04,16358.0703125,1.3777031036886398
2006-09-05,16385.9609375,0.1703555162904139
2006-09-06,16284.08984375,-0.6236379894221257
2006-09-07,16012.41015625,-1.6824491571558065
2006-09-08,16080.4599609375,0.4240811521418578
2006-09-11,15794.3798828125,-1.7950694741711686
2006-09-12,15719.33984375,-0.4762381689053105
2006-09-13,15750.0498046875,0.1951736022155583
2006-09-14,15942.3896484375,1.213804986626249
2006-09-15,15866.9296875,-0.4744527960139975
2006-09-19,15874.2802734375,0.0463157269552608
2006-09-20,15718.669921875,-0.9851033791062084
2006-09-21,15834.23046875,0.7324909097875814
2006-09-22,15634.669921875,-1.268320275320535
2006-09-25,15633.8095703125,-0.0055029958391907
2006-09-26,15557.4501953125,-0.4896213113547683
2006-09-27,15947.8701171875,2.4785649215327688
2006-09-28,16024.849609375,0.481533267061194
2006-09-29,16127.580078125,0.6390236715080837
2006-10-02,16254.2900390625,0.7826021609702813
2006-10-03,16242.08984375,-0.0750864922782129
2006-10-04,16082.5498046875,-0.9871190291119784
2006-10-05,16449.330078125,2.2549930524875648
2006-10-06,16436.060546875,-0.0807016837445712
2006-10-10,16477.25,0.2502906814499422
2006-10-11,16400.5703125,-0.4664532247167405
2006-10-12,16368.8095703125,-0.193844083997328
2006-10-13,16536.5390625,1.0194752638880973
2006-10-16,16692.759765625,0.9402657268629276
2006-10-17,16611.58984375,-0.4874443341170769
2006-10-18,16653.0,0.2489745271817468
2006-10-19,16551.359375,-0.6122144463923057
2006-10-20,16651.630859375,0.6039925229513631
2006-10-23,16788.8203125,0.8205046163023156
2006-10-24,16780.470703125,-0.0497455221398472
2006-10-25,16699.30078125,-0.4848902923414691
2006-10-26,16811.599609375,0.6702251935298127
2006-10-27,16669.0703125,-0.8514175983720683
2006-10-30,16351.849609375,-1.9213908210850728
2006-10-31,16399.390625,0.290316022695731
2006-11-01,16375.259765625,-0.1472532182509528
2006-11-02,16350.01953125,-0.1542553030694791
2006-11-06,16364.759765625,0.0901136164711149
2006-11-07,16393.41015625,0.1749206258989168
2006-11-08,16215.740234375,-1.0897044410519108
2006-11-09,16198.5703125,-0.1059403898536644
2006-11-10,16112.4296875,-0.5331981621218866
2006-11-13,16022.490234375,-0.5597629506241857
2006-11-14,16289.5498046875,1.653041103135604
2006-11-15,16243.4697265625,-0.2832820906544068
2006-11-16,16163.8701171875,-0.491245315628103
2006-11-17,16091.73046875,-0.4473007316969016
2006-11-20,15725.9404296875,-2.299389900528618
2006-11-21,15734.1396484375,0.0521245903715503
2006-11-22,15914.23046875,1.1380855537257069
2006-11-24,15734.599609375,-1.1351622657365514
2006-11-27,15885.3798828125,0.9537097665743066
2006-11-28,15855.259765625,-0.1897890311105034
2006-11-29,16076.2001953125,1.3838637878316766
2006-11-30,16274.330078125,1.2249095048583971
2006-12-01,16321.7802734375,0.291140435576312
2006-12-04,16303.58984375,-0.111510959152949
2006-12-05,16265.759765625,-0.232304885368585
2006-12-06,16371.2802734375,0.6466326319217133
2006-12-07,16473.359375,0.6215895886037514
2006-12-08,16417.8203125,-0.3377143405215111
2006-12-11,16527.990234375,0.6687972200100656
2006-12-12,16637.779296875,0.6620649246701538
2006-12-13,16692.9296875,0.3309286999080728
2006-12-14,16829.19921875,0.8130168715968172
2006-12-15,16914.310546875,0.5044615051003586
2006-12-18,16962.109375,0.2821954619492766
2006-12-19,16776.880859375,-1.0980196818965984
2006-12-20,17011.0390625,1.3860690596091625
2006-12-21,17047.830078125,0.2160437552006555
2006-12-22,17104.9609375,0.3345607252893577
2006-12-25,17092.890625,-0.0705910602551759
2006-12-26,17169.189453125,0.445384250328518
2006-12-27,17223.150390625,0.3137965141296392
2006-12-28,17224.810546875,0.0096386329182069
2006-12-29,17225.830078125,0.0059187941460714
2007-01-04,17353.669921875,0.7394000849045894
2007-01-05,17091.58984375,-1.5217486378120018
2007-01-09,17237.76953125,0.851635880626966
2007-01-10,16942.400390625,-1.7283500577735291
2007-01-11,16838.169921875,-0.6171050314411932
2007-01-12,17057.009765625,1.2912920751744503
2007-01-15,17209.919921875,0.8924708025467563
2007-01-16,17202.4609375,-0.0433505866524784
2007-01-17,17261.349609375,0.341742414741112
2007-01-18,17370.9296875,0.6328225923361509
2007-01-19,17310.439453125,-0.3488345311259153
2007-01-22,17424.1796875,0.6549122675007887
2007-01-23,17408.5703125,-0.0896247126331615
2007-01-24,17507.400390625,0.5661039350854535
2007-01-25,17458.30078125,-0.2808445991451631
2007-01-26,17421.9296875,-0.2085485470907786
2007-01-29,17470.4609375,0.2781768771140101
2007-01-30,17490.189453125,0.1128612740249215
2007-01-31,17383.419921875,-0.6123247164035661
2007-02-01,17519.5,0.7797672397793246
2007-02-02,17547.109375,0.1574682080597943
2007-02-05,17344.80078125,-1.1596433671757311
2007-02-06,17406.859375,0.3571550794357153
2007-02-07,17292.3203125,-0.6601855118293866
2007-02-08,17292.48046875,0.0009261655200085
2007-02-09,17504.330078125,1.217653133035304
2007-02-13,17621.44921875,0.6668582277348203
2007-02-14,17752.640625,0.7417406826229966
2007-02-15,17897.23046875,0.8111705997504718
2007-02-16,17875.650390625,-0.1206505052114411
2007-02-19,17940.08984375,0.3598391223284519
2007-02-20,17939.119140625,-0.0054109505349438
2007-02-21,17913.2109375,-0.1445273296231007
2007-02-22,18108.7890625,1.0858922148418912
2007-02-23,18188.419921875,0.4387719571729769
2007-02-26,18215.349609375,0.147950021434611
2007-02-27,18119.919921875,-0.5252742481348497
2007-02-28,17604.119140625,-2.8878964540999545
2007-03-01,17453.509765625,-0.8592155616957223
2007-03-02,17217.9296875,-1.3589496559561034
2007-03-05,16642.25,-3.40066219666682
2007-03-06,16844.5,1.2079551421337102
2007-03-07,16764.619140625,-0.475353188858081
2007-03-08,17090.310546875,1.9241006093771895
2007-03-09,17164.0390625,0.4304774740815607
2007-03-12,17292.390625,0.7450113510560388
2007-03-13,17178.83984375,-0.6588171667725938
2007-03-14,16676.890625,-2.965441862432374
2007-03-15,16860.390625,1.0943154863739903
2007-03-16,16744.150390625,-0.6918154182417612
2007-03-19,17009.55078125,1.5726030095967816
2007-03-20,17163.19921875,0.8992514380671357
2007-03-22,17419.19921875,1.4805489952716124
2007-03-23,17480.609375,0.3519229594930614
2007-03-26,17521.9609375,0.2362774011656742
2007-03-27,17365.05078125,-0.8995394364720987
2007-03-28,17254.73046875,-0.6373274581069185
2007-03-29,17263.939453125,0.0533565436577804
2007-03-30,17287.650390625,0.1372494946214221
2007-04-02,17028.41015625,-1.510926149735916
2007-04-03,17244.05078125,1.2584066904360671
2007-04-04,17544.08984375,1.724993040982352
2007-04-05,17491.419921875,-0.3006661635889234
2007-04-06,17484.779296875,-0.0379722510056637
2007-04-09,17743.759765625,1.4703143599531057
2007-04-10,17664.689453125,-0.4466190735729191
2007-04-11,17670.0703125,0.030456465261314
2007-04-12,17540.419921875,-0.7364338054411033
2007-04-13,17363.94921875,-1.011175455160462
2007-04-16,17628.30078125,1.510943661301235
2007-04-17,17527.44921875,-0.5737430670853163
2007-04-18,17667.330078125,0.7948996909081005
2007-04-19,17371.970703125,-1.6859147542059891
2007-04-20,17452.619140625,0.4631703175190667
2007-04-23,17455.369140625,0.0157557060208342
2007-04-24,17451.76953125,-0.0206239154781209
2007-04-25,17236.16015625,-1.2431537637494037
2007-04-26,17429.169921875,1.113572319604615
2007-04-27,17400.41015625,-0.1651456727120374
2007-05-01,17274.98046875,-0.7234539095659627
2007-05-02,17394.919921875,0.6918966034088719
2007-05-07,17669.830078125,1.5680464801075198
2007-05-08,17656.83984375,-0.0735435012087174
2007-05-09,17748.119140625,0.5156311530046186
2007-05-10,17736.9609375,-0.0628895494568334
2007-05-11,17553.720703125,-1.038471758596098
2007-05-14,17677.939453125,0.7051570330573732
2007-05-15,17512.98046875,-0.937515660150391
2007-05-16,17529.0,0.0914305193466529
2007-05-17,17498.599609375,-0.1735796834326672
2007-05-18,17399.580078125,-0.5674782917907784
2007-05-21,17556.869140625,0.8999204869342579
2007-05-22,17680.05078125,0.6991652090501828
2007-05-23,17705.119140625,0.1416885301057482
2007-05-24,17696.970703125,-0.0460336532665644
2007-05-25,17481.2109375,-1.2266834787779055
2007-05-28,17587.58984375,0.6066887385465566
2007-05-29,17672.560546875,0.4819654293366023
2007-05-30,17588.259765625,-0.4781564417356144
2007-05-31,17875.75,1.6213425051707635
2007-06-01,17958.880859375,0.4639702238311297
2007-06-04,17973.419921875,0.08092475559501
2007-06-05,18053.810546875,0.4462777592293624
2007-06-06,18040.9296875,-0.0713725037950504
2007-06-07,18053.380859375,0.0689924377567544
2007-06-08,17779.08984375,-1.5309933582802375
2007-06-11,17834.48046875,0.3110649630346614
2007-06-12,17760.91015625,-0.4133704728018858
2007-06-13,17732.76953125,-0.1585669964007184
2007-06-14,17842.2890625,0.6157115775497621
2007-06-15,17971.490234375,0.7215196771677437
2007-06-18,18149.51953125,0.9857461882348488
2007-06-19,18163.609375,0.0776019301088444
2007-06-20,18211.6796875,0.2643021772313045
2007-06-21,18240.30078125,0.1570345383902232
2007-06-22,18188.630859375,-0.2836753876531782
2007-06-25,18087.48046875,-0.5576708697100052
2007-06-26,18066.109375,-0.1182239237184586
2007-06-27,17849.279296875,-1.2074641014192244
2007-06-28,17932.26953125,0.4638725036041203
2007-06-29,18138.359375,1.1427141282962312
2007-07-02,18146.30078125,0.0437728028461769
2007-07-03,18149.900390625,0.0198346343175394
2007-07-04,18168.720703125,0.103640026068354
2007-07-05,18221.48046875,0.2899670839587536
2007-07-06,18140.939453125,-0.4429911293592337
2007-07-09,18261.98046875,0.6650096308687283
2007-07-10,18252.669921875,-0.0509962274165253
2007-07-11,18049.509765625,-1.1192841806279157
2007-07-12,17984.140625,-0.3628231479555365
2007-07-13,18238.94921875,1.4069081234251155
2007-07-17,18217.26953125,-0.1189354837059757
2007-07-18,18015.580078125,-1.113307611747442
2007-07-19,18116.5703125,0.5590062936658308
2007-07-20,18157.9296875,0.2280356334200722
2007-07-23,17963.640625,-1.0757612944878758
2007-07-24,18002.029296875,0.2134740519882418
2007-07-25,17858.419921875,-0.8009388942043668
2007-07-26,17702.08984375,-0.8792398436467943
2007-07-27,17283.810546875,-2.39124460539872
2007-07-30,17289.30078125,0.0317601408160382
2007-07-31,17248.890625,-0.234002841748617
2007-08-01,16870.98046875,-2.215281587373985
2007-08-02,16984.109375,0.6683150323469411
2007-08-03,16979.859375,-0.0250265218029499
2007-08-06,16914.4609375,-0.3858966225279559
2007-08-07,16921.76953125,0.0431998113407493
2007-08-08,17029.279296875,0.6333243224393141
2007-08-09,17170.599609375,0.8264422060820991
2007-08-10,16764.08984375,-2.3959506845132035
2007-08-13,16800.05078125,0.2142819723100221
2007-08-14,16844.609375,0.2648778117839823
2007-08-15,16475.609375,-2.214961965100566
2007-08-16,16148.490234375,-2.0054506205790217
2007-08-17,15273.6796875,-5.569549620751597
2007-08-20,15732.48046875,2.9596329807792032
2007-08-21,15901.33984375,1.067597761902824
2007-08-22,15900.6396484375,-0.0044034699964867
2007-08-23,16316.3203125,2.580651518726791
2007-08-24,16248.9697265625,-0.4136347742266273
2007-08-27,16301.3896484375,0.3220853360643436
2007-08-28,16287.490234375,-0.0853015811239401
2007-08-29,16012.830078125,-1.7007062084196782
2007-08-30,16153.8203125,0.8766292763581537
2007-08-31,16569.08984375,2.5382328420453093
2007-09-03,16524.9296875,-0.2668771160819579
2007-09-04,16420.470703125,-0.6341360747523334
2007-09-05,16158.4501953125,-1.6085625325906197
2007-09-06,16257.0,0.6080440513611257
2007-09-07,16122.16015625,-0.8328852421287545
2007-09-10,15764.9697265625,-2.2404360129783205
2007-09-11,15877.669921875,0.7123341991504744
2007-09-12,15797.599609375,-0.5055709658415574
2007-09-13,15821.1904296875,0.1492202874352252
2007-09-14,16127.419921875,1.9170716188020065
2007-09-18,15801.7998046875,-2.039707886191786
2007-09-19,16381.5400390625,3.603124824959478
2007-09-20,16413.7890625,0.1966684568534571
2007-09-21,16312.6103515625,-0.6183328145914802
2007-09-25,16401.73046875,0.5448395744111553
2007-09-26,16435.740234375,0.2071400571191941
2007-09-27,16832.220703125,2.3836702362574966
2007-09-28,16785.689453125,-0.2768243445144241
2007-10-01,16845.9609375,0.3584215951260256
2007-10-02,17046.779296875,1.1850367251380942
2007-10-03,17199.890625,0.8941736445411441
2007-10-04,17092.490234375,-0.6263825321680963
2007-10-05,17065.0390625,-0.1607328067930714
2007-10-09,17159.900390625,0.5543417902886688
2007-10-10,17177.890625,0.1047838867262675
2007-10-11,17458.98046875,1.6231028141548212
2007-10-12,17331.169921875,-0.7347546385538861
2007-10-15,17358.150390625,0.155554931301083
2007-10-16,17137.919921875,-1.2768611548954834
2007-10-17,16955.310546875,-1.071245633167329
2007-10-18,17106.08984375,0.8853439965905281
2007-10-19,16814.369140625,-1.7200704489334966
2007-10-22,16438.470703125,-2.260946445619767
2007-10-23,16450.580078125,0.0736377320691585
2007-10-24,16358.3896484375,-0.5619845614821986
2007-10-25,16284.169921875,-0.4547428598691235
2007-10-26,16505.630859375,1.3508121409654803
2007-10-29,16698.080078125,1.1592160538250489
2007-10-30,16651.009765625,-0.2822886260339693
2007-10-31,16737.630859375,0.5188668149698829
2007-11-01,16870.400390625,0.7901100839040643
2007-11-02,16517.48046875,-2.1141387697141023
2007-11-05,16268.919921875,-1.5162708077796077
2007-11-06,16249.6298828125,-0.1186402311357792
2007-11-07,16096.6796875,-0.945711194214886
2007-11-08,15771.5703125,-2.0404048178989944
2007-11-09,15583.419921875,-1.2001448417806542
2007-11-12,15197.08984375,-2.5103571661257105
2007-11-13,15126.6298828125,-0.4647192915619544
2007-11-14,15499.5595703125,2.4354849744714246
2007-11-15,15396.2998046875,-0.6684400576293186
2007-11-16,15154.6103515625,-1.58224088307865
2007-11-19,15042.5595703125,-0.742131105754813
2007-11-20,15211.51953125,1.1169516478109591
2007-11-21,14837.66015625,-2.4884450820360104
2007-11-22,14888.76953125,0.3438652128657947
2007-11-26,15135.2099609375,1.6416608895682463
2007-11-27,15222.849609375,0.5773747936592127
2007-11-28,15153.7802734375,-0.4547539028130837
2007-11-29,15513.740234375,2.347607415061737
2007-11-30,15680.669921875,1.0702640639482128
2007-12-03,15628.9697265625,-0.3302512764913032
2007-12-04,15480.1904296875,-0.9565056108738133
2007-12-05,15608.8798828125,0.8278805821281885
2007-12-06,15874.080078125,1.6847619698471703
2007-12-07,15956.3701171875,0.5170534622596534
2007-12-10,15924.3896484375,-0.2006255792650793
2007-12-11,16044.7197265625,0.7527932353036018
2007-12-12,15932.259765625,-0.7033836615262934
2007-12-13,15536.51953125,-2.5152618365982273
2007-12-14,15514.509765625,-0.1417651511691827
2007-12-17,15249.7900390625,-1.720996492679978
2007-12-18,15207.8603515625,-0.2753312448621269
2007-12-19,15030.509765625,-1.1730302848046248
2007-12-20,15031.599609375,0.0072506139664554
2007-12-21,15257.0,1.4883788259754225
2007-12-25,15552.58984375,1.9188760063659311
2007-12-26,15653.5400390625,0.6469917791017697
2007-12-27,15564.6904296875,-0.5692177163230214
2007-12-28,15307.7802734375,-1.6643701070099972
2008-01-04,14691.41015625,-4.109823387494107
2008-01-07,14500.5498046875,-1.30764136051396
2008-01-08,14528.669921875,0.1937366987322152
2008-01-09,14599.16015625,0.4840070255574373
2008-01-10,14388.1103515625,-1.4561808016898752
2008-01-11,14110.7900390625,-1.946243977211676
2008-01-15,13972.6298828125,-0.98393480047297
2008-01-16,13504.509765625,-3.407672134865637
2008-01-17,13783.4501953125,2.0444924891915455
2008-01-18,13861.2900390625,0.5631454577111177
2008-01-21,13325.9404296875,-3.938752194356381
2008-01-22,12573.0498046875,-5.815692505373977
2008-01-23,12829.0595703125,2.0157257822310934
2008-01-24,13092.7802734375,2.0348077450424813
2008-01-25,13629.16015625,4.015067239632794
2008-01-28,13087.91015625,-4.052271126648336
2008-01-29,13478.8603515625,2.9433643010382036
2008-01-30,13345.0302734375,-0.9978506880742064
2008-01-31,13592.4697265625,1.8371891442393335
2008-02-01,13497.16015625,-0.7036638299590117
2008-02-04,13859.7001953125,2.6506058078398556
2008-02-05,13745.5,-0.8273864778069913
2008-02-06,13099.240234375,-4.815726667066243
2008-02-07,13207.150390625,0.820414803809995
2008-02-08,13017.240234375,-1.448372844003534
2008-02-12,13021.9599609375,0.0362509338135166
2008-02-13,13068.2998046875,0.3552275285502349
2008-02-14,13626.4501953125,4.182333586763102
2008-02-15,13622.5595703125,-0.028556083761599
2008-02-18,13635.400390625,0.09421703811132
2008-02-19,13757.91015625,0.894456200896375
2008-02-20,13310.3701171875,-3.307050331852927
2008-02-21,13688.2802734375,2.7996572757958407
2008-02-22,13500.4599609375,-1.3816256185932403
2008-02-25,13914.5703125,3.0212759009904064
2008-02-26,13824.7197265625,-0.6478240794572261
2008-02-27,14031.2998046875,1.4832260230932128
2008-02-28,13925.509765625,-0.7568141403155858
2008-02-29,13603.01953125,-2.343060063277384
2008-03-03,12992.1796875,-4.594417850464478
2008-03-04,12992.2802734375,0.000774200715753
2008-03-05,12972.0595703125,-0.1557575300177525
2008-03-06,13215.419921875,1.8586543048193611
2008-03-07,12782.7998046875,-3.328382170077642
2008-03-10,12532.1298828125,-1.9804764875455836
2008-03-11,12658.2802734375,1.0015830978941147
2008-03-12,12861.1298828125,1.5898007091691522
2008-03-13,12433.4404296875,-3.381992360744214
2008-03-14,12241.599609375,-1.5549696006537268
2008-03-17,11787.509765625,-3.779947915362256
2008-03-18,11964.16015625,1.4875050759619497
2008-03-19,12260.4404296875,2.4462326789065743
2008-03-21,12482.5703125,1.7955442281926568
2008-03-24,12480.08984375,-0.0198734329004845
2008-03-25,12745.2197265625,2.1021715962421252
2008-03-26,12706.6298828125,-0.3032382629383187
2008-03-27,12604.580078125,-0.8063649095003733
2008-03-28,12820.4697265625,1.6982844786938258
2008-03-31,12525.5400390625,-2.327332802613146
2008-04-01,12656.419921875,1.0394827209971975
2008-04-02,13189.3603515625,4.124588045713008
2008-04-03,13389.900390625,1.509024998866407
2008-04-04,13293.2197265625,-0.7246610345647695
2008-04-07,13450.23046875,1.1742130881332158
2008-04-08,13250.4296875,-1.496625997239261
2008-04-09,13111.8896484375,-1.0510555819600624
2008-04-10,12945.2998046875,-1.2786652513622572
2008-04-11,13323.73046875,2.881391830429685
2008-04-14,12917.509765625,-3.0962953944241556
2008-04-15,12990.580078125,0.5640748251743886
2008-04-16,13146.1298828125,1.190292438759635
2008-04-17,13398.2998046875,1.9000408841814524
2008-04-18,13476.4501953125,0.581591351810262
2008-04-21,13696.5498046875,1.6200229865602298
2008-04-22,13547.8203125,-1.0918290203572028
2008-04-23,13579.16015625,0.2310604214091451
2008-04-24,13540.8701171875,-0.2823747917590056
2008-04-25,13863.4697265625,2.354477531717895
2008-04-28,13894.3701171875,0.222642709687194
2008-04-30,13849.990234375,-0.3199203016548557
2008-05-01,13766.8603515625,-0.6020247213150038
2008-05-02,14049.259765625,2.030542835050194
2008-05-07,14102.48046875,0.378099301038517
2008-05-08,13943.259765625,-1.1354481101805896
2008-05-09,13655.33984375,-2.0865578102192375
2008-05-12,13743.3603515625,0.6425181486498962
2008-05-13,13953.73046875,1.519106566842784
2008-05-14,14118.5498046875,1.1742632107624151
2008-05-15,14251.740234375,0.9389499228825858
2008-05-16,14219.48046875,-0.2266132510918838
2008-05-19,14269.6103515625,0.3519237231332964
2008-05-20,14160.08984375,-0.770469254630703
2008-05-21,13926.2998046875,-1.6648308440842818
2008-05-22,13978.4599609375,0.3738445873548734
2008-05-23,14012.2001953125,0.2410822076246264
2008-05-26,13690.1904296875,-2.3248843317813437
2008-05-27,13893.3095703125,1.4727849051181556
2008-05-28,13709.4404296875,-1.332272040065028
2008-05-29,14124.4697265625,2.9824056860790966
2008-05-30,14338.5400390625,1.5042284756782975
2008-06-02,14440.1396484375,0.7060784760054538
2008-06-03,14209.169921875,-1.612427902817302
2008-06-04,14435.5703125,1.5807796006157688
2008-06-05,14341.1201171875,-0.6564377839505937
2008-06-06,14489.4404296875,1.0289194397164754
2008-06-09,14181.3798828125,-2.1490309623528465
2008-06-10,14021.169921875,-1.1361503510759663
2008-06-11,14183.48046875,1.1509615358680216
2008-06-12,13888.599609375,-2.1009608498204284
2008-06-13,13973.73046875,0.6110840267256467
2008-06-16,14354.3701171875,2.687526173508325
2008-06-17,14348.3701171875,-0.0418078555455077
2008-06-18,14452.8203125,0.7253217778405311
2008-06-19,14130.169921875,-2.25773506149307
2008-06-20,13942.080078125,-1.340061152558072
2008-06-23,13857.4697265625,-0.6087193024267188
2008-06-24,13849.5595703125,-0.0570985534403769
2008-06-25,13829.919921875,-0.1419076665720409
2008-06-26,13822.3203125,-0.0549655977376286
2008-06-27,13544.3603515625,-2.0314449037777087
2008-06-30,13481.3798828125,-0.4660785030399234
2008-07-01,13463.2001953125,-0.1349413515143281
2008-07-02,13286.3701171875,-1.3221345384992895
2008-07-03,13265.400390625,-0.1579535414873117
2008-07-04,13237.8896484375,-0.2076025431380236
2008-07-07,13360.0400390625,0.918501934720649
2008-07-08,13033.099609375,-2.4775919661935535
2008-07-09,13052.1298828125,0.1459084484525854
2008-07-10,13067.2099609375,0.115470604470044
2008-07-11,13039.6904296875,-0.2108219745047537
2008-07-14,13010.16015625,-0.2267213471302798
2008-07-15,12754.5595703125,-1.9841781656902913
2008-07-16,12760.7998046875,0.0489135536576602
2008-07-17,12887.9501953125,0.9914824873467004
2008-07-18,12803.7001953125,-0.6558574534469752
2008-07-22,13184.9599609375,2.9342576178082447
2008-07-23,13312.9296875,0.9658936856539804
2008-07-24,13603.3095703125,2.157739395122743
2008-07-25,13334.759765625,-1.9938971749795
2008-07-28,13353.7802734375,0.1425369166312886
2008-07-29,13159.4501953125,-1.4659364759071407
2008-07-30,13367.7900390625,1.5707938382912596
2008-07-31,13376.8095703125,0.0674493671521322
2008-08-01,13094.58984375,-2.1323422730232666
2008-08-04,12933.1796875,-1.2403077818855075
2008-08-05,12914.66015625,-0.1432965735700704
2008-08-06,13254.8896484375,2.6003402105759172
2008-08-07,13124.990234375,-0.9848449998345052
2008-08-08,13168.41015625,0.330272697320687
2008-08-11,13430.91015625,1.9737987219309063
2008-08-12,13303.599609375,-0.9524132691550008
2008-08-13,13023.0498046875,-2.131379658887804
2008-08-14,12956.7998046875,-0.5100117560305398
2008-08-15,13019.41015625,0.4820601073256532
2008-08-18,13165.4501953125,1.115465588646562
2008-08-19,12865.0498046875,-2.3081671682979437
2008-08-20,12851.6904296875,-0.1038963420711367
2008-08-21,12752.2099609375,-0.7770766783517788
2008-08-22,12666.0400390625,-0.6780187619850788
2008-08-25,12878.66015625,1.6647290895111622
2008-08-26,12778.7099609375,-0.7791188298618311
2008-08-27,12752.9599609375,-0.2017103370798496
2008-08-28,12768.25,0.1198222256333146
2008-08-29,13072.8701171875,2.357747861847183
2008-09-01,12834.1796875,-1.842719920836708
2008-09-02,12609.4697265625,-1.7663802852736503
2008-09-03,12689.58984375,0.6333862712827517
2008-09-04,12557.66015625,-1.0451109593356016
2008-09-05,12212.23046875,-2.7892903380341325
2008-09-08,12624.4599609375,3.319825186248108
2008-09-09,12400.650390625,-1.7887276782896169
2008-09-10,12346.6298828125,-0.4365780240764169
2008-09-11,12102.5,-1.997109901987135
2008-09-12,12214.759765625,0.9232994523313224
2008-09-16,11609.7197265625,-5.080238262890772
2008-09-17,11749.7900390625,1.1992716688440042
2008-09-18,11489.2998046875,-2.241922095059985
2008-09-19,11920.8603515625,3.6873685713106097
2008-09-22,12090.58984375,1.4137614997354262
2008-09-24,12115.0302734375,0.2019401930197738
2008-09-25,12006.5302734375,-0.8996161880873708
2008-09-26,11893.16015625,-0.9487233139472728
2008-09-29,11743.6103515625,-1.2654165273896083
2008-09-30,11259.8603515625,-4.206507234602963
2008-10-01,11368.259765625,0.9581020669754368
2008-10-02,11154.759765625,-1.895894950795118
2008-10-03,10938.1396484375,-1.9610559509570629
2008-10-06,10473.08984375,-4.344663675546953
2008-10-07,10155.900390625,-3.0754239500506424
2008-10-08,9203.3203125,-9.849053338301156
2008-10-09,9157.490234375,-0.4992173214641213
2008-10-10,8276.4296875,-10.116047101984394
2008-10-14,9447.5703125,13.234592041579996
2008-10-15,9547.4697265625,1.051857063008983
2008-10-16,8458.4501953125,-12.111020449601291
2008-10-17,8693.8203125,2.744649957061625
2008-10-20,9005.58984375,3.5233013923726304
2008-10-21,9306.25,3.2840739162859123
2008-10-22,8674.6904296875,-7.027657759261273
2008-10-23,8460.98046875,-2.4944578303403424
2008-10-24,7649.080078125,-10.087967217196995
2008-10-27,7162.89990234375,-6.567047611197202
2008-10-28,7621.919921875,6.211338294349372
2008-10-29,8211.900390625,7.455607313547756
2008-10-30,9029.759765625,9.4941393697566
2008-10-31,8576.98046875,-5.1443838206745305
2008-11-04,9114.599609375,6.079555576245356
2008-11-05,9521.240234375,4.364763643559246
2008-11-06,8899.1396484375,-6.75705136875769
2008-11-07,8583.0,-3.6171100614402265
2008-11-10,9081.4296875,5.644813205293371
2008-11-11,8809.2998046875,-3.042367533341464
2008-11-12,8695.509765625,-1.3001185923943783
2008-11-13,8238.6396484375,-5.397153444837287
2008-11-14,8462.3896484375,2.679635900361588
2008-11-17,8522.580078125,0.7087522982772407
2008-11-18,8328.41015625,-2.3046540699587776
2008-11-19,8273.2197265625,-0.6648821036615188
2008-11-20,7703.0400390625,-7.140869812304157
2008-11-21,7910.7900390625,2.6612594097725237
2008-11-25,8323.9296875,5.090680622696186
2008-11-26,8213.2197265625,-1.3389443626772062
2008-11-27,8373.3896484375,1.9313760530883888
2008-11-28,8512.26953125,1.6449818514237529
2008-12-01,8397.2197265625,-1.360793082483609
2008-12-02,7863.68994140625,-6.56447116543572
2008-12-03,8004.10009765625,1.7697968123069976
2008-12-04,7924.240234375,-1.002747690926565
2008-12-05,7917.509765625,-0.084971283538203
2008-12-08,8329.0498046875,5.067264775456
2008-12-09,8395.8701171875,0.7990551625413903
2008-12-10,8660.240234375,3.100253064686318
2008-12-11,8720.5498046875,0.6939824049998963
2008-12-12,8235.8701171875,-5.7183268020986855
2008-12-15,8664.66015625,5.075368320714351
2008-12-16,8568.01953125,-1.121608941518145
2008-12-17,8612.51953125,0.5180291416090048
2008-12-18,8667.23046875,0.6332397207389581
2008-12-19,8588.51953125,-0.9122928115077086
2008-12-22,8723.7802734375,1.5626288366419538
2008-12-24,8517.099609375,-2.397680012549296
2008-12-25,8599.5,0.9628200584574942
2008-12-26,8739.51953125,1.6151152580743684
2008-12-29,8747.169921875,0.0874995937179975
2008-12-30,8859.5595703125,1.276684293206901
2009-01-05,9043.1201171875,2.0507207077186584
2009-01-06,9080.83984375,0.4162421579390382
2009-01-07,9239.240234375,1.7292974414902038
2009-01-08,8876.419921875,-4.006134279444592
2009-01-09,8836.7998046875,-0.4473515698825086
2009-01-13,8413.91015625,-4.903849083933448
2009-01-14,8438.4501953125,0.2912358375436127
2009-01-15,8023.31005859375,-5.044760335759249
2009-01-16,8230.150390625,2.5453225746878925
2009-01-19,8256.849609375,0.3238823568813439
2009-01-20,8065.7900390625,-2.341144581109438
2009-01-21,7901.64013671875,-2.056131557830174
2009-01-22,8051.740234375,1.8817896083149015
2009-01-23,7745.25,-3.88084940130794
2009-01-26,7682.14013671875,-0.8181580262150554
2009-01-27,8061.06982421875,4.814810826836193
2009-01-28,8106.2900390625,0.5594028109682222
2009-01-29,8251.240234375,1.7723212133965671
2009-01-30,7994.0498046875,-3.1666029958989816
2009-02-02,7873.97998046875,-1.5133840495595356
2009-02-03,7825.509765625,-0.6174769961663196
2009-02-04,8038.93994140625,2.6908346343255696
2009-02-05,7949.64990234375,-1.116933615882629
2009-02-06,8076.6201171875,1.5845592436373763
2009-02-09,7969.02978515625,-1.3410730655434708
2009-02-10,7945.93994140625,-0.2901653015656773
2009-02-12,7705.35986328125,-3.074492617633821
2009-02-13,7779.39990234375,0.956302899605869
2009-02-16,7750.169921875,-0.3764433312405925
2009-02-17,7645.509765625,-1.3596251759227371
2009-02-18,7534.43994140625,-1.4634015069825632
2009-02-19,7557.64990234375,0.3075780687208169
2009-02-20,7416.3798828125,-1.8869230675700617
2009-02-23,7376.16015625,-0.5437852534474457
2009-02-24,7268.56005859375,-1.4694993466570545
2009-02-25,7461.22021484375,2.6160762803828126
2009-02-26,7457.93017578125,-0.0441049125411297
2009-02-27,7568.419921875,1.4706397327990128
2009-03-02,7280.14990234375,-3.8832863738052192
2009-03-03,7229.72021484375,-0.6951115364603789
2009-03-04,7290.9599609375,0.8434881622415458
2009-03-05,7433.490234375,1.9360278102951431
2009-03-06,7173.10009765625,-3.565756550902828
2009-03-09,7086.02978515625,-1.2212722014390167
2009-03-10,7054.97998046875,-0.4391462151794826
2009-03-11,7376.1201171875,4.4514023326411944
2009-03-12,7198.25,-2.4409830066183744
2009-03-13,7569.27978515625,5.025998133325028
2009-03-16,7704.14990234375,1.7661209778548943
2009-03-17,7949.1298828125,3.130334193799928
2009-03-18,7972.169921875,0.2894242986228455
2009-03-19,7945.9599609375,-0.3293098475336684
2009-03-23,8215.5302734375,3.3362680335833237
2009-03-24,8488.2998046875,3.2662422872374592
2009-03-25,8479.990234375,-0.0979423496136721
2009-03-26,8636.330078125,1.8268434907404505
2009-03-27,8626.9697265625,-0.1084422165599015
2009-03-30,8236.080078125,-4.63687988810303
2009-03-31,8109.52978515625,-1.5484625246245634
2009-04-01,8351.91015625,2.945038711749264
2009-04-02,8719.7802734375,4.310376567467741
2009-04-03,8749.83984375,0.3441357027455508
2009-04-06,8857.9296875,1.2277671099024108
2009-04-07,8832.849609375,-0.2835386107819067
2009-04-08,8595.009765625,-2.7295906589248937
2009-04-09,8916.0595703125,3.667232175100991
2009-04-10,8964.1103515625,0.5374769606187941
2009-04-13,8924.4296875,-0.4436441325985275
2009-04-14,8842.6796875,-0.9202462279306312
2009-04-15,8742.9599609375,-1.1341162152679205
2009-04-16,8755.259765625,0.1405835211290401
2009-04-17,8907.580078125,1.724797258070919
2009-04-20,8924.75,0.1925707645134705
2009-04-21,8711.330078125,-2.4203829845222615
2009-04-22,8727.2998046875,0.1831535061417987
2009-04-23,8847.009765625,1.3623501050177662
2009-04-24,8707.990234375,-1.5838500418010395
2009-04-27,8726.33984375,0.2104998135103818
2009-04-28,8493.76953125,-2.701312165277787
2009-04-30,8828.259765625,3.8625014757390024
2009-05-01,8977.3701171875,1.6749066263873298
2009-05-07,9385.7001953125,4.448029575280877
2009-05-08,9432.830078125,0.500889077567695
2009-05-11,9451.98046875,0.2028127011572519
2009-05-12,9298.6103515625,-1.635932852983395
2009-05-13,9340.490234375,0.4493774052698028
2009-05-14,9093.73046875,-2.677352188063748
2009-05-15,9265.01953125,1.866075119996247
2009-05-18,9038.6904296875,-2.4731667865434246
2009-05-19,9290.2900390625,2.745547296720003
2009-05-20,9344.6396484375,0.5833106364307489
2009-05-21,9264.150390625,-0.8650724694545059
2009-05-22,9225.8095703125,-0.41472101991125
2009-05-25,9347.0,1.3050491824931731
2009-05-26,9310.8095703125,-0.3879391623005586
2009-05-27,9438.76953125,1.3649580818266034
2009-05-28,9451.3896484375,0.1336158043458594
2009-05-29,9522.5,0.7495635931456773
2009-06-01,9677.75,1.617201688343208
2009-06-02,9704.3095703125,0.2740636188885645
2009-06-03,9741.669921875,0.3842480400149111
2009-06-04,9668.9599609375,-0.7491802322690003
2009-06-05,9768.009765625,1.0191986044364023
2009-06-08,9865.6298828125,0.9944251131231312
2009-06-09,9786.8203125,-0.8020373234894302
2009-06-10,9991.490234375,2.069713968434481
2009-06-11,9981.330078125,-0.1017398341088485
2009-06-12,10135.8203125,1.535935940343791
2009-06-15,10039.669921875,-0.9531477791919732
2009-06-16,9752.8798828125,-2.898162342386222
2009-06-17,9840.849609375,0.8979435761016228
2009-06-18,9703.7197265625,-1.4032760786984912
2009-06-19,9786.259765625,0.8470048165896246
2009-06-22,9826.26953125,0.4080026652516695
2009-06-23,9549.6103515625,-2.8559011007704407
2009-06-24,9590.3203125,0.4253936238593567
2009-06-25,9796.080078125,2.1228024614969225
2009-06-26,9877.3896484375,0.8265957597271768
2009-06-29,9783.4697265625,-0.9554072332485326
2009-06-30,9958.4404296875,1.772627707624126
2009-07-01,9939.9296875,-0.1860529020032083
2009-07-02,9876.150390625,-0.6437147696005963
2009-07-03,9816.0703125,-0.6101928822227066
2009-07-06,9680.8701171875,-1.3869085045084573
2009-07-07,9647.7900390625,-0.342290776034984
2009-07-08,9420.75,-2.3814174374308537
2009-07-09,9291.0595703125,-1.3862101999979282
2009-07-10,9287.2802734375,-0.0406849800242209
2009-07-13,9050.330078125,-2.584452168539783
2009-07-14,9261.8095703125,2.309821775908309
2009-07-15,9269.25,0.0803022629018692
2009-07-16,9344.16015625,0.804909579279726
2009-07-17,9395.3203125,0.546016026857191
2009-07-21,9652.01953125,2.69554450878944
2009-07-22,9723.16015625,0.7343513283312676
2009-07-23,9792.9404296875,0.7151077183483
2009-07-24,9944.5498046875,1.53628810013645
2009-07-27,10088.66015625,1.43873935034442
2009-07-28,10087.259765625,-0.0138818019963595
2009-07-29,10113.240234375,0.2572261387098533
2009-07-30,10165.2099609375,0.51256225047754
2009-07-31,10356.830078125,1.8675110847261749
2009-08-03,10352.4697265625,-0.0421100826011184
2009-08-04,10375.009765625,0.2174895211532608
2009-08-05,10252.5302734375,-1.1875476315755515
2009-08-06,10388.08984375,1.313541149897933
2009-08-07,10412.08984375,0.2307673396219256
2009-08-10,10524.259765625,1.07154300772709
2009-08-11,10585.4599609375,0.5798311637465628
2009-08-12,10435.0,-1.4315817146394734
2009-08-13,10517.1904296875,0.7845561689670565
2009-08-14,10597.330078125,0.7590987750067552
2009-08-17,10268.6103515625,-3.151038661885845
2009-08-18,10284.9599609375,0.1590926790322756
2009-08-19,10204.0,-0.7902829860801727
2009-08-20,10383.41015625,1.7429554934179847
2009-08-21,10238.2001953125,-1.4083513226878273
2009-08-24,10581.0498046875,3.2938804916566817
2009-08-25,10497.3603515625,-0.7940816434283818
2009-08-26,10639.7099609375,1.3469393762421715
2009-08-27,10473.9697265625,-1.5700118720012393
2009-08-28,10534.1396484375,0.5728272385774599
2009-08-31,10492.5302734375,-0.3957776430473345
2009-09-02,10280.4599609375,-2.0418599158933692
2009-09-03,10214.6396484375,-0.6423051367626987
2009-09-04,10187.1103515625,-0.2698720804166579
2009-09-07,10320.9404296875,1.305165267318301
2009-09-08,10393.23046875,0.6979794933567708
2009-09-09,10312.1396484375,-0.7832869874429425
2009-09-10,10513.669921875,1.935449988296161
2009-09-11,10444.330078125,-0.6617052844337636
2009-09-14,10202.0595703125,-2.346963634159275
2009-09-15,10217.6201171875,0.1524073846910561
2009-09-16,10270.76953125,0.5188258735563532
2009-09-17,10443.7998046875,1.6706531053224178
2009-09-18,10370.5400390625,-0.7039384260502812
2009-09-24,10544.2197265625,1.6608718616235765
2009-09-25,10265.98046875,-2.674225493863532
2009-09-28,10009.51953125,-2.529896831925856
2009-09-29,10100.2001953125,0.9018651669820884
2009-09-30,10133.23046875,0.3264923613502775
2009-10-01,9978.6396484375,-1.5373395321515668
2009-10-02,9731.8701171875,-2.5040694381396884
2009-10-05,9674.490234375,-0.5913530305188054
2009-10-06,9691.7998046875,0.1787598439039284
2009-10-07,9799.599609375,1.1061381642380148
2009-10-08,9832.4697265625,0.3348617747836561
2009-10-09,10016.3896484375,1.853256979714536
2009-10-13,10076.5595703125,0.5989175713219886
2009-10-14,10060.2099609375,-0.1623856591528347
2009-10-15,10238.650390625,1.758177781240405
2009-10-16,10257.5595703125,0.1845139671021524
2009-10-19,10236.509765625,-0.2054234495331804
2009-10-20,10336.83984375,0.9753479661646428
2009-10-21,10333.3896484375,-0.0333832321101767
2009-10-22,10267.169921875,-0.6428947176470117
2009-10-23,10282.990234375,0.1539678085720586
2009-10-26,10362.6201171875,0.7714015359940051
2009-10-27,10212.4599609375,-1.4596572335366498
2009-10-28,10075.0498046875,-1.3546488370972063
2009-10-29,9891.099609375,-1.842672779861441
2009-10-30,10034.740234375,1.441777253640576
2009-11-02,9802.9501953125,-2.336971524063412
2009-11-04,9844.3095703125,0.4210198937386677
2009-11-05,9717.4404296875,-1.2971326132594387
2009-11-06,9789.349609375,0.7372766639507128
2009-11-09,9808.990234375,0.200431584835739
2009-11-10,9870.73046875,0.6274523695112065
2009-11-11,9871.6796875,0.0096160371830915
2009-11-12,9804.490234375,-0.6829552148631
2009-11-13,9770.3095703125,-0.3492316564488137
2009-11-16,9791.1796875,0.2133797159415423
2009-11-17,9729.9296875,-0.6275278706845958
2009-11-18,9676.7998046875,-0.5475421870651839
2009-11-19,9549.4697265625,-1.3245621002769092
2009-11-20,9497.6796875,-0.5438101583454219
2009-11-24,9401.580078125,-1.0169756785764654
2009-11-25,9441.6396484375,0.4251888079147893
2009-11-26,9383.240234375,-0.6204512514409298
2009-11-27,9081.51953125,-3.268361626364941
2009-11-30,9345.5498046875,2.8658745410844286
2009-12-01,9572.2001953125,2.396281122762264
2009-12-02,9608.9404296875,0.3830875340041356
2009-12-03,9977.669921875,3.76556284548799
2009-12-04,10022.58984375,0.4491941398010962
2009-12-07,10167.599609375,1.436462589179238
2009-12-08,10140.4697265625,-0.2671834382978709
2009-12-09,10004.7197265625,-1.3477366902463583
2009-12-10,9862.8203125,-1.4284790841609385
2009-12-11,10107.8701171875,2.454217647218824
2009-12-14,10105.6796875,-0.0216728849434004
2009-12-15,10083.48046875,-0.2199123442950988
2009-12-16,10177.41015625,0.9272086027988672
2009-12-17,10163.7998046875,-0.1338204916988292
2009-12-18,10142.0498046875,-0.2142240658364087
2009-12-21,10183.4697265625,0.4075662533192826
2009-12-22,10378.0302734375,1.8925307389230293
2009-12-24,10536.919921875,1.5194174860853955
2009-12-25,10494.7099609375,-0.4013955917447153
2009-12-28,10634.23046875,1.320677070271889
2009-12-29,10638.0595703125,0.0360008405002475
2009-12-30,10546.4404296875,-0.8649693110357279
2010-01-04,10654.7900390625,1.0221157005506771
2010-01-05,10681.830078125,0.2534614516266404
2010-01-06,10731.4501953125,0.4634526365790985
2010-01-07,10681.66015625,-0.4650434054388598
2010-01-08,10798.3203125,1.0862328620850852
2010-01-12,10879.1396484375,0.7456566456429299
2010-01-13,10735.0302734375,-1.333491047524552
2010-01-14,10907.6796875,1.5954848241057726
2010-01-15,10982.099609375,0.6799539418958304
2010-01-18,10855.080078125,-1.1633458679662405
2010-01-19,10764.900390625,-0.8342302679407616
2010-01-20,10737.51953125,-0.2546771412142228
2010-01-21,10868.41015625,1.211632437723278
2010-01-22,10590.5498046875,-2.5898355050475823
2010-01-25,10512.6904296875,-0.7378935880310873
2010-01-26,10325.2802734375,-1.7987856124925747
2010-01-27,10252.080078125,-0.7114664158566545
2010-01-28,10414.2900390625,1.569828578547761
2010-01-29,10198.0400390625,-2.0983356439326215
2010-02-01,10205.01953125,0.0684161356848635
2010-02-02,10371.08984375,1.614240239834493
2010-02-03,10404.330078125,0.3199960613484074
2010-02-04,10355.98046875,-0.4657897258513558
2010-02-05,10057.08984375,-2.9286333026791422
2010-02-08,9951.8203125,-1.0522362458924843
2010-02-09,9932.900390625,-0.1902961360832802
2010-02-10,9963.990234375,0.3125098251633518
2010-02-12,10092.1904296875,1.2784282662701174
2010-02-15,10013.2998046875,-0.7847710149159538
2010-02-16,10034.25,0.2090051217532779
2010-02-17,10306.830078125,2.6802548813762233
2010-02-18,10335.6904296875,0.2796206050122739
2010-02-19,10123.580078125,-2.073563194295014
2010-02-22,10400.4697265625,2.698360718236193
2010-02-23,10352.099609375,-0.4661611195913039
2010-02-24,10198.830078125,-1.4916344458243185
2010-02-25,10101.9599609375,-0.9543554929602344
2010-02-26,10126.0302734375,0.2379902657868164
2010-03-01,10172.0595703125,0.4535340628458472
2010-03-02,10221.83984375,0.4881888577936851
2010-03-03,10253.1396484375,0.3057373423086059
2010-03-04,10145.7197265625,-1.0532051116511691
2010-03-05,10368.9599609375,2.1764809418751088
2010-03-08,10585.919921875,2.070808472737168
2010-03-09,10567.650390625,-0.1727324089748797
2010-03-10,10563.919921875,-0.0353070664752861
2010-03-11,10664.9501953125,0.9518267871583194
2010-03-12,10751.259765625,0.8060253214471412
2010-03-15,10751.98046875,0.0067032048883314
2010-03-16,10721.7099609375,-0.2819313053069007
2010-03-17,10846.98046875,1.1616089239819296
2010-03-18,10744.0302734375,-0.9536466520025608
2010-03-19,10824.7197265625,0.7482105319383305
2010-03-23,10774.150390625,-0.4682599419766669
2010-03-24,10815.0302734375,0.3787075786402182
2010-03-25,10828.849609375,0.1276974173781454
2010-03-26,10996.3701171875,1.5351396210153012
2010-03-29,10986.4697265625,-0.0900738154373479
2010-03-30,11097.1396484375,1.0022894941792244
2010-03-31,11089.9404296875,-0.0648955966923864
2010-04-01,11244.400390625,1.383183186586943
2010-04-02,11286.08984375,0.3700718472656524
2010-04-05,11339.2998046875,0.4703570622545518
2010-04-06,11282.3203125,-0.5037624395846825
2010-04-07,11292.830078125,0.0931091594289885
2010-04-08,11168.2001953125,-1.1097546315933189
2010-04-09,11204.33984375,0.3230717639433867
2010-04-12,11251.900390625,0.4235848698729351
2010-04-13,11161.23046875,-0.8090830063799623
2010-04-14,11204.900390625,0.3905009556053478
2010-04-15,11273.7900390625,0.612934853376968
2010-04-16,11102.1796875,-1.5339108737765472
2010-04-19,10908.76953125,-1.757444736949671
2010-04-20,10900.6796875,-0.0741865971936239
2010-04-21,11090.0498046875,1.7223148364501328
2010-04-22,10949.08984375,-1.2791958791207676
2010-04-23,10914.4599609375,-0.3167821518587839
2010-04-26,11165.7900390625,2.276613111967654
2010-04-27,11212.66015625,0.4188867889664694
2010-04-28,10924.7900390625,-2.6008988601896244
2010-04-30,11057.400390625,1.20654000064
2010-05-06,10695.6904296875,-3.3259025654712686
2010-05-07,10364.58984375,-3.144572292495414
2010-05-10,10530.7001953125,1.5899645385247123
2010-05-11,10411.099609375,-1.1422312064832825
2010-05-12,10394.0302734375,-0.1640877981877474
2010-05-13,10620.5498046875,2.1559155990142833
2010-05-14,10462.509765625,-1.499241595171376
2010-05-17,10235.759765625,-2.1910920742079454
2010-05-18,10242.6396484375,0.0671916093853951
2010-05-19,10186.83984375,-0.5462688706169411
2010-05-20,10030.3095703125,-1.5485209918350364
2010-05-21,9784.5400390625,-2.4807872930925763
2010-05-24,9758.400390625,-0.2675100414888134
2010-05-25,9459.8896484375,-3.1067774663951795
2010-05-26,9522.66015625,0.6613520022295014
2010-05-27,9639.7197265625,1.2217796243744812
2010-05-28,9762.98046875,1.2705695512031052
2010-05-31,9768.7001953125,0.0585687102342043
2010-06-01,9711.830078125,-0.5838678716490481
2010-06-02,9603.240234375,-1.1244172150338343
2010-06-03,9914.1904296875,3.1866541633522547
2010-06-04,9901.1904296875,-0.1312112238201899
2010-06-07,9520.7998046875,-3.917613696282489
2010-06-08,9537.9404296875,0.1798715907828177
2010-06-09,9439.1298828125,-1.0413771801327627
2010-06-10,9542.650390625,1.0907463121215777
2010-06-11,9705.25,1.6895710607246723
2010-06-14,9879.849609375,1.7830313713985764
2010-06-15,9887.8896484375,0.0813450582384041
2010-06-16,10067.150390625,1.7966946103961694
2010-06-17,9999.400390625,-0.6752556348275809
2010-06-18,9995.01953125,-0.0438208206311628
2010-06-21,10238.009765625,2.40203198430487
2010-06-22,10112.8896484375,-1.229642888737401
2010-06-23,9923.7001953125,-1.8884957700204352
2010-06-24,9928.33984375,0.0467422845495416
2010-06-25,9737.48046875,-1.941087273525257
2010-06-28,9693.9404296875,-0.4481413084319542
2010-06-29,9570.669921875,-1.279778703329275
2010-06-30,9382.6396484375,-1.98420694581394
2010-07-01,9191.599609375,-2.057115484186511
2010-07-02,9203.7099609375,0.1316678391934193
2010-07-05,9266.7802734375,0.6829332284267454
2010-07-06,9338.0400390625,0.7660392618425416
2010-07-07,9279.650390625,-0.6272511630810879
2010-07-08,9535.740234375,2.7222996764790595
2010-07-09,9585.3203125,0.5185924611227
2010-07-12,9548.1103515625,-0.3889528072774127
2010-07-13,9537.23046875,-0.1140129913685423
2010-07-14,9795.240234375,2.669344126688018
2010-07-15,9685.5302734375,-1.1263529927951996
2010-07-16,9408.3603515625,-2.9034354295576192
2010-07-21,9278.830078125,-1.386322341416875
2010-07-22,9220.8798828125,-0.6265004692672483
2010-07-23,9430.9599609375,2.2527425088545456
2010-07-26,9503.66015625,0.7679113931597457
2010-07-27,9496.849609375,-0.0716880468017
2010-07-28,9753.26953125,2.6642441792874516
2010-07-29,9696.01953125,-0.5887121648964587
2010-07-30,9537.2998046875,-1.6505037630454114
2010-08-02,9570.3095703125,0.3455146880646281
2010-08-03,9694.009765625,1.2842591874553415
2010-08-04,9489.33984375,-2.1339097965238087
2010-08-05,9653.919921875,1.7194995544838596
2010-08-06,9642.1201171875,-0.1223028780460386
2010-08-09,9572.490234375,-0.7247629416595962
2010-08-10,9551.0498046875,-0.2242308550315533
2010-08-11,9292.849609375,-2.7405830415104924
2010-08-12,9212.58984375,-0.8674235385999157
2010-08-13,9253.4599609375,0.4426521573824771
2010-08-16,9196.669921875,-0.6156077899957002
2010-08-17,9161.6796875,-0.3811919642994092
2010-08-18,9240.5400390625,0.8570795858423568
2010-08-19,9362.6796875,1.31312111838215
2010-08-20,9179.3798828125,-1.977188945666029
2010-08-23,9116.6904296875,-0.6852804715291851
2010-08-24,8995.1396484375,-1.3422454343454278
2010-08-25,8845.3896484375,-1.678801279794646
2010-08-26,8906.48046875,0.6882774724939987
2010-08-27,8991.0595703125,0.945154820274954
2010-08-30,9149.259765625,1.7442273553312777
2010-08-31,8824.0595703125,-3.6190943212713
2010-09-01,8927.01953125,1.1600547209452523
2010-09-02,9062.83984375,1.5099939397786284
2010-09-03,9114.1298828125,0.5643424174520075
2010-09-06,9301.3203125,2.033041551636888
2010-09-07,9226.0,-0.8130774032945957
2010-09-08,9024.599609375,-2.2071446513011064
2010-09-09,9098.3896484375,0.8143297530450819
2010-09-10,9239.169921875,1.5354610170178842
2010-09-13,9321.8203125,0.8905875803249044
2010-09-14,9299.3095703125,-0.241776447453719
2010-09-16,9509.5,2.235114128761936
2010-09-17,9626.08984375,1.2185805343658311
2010-09-21,9602.1103515625,-0.2494201680383649
2010-09-22,9566.3203125,-0.3734273429070701
2010-09-24,9471.669921875,-0.9943399414351828
2010-09-27,9603.1396484375,1.3784861958480583
2010-09-28,9495.759765625,-1.124473321149594
2010-09-29,9559.3798828125,0.6677500638424417
2010-09-30,9369.349609375,-2.0079177323378654
2010-10-01,9404.23046875,0.3715956079451629
2010-10-04,9381.0595703125,-0.2466920674659876
2010-10-05,9518.759765625,1.457184637020874
2010-10-06,9691.4296875,1.7977393992537938
2010-10-07,9684.8095703125,-0.0683323255561605
2010-10-08,9588.8798828125,-0.9954552800733846
2010-10-12,9388.6396484375,-2.110367117842175
2010-10-13,9403.509765625,0.1582588554771358
2010-10-14,9583.509765625,1.8960889822814704
2010-10-15,9500.25,-0.8725774682154267
2010-10-18,9498.490234375,-0.0185250770137804
2010-10-19,9539.4501953125,0.4302989001252689
2010-10-20,9381.599609375,-1.66855697534667
2010-10-21,9376.48046875,-0.0545806471745997
2010-10-22,9426.7099609375,0.5342669038529437
2010-10-25,9401.16015625,-0.2714042556258527
2010-10-26,9377.3798828125,-0.2532708730263749
2010-10-27,9387.0302734375,0.1028584580647408
2010-10-28,9366.0302734375,-0.2239635362499789
2010-10-29,9202.4501953125,-1.7619568851692575
2010-11-01,9154.7197265625,-0.5200210763909651
2010-11-02,9159.98046875,0.0574483041063458
2010-11-04,9358.7802734375,2.1470922879900716
2010-11-05,9625.990234375,2.8151787044282823
2010-11-08,9732.919921875,1.1047189548707637
2010-11-09,9694.490234375,-0.3956238872342781
2010-11-10,9830.51953125,1.3934077312935158
2010-11-11,9861.4599609375,0.3142442349284619
2010-11-12,9724.8095703125,-1.395391886007922
2010-11-15,9827.509765625,1.0505264163354884
2010-11-16,9797.099609375,-0.3099188372070469
2010-11-17,9811.66015625,0.148510662838375
2010-11-18,10013.6298828125,2.037566297634096
2010-11-19,10022.3896484375,0.0874401841090707
2010-11-22,10115.1904296875,0.9216741815880756
2010-11-24,10030.1103515625,-0.8446692843780924
2010-11-25,10079.759765625,0.4937825520798308
2010-11-26,10039.5595703125,-0.3996183781298588
2010-11-29,10125.990234375,0.8572163333708605
2010-11-30,9937.0400390625,-1.883621560443936
2010-12-01,9988.0498046875,0.5120165325696904
2010-12-02,10168.51953125,1.790726845775157
2010-12-03,10178.3203125,0.0963371421140623
2010-12-06,10167.23046875,-0.1090149386224319
2010-12-07,10141.099609375,-0.2573414327555072
2010-12-08,10232.330078125,0.8955888128064727
2010-12-09,10285.8798828125,0.521974639825987
2010-12-10,10211.9501953125,-0.7213447256445455
2010-12-13,10293.8896484375,0.7991858891938322
2010-12-14,10316.76953125,0.2220199947171932
2010-12-15,10309.7802734375,-0.0677695314648121
2010-12-16,10311.2900390625,0.014642941465384
2010-12-17,10303.830078125,-0.0723736870871304
2010-12-20,10216.41015625,-0.8520412017365616
2010-12-21,10370.5302734375,1.4972889926917423
2010-12-22,10346.48046875,-0.2321745718063835
2010-12-24,10279.1904296875,-0.6524905602316836
2010-12-27,10355.990234375,0.7443613946865921
2010-12-28,10292.6298828125,-0.6137025144047143
2010-12-29,10344.5400390625,0.5030754306632422
2010-12-30,10228.919921875,-1.1239853154177173
2011-01-04,10398.099609375,1.640406467713276
2011-01-05,10380.76953125,-0.1668048634019763
2011-01-06,10529.759765625,1.4250500656625271
2011-01-07,10541.0400390625,0.1070702072982944
2011-01-11,10510.6796875,-0.2884360328325608
2011-01-12,10512.7998046875,0.0201690419083596
2011-01-13,10589.759765625,0.7293930566010904
2011-01-14,10499.0400390625,-0.8603646201978874
2011-01-17,10502.8603515625,0.0363806367145812
2011-01-18,10518.98046875,0.1533654496288959
2011-01-19,10557.099609375,0.36172933533026
2011-01-20,10437.3095703125,-1.1411737099461114
2011-01-21,10274.51953125,-1.571984690999126
2011-01-24,10345.1103515625,0.6846979940469524
2011-01-25,10464.419921875,1.1466945777719169
2011-01-26,10401.900390625,-0.5992404736208077
2011-01-27,10478.66015625,0.735230371156876
2011-01-28,10360.33984375,-1.1355783289527586
2011-01-31,10237.919921875,-1.1886573396347548
2011-02-01,10274.5,0.3566631050047665
2011-02-02,10457.3603515625,1.7640972944562925
2011-02-03,10431.3603515625,-0.2489383030814574
2011-02-04,10543.51953125,1.069472143331465
2011-02-07,10592.0400390625,0.4591370565626795
2011-02-08,10635.98046875,0.4139857734461306
2011-02-09,10617.830078125,-0.1707966201849031
2011-02-10,10605.650390625,-0.1147756029460293
2011-02-14,10725.5400390625,1.1240902025307056
2011-02-15,10746.669921875,0.1968115035336257
2011-02-16,10808.2900390625,0.5717504014091258
2011-02-17,10836.6396484375,0.2619516532992751
2011-02-18,10842.7998046875,0.0568294805694529
2011-02-21,10857.5302734375,0.1357626447109923
2011-02-22,10664.7001953125,-1.7919633227781202
2011-02-23,10579.099609375,-0.8058920721348299
2011-02-24,10452.7099609375,-1.20190485279898
2011-02-25,10526.759765625,0.7059293029473456
2011-02-28,10624.08984375,0.9203485150080556
2011-03-01,10754.0302734375,1.215654409317494
2011-03-02,10492.3798828125,-2.463132521891072
2011-03-03,10586.01953125,0.8884950190790737
2011-03-04,10693.66015625,1.0116838661843557
2011-03-07,10505.01953125,-1.7797863574560786
2011-03-08,10525.1904296875,0.1918278957781366
2011-03-09,10589.5,0.6091471658804105
2011-03-10,10434.3798828125,-1.4756832041268937
2011-03-11,10254.4296875,-1.739633524192631
2011-03-14,9620.490234375,-6.38145535688799
2011-03-15,8605.150390625,-11.153431666180436
2011-03-16,9093.7197265625,5.522312869678448
2011-03-17,8962.669921875,-1.451587037738779
2011-03-18,9206.75,2.686874573305656
2011-03-22,9608.3203125,4.2692511641551025
2011-03-23,9449.4697265625,-1.667079598568871
2011-03-24,9435.009765625,-0.1531412477581838
2011-03-25,9536.1298828125,1.0660516629243764
2011-03-28,9478.5302734375,-0.6058460691289833
2011-03-29,9459.080078125,-0.2054134792146118
2011-03-30,9708.7900390625,2.6056529753317665
2011-03-31,9755.099609375,0.4758520371130098
2011-04-01,9708.3896484375,-0.4799761234272986
2011-04-04,9718.8896484375,0.108095434898013
2011-04-05,9615.5498046875,-1.068981886664075
2011-04-06,9584.3701171875,-0.3247900515839652
2011-04-07,9590.9296875,0.0684168762437456
2011-04-08,9768.080078125,1.8302107153751908
2011-04-11,9719.7001953125,-0.4965160888038669
2011-04-12,9555.259765625,-1.7063010215000791
2011-04-13,9641.1796875,0.8951711679326111
2011-04-14,9653.919921875,0.1320567033536502
2011-04-15,9591.51953125,-0.6484716490496445
2011-04-18,9556.650390625,-0.3642037783303354
2011-04-19,9441.0302734375,-1.2172174779572789
2011-04-20,9606.8203125,1.740818210546546
2011-04-21,9685.76953125,0.8184454248180503
2011-04-22,9682.2099609375,-0.0367572709792851
2011-04-25,9671.9599609375,-0.1059203365442718
2011-04-26,9558.6904296875,-1.1780240278119785
2011-04-27,9691.83984375,1.3833544897831125
2011-04-28,9849.740234375,1.6160804455959017
2011-05-02,10004.2001953125,1.5559941650207676
2011-05-06,9859.2001953125,-1.4599975111395251
2011-05-09,9794.3798828125,-0.6596309402848831
2011-05-10,9818.759765625,0.2486077783193053
2011-05-11,9864.259765625,0.4623282619176269
2011-05-12,9716.650390625,-1.5077151167243177
2011-05-13,9648.76953125,-0.7010551556852459
2011-05-16,9558.2998046875,-0.942053095670767
2011-05-17,9567.01953125,0.0911851667783653
2011-05-18,9662.080078125,0.9887235826022798
2011-05-19,9620.8203125,-0.4279421431064452
2011-05-20,9607.080078125,-0.1429197825522728
2011-05-23,9460.6298828125,-1.5361370132323502
2011-05-24,9477.169921875,0.1746775595760744
2011-05-25,9422.8798828125,-0.5744978340551097
2011-05-26,9562.0498046875,1.4661356886814312
2011-05-27,9521.9404296875,-0.4203464114734022
2011-05-30,9504.9697265625,-0.1783863747286382
2011-05-31,9693.73046875,1.96645421775344
2011-06-01,9719.6103515625,0.2666197269482692
2011-06-02,9555.0400390625,-1.7076762319491223
2011-06-03,9492.2099609375,-0.6597309954154906
2011-06-06,9380.349609375,-1.1854423995439176
2011-06-07,9442.9501953125,0.6651417910937094
2011-06-08,9449.4599609375,0.0689140859084954
2011-06-09,9467.150390625,0.1870359912885969
2011-06-10,9514.4404296875,0.4982736942536254
2011-06-13,9448.2099609375,-0.6985388297382136
2011-06-14,9547.7900390625,1.0484416751073442
2011-06-15,9574.3203125,0.2774828716350512
2011-06-16,9411.2802734375,-1.7175548001752745
2011-06-17,9351.400390625,-0.6382892421744605
2011-06-20,9354.3203125,0.0312195605297129
2011-06-21,9459.66015625,1.1198156042801826
2011-06-22,9629.4296875,1.7787543442461276
2011-06-23,9596.740234375,-0.3400519683149945
2011-06-24,9678.7099609375,0.8505142017921897
2011-06-27,9578.3095703125,-1.042750153469561
2011-06-28,9648.98046875,0.7351136488146123
2011-06-29,9797.259765625,1.5250471961493273
2011-06-30,9816.08984375,0.1920129328789139
2011-07-01,9868.0703125,0.5281463792747184
2011-07-04,9965.08984375,0.978364560913398
2011-07-05,9972.4599609375,0.0739320287137139
2011-07-06,10082.48046875,1.097202077793486
2011-07-07,10071.1396484375,-0.1125437657710093
2011-07-08,10137.73046875,0.6590280499545522
2011-07-11,10069.5302734375,-0.6750093952590444
2011-07-12,9925.919921875,-1.4364549888572342
2011-07-13,9963.1396484375,0.374273804942964
2011-07-14,9936.1201171875,-0.2715633463077068
2011-07-15,9974.4697265625,0.3852186911540864
2011-07-19,9889.7197265625,-0.8532994959007963
2011-07-20,10005.900390625,1.1679151892438564
2011-07-21,10010.3896484375,0.0448560435426436
2011-07-22,10132.1103515625,1.2086104982653765
2011-07-25,10050.009765625,-0.8136017261428581
2011-07-26,10097.7197265625,0.4736022501540248
2011-07-27,10047.1904296875,-0.5016592524090271
2011-07-28,9901.349609375,-1.4621964157502123
2011-07-29,9833.0302734375,-0.6923917476235139
2011-08-01,9965.009765625,1.333277910444599
2011-08-02,9844.58984375,-1.2157883809855006
2011-08-03,9637.1396484375,-2.129770222069549
2011-08-04,9659.1796875,0.2284378514186705
2011-08-05,9299.8798828125,-3.7907241891200263
2011-08-08,9097.5595703125,-2.199528577936314
2011-08-09,8944.48046875,-1.696956382752468
2011-08-10,9038.740234375,1.0483175446495188
2011-08-11,8981.9404296875,-0.6303867633228522
2011-08-12,8963.7197265625,-0.2030653564987388
2011-08-15,9086.41015625,1.3594618991727554
2011-08-16,9107.4296875,0.2310621702994828
2011-08-17,9057.259765625,-0.5523909404162977
2011-08-18,8943.759765625,-1.2610563965329888
2011-08-19,8719.240234375,-2.542395117631522
2011-08-22,8628.1298828125,-1.0504322985125536
2011-08-23,8733.009765625,1.2082289620619908
2011-08-24,8639.6103515625,-1.075258807476234
2011-08-25,8772.3603515625,1.5248425861153878
2011-08-26,8797.7802734375,0.2893538549675382
2011-08-29,8851.349609375,0.6070497616573304
2011-08-30,8953.900390625,1.1519289562035082
2011-08-31,8955.2001953125,0.0145155775248951
2011-09-01,9060.7998046875,1.1723003856723784
2011-09-02,8950.740234375,-1.2221158203572422
2011-09-05,8784.4599609375,-1.875198972710199
2011-09-06,8590.5703125,-2.2319120491005475
2011-09-07,8763.41015625,1.9919990038875253
2011-09-08,8793.1201171875,0.3384494411471451
2011-09-09,8737.66015625,-0.6327173701566232
2011-09-12,8535.669921875,-2.338859284317455
2011-09-13,8616.5498046875,0.9430905570132532
2011-09-14,8518.5703125,-1.1436226812268315
2011-09-15,8668.8603515625,1.748881174910075
2011-09-16,8864.16015625,2.2278863198172436
2011-09-20,8721.240234375,-1.6254741490625615
2011-09-21,8741.16015625,0.2281465327767777
2011-09-22,8560.259765625,-2.091238570311578
2011-09-26,8374.1298828125,-2.1983358420563976
2011-09-27,8609.9501953125,2.7771356182197415
2011-09-28,8615.650390625,0.0661828363211655
2011-09-29,8701.23046875,0.9884086579892236
2011-09-30,8700.2900390625,-0.0108085921341605
2011-10-03,8545.48046875,-1.7953819883961288
2011-10-04,8456.1201171875,-1.0512089611703628
2011-10-05,8382.98046875,-0.868693764346039
2011-10-06,8522.01953125,1.6449831148337275
2011-10-07,8605.6201171875,0.9762144881228396
2011-10-11,8773.6796875,1.9340803249718244
2011-10-12,8738.900390625,-0.3971926745642609
2011-10-13,8823.25,0.9605914549336788
2011-10-14,8747.9599609375,-0.8569757006940959
2011-10-17,8879.599609375,1.493594108815828
2011-10-18,8741.91015625,-1.5627747818368245
2011-10-19,8772.5400390625,0.3497673486449653
2011-10-20,8682.150390625,-1.0357153776296943
2011-10-21,8678.8896484375,-0.0375639042189358
2011-10-24,8843.98046875,1.8843454771838712
2011-10-25,8762.3095703125,-0.92775347967148
2011-10-26,8748.4697265625,-0.1580723096002345
2011-10-27,8926.5400390625,2.0150069494528777
2011-10-28,9050.4697265625,1.3787793676028144
2011-10-31,8988.3896484375,-0.6882954395457479
2011-11-01,8835.51953125,-1.7153797650779834
2011-11-02,8640.419921875,-2.232872410243934
2011-11-04,8801.400390625,1.8459660417990136
2011-11-07,8767.08984375,-0.3905923620993028
2011-11-08,8655.509765625,-1.2808835210174252
2011-11-09,8755.4404296875,1.1479185256996407
2011-11-10,8500.7998046875,-2.951501680884419
2011-11-11,8514.4697265625,0.1606783223847705
2011-11-14,8603.7001953125,1.0425329032489854
2011-11-15,8541.9296875,-0.7205424995795723
2011-11-16,8463.16015625,-0.9264296202320058
2011-11-17,8479.6298828125,0.1944158159565302
2011-11-18,8374.91015625,-1.242645291490092
2011-11-21,8348.26953125,-0.3186074422893847
2011-11-22,8314.740234375,-0.4024404066191088
2011-11-24,8165.18017578125,-1.8151078529605664
2011-11-25,8160.009765625,-0.0633427279888832
2011-11-28,8287.490234375,1.5501811412259778
2011-11-29,8477.8203125,2.2706200988111895
2011-11-30,8434.6103515625,-0.5109857455234542
2011-12-01,8597.3798828125,1.911397136226631
2011-12-02,8643.75,0.537902438045894
2011-12-05,8695.98046875,0.6024387381544839
2011-12-06,8575.16015625,-1.399123382118514
2011-12-07,8722.169921875,1.699838122472197
2011-12-08,8664.580078125,-0.662459106638056
2011-12-09,8536.4599609375,-1.4897062768562883
2011-12-12,8653.8203125,1.365448068629881
2011-12-13,8552.8095703125,-1.1741044382491972
2011-12-14,8519.1298828125,-0.3945624489368901
2011-12-15,8377.3701171875,-1.6780172453895996
2011-12-16,8401.7197265625,0.2902377506140797
2011-12-19,8296.1201171875,-1.2648464497247065
2011-12-20,8336.48046875,0.4853171405413229
2011-12-21,8459.98046875,1.4705743801155773
2011-12-22,8395.16015625,-0.7691497033607003
2011-12-26,8479.33984375,0.9977230235596678
2011-12-27,8440.5595703125,-0.4583991948873847
2011-12-28,8423.6201171875,-0.2008927695968772
2011-12-29,8398.8896484375,-0.2940166111943744
2011-12-30,8455.349609375,0.6699818516820025
2012-01-04,8560.1103515625,1.23137506891329
2012-01-05,8488.7099609375,-0.8376040894150215
2012-01-06,8390.349609375,-1.1654851332566372
2012-01-10,8422.259765625,0.3795983580617529
2012-01-11,8447.8798828125,0.3037335483610395
2012-01-12,8385.58984375,-0.7400770534355046
2012-01-13,8500.01953125,1.3553723376361588
2012-01-16,8378.3603515625,-1.441622804279726
2012-01-17,8466.400390625,1.0453201690689533
2012-01-18,8550.580078125,0.9893691106370144
2012-01-19,8639.6796875,1.0366382880706415
2012-01-20,8766.3603515625,1.4556200096037948
2012-01-23,8765.900390625,-0.0052470236938585
2012-01-24,8785.330078125,0.221405507399447
2012-01-25,8883.6904296875,1.1133765743879598
2012-01-26,8849.4697265625,-0.3859520277544426
2012-01-27,8841.2197265625,-0.0932694072769606
2012-01-30,8793.0498046875,-0.5463230739416182
2012-01-31,8802.509765625,0.1075266951433247
2012-02-01,8809.7900390625,0.0826726087210987
2012-02-02,8876.8203125,0.7579812415392595
2012-02-03,8831.9296875,-0.506989156828474
2012-02-06,8929.2001953125,1.095329868682595
2012-02-07,8917.51953125,-0.1308998618159994
2012-02-08,9015.58984375,1.093745519637672
2012-02-09,9002.240234375,-0.1481822368161903
2012-02-10,8947.169921875,-0.613618885707333
2012-02-13,8999.1796875,0.5796154913331997
2012-02-14,9052.0703125,0.5860068012686429
2012-02-15,9260.33984375,2.2747252812098906
2012-02-16,9238.099609375,-0.2404553654076224
2012-02-17,9384.169921875,1.568802428436022
2012-02-20,9485.08984375,1.069685673113146
2012-02-21,9463.01953125,-0.2329554051454834
2012-02-22,9554.0,0.9568393484172184
2012-02-23,9595.5703125,0.4341651235135416
2012-02-24,9647.3798828125,0.5384797546734158
2012-02-27,9633.9296875,-0.1395153938598822
2012-02-28,9722.51953125,0.915358610588174
2012-02-29,9723.240234375,0.0074124450164655
2012-03-01,9707.3701171875,-0.1633517468501124
2012-03-02,9777.0302734375,0.7150382013475178
2012-03-05,9698.58984375,-0.8055286903964587
2012-03-06,9637.6298828125,-0.6305282393636804
2012-03-07,9576.0595703125,-0.6409026585269476
2012-03-08,9768.9599609375,1.994381904968608
2012-03-09,9929.740234375,1.632430995577229
2012-03-12,9889.8603515625,-0.4024292665289981
2012-03-13,9899.080078125,0.0931806052209118
2012-03-14,10050.51953125,1.518249639913533
2012-03-15,10123.2802734375,0.7213421208796096
2012-03-16,10129.830078125,0.064679496651576
2012-03-19,10141.990234375,0.1199710486878835
2012-03-21,10086.490234375,-0.5487326578771174
2012-03-22,10127.080078125,0.4016103803425689
2012-03-23,10011.4697265625,-1.1481623327857169
2012-03-26,10018.240234375,0.0676046541220012
2012-03-27,10255.150390625,2.3372601598290035
2012-03-28,10182.5703125,-0.7102590773051367
2012-03-29,10114.7900390625,-0.6678752725714655
2012-03-30,10083.5595703125,-0.3092380738187577
2012-04-02,10109.8701171875,0.2605853702970389
2012-04-03,10050.3896484375,-0.5900781242902741
2012-04-04,9819.990234375,-2.3191276839266273
2012-04-05,9767.6103515625,-0.5348282188964019
2012-04-06,9688.4501953125,-0.8137371167187738
2012-04-09,9546.259765625,-1.478504434673586
2012-04-10,9538.01953125,-0.0863562596093361
2012-04-11,9458.740234375,-0.834666102151152
2012-04-12,9524.7900390625,0.6958671044209809
2012-04-13,9637.990234375,1.1814727349006195
2012-04-16,9470.6396484375,-1.751615534525797
2012-04-17,9464.7099609375,-0.0626308762833414
2012-04-18,9667.259765625,2.1174753633193246
2012-04-19,9588.3798828125,-0.8192958061496693
2012-04-20,9561.3603515625,-0.2821923310664199
2012-04-23,9542.169921875,-0.2009098409347511
2012-04-24,9468.0400390625,-0.7798994193754534
2012-04-25,9561.009765625,0.9771424979225772
2012-04-26,9561.830078125,0.0085794004154798
2012-04-27,9520.8896484375,-0.4290844605817124
2012-05-01,9350.9501953125,-1.8010331598954616
2012-05-02,9380.25,0.3128451810768178
2012-05-07,9119.1396484375,-2.8230952272877614
2012-05-08,9181.650390625,0.6831506745434691
2012-05-09,9045.0595703125,-1.4988264768331987
2012-05-10,9009.650390625,-0.3922436324162849
2012-05-11,8953.3095703125,-0.627302016922718
2012-05-14,8973.83984375,0.2290412372702946
2012-05-15,8900.740234375,-0.8179215017379585
2012-05-16,8801.169921875,-1.124978736586477
2012-05-17,8876.58984375,0.853279832696637
2012-05-18,8611.3095703125,-3.034105100974184
2012-05-21,8633.8896484375,0.2618710371787692
2012-05-22,8729.2900390625,1.098892626329923
2012-05-23,8556.599609375,-1.9981172930850064
2012-05-24,8563.3798828125,0.0792089008645421
2012-05-25,8580.3896484375,0.1984367694121007
2012-05-28,8593.150390625,0.1486093665831872
2012-05-29,8657.080078125,0.7412072586587125
2012-05-30,8633.1904296875,-0.2763364937390997
2012-05-31,8542.73046875,-1.053344363594478
2012-06-01,8440.25,-1.2068754696335815
2012-06-04,8295.6298828125,-1.7283073023181856
2012-06-05,8382.0,1.0357693503804228
2012-06-06,8533.5302734375,1.79165919666702
2012-06-07,8639.7197265625,1.2367001764990506
2012-06-08,8459.259765625,-2.110847159766859
2012-06-11,8624.900390625,1.9391742300818744
2012-06-12,8536.7197265625,-1.027658688508084
2012-06-13,8587.83984375,0.5970403948626184
2012-06-14,8568.8896484375,-0.2209069394900881
2012-06-15,8569.3203125,0.0050257764792526
2012-06-18,8721.01953125,1.7547730436629878
2012-06-19,8655.8701171875,-0.7498432762198395
2012-06-20,8752.3095703125,1.107989938791277
2012-06-21,8824.0703125,0.8165633811005258
2012-06-22,8798.349609375,-0.2919090738168882
2012-06-25,8734.6201171875,-0.7269706598392517
2012-06-26,8663.990234375,-0.8119070359561312
2012-06-27,8730.490234375,0.7646140866836348
2012-06-28,8874.1103515625,1.6316564844251182
2012-06-29,9006.7802734375,1.4839569156056724
2012-07-02,9003.48046875,-0.0366436085702436
2012-07-03,9066.58984375,0.698499015233998
2012-07-04,9104.169921875,0.4136330256986587
2012-07-05,9079.7998046875,-0.2680397310885505
2012-07-06,9020.75,-0.6524665251596351
2012-07-09,8896.8798828125,-1.3826838869203335
2012-07-10,8857.73046875,-0.4410063272307299
2012-07-11,8851.0,-0.0760130048390337
2012-07-12,8720.009765625,-1.491008915535489
2012-07-13,8724.1201171875,0.0471259004167399
2012-07-17,8755.0,0.3533348902262684
2012-07-18,8726.740234375,-0.3233063741026714
2012-07-19,8795.5498046875,0.7853987563188666
2012-07-20,8669.8701171875,-1.439207959628996
2012-07-23,8508.3203125,-1.8809264944628352
2012-07-24,8488.08984375,-0.238055896721248
2012-07-25,8365.900390625,-1.4500019554431272
2012-07-26,8443.099609375,0.918552698544895
2012-07-27,8566.6396484375,1.452605586633584
2012-07-30,8635.4404296875,0.7999166123881528
2012-07-31,8695.0595703125,0.6880283409466146
2012-08-01,8641.849609375,-0.6138363818257051
2012-08-02,8653.1796875,0.1310212264036794
2012-08-03,8555.1103515625,-1.1398040995182863
2012-08-06,8726.2900390625,1.9811506305744848
2012-08-07,8803.3095703125,0.8787425677592001
2012-08-08,8881.16015625,0.88044583802123
2012-08-09,8978.599609375,1.0911727952752577
2012-08-10,8891.4404296875,-0.9754860162432762
2012-08-13,8885.150390625,-0.0707676673057002
2012-08-14,8929.8798828125,0.5021556011141625
2012-08-15,8925.0400390625,-0.0542129999990422
2012-08-16,9092.759765625,1.8617652864943643
2012-08-17,9162.5,0.7640600522718645
2012-08-20,9171.16015625,0.0944727547069215
2012-08-21,9156.919921875,-0.1553925689954784
2012-08-22,9131.740234375,-0.275358645135729
2012-08-23,9178.1201171875,0.5066120780731761
2012-08-24,9070.759765625,-1.1766375897882846
2012-08-27,9085.3896484375,0.1611562633152057
2012-08-28,9033.2900390625,-0.5750943652175899
2012-08-29,9069.8095703125,0.403462186888111
2012-08-30,8983.7802734375,-0.953050875675728
2012-08-31,8839.91015625,-1.614404631670637
2012-09-03,8783.8896484375,-0.6357391381230787
2012-09-04,8775.509765625,-0.0954461283221255
2012-09-05,8679.8203125,-1.096403348021879
2012-09-06,8680.5703125,0.0086403585802579
2012-09-07,8871.650390625,2.1773612626783994
2012-09-10,8869.3701171875,-0.0257062264152484
2012-09-11,8807.3798828125,-0.701378799832993
2012-09-12,8959.9599609375,1.717576524828362
2012-09-13,8995.150390625,0.3919828289219854
2012-09-14,9159.3896484375,1.8093957578656112
2012-09-18,9123.76953125,-0.3896499713742605
2012-09-19,9232.2099609375,1.181540775737625
2012-09-20,9086.98046875,-1.5855780893821492
2012-09-21,9110.0,0.2530039922692435
2012-09-24,9069.2900390625,-0.4478725945847923
2012-09-25,9091.5400390625,0.2450329752210067
2012-09-26,8906.7001953125,-2.054049064121058
2012-09-27,8949.8701171875,0.4835195698355256
2012-09-28,8870.16015625,-0.8946168029879957
2012-10-01,8796.509765625,-0.8337826837487118
2012-10-02,8786.0498046875,-0.1189811088612127
2012-10-03,8746.8701171875,-0.4469278692953003
2012-10-04,8824.58984375,0.8846189623951765
2012-10-05,8863.2998046875,0.4377008620925305
2012-10-09,8769.58984375,-1.0629096542370895
2012-10-10,8596.23046875,-1.996624760592795
2012-10-11,8546.7802734375,-0.5769153763116464
2012-10-12,8534.1201171875,-0.1482376019858355
2012-10-15,8577.9296875,0.5120329420294248
2012-10-16,8701.3095703125,1.4280950435675115
2012-10-17,8806.5498046875,1.2022200964468506
2012-10-18,8982.8603515625,1.982261564829599
2012-10-19,9002.6796875,0.220391980632939
2012-10-22,9010.7099609375,0.089158943721133
2012-10-23,9014.25,0.0392793006551719
2012-10-24,8954.2998046875,-0.6672816494550186
2012-10-25,9055.2001953125,1.1205357880850866
2012-10-26,8933.0595703125,-1.3580246640313751
2012-10-29,8929.33984375,-0.0416486780979746
2012-10-30,8841.98046875,-0.9831579999931876
2012-10-31,8928.2900390625,0.9714005081468604
2012-11-01,8946.8701171875,0.2078871982579275
2012-11-02,9051.2197265625,1.1595761498061428
2012-11-05,9007.4404296875,-0.4848574840247017
2012-11-06,8975.150390625,-0.359125935625754
2012-11-07,8972.8896484375,-0.0251920788513557
2012-11-08,8837.150390625,-1.5243299380401576
2012-11-09,8757.599609375,-0.9042620476541542
2012-11-12,8676.4404296875,-0.931049438690052
2012-11-13,8661.0498046875,-0.17754160301956
2012-11-14,8664.73046875,0.0424877155288977
2012-11-15,8829.7197265625,1.88624561236744
2012-11-16,9024.16015625,2.178216934364294
2012-11-19,9153.2001953125,1.419812385179306
2012-11-20,9142.6396484375,-0.115442069213712
2012-11-21,9222.51953125,0.8699122699787556
2012-11-22,9366.7998046875,1.552323332510051
2012-11-26,9388.9404296875,0.2360944970207481
2012-11-27,9423.2998046875,0.3652878421514041
2012-11-28,9308.349609375,-1.227352015503378
2012-11-29,9400.8798828125,0.989148461901006
2012-11-30,9446.009765625,0.4789115860618406
2012-12-03,9458.1796875,0.1287537197656899
2012-12-04,9432.4599609375,-0.2723014459371274
2012-12-05,9468.83984375,0.3849463064721981
2012-12-06,9545.16015625,0.8027844996284492
2012-12-07,9527.3896484375,-0.186346483682792
2012-12-10,9533.75,0.0667363223382342
2012-12-11,9525.3203125,-0.088458544005169
2012-12-12,9581.4599609375,0.5876428072871183
2012-12-13,9742.73046875,1.6691436839246552
2012-12-14,9737.5595703125,-0.0530885171481306
2012-12-17,9828.8798828125,0.9334450020329556
2012-12-18,9923.009765625,0.9531300254775472
2012-12-19,10160.400390625,2.364157082792188
2012-12-20,10039.330078125,-1.198746314892531
2012-12-21,9940.0595703125,-0.9937373111287664
2012-12-25,10080.1201171875,1.3992165320161898
2012-12-26,10230.3603515625,1.4794625364949894
2012-12-27,10322.98046875,0.9012719143860842
2012-12-28,10395.1796875,0.6969683646679423
2013-01-04,10688.1103515625,2.778973443499327
2013-01-07,10599.009765625,-0.8371363133362378
2013-01-08,10508.0595703125,-0.8618037565944453
2013-01-09,10578.5703125,0.6687745304402273
2013-01-10,10652.6396484375,0.6977429602558092
2013-01-11,10801.5703125,1.3883807108266557
2013-01-15,10879.080078125,0.7150163343907084
2013-01-16,10600.4404296875,-2.594613598481788
2013-01-17,10609.6396484375,0.0867438434267484
2013-01-18,10913.2998046875,2.8219222346096013
2013-01-21,10747.740234375,-1.5286689285247752
2013-01-22,10709.9296875,-0.3524202408423656
2013-01-23,10486.990234375,-2.103585567267541
2013-01-24,10620.8701171875,1.2685480756733258
2013-01-25,10926.650390625,2.8383850679727978
2013-01-28,10824.3095703125,-0.9410304254872583
2013-01-29,10866.7197265625,0.391039168416184
2013-01-30,11113.9501953125,2.2496211085809015
2013-01-31,11138.66015625,0.2220860447683452
2013-02-01,11191.33984375,0.471829693067574
2013-02-04,11260.349609375,0.6147420050205531
2013-02-05,11046.919921875,-1.9136022012795892
2013-02-06,11463.75,3.703823388430764
2013-02-07,11357.0703125,-0.9349397885061064
2013-02-08,11153.16015625,-1.8117605171078264
2013-02-12,11369.1201171875,1.917803858194549
2013-02-13,11251.41015625,-1.040745039947846
2013-02-14,11307.2802734375,0.4953322232473808
2013-02-15,11173.830078125,-1.1872346226196355
2013-02-18,11407.8701171875,2.0729034343980786
2013-02-19,11372.33984375,-0.3119400770186868
2013-02-20,11468.2802734375,0.8400909734194733
2013-02-21,11309.1298828125,-1.397463360143937
2013-02-22,11385.9404296875,0.6768944893894016
2013-02-25,11662.51953125,2.4000942253246365
2013-02-26,11398.8095703125,-2.287131458618983
2013-02-27,11253.9697265625,-1.278799529942496
2013-02-28,11559.3603515625,2.6774597811794223
2013-03-01,11606.3798828125,0.4059408017445842
2013-03-04,11652.2900390625,0.3947793750055289
2013-03-05,11683.4501953125,0.2670596643327567
2013-03-06,11932.26953125,2.107312812455799
2013-03-07,11968.080078125,0.2996656890661865
2013-03-08,12283.6201171875,2.6023564861690165
2013-03-11,12349.0498046875,0.5312444131107747
2013-03-12,12314.8095703125,-0.2776553000209283
2013-03-13,12239.66015625,-0.6121056535658171
2013-03-14,12381.1904296875,1.149690843401926
2013-03-15,12560.9501953125,1.4414390551091367
2013-03-18,12220.6298828125,-2.7467313018202653
2013-03-19,12468.23046875,2.005834890201265
2013-03-21,12635.6904296875,1.3341537009277664
2013-03-22,12338.5302734375,-2.379847481948525
2013-03-25,12546.4599609375,1.671164221632632
2013-03-26,12471.6201171875,-0.5982878522744477
2013-03-27,12493.7900390625,0.1776051550036979
2013-03-28,12335.9599609375,-1.2713152881793426
2013-03-29,12397.91015625,0.5009351513941142
2013-04-01,12135.01953125,-2.1432473946358077
2013-04-02,12003.4296875,-1.0903032430047843
2013-04-03,12362.2001953125,2.945102927271073
2013-04-04,12634.5400390625,2.179089094539272
2013-04-05,12833.6396484375,1.563548458754446
2013-04-08,13192.58984375,2.7585475438442018
2013-04-09,13192.349609375,-0.0018209962197017
2013-04-10,13288.1298828125,0.7234060180835269
2013-04-11,13549.16015625,1.9453417608970531
2013-04-12,13485.1396484375,-0.4736251942982781
2013-04-15,13275.66015625,-1.5656017197347456
2013-04-16,13221.4404296875,-0.4092508315173223
2013-04-17,13382.8896484375,1.213721226736993
2013-04-18,13220.0703125,-1.2240846072721376
2013-04-19,13316.48046875,0.7266248069381076
2013-04-22,13568.3701171875,1.873895623694254
2013-04-23,13529.650390625,-0.2857755082336903
2013-04-24,13843.4599609375,2.2929313843627246
2013-04-25,13926.080078125,0.5950430641125518
2013-04-26,13884.1298828125,-0.3016893952934217
2013-04-30,13860.8603515625,-0.1677386548664087
2013-05-01,13799.349609375,-0.4447604965446018
2013-05-02,13694.0400390625,-0.7660756762665233
2013-05-07,14180.240234375,3.488875820144197
2013-05-08,14285.6904296875,0.7408904273649632
2013-05-09,14191.48046875,-0.661654944394501
2013-05-10,14607.5400390625,2.8896018870631237
2013-05-13,14782.2099609375,1.1886591650379708
2013-05-14,14758.419921875,-0.1610666008136891
2013-05-15,15096.0302734375,2.261805138044138
2013-05-16,15037.240234375,-0.3902006829316498
2013-05-17,15138.1201171875,0.6686267038159959
2013-05-20,15360.8095703125,1.4603359063423127
2013-05-21,15381.01953125,0.1314818567380903
2013-05-22,15627.259765625,1.5882558866751086
2013-05-23,14483.98046875,-7.597356673351883
2013-05-24,14612.4501953125,0.8830674998771427
2013-05-27,14142.650390625,-3.267883630280724
2013-05-28,14311.98046875,1.19018994012683
2013-05-29,14326.4599609375,0.1011192872519383
2013-05-30,13589.0302734375,-5.28453046756918
2013-05-31,13774.5400390625,1.355909376201942
2013-06-03,13261.8203125,-3.793270968286903
2013-06-04,13533.759765625,2.02980334134314
2013-06-05,13014.8701171875,-3.909472829247046
2013-06-06,12904.01953125,-0.8553704523108161
2013-06-07,12877.5302734375,-0.2054901069512281
2013-06-10,13514.2001953125,4.82570456067715
2013-06-11,13317.6201171875,-1.465301967202159
2013-06-12,13289.3203125,-0.212725062726627
2013-06-13,12445.3798828125,-6.561126835240219
2013-06-14,12686.51953125,1.9190515202367673
2013-06-17,13033.1201171875,2.695384340355959
2013-06-18,13007.2802734375,-0.1984597152386783
2013-06-19,13245.2197265625,1.8127490241440536
2013-06-20,13014.580078125,-1.7566438511828335
2013-06-21,13230.1298828125,1.642652190210419
2013-06-24,13062.7802734375,-1.2729809539089794
2013-06-25,12969.33984375,-0.7178887510147669
2013-06-26,12834.009765625,-1.0489438078112974
2013-06-27,13213.5498046875,2.914414320991612
2013-06-28,13677.3203125,3.4496205961313073
2013-07-01,13852.5,1.272671234184058
2013-07-02,14098.740234375,1.7619726553458357
2013-07-03,14055.5595703125,-0.3067431846629821
2013-07-04,14018.9296875,-0.2609479607033738
2013-07-05,14309.9697265625,2.0547941162759615
2013-07-08,14109.33984375,-1.4119499662064807
2013-07-09,14472.900390625,2.544098384430251
2013-07-10,14416.599609375,-0.3897668878031022
2013-07-11,14472.580078125,0.387553675275102
2013-07-12,14506.25,0.2323760961730576
2013-07-16,14599.1201171875,0.6381669911553964
2013-07-17,14615.0400390625,0.1089877194189569
2013-07-18,14808.5,1.3150202086944742
2013-07-19,14589.91015625,-1.4871135616810087
2013-07-22,14658.0400390625,0.4658788433616749
2013-07-23,14778.509765625,0.8185089620928127
2013-07-24,14731.2802734375,-0.3200939922049858
2013-07-25,14562.9296875,-1.1493905420602193
2013-07-26,14129.98046875,-3.018042288696976
2013-07-29,13661.1298828125,-3.374424901867102
2013-07-30,13869.8203125,1.5160713701119757
2013-07-31,13668.3203125,-1.4634509931777402
2013-08-01,14005.76953125,2.438858490443026
2013-08-02,14466.16015625,3.2342785488010275
2013-08-05,14258.0400390625,-1.4491178710780916
2013-08-06,14401.0595703125,0.998082427294504
2013-08-07,13824.9404296875,-4.082754663093556
2013-08-08,13605.5595703125,-1.599573737166154
2013-08-09,13615.1904296875,0.0707611640153816
2013-08-12,13519.4296875,-0.705822593636761
2013-08-13,13867.0,2.5384029923850577
2013-08-14,14050.16015625,1.3121877964411446
2013-08-15,13752.9404296875,-2.1381144054270584
2013-08-16,13650.1103515625,-0.7505044720024564
2013-08-19,13758.1298828125,0.7882307627472585
2013-08-20,13396.3798828125,-2.664540113076371
2013-08-21,13424.330078125,0.2084225620512538
2013-08-22,13365.169921875,-0.4416674623998609
2013-08-23,13660.5498046875,2.1860039122657
2013-08-26,13636.2802734375,-0.1778194579774449
2013-08-27,13542.3701171875,-0.6910610249977229
2013-08-28,13338.4599609375,-1.5171709131888895
2013-08-29,13459.7099609375,0.9049187146750236
2013-08-30,13388.8603515625,-0.5277731589182696
2013-09-02,13572.919921875,1.3653581314488612
2013-09-03,13978.4404296875,2.943954784759269
2013-09-04,14053.8701171875,0.5381637694365764
2013-09-05,14064.8203125,0.077885532353845
2013-09-06,13860.8095703125,-1.461126374125162
2013-09-09,14205.23046875,2.454483704296797
2013-09-10,14423.3603515625,1.523889914216388
2013-09-11,14425.0703125,0.0118547934854135
2013-09-12,14387.26953125,-0.2623931492078949
2013-09-13,14404.669921875,0.1208698897950768
2013-09-17,14311.669921875,-0.6477171230549769
2013-09-18,14505.3603515625,1.344297762233935
2013-09-19,14766.1796875,1.782114903601551
2013-09-20,14742.419921875,-0.1610362475626937
2013-09-24,14732.6103515625,-0.0665619039822803
2013-09-25,14620.5302734375,-0.7636703973759003
2013-09-26,14799.1201171875,1.214100338453276
2013-09-27,14760.0703125,-0.2642144580879169
2013-09-30,14455.7998046875,-2.0829878283061003
2013-10-01,14484.7197265625,0.1998577217664391
2013-10-02,14170.490234375,-2.193263207193022
2013-10-03,14157.25,-0.093478937815713
2013-10-04,14024.3095703125,-0.9434638666227876
2013-10-07,13853.3203125,-1.22672840424648
2013-10-08,13894.6103515625,0.2976082796091103
2013-10-09,14037.83984375,1.025550902524912
2013-10-10,14194.7099609375,1.1112827757906043
2013-10-11,14404.740234375,1.468797812028405
2013-10-15,14441.5400390625,0.2551443326636269
2013-10-16,14467.1396484375,0.1771067813764803
2013-10-17,14586.509765625,0.8217266421568222
2013-10-18,14561.5400390625,-0.1713303829096427
2013-10-21,14693.5703125,0.9026195303958992
2013-10-22,14713.25,0.1338443954753943
2013-10-23,14426.0498046875,-1.971286184660208
2013-10-24,14486.41015625,0.4175392847034231
2013-10-25,14088.1904296875,-2.787409108975683
2013-10-28,14396.0400390625,2.1616283217833994
2013-10-29,14325.98046875,-0.4878466627483969
2013-10-30,14502.349609375,1.2235973476542712
2013-10-31,14327.9404296875,-1.209917119056566
2013-11-01,14201.5703125,-0.8858963254008357
2013-11-05,14225.3701171875,0.1674454576438617
2013-11-06,14337.3095703125,0.7838201979294236
2013-11-07,14228.4404296875,-0.7622391692172398
2013-11-08,14086.7998046875,-1.0004633918577084
2013-11-11,14269.83984375,1.2910033317242668
2013-11-12,14588.6796875,2.2097655951739728
2013-11-13,14567.16015625,-0.1476173231371214
2013-11-14,14876.41015625,2.100705649556509
2013-11-15,15165.919921875,1.9274052797751993
2013-11-18,15164.2998046875,-0.0106831879468529
2013-11-19,15126.5595703125,-0.24918575888729
2013-11-20,15076.080078125,-0.3342723667802887
2013-11-21,15365.599609375,1.902183216626479
2013-11-22,15381.7197265625,0.1048554411416344
2013-11-25,15619.1298828125,1.5316663936361927
2013-11-26,15515.240234375,-0.6673655746356653
2013-11-27,15449.6298828125,-0.4237734536086286
2013-11-28,15727.1201171875,1.7801570869104753
2013-11-29,15661.8701171875,-0.4157514689039884
2013-12-02,15655.0703125,-0.0434257287018584
2013-12-03,15749.66015625,0.6023941513054878
2013-12-04,15407.9404296875,-2.193579880329676
2013-12-05,15177.490234375,-1.5069564260124249
2013-12-06,15299.8603515625,0.8030276413405371
2013-12-09,15650.2099609375,2.264063192263405
2013-12-10,15611.3095703125,-0.2488708884680592
2013-12-11,15515.0595703125,-0.618448662256669
2013-12-12,15341.8203125,-1.122868408484918
2013-12-13,15403.1103515625,0.3987006568476253
2013-12-16,15152.91015625,-1.637685687689246
2013-12-17,15278.6298828125,0.8262509332813525
2013-12-18,15587.7998046875,2.003343211916242
2013-12-19,15859.2197265625,1.7262472945916931
2013-12-20,15870.419921875,0.0705976865907239
2013-12-24,15889.330078125,0.1190825399107608
2013-12-25,16009.990234375,0.7565097345198333
2013-12-26,16174.4404296875,1.021932798614869
2013-12-27,16178.9404296875,0.0278178039480833
2013-12-30,16291.3095703125,0.6921387375660177
2014-01-06,15908.8798828125,-2.375437391115519
2014-01-07,15814.3701171875,-0.5958408753010851
2014-01-08,16121.4501953125,1.9231667745239145
2014-01-09,15880.330078125,-1.5069454141366807
2014-01-10,15912.0595703125,0.1996043900635623
2014-01-14,15422.400390625,-3.1256261903752733
2014-01-15,15808.73046875,2.4741325364438604
2014-01-16,15747.2001953125,-0.3899764647902661
2014-01-17,15734.4599609375,-0.0809375046123042
2014-01-20,15641.6796875,-0.5914082796889539
2014-01-21,15795.9599609375,0.981508241209153
2014-01-22,15820.9599609375,0.1581432047905985
2014-01-23,15695.8896484375,-0.7936768464378976
2014-01-24,15391.5595703125,-1.9579592926043563
2014-01-27,15005.73046875,-2.5387119922230537
2014-01-28,14980.16015625,-0.1705490026479539
2014-01-29,15383.91015625,2.6595498821699475
2014-01-30,15007.0595703125,-2.480143978436556
2014-01-31,14914.5302734375,-0.6184804504644595
2014-02-03,14619.1298828125,-2.0004986892050236
2014-02-04,14008.4697265625,-4.266880985391249
2014-02-05,14180.3798828125,1.219718363123001
2014-02-06,14155.1201171875,-0.1782906411830928
2014-02-07,14462.41015625,2.147647593731112
2014-02-10,14718.33984375,1.7541444272572533
2014-02-12,14800.0595703125,0.5536881196701854
2014-02-13,14534.740234375,-1.808954366397212
2014-02-14,14313.0302734375,-1.5371331818486451
2014-02-17,14393.1103515625,0.5579313980496681
2014-02-18,14843.240234375,3.079491425882589
2014-02-19,14766.5302734375,-0.5181406761419556
2014-02-20,14449.1796875,-2.1725507862651465
2014-02-21,14865.669921875,2.8416878580585037
2014-02-24,14837.6796875,-0.1884652271747505
2014-02-25,15051.599609375,1.4314401659387033
2014-02-26,14970.9697265625,-0.5371297557081128
2014-02-27,14923.1103515625,-0.3201932674580699
2014-02-28,14841.0703125,-0.5512683030151245
2014-03-03,14652.23046875,-1.2805784321510976
2014-03-04,14721.48046875,0.4715109265284086
2014-03-05,14897.6298828125,1.189444846503563
2014-03-06,15134.75,1.5791292301535822
2014-03-07,15274.0703125,0.9163215533988708
2014-03-10,15120.1396484375,-1.0129033150115545
2014-03-11,15224.1103515625,0.6852771777247284
2014-03-12,14830.3896484375,-2.620194835074292
2014-03-13,14815.98046875,-0.0972070493970787
2014-03-14,14327.66015625,-3.3514414026615937
2014-03-17,14277.669921875,-0.3495172761823611
2014-03-18,14411.26953125,0.9313733981502024
2014-03-19,14462.51953125,0.3549936152147844
2014-03-20,14224.23046875,-1.6613561545332405
2014-03-24,14475.2998046875,1.749685369116205
2014-03-25,14423.1904296875,-0.3606377430451284
2014-03-26,14477.16015625,0.3734888207606045
2014-03-27,14622.8896484375,1.0015839246058322
2014-03-28,14696.0302734375,0.4989322725464881
2014-03-31,14827.830078125,0.8928417806483874
2014-04-01,14791.990234375,-0.241999180702619
2014-04-02,14946.3203125,1.0379302709651723
2014-04-03,15071.8798828125,0.8365611645764097
2014-04-04,15063.76953125,-0.053825631210896
2014-04-07,14808.849609375,-1.7067543280885815
2014-04-08,14606.8798828125,-1.3732306077737864
2014-04-09,14299.6904296875,-2.1254753814966008
2014-04-10,14300.1201171875,0.0030048275972102
2014-04-11,13960.0498046875,-2.406827203501848
2014-04-14,13910.16015625,-0.3580145380716436
2014-04-15,13996.8095703125,0.620989619188866
2014-04-16,14417.6796875,2.9625793772126285
2014-04-17,14417.5302734375,-0.0010363306714499
2014-04-18,14516.26953125,0.6825210776353611
2014-04-21,14512.3798828125,-0.0267986870852767
2014-04-22,14388.76953125,-0.8554061537485738
2014-04-23,14546.26953125,1.0886562495771068
2014-04-24,14404.990234375,-0.9759880536004064
2014-04-25,14429.259765625,0.168338257323865
2014-04-28,14288.23046875,-0.9821918940775884
2014-04-30,14304.1103515625,0.1110778900199341
2014-05-01,14485.1298828125,1.257566475645133
2014-05-02,14457.509765625,-0.1908611371149139
2014-05-07,14033.4501953125,-2.9770207078716173
2014-05-08,14163.7802734375,0.924424165643436
2014-05-09,14199.58984375,0.2525058848164421
2014-05-12,14149.51953125,-0.3532411823042757
2014-05-13,14425.4404296875,1.931267619135106
2014-05-14,14405.759765625,-0.1365233981659904
2014-05-15,14298.2099609375,-0.7493758460068766
2014-05-16,14096.58984375,-1.420143879439794
2014-05-19,14006.4404296875,-0.6415658553736485
2014-05-20,14075.25,0.4900681331809876
2014-05-21,14042.169921875,-0.2352996361649545
2014-05-22,14337.7900390625,2.0833772157962356
2014-05-23,14462.169921875,0.863755757197035
2014-05-26,14602.51953125,0.9657815233615809
2014-05-27,14636.51953125,0.232565887353143
2014-05-28,14670.9501953125,0.2349618047812575
2014-05-29,14681.7197265625,0.0733802530530753
2014-05-30,14632.3798828125,-0.3366290692900047
2014-06-02,14935.919921875,2.0532171589774837
2014-06-03,15034.25,0.6561886783339235
2014-06-04,15067.9599609375,0.2239701010174153
2014-06-05,15079.3701171875,0.0756959688652732
2014-06-06,15077.240234375,-0.0141254788997238
2014-06-09,15124.0,0.3096548527514718
2014-06-10,14994.7998046875,-0.8579424721271564
2014-06-11,15069.48046875,0.4968076201227743
2014-06-12,14973.5302734375,-0.6387543670109971
2014-06-13,15097.83984375,0.8267683043461446
2014-06-16,14933.2900390625,-1.0958725303288896
2014-06-17,14975.9697265625,0.2853946690979387
2014-06-18,15115.7998046875,0.9293643195448784
2014-06-19,15361.16015625,1.610171440792918
2014-06-20,15349.419921875,-0.0764572659783743
2014-06-23,15369.2802734375,0.1293046528882118
2014-06-24,15376.240234375,0.0452746347528579
2014-06-25,15266.6103515625,-0.7155362406745034
2014-06-26,15308.490234375,0.2739478085199135
2014-06-27,15095.0,-1.4044028609341417
2014-06-30,15162.099609375,0.4435304126266375
2014-07-01,15326.2001953125,1.0764927641128332
2014-07-02,15369.9697265625,0.2851792977767943
2014-07-03,15348.2900390625,-0.1411518182666155
2014-07-04,15437.1298828125,0.5771569177058263
2014-07-07,15379.4404296875,-0.3744058467944044
2014-07-08,15314.41015625,-0.4237355007505804
2014-07-09,15302.650390625,-0.0768183881355225
2014-07-10,15216.4697265625,-0.5647665647016017
2014-07-11,15164.0400390625,-0.345153784149996
2014-07-14,15296.8203125,0.8718146034803266
2014-07-15,15395.16015625,0.640820036864689
2014-07-16,15379.2998046875,-0.103074776856237
2014-07-17,15370.259765625,-0.0587978458831057
2014-07-18,15215.7099609375,-1.0106014060312667
2014-07-22,15343.2802734375,0.8349166813621902
2014-07-23,15328.5595703125,-0.0959884006324241
2014-07-24,15284.419921875,-0.2883723163047205
2014-07-25,15457.8701171875,1.1284262532526124
2014-07-28,15529.400390625,0.4616760322400437
2014-07-29,15618.0703125,0.5693570579295971
2014-07-30,15646.23046875,0.1801426109755453
2014-07-31,15620.76953125,-0.162861439394145
2014-08-01,15523.1103515625,-0.6271505037084086
2014-08-04,15474.5,-0.3136396055013824
2014-08-05,15320.3095703125,-1.0014136823222723
2014-08-06,15159.7900390625,-1.0532840595489923
2014-08-07,15232.3701171875,0.4776245961439511
2014-08-08,14778.3701171875,-3.0258143213516684
2014-08-11,15130.51953125,2.3549231832763864
2014-08-12,15161.3095703125,0.2032894716459624
2014-08-13,15213.6298828125,0.3444969121647329
2014-08-14,15314.5703125,0.6612954376281005
2014-08-15,15318.33984375,0.0246109902702653
2014-08-18,15322.599609375,0.0278044063169849
2014-08-19,15449.7900390625,0.8266576333518247
2014-08-20,15454.4501953125,0.0301586853453198
2014-08-21,15586.2001953125,0.848891949872614
2014-08-22,15539.1904296875,-0.3020672218142919
2014-08-25,15613.25,0.4754665047874626
2014-08-26,15521.2197265625,-0.5911810432614183
2014-08-27,15534.8203125,0.0875873858346012
2014-08-28,15459.8603515625,-0.4836965923174636
2014-08-29,15424.58984375,-0.2284031149831636
2014-09-01,15476.599609375,0.3366201473600838
2014-09-02,15668.599609375,1.2329504198196264
2014-09-03,15728.349609375,0.3806106874533241
2014-09-04,15676.1796875,-0.3322448769879196
2014-09-05,15668.6796875,-0.0478547378592622
2014-09-08,15705.1103515625,0.232236401090375
2014-09-09,15749.150390625,0.2800260874140736
2014-09-10,15788.7802734375,0.2513158145538313
2014-09-11,15909.2001953125,0.7597992011392829
2014-09-12,15948.2900390625,0.2454045380229476
2014-09-16,15911.5302734375,-0.2307595057132642
2014-09-17,15888.669921875,-0.1437749156296083
2014-09-18,16067.5703125,1.1196702635442275
2014-09-19,16321.169921875,1.5660059032578926
2014-09-22,16205.900390625,-0.7087635786758818
2014-09-24,16167.4501953125,-0.2375423778918073
2014-09-25,16374.1396484375,1.270326579724014
2014-09-26,16229.8603515625,-0.8850462438051833
2014-09-29,16310.6396484375,0.4964856889583783
2014-09-30,16173.51953125,-0.8442326048216691
2014-10-01,16082.25,-0.5659128655579846
2014-10-02,15661.990234375,-2.6479406530257568
2014-10-03,15708.650390625,0.2974768109883084
2014-10-06,15890.9501953125,1.1538236166322675
2014-10-07,15783.830078125,-0.6763773869667457
2014-10-08,15595.98046875,-1.1972784416340574
2014-10-09,15478.9296875,-0.7533494658431715
2014-10-10,15300.5498046875,-1.1590961437180702
2014-10-14,14936.509765625,-2.4080227046316445
2014-10-15,15073.51953125,0.913099525505814
2014-10-16,14738.3798828125,-2.248456315872291
2014-10-17,14532.509765625,-1.4066775171310917
2014-10-20,15111.23046875,3.9050014457569406
2014-10-21,14804.2802734375,-2.052186041362756
2014-10-22,15195.76953125,2.610072217915447
2014-10-23,15138.9599609375,-0.3745517937899202
2014-10-24,15291.6396484375,1.0034699981845452
2014-10-27,15388.7197265625,0.6328504887621421
2014-10-28,15329.91015625,-0.3828923515517198
2014-10-29,15553.91015625,1.450623179130641
2014-10-30,15658.2001953125,0.6682689892217643
2014-10-31,16413.759765625,4.712523925599259
2014-11-04,16862.470703125,2.6970490977280863
2014-11-05,16937.3203125,0.4429005593264445
2014-11-06,16792.48046875,-0.8588294662993639
2014-11-07,16880.380859375,0.5220856607895099
2014-11-10,16780.529296875,-0.5932807812940114
2014-11-11,17124.109375,2.0268131637074265
2014-11-12,17197.05078125,0.4250527414408923
2014-11-13,17392.7890625,1.131779571767641
2014-11-14,17490.830078125,0.5621049431438676
2014-11-17,16973.80078125,-3.0005723281754366
2014-11-18,17344.060546875,2.157909141345145
2014-11-19,17288.75,-0.319411523503288
2014-11-20,17300.859375,0.0700174168689093
2014-11-21,17357.509765625,0.32690771366876
2014-11-25,17407.619140625,0.2882739761250574
2014-11-26,17383.580078125,-0.1381905014218847
2014-11-27,17248.5,-0.7800903834497114
2014-11-28,17459.849609375,1.2178753761810304
2014-12-01,17590.099609375,0.7432284638033481
2014-12-02,17663.220703125,0.4148329743770997
2014-12-03,17720.4296875,0.323364229488058
2014-12-04,17887.2109375,0.936779111085459
2014-12-05,17920.44921875,0.1856490519147652
2014-12-08,17935.640625,0.0847354367147402
2014-12-09,17813.380859375,-0.6839921049779526
2014-12-10,17412.580078125,-2.2756970577914704
2014-12-11,17257.400390625,-0.8951878350786568
2014-12-12,17371.580078125,0.6594482409454678
2014-12-15,17099.400390625,-1.5792144023214831
2014-12-16,16755.3203125,-2.032755958392451
2014-12-17,16819.73046875,0.3836791532178136
2014-12-18,17210.05078125,2.2940930935487778
2014-12-19,17621.400390625,2.3620533782035524
2014-12-22,17635.140625,0.0779443171384642
2014-12-24,17854.23046875,1.234694334049846
2014-12-25,17808.75,-0.2550571646451728
2014-12-26,17818.9609375,0.0573202011068686
2014-12-29,17729.83984375,-0.5014024580480723
2014-12-30,17450.76953125,-1.5865340091763442
2015-01-05,17408.7109375,-0.2413037348376694
2015-01-06,16883.189453125,-3.0652289575642047
2015-01-07,16885.330078125,0.0126782283178548
2015-01-08,17167.099609375,1.6549536399866296
2015-01-09,17197.73046875,0.1782686974873339
2015-01-13,17087.7109375,-0.6417879098043964
2015-01-14,16795.9609375,-1.7221109407290207
2015-01-15,17108.69921875,1.8448623277284932
2015-01-16,16864.16015625,-1.4396391148789691
2015-01-19,17014.2890625,0.8862854849145668
2015-01-20,17366.30078125,2.0478067516780336
2015-01-21,17280.48046875,-0.4954023717241076
2015-01-22,17329.01953125,0.2804957848254781
2015-01-23,17511.75,1.048955845145089
2015-01-26,17468.51953125,-0.2471707127384999
2015-01-27,17768.30078125,1.7015637638503267
2015-01-28,17795.73046875,0.1542552515837525
2015-01-29,17606.220703125,-1.0706278583634343
2015-01-30,17674.390625,0.386444588944938
2015-02-02,17558.0390625,-0.6604823255472612
2015-02-03,17335.849609375,-1.2735322122037498
2015-02-04,17678.740234375,1.9586211810169225
2015-02-05,17504.619140625,-0.9898003965592636
2015-02-06,17648.5,0.8185996938693705
2015-02-09,17711.9296875,0.3587612260030388
2015-02-10,17652.6796875,-0.3350810682489244
2015-02-12,17979.720703125,1.835689966039125
2015-02-13,17913.359375,-0.3697726893025768
2015-02-16,18004.76953125,0.5089928478081356
2015-02-17,17987.08984375,-0.0982427094848153
2015-02-18,18199.169921875,1.1721714694204186
2015-02-19,18264.7890625,0.3599127099030178
2015-02-20,18332.30078125,0.3689462502060399
2015-02-23,18466.919921875,0.7316445216501095
2015-02-24,18603.48046875,0.7367666017782099
2015-02-25,18585.19921875,-0.0983162167960045
2015-02-26,18785.7890625,1.073516004602291
2015-02-27,18797.939453125,0.0646577203922071
2015-03-02,18826.880859375,0.1538421271792675
2015-03-03,18815.16015625,-0.0622745376581454
2015-03-04,18703.599609375,-0.5946938350837974
2015-03-05,18751.83984375,0.2575874786289748
2015-03-06,18971.0,1.1619624767931385
2015-03-09,18790.55078125,-0.9557371907898684
2015-03-10,18665.109375,-0.6698153214926429
2015-03-11,18723.51953125,0.3124490278327804
2015-03-12,18991.109375,1.4190479496652384
2015-03-13,19254.25,1.3760873563863512
2015-03-16,19246.060546875,-0.0425422711255438
2015-03-17,19437.0,0.9872073260758416
2015-03-18,19544.48046875,0.5514451468925463
2015-03-19,19476.560546875,-0.3481198281705855
2015-03-20,19560.220703125,0.4286228610713458
2015-03-23,19754.359375,0.9876246904561726
2015-03-24,19713.44921875,-0.2073090569721896
2015-03-25,19746.19921875,0.1659923938332826
2015-03-26,19471.119140625,-1.4028730216764744
2015-03-27,19285.630859375,-0.9571994426696342
2015-03-30,19411.400390625,0.6500238908936926
2015-03-31,19206.990234375,-1.0586254990858834
2015-04-01,19034.83984375,-0.9003311459840417
2015-04-02,19312.7890625,1.449654616167848
2015-04-03,19435.080078125,0.6312162417069679
2015-04-06,19397.98046875,-0.1910723498981143
2015-04-07,19640.5390625,1.2426788622208131
2015-04-08,19789.810546875,0.7571436670280722
2015-04-09,19937.720703125,0.7446263838942255
2015-04-10,19907.630859375,-0.1510331734563093
2015-04-13,19905.4609375,-0.0109005444149818
2015-04-14,19908.6796875,0.0161688784762639
2015-04-15,19869.759765625,-0.1956835654160225
2015-04-16,19885.76953125,0.0805410808186715
2015-04-17,19652.880859375,-1.178044080421686
2015-04-20,19634.490234375,-0.0936210585298905
2015-04-21,19909.08984375,1.3888677904284046
2015-04-22,20133.900390625,1.122857746544409
2015-04-23,20187.650390625,0.2666069672230067
2015-04-24,20020.0390625,-0.8337325586531824
2015-04-27,19983.3203125,-0.1835783838449718
2015-04-28,20058.94921875,0.3777458024511706
2015-04-30,19520.009765625,-2.7235317972071935
2015-05-01,19531.630859375,0.0595165473565172
2015-05-07,19291.990234375,-1.2345250740711895
2015-05-08,19379.189453125,0.4509785697977694
2015-05-11,19620.91015625,1.239606056489415
2015-05-12,19624.83984375,0.0200260538434547
2015-05-13,19764.720703125,0.7102462960051072
2015-05-14,19570.240234375,-0.988850878943822
2015-05-15,19732.919921875,0.8278246119654982
2015-05-18,19890.26953125,0.7942340770165017
2015-05-19,20026.380859375,0.6819803482217999
2015-05-20,20196.560546875,0.8461872603103163
2015-05-21,20202.869140625,0.0312311032609812
2015-05-22,20264.41015625,0.3041522145127667
2015-05-25,20413.76953125,0.7343497047053974
2015-05-26,20437.48046875,0.1160842821830383
2015-05-27,20472.580078125,0.1715940652163576
2015-05-28,20551.4609375,0.384559661279955
2015-05-29,20563.150390625,0.056862770009801
2015-06-01,20569.869140625,0.0326684018645761
2015-06-02,20543.189453125,-0.1297869443804349
2015-06-03,20473.509765625,-0.3397628568770622
2015-06-04,20488.189453125,0.0716751912564031
2015-06-05,20460.900390625,-0.1332828966108538
2015-06-08,20457.189453125,-0.0181383711915465
2015-06-09,20096.30078125,-1.779862581156991
2015-06-10,20046.359375,-0.248819743493518
2015-06-11,20382.970703125,1.6652222822780818
2015-06-12,20407.080078125,0.1182120509574643
2015-06-15,20387.7890625,-0.0945757026277812
2015-06-16,20257.939453125,-0.6389357793008777
2015-06-17,20219.26953125,-0.1910701582934861
2015-06-18,19990.8203125,-1.1362903075403443
2015-06-19,20174.240234375,0.9133370866444116
2015-06-22,20428.189453125,1.2509228251141125
2015-06-23,20809.419921875,1.8489982116056465
2015-06-24,20868.029296875,0.2812524025985626
2015-06-25,20771.400390625,-0.4641229739800853
2015-06-26,20706.150390625,-0.3146282873376514
2015-06-29,20109.94921875,-2.9216097852541116
2015-06-30,20235.73046875,0.6235198340001263
2015-07-01,20329.3203125,0.4614317399163452
2015-07-02,20522.5,0.9457650893789892
2015-07-03,20539.7890625,0.0842089611484895
2015-07-06,20112.119140625,-2.1041359163776243
2015-07-07,20376.58984375,1.3064109535922888
2015-07-08,19737.640625,-3.1859180905028253
2015-07-09,19855.5,0.5953542520910704
2015-07-10,19779.830078125,-0.3818311272374121
2015-07-13,20089.76953125,1.554797137928179
2015-07-14,20385.330078125,1.4604821399697674
2015-07-15,20463.330078125,0.381897934970408
2015-07-16,20600.119140625,0.6662351608188878
2015-07-17,20650.919921875,0.2463007385318935
2015-07-21,20841.970703125,0.9208909214389204
2015-07-22,20593.669921875,-1.198503267615877
2015-07-23,20683.94921875,0.4374256204972027
2015-07-24,20544.529296875,-0.6763308195871784
2015-07-27,20350.099609375,-0.9508884550739316
2015-07-28,20328.890625,-0.1042748906723544
2015-07-29,20302.91015625,-0.1278824555700087
2015-07-30,20522.830078125,1.0773695606248166
2015-07-31,20585.240234375,0.3036396684437958
2015-08-03,20548.109375,-0.1805390021142283
2015-08-04,20520.359375,-0.1351401942556664
2015-08-05,20614.060546875,0.455586023206979
2015-08-06,20664.439453125,0.2440928389533316
2015-08-07,20724.560546875,0.2905174613320502
2015-08-10,20808.689453125,0.4051164852730138
2015-08-11,20720.75,-0.4235047991037247
2015-08-12,20392.76953125,-1.5955210366702377
2015-08-13,20595.55078125,0.9894667694771024
2015-08-14,20519.44921875,-0.370189222463839
2015-08-17,20620.259765625,0.4900897509615786
2015-08-18,20554.470703125,-0.3195606515791071
2015-08-19,20222.630859375,-1.627615287650031
2015-08-20,20033.51953125,-0.9395469633123792
2015-08-21,19435.830078125,-3.0288573365665776
2015-08-24,18540.6796875,-4.715105380492058
2015-08-25,17806.69921875,-4.039247296834623
2015-08-26,18376.830078125,3.151588913188963
2015-08-27,18574.439453125,1.0695776430592896
2015-08-28,19136.3203125,2.980170370806593
2015-08-31,18890.48046875,-1.2930000091980616
2015-09-01,18165.689453125,-3.912349629148347
2015-09-02,18095.400390625,-0.3876836070789651
2015-09-03,18182.390625,0.4795793716663779
2015-09-04,17792.16015625,-2.1695658013593544
2015-09-07,17860.470703125,0.3832010643786617
2015-09-08,17427.080078125,-2.456460753046353
2015-09-09,18770.509765625,7.426168603175849
2015-09-10,18299.619140625,-2.540676111743369
2015-09-11,18264.220703125,-0.1936254436654925
2015-09-14,17965.69921875,-1.6479652232213389
2015-09-15,18026.48046875,0.3377473012582248
2015-09-16,18171.599609375,0.8018100285204912
2015-09-17,18432.26953125,1.4242993140733775
2015-09-18,18070.2109375,-1.9838129523121648
2015-09-24,17571.830078125,-2.796772185898785
2015-09-25,17880.509765625,1.741422369002526
2015-09-28,17645.109375,-1.325262397280303
2015-09-29,16930.83984375,-4.132185399622192
2015-09-30,17388.150390625,2.6652160441768373
2015-10-01,17722.419921875,1.9041538099349504
2015-10-02,17725.130859375,0.0152954855584599
2015-10-05,18005.490234375,1.5693269261639664
2015-10-06,18186.099609375,0.9980820134593984
2015-10-07,18322.98046875,0.749849081118011
2015-10-08,18141.169921875,-0.9972098709002152
2015-10-09,18438.669921875,1.6266148830032812
2015-10-13,18234.740234375,-1.1121506759070394
2015-10-14,17891.0,-1.9030785610031808
2015-10-15,18096.900390625,1.1442881362546349
2015-10-16,18291.80078125,1.0712240234670425
2015-10-19,18131.23046875,-0.8817023032659108
2015-10-20,18207.150390625,0.4178503859684123
2015-10-21,18554.279296875,1.888605677519336
2015-10-22,18435.869140625,-0.6402275509144546
2015-10-23,18825.30078125,2.0903574515982015
2015-10-26,18947.119140625,0.6450144416195941
2015-10-27,18777.0390625,-0.9017098783996942
2015-10-28,18903.01953125,0.6686875916802223
2015-10-29,18935.7109375,0.1727933996678086
2015-10-30,19083.099609375,0.7753499287931813
2015-11-02,18683.240234375,-2.1176228305019063
2015-11-04,18926.91015625,1.2957849346622463
2015-11-05,19116.41015625,0.9962409472013476
2015-11-06,19265.599609375,0.7773965218854378
2015-11-09,19642.740234375,1.938671444901495
2015-11-10,19671.259765625,0.1450859045265306
2015-11-11,19691.390625,0.102284073507794
2015-11-12,19697.76953125,0.0323891460516677
2015-11-13,19596.91015625,-0.5133498850022971
2015-11-16,19393.689453125,-1.042418148894308
2015-11-17,19630.630859375,1.2143418053756785
2015-11-18,19649.1796875,0.0944445975961412
2015-11-19,19859.810546875,1.0662527878581949
2015-11-20,19879.810546875,0.1006552208507379
2015-11-24,19924.890625,0.2265063978448716
2015-11-25,19847.580078125,-0.3887646046600458
2015-11-26,19944.41015625,0.4866822125793996
2015-11-27,19883.939453125,-0.3036568182387221
2015-11-30,19747.470703125,-0.6886925741545957
2015-12-01,20012.400390625,1.3326683471078165
2015-12-02,19938.130859375,-0.3718079058544322
2015-12-03,19939.900390625,0.0088747172099311
2015-12-04,19504.48046875,-2.2078562260732166
2015-12-07,19698.150390625,0.988053572998455
2015-12-08,19492.599609375,-1.0489856208276032
2015-12-09,19301.0703125,-0.9874335347679326
2015-12-10,19046.55078125,-1.327452715197826
2015-12-11,19230.48046875,0.9610520835555596
2015-12-14,18883.419921875,-1.8212260419655688
2015-12-15,18565.900390625,-1.695769842997536
2015-12-16,19049.91015625,2.5735799540896527
2015-12-17,19353.560546875,1.5814024784670402
2015-12-18,18986.80078125,-1.9132368109040057
2015-12-21,18916.01953125,-0.3734884723398249
2015-12-22,18886.69921875,-0.1551228025337503
2015-12-24,18789.689453125,-0.5149643234220529
2015-12-25,18769.060546875,-0.1098487480247083
2015-12-28,18873.349609375,0.554105483159735
2015-12-29,18982.23046875,0.5752449672954022
2015-12-30,19033.7109375,0.2708363823918146
2016-01-04,18450.98046875,-3.109415588291326
2016-01-05,18374.0,-0.4180889162948128
2016-01-06,18191.3203125,-0.9992047428908912
2016-01-07,17767.33984375,-2.3582642742360336
2016-01-08,17697.9609375,-0.3912500005584446
2016-01-12,17218.9609375,-2.7438274940548673
2016-01-13,17715.630859375,2.8436192544767835
2016-01-14,17240.94921875,-2.7160026464561895
2016-01-15,17147.109375,-0.5457712968885418
2016-01-18,16955.5703125,-1.123319799850383
2016-01-19,17048.369140625,0.5458135733686771
2016-01-20,16416.189453125,-3.778653789607224
2016-01-21,16017.259765625,-2.460113350784663
2016-01-22,16958.529296875,5.710403444310788
2016-01-25,17110.91015625,0.8945370275622748
2016-01-26,16708.900390625,-2.3774745919442326
2016-01-27,17163.919921875,2.6867966674770973
2016-01-28,17041.44921875,-0.7160935815017814
2016-01-29,17518.30078125,2.7597527599592397
2016-02-01,17865.23046875,1.961029853281829
2016-02-02,17750.6796875,-0.6432584524092694
2016-02-03,17191.25,-3.2023273995035866
2016-02-04,17044.990234375,-0.8544200789023074
2016-02-05,16819.58984375,-1.331206344297438
2016-02-08,17004.30078125,1.0922029977937544
2016-02-09,16085.4404296875,-5.5551757484769775
2016-02-10,15713.3896484375,-2.340134896884428
2016-02-12,14952.6103515625,-4.962730268848395
2016-02-15,16022.580078125,6.9113092187712555
2016-02-16,16054.4296875,0.1985822249284707
2016-02-17,15836.3603515625,-1.3676220289035963
2016-02-18,16196.7998046875,2.2505095605057246
2016-02-19,15967.169921875,-1.4278945436253536
2016-02-22,16111.0498046875,0.8970625483434623
2016-02-23,16052.0498046875,-0.3668804741801125
2016-02-24,15915.7900390625,-0.8524854446977194
2016-02-25,16140.33984375,1.4010017952508456
2016-02-26,16188.41015625,0.2973845133315271
2016-02-29,16026.759765625,-1.003575320267346
2016-03-01,16085.509765625,0.3659041631492011
2016-03-02,16746.55078125,4.027346138176994
2016-03-03,16960.16015625,1.267475993583236
2016-03-04,17014.779296875,0.321526328277139
2016-03-07,16911.3203125,-0.6099098115034869
2016-03-08,16783.150390625,-0.7607808485647
2016-03-09,16642.19921875,-0.8433838927943906
2016-03-10,16852.349609375,1.2548498521586375
2016-03-11,16938.869140625,0.512084047378572
2016-03-14,17233.75,1.7258740259895402
2016-03-15,17117.0703125,-0.6793441040242371
2016-03-16,16974.44921875,-0.8367003157767913
2016-03-17,16936.380859375,-0.2245204572049695
2016-03-18,16724.810546875,-1.25707433246128
2016-03-22,17048.55078125,1.9171923540792517
2016-03-23,17000.98046875,-0.2794184924370116
2016-03-24,16892.330078125,-0.6411339644726503
2016-03-25,17002.75,0.6515418298874442
2016-03-28,17134.369140625,0.771124196454154
2016-03-29,17103.529296875,-0.1801503801232001
2016-03-30,16878.9609375,-1.3216902405043955
2016-03-31,16758.669921875,-0.7152199803108714
2016-04-01,16164.16015625,-3.611927626110653
2016-04-04,16123.26953125,-0.2532914342048564
2016-04-05,15732.8203125,-2.451454489618508
2016-04-06,15715.3603515625,-0.1110395728006815
2016-04-07,15749.83984375,0.2191596161738107
2016-04-08,15821.51953125,0.454081243775689
2016-04-11,15751.1298828125,-0.4458907717082064
2016-04-12,15928.7900390625,1.1216064886307342
2016-04-13,16381.2197265625,2.8007373857564506
2016-04-14,16911.05078125,3.183176058251763
2016-04-15,16848.029296875,-0.3733606332763297
2016-04-18,16275.9501953125,-3.4545124156520246
2016-04-19,16874.439453125,3.6111448487356497
2016-04-20,16906.5390625,0.1900455253030291
2016-04-21,17363.619140625,2.667668947927471
2016-04-22,17572.490234375,1.1957460987789226
2016-04-25,17439.30078125,-0.7608299475517601
2016-04-26,17353.279296875,-0.4944827860424677
2016-04-27,17290.490234375,-0.3624844068699056
2016-04-28,16666.05078125,-3.678288997748467
2016-05-02,16147.3798828125,-3.1615962803687907
2016-05-06,16106.7197265625,-0.2521240913928983
2016-05-09,16216.0302734375,0.6763716800191355
2016-05-10,16565.189453125,2.130319660454326
2016-05-11,16579.009765625,0.0833950653612725
2016-05-12,16646.33984375,0.4052939763284396
2016-05-13,16412.2109375,-1.4164735920608813
2016-05-16,16466.400390625,0.3296337649544869
2016-05-17,16652.80078125,1.1256452584767591
2016-05-18,16644.689453125,-0.0487203583714783
2016-05-19,16646.66015625,0.0118391302871493
2016-05-20,16736.349609375,0.537337223670681
2016-05-23,16654.599609375,-0.4896546234849438
2016-05-24,16498.759765625,-0.9401218729231532
2016-05-25,16757.349609375,1.555173232161922
2016-05-26,16772.4609375,0.0901366807723985
2016-05-27,16834.83984375,0.3712227785925992
2016-05-30,17068.01953125,1.3755970367855697
2016-05-31,17234.98046875,0.9734557091512288
2016-06-01,16955.73046875,-1.6335209294139204
2016-06-02,16562.55078125,-2.3461687662775024
2016-06-03,16642.23046875,0.4799299223829283
2016-06-06,16580.029296875,-0.3744552296813428
2016-06-07,16675.44921875,0.5738614387501316
2016-06-08,16830.919921875,0.9280135262886702
2016-06-09,16668.41015625,-0.9702345693023408
2016-06-10,16601.359375,-0.4030738593926675
2016-06-13,16019.1796875,-3.5697847265109597
2016-06-14,15859.0,-1.0049572288357171
2016-06-15,15919.580078125,0.3812640549695376
2016-06-16,15434.1396484375,-3.09678869676582
2016-06-17,15599.66015625,1.066721306392766
2016-06-20,15965.2998046875,2.3168475699746485
2016-06-21,16169.1103515625,1.2685048757023365
2016-06-22,16065.7197265625,-0.6414861148433675
2016-06-23,16238.349609375,1.0687912060107725
2016-06-24,14952.01953125,-8.25293281150879
2016-06-27,15309.2099609375,2.3608229109632672
2016-06-28,15323.1396484375,0.0909475677693056
2016-06-29,15566.830078125,1.5778292272623002
2016-06-30,15575.919921875,0.0583753458389446
2016-07-01,15682.48046875,0.6818068636997281
2016-07-04,15775.7998046875,0.5932912343499588
2016-07-05,15669.330078125,-0.6771804335178427
2016-07-06,15378.990234375,-1.8702996119255015
2016-07-07,15276.240234375,-0.6703611958789198
2016-07-08,15106.98046875,-1.1141775801569846
2016-07-11,15708.8203125,3.906543824596711
2016-07-12,16095.650390625,2.4326715471295013
2016-07-13,16231.4296875,0.8400393416477657
2016-07-14,16385.890625,0.9471169958372072
2016-07-15,16497.849609375,0.6809408916788041
2016-07-19,16723.310546875,1.3573541563583331
2016-07-20,16681.890625,-0.2479849942433019
2016-07-21,16810.220703125,0.7663339280187761
2016-07-22,16627.25,-1.094416087969002
2016-07-25,16620.2890625,-0.0418734005462708
2016-07-26,16383.0400390625,-1.437752595017008
2016-07-27,16664.8203125,1.7053273598598484
2016-07-28,16476.83984375,-1.1344180333754277
2016-07-29,16569.26953125,0.5593997616061145
2016-08-01,16635.76953125,0.4005421513402834
2016-08-02,16391.44921875,-1.4795358410068822
2016-08-03,16083.1103515625,-1.8990134889758887
2016-08-04,16254.8896484375,1.0624090087071891
2016-08-05,16254.4501953125,-0.0027035499775727
2016-08-08,16650.5703125,2.4077739386316255
2016-08-09,16764.970703125,0.6847163571592983
2016-08-10,16735.119140625,-0.1782178527899102
2016-08-12,16919.919921875,1.0982167530644134
2016-08-15,16869.560546875,-0.2980774583590347
2016-08-16,16596.509765625,-1.6318428660615267
2016-08-17,16745.640625,0.8945545030256096
2016-08-18,16486.009765625,-1.5625834953695306
2016-08-19,16545.8203125,0.3621392583995446
2016-08-22,16598.189453125,0.3160099491652757
2016-08-23,16497.359375,-0.609329010485725
2016-08-24,16597.30078125,0.6039748381633032
2016-08-25,16555.94921875,-0.2494571961653713
2016-08-26,16360.7099609375,-1.1862780261959032
2016-08-29,16737.490234375,2.2768401180976765
2016-08-30,16725.359375,-0.0725034481403403
2016-08-31,16887.400390625,0.9641711782422452
2016-09-01,16926.83984375,0.2332713716822001
2016-09-02,16925.6796875,-0.0068541796387257
2016-09-05,17037.630859375,0.6592500880029575
2016-09-06,17081.98046875,0.2599656480579653
2016-09-07,17012.439453125,-0.4079325134125086
2016-09-08,16958.76953125,-0.315973249893158
2016-09-09,16965.759765625,0.0412105023639772
2016-09-12,16672.919921875,-1.7411339827586845
2016-09-13,16729.0390625,0.3360233659078013
2016-09-14,16614.240234375,-0.6885902295788483
2016-09-15,16405.009765625,-1.267341137132742
2016-09-16,16519.2890625,0.6941970512836659
2016-09-20,16492.150390625,-0.1644198401429907
2016-09-21,16807.619140625,1.894777006752894
2016-09-23,16754.01953125,-0.3194102377951281
2016-09-26,16544.560546875,-1.2580821559907591
2016-09-27,16683.9296875,0.8388582021345259
2016-09-28,16465.400390625,-1.3184728744657033
2016-09-29,16693.7109375,1.3770824711707974
2016-09-30,16449.83984375,-1.4716316704073984
2016-10-03,16598.669921875,0.9006825742313075
2016-10-04,16735.650390625,0.8218631038762059
2016-10-05,16819.240234375,0.4982285151682645
2016-10-06,16899.099609375,0.4736859803458558
2016-10-07,16860.08984375,-0.2311061587647336
2016-10-11,17024.759765625,0.9719459882893992
2016-10-12,16840.0,-1.0911732439019364
2016-10-13,16774.240234375,-0.3912618524601964
2016-10-14,16856.369140625,0.4884185629907279
2016-10-17,16900.119140625,0.2592095725816835
2016-10-18,16963.609375,0.3749752998315285
2016-10-19,16998.91015625,0.2078808901680854
2016-10-20,17235.5,1.3821976736698172
2016-10-21,17184.58984375,-0.2958167372966814
2016-10-24,17234.419921875,0.2895499509055124
2016-10-25,17365.25,0.7562540449441568
2016-10-26,17391.83984375,0.1530038852896616
2016-10-27,17336.419921875,-0.3191635244251287
2016-10-28,17446.41015625,0.6324419303780151
2016-10-31,17425.01953125,-0.1226828258813802
2016-11-01,17442.400390625,0.0996968565702907
2016-11-02,17134.6796875,-1.7799584398665316
2016-11-04,16905.359375,-1.347376725088439
2016-11-07,17177.2109375,1.5952865371571616
2016-11-08,17171.380859375,-0.033946533910112
2016-11-09,16251.5400390625,-5.505641854994804
2016-11-10,17344.419921875,6.508316040705016
2016-11-11,17374.7890625,0.1749414762527617
2016-11-14,17672.619140625,1.6996249533823524
2016-11-15,17668.150390625,-0.0252894890693571
2016-11-16,17862.2109375,1.0923754747316894
2016-11-17,17862.630859375,0.002350867653419
2016-11-18,17967.41015625,0.5848700843735389
2016-11-21,18106.01953125,0.7684883769558153
2016-11-22,18162.939453125,0.3138770463756707
2016-11-24,18333.41015625,0.9341862663067416
2016-11-25,18381.220703125,0.260444257677643
2016-11-28,18356.890625,-0.1324514560077994
2016-11-29,18307.0390625,-0.2719380799933788
2016-11-30,18308.48046875,0.0078731984098501
2016-12-01,18513.119140625,1.111525740051026
2016-12-02,18426.080078125,-0.4712566889546
2016-12-05,18274.990234375,-0.8233585343343813
2016-12-06,18360.5390625,0.4670274198967344
2016-12-07,18496.689453125,0.7388022127417944
2016-12-08,18765.470703125,1.4426748780410747
2016-12-09,18996.369140625,1.2229346671304826
2016-12-12,19155.029296875,0.8317444571953692
2016-12-13,19250.51953125,0.4972741390941008
2016-12-14,19253.609375,0.0160494151895071
2016-12-15,19273.7890625,0.1047550063786513
2016-12-16,19401.150390625,0.6586269575369756
2016-12-19,19391.599609375,-0.0492400329596248
2016-12-20,19494.529296875,0.529391486287221
2016-12-21,19444.490234375,-0.2570125835061254
2016-12-22,19427.669921875,-0.0865416971024099
2016-12-26,19396.640625,-0.159844710928096
2016-12-27,19403.060546875,0.0330926359723753
2016-12-28,19401.720703125,-0.0069055601262181
2016-12-29,19145.140625,-1.3312828011252151
2016-12-30,19114.369140625,-0.1608566926161537
2017-01-04,19594.16015625,2.4791207392476786
2017-01-05,19520.689453125,-0.3756669922739583
2017-01-06,19454.330078125,-0.3405229294100617
2017-01-10,19301.439453125,-0.7889995218482609
2017-01-11,19364.669921875,0.3270591540526231
2017-01-12,19134.69921875,-1.1946867884684391
2017-01-13,19287.279296875,0.7942374968613584
2017-01-16,19095.240234375,-1.0006673209822317
2017-01-17,18813.529296875,-1.4862847140248352
2017-01-18,18894.369140625,0.4287694140937382
2017-01-19,19072.25,0.937045041004886
2017-01-20,19137.91015625,0.343679380617694
2017-01-23,18891.029296875,-1.298402381346751
2017-01-24,18787.990234375,-0.5469320626512446
2017-01-25,19057.5,1.424287649559096
2017-01-26,19402.390625,1.7935561689816508
2017-01-27,19467.400390625,0.3345005184893745
2017-01-30,19368.849609375,-0.5075206426308599
2017-01-31,19041.33984375,-1.7053688496469606
2017-02-01,19148.080078125,0.5590056751389257
2017-02-02,18914.580078125,-1.2269396214258896
2017-02-03,18918.19921875,0.0191323011594766
2017-02-06,18976.7109375,0.3088106820045931
2017-02-07,18910.779296875,-0.3480394545557246
2017-02-08,19007.599609375,0.5106785981339416
2017-02-09,18907.669921875,-0.5271222919989071
2017-02-10,19378.9296875,2.461872153754898
2017-02-13,19459.150390625,0.413103928141505
2017-02-14,19238.98046875,-1.1378962891930176
2017-02-15,19437.98046875,1.0290454639647977
2017-02-16,19347.529296875,-0.4664181876112542
2017-02-17,19234.619140625,-0.5852990730555051
2017-02-20,19251.080078125,0.0855431437544065
2017-02-21,19381.439453125,0.6748711777057179
2017-02-22,19379.869140625,-0.0081024741311912
2017-02-23,19371.4609375,-0.0433956885608799
2017-02-24,19283.5390625,-0.4549063594415783
2017-02-27,19107.470703125,-0.9172438802073696
2017-02-28,19118.990234375,0.0602699350982952
2017-03-01,19393.5390625,1.4257878365366548
2017-03-02,19564.80078125,0.8792100621387581
2017-03-03,19469.169921875,-0.4899888429744914
2017-03-06,19379.140625,-0.4634922691815458
2017-03-07,19344.150390625,-0.1807193705922727
2017-03-08,19254.029296875,-0.4669715424222088
2017-03-09,19318.580078125,0.3346978208396521
2017-03-10,19604.609375,1.4697379619281834
2017-03-13,19633.75,0.1485313393401618
2017-03-14,19609.5,-0.1235881487217589
2017-03-15,19577.380859375,-0.1639280652773432
2017-03-16,19590.140625,0.0651548302921475
2017-03-17,19521.58984375,-0.3505385756286692
2017-03-21,19455.880859375,-0.3371642409720558
2017-03-22,19041.380859375,-2.153483131171802
2017-03-23,19085.310546875,0.2304406982072932
2017-03-24,19262.529296875,0.9242763730663208
2017-03-27,18985.58984375,-1.4481459435907993
2017-03-28,19202.869140625,1.1379440139940658
2017-03-29,19217.48046875,0.0760603637289422
2017-03-30,19063.220703125,-0.8059444884369757
2017-03-31,18909.259765625,-0.8109124254062074
2017-04-03,18983.23046875,0.3904245755798193
2017-04-04,18810.25,-0.9154048504353312
2017-04-05,18861.26953125,0.2708654340372389
2017-04-06,18597.060546875,-1.4107055251710292
2017-04-07,18664.630859375,0.3626801898490405
2017-04-10,18797.880859375,0.7113808221954515
2017-04-11,18747.869140625,-0.2664043111579043
2017-04-12,18552.609375,-1.0469653848253413
2017-04-13,18426.83984375,-0.6802157352053696
2017-04-14,18335.630859375,-0.4962080609813786
2017-04-17,18355.259765625,0.1069960842501281
2017-04-18,18418.58984375,0.3444303025434833
2017-04-19,18432.19921875,0.0738620581266033
2017-04-20,18430.490234375,-0.0092721632717418
2017-04-21,18620.75,1.0270179176062444
2017-04-24,18875.880859375,1.3608411785190944
2017-04-25,19079.330078125,1.072059210181928
2017-04-26,19289.4296875,1.095170709701561
2017-04-27,19251.869140625,-0.1949107057009178
2017-04-28,19196.740234375,-0.2867669074416035
2017-05-01,19310.51953125,0.590951569587696
2017-05-02,19445.69921875,0.6975924899429681
2017-05-08,19895.69921875,2.287766295718037
2017-05-09,19843.0,-0.2652288609308357
2017-05-10,19900.08984375,0.2872946378446715
2017-05-11,19961.55078125,0.3083715835101326
2017-05-12,19883.900390625,-0.3897583620773856
2017-05-15,19869.849609375,-0.0706890888788741
2017-05-16,19919.8203125,0.2511743851839715
2017-05-17,19814.880859375,-0.5282017682864335
2017-05-18,19553.859375,-1.3260536541653638
2017-05-19,19590.759765625,0.188533710968701
2017-05-22,19678.279296875,0.4457439155534233
2017-05-23,19613.279296875,-0.330860172626194
2017-05-24,19742.98046875,0.6591156893541313
2017-05-25,19813.130859375,0.3546883746297107
2017-05-26,19686.83984375,-0.6394508335601422
2017-05-29,19682.5703125,-0.0216895871682785
2017-05-30,19677.849609375,-0.0239870568302113
2017-05-31,19650.5703125,-0.1387256406642475
2017-06-01,19860.029296875,1.0602772354886727
2017-06-02,20177.279296875,1.5848050289908076
2017-06-05,20170.8203125,-0.0320163006074841
2017-06-06,19979.900390625,-0.9510233315935376
2017-06-07,19984.619140625,0.023614696622284
2017-06-08,19909.259765625,-0.3777996359410448
2017-06-09,20013.259765625,0.5210103795013511
2017-06-12,19908.580078125,-0.5244243643018013
2017-06-13,19898.75,-0.0493882825375118
2017-06-14,19883.51953125,-0.0765691333027187
2017-06-15,19831.8203125,-0.2603490145396255
2017-06-16,19943.259765625,0.5603495681119736
2017-06-19,20067.75,0.622281901049391
2017-06-20,20230.41015625,0.8072876727706142
2017-06-21,20138.7890625,-0.4539166138377736
2017-06-22,20110.509765625,-0.1405207163937716
2017-06-23,20132.669921875,0.1101312503728437
2017-06-26,20153.349609375,0.1026643463761459
2017-06-27,20225.08984375,0.3553396854017227
2017-06-28,20130.41015625,-0.4692290330593673
2017-06-29,20220.30078125,0.4455474097723819
2017-06-30,20033.4296875,-0.9284726360761646
2017-07-03,20055.80078125,0.1116065128242386
2017-07-04,20032.349609375,-0.1169980371835084
2017-07-05,20081.630859375,0.2457062311809272
2017-07-06,19994.060546875,-0.437025282925244
2017-07-07,19929.08984375,-0.3254791259997429
2017-07-10,20080.98046875,0.7592656223842327
2017-07-11,20195.48046875,0.5685718446550357
2017-07-12,20098.380859375,-0.4819582642613525
2017-07-13,20099.810546875,0.0071131931591346
2017-07-14,20118.859375,0.0947263029154974
2017-07-18,19999.91015625,-0.5929871164756267
2017-07-19,20020.859375,0.1046917433562394
2017-07-20,20144.58984375,0.6161059445032815
2017-07-21,20099.75,-0.2228381058261828
2017-07-24,19975.669921875,-0.6192348070512572
2017-07-25,19955.19921875,-0.1025307255208289
2017-07-26,20050.16015625,0.4747419712554609
2017-07-27,20079.640625,0.1469255938449553
2017-07-28,19959.83984375,-0.5984150511111577
2017-07-31,19925.1796875,-0.1738004162066428
2017-08-01,19985.7890625,0.3037231292077252
2017-08-02,20080.0390625,0.4704766044344938
2017-08-03,20029.259765625,-0.253204745475874
2017-08-04,19952.330078125,-0.3848260298750309
2017-08-07,20055.890625,0.5176974949113845
2017-08-08,19996.009765625,-0.2990165430736207
2017-08-09,19738.7109375,-1.2951012108738509
2017-08-10,19729.740234375,-0.0454575896095284
2017-08-14,19537.099609375,-0.9811951829793596
2017-08-15,19753.310546875,1.1005897831107343
2017-08-16,19729.279296875,-0.1217308847400477
2017-08-17,19702.630859375,-0.1351618090594351
2017-08-18,19470.41015625,-1.1856287763219524
2017-08-21,19393.130859375,-0.3976961270690148
2017-08-22,19383.83984375,-0.0479202765678952
2017-08-23,19434.640625,0.2617351819936368
2017-08-24,19353.76953125,-0.4169864689213668
2017-08-25,19452.609375,0.5094010843999367
2017-08-28,19449.900390625,-0.013927041703476
2017-08-29,19362.55078125,-0.450112034738575
2017-08-30,19506.5390625,0.740891749610366
2017-08-31,19646.240234375,0.71362374396136
2017-09-01,19691.470703125,0.2299599422753185
2017-09-04,19508.25,-0.9348129736827512
2017-09-05,19385.810546875,-0.6296069675755701
2017-09-06,19357.970703125,-0.1437126044146295
2017-09-07,19396.51953125,0.1989387067432386
2017-09-08,19274.8203125,-0.6294047271251405
2017-09-11,19545.76953125,1.395927365451363
2017-09-12,19776.619140625,1.1741517710676574
2017-09-13,19865.8203125,0.4500294313476484
2017-09-14,19807.439453125,-0.2943085688442911
2017-09-15,19909.5,0.5139407664755765
2017-09-19,20299.380859375,1.9393381292214376
2017-09-20,20310.4609375,0.054568439125488
2017-09-21,20347.48046875,0.1821023898393169
2017-09-22,20296.44921875,-0.2511138918333616
2017-09-25,20397.580078125,0.4970314776750421
2017-09-26,20330.189453125,-0.3309323701183425
2017-09-27,20267.05078125,-0.311049334471623
2017-09-28,20363.109375,0.4728446668945359
2017-09-29,20356.279296875,-0.033547056632368
2017-10-02,20400.779296875,0.2183671698512709
2017-10-03,20614.0703125,1.0400766571101423
2017-10-04,20626.66015625,0.0610553886800756
2017-10-05,20628.560546875,0.0092128491568075
2017-10-06,20690.7109375,0.3008302676374668
2017-10-10,20823.509765625,0.6397773044838356
2017-10-11,20881.26953125,0.2769936852763403
2017-10-12,20954.720703125,0.3511390404947062
2017-10-13,21155.1796875,0.9520825114701528
2017-10-16,21255.560546875,0.4733755943350269
2017-10-17,21336.119140625,0.3782836948727924
2017-10-18,21363.05078125,0.1261459847842223
2017-10-19,21448.51953125,0.3992792739165443
2017-10-20,21457.640625,0.0425164771407233
2017-10-23,21696.650390625,1.1077100511337443
2017-10-24,21805.169921875,0.4989205305780608
2017-10-25,21707.619140625,-0.4483782666397122
2017-10-26,21739.779296875,0.1480418311806805
2017-10-27,22008.44921875,1.228270532178643
2017-10-30,22011.669921875,0.0146328687592132
2017-10-31,22011.609375,-0.0002750675368498
2017-11-01,22420.080078125,1.8386976327018063
2017-11-02,22539.119140625,0.5295438652804295
2017-11-06,22548.349609375,0.0409447198295117
2017-11-07,22937.599609375,1.7115593232424309
2017-11-08,22913.8203125,-0.1037232829318445
2017-11-09,22868.7109375,-0.1970593952143916
2017-11-10,22681.419921875,-0.822355798250885
2017-11-13,22380.990234375,-1.3334135382051118
2017-11-14,22380.009765625,-0.0043809063700893
2017-11-15,22028.3203125,-1.5839226792004926
2017-11-16,22351.119140625,1.454748076530338
2017-11-17,22396.80078125,0.2041733183311129
2017-11-20,22261.759765625,-0.6047728613062177
2017-11-21,22416.48046875,0.6926025770340132
2017-11-22,22523.150390625,0.474726294656592
2017-11-24,22550.849609375,0.1229055430484055
2017-11-27,22495.990234375,-0.2435660406417857
2017-11-28,22486.240234375,-0.0433504521722751
2017-11-29,22597.19921875,0.4922393223105648
2017-11-30,22724.9609375,0.5637950915582041
2017-12-01,22819.029296875,0.4130885004046942
2017-12-04,22707.16015625,-0.4914506007529013
2017-12-05,22622.380859375,-0.3740580373315546
2017-12-06,22177.0390625,-1.9882242582092116
2017-12-07,22498.029296875,1.4370241387587186
2017-12-08,22811.080078125,1.3818667685969503
2017-12-11,22938.73046875,0.558038253530777
2017-12-12,22866.169921875,-0.3168246495540675
2017-12-13,22758.0703125,-0.4738700791665646
2017-12-14,22694.44921875,-0.2799454725753873
2017-12-15,22553.220703125,-0.6242486054731882
2017-12-18,22901.76953125,1.5336298959389552
2017-12-19,22868.0,-0.1475626280120534
2017-12-20,22891.720703125,0.1036750438385652
2017-12-21,22866.099609375,-0.1119856507700502
2017-12-22,22902.759765625,0.1601969749332575
2017-12-25,22939.1796875,0.158893493477662
2017-12-26,22892.689453125,-0.2028730278379958
2017-12-27,22911.2109375,0.0808729615885702
2017-12-28,22783.98046875,-0.5568673360167564
2017-12-29,22764.939453125,-0.0836068858133865
2018-01-04,23506.330078125,3.204814076874033
2018-01-05,23714.529296875,0.8818160898983943
2018-01-09,23849.990234375,0.5695897070650848
2018-01-10,23788.19921875,-0.2594181306538007
2018-01-11,23710.4296875,-0.3274604026876088
2018-01-12,23653.8203125,-0.2390385235920325
2018-01-15,23714.880859375,0.2578098161222977
2018-01-16,23951.810546875,0.9941182480395832
2018-01-17,23868.33984375,-0.3491029920090693
2018-01-18,23763.369140625,-0.440760473650109
2018-01-19,23808.060546875,0.1878918489166714
2018-01-22,23816.330078125,0.0347281349937899
2018-01-23,24124.150390625,1.284194650710962
2018-01-24,23940.779296875,-0.7630177952652895
2018-01-25,23669.490234375,-1.1396364748686558
2018-01-26,23631.880859375,-0.159020265399214
2018-01-29,23629.33984375,-0.010753068116506
2018-01-30,23291.970703125,-1.438045743390167
2018-01-31,23098.2890625,-0.8350147939364104
2018-02-01,23486.109375,1.6650607735521965
2018-02-02,23274.529296875,-0.9049556553079544
2018-02-05,22682.080078125,-2.5784410551582466
2018-02-06,21610.240234375,-4.840790158496805
2018-02-07,21645.369140625,0.1624247790314854
2018-02-08,21890.859375,1.1277634495685007
2018-02-09,21382.619140625,-2.3490767225492903
2018-02-13,21244.6796875,-0.6471905956486846
2018-02-14,21154.169921875,-0.4269450890519939
2018-02-15,21464.98046875,1.4585746278990623
2018-02-16,21720.25,1.182221336378096
2018-02-19,22149.2109375,1.955686713903755
2018-02-20,21925.099609375,-1.0169790832517065
2018-02-21,21970.810546875,0.2082697629933185
2018-02-22,21736.439453125,-1.0724689390083495
2018-02-23,21892.779296875,0.7166780309108995
2018-02-26,22153.630859375,1.1844534490089538
2018-02-27,22389.859375,1.0606745411291636
2018-02-28,22068.240234375,-1.446866843795246
2018-03-01,21724.470703125,-1.5700174085174297
2018-03-02,21181.640625,-2.530450914067394
2018-03-05,21042.08984375,-0.6610088110145385
2018-03-06,21417.759765625,1.769576333349755
2018-03-07,21252.720703125,-0.7735553181694403
2018-03-08,21368.0703125,0.5412846090412821
2018-03-09,21469.19921875,0.4721547158762935
2018-03-12,21824.029296875,1.6392310563310062
2018-03-13,21968.099609375,0.6579759233925402
2018-03-14,21777.2890625,-0.8723742674694371
2018-03-15,21803.94921875,0.1223469576680365
2018-03-16,21676.509765625,-0.5861935270577058
2018-03-19,21480.900390625,-0.9064988551937904
2018-03-20,21380.970703125,-0.4662879431511691
2018-03-22,21591.990234375,0.9821116478326292
2018-03-23,20617.859375,-4.616476328154185
2018-03-26,20766.099609375,0.7164170468583875
2018-03-27,21317.3203125,2.6198071868137807
2018-03-28,21031.310546875,-1.3507596749698718
2018-03-29,21159.080078125,0.6056825734987288
2018-03-30,21454.30078125,1.3855996422148933
2018-04-02,21388.580078125,-0.306798951689146
2018-04-03,21292.2890625,-0.4512147054793827
2018-04-04,21319.55078125,0.1279537451065494
2018-04-05,21645.419921875,1.51693523379643
2018-04-06,21567.51953125,-0.3605423560486814
2018-04-09,21678.259765625,0.5121446681172875
2018-04-10,21794.3203125,0.5339495489288386
2018-04-11,21687.099609375,-0.4931804004663432
2018-04-12,21660.279296875,-0.1237459638817646
2018-04-13,21778.740234375,0.5454139271062386
2018-04-16,21835.529296875,0.2604152044905152
2018-04-17,21847.58984375,0.0552183425483961
2018-04-18,22158.19921875,1.4116985061576282
2018-04-19,22191.1796875,0.1487302669979003
2018-04-20,22162.240234375,-0.130494817683501
2018-04-23,22088.0390625,-0.3353707257954116
2018-04-24,22278.119140625,0.8568749193087297
2018-04-25,22215.3203125,-0.2822837281065859
2018-04-26,22319.609375,0.4683481207376119
2018-04-27,22467.869140625,0.6620614157725062
2018-05-01,22508.029296875,0.1785852793103007
2018-05-02,22472.779296875,-0.1567335417842394
2018-05-07,22467.16015625,-0.0250073352241372
2018-05-08,22508.689453125,0.1846738151183901
2018-05-09,22408.880859375,-0.4444085346691387
2018-05-10,22497.1796875,0.3932606906403516
2018-05-11,22758.48046875,1.1547889661893331
2018-05-14,22865.859375,0.4707097346800999
2018-05-15,22818.01953125,-0.2094387008399929
2018-05-16,22717.23046875,-0.4426866091570309
2018-05-17,22838.369140625,0.5318290547796918
2018-05-18,22930.359375,0.4019790858464486
2018-05-21,23002.369140625,0.3135447291996673
2018-05-22,22960.33984375,-0.1828843839635126
2018-05-23,22689.740234375,-1.1855522635642572
2018-05-24,22437.009765625,-1.1201033139223533
2018-05-25,22450.7890625,0.0613943996700697
2018-05-28,22481.08984375,0.1348743323491567
2018-05-29,22358.4296875,-0.5471087268355499
2018-05-30,22018.51953125,-1.5319521054810434
2018-05-31,22201.8203125,0.8290385454259622
2018-06-01,22171.349609375,-0.1373384320664665
2018-06-04,22475.939453125,1.3644482146031278
2018-06-05,22539.5390625,0.2825679245875917
2018-06-06,22625.73046875,0.3816716329871508
2018-06-07,22823.259765625,0.8692406128134496
2018-06-08,22694.5,-0.5657576723235062
2018-06-11,22804.0390625,0.4815067753578958
2018-06-12,22878.349609375,0.3253359317648414
2018-06-13,22966.380859375,0.3840413382125569
2018-06-14,22738.609375,-0.996711163638976
2018-06-15,22851.75,0.4963367642607048
2018-06-18,22680.330078125,-0.752966837802063
2018-06-19,22278.48046875,-1.787682131174915
2018-06-20,22555.4296875,1.2354610181741577
2018-06-21,22693.0390625,0.6082406898938425
2018-06-22,22516.830078125,-0.779519516436707
2018-06-25,22338.150390625,-0.796703646966384
2018-06-26,22342.0,0.0172318550894252
2018-06-27,22271.76953125,-0.3148378964609164
2018-06-28,22270.390625,-0.0061914655490562
2018-06-29,22304.509765625,0.153086813383092
2018-07-02,21811.9296875,-2.2331836173362976
2018-07-03,21785.5390625,-0.1210649562003985
2018-07-04,21717.0390625,-0.314924124344157
2018-07-05,21546.990234375,-0.7861020185932491
2018-07-06,21788.140625,1.1129671243819304
2018-07-09,22052.1796875,1.2045635306664204
2018-07-10,22196.890625,0.654076808357753
2018-07-11,21932.2109375,-1.1995841840241808
2018-07-12,22187.9609375,1.159346637626601
2018-07-13,22597.349609375,1.8282783811924064
2018-07-16,22597.349609375,0.0
2018-07-17,22697.359375,0.4415965148668881
2018-07-18,22794.189453125,0.4257064305511581
2018-07-19,22764.6796875,-0.1295456639227522
2018-07-20,22697.880859375,-0.2938632377582855
2018-07-23,22396.990234375,-1.3344980620585425
2018-07-24,22510.48046875,0.5054414074547924
2018-07-25,22614.25,0.459923917956921
2018-07-26,22586.869140625,-0.1211512601662196
2018-07-27,22712.75,0.5557714867466295
2018-07-30,22544.83984375,-0.7420232816406536
2018-07-31,22553.720703125,0.0393842259358265
2018-08-01,22746.69921875,0.851999532546299
2018-08-02,22512.529296875,-1.0348033723193415
2018-08-03,22525.1796875,0.0561768848503338
2018-08-06,22507.3203125,-0.0793177191420533
2018-08-07,22662.740234375,0.6881573030111795
2018-08-08,22644.310546875,-0.0813546156666344
2018-08-09,22598.390625,-0.202993793270078
2018-08-10,22298.080078125,-1.337811285108301
2018-08-13,21857.4296875,-1.995968439979422
2018-08-14,22356.080078125,2.255742814477556
2018-08-15,22204.220703125,-0.6815930783539614
2018-08-16,22192.0390625,-0.0548768792462044
2018-08-17,22270.380859375,0.3523959248517141
2018-08-20,22199.0,-0.3210340207194148
2018-08-21,22219.73046875,0.0933411200021257
2018-08-22,22362.55078125,0.640706563529573
2018-08-23,22410.8203125,0.2156172241293341
2018-08-24,22601.76953125,0.848430916080377
2018-08-27,22799.640625,0.8716572718724556
2018-08-28,22813.470703125,0.0606408032520469
2018-08-29,22848.220703125,0.1522063928799613
2018-08-30,22869.5,0.0930899357378423
2018-08-31,22865.150390625,-0.0190210676192445
2018-09-03,22707.380859375,-0.6923914788981949
2018-09-04,22696.900390625,-0.0461651132783167
2018-09-05,22580.830078125,-0.5127048796675258
2018-09-06,22487.939453125,-0.4122178506401452
2018-09-07,22307.060546875,-0.8075896386977616
2018-09-10,22373.08984375,0.2955645599496388
2018-09-11,22664.689453125,1.2949292289095389
2018-09-12,22604.609375,-0.2654342565710727
2018-09-13,22821.3203125,0.9541360322523476
2018-09-14,23094.669921875,1.190665113970617
2018-09-18,23420.5390625,1.4011523500279035
2018-09-19,23672.51953125,1.0701486845056585
2018-09-20,23674.9296875,0.0101807226866512
2018-09-21,23869.9296875,0.8202825540565049
2018-09-25,23940.259765625,0.2942056062069538
2018-09-26,24033.7890625,0.3899167056247744
2018-09-27,23796.740234375,-0.991211146700294
2018-09-28,24120.0390625,1.3494385009659002
2018-10-01,24245.759765625,0.5198755704489857
2018-10-02,24270.619140625,0.1024782876875603
2018-10-03,24110.9609375,-0.6599982159446309
2018-10-04,23975.619140625,-0.5629102923683023
2018-10-05,23783.720703125,-0.8036102293004173
2018-10-09,23469.390625,-1.3304297040268511
2018-10-10,23506.0390625,0.156032398976203
2018-10-11,22590.859375,-3.971199748736628
2018-10-12,22694.66015625,0.4584289376013881
2018-10-15,22271.30078125,-1.883077226851407
2018-10-16,22549.240234375,1.2402483753003484
2018-10-17,22841.119140625,1.286100984692857
2018-10-18,22658.16015625,-0.8042323893239276
2018-10-19,22532.080078125,-0.55799838464682
2018-10-22,22614.8203125,0.3665382398076834
2018-10-23,22010.779296875,-2.707315599452414
2018-10-24,22091.1796875,0.3646118292608951
2018-10-25,21268.73046875,-3.7940478736270498
2018-10-26,21184.599609375,-0.3963456782041961
2018-10-29,21149.80078125,-0.1643998055555633
2018-10-30,21457.2890625,1.4433917961381182
2018-10-31,21920.4609375,2.135608594628134
2018-11-01,21687.650390625,-1.0677497908271172
2018-11-02,22243.66015625,2.5314039091218885
2018-11-05,21898.990234375,-1.5616503472252794
2018-11-06,22147.75,1.1295383456051853
2018-11-07,22085.80078125,-0.2801007749026681
2018-11-08,22486.919921875,1.799889991599515
2018-11-09,22250.25,-1.0580558858878977
2018-11-12,22269.880859375,0.0881886924784335
2018-11-13,21810.51953125,-2.0842730717387883
2018-11-14,21846.48046875,0.1647430910655777
2018-11-15,21803.619140625,-0.1963859981260249
2018-11-16,21680.33984375,-0.5670119742664383
2018-11-19,21821.16015625,0.6474296490514123
2018-11-20,21583.119140625,-1.0968660513016515
2018-11-21,21507.5390625,-0.3507960137193524
2018-11-22,21646.55078125,0.6442596754261789
2018-11-26,21812.0,0.7614152570938908
2018-11-27,21952.400390625,0.6416213682174545
2018-11-28,22177.01953125,1.0180105737985796
2018-11-29,22262.599609375,0.3851526433978964
2018-11-30,22351.060546875,0.3965648777569152
2018-12-03,22574.759765625,0.995868593960756
2018-12-04,22036.05078125,-2.4152673559627003
2018-12-05,21919.330078125,-0.5310884592054617
2018-12-06,21501.619140625,-1.9240658319123571
2018-12-07,21678.6796875,0.8201033529575255
2018-12-10,21219.5,-2.1408704462388273
2018-12-11,21148.01953125,-0.33743083080451
2018-12-12,21602.75,2.1274359477623315
2018-12-13,21816.189453125,0.9831708241132322
2018-12-14,21374.830078125,-2.043826441240081
2018-12-17,21506.880859375,0.6158858672857505
2018-12-18,21115.44921875,-1.8367960879238916
2018-12-19,20987.919921875,-0.605793263054453
2018-12-20,20392.580078125,-2.8775917366031902
2018-12-21,20166.189453125,-1.1163700419568092
2018-12-25,19155.740234375,-5.14049907547419
2018-12-26,19327.060546875,0.8903792907032085
2018-12-27,20077.619140625,3.809950434014437
2018-12-28,20014.76953125,-0.3135241522888884
2019-01-04,19561.9609375,-2.2883565566684414
2019-01-07,20038.970703125,2.4092000767916435
2019-01-08,20204.0390625,0.8203625230139172
2019-01-09,20427.060546875,1.0977981217379658
2019-01-10,20163.80078125,-1.2971562976153976
2019-01-11,20359.69921875,0.9668462177884464
2019-01-15,20555.2890625,0.9560864703714462
2019-01-16,20442.75,-0.5489986727827582
2019-01-17,20402.26953125,-0.1982150209169879
2019-01-18,20666.0703125,1.2847093919829078
2019-01-21,20719.330078125,0.2573844617893488
2019-01-22,20622.91015625,-0.4664483402395635
2019-01-23,20593.720703125,-0.1416392237613984
2019-01-24,20574.630859375,-0.0927403910707832
2019-01-25,20773.560546875,0.9622245404242687
2019-01-28,20649.0,-0.6014158500951584
2019-01-29,20664.640625,0.0757165212777986
2019-01-30,20556.5390625,-0.5244964415822435
2019-01-31,20773.490234375,1.0498572987214678
2019-02-01,20788.390625,0.0717021990116265
2019-02-04,20883.76953125,0.4577591967517448
2019-02-05,20844.44921875,-0.1884591545752491
2019-02-06,20874.060546875,0.1419577701317083
2019-02-07,20751.279296875,-0.5899368344011916
2019-02-08,20333.169921875,-2.0354358793884235
2019-02-12,20864.2109375,2.578175696723272
2019-02-13,21144.48046875,1.3343604877773592
2019-02-14,21139.7109375,-0.0225594063010697
2019-02-15,20900.630859375,-1.1373963451496425
2019-02-18,21281.849609375,1.8075235255795248
2019-02-19,21302.650390625,0.097691802906233
2019-02-20,21431.490234375,0.602985024340887
2019-02-21,21464.23046875,0.1526503818841767
2019-02-22,21425.509765625,-0.1805593292618195
2019-02-25,21528.23046875,0.4782861673154753
2019-02-26,21449.390625,-0.3668883022382376
2019-02-27,21556.509765625,0.4981612345210299
2019-02-28,21385.16015625,-0.7980617387607617
2019-03-01,21602.689453125,1.012058782075503
2019-03-04,21822.0390625,1.0102606624700443
2019-03-05,21726.279296875,-0.4397869932776042
2019-03-06,21596.810546875,-0.5976911429423438
2019-03-07,21456.009765625,-0.6540862234631534
2019-03-08,21025.560546875,-2.026591521309929
2019-03-11,21125.08984375,0.4722559720074856
2019-03-12,21503.689453125,1.776309668975388
2019-03-13,21290.240234375,-0.9975760134038494
2019-03-14,21287.01953125,-0.0151287478286395
2019-03-15,21450.849609375,0.7666778148085661
2019-03-18,21584.5,0.6211211086435423
2019-03-19,21566.849609375,-0.0818069041600586
2019-03-20,21608.919921875,0.1948793328817742
2019-03-22,21627.33984375,0.0852059039762608
2019-03-25,20977.109375,-3.052643438469112
2019-03-26,21428.390625,2.12848940583342
2019-03-27,21378.73046875,-0.2320183056411995
2019-03-28,21033.759765625,-1.6267769656931177
2019-03-29,21205.810546875,0.8146471732008257
2019-04-01,21509.029296875,1.41975877445345
2019-04-02,21505.310546875,-0.0172907454712718
2019-04-03,21713.2109375,0.9620967452805206
2019-04-04,21724.94921875,0.054045942523812
2019-04-05,21807.5,0.3792613633359548
2019-04-08,21761.650390625,-0.210468305619434
2019-04-09,21802.58984375,0.1879498641837923
2019-04-10,21687.5703125,-0.5289463134129729
2019-04-11,21711.380859375,0.109728685238349
2019-04-12,21870.560546875,0.7304878589559637
2019-04-15,22169.109375,1.3558385072142252
2019-04-16,22221.66015625,0.2367645632358919
2019-04-17,22277.970703125,0.2530833440360713
2019-04-18,22090.119140625,-0.8467918527106192
2019-04-19,22200.560546875,0.4987127582246399
2019-04-22,22217.900390625,0.0780749457088111
2019-04-23,22259.740234375,0.1881388288744783
2019-04-24,22200.0,-0.2687387286294665
2019-04-25,22307.580078125,0.4834245647490343
2019-04-26,22258.73046875,-0.2192222256640708
2019-05-07,21923.720703125,-1.5165124487423045
2019-05-08,21602.58984375,-1.4755980105381348
2019-05-09,21402.130859375,-0.932271773753165
2019-05-10,21344.919921875,-0.2676721346306832
2019-05-13,21191.279296875,-0.7224025464697813
2019-05-14,21067.23046875,-0.5870968244036789
2019-05-15,21188.560546875,0.5742664313972251
2019-05-16,21062.98046875,-0.5944419772577545
2019-05-17,21250.08984375,0.8844103877563714
2019-05-20,21301.73046875,0.2427188777027639
2019-05-21,21272.44921875,-0.1375540519247975
2019-05-22,21283.369140625,0.0513204658524284
2019-05-23,21151.140625,-0.6232141920818464
2019-05-24,21117.220703125,-0.1604979615511693
2019-05-27,21182.580078125,0.3090294791350773
2019-05-28,21260.140625,0.3654837952273502
2019-05-29,21003.369140625,-1.215112730334387
2019-05-30,20942.529296875,-0.2900874158408868
2019-05-31,20601.189453125,-1.6433171392928616
2019-06-03,20410.880859375,-0.928068045598264
2019-06-04,20408.5390625,-0.0114739351125056
2019-06-05,20776.099609375,1.784987402879118
2019-06-06,20774.0390625,-0.0099183634161174
2019-06-07,20884.7109375,0.5313272019126355
2019-06-10,21134.419921875,1.1885630136683492
2019-06-11,21204.279296875,0.3300027619530438
2019-06-12,21129.720703125,-0.3522401419156878
2019-06-13,21032.0,-0.4635526087706975
2019-06-14,21116.890625,0.4028136376859321
2019-06-17,21124.0,0.0336611040247404
2019-06-18,20972.7109375,-0.7187721343149776
2019-06-19,21333.869140625,1.707379684142142
2019-06-20,21462.859375,0.6028060061941839
2019-06-21,21258.640625,-0.9560540033968192
2019-06-24,21285.990234375,0.1285690466221691
2019-06-25,21193.810546875,-0.4339937122528133
2019-06-26,21086.58984375,-0.5071897710572825
2019-06-27,21338.169921875,1.1860198079418125
2019-06-28,21275.919921875,-0.2921570987743654
2019-07-01,21729.970703125,2.1116532949198583
2019-07-02,21754.26953125,0.1117592512743147
2019-07-03,21638.16015625,-0.5351608699843778
2019-07-04,21702.44921875,0.2966691543065018
2019-07-05,21746.380859375,0.2022225018126096
2019-07-08,21534.349609375,-0.9798029930430538
2019-07-09,21565.150390625,0.1429287416024691
2019-07-10,21533.48046875,-0.1469648893421787
2019-07-11,21643.529296875,0.50975770219618
2019-07-12,21685.900390625,0.1955765749119958
2019-07-16,21535.25,-0.6971170334990059
2019-07-17,21469.1796875,-0.3072723668905509
2019-07-18,21046.240234375,-1.9896470796450116
2019-07-19,21466.990234375,1.9794484376567671
2019-07-22,21416.7890625,-0.2341267287058792
2019-07-23,21620.880859375,0.9484404111466844
2019-07-24,21709.5703125,0.40936373649564
2019-07-25,21756.55078125,0.2161705984462678
2019-07-26,21658.150390625,-0.4533052466918167
2019-07-29,21616.80078125,-0.1911018769024616
2019-07-30,21709.310546875,0.4270399690882414
2019-07-31,21521.529296875,-0.8687429237420475
2019-08-01,21540.990234375,0.090384580543378
2019-08-02,21087.16015625,-2.129331069923671
2019-08-05,20720.2890625,-1.7550963669209194
2019-08-06,20585.310546875,-0.6535627002726095
2019-08-07,20516.560546875,-0.3345349605148867
2019-08-08,20593.349609375,0.373579759795027
2019-08-09,20684.8203125,0.4431923848367337
2019-08-13,20455.439453125,-1.1151277977102965
2019-08-14,20655.130859375,0.9714921262216054
2019-08-15,20405.650390625,-1.2151913879473475
2019-08-16,20418.810546875,0.0644719190585106
2019-08-19,20563.16015625,0.704457125196854
2019-08-20,20677.220703125,0.5531512334749881
2019-08-21,20618.5703125,-0.2840504013480622
2019-08-22,20628.009765625,0.0457708409856764
2019-08-23,20710.91015625,0.4010772507441407
2019-08-26,20261.0390625,-2.196083820481817
2019-08-27,20456.080078125,0.9580368726191788
2019-08-28,20479.419921875,0.1140323009570535
2019-08-29,20460.9296875,-0.0903276880076397
2019-08-30,20704.369140625,1.1827548831783077
2019-09-02,20620.189453125,-0.4074081214660758
2019-09-03,20625.16015625,0.0241030962091136
2019-09-04,20649.140625,0.1162004976191283
2019-09-05,21085.939453125,2.0932739406979604
2019-09-06,21199.5703125,0.537447146897841
2019-09-09,21318.419921875,0.5590570874506595
2019-09-10,21392.099609375,0.3450192664375276
2019-09-11,21597.759765625,0.9567918023852324
2019-09-12,21759.609375,0.746587555307251
2019-09-13,21988.2890625,1.04545259772294
2019-09-17,22001.3203125,0.0592469474784332
2019-09-18,21960.7109375,-0.1847475441687795
2019-09-19,22044.44921875,0.3805843770497143
2019-09-20,22079.08984375,0.1570165623745883
2019-09-24,22098.83984375,0.0894111673201749
2019-09-25,22020.150390625,-0.35671503879709
2019-09-26,22048.240234375,0.127482974331023
2019-09-27,21878.900390625,-0.771007082226316
2019-09-30,21755.83984375,-0.5640499862291064
2019-10-01,21885.240234375,0.5930227648730386
2019-10-02,21778.609375,-0.4884180955371908
2019-10-03,21341.740234375,-2.026347620065454
2019-10-04,21410.19921875,0.3202616946254462
2019-10-07,21375.25,-0.1633696836721376
2019-10-08,21587.779296875,0.9893670626332202
2019-10-09,21456.380859375,-0.61053041888289
2019-10-10,21551.98046875,0.4445636330833912
2019-10-11,21798.869140625,1.1390380737071926
2019-10-15,22207.2109375,1.855895897484636
2019-10-16,22472.919921875,1.189397218264902
2019-10-17,22451.859375,-0.0937591625265306
2019-10-18,22492.6796875,0.181647535276323
2019-10-21,22548.900390625,0.2496392543274543
2019-10-23,22625.380859375,0.3386021413305792
2019-10-24,22750.599609375,0.5519178497835229
2019-10-25,22799.810546875,0.2160725072606554
2019-10-28,22867.26953125,0.295438347829127
2019-10-29,22974.130859375,0.4662227627388704
2019-10-30,22843.119140625,-0.5718897394318647
2019-10-31,22927.0390625,0.3667018826633801
2019-11-01,22850.76953125,-0.3332164826729299
2019-11-05,23251.990234375,1.7405935558712184
2019-11-06,23303.8203125,0.2226579192978727
2019-11-07,23330.3203125,0.1136506537795173
2019-11-08,23391.869140625,0.2634673779156162
2019-11-11,23331.83984375,-0.2569544721888046
2019-11-12,23520.009765625,0.803259359917984
2019-11-13,23319.869140625,-0.8545788234417562
2019-11-14,23141.55078125,-0.7676013140994424
2019-11-15,23303.3203125,0.6966116241442911
2019-11-18,23416.759765625,0.4856142192554264
2019-11-19,23292.650390625,-0.5314118360900536
2019-11-20,23148.5703125,-0.620485586739816
2019-11-21,23038.580078125,-0.476281569080055
2019-11-22,23112.880859375,0.3219869704396487
2019-11-25,23292.810546875,0.7754677657831052
2019-11-26,23373.3203125,0.3450461566851935
2019-11-27,23437.76953125,0.2753589360454953
2019-11-28,23409.140625,-0.1222232574932209
2019-11-29,23293.91015625,-0.4934611364691896
2019-12-02,23529.5,1.006299331985382
2019-12-03,23379.810546875,-0.6382100246859921
2019-12-04,23135.23046875,-1.0516268580167385
2019-12-05,23300.08984375,0.7100632301448858
2019-12-06,23354.400390625,0.2328203400565612
2019-12-09,23430.69921875,0.3261675037748239
2019-12-10,23410.189453125,-0.0875720658478291
2019-12-11,23391.859375,-0.0783302420350705
2019-12-12,23424.810546875,0.1407668566394522
2019-12-13,24023.099609375,2.522011073640125
2019-12-16,23952.349609375,-0.2949427360897526
2019-12-17,24066.119140625,0.4738582761794381
2019-12-18,23934.4296875,-0.5487011575533697
2019-12-19,23864.849609375,-0.291134629203109
2019-12-20,23816.630859375,-0.202253646334594
2019-12-23,23821.109375,0.0188023848997096
2019-12-24,23830.580078125,0.0397497060792162
2019-12-25,23782.869140625,-0.2004095660016153
2019-12-26,23924.919921875,0.5955052784153467
2019-12-27,23837.720703125,-0.3651360749339835
2019-12-30,23656.619140625,-0.762627466072136
2020-01-06,23204.859375,-1.9281242316866256
2020-01-07,23575.720703125,1.5855686146
2020-01-08,23204.759765625,-1.5859978763644529
2020-01-09,23739.869140625,2.2798457036209165
2020-01-10,23850.5703125,0.4652252545259148
2020-01-14,24025.169921875,0.7293898019816537
2020-01-15,23916.580078125,-0.453008200382493
2020-01-16,23933.130859375,0.0691781897352136
2020-01-17,24041.259765625,0.4507783754647779
2020-01-20,24083.509765625,0.1755853015664328
2020-01-21,23864.560546875,-0.913282804391985
2020-01-22,24031.349609375,0.6964675528842788
2020-01-23,23795.439453125,-0.986526899137697
2020-01-24,23827.1796875,0.1332990064284901
2020-01-27,23343.509765625,-2.050794164825508
2020-01-28,23215.7109375,-0.5489746054778242
2020-01-29,23379.400390625,0.7026064402213612
2020-01-30,22977.75,-1.732895306307458
2020-01-31,23205.1796875,0.9849159745328308
2020-02-03,22971.939453125,-1.0102068828071842
2020-02-04,23084.58984375,0.4891841265045172
2020-02-05,23319.560546875,1.0127228248964646
2020-02-06,23873.58984375,2.3480303655209025
2020-02-07,23827.98046875,-0.1912280396639508
2020-02-10,23685.98046875,-0.5977208381186067
2020-02-12,23861.2109375,0.7370835454677731
2020-02-13,23827.73046875,-0.1404118995449717
2020-02-14,23687.58984375,-0.5898772456274493
2020-02-17,23523.240234375,-0.6962397102786546
2020-02-18,23193.80078125,-1.4103843347471745
2020-02-19,23400.69921875,0.8880867799202432
2020-02-20,23479.150390625,0.3346906859191969
2020-02-21,23386.740234375,-0.3943604817119742
2020-02-25,22605.41015625,-3.3979940028129816
2020-02-26,22426.189453125,-0.7959817148153056
2020-02-27,21948.23046875,-2.1542928112534727
2020-02-28,21142.9609375,-3.737948591080752
2020-03-02,21344.080078125,0.9467387609558876
2020-03-03,21082.73046875,-1.232017734928729
2020-03-04,21100.060546875,0.082166583494155
2020-03-05,21329.119140625,1.07973248966616
2020-03-06,20749.75,-2.753903648335122
2020-03-09,19698.759765625,-5.197852070887389
2020-03-10,19867.119140625,0.8510382976169099
2020-03-11,19416.060546875,-2.2965473858152277
2020-03-12,18559.630859375,-4.51117487025294
2020-03-13,17431.05078125,-6.273569461715393
2020-03-16,17002.0390625,-2.491986178446723
2020-03-17,17011.529296875,0.0558026404110003
2020-03-18,16726.55078125,-1.6893984057831315
2020-03-19,16552.830078125,-1.0440235159283666
2020-03-23,16887.779296875,2.003315292126674
2020-03-24,18092.349609375,6.889893358034758
2020-03-25,19546.630859375,7.731376161628701
2020-03-26,18664.599609375,-4.617427629785518
2020-03-27,19389.4296875,3.809939538586979
2020-03-30,19084.970703125,-1.5826904986600845
2020-03-31,18917.009765625,-0.883964620386906
2020-04-01,18065.41015625,-4.606243610695917
2020-04-02,17818.720703125,-1.3749439294280938
2020-04-03,17820.189453125,0.0082423957095942
2020-04-06,18576.30078125,4.155456327755853
2020-04-07,18950.1796875,1.9926796921249248
2020-04-08,19353.240234375,2.104644575635419
2020-04-09,19345.76953125,-0.0386092732762302
2020-04-10,19498.5,0.786377283700137
2020-04-13,19043.400390625,-2.3616934171879733
2020-04-14,19638.810546875,3.0787132943748134
2020-04-15,19550.08984375,-0.4527856296864582
2020-04-16,19290.19921875,-1.3382727578645193
2020-04-17,19897.259765625,3.0984867598646524
2020-04-20,19669.119140625,-1.1532172500420304
2020-04-21,19280.779296875,-1.994114120070029
2020-04-22,19137.94921875,-0.7435474399503152
2020-04-23,19429.439453125,1.511617948866553
2020-04-24,19262.0,-0.8655170278420897
2020-04-27,19783.220703125,2.669989604608368
2020-04-28,19771.189453125,-0.0608339263486117
2020-04-30,20193.689453125,2.114435236716569
2020-05-01,19619.349609375,-2.8853848069937253
2020-05-07,19674.76953125,0.2820776229830447
2020-05-08,20179.08984375,2.5309831564571947
2020-05-11,20390.66015625,1.0430048520665784
2020-05-12,20366.48046875,-0.1186525353151655
2020-05-13,20267.05078125,-0.4893982033805625
2020-05-14,19914.779296875,-1.7534318830247697
2020-05-15,20037.470703125,0.6141921515932809
2020-05-18,20133.73046875,0.4792485514864467
2020-05-19,20433.44921875,1.477668430151638
2020-05-20,20595.150390625,0.7882404500884116
2020-05-21,20552.310546875,-0.2082260156651914
2020-05-22,20388.16015625,-0.8019022128563245
2020-05-25,20741.650390625,1.7189427018202288
2020-05-26,21271.169921875,2.5208856196141674
2020-05-27,21419.23046875,0.6936507466901892
2020-05-28,21916.310546875,2.2941994900374016
2020-05-29,21877.890625,-0.1754567075241077
2020-06-01,22062.390625,0.8397810803422275
2020-06-02,22325.609375,1.1860044848597586
2020-06-03,22613.759765625,1.2824138175061697
2020-06-04,22695.740234375,0.3618691806826021
2020-06-05,22863.73046875,0.7374580657746113
2020-06-08,23178.099609375,1.3656017823425382
2020-06-09,23091.029296875,-0.3763650509008596
2020-06-10,23124.94921875,0.1467887473338641
2020-06-11,22472.91015625,-2.860149667724686
2020-06-12,22305.48046875,-0.7478181570589206
2020-06-15,21530.94921875,-3.534101060698342
2020-06-16,22582.2109375,4.767107107679132
2020-06-17,22455.759765625,-0.5615328673620581
2020-06-18,22355.4609375,-0.4476512536067021
2020-06-19,22478.7890625,0.5501527785665254
2020-06-22,22437.26953125,-0.1848761640080521
2020-06-23,22549.05078125,0.496957649683962
2020-06-24,22534.3203125,-0.0653476832669261
2020-06-25,22259.7890625,-1.2257624547837815
2020-06-26,22512.080078125,1.1270187772014728
2020-06-29,21995.0390625,-2.323512672543028
2020-06-30,22288.140625,1.3237795695658456
2020-07-01,22121.73046875,-0.7494321916175635
2020-07-02,22145.9609375,0.1094724861411703
2020-07-03,22306.48046875,0.7222110816923638
2020-07-06,22714.439453125,1.8123581289849349
2020-07-07,22614.689453125,-0.440115058113863
2020-07-08,22438.650390625,-0.7814735111891286
2020-07-09,22529.2890625,0.4031262972033028
2020-07-10,22290.810546875,-1.0641688360864323
2020-07-13,22784.740234375,2.191651348448648
2020-07-14,22587.009765625,-0.8716072029207713
2020-07-15,22945.5,1.5746886957289985
2020-07-16,22770.359375,-0.7662176069909229
2020-07-17,22696.419921875,-0.3252463422712353
2020-07-20,22717.48046875,0.0927493485633992
2020-07-21,22884.220703125,0.7312927946984065
2020-07-22,22751.609375,-0.5811736136168131
2020-07-27,22715.849609375,-0.1572983131104011
2020-07-28,22657.380859375,-0.257723691961719
2020-07-29,22397.109375,-1.15537598274545
2020-07-30,22339.23046875,-0.2587558067823988
2020-07-31,21710.0,-2.857136281692075
2020-08-03,22195.380859375,2.2111213941070664
2020-08-04,22573.66015625,1.6899548935257394
2020-08-05,22514.849609375,-0.2608672610029765
2020-08-06,22418.150390625,-0.4304158103649136
2020-08-07,22329.939453125,-0.3942561663258729
2020-08-11,22750.240234375,1.864735070436215
2020-08-12,22843.9609375,0.4111085739595168
2020-08-13,23249.609375,1.7601539983408785
2020-08-14,23289.359375,0.1708246260451188
2020-08-17,23096.75,-0.830466208849085
2020-08-18,23051.080078125,-0.1979288590918624
2020-08-19,23110.609375,0.2579165995863432
2020-08-20,22880.619140625,-1.0001565906387506
2020-08-21,22920.30078125,0.1732788364144106
2020-08-24,22985.509765625,0.2840992347501308
2020-08-25,23296.76953125,1.3450697032721015
2020-08-26,23290.859375,-0.0253722132697416
2020-08-27,23208.859375,-0.3526906708453999
2020-08-28,22882.650390625,-1.4155076836789833
2020-08-31,23139.759765625,1.1173341378353383
2020-09-01,23138.0703125,-0.0073013497949212
2020-09-02,23247.150390625,0.4703234243413587
2020-09-03,23465.529296875,0.9349945180871037
2020-09-04,23205.4296875,-1.1146216314693853
2020-09-07,23089.94921875,-0.4988865454486877
2020-09-08,23274.130859375,0.7945056136956834
2020-09-09,23032.5390625,-1.0434522253771168
2020-09-10,23235.470703125,0.877206272476263
2020-09-11,23406.490234375,0.733332365237897
2020-09-14,23559.30078125,0.6507335778048896
2020-09-15,23454.890625,-0.4441651543057119
2020-09-16,23475.529296875,0.0879543513135346
2020-09-17,23319.369140625,-0.6674263270298049
2020-09-18,23360.30078125,0.1753724959243107
2020-09-23,23346.490234375,-0.0591372131425833
2020-09-24,23087.8203125,-1.114144237677821
2020-09-25,23204.619140625,0.5046140464718293
2020-09-28,23511.619140625,1.3143370731762354
2020-09-29,23539.099609375,0.1168121236183077
2020-09-30,23185.119140625,-1.5152195186846824
2020-10-02,23029.900390625,-0.6717267902004885
2020-10-05,23312.140625,1.2180893113200515
2020-10-06,23433.73046875,0.5202175726613042
2020-10-07,23422.8203125,-0.0465683293595414
2020-10-08,23647.0703125,0.9528456246043612
2020-10-09,23619.689453125,-0.1158567355727279
2020-10-12,23558.689453125,-0.2585931751223638
2020-10-13,23601.779296875,0.182737181723976
2020-10-14,23626.73046875,0.1056614926881433
2020-10-15,23507.23046875,-0.5070664704094561
2020-10-16,23410.630859375,-0.4117823922043018
2020-10-19,23671.130859375,1.106596902041328
2020-10-20,23567.0390625,-0.440711253315825
2020-10-21,23639.4609375,0.3068303382707096
2020-10-22,23474.26953125,-0.7012481565144689
2020-10-23,23516.58984375,0.1801215151405886
2020-10-26,23494.33984375,-0.0946588455463095
2020-10-27,23485.80078125,-0.0363517966546435
2020-10-28,23418.509765625,-0.286929115924416
2020-10-29,23331.939453125,-0.37035114270133
2020-10-30,22977.130859375,-1.5323803061041026
2020-11-02,23295.48046875,1.3759959645881048
2020-11-04,23695.23046875,1.7014411385572985
2020-11-05,24105.279296875,1.7157092624456416
2020-11-06,24325.23046875,0.9083228121856368
2020-11-09,24839.83984375,2.0934706940010592
2020-11-10,24905.58984375,0.2643460462631968
2020-11-11,25349.599609375,1.7670665417450755
2020-11-12,25520.880859375,0.6734038903615087
2020-11-13,25385.869140625,-0.5304288146518765
2020-11-16,25906.9296875,2.031780225325067
2020-11-17,26014.619140625,0.4148166222917576
2020-11-18,25728.140625,-1.1073295827243614
2020-11-19,25634.33984375,-0.3652506057938833
2020-11-20,25527.369140625,-0.4181676536078871
2020-11-24,26165.58984375,2.4694006582825647
2020-11-25,26296.859375,0.5004333848578737
2020-11-26,26537.310546875,0.9102171277930416
2020-11-27,26644.7109375,0.4038979099790266
2020-11-30,26433.619140625,-0.7954014735596349
2020-12-01,26787.5390625,1.3300166738732542
2020-12-02,26800.98046875,0.0501652467709725
2020-12-03,26809.369140625,0.0312949719768115
2020-12-04,26751.240234375,-0.217058505311546
2020-12-07,26547.439453125,-0.7647535575538665
2020-12-08,26467.080078125,-0.3031601050295708
2020-12-09,26817.939453125,1.316934661623281
2020-12-10,26756.240234375,-0.2303320233274645
2020-12-11,26652.51953125,-0.3884038272830424
2020-12-14,26732.439453125,0.2994101076403774
2020-12-15,26687.83984375,-0.1669763630007655
2020-12-16,26757.400390625,0.2603060098449239
2020-12-17,26806.669921875,0.1839649035550423
2020-12-18,26763.390625,-0.1615802030065674
2020-12-21,26714.419921875,-0.1831440603578911
2020-12-22,26436.390625,-1.0461997849037543
2020-12-23,26524.7890625,0.333823831391405
2020-12-24,26668.349609375,0.5397722300926707
2020-12-25,26656.609375,-0.0440327936047033
2020-12-28,26854.029296875,0.737875018876534
2020-12-29,27568.150390625,2.624525841264389
2020-12-30,27444.169921875,-0.4507378636253146
2021-01-04,27258.380859375,-0.6792728098520783
2021-01-05,27158.630859375,-0.3666137061703763
2021-01-06,27055.939453125,-0.3788336916539456
2021-01-07,27490.130859375,1.592050810124788
2021-01-08,28139.029296875,2.333049318041332
2021-01-12,28164.33984375,0.089907758509952
2021-01-13,28456.58984375,1.0323129519735277
2021-01-14,28698.259765625,0.8456722878300811
2021-01-15,28519.1796875,-0.6259653161040136
2021-01-18,28242.2109375,-0.975913187363965
2021-01-19,28633.4609375,1.375829625385232
2021-01-20,28523.259765625,-0.3856110255211404
2021-01-21,28756.859375,0.8156439195476345
2021-01-22,28631.44921875,-0.4370589026078016
2021-01-25,28822.2890625,0.6643276880558635
2021-01-26,28546.1796875,-0.9625897744503228
2021-01-27,28635.2109375,0.31139963883821
2021-01-28,28197.419921875,-1.5406630614583945
2021-01-29,27663.390625,-1.912058065355841
2021-02-01,28091.05078125,1.5341147106615618
2021-02-02,28362.169921875,0.960516412281646
2021-02-03,28646.5,0.9975059447058944
2021-02-04,28341.94921875,-1.0688259979527024
2021-02-05,28779.189453125,1.5309525846166931
2021-02-08,29388.5,2.095090384451871
2021-02-09,29505.9296875,0.3987808142228882
2021-02-10,29562.9296875,0.1929951527606701
2021-02-12,29520.0703125,-0.1450819441051046
2021-02-15,30084.150390625,1.8928086386037792
2021-02-16,30467.75,1.2670279171466354
2021-02-17,30292.189453125,-0.577884168501207
2021-02-18,30236.08984375,-0.185366661964424
2021-02-19,30017.919921875,-0.7241704781705436
2021-02-22,30156.029296875,0.4590345799294666
2021-02-24,29671.69921875,-1.6191176595178205
2021-02-25,30168.26953125,1.6596990994376035
2021-02-26,28966.009765625,-4.06676287392598
2021-03-01,29663.5,2.3794268274143207
2021-03-02,29408.169921875,-0.8644809553781196
2021-03-03,29559.099609375,0.511911161212558
2021-03-04,28930.109375,-2.150873619365935
2021-03-05,28864.3203125,-0.227665853861943
2021-03-08,28743.25,-0.4203284050862498
2021-03-09,29027.939453125,0.9855838535411796
2021-03-10,29036.560546875,0.0296948869390133
2021-03-11,29211.640625,0.6011536901203942
2021-03-12,29717.830078125,1.717992363297736
2021-03-15,29766.970703125,0.1652208145046949
2021-03-16,29921.08984375,0.5164164548974178
2021-03-17,29914.330078125,-0.0225945290016612
2021-03-18,30216.75,1.005877397694786
2021-03-19,29792.05078125,-1.4154800769261364
2021-03-22,29174.150390625,-2.095854901495476
2021-03-23,28995.919921875,-0.6127928865392973
2021-03-24,28405.51953125,-2.057165176363208
2021-03-25,28729.880859375,1.1354250100448946
2021-03-26,29176.69921875,1.543269268846525
2021-03-29,29384.51953125,0.7097570349673143
2021-03-30,29432.69921875,0.1638285498703873
2021-03-31,29178.80078125,-0.8663829646873903
2021-04-01,29388.869140625,0.7173557032273948
2021-04-02,29854.0,1.5702832212749571
2021-04-05,30089.25,0.7849130895940365
2021-04-06,29696.630859375,-1.3134364811316044
2021-04-07,29730.7890625,0.1149577314029658
2021-04-08,29708.98046875,-0.0733804821270028
2021-04-09,29768.060546875,0.1986652212266342
2021-04-12,29538.73046875,-0.7733725505145719
2021-04-13,29751.609375,0.7180927671571392
2021-04-14,29620.990234375,-0.4399987610963053
2021-04-15,29642.689453125,0.0732294040265858
2021-04-16,29683.369140625,0.1371393780064077
2021-04-19,29685.369140625,0.0067375526536505
2021-04-20,29100.380859375,-1.9903040860196215
2021-04-21,28508.55078125,-2.0547192355169304
2021-04-22,29188.169921875,2.35594178335133
2021-04-23,29020.630859375,-0.5756501522127115
2021-04-26,29126.23046875,0.3632172848478271
2021-04-27,28991.890625,-0.4623001586513099
2021-04-28,29053.970703125,0.2139001829735949
2021-04-30,28812.630859375,-0.8341296587145778
2021-05-06,29331.369140625,1.7843699949441083
2021-05-07,29357.8203125,0.0901398499876391
2021-05-10,29518.33984375,0.5452798842562895
2021-05-11,28608.58984375,-3.130474287690032
2021-05-12,28147.509765625,-1.624812927882867
2021-05-13,27448.009765625,-2.5165226297273433
2021-05-14,28084.470703125,2.2923118216324627
2021-05-17,27824.830078125,-0.928798922177413
2021-05-18,28406.83984375,2.07011654015972
2021-05-19,28044.44921875,-1.2839232167115469
2021-05-20,28098.25,0.1916573248786288
2021-05-21,28317.830078125,0.7784347534505128
2021-05-24,28364.609375,0.1650574955727995
2021-05-25,28553.98046875,0.665412804526456
2021-05-26,28642.189453125,0.3084439200343997
2021-05-27,28549.009765625,-0.3258535271921174
2021-05-28,29149.41015625,2.081242653053946
2021-05-31,28860.080078125,-0.9975349763078862
2021-06-01,28814.33984375,-0.1586153585132386
2021-06-02,28946.140625,0.4563708921268056
2021-06-03,29058.109375,0.3860713277923093
2021-06-04,28941.51953125,-0.4020370577849924
2021-06-07,29019.240234375,0.2681840266470275
2021-06-08,28963.560546875,-0.1920559333614385
2021-06-09,28860.80078125,-0.3554206961905216
2021-06-10,28958.560546875,0.3381561350245831
2021-06-11,28948.73046875,-0.0339510899129148
2021-06-14,29161.80078125,0.7333309910626722
2021-06-15,29441.30078125,0.9538816609720856
2021-06-16,29291.009765625,-0.5117842028160725
2021-06-17,29018.330078125,-0.935293302934478
2021-06-18,28964.080078125,-0.1871257703292434
2021-06-21,28010.9296875,-3.346166427733329
2021-06-22,28884.130859375,3.0697559100797167
2021-06-23,28874.890625,-0.0319958136975351
2021-06-24,28875.23046875,0.001176945584064
2021-06-25,29066.1796875,0.65911378242274
2021-06-28,29048.01953125,-0.0624981745778107
2021-06-29,28812.609375,-0.8137189645178794
2021-06-30,28791.529296875,-0.0731894601742857
2021-07-01,28707.0390625,-0.2938866048222011
2021-07-02,28783.279296875,0.2652282375328699
2021-07-05,28598.189453125,-0.6451228583352792
2021-07-06,28643.2109375,0.1573039560576709
2021-07-07,28366.94921875,-0.9691741978092624
2021-07-08,28118.029296875,-0.8813724986438511
2021-07-09,27940.419921875,-0.6336599451575888
2021-07-12,28569.01953125,2.2248514400057937
2021-07-13,28718.240234375,0.5209571594742438
2021-07-14,28608.490234375,-0.3828934013407221
2021-07-15,28279.08984375,-1.1580878345444126
2021-07-16,28003.080078125,-0.9808149852017132
2021-07-19,27652.740234375,-1.258967954032401
2021-07-20,27388.16015625,-0.9614018453835652
2021-07-21,27548.0,0.5819128761092165
2021-07-26,27833.2890625,1.0302814936121054
2021-07-27,27970.220703125,0.4907645272959114
2021-07-28,27581.66015625,-1.3989333130215682
2021-07-29,27782.419921875,0.7252378989688959
2021-07-30,27283.58984375,-1.811802692044936
2021-08-02,27781.01953125,1.8067620011191177
2021-08-03,27641.830078125,-0.5022828913992152
2021-08-04,27584.080078125,-0.2091410386409923
2021-08-05,27728.119140625,0.5208232184972246
2021-08-06,27820.0390625,0.330956088373795
2021-08-10,27888.150390625,0.2445290817477156
2021-08-11,28070.509765625,0.6517669295252524
2021-08-12,28015.01953125,-0.1978772534621743
2021-08-13,27977.150390625,-0.135265864680322
2021-08-16,27523.189453125,-1.635921736585627
2021-08-17,27424.470703125,-0.3593195995348305
2021-08-18,27585.91015625,0.5869434607505339
2021-08-19,27281.169921875,-1.1108423032734374
2021-08-20,27013.25,-0.9869231383713796
2021-08-23,27494.240234375,1.7649050341704546
2021-08-24,27732.099609375,0.8614036217756317
2021-08-25,27724.80078125,-0.0263225247560967
2021-08-26,27742.2890625,0.0630582274237123
2021-08-27,27641.140625,-0.3652664724108607
2021-08-30,27789.2890625,0.5345395700230887
2021-08-31,28089.5390625,1.0746570738683243
2021-09-01,28451.01953125,1.2786764154403587
2021-09-02,28543.509765625,0.3245585732725079
2021-09-03,29128.109375,2.0274084284826546
2021-09-06,29659.890625,1.8091983232443485
2021-09-07,29916.140625,0.8602505903672443
2021-09-08,30181.2109375,0.8821421394828346
2021-09-09,30008.189453125,-0.5749250194810136
2021-09-10,30381.83984375,1.237473017240013
2021-09-13,30447.369140625,0.2154534747964781
2021-09-14,30670.099609375,0.7288634799050682
2021-09-15,30511.7109375,-0.5177650818119582
2021-09-16,30323.33984375,-0.619286721580175
2021-09-17,30500.05078125,0.5810640705257573
2021-09-21,29839.7109375,-2.188826036345549
2021-09-22,29639.400390625,-0.6735517720277217
2021-09-24,30248.810546875,2.035229245204249
2021-09-27,30240.060546875,-0.0289309418503442
2021-09-28,30183.9609375,-0.1856865005535862
2021-09-29,29544.2890625,-2.1420226877342357
2021-09-30,29452.66015625,-0.3106227733398677
2021-10-01,28771.0703125,-2.3413854652108204
2021-10-04,28444.890625,-1.140182619694275
2021-10-05,27822.119140625,-2.2137196182099124
2021-10-06,27528.869140625,-1.0596115909996242
2021-10-07,27678.2109375,0.541025393639979
2021-10-08,28048.939453125,1.3305327196387935
2021-10-11,28498.19921875,1.5890077875144664
2021-10-12,28230.609375,-0.9434071860250092
2021-10-13,28140.279296875,-0.3204851211991343
2021-10-14,28550.9296875,1.4487522157883923
2021-10-15,29068.630859375,1.7970116343966165
2021-10-18,29025.4609375,-0.1486207236774725
2021-10-19,29215.51953125,0.6526650715115639
2021-10-20,29255.55078125,0.1369267093644006
2021-10-21,28708.580078125,-1.8873290460238483
2021-10-22,28804.849609375,0.3347726667770635
2021-10-25,28600.41015625,-0.7122703329841217
2021-10-26,29106.009765625,1.7523615159790715
2021-10-27,29098.240234375,-0.0266974707041074
2021-10-28,28820.08984375,-0.960499132704402
2021-10-29,28892.689453125,0.2515895042801147
2021-11-01,29647.080078125,2.5775037916675463
2021-11-02,29520.900390625,-0.426514063122166
2021-11-04,29794.369140625,0.9220920339970456
2021-11-05,29611.5703125,-0.6154246755879189
2021-11-08,29507.05078125,-0.3535929567203997
2021-11-09,29285.4609375,-0.7538065190402808
2021-11-10,29106.779296875,-0.6120066557498877
2021-11-11,29277.859375,0.5860465069668976
2021-11-12,29609.970703125,1.1279575044773713
2021-11-15,29776.80078125,0.5618440363517875
2021-11-16,29808.119140625,0.1051217734289639
2021-11-17,29688.330078125,-0.4026768855505176
2021-11-18,29598.66015625,-0.3024946616317526
2021-11-19,29745.869140625,0.4961174620813158
2021-11-22,29774.109375,0.0948933020421785
2021-11-24,29302.66015625,-1.5960900737674866
2021-11-25,29499.279296875,0.668753021540495
2021-11-26,28751.619140625,-2.5671748840588373
2021-11-29,28283.919921875,-1.640064107077229
2021-11-30,27821.759765625,-1.6475002612546574
2021-12-01,27935.619140625,0.4084106372905949
2021-12-02,27753.369140625,-0.6545302986172303
2021-12-03,28029.5703125,0.990279220581972
2021-12-06,27927.369140625,-0.36528547313684
2021-12-07,28455.599609375,1.8737783260187897
2021-12-08,28860.619140625,1.4133042329316077
2021-12-09,28725.470703125,-0.4693796227388321
2021-12-10,28437.76953125,-1.0066035444097383
2021-12-13,28640.490234375,0.7103284379749729
2021-12-14,28432.640625,-0.728365607919103
2021-12-15,28459.720703125,0.0951975960847992
2021-12-16,29066.3203125,2.1090347371834293
2021-12-17,28545.6796875,-1.807452610097292
2021-12-20,27937.810546875,-2.1524612136679315
2021-12-21,28517.58984375,2.054009630890996
2021-12-22,28562.2109375,0.1563463860373085
2021-12-23,28798.369140625,0.8234210223792673
2021-12-24,28782.58984375,-0.0548073444704866
2021-12-27,28676.4609375,-0.3694075189023245
2021-12-28,29069.16015625,1.3601213916404693
2021-12-29,28906.880859375,-0.559816496069642
2021-12-30,28791.7109375,-0.3992127753705654
2022-01-04,29301.7890625,1.756104326733969
2022-01-05,29332.16015625,0.1035956024483184
2022-01-06,28487.869140625,-2.9206177863185667
2022-01-07,28478.560546875,-0.0326809803033593
2022-01-11,28222.48046875,-0.9032702562802166
2022-01-12,28765.66015625,1.9063479926556044
2022-01-13,28489.130859375,-0.9659678856499028
2022-01-14,28124.279296875,-1.2889405981770352
2022-01-17,28333.51953125,0.7412304295531441
2022-01-18,28257.25,-0.2695477656883021
2022-01-19,27467.23046875,-2.835638702338303
2022-01-20,27772.9296875,1.1068119232152407
2022-01-21,27522.259765625,-0.9066670773178458
2022-01-24,27588.369140625,0.2399152686954675
2022-01-25,27131.33984375,-1.6704764448193508
2022-01-26,27011.330078125,-0.4433101002885202
2022-01-27,26170.30078125,-3.1631200669648702
2022-01-28,26717.33984375,2.0687577129735315
2022-01-31,27001.98046875,1.0597427042282983
2022-02-01,27078.48046875,0.2829119785550195
2022-02-02,27533.599609375,1.6667729060441112
2022-02-03,27241.310546875,-1.0672471611965966
2022-02-04,27439.990234375,0.7266855724729172
2022-02-07,27248.869140625,-0.6989426145974705
2022-02-08,27284.51953125,0.1307470398296254
2022-02-09,27579.869140625,1.0766636414174984
2022-02-10,27696.080078125,0.4204762120239306
2022-02-14,27079.58984375,-2.2510587919766016
2022-02-15,26865.189453125,-0.794892563592726
2022-02-16,27460.400390625,2.1913604902611015
2022-02-17,27232.869140625,-0.8320313068461136
2022-02-18,27122.0703125,-0.4076868917674984
2022-02-21,26910.869140625,-0.7817536844073542
2022-02-22,26449.609375,-1.728887250668891
2022-02-24,25970.8203125,-1.8267777661227824
2022-02-25,26476.5,1.928393500328197
2022-02-28,26526.8203125,0.1898761335011315
2022-03-01,26844.720703125,1.1912871323402634
2022-03-02,26393.029296875,-1.696924626265713
2022-03-03,26577.26953125,0.6956388067262209
2022-03-04,25985.470703125,-2.2518758856012853
2022-03-07,25221.41015625,-2.984431953468377
2022-03-08,24790.94921875,-1.7214607475317925
2022-03-09,24717.529296875,-0.2965955646327782
2022-03-10,25690.400390625,3.860471640949183
2022-03-11,25162.779296875,-2.075150583539042
2022-03-14,25307.849609375,0.5748718221443351
2022-03-15,25346.48046875,0.1525274021188417
2022-03-16,25762.009765625,1.626103417102659
2022-03-17,26652.890625,3.399669391396775
2022-03-18,26827.4296875,0.652724894562206
2022-03-22,27224.109375,1.4678094880970864
2022-03-23,28040.16015625,2.953481907126488
2022-03-24,28110.390625,0.2501507265568511
2022-03-25,28149.83984375,0.1402384060166634
2022-03-28,27943.890625,-0.7343071763588856
2022-03-29,28252.419921875,1.0980521456373018
2022-03-30,28027.25,-0.8001863680157761
2022-03-31,27821.4296875,-0.7370675383853523
2022-04-01,27665.98046875,-0.5603059324508334
2022-04-04,27736.470703125,0.2544662588789682
2022-04-05,27787.98046875,0.1855390888684724
2022-04-06,27350.30078125,-1.5876043670235125
2022-04-07,26888.5703125,-1.7026225425758237
2022-04-08,26985.80078125,0.3609529813215765
2022-04-11,26821.51953125,-0.6106297786499894
2022-04-12,26334.98046875,-1.830642160578562
2022-04-13,26843.490234375,1.9125230898785757
2022-04-14,27172.0,1.2163689141290548
2022-04-15,27093.189453125,-0.2904646720279935
2022-04-18,26799.7109375,-1.089128306431205
2022-04-19,26985.08984375,0.6893383916560986
2022-04-20,27217.849609375,0.8588508251262466
2022-04-21,27553.060546875,1.2240626347200991
2022-04-22,27105.259765625,-1.6385823713899073
2022-04-25,26590.779296875,-1.9163283627123353
2022-04-26,26700.109375,0.4103149121295682
2022-04-27,26386.630859375,-1.1810186796596822
2022-04-28,26847.900390625,1.7330145112021005
2022-05-02,26818.529296875,-0.1094579865047875
2022-05-06,27003.560546875,0.6875689126311368
2022-05-09,26319.33984375,-2.5664705198281035
2022-05-10,26167.099609375,-0.5801142653580975
2022-05-11,26213.640625,0.1777028261308857
2022-05-12,25748.720703125,-1.7894965382352412
2022-05-13,26427.650390625,2.6025880887730595
2022-05-16,26547.05078125,0.45078345011477
2022-05-17,26659.75,0.4236277529837421
2022-05-18,26911.19921875,0.938759043972036
2022-05-19,26402.83984375,-1.9070953595913975
2022-05-20,26739.029296875,1.2652695270856948
2022-05-23,27001.51953125,0.9768873878992078
2022-05-24,26748.140625,-0.9428181775579716
2022-05-25,26677.80078125,-0.2633173418789493
2022-05-26,26604.83984375,-0.2738639911448021
2022-05-27,26781.6796875,0.6624911759970418
2022-05-30,27369.4296875,2.1708625686220384
2022-05-31,27279.80078125,-0.3280155487794455
2022-06-01,27457.890625,0.6507050902587038
2022-06-02,27413.880859375,-0.1604095288755331
2022-06-03,27761.5703125,1.260321566957044
2022-06-06,27915.890625,0.554338165132196
2022-06-07,27943.94921875,0.1004607109089405
2022-06-08,28234.2890625,1.033647325674637
2022-06-09,28246.529296875,0.0433429788100519
2022-06-10,27824.2890625,-1.5061246776425674
2022-06-13,26987.439453125,-3.053779419783562
2022-06-14,26629.859375,-1.3338433209455094
2022-06-15,26326.16015625,-1.146999155165431
2022-06-16,26431.19921875,0.3981973417052308
2022-06-17,25963.0,-1.7872653416068405
2022-06-20,25771.220703125,-0.7414054865351098
2022-06-21,26246.310546875,1.826703586681828
2022-06-22,26149.55078125,-0.3693416738139886
2022-06-23,26171.25,0.0829468191239838
2022-06-24,26491.970703125,1.218021472848524
2022-06-27,26871.26953125,1.42159739277313
2022-06-28,27049.470703125,0.6609769075371151
2022-06-29,26804.599609375,-0.9093937742891248
2022-06-30,26393.0390625,-1.5473196496300397
2022-07-01,25935.619140625,-1.7483023208398012
2022-07-04,26153.810546875,0.8377618403396865
2022-07-05,26423.470703125,1.0257758269007162
2022-07-06,26107.650390625,-1.2024267181146908
2022-07-07,26490.529296875,1.4558894298755405
2022-07-08,26517.189453125,0.1005897221259343
2022-07-11,26812.30078125,1.106758527809875
2022-07-12,26336.66015625,-1.7898875723922485
2022-07-13,26478.76953125,0.5381371269266477
2022-07-14,26643.390625,0.6197851150488489
2022-07-15,26788.470703125,0.5430484024132014
2022-07-19,26961.6796875,0.6444989741503934
2022-07-20,27680.259765625,2.630292824954134
2022-07-21,27803.0,0.4424413241682326
2022-07-22,27914.66015625,0.400807591053954
2022-07-25,27699.25,-0.7746667439472552
2022-07-26,27655.2109375,-0.15911661335215
2022-07-27,27715.75,0.2186672782898527
2022-07-28,27815.48046875,0.3591873442432514
2022-07-29,27801.640625,-0.0497682863244011
2022-08-01,27993.349609375,0.6871933770377983
2022-08-02,27594.73046875,-1.434213856409781
2022-08-03,27741.900390625,0.5319090323200355
2022-08-04,27932.19921875,0.6836197462446377
2022-08-05,28175.869140625,0.868579015209845
2022-08-08,28249.240234375,0.2600655485330106
2022-08-09,27999.9609375,-0.8863447787438062
2022-08-10,27819.330078125,-0.6472009464600973
2022-08-12,28546.98046875,2.5820061972446524
2022-08-15,28871.779296875,1.1313455526009584
2022-08-16,28868.91015625,-0.009938019980488
2022-08-17,29222.76953125,1.2182940953434198
2022-08-18,28942.140625,-0.9649497712790428
2022-08-19,28930.330078125,-0.0408157692093303
2022-08-22,28794.5,-0.4706131785384556
2022-08-23,28452.75,-1.1939579972740406
2022-08-24,28313.470703125,-0.490712873380789
2022-08-25,28479.009765625,0.582962849827591
2022-08-26,28641.380859375,0.5685238819933152
2022-08-29,27878.9609375,-2.698023919572206
2022-08-30,28195.580078125,1.129291474352036
2022-08-31,28091.529296875,-0.3697148456441759
2022-09-01,27661.470703125,-1.5427586805573312
2022-09-02,27650.83984375,-0.0384393976703981
2022-09-05,27619.609375,-0.1130096553047526
2022-09-06,27626.509765625,0.0249805444010206
2022-09-07,27430.30078125,-0.7127540192513991
2022-09-08,28065.279296875,2.2884929829326506
2022-09-09,28214.75,0.5311690715995844
2022-09-12,28542.109375,1.1535627896219054
2022-09-13,28614.630859375,0.2537636785970188
2022-09-14,27818.619140625,-2.8212605756999176
2022-09-15,27875.91015625,0.2057330820668592
2022-09-16,27567.650390625,-1.1119882597142638
2022-09-20,27688.419921875,0.4371274427322767
2022-09-21,27313.130859375,-1.3646702007565743
2022-09-22,27153.830078125,-0.5849462967285619
2022-09-26,26431.55078125,-2.69597055151386
2022-09-27,26571.869140625,0.5294703148867005
2022-09-28,26173.98046875,-1.5087299656646498
2022-09-29,26422.05078125,0.9433112959962192
2022-09-30,25937.2109375,-1.8520265034401056
2022-10-03,26215.7890625,1.0683211877693193
2022-10-04,26992.2109375,2.9186475360382316
2022-10-05,27120.529296875,0.4742639139589066
2022-10-06,27311.30078125,0.7009584841032807
2022-10-07,27116.109375,-0.7172571412214898
2022-10-11,26401.25,-2.671663564077001
2022-10-12,26396.830078125,-0.0167427371555343
2022-10-13,26237.419921875,-0.6057297051160201
2022-10-14,27090.759765625,3.2006068591212564
2022-10-17,26775.7890625,-1.1694615663752996
2022-10-18,27156.140625,1.410510881864402
2022-10-19,27257.380859375,0.3721146819224961
2022-10-20,27006.9609375,-0.9229696382430504
2022-10-21,26890.580078125,-0.4318602966308764
2022-10-24,26974.900390625,0.3130776172055398
2022-10-25,27250.279296875,1.0156952001189334
2022-10-26,27431.83984375,0.66406063600824
2022-10-27,27345.240234375,-0.3161894770599074
2022-10-28,27105.19921875,-0.8816919498206328
2022-10-31,27587.4609375,1.7635793057989482
2022-11-01,27678.919921875,0.3309754192086985
2022-11-02,27663.390625,-0.0561208851930138
2022-11-04,27199.740234375,-1.6902477923210206
2022-11-07,27527.640625,1.1983190470849874
2022-11-08,27872.109375,1.2435911331146707
2022-11-09,27716.4296875,-0.5601157977400343
2022-11-10,27446.099609375,-0.9801299747598842
2022-11-11,28263.5703125,2.934964017180095
2022-11-14,27963.470703125,-1.0674666623297575
2022-11-15,27990.169921875,0.095433364042573
2022-11-16,28028.30078125,0.1361367591276901
2022-11-17,27930.5703125,-0.3492942806185156
2022-11-18,27899.76953125,-0.1103370836036766
2022-11-21,27944.7890625,0.161231611946625
2022-11-22,28115.740234375,0.6098825819371523
2022-11-24,28383.08984375,0.9463969589151224
2022-11-25,28283.029296875,-0.3531586506702066
2022-11-28,28162.830078125,-0.4258927112337006
2022-11-29,28027.83984375,-0.4804729833435719
2022-11-30,27968.990234375,-0.210189151632703
2022-12-01,28226.080078125,0.9149971198193264
2022-12-02,27777.900390625,-1.600562144312326
2022-12-05,27820.400390625,0.1528823999322007
2022-12-06,27885.869140625,0.2350499528795185
2022-12-07,27686.400390625,-0.7178746101496469
2022-12-08,27574.4296875,-0.4052449310000979
2022-12-09,27901.009765625,1.1773997793297175
2022-12-12,27842.330078125,-0.2105353189792637
2022-12-13,27954.849609375,0.4033167425467943
2022-12-14,28156.2109375,0.7177272735879849
2022-12-15,28051.69921875,-0.3718759117781324
2022-12-16,27527.119140625,-1.8877539028801464
2022-12-19,27237.640625,-1.057180613749391
2022-12-20,26568.029296875,-2.489127638949298
2022-12-21,26387.720703125,-0.6809809720177208
2022-12-22,26507.869140625,0.4542860547956492
2022-12-23,26235.25,-1.0337711266382608
2022-12-26,26405.869140625,0.6482375028426324
2022-12-27,26447.869140625,0.1589291891407026
2022-12-28,26340.5,-0.4067914596881906
2022-12-29,26093.669921875,-0.9414925486891276
2022-12-30,26094.5,0.0031810968896288
2023-01-04,25716.859375,-1.4577780520938353
2023-01-05,25820.80078125,0.4033615296562223
2023-01-06,25973.849609375,0.5909848697618759
2023-01-10,26175.560546875,0.773592425440218
2023-01-11,26446.0,1.027874625394543
2023-01-12,26449.8203125,0.0144446668340659
2023-01-13,26119.51953125,-1.2566455232761584
2023-01-16,25822.3203125,-1.1443663259038128
2023-01-17,26138.6796875,1.2176951332297214
2023-01-18,26791.119140625,2.4654259606584668
2023-01-19,26405.23046875,-1.4508342905426903
2023-01-20,26553.529296875,0.560055471133265
2023-01-23,26906.0390625,1.3188092820059605
2023-01-24,27299.189453125,1.4506249512405751
2023-01-25,27395.009765625,0.3503860076612355
2023-01-26,27362.75,-0.1178272065743107
2023-01-27,27382.560546875,0.0723734966221563
2023-01-30,27433.400390625,0.1854929019132892
2023-01-31,27327.109375,-0.3882036510088401
2023-02-01,27346.880859375,0.0723250128702933
2023-02-02,27402.05078125,0.2015379620958895
2023-02-03,27509.4609375,0.3912122973054605
2023-02-06,27693.650390625,0.6673179544043314
2023-02-07,27685.470703125,-0.0295406911411171
2023-02-08,27606.4609375,-0.2857914963641302
2023-02-09,27584.349609375,-0.08012685115119
2023-02-10,27670.98046875,0.3135658776614822
2023-02-13,27427.3203125,-0.8844619206005223
2023-02-14,27602.76953125,0.6376504698627659
2023-02-15,27501.859375,-0.366249700080255
2023-02-16,27696.439453125,0.7050249309804929
2023-02-17,27513.130859375,-0.664048882508275
2023-02-20,27531.939453125,0.0683388880247517
2023-02-21,27473.099609375,-0.2139435484321346
2023-02-22,27104.3203125,-1.351419359891925
2023-02-24,27453.48046875,1.279981664585004
2023-02-27,27423.9609375,-0.1075834927458851
2023-02-28,27445.560546875,0.0787308141437685
2023-03-01,27516.529296875,0.2582463281266135
2023-03-02,27498.869140625,-0.0642007778118723
2023-03-03,27927.470703125,1.5465935761209575
2023-03-06,28237.779296875,1.1049955307690156
2023-03-07,28309.16015625,0.25246599720486
2023-03-08,28444.189453125,0.4758469855743233
2023-03-09,28623.150390625,0.6271942047493668
2023-03-10,28143.970703125,-1.6882697580858388
2023-03-13,27832.9609375,-1.111218342304656
2023-03-14,27222.0390625,-2.219405873863012
2023-03-15,27229.48046875,0.0273322263928996
2023-03-16,27010.609375,-0.8070498494962401
2023-03-17,27333.7890625,1.1893902836930397
2023-03-20,26945.669921875,-1.430101783178469
2023-03-22,27466.609375,1.9148448739832256
2023-03-23,27419.609375,-0.1712634339126885
2023-03-24,27385.25,-0.1253880765083157
2023-03-27,27476.869140625,0.3339981292424903
2023-03-28,27518.25,0.1504892355221339
2023-03-29,27883.779296875,1.3195711620534936
2023-03-30,27782.9296875,-0.3623340468636821
2023-03-31,28041.48046875,0.9263067151335684
2023-04-03,28188.150390625,0.5216831491597715
2023-04-04,28287.419921875,0.3515489367783688
2023-04-05,27813.259765625,-1.6904303120466424
2023-04-06,27472.630859375,-1.232260935546454
2023-04-07,27518.310546875,0.1661353555278492
2023-04-10,27633.66015625,0.4182979360365764
2023-04-11,27923.369140625,1.042934131055368
2023-04-12,28082.69921875,0.5689758721851732
2023-04-13,28156.970703125,0.2641250478743008
2023-04-14,28493.470703125,1.1880011851249617
2023-04-17,28514.779296875,0.0747561791226833
2023-04-18,28658.830078125,0.5039076162568722
2023-04-19,28606.759765625,-0.1818555505755215
2023-04-20,28657.5703125,0.1774597210516303
2023-04-21,28564.369140625,-0.3257535664922826
2023-04-24,28593.51953125,0.1019995448735246
2023-04-25,28620.0703125,0.0928128552270915
2023-04-26,28416.470703125,-0.7139299492267528
2023-04-27,28457.6796875,0.1449129043808152
2023-04-28,28856.439453125,1.3915112224215482
2023-05-01,29123.1796875,0.9201237270608762
2023-05-02,29157.94921875,0.1193166159526167
2023-05-08,28949.880859375,-0.7161487474567143
2023-05-09,29242.8203125,1.0067995528449354
2023-05-10,29122.1796875,-0.4134011712938892
2023-05-11,29126.720703125,0.0155917643208655
2023-05-12,29388.30078125,0.8940672461563601
2023-05-15,29626.33984375,0.8067162687943656
2023-05-16,29842.990234375,0.728615401591347
2023-05-17,30093.58984375,0.836220783178476
2023-05-18,30573.9296875,1.583548775450404
2023-05-19,30808.349609375,0.7638069626373304
2023-05-22,31086.8203125,0.8998200744895645
2023-05-23,30957.76953125,-0.415994263732716
2023-05-24,30682.6796875,-0.8925686738269373
2023-05-25,30801.130859375,0.3853089695260961
2023-05-26,30916.310546875,0.3732488534654124
2023-05-29,31233.5390625,1.0208593347258557
2023-05-30,31328.16015625,0.3024891173990195
2023-05-31,30887.880859375,-1.4153476801977043
2023-06-01,31148.009765625,0.8386449465125958
2023-06-02,31524.220703125,1.2005810343095205
2023-06-05,32217.4296875,2.1751439164993704
2023-06-06,32506.779296875,0.894106058692083
2023-06-07,31913.740234375,-1.841201592875538
2023-06-08,31641.26953125,-0.8574379060420299
2023-06-09,32265.169921875,1.9526051475909605
2023-06-12,32434.0,0.5218937477408182
2023-06-13,33018.6484375,1.786525072473324
2023-06-14,33502.421875,1.4545224972082915
2023-06-15,33485.48828125,-0.0505571649307792
2023-06-16,33706.078125,0.6566021543037965
2023-06-19,33370.421875,-1.000824586093791
2023-06-20,33388.91015625,0.0553878571283474
2023-06-21,33575.140625,0.5562117186669766
2023-06-22,33264.87890625,-0.928377787258327
2023-06-23,32781.5390625,-1.4636629432637849
2023-06-26,32698.810546875,-0.2526820951194239
2023-06-27,32538.330078125,-0.4919921103935955
2023-06-28,33193.98828125,1.9950002235872095
2023-06-29,33234.140625,0.1208895969255824
2023-06-30,33189.0390625,-0.1358006938044271
2023-07-03,33753.328125,1.685935087641736
2023-07-04,33422.51953125,-0.984911331862542
2023-07-05,33338.69921875,-0.251104932212337
2023-07-06,32773.01953125,-1.711325930449109
2023-07-07,32388.419921875,-1.180465252915526
2023-07-10,32189.73046875,-0.6153476953904035
2023-07-11,32203.5703125,0.0429853534302266
2023-07-12,31943.9296875,-0.8095157032980083
2023-07-13,32419.330078125,1.477268360749288
2023-07-14,32391.259765625,-0.08662261622022
2023-07-18,32493.890625,0.3163464809654001
2023-07-19,32896.03125,1.2299928899908406
2023-07-20,32490.51953125,-1.240367974553177
2023-07-21,32304.25,-0.574953953000951
2023-07-24,32700.939453125,1.220500642365994
2023-07-25,32682.509765625,-0.0563741687179225
2023-07-26,32668.33984375,-0.0433656859299109
2023-07-27,32891.16015625,0.6797525010879735
2023-07-28,32759.23046875,-0.4019164664211202
2023-07-31,33172.21875,1.2527972240113532
2023-08-01,33476.578125,0.9133292872419144
2023-08-02,32707.689453125,-2.323583212546503
2023-08-03,32159.279296875,-1.6909167594528025
2023-08-04,32192.75,0.1040237782985626
2023-08-07,32254.560546875,0.1918173630601209
2023-08-08,32377.2890625,0.3797776603246238
2023-08-09,32204.330078125,-0.5356304168039222
2023-08-10,32473.650390625,0.8328085297360465
2023-08-14,32059.91015625,-1.282265846804998
2023-08-15,32238.890625,0.5567162337129749
2023-08-16,31766.8203125,-1.4751148471607551
2023-08-17,31626.0,-0.4442791579120207
2023-08-18,31450.759765625,-0.5556426356965283
2023-08-21,31565.640625,0.3646066291624942
2023-08-22,31856.7109375,0.9178857261415247
2023-08-23,32010.259765625,0.4808404791444447
2023-08-24,32287.2109375,0.8614736525139314
2023-08-25,31624.279296875,-2.074604785739367
2023-08-28,32169.990234375,1.7108879931396843
2023-08-29,32226.970703125,0.1769663747822653
2023-08-30,32333.4609375,0.3298934912494978
2023-08-31,32619.33984375,0.880272286407265
2023-09-01,32710.619140625,0.2794410334614427
2023-09-04,32939.1796875,0.696305165946115
2023-09-05,33036.76171875,0.2958111709422731
2023-09-06,33241.01953125,0.6163708419793614
2023-09-07,32991.078125,-0.7547476271285938
2023-09-08,32606.83984375,-1.1715087540828366
2023-09-11,32467.759765625,-0.4274487764001707
2023-09-12,32776.37109375,0.9460272539440682
2023-09-13,32706.51953125,-0.2133430223606801
2023-09-14,33168.1015625,1.4014185676380673
2023-09-15,33533.08984375,1.09440900988244
2023-09-19,33242.58984375,-0.8700827428024468
2023-09-20,33023.78125,-0.6603934555654025
2023-09-21,32571.029296875,-1.3804724471997258
2023-09-22,32402.41015625,-0.51904138244678
2023-09-25,32678.619140625,0.8488207569986963
2023-09-26,32315.05078125,-1.1187924981461723
2023-09-27,32371.900390625,0.1757684447366761
2023-09-28,31872.51953125,-1.5546592783027364
2023-09-29,31857.619140625,-0.0467608927487988
2023-10-02,31759.880859375,-0.307268780285056
2023-10-03,31237.939453125,-1.6570520903407755
2023-10-04,30526.880859375,-2.3025729076106383
2023-10-05,31075.359375,1.7807566979314242
2023-10-06,30994.669921875,-0.2599950394493565
2023-10-10,31746.529296875,2.396815418121354
2023-10-11,31936.509765625,0.5966456222347307
2023-10-12,32494.66015625,1.7325910850237145
2023-10-13,32315.990234375,-0.5513611526101144
2023-10-16,31659.029296875,-2.0538767680627923
2023-10-17,32040.2890625,1.1970750340029166
2023-10-18,32042.25,0.0061200368440438
2023-10-19,31430.619140625,-1.9272794804600004
2023-10-20,31259.359375,-0.5463718307780945
2023-10-23,30999.55078125,-0.8346117888506225
2023-10-24,31062.349609375,0.2023748843099033
2023-10-25,31269.919921875,0.6660148309590518
2023-10-26,30601.779296875,-2.1598456380856264
2023-10-27,30991.689453125,1.2660932162877616
2023-10-30,30696.9609375,-0.955542895819292
2023-10-31,30858.849609375,0.5259911084911963
2023-11-01,31601.650390625,2.3785778266317035
2023-11-02,31949.890625,1.0959410719520957
2023-11-06,32708.48046875,2.3465628331987873
2023-11-07,32271.8203125,-1.343997254279732
2023-11-08,32166.48046875,-0.3269482165383556
2023-11-09,32646.4609375,1.4811524772588347
2023-11-10,32568.109375,-0.2402886343459992
2023-11-13,32585.109375,0.0521846831574721
2023-11-14,32695.9296875,0.3395179382738351
2023-11-15,33519.69921875,2.488270661872495
2023-11-16,33424.41015625,-0.2846826337517681
2023-11-17,33585.19921875,0.4798994430358148
2023-11-20,33388.03125,-0.5887980525744572
2023-11-21,33354.140625,-0.1015568626574401
2023-11-22,33451.828125,0.2924516220718237
2023-11-24,33625.53125,0.5179199506488198
2023-11-27,33447.671875,-0.5303453051143999
2023-11-28,33408.390625,-0.1175099252073195
2023-11-29,33321.21875,-0.2612690989917327
2023-11-30,33486.890625,0.4959643856124849
2023-12-01,33431.51171875,-0.165511778382499
2023-12-04,33231.26953125,-0.6007633825082408
2023-12-05,32775.8203125,-1.3800228067112543
2023-12-06,33445.8984375,2.0238103402394376
2023-12-07,32858.30859375,-1.7724523164329844
2023-12-08,32307.859375,-1.6894113245277411
2023-12-11,32791.80078125,1.4867983025982685
2023-12-12,32843.69921875,0.1581413970060102
2023-12-13,32926.3515625,0.2513374591569691
2023-12-14,32686.25,-0.7318796344914846
2023-12-15,32970.55078125,0.8660262295699396
2023-12-18,32758.98046875,-0.6437625193790526
2023-12-19,33219.390625,1.3956623120534355
2023-12-20,33675.94140625,1.3649917149243316
2023-12-21,33140.46875,-1.6028521111137666
2023-12-22,33169.05078125,0.0862079328041795
2023-12-25,33254.03125,0.2558764589571278
2023-12-26,33305.8515625,0.1557103792269389
2023-12-27,33681.23828125,1.1207850622050284
2023-12-28,33539.62109375,-0.4213495582588989
2023-12-29,33464.171875,-0.2252088942918662
2024-01-04,33288.2890625,-0.5269714915382578
2024-01-05,33377.421875,0.2674024302984675
2024-01-09,33763.1796875,1.1491170718168873
2024-01-10,34441.71875,1.9897733598368323
2024-01-11,35049.859375,1.750301739974527
2024-01-12,35577.109375,1.493083461670366
2024-01-15,35901.7890625,0.9084692898838748
2024-01-16,35619.1796875,-0.7902880814233338
2024-01-17,35477.75,-0.3978508626845268
2024-01-18,35466.171875,-0.0326402172216864
2024-01-19,35963.26953125,1.3918789557269635
2024-01-22,36546.94921875,1.609958719829857
2024-01-23,36517.5703125,-0.080419081715223
2024-01-24,36226.48046875,-0.8003167113481723
2024-01-25,36236.46875,0.0275679679641754
2024-01-26,35751.0703125,-1.348582825079037
2024-01-29,36026.94140625,0.7686823457906787
2024-01-30,36065.859375,0.1079663214876492
2024-01-31,36286.7109375,0.6104890191682598
2024-02-01,36011.4609375,-0.7614337201997039
2024-02-02,36158.01953125,0.4061517258162087
2024-02-05,36354.16015625,0.5409880221846817
2024-02-06,36160.66015625,-0.533685275473635
2024-02-07,36119.921875,-0.1127226273469281
2024-02-08,36863.28125,2.037140192445023
2024-02-09,36897.421875,0.0925713177657624
2024-02-13,37963.96875,2.849583840023312
2024-02-14,37703.3203125,-0.6889356594200559
2024-02-15,38157.94140625,1.198573622237038
2024-02-16,38487.23828125,0.8592814382232485
2024-02-19,38470.37890625,-0.0438147018732029
2024-02-20,38363.609375,-0.2779228369198603
2024-02-21,38262.16015625,-0.264791541138601
2024-02-22,39098.6796875,2.1627276507315103
2024-02-26,39233.7109375,0.344765128893426
2024-02-27,39239.51953125,0.0148040133582172
2024-02-28,39208.03125,-0.0802785622431813
2024-02-29,39166.19140625,-0.106769410417488
2024-03-01,39910.8203125,1.8833562374571793
2024-03-04,40109.23046875,0.4959021168306252
2024-03-05,40097.62890625,-0.0289291032495609
2024-03-06,40090.78125,-0.0170789176473358
2024-03-07,39598.7109375,-1.234984822061011
2024-03-08,39688.94140625,0.2276029243762102
2024-03-11,38820.48828125,-2.2124439144522148
2024-03-12,38797.51171875,-0.0592042133812581
2024-03-13,38695.96875,-0.2620685669352827
2024-03-14,38807.37890625,0.2874978600473616
2024-03-15,38707.640625,-0.2573393824706441
2024-03-18,39740.44140625,2.633233169692325
2024-03-19,40003.6015625,0.66001447071274
2024-03-21,40815.66015625,2.0096346003144063
2024-03-22,40888.4296875,0.1781295174591947
2024-03-25,40414.12109375,-1.166787438236721
2024-03-26,40398.03125,-0.0398203574486325
2024-03-27,40762.73046875,0.8987142695917293
2024-03-28,40168.0703125,-1.4695785848525174
2024-03-29,40369.44140625,0.5000688724820368
2024-04-01,39803.08984375,-1.4128554374174491
2024-04-02,39838.91015625,0.0899533284331448
2024-04-03,39451.8515625,-0.9763096225270672
2024-04-04,39773.140625,0.81108452012914
2024-04-05,38992.078125,-1.9833325305466485
2024-04-08,39347.0390625,0.9062225347250228
2024-04-09,39773.12890625,1.0770805318377783
2024-04-10,39581.80859375,-0.4821897394702943
2024-04-11,39442.62890625,-0.3522450416879921
2024-04-12,39523.55078125,0.2049533196283531
2024-04-15,39232.80078125,-0.7383565011142664
2024-04-16,38471.19921875,-1.9603262428336896
2024-04-17,37961.80078125,-1.3329477575317208
2024-04-18,38079.69921875,0.310089969218905
2024-04-19,37068.3515625,-2.6917763286561107
2024-04-22,37438.609375,0.9938960219700212
2024-04-23,37552.16015625,0.3028395861055099
2024-04-24,38460.078125,2.388986747093893
2024-04-25,37628.48046875,-2.185954854620538
2024-04-26,37934.76171875,0.8106664523146838
2024-04-30,38405.66015625,1.2336961166961482
2024-05-01,38274.05078125,-0.3432707364845155
2024-05-02,38236.0703125,-0.0992822160697575
2024-05-07,38835.1015625,1.5545197991112896
2024-05-08,38202.37109375,-1.6426932896046558
2024-05-09,38073.98046875,-0.3366462701084503
2024-05-10,38229.109375,0.4066129439888787
2024-05-13,38179.4609375,-0.1299551720030367
2024-05-14,38356.05859375,0.4614797697558606
2024-05-15,38385.73046875,0.0773291236523888
2024-05-16,38920.26171875,1.38291936701776
2024-05-17,38787.37890625,-0.3420074035389234
2024-05-20,39069.6796875,0.7251802816574756
2024-05-21,38946.9296875,-0.3146768419548248
2024-05-22,38617.1015625,-0.850471817226441
2024-05-23,39103.21875,1.2509560559344868
2024-05-24,38646.109375,-1.17586776097245
2024-05-27,38900.01953125,0.6548645747686236
2024-05-28,38855.37109375,-0.1148433363869579
2024-05-29,38556.87109375,-0.7711996733372241
2024-05-30,38054.12890625,-1.3124731547266442
2024-05-31,38487.8984375,1.1334274515716631
2024-06-03,38923.03125,1.124227282209611
2024-06-04,38837.4609375,-0.2200869480977879
2024-06-05,38490.171875,-0.8982336194035169
2024-06-06,38703.51171875,0.5527405274230405
2024-06-07,38683.9296875,-0.0506077764353044
2024-06-10,39038.16015625,0.9115373048005035
2024-06-11,39134.7890625,0.2472183956970922
2024-06-12,38876.7109375,-0.6616436461157585
2024-06-13,38720.46875,-0.4027012303159012
2024-06-14,38814.55859375,0.2427029257859821
2024-06-17,38102.44140625,-1.8517038755761952
2024-06-18,38482.109375,0.9915082748825448
2024-06-19,38570.76171875,0.2301079287745887
2024-06-20,38633.01953125,0.1612818050808294
2024-06-21,38596.46875,-0.0946549945945143
2024-06-24,38804.6484375,0.5379255418053319
2024-06-25,39173.1484375,0.9451478701709356
2024-06-26,39667.0703125,1.2529857091936545
2024-06-27,39341.5390625,-0.82404460645921
2024-06-28,39583.078125,0.6120772585004332
2024-07-01,39631.05859375,0.1211411917244963
2024-07-02,40074.69140625,1.1131879285798183
2024-07-03,40580.76171875,1.2549106953283065
2024-07-04,40913.6484375,0.8169604997017623
2024-07-05,40912.37109375,-0.0031220967546009
2024-07-08,40780.69921875,-0.3223577924496049
2024-07-09,41580.171875,1.9414504900469705
2024-07-10,41831.98828125,0.603790072817224
2024-07-11,42224.01953125,0.932792557624231
2024-07-12,41190.6796875,-2.477723273719571
2024-07-16,41275.078125,0.2046873010221411
2024-07-17,41097.69140625,-0.430693283629492
2024-07-18,40126.3515625,-2.3918685076836077
2024-07-19,40063.7890625,-0.1560354233221824
2024-07-22,39599.0,-1.166904503396276
2024-07-23,39594.390625,-0.0116408073169455
2024-07-24,39154.8515625,-1.1163120170305387
2024-07-25,37869.51171875,-3.3377988958596077
2024-07-26,37667.41015625,-0.5351079703330617
2024-07-29,38468.62890625,2.104780702156328
2024-07-30,38525.94921875,0.1488944403245079
2024-07-31,39101.8203125,1.4837001278821993
2024-08-01,38126.328125,-2.5263950828172916
2024-08-02,35909.69921875,-5.989763815813384
2024-08-05,31458.419921875,-13.234076084751925
2024-08-06,34675.4609375,9.736558781039518
2024-08-07,35089.62109375,1.1873132219446887
2024-08-08,34831.1484375,-0.7393334923367528
2024-08-09,35025.0,0.5550035735861498
2024-08-13,36232.51171875,3.3894737323413033
2024-08-14,36442.4296875,0.5776917008342124
2024-08-15,36726.640625,0.7768647754402221
2024-08-16,38062.671875,3.5731666750035633
2024-08-19,37388.62109375,-1.78676517620567
2024-08-20,38062.921875,1.787421985532697
2024-08-21,37951.80078125,-0.2923675020340554
2024-08-22,38211.01171875,0.6806784828739418
2024-08-23,38364.26953125,0.4002806509588617
2024-08-26,38110.21875,-0.6644090637961935
2024-08-27,38288.62109375,0.4670297831381058
2024-08-28,38371.76171875,0.2169064503637986
2024-08-29,38362.53125,-0.024058262446702
2024-08-30,38647.75,0.7407324048039218
2024-09-02,38700.87109375,0.1373550073693391
2024-09-03,38686.30859375,-0.0376354332350508
2024-09-04,37047.609375,-4.328192896367713
2024-09-05,36657.08984375,-1.0596968439079586
2024-09-06,36391.46875,-0.7272484757154206
2024-09-09,36215.75,-0.4840265089037639
2024-09-10,36159.16015625,-0.1563797596713826
2024-09-11,35619.76953125,-1.502950185259195
2024-09-12,36833.26953125,3.3500692470700684
2024-09-13,36581.76171875,-0.6851697592505765
2024-09-17,36203.21875,-1.0401771887622802
2024-09-18,36380.171875,0.4875866890508515
2024-09-19,37155.328125,2.108328530259441
2024-09-20,37723.91015625,1.518693225368846
2024-09-24,37940.58984375,0.5727396065865551
2024-09-25,37870.26171875,-0.1855358269298584
2024-09-26,38925.62890625,2.748672159356165
2024-09-27,39829.55859375,2.2956440414575616
2024-09-30,37919.55078125,-4.914248404567918
2024-10-01,38651.96875,1.9130880809781377
2024-10-02,37808.76171875,-2.205684437304394
2024-10-03,38552.05859375,1.9468631932294085
2024-10-04,38635.62109375,0.2165177991704316
2024-10-07,39332.73828125,1.7882530048958636
2024-10-08,38937.5390625,-1.0098407482880876
2024-10-09,39277.9609375,0.870477142162716
2024-10-10,39380.890625,0.2617117951892766
2024-10-11,39605.80078125,0.5694902776685145
2024-10-15,39910.55078125,0.7665127640329642
2024-10-16,39180.30078125,-1.846663015318762
2024-10-17,38911.19140625,-0.689218332841583
2024-10-18,38981.75,0.1811681823155245
2024-10-21,38954.6015625,-0.069668230687718
2024-10-22,38411.9609375,-1.4028011742253517
2024-10-23,38104.859375,-0.8027077189695614
2024-10-24,38143.2890625,0.1008016366076733
2024-10-25,37913.921875,-0.6031456584008739
2024-10-28,38605.53125,1.8077186404158372
2024-10-29,38903.6796875,0.7693276822786391
2024-10-30,39277.390625,0.9560211502865086
2024-10-31,39081.25,-0.5006238829108204
2024-11-01,38053.671875,-2.6645231367667983
2024-11-05,38474.8984375,1.1008459054551205
2024-11-06,39480.671875,2.580519251055579
2024-11-07,39381.41015625,-0.251735101615967
2024-11-08,39500.37109375,0.3016185126676096
2024-11-11,39533.3203125,0.0833801890628168
2024-11-12,39376.08984375,-0.3985093197873606
2024-11-13,38721.66015625,-1.6759637908742888
2024-11-14,38535.69921875,-0.4814073329608999
2024-11-15,38642.91015625,0.2778257015228932
2024-11-18,38220.8515625,-1.0982102000304856
2024-11-19,38414.4296875,0.5051943009873268
2024-11-20,38352.33984375,-0.1617623293734115
2024-11-21,38026.171875,-0.854088261598344
2024-11-22,38283.8515625,0.6753520842744595
2024-11-25,38780.140625,1.288009897913561
2024-11-26,38442.0,-0.8757664147849662
2024-11-27,38134.96875,-0.801893572626497
2024-11-28,38349.05859375,0.5598303602311836
2024-11-29,38208.03125,-0.3684244099642957
2024-12-02,38513.01953125,0.7950618108786257
2024-12-03,39248.859375,1.892602952646885
2024-12-04,39276.390625,0.0701207602091615
2024-12-05,39395.6015625,0.3030583703951927
2024-12-06,39091.171875,-0.7757516352278754
2024-12-09,39160.5,0.1771927461179997
2024-12-10,39367.578125,0.5274001603899916
2024-12-11,39372.23046875,0.0118170054982427
2024-12-12,39849.140625,1.2040082388597555
2024-12-13,39470.44140625,-0.954876681135594
2024-12-16,39457.48828125,-0.0328226653545253
2024-12-17,39364.6796875,-0.235488667796846
2024-12-18,39081.7109375,-0.7214353013517918
2024-12-19,38813.578125,-0.688446951695577
2024-12-20,38701.8984375,-0.288148302055434
2024-12-23,39161.33984375,1.1801377612235449
2024-12-24,39036.8515625,-0.318391983692586
2024-12-25,39130.4296875,0.2394305346384046
2024-12-26,39568.05859375,1.1121774427931932
2024-12-27,40281.16015625,1.7861678111050672
2024-12-30,39894.5390625,-0.9644420798439086
