date,close,ret
2000-08-31,278.29998779296875,1.5936570683698703
2000-09-01,277.0,-0.4682118481655261
2000-09-05,275.79998779296875,-0.4341585088584908
2000-09-06,274.20001220703125,-0.5818109451827068
2000-09-07,274.0,-0.0729705258856356
2000-09-08,273.29998779296875,-0.255805811936636
2000-09-11,273.1000061035156,-0.0731997440031244
2000-09-12,272.8999938964844,-0.073264547977272
2000-09-13,272.79998779296875,-0.0366524126775952
2000-09-14,272.3999938964844,-0.146732935321206
2000-09-15,272.29998779296875,-0.0367197018546314
2000-09-18,271.3999938964844,-0.3310629938600957
2000-09-19,271.8999938964844,0.1840604279011516
2000-09-20,269.0,-1.0722949588937192
2000-09-21,270.29998779296875,0.4821028519513943
2000-09-22,271.79998779296875,0.5534048683874582
2000-09-25,274.1000061035156,0.842656877098999
2000-09-26,273.8999938964844,-0.0729971590922537
2000-09-27,278.3999938964844,1.6295852551421852
2000-09-28,275.6000061035156,-1.0108345250930455
2000-09-29,273.6000061035156,-0.7283353229220022
2000-10-02,273.1000061035156,-0.182915722789354
2000-10-03,271.6000061035156,-0.5507632671688516
2000-10-04,270.29998779296875,-0.47980100356312
2000-10-05,270.6000061035156,0.1109330170824624
2000-10-06,269.29998779296875,-0.4815783803371106
2000-10-09,270.1000061035156,0.2966328907007308
2000-10-10,272.3999938964844,0.8479268473098305
2000-10-11,270.5,-0.6999453582375844
2000-10-12,276.3999938964844,2.1576971524794435
2000-10-13,272.3999938964844,-1.4577517942418647
2000-10-16,271.5,-0.3309412494921925
2000-10-17,271.1000061035156,-0.1474360355480349
2000-10-18,270.29998779296875,-0.295537089715675
2000-10-19,270.1000061035156,-0.0740124725539226
2000-10-20,271.20001220703125,0.4064317681602975
2000-10-23,270.1000061035156,-0.4064317681603003
2000-10-24,270.1000061035156,0.0
2000-10-25,266.20001220703125,-1.4544331578187226
2000-10-26,264.8999938964844,-0.4895578580431826
2000-10-27,264.3999938964844,-0.1889288344064769
2000-10-30,264.29998779296875,-0.0378309469157851
2000-10-31,264.8999938964844,0.2267597813222478
2000-11-01,263.8999938964844,-0.3782152856054572
2000-11-02,264.3999938964844,0.1892864511989761
2000-11-03,264.6000061035156,0.0756189854677591
2000-11-06,264.5,-0.0378023449453482
2000-11-07,264.29998779296875,-0.0756475874381963
2000-11-08,265.0,0.2645050562250052
2000-11-09,265.79998779296875,0.3014274367296156
2000-11-10,264.5,-0.4902849055164335
2000-11-13,264.29998779296875,-0.0756475874381963
2000-11-14,264.8999938964844,0.2267597813222478
2000-11-15,265.1000061035156,0.0754763081231337
2000-11-16,265.79998779296875,0.2636964035092447
2000-11-17,265.70001220703125,-0.0376201644841448
2000-11-20,266.29998779296875,0.2255548271812175
2000-11-21,265.70001220703125,-0.2255548271812167
2000-11-22,266.29998779296875,0.2255548271812175
2000-11-27,270.1000061035156,1.4168836415324673
2000-11-28,269.79998779296875,-0.1111384866900666
2000-11-29,266.3999938964844,-1.268198277377391
2000-11-30,270.1000061035156,1.3793367640674623
2000-12-01,268.70001220703125,-0.5196722344405471
2000-12-04,270.70001220703125,0.7415680663161838
2000-12-05,270.3999938964844,-0.1108920117934574
2000-12-06,274.29998779296875,1.4320031844437353
2000-12-07,273.20001220703125,-0.4018181062772548
2000-12-08,272.20001220703125,-0.3667037315119187
2000-12-11,270.20001220703125,-0.737466435932189
2000-12-12,270.29998779296875,0.0369937417493592
2000-12-13,268.6000061035156,-0.6309101308777442
2000-12-14,269.0,0.1488072789263438
2000-12-15,270.3999938964844,0.5190941994796561
2000-12-18,269.70001220703125,-0.259204618943494
2000-12-19,269.70001220703125,0.0
2000-12-20,272.5,1.0328338696097978
2000-12-21,273.70001220703125,0.4394046543374824
2000-12-22,273.70001220703125,0.0
2000-12-26,274.1000061035156,0.1460364929544022
2000-12-27,275.20001220703125,0.4005124839915109
2000-12-28,271.70001220703125,-1.279958905548683
2000-12-29,272.0,0.1103504935351569
2001-01-02,268.3999938964844,-1.3323683938841977
2001-01-03,268.0,-0.1491401846298646
2001-01-04,267.29998779296875,-0.26154030338903
2001-01-05,268.0,0.2615403033890208
2001-01-08,268.0,0.0
2001-01-09,267.5,-0.1867414174795473
2001-01-10,264.70001220703125,-1.0522410986530557
2001-01-11,264.0,-0.2648052203214518
2001-01-12,263.8999938964844,-0.0378882765176106
2001-01-16,263.29998779296875,-0.2276200240560857
2001-01-17,263.20001220703125,-0.0379774310120087
2001-01-18,264.20001220703125,0.3792192461516615
2001-01-19,264.29998779296875,0.0378337131996266
2001-01-22,266.3999938964844,0.7914140331167033
2001-01-23,266.1000061035156,-0.1126714834571334
2001-01-24,264.29998779296875,-0.678742549659572
2001-01-25,264.5,0.0756475874382028
2001-01-26,262.79998779296875,-0.6448011137790253
2001-01-29,262.79998779296875,0.0
2001-01-30,265.5,1.022160052142975
2001-01-31,265.6000061035156,0.0376599900389025
2001-02-01,268.5,1.0859473366536905
2001-02-02,267.1000061035156,-0.5227770981953777
2001-02-05,265.20001220703125,-0.7138838625729618
2001-02-06,263.29998779296875,-0.7190284200656771
2001-02-07,262.79998779296875,-0.1900779980015476
2001-02-08,260.1000061035156,-1.0327044239923433
2001-02-09,259.8999938964844,-0.0769277757288462
2001-02-12,260.70001220703125,0.3073449600158461
2001-02-13,260.29998779296875,-0.1535602659001158
2001-02-14,259.3999938964844,-0.3463516751524577
2001-02-15,255.1000061035156,-1.6715599279246658
2001-02-16,258.20001220703125,1.2078876616228524
2001-02-20,256.1000061035156,-0.8166508651938844
2001-02-21,258.20001220703125,0.8166508651938955
2001-02-22,258.5,0.1161168258517466
2001-02-23,260.8999938964844,0.9241474800118
2001-02-26,265.79998779296875,1.860693160491653
2001-02-27,267.3999938964844,0.6001541488910359
2001-02-28,266.79998779296875,-0.2246373554451629
2001-03-01,265.20001220703125,-0.6014963946741172
2001-03-02,262.1000061035156,-1.1758170724902623
2001-03-05,262.5,0.1524948415344984
2001-03-06,259.8999938964844,-0.9954163868326616
2001-03-07,261.3999938964844,0.5754859677436444
2001-03-08,265.3999938964844,1.5186321059897128
2001-03-09,270.79998779296875,2.0142397059770016
2001-03-12,271.6000061035156,0.2949922196528631
2001-03-13,266.79998779296875,-1.7831149869007084
2001-03-14,262.5,-1.6248186256298698
2001-03-15,260.0,-0.9569451016150672
2001-03-16,258.1000061035156,-0.7334500643088382
2001-03-19,259.79998779296875,0.6564926877795254
2001-03-20,260.5,0.2690803943187026
2001-03-21,261.8999938964844,0.5359867015488211
2001-03-22,261.1000061035156,-0.3059229127665949
2001-03-23,261.5,0.1530784423733735
2001-03-26,261.8999938964844,0.1528444703932181
2001-03-27,261.0,-0.3442320886216468
2001-03-28,259.70001220703125,-0.4993241649635753
2001-03-29,258.79998779296875,-0.3471650214131029
2001-03-30,257.8999938964844,-0.3483626237838001
2001-04-02,255.6000061035156,-0.8958142838540144
2001-04-03,256.79998779296875,0.4683777898088209
2001-04-04,258.3999938964844,0.6211224007393359
2001-04-05,258.1000061035156,-0.1161617915590619
2001-04-06,260.0,0.7334500643088466
2001-04-09,258.29998779296875,-0.6559978172856182
2001-04-10,257.29998779296875,-0.3878980997769614
2001-04-11,258.70001220703125,0.5426464533130734
2001-04-12,260.1000061035156,0.5397059542607573
2001-04-16,263.29998779296875,1.2227824219939003
2001-04-17,261.1000061035156,-0.8390521059335344
2001-04-18,261.29998779296875,0.0765626728784412
2001-04-19,265.29998779296875,1.519208932148519
2001-04-20,264.79998779296875,-0.1886437167721828
2001-04-23,263.70001220703125,-0.4162638313193021
2001-04-24,264.1000061035156,0.1515702763111074
2001-04-25,262.3999938964844,-0.6457808604125034
2001-04-26,264.3999938964844,0.7593051083545421
2001-04-27,263.8999938964844,-0.1892864511989867
2001-04-30,264.0,0.037888276517614
2001-05-01,264.3999938964844,0.1513981746813808
2001-05-02,265.3999938964844,0.3775014007555585
2001-05-03,266.29998779296875,0.3385348079803542
2001-05-04,266.1000061035156,-0.0751246059921322
2001-05-07,266.1000061035156,0.0
2001-05-08,265.1000061035156,-0.3765064602141868
2001-05-09,270.0,1.83148226799488
2001-05-10,269.1000061035156,-0.3338878584297416
2001-05-11,267.8999938964844,-0.4469326646327594
2001-05-14,268.29998779296875,0.1491958166133971
2001-05-15,268.1000061035156,-0.0745643926152898
2001-05-16,272.0,1.4441998288266673
2001-05-17,273.6000061035156,0.5865141760568948
2001-05-18,287.3999938964844,4.920774435135177
2001-05-21,285.3999938964844,-0.6983268751011293
2001-05-22,285.1000061035156,-0.1051666329948012
2001-05-23,283.6000061035156,-0.5275201147422232
2001-05-24,279.1000061035156,-1.5994653768698297
2001-05-25,277.8999938964844,-0.4308847625372922
2001-05-29,273.79998779296875,-1.4863446514869545
2001-05-30,265.70001220703125,-3.0029969561918683
2001-05-31,265.29998779296875,-0.1506683577163713
2001-06-01,266.3999938964844,0.4137700623625913
2001-06-04,264.8999938964844,-0.5646542517944454
2001-06-05,265.70001220703125,0.3015525471482276
2001-06-06,265.70001220703125,0.0
2001-06-07,266.0,0.112841007302198
2001-06-08,273.3999938964844,2.7439593183659605
2001-06-11,267.8999938964844,-2.0322148197609065
2001-06-12,271.5,1.3348385606240327
2001-06-13,272.0,0.1839926922007295
2001-06-14,275.29998779296875,1.2059301511730678
2001-06-15,271.20001220703125,-1.5004766730311254
2001-06-18,272.3999938964844,0.4414950791495381
2001-06-19,273.3999938964844,0.3664350096446697
2001-06-20,272.3999938964844,-0.3664350096446645
2001-06-21,272.6000061035156,0.0733989783525868
2001-06-22,272.29998779296875,-0.1101186802072258
2001-06-25,273.70001220703125,0.512830579630774
2001-06-26,276.20001220703125,0.9092624524865068
2001-06-27,272.1000061035156,-1.4955616951189283
2001-06-28,269.29998779296875,-1.0343713731542954
2001-06-29,270.6000061035156,0.4815783803371171
2001-07-02,269.3999938964844,-0.4444496971874123
2001-07-03,267.6000061035156,-0.6703890257875911
2001-07-05,265.1000061035156,-0.9386214744001568
2001-07-06,265.8999938964844,0.3013138976370999
2001-07-09,266.5,0.2253968311102183
2001-07-10,266.20001220703125,-0.1126291788272725
2001-07-11,268.29998779296875,0.7857760116257066
2001-07-12,266.6000061035156,-0.6356281295368515
2001-07-13,267.1000061035156,0.1873712328450375
2001-07-16,266.8999938964844,-0.0749109424661334
2001-07-17,268.1000061035156,0.448603446542633
2001-07-18,270.3999938964844,0.8542253588904971
2001-07-19,269.3999938964844,-0.3705080276332217
2001-07-20,269.8999938964844,0.1854256089666387
2001-07-23,268.79998779296875,-0.4083934174038944
2001-07-24,269.70001220703125,0.3342712171269978
2001-07-25,267.70001220703125,-0.74432792812264
2001-07-26,266.20001220703125,-0.5619044308347787
2001-07-27,267.3999938964844,0.4497690024802456
2001-07-30,264.6000061035156,-1.052636709462135
2001-07-31,266.20001220703125,0.6028677069819
2001-08-01,267.3999938964844,0.4497690024802456
2001-08-02,267.3999938964844,0.0
2001-08-03,267.8999938964844,0.1868111925320895
2001-08-06,267.1000061035156,-0.2990610800784193
2001-08-07,267.20001220703125,0.0374344380521152
2001-08-08,267.8999938964844,0.2616266420262889
2001-08-09,273.3999938964844,2.0322148197609073
2001-08-10,273.8999938964844,0.1827152019936258
2001-08-13,275.70001220703125,0.6550308320955749
2001-08-14,276.29998779296875,0.2173825442767164
2001-08-15,275.70001220703125,-0.2173825442767047
2001-08-16,275.20001220703125,-0.1815211890118241
2001-08-17,279.29998779296875,1.478827882919291
2001-08-20,276.1000061035156,-1.1523288203039324
2001-08-21,275.0,-0.3992043375714785
2001-08-22,274.8999938964844,-0.0363724698047458
2001-08-23,275.29998779296875,0.1453994839204077
2001-08-24,272.5,-1.0222753704429095
2001-08-27,272.6000061035156,0.0366927549139172
2001-08-28,272.29998779296875,-0.1101186802072258
2001-08-29,273.70001220703125,0.512830579630774
2001-08-30,275.3999938964844,0.6191903485514614
2001-08-31,274.3999938964844,-0.3637690523590925
2001-09-04,271.6000061035156,-1.0256455451612925
2001-09-05,272.0,0.1471648139013169
2001-09-06,273.0,0.3669728888962402
2001-09-07,273.1000061035156,0.036625564371298
2001-09-10,271.6000061035156,-0.5507632671688516
2001-09-14,290.20001220703125,6.623996435730381
2001-09-17,289.79998779296875,-0.1379394749967883
2001-09-18,288.1000061035156,-0.5883324488430922
2001-09-19,291.5,1.173234251465786
2001-09-20,289.0,-0.8613317678114947
2001-09-21,291.8999938964844,0.9984568838025052
2001-09-24,289.70001220703125,-0.756531003835247
2001-09-25,290.5,0.2757629379861184
2001-09-26,293.29998779296875,0.959235807182974
2001-09-27,291.70001220703125,-0.5470015642224866
2001-09-28,292.3999938964844,0.2396788280195902
2001-10-01,292.20001220703125,-0.0684165908880941
2001-10-02,289.8999938964844,-0.7902526219141812
2001-10-03,290.5,0.2067561418221895
2001-10-04,290.5,0.0
2001-10-05,291.3999938964844,0.3093296523648976
2001-10-08,292.3999938964844,0.3425834186151912
2001-10-09,288.8999938964844,-1.2042120656318995
2001-10-10,285.70001220703125,-1.1138234381975622
2001-10-11,281.79998779296875,-1.3744795816960127
2001-10-12,284.8999938964844,1.0940663933989194
2001-10-15,282.1000061035156,-0.98765804365507
2001-10-16,282.29998779296875,0.0708652374148795
2001-10-17,283.3999938964844,0.388901370172809
2001-10-18,279.20001220703125,-1.4930891110152356
2001-10-19,280.1000061035156,0.3218289446875221
2001-10-22,275.5,-1.655907546358119
2001-10-23,276.1000061035156,0.2175512449316832
2001-10-24,275.8999938964844,-0.0724681941248296
2001-10-25,277.79998779296875,0.6862927277407427
2001-10-26,277.8999938964844,0.0359928407020095
2001-10-29,279.1000061035156,0.430884762537281
2001-10-30,280.6000061035156,0.5360027009181515
2001-10-31,279.5,-0.3927896824865916
2001-11-01,279.70001220703125,0.0715351256060171
2001-11-02,279.79998779296875,0.035737475246309
2001-11-05,278.5,-0.4656959236338295
2001-11-06,279.70001220703125,0.4299584483875336
2001-11-07,281.0,0.4637025482531854
2001-11-08,276.79998779296875,-1.505948969077868
2001-11-09,277.3999938964844,0.2165306235184104
2001-11-12,278.29998779296875,0.3239138790842599
2001-11-13,277.79998779296875,-0.1798238290548483
2001-11-14,277.79998779296875,0.0
2001-11-15,275.1000061035156,-0.9766696261382246
2001-11-16,274.70001220703125,-0.1455052578153894
2001-11-19,272.70001220703125,-0.7307302923776391
2001-11-20,273.0,0.109946056982685
2001-11-21,272.8999938964844,-0.0366389836059736
2001-11-26,272.29998779296875,-0.2201050498534334
2001-11-27,273.20001220703125,0.3299817527934737
2001-11-28,274.1000061035156,0.3288853197917172
2001-11-29,273.5,-0.2191403714181627
2001-11-30,273.8999938964844,0.1461432123259181
2001-12-03,276.8999938964844,1.0893354149310908
2001-12-04,275.3999938964844,-0.5431844002417906
2001-12-05,273.70001220703125,-0.6191903485514665
2001-12-06,274.20001220703125,0.1825151000253019
2001-12-07,273.8999938964844,-0.1094757661631588
2001-12-10,272.20001220703125,-0.6225918922113869
2001-12-11,272.20001220703125,0.0
2001-12-12,273.79998779296875,0.5860733207414602
2001-12-13,273.8999938964844,0.0365185714699381
2001-12-14,278.0,1.4858059705342013
2001-12-17,277.70001220703125,-0.1079675420263547
2001-12-18,280.3999938964844,0.9675695122887046
2001-12-19,275.5,-1.7629504800291471
2001-12-20,276.0,0.1813237124180721
2001-12-21,278.0,0.7220247973487097
2001-12-26,279.70001220703125,0.6096530160576824
2001-12-27,277.3999938964844,-0.8257157973062714
2001-12-28,276.5,-0.3249664915761746
2001-12-31,278.70001220703125,0.7925157325408879
2002-01-02,278.8999938964844,0.0717294461400773
2002-01-03,278.20001220703125,-0.2512949381240495
2002-01-04,278.8999938964844,0.2512949381240555
2002-01-07,278.6000061035156,-0.1076189495684872
2002-01-08,278.8999938964844,0.1076189495684885
2002-01-09,283.3999938964844,1.600603297062829
2002-01-10,287.1000061035156,1.2971302666388138
2002-01-11,287.3999938964844,0.1044344021702401
2002-01-14,285.3999938964844,-0.6983268751011293
2002-01-15,284.3999938964844,-0.351000718884651
2002-01-16,287.29998779296875,1.0145247028386335
2002-01-17,284.3999938964844,-1.014524702838626
2002-01-18,283.1000061035156,-0.4581462790631748
2002-01-22,281.5,-0.5667766097683433
2002-01-23,278.6000061035156,-1.0355364326230865
2002-01-24,278.1000061035156,-0.1796300066397846
2002-01-25,278.79998779296875,0.2513851915064726
2002-01-28,278.29998779296875,-0.1795010433187355
2002-01-29,281.3999938964844,1.1077498321473729
2002-01-30,281.8999938964844,0.1775253478249062
2002-01-31,282.1000061035156,0.0709263175234055
2002-02-01,286.0,1.3730171175902168
2002-02-04,289.29998779296875,1.1472358967174656
2002-02-05,298.20001220703125,3.0300273479328426
2002-02-06,297.5,-0.2350218280671268
2002-02-07,299.70001220703125,0.7367790067767263
2002-02-08,303.5,1.2599595446101266
2002-02-11,300.1000061035156,-1.1265837714959042
2002-02-12,300.70001220703125,0.1997357805270216
2002-02-13,299.3999938964844,-0.4332678990160116
2002-02-14,299.70001220703125,0.1001563453747563
2002-02-15,298.3999938964844,-0.4347167177986962
2002-02-19,293.20001220703125,-1.757983622916551
2002-02-20,292.29998779296875,-0.3074381291095318
2002-02-21,293.20001220703125,0.3074381291095217
2002-02-22,293.20001220703125,0.0
2002-02-25,292.70001220703125,-0.1706776243535984
2002-02-26,298.0,1.7945251102641255
2002-02-27,296.29998779296875,-0.5721073124101244
2002-02-28,296.70001220703125,0.1349155058145673
2002-03-01,298.0,0.4371918065955592
2002-03-04,296.70001220703125,-0.4371918065955629
2002-03-05,294.0,-0.914180110076726
2002-03-06,293.5,-0.1702128070530418
2002-03-07,290.1000061035156,-1.165192710144236
2002-03-08,290.1000061035156,0.0
2002-03-11,291.1000061035156,0.3441159551943847
2002-03-12,293.6000061035156,0.8551445810248618
2002-03-13,293.6000061035156,0.0
2002-03-14,291.0,-0.8895050357408788
2002-03-15,289.8999938964844,-0.3787252297748504
2002-03-18,292.1000061035156,0.7560215415245863
2002-03-19,292.79998779296875,0.2393510107485225
2002-03-20,292.1000061035156,-0.2393510107485181
2002-03-21,292.79998779296875,0.2393510107485225
2002-03-22,297.29998779296875,1.5251948547935197
2002-03-25,297.3999938964844,0.0336324558726931
2002-03-26,296.6000061035156,-0.2693563221033092
2002-03-27,302.20001220703125,1.870463995041683
2002-03-28,302.6000061035156,0.1322731291977968
2002-04-01,303.20001220703125,0.1980872504374302
2002-04-02,305.8999938964844,0.8865537175334577
2002-04-03,302.6000061035156,-1.0846409679708904
2002-04-04,301.1000061035156,-0.4969365766084658
2002-04-05,300.1000061035156,-0.332668297382014
2002-04-08,300.5,0.1331981190668379
2002-04-09,298.79998779296875,-0.5673341570119086
2002-04-10,301.70001220703125,0.9658774220697582
2002-04-11,302.20001220703125,0.1655903606680084
2002-04-12,302.1000061035156,-0.0330981636267989
2002-04-15,300.0,-0.6975633940051706
2002-04-16,298.79998779296875,-0.4008062251057904
2002-04-17,302.1000061035156,1.0983696191109675
2002-04-18,304.5,0.7912978553698836
2002-04-19,302.29998779296875,-0.7251225745060321
2002-04-22,303.0,0.2312944104477859
2002-04-23,304.0,0.3294895896852484
2002-04-24,304.29998779296875,0.0986315381582027
2002-04-25,308.1000061035156,1.241040862499543
2002-04-26,311.6000061035156,1.129590817145615
2002-04-29,311.20001220703125,-0.1284502054340845
2002-04-30,308.8999938964844,-0.7418251364250924
2002-05-01,309.1000061035156,0.0647288718494299
2002-05-02,308.29998779296875,-0.2591573586706105
2002-05-03,312.20001220703125,1.2570751883915203
2002-05-06,311.20001220703125,-0.3208215651452392
2002-05-07,311.6000061035156,0.1284502054340846
2002-05-08,308.20001220703125,-1.097137109074171
2002-05-09,309.5,0.4209129631136968
2002-05-10,311.0,0.4834820054583311
2002-05-13,310.6000061035156,-0.1286981813921243
2002-05-14,307.29998779296875,-1.068150095237372
2002-05-15,308.70001220703125,0.454554163852067
2002-05-16,309.79998779296875,0.3556917528366097
2002-05-17,310.6000061035156,0.2579041785486742
2002-05-20,315.70001220703125,1.6286503865186712
2002-05-21,315.79998779296875,0.0316628936730734
2002-05-22,318.0,0.6942319612946427
2002-05-23,322.5,1.4051753455650289
2002-05-24,320.3999938964844,-0.6532940091297484
2002-05-28,323.8999938964844,1.086461118892655
2002-05-29,325.3999938964844,0.4620368694518517
2002-05-30,325.5,0.0307285620649313
2002-05-31,326.5,0.3067487067861879
2002-06-03,326.70001220703125,0.0612407255188258
2002-06-04,327.79998779296875,0.336127309878899
2002-06-05,321.20001220703125,-2.0339608993401193
2002-06-06,324.8999938964844,1.1453403812164262
2002-06-07,324.6000061035156,-0.0923750005545026
2002-06-10,318.70001220703125,-1.8343414157814215
2002-06-11,319.70001220703125,0.3132834522697131
2002-06-12,320.29998779296875,0.1874924255304375
2002-06-13,317.70001220703125,-0.8150438805259721
2002-06-14,319.1000061035156,0.4396972712870711
2002-06-17,317.3999938964844,-0.5341763548898754
2002-06-18,319.20001220703125,0.5655114955651465
2002-06-19,319.79998779296875,0.1877858410791597
2002-06-20,323.20001220703125,1.0575602187195798
2002-06-21,324.6000061035156,0.432230946746162
2002-06-24,324.29998779296875,-0.0924698211578986
2002-06-25,320.20001220703125,-1.2723136986342858
2002-06-26,320.5,0.0936437674965419
2002-06-27,319.20001220703125,-0.4064372542492691
2002-06-28,313.5,-1.8018543745256637
2002-07-01,314.0,0.1593625835278026
2002-07-02,312.79998779296875,-0.3829016262134102
2002-07-03,310.8999938964844,-0.6092672213175969
2002-07-08,312.1000061035156,0.385237140007239
2002-07-09,316.1000061035156,1.273496969736882
2002-07-10,314.70001220703125,-0.443879567060147
2002-07-11,317.20001220703125,0.7912685384614435
2002-07-12,315.6000061035156,-0.5056919933275142
2002-07-15,319.6000061035156,1.2594624678355384
2002-07-16,317.20001220703125,-0.7537704745080156
2002-07-17,317.3999938964844,0.0630260618183283
2002-07-18,317.0,-0.1261014985300061
2002-07-19,323.8999938964844,2.15330334561757
2002-07-22,323.6000061035156,-0.0926603287823036
2002-07-23,312.70001220703125,-3.426390054432239
2002-07-24,311.5,-0.3844965273802955
2002-07-25,309.79998779296875,-0.5472449647681812
2002-07-26,303.3999938964844,-2.0874841782453095
2002-07-29,302.5,-0.2970769326476805
2002-07-30,303.70001220703125,0.3959134775179576
2002-07-31,303.20001220703125,-0.1647718217202853
2002-08-01,304.0,0.2635007377348806
2002-08-02,307.0,0.9820046180975514
2002-08-05,307.79998779296875,0.2602434158609948
2002-08-06,305.5,-0.7500403134157172
2002-08-07,314.29998779296875,2.8398126353082596
2002-08-08,310.3999938964844,-1.2486136319057015
2002-08-09,314.20001220703125,1.21679960269942
2002-08-12,314.1000061035156,-0.0318338696309738
2002-08-13,314.20001220703125,0.031833869630964
2002-08-14,311.79998779296875,-0.7667847199190825
2002-08-15,314.29998779296875,0.7985987491253725
2002-08-16,313.70001220703125,-0.1910750855027097
2002-08-19,306.0,-2.4852052157324773
2002-08-20,308.70001220703125,0.8784869099079193
2002-08-21,307.6000061035156,-0.3569713577592675
2002-08-22,306.6000061035156,-0.3256271129057697
2002-08-23,306.70001220703125,0.0326124576605917
2002-08-26,309.3999938964844,0.8764807490608727
2002-08-27,312.29998779296875,0.9329306789491888
2002-08-28,309.3999938964844,-0.9329306789491848
2002-08-29,312.8999938964844,1.1248712756530015
2002-08-30,312.3999938964844,-0.1599232740525643
2002-09-03,313.3999938964844,0.3195912018729989
2002-09-04,314.8999938964844,0.4774798277826789
2002-09-05,318.20001220703125,1.042504554186343
2002-09-06,319.8999938964844,0.5328273609574541
2002-09-09,321.29998779296875,0.4366800253160868
2002-09-10,317.8999938964844,-1.0638379411910548
2002-09-11,316.6000061035156,-0.409768199204388
2002-09-12,318.8999938964844,0.7238388151504145
2002-09-13,316.6000061035156,-0.7238388151504109
2002-09-16,317.1000061035156,0.1578034066991997
2002-09-17,317.0,-0.0315426914941485
2002-09-18,320.6000061035156,1.129248533596221
2002-09-19,322.6000061035156,0.6218925397628642
2002-09-20,321.8999938964844,-0.2172265267015196
2002-09-23,323.0,0.3411403878800086
2002-09-24,325.8999938964844,0.8938243892673786
2002-09-25,322.20001220703125,-1.1418058485954
2002-09-26,320.29998779296875,-0.591449012550785
2002-09-27,319.70001220703125,-0.1874924255304363
2002-09-30,323.8999938964844,1.3051713084892296
2002-10-01,320.8999938964844,-0.9305278237637836
2002-10-02,321.5,0.1868014581855573
2002-10-03,321.1000061035156,-0.1244923574060206
2002-10-04,322.1000061035156,0.3109455182671684
2002-10-07,321.8999938964844,-0.0621155942429268
2002-10-08,318.20001220703125,-1.1560765077407429
2002-10-09,319.6000061035156,0.4390078723028465
2002-10-10,316.5,-0.9746991405246622
2002-10-11,316.29998779296875,-0.0632149865835029
2002-10-14,317.79998779296875,0.4731123973170412
2002-10-15,312.6000061035156,-1.6497778179188232
2002-10-16,314.0,0.4468548395875423
2002-10-17,311.6000061035156,-0.7672652323997934
2002-10-18,312.70001220703125,0.3523969917055419
2002-10-21,310.8999938964844,-0.5773006068367581
2002-10-22,313.0,0.6731893107209933
2002-10-23,312.0,-0.3200002730670903
2002-10-24,310.70001220703125,-0.4175332121677886
2002-10-25,313.3999938964844,0.8652454758954357
2002-10-28,315.20001220703125,0.57270862648556
2002-10-29,317.70001220703125,0.7900182986994334
2002-10-30,316.5,-0.3784338114377784
2002-10-31,318.0,0.4728141195945896
2002-11-01,318.79998779296875,0.2512525845320087
2002-11-04,318.29998779296875,-0.156961268816135
2002-11-05,318.20001220703125,-0.0314141670886646
2002-11-06,317.5,-0.2202335933702656
2002-11-07,320.5,0.940445802797842
2002-11-08,321.29998779296875,0.2492951768459785
2002-11-11,321.20001220703125,-0.0311208052122658
2002-11-12,324.5,1.022151606708276
2002-11-13,318.70001220703125,-1.8035276418277832
2002-11-14,317.8999938964844,-0.2513411008592914
2002-11-15,320.70001220703125,0.8769296045542796
2002-11-18,319.20001220703125,-0.4688240944584724
2002-11-19,318.6000061035156,-0.1881487184984551
2002-11-20,317.3999938964844,-0.3773627770666789
2002-11-21,317.3999938964844,0.0
2002-11-22,320.70001220703125,1.0343355900236146
2002-11-25,317.79998779296875,-0.9083929071250594
2002-11-26,317.70001220703125,-0.0314635992957573
2002-11-27,316.79998779296875,-0.2836958290634266
2002-12-02,317.6000061035156,0.2522127182624455
2002-12-03,320.20001220703125,0.8153090095160407
2002-12-04,322.20001220703125,0.6226669943616973
2002-12-05,324.79998779296875,0.803706207492159
2002-12-06,326.29998779296875,0.4607595484522086
2002-12-09,325.79998779296875,-0.1533507488743379
2002-12-10,323.5,-0.708454475912127
2002-12-11,324.79998779296875,0.4010456763342653
2002-12-12,331.3999938964844,2.0116515870796827
2002-12-13,333.20001220703125,0.5416860353340259
2002-12-16,337.0,1.1339983423926665
2002-12-17,337.3999938964844,0.1186221669655314
2002-12-18,342.1000061035156,1.383395780286201
2002-12-19,345.8999938964844,1.10465884729256
2002-12-20,340.5,-1.5734572708237458
2002-12-23,345.1000061035156,1.3419122200613776
2002-12-24,346.79998779296875,0.4913961917153258
2002-12-26,348.8999938964844,0.6037120991798225
2002-12-27,349.20001220703125,0.0859528223448386
2002-12-30,343.3999938964844,-1.6748928232984406
2002-12-31,347.6000061035156,1.2156480260661346
2003-01-02,346.1000061035156,-0.4324642673837469
2003-01-03,351.20001220703125,1.462812824260251
2003-01-06,351.70001220703125,0.1422677669560818
2003-01-07,347.29998779296875,-1.2589649586932534
2003-01-08,353.8999938964844,1.8825445503325136
2003-01-09,353.29998779296875,-0.1696850291338368
2003-01-10,354.5,0.3390826158544549
2003-01-13,354.70001220703125,0.0564050222479951
2003-01-14,352.0,-0.7641220596565201
2003-01-15,350.70001220703125,-0.3699983644348327
2003-01-16,357.70001220703125,1.9763488437672945
2003-01-17,356.6000061035156,-0.3079957846521935
2003-01-21,357.29998779296875,0.1961008319808789
2003-01-22,359.70001220703125,0.6694653773570003
2003-01-23,364.5,1.3256166810434462
2003-01-24,368.2000122070313,1.0099750503526774
2003-01-27,369.3999938964844,0.3253749290117916
2003-01-28,370.0,0.1622954395912664
2003-01-29,366.2999877929687,-1.0050369178730776
2003-01-30,368.6000061035156,0.6259425334825932
2003-01-31,368.2999877929687,-0.0814271487607098
2003-02-03,370.7999877929687,0.6765010464145016
2003-02-04,379.0,2.1873404311523217
2003-02-05,376.3999938964844,-0.6883813586705675
2003-02-06,370.1000061035156,-1.6879135612079537
2003-02-07,369.8999938964844,-0.0540573545680782
2003-02-10,363.7000122070313,-1.6903296781555086
2003-02-11,362.5,-0.3304911261675809
2003-02-12,352.6000061035156,-2.7690187020932497
2003-02-13,357.3999938964844,1.3521298373982635
2003-02-14,351.8999938964844,-1.5508558664700731
2003-02-18,344.20001220703125,-2.2124107740703685
2003-02-19,349.8999938964844,1.6424462687667076
2003-02-20,353.1000061035156,0.9103938289814092
2003-02-21,351.79998779296875,-0.3688522615180408
2003-02-24,356.29998779296875,1.271024074657137
2003-02-25,352.29998779296875,-1.1289987653591202
2003-02-26,354.0,0.4813862436118333
2003-02-27,346.1000061035156,-2.256914485735427
2003-02-28,350.20001220703125,1.1776686432644456
2003-03-03,349.20001220703125,-0.2859595786483891
2003-03-04,353.20001220703125,1.1389644368467349
2003-03-05,353.1000061035156,-0.0283183071191591
2003-03-06,356.79998779296875,1.0424046273465932
2003-03-07,350.79998779296875,-1.6959140792989418
2003-03-10,354.70001220703125,1.10561704943294
2003-03-11,350.5,-1.191168972001747
2003-03-12,346.5,-1.1477887844686867
2003-03-13,335.8999938964844,-3.1069340182343987
2003-03-14,336.5,0.1784670637168499
2003-03-17,337.1000061035156,0.1781491261181947
2003-03-18,337.6000061035156,0.1482140454971346
2003-03-19,336.1000061035156,-0.4453027910055643
2003-03-20,332.8999938964844,-0.9566626644282624
2003-03-21,326.0,-2.0944744879889856
2003-03-24,329.5,1.0678972575854313
2003-03-25,328.3999938964844,-0.3343994949902924
2003-03-26,330.29998779296875,0.5768936446678072
2003-03-27,328.70001220703125,-0.4855777631861872
2003-03-28,328.70001220703125,0.0
2003-03-31,335.8999938964844,2.1667960640138584
2003-04-01,334.29998779296875,-0.4774721536761334
2003-04-02,329.6000061035156,-1.4158940357588217
2003-04-03,324.8999938964844,-1.436239266403827
2003-04-04,325.29998779296875,0.1230372064621719
2003-04-07,321.5,-1.1750252276173772
2003-04-08,322.20001220703125,0.2174964951702169
2003-04-09,325.6000061035156,1.049714424444994
2003-04-10,326.70001220703125,0.3372703097847885
2003-04-11,327.8999938964844,0.3666309264973909
2003-04-14,324.20001220703125,-1.1348018282293122
2003-04-15,324.8999938964844,0.2156776934871177
2003-04-16,325.79998779296875,0.276623481085044
2003-04-17,327.20001220703125,0.4287983336067454
2003-04-21,333.5,1.9071223319534327
2003-04-22,334.3999938964844,0.2694997602727971
2003-04-23,331.5,-0.8710053332489143
2003-04-24,334.79998779296875,0.9905492528735516
2003-04-25,333.3999938964844,-0.4190350144844778
2003-04-28,334.5,0.3293927558475094
2003-04-29,333.70001220703125,-0.2394457230100705
2003-04-30,339.1000061035156,1.605264479257158
2003-05-01,342.1000061035156,0.880804269412477
2003-05-02,341.0,-0.322063254136223
2003-05-05,342.29998779296875,0.3805032590830693
2003-05-06,342.5,0.0584147827932598
2003-05-07,341.8999938964844,-0.1753378908781316
2003-05-08,348.3999938964844,1.8832948666147296
2003-05-09,348.6000061035156,0.0573923134924962
2003-05-12,351.6000061035156,0.85690325757102
2003-05-13,350.0,-0.4561028686821868
2003-05-14,352.29998779296875,0.6549896214196821
2003-05-15,352.6000061035156,0.0851236576140744
2003-05-16,354.70001220703125,0.5938108920865233
2003-05-19,364.2000122070313,2.643080461622888
2003-05-20,366.2999877929687,0.5749435648648199
2003-05-21,372.0,1.544121781360728
2003-05-22,368.1000061035156,-1.0539197307036712
2003-05-23,368.7999877929687,0.1899801617002768
2003-05-27,367.7999877929687,-0.2715179602210777
2003-05-28,365.2000122070313,-0.709409683448289
2003-05-29,369.6000061035156,1.197617413495112
2003-05-30,364.5,-1.3894804832657086
2003-06-02,366.0,0.4106781952653502
2003-06-03,365.2000122070313,-0.2188151254947403
2003-06-04,362.6000061035156,-0.7144866993027308
2003-06-05,368.6000061035156,1.6411746640973626
2003-06-06,363.7000122070313,-1.338267623796005
2003-06-09,361.7999877929687,-0.5237846334932776
2003-06-10,352.20001220703125,-2.689230849999408
2003-06-11,355.5,0.9326018521817204
2003-06-12,353.29998779296875,-0.620772942965781
2003-06-13,356.6000061035156,0.929720273126203
2003-06-16,359.0,0.6707665943379163
2003-06-17,363.2000122070313,1.1631291848526462
2003-06-18,357.20001220703125,-1.665779716024238
2003-06-19,361.2999877929687,1.141272119061704
2003-06-20,356.29998779296875,-1.3935566015932737
2003-06-23,353.0,-0.930498141795068
2003-06-24,346.29998779296875,-1.916264077479481
2003-06-25,349.29998779296875,0.8625700707157193
2003-06-26,343.8999938964844,-1.5580217175376216
2003-06-27,345.20001220703125,0.3773094881188551
2003-06-30,346.0,0.2314780486252647
2003-07-01,351.3999938964844,1.5486383326132922
2003-07-02,351.29998779296875,-0.0284633860243968
2003-07-03,351.0,-0.0854301057747462
2003-07-07,348.1000061035156,-0.82964111146732
2003-07-08,344.1000061035156,-1.1557481810136363
2003-07-09,343.6000061035156,-0.1454122667522979
2003-07-10,344.29998779296875,0.203512701630784
2003-07-11,344.79998779296875,0.1451168496473306
2003-07-14,347.70001220703125,0.8375570735441958
2003-07-15,342.1000061035156,-1.6236964296877587
2003-07-16,343.1000061035156,0.2918857828844749
2003-07-17,344.20001220703125,0.3200951588651539
2003-07-18,347.20001220703125,0.8678098702319371
2003-07-21,350.8999938964844,1.0600247250585817
2003-07-22,350.6000061035156,-0.085527529937388
2003-07-23,358.6000061035156,2.2561588295526542
2003-07-24,362.2000122070313,0.9989000960340418
2003-07-25,362.7000122070313,0.1379500793083234
2003-07-28,364.7999877929687,0.577314479306249
2003-07-29,361.7000122070313,-0.853405203081744
2003-07-30,356.20001220703125,-1.532276758138012
2003-07-31,354.0,-0.6195491991947009
2003-08-01,346.1000061035156,-2.256914485735427
2003-08-04,349.20001220703125,0.8917090646160638
2003-08-05,349.6000061035156,0.1144802317368265
2003-08-06,350.79998779296875,0.3426564460383855
2003-08-07,352.5,0.483439655199058
2003-08-08,356.29998779296875,1.0722416098924143
2003-08-11,361.7000122070313,1.5042134355854038
2003-08-12,358.5,-0.8886512667426445
2003-08-13,362.1000061035156,0.9991773587804328
2003-08-14,366.0,1.0712899773886864
2003-08-15,363.2000122070313,-0.7679653064560883
2003-08-18,358.3999938964844,-1.330401626592866
2003-08-19,361.6000061035156,0.8888981326335924
2003-08-20,365.6000061035156,1.1001210877299574
2003-08-21,360.6000061035156,-1.3770528579295576
2003-08-22,363.1000061035156,0.6908967534535013
2003-08-25,361.2999877929687,-0.496969086257169
2003-08-26,365.7999877929687,1.2378098218804574
2003-08-27,373.5,2.0831301986887203
2003-08-28,370.5,-0.8064559836730408
2003-08-29,375.7000122070313,1.3937540335213807
2003-09-02,373.2000122070313,-0.6676483389080142
2003-09-03,373.8999938964844,0.1873863976867285
2003-09-04,372.8999938964844,-0.2678094842068521
2003-09-05,377.6000061035156,1.252517961824284
2003-09-08,375.1000061035156,-0.6642777075772868
2003-09-09,381.7000122070313,1.744231837233449
2003-09-10,380.0,-0.4463739011447193
2003-09-11,379.7000122070313,-0.0789753333527812
2003-09-12,375.7999877929687,-1.0324444890326083
2003-09-15,374.5,-0.3465251539303363
2003-09-16,373.5,-0.2673798384402204
2003-09-17,376.2000122070313,0.7202944742306512
2003-09-18,376.6000061035156,0.1062683114765662
2003-09-19,381.7999877929687,1.3713246889383732
2003-09-22,387.2000122070313,1.4044507609517334
2003-09-23,385.8999938964844,-0.3363134201586469
2003-09-24,387.5,0.4137596066142816
2003-09-25,385.0,-0.6472514505617479
2003-09-26,380.7999877929687,-1.0969063426854129
2003-09-29,382.3999938964844,0.419289435523955
2003-09-30,385.3999938964844,0.7814574927262837
2003-10-01,384.2999877929687,-0.2858274336962846
2003-10-02,383.1000061035156,-0.3127398167954047
2003-10-03,369.3999938964844,-3.641601639615795
2003-10-06,372.7000122070313,0.8893787995822945
2003-10-07,377.2000122070313,1.20017438833464
2003-10-08,375.3999938964844,-0.4783475227817788
2003-10-09,369.2000122070313,-1.6653572201547615
2003-10-10,373.6000061035156,1.184718699955898
2003-10-13,375.2000122070313,0.4273526975080046
2003-10-14,375.7000122070313,0.1331735404554866
2003-10-15,372.6000061035156,-0.8285510522988214
2003-10-16,372.7000122070313,0.0268364689813339
2003-10-17,371.7999877929687,-0.2417796783089514
2003-10-20,374.0,0.5899754959440943
2003-10-21,381.7000122070313,2.037919431734664
2003-10-22,386.5,1.2496876295597994
2003-10-23,384.7000122070313,-0.4668026537927232
2003-10-24,388.8999938964844,1.085838397784592
2003-10-27,387.8999938964844,-0.2574666756239739
2003-10-28,383.2000122070313,-1.2190480758940971
2003-10-29,386.7999877929687,0.9350654067897918
2003-10-30,384.2999877929687,-0.6484266213643002
2003-10-31,384.5,0.0520323139229141
2003-11-03,377.0,-1.9698601497687904
2003-11-04,379.8999938964844,0.7662856679457745
2003-11-05,382.6000061035156,0.7082028831416632
2003-11-06,380.6000061035156,-0.5241102060274043
2003-11-07,383.2999877929687,0.7068969640698654
2003-11-10,386.6000061035156,0.8572642022596462
2003-11-11,388.1000061035156,0.3872471539610903
2003-11-12,394.8999938964844,1.7369498735234843
2003-11-13,394.1000061035156,-0.2027853148568955
2003-11-14,397.7999877929687,0.9344636045334692
2003-11-17,391.5,-1.596382030266037
2003-11-18,397.6000061035156,1.5460974702455454
2003-11-19,394.8999938964844,-0.6813937296560865
2003-11-20,393.7000122070313,-0.3043323881139586
2003-11-21,396.0,0.5824982298867638
2003-11-24,391.5,-1.1428695823622743
2003-11-25,391.1000061035156,-0.1022218063366392
2003-11-26,396.7999877929687,1.4469047279538148
2003-12-01,402.7000122070313,1.4759553523344369
2003-12-02,403.7000122070313,0.2480159926398712
2003-12-03,403.8999938964844,0.0495249361142121
2003-12-04,403.2999877929687,-0.1486635846461011
2003-12-05,406.3999938964844,0.7657209634325094
2003-12-08,406.6000061035156,0.0492034959573088
2003-12-09,408.2000122070313,0.392736407492728
2003-12-10,406.2000122070313,-0.4911601082219666
2003-12-11,404.6000061035156,-0.3946739379106644
2003-12-12,409.3999938964844,1.1793718499795247
2003-12-15,409.2000122070313,-0.048859440982256
2003-12-16,407.7000122070313,-0.3672424142508506
2003-12-17,412.0,1.049170958310907
2003-12-18,410.3999938964844,-0.3891070365080865
2003-12-19,409.2000122070313,-0.2928215075519847
2003-12-22,410.6000061035156,0.3415455540777309
2003-12-23,411.0,0.0973695046531586
2003-12-24,412.2999877929687,0.3157995609461154
2003-12-29,414.7999877929687,0.6045236820960411
2003-12-30,416.8999938964844,0.5049923319856038
2003-12-31,415.7000122070313,-0.2882494622918918
2004-01-05,424.3999938964844,2.0712516734718234
2004-01-06,422.7999877929687,-0.3777167234110345
2004-01-07,421.8999938964844,-0.2130920460643496
2004-01-08,424.0,0.4965150568400249
2004-01-09,426.3999938964844,0.564440330561578
2004-01-12,426.2999877929687,-0.0234563401247058
2004-01-13,423.7000122070313,-0.6117608693260403
2004-01-14,421.7000122070313,-0.4731496743359347
2004-01-15,408.3999938964844,-3.204711835414161
2004-01-16,406.7000122070313,-0.4171228417556893
2004-01-20,412.7000122070313,1.4645123408989615
2004-01-21,411.1000061035156,-0.3884457586374531
2004-01-22,410.0,-0.2679349052269781
2004-01-23,407.8999938964844,-0.5135128338105436
2004-01-26,406.6000061035156,-0.319211515489613
2004-01-27,410.0,0.832724349300157
2004-01-28,414.5,1.0915814876996186
2004-01-29,398.5,-3.936547634507997
2004-01-30,402.2000122070313,0.9242009458931104
2004-02-02,398.7000122070313,-0.8740222684808221
2004-02-03,399.2000122070313,0.1253290011651618
2004-02-04,401.0,0.4498852290524989
2004-02-05,398.1000061035156,-0.7258181968683555
2004-02-06,403.6000061035156,1.3721058264252974
2004-02-09,406.7999877929687,0.789733056481411
2004-02-10,406.3999938964844,-0.0983752921174014
2004-02-11,410.2000122070313,0.930699415123153
2004-02-12,413.7000122070313,0.849622757731977
2004-02-13,410.2999877929687,-0.8252533277667893
2004-02-17,416.0,1.3796690564601035
2004-02-18,412.2999877929687,-0.8934050155567573
2004-02-19,409.7999877929687,-0.60820040886745
2004-02-20,397.5,-3.047427192263461
2004-02-23,399.0,0.3766482795476865
2004-02-24,404.5,1.3690319608682842
2004-02-25,395.7999877929687,-2.1742734171494646
2004-02-26,395.7999877929687,0.0
2004-02-27,396.3999938964844,0.1514784731415731
2004-03-01,399.2999877929687,0.7289196439630158
2004-03-02,393.5,-1.4631915640639648
2004-03-03,392.3999938964844,-0.2799355720571155
2004-03-04,392.8999938964844,0.1273398893000207
2004-03-05,401.2999877929687,2.1154135824266014
2004-03-08,400.6000061035156,-0.1745808386500225
2004-03-09,404.2000122070313,0.8946396702340567
2004-03-10,400.0,-1.0445288062011455
2004-03-11,400.7000122070313,0.1748500998382116
2004-03-12,395.2999877929687,-1.3568108684148112
2004-03-15,399.3999938964844,1.0318466277786955
2004-03-16,402.3999938964844,0.7483197917743933
2004-03-17,406.8999938964844,1.1120836389858737
2004-03-18,411.1000061035156,1.026906874301741
2004-03-19,412.5,0.3399697024112535
2004-03-22,417.3999938964844,1.1808774245663067
2004-03-23,419.7999877929687,0.5733398287926542
2004-03-24,417.2000122070313,-0.6212625922285173
2004-03-25,416.7000122070313,-0.1199184663101155
2004-03-26,422.1000061035156,1.2875699525394773
2004-03-29,417.1000061035156,-1.1916251412215209
2004-03-30,421.7000122070313,1.0968173863588484
2004-03-31,427.2999877929687,1.31921243824478
2004-04-01,427.7999877929687,0.1169454031715245
2004-04-02,421.6000061035156,-1.4598756409687852
2004-04-05,415.3999938964844,-1.4815114955274682
2004-04-06,418.8999938964844,0.8390316633741242
2004-04-07,422.7999877929687,0.9267011741552602
2004-04-08,419.8999938964844,-0.688265196969459
2004-04-12,420.1000061035156,0.0476219549550571
2004-04-13,407.0,-3.167960726146215
2004-04-14,399.7999877929687,-1.7848793909140408
2004-04-15,397.7000122070313,-0.5266408625740847
2004-04-16,401.0,0.8263444398855626
2004-04-19,400.6000061035156,-0.0997988838916261
2004-04-20,397.7000122070313,-0.7265455559939276
2004-04-21,390.7999877929687,-1.750209397509283
2004-04-22,393.2999877929687,0.6376759467686836
2004-04-23,395.1000061035156,0.4566264465064505
2004-04-26,396.0,0.2275298389108128
2004-04-27,398.6000061035156,0.6544211836595989
2004-04-28,385.3999938964844,-3.36766829476442
2004-04-29,386.6000061035156,0.310884241847431
2004-04-30,387.0,0.1034110467875138
2004-05-03,387.0,0.0
2004-05-04,391.3999938964844,1.130534633813252
2004-05-05,393.3999938964844,0.5096851072261339
2004-05-06,388.0,-1.3821550816902208
2004-05-07,378.7000122070313,-2.4260972481483876
2004-05-10,378.2999877929687,-0.1056867770930568
2004-05-11,376.8999938964844,-0.3707615291761491
2004-05-12,377.3999938964844,0.1325732682814794
2004-05-13,374.7999877929687,-0.6913098967099606
2004-05-14,377.0,0.5852669653198003
2004-05-17,379.5,0.6609409387673807
2004-05-18,375.7999877929687,-0.9797542339107116
2004-05-19,382.8999938964844,1.8716788046437185
2004-05-20,378.3999938964844,-1.1822021495089687
2004-05-21,384.7999877929687,1.677186602057162
2004-05-24,385.6000061035156,0.2076891496513202
2004-05-25,388.2999877929687,0.6977626735497536
2004-05-26,388.2999877929687,0.0
2004-05-27,394.8999938964844,1.6854347536245102
2004-05-28,394.0,-0.2281643538818646
2004-06-01,394.6000061035156,0.1521699758182663
2004-06-02,390.7000122070313,-0.993257575109081
2004-06-03,388.1000061035156,-0.6676979203508102
2004-06-04,390.8999938964844,0.7188703083383551
2004-06-07,393.7999877929687,0.7391378022075308
2004-06-08,391.0,-0.7135575221610924
2004-06-09,384.5,-1.6763771039667112
2004-06-10,385.8999938964844,0.3634463781560153
2004-06-14,383.6000061035156,-0.5977893806829696
2004-06-15,388.1000061035156,1.1662695181088576
2004-06-16,384.6000061035156,-0.9059205077063
2004-06-17,388.8999938964844,1.111837644294076
2004-06-18,395.1000061035156,1.5816687397976956
2004-06-21,394.0,-0.2788003567438495
2004-06-22,395.0,0.2534855603188116
2004-06-23,395.0,0.0
2004-06-24,403.1000061035156,2.0298920363441075
2004-06-25,402.8999938964844,-0.049630821622052
2004-06-28,401.0,-0.4726949741773136
2004-06-29,392.5,-2.142489008410602
2004-06-30,392.6000061035156,0.0254760166294826
2004-07-01,396.0,0.8622913865722652
2004-07-02,398.2999877929687,0.5791248285285958
2004-07-06,392.6000061035156,-1.4414162151008525
2004-07-07,402.2999877929687,2.4406751223878747
2004-07-08,407.7999877929687,1.3578779593849897
2004-07-09,407.5,-0.0735895525569055
2004-07-12,408.1000061035156,0.1471324686773999
2004-07-13,402.0,-1.5060168748670226
2004-07-14,405.3999938964844,0.8422130343339265
2004-07-15,404.2000122070313,-0.296438379236684
2004-07-16,406.6000061035156,0.5920081035358579
2004-07-19,405.6000061035156,-0.2462448880263232
2004-07-20,401.8999938964844,-0.9164181056585918
2004-07-21,397.1000061035156,-1.2015132761073957
2004-07-22,395.2000122070313,-0.4796156745479484
2004-07-23,390.5,-1.1964027482208766
2004-07-26,390.2999877929687,-0.0512326369193664
2004-07-27,387.0,-0.8490949880765222
2004-07-28,389.0,0.5154650588664422
2004-07-29,387.0,-0.5154650588664538
2004-07-30,391.0,1.0282866955584056
2004-08-02,391.7000122070313,0.178871185065544
2004-08-03,394.0,0.5854637461912492
2004-08-04,392.2000122070313,-0.4578964411182264
2004-08-05,392.2999877929687,0.0254877212182445
2004-08-06,399.7999877929687,1.89375694345205
2004-08-09,400.7000122070313,0.2248656572909692
2004-08-10,400.0,-0.1748500998382193
2004-08-11,395.5,-1.1313759900273404
2004-08-12,394.2999877929687,-0.3038777282867901
2004-08-13,398.8999938964844,1.1598733685653595
2004-08-16,402.8999938964844,0.9977633437847928
2004-08-17,404.3999938964844,0.3716095005205208
2004-08-18,404.2999877929687,-0.0247325599826367
2004-08-19,407.1000061035156,0.690172404788088
2004-08-20,413.2000122070313,1.4872896286551067
2004-08-23,410.5,-0.6555837895670322
2004-08-24,403.0,-1.843936694579994
2004-08-25,407.8999938964844,1.208546941356516
2004-08-26,407.3999938964844,-0.1226542549171704
2004-08-27,403.2999877929687,-1.0114817199622796
2004-08-30,407.7999877929687,1.1096156595032929
2004-08-31,410.3999938964844,0.6355450777959122
2004-09-01,408.7999877929687,-0.3906269955595409
2004-09-02,406.0,-0.687284942711754
2004-09-03,400.5,-1.3639393093318686
2004-09-07,397.3999938964844,-0.7770451749317662
2004-09-08,399.3999938964844,0.502009094090691
2004-09-09,398.5,-0.225590746973335
2004-09-10,401.8999938964844,0.8495788038233159
2004-09-13,404.1000061035156,0.5459100919898392
2004-09-14,405.7000122070313,0.3951613112812567
2004-09-15,405.0,-0.1726933194674621
2004-09-16,404.7000122070313,-0.0740985061558528
2004-09-17,405.7999877929687,0.2714315265335361
2004-09-20,405.2999877929687,-0.1232893794561541
2004-09-21,408.2999877929687,0.7374664912564127
2004-09-22,407.2000122070313,-0.2697673214031197
2004-09-23,410.8999938964844,0.9045365821059712
2004-09-24,408.1000061035156,-0.6837603667655506
2004-09-27,409.1000061035156,0.244738248703471
2004-09-28,412.5,0.8276565920009695
2004-09-29,413.0,0.1211387186297088
2004-09-30,418.7000122070313,1.370710921866525
2004-10-01,419.5,0.1908823727562858
2004-10-04,414.0,-1.3197552081946475
2004-10-05,418.2000122070313,1.0093842358676408
2004-10-06,418.3999938964844,0.04780819789699
2004-10-07,418.0,-0.0956465638204319
2004-10-08,423.1000061035156,1.2127139626969985
2004-10-11,422.0,-0.2603258115714539
2004-10-12,415.1000061035156,-1.6485844273295376
2004-10-13,413.2000122070313,-0.4587702974563241
2004-10-14,418.1000061035156,1.1788886172585693
2004-10-15,418.7000122070313,0.1434049218959096
2004-10-18,416.2000122070313,-0.5988758890439808
2004-10-19,420.2999877929687,0.9802769678197636
2004-10-20,423.5,0.7584801124653323
2004-10-21,424.3999938964844,0.2122878266202229
2004-10-22,424.6000061035156,0.047117128558658
2004-10-25,429.0,1.0309355284118893
2004-10-26,426.7999877929687,-0.5141428101710792
2004-10-27,424.7999877929687,-0.4697049634526957
2004-10-28,425.1000061035156,0.0706008530800093
2004-10-29,428.5,0.7966288315255159
2004-11-01,427.2999877929687,-0.2804423955679887
2004-11-02,420.0,-1.7231602804740584
2004-11-03,424.6000061035156,1.0892852366483972
2004-11-04,430.1000061035156,1.2870190336714769
2004-11-05,433.6000061035156,0.8104710221197351
2004-11-08,432.7000122070313,-0.2077788759667215
2004-11-09,435.7000122070313,0.6909285698309253
2004-11-10,434.0,-0.390942704004722
2004-11-11,434.8999938964844,0.2071571468891123
2004-11-12,437.8999938964844,0.6874454299907321
2004-11-15,437.0,-0.2057364773613011
2004-11-16,440.2000122070313,0.7296001727418925
2004-11-17,444.7999877929687,1.0395518669497823
2004-11-18,442.6000061035156,-0.4958274085418467
2004-11-19,446.7999877929687,0.944459846693772
2004-11-22,448.7999877929687,0.4466287135192266
2004-11-23,447.7999877929687,-0.2230650104571828
2004-11-24,449.2999877929687,0.3344112002468118
2004-11-29,453.7000122070313,0.97454246683162
2004-11-30,451.2999877929687,-0.5303933791071737
2004-12-01,454.0,0.596491825698879
2004-12-02,450.3999938964844,-0.7961134767189861
2004-12-03,456.0,1.2356746240227932
2004-12-06,454.2000122070313,-0.3955152967033764
2004-12-07,452.0,-0.485547671512108
2004-12-08,437.2000122070313,-3.3291395608916465
2004-12-09,435.7999877929687,-0.3207389723422768
2004-12-10,433.8999938964844,-0.4369315762228217
2004-12-13,438.8999938964844,1.14575040501322
2004-12-14,435.8999938964844,-0.6858737545549581
2004-12-15,440.7999877929687,1.117838490355583
2004-12-16,436.8999938964844,-0.8886908158463774
2004-12-17,441.6000061035156,1.0700186796914135
2004-12-20,442.3999938964844,0.1809927627499069
2004-12-21,441.7999877929687,-0.1357173055955279
2004-12-22,440.2999877929687,-0.3400978318438407
2004-12-23,441.8999938964844,0.3627313287352747
2004-12-27,445.2000122070313,0.7440048495886751
2004-12-28,444.2999877929687,-0.202366435348447
2004-12-29,436.0,-1.8857739118078405
2004-12-30,437.5,0.3434462448634697
2005-01-03,428.7000122070313,-2.0319303719207418
2005-01-04,428.5,-0.0466664040627193
2005-01-05,426.6000061035156,-0.4443917693234117
2005-01-06,421.0,-1.321398666221893
2005-01-07,418.8999938964844,-0.5000620299732838
2005-01-10,419.1000061035156,0.0477356111764432
2005-01-11,421.8999938964844,0.6658735169144461
2005-01-12,426.1000061035156,0.9905770166447572
2005-01-13,424.5,-0.3762069078603196
2005-01-14,422.7000122070313,-0.4249269299946799
2005-01-18,423.2000122070313,0.1182172937225878
2005-01-19,423.0,-0.0472730342403189
2005-01-20,422.3999938964844,-0.1419461103837163
2005-01-21,426.7000122070313,1.012850085950784
2005-01-24,426.8999938964844,0.0468560664671855
2005-01-25,422.0,-1.15444654306086
2005-01-26,426.8999938964844,1.1544465430608544
2005-01-27,426.2999877929687,-0.1406484330293792
2005-01-28,425.7999877929687,-0.117357134541031
2005-01-31,421.7999877929687,-0.9438484686572662
2005-02-01,420.7999877929687,-0.2373606689948644
2005-02-02,421.1000061035156,0.071271724770622
2005-02-03,416.6000061035156,-1.0743806184447826
2005-02-04,414.0,-0.6260569652338799
2005-02-07,413.6000061035156,-0.0966635874045759
2005-02-08,412.6000061035156,-0.2420722521301907
2005-02-09,412.8999938964844,0.072680268001041
2005-02-10,417.2000122070313,1.0360334276062866
2005-02-11,420.5,0.7878727026962795
2005-02-14,425.7999877929687,1.252524437791345
2005-02-15,425.8999938964844,0.0234838807385971
2005-02-16,425.5,-0.0939614584873405
2005-02-17,427.2999877929687,0.4221366068725881
2005-02-18,427.1000061035156,-0.0468121944133056
2005-02-22,434.5,1.7177752567425122
2005-02-23,434.8999938964844,0.0920160863849162
2005-02-24,434.5,-0.0920160863849233
2005-02-25,434.8999938964844,0.0920160863849162
2005-02-28,436.5,0.3672269710360848
2005-03-01,432.8999938964844,-0.8281634930857266
2005-03-02,432.7999877929687,-0.0231041021314066
2005-03-03,429.8999938964844,-0.6723090022773879
2005-03-04,434.2000122070313,0.9952676253324072
2005-03-07,435.0,0.1840745530648402
2005-03-08,440.2999877929687,1.2110253948673666
2005-03-09,442.1000061035156,0.4079829600575048
2005-03-10,442.7999877929687,0.158205862872715
2005-03-11,446.2000122070313,0.7649136089529102
2005-03-14,441.1000061035156,-1.149568840826123
2005-03-15,440.8999938964844,-0.0453542427346545
2005-03-16,443.7000122070313,0.633060737618508
2005-03-17,438.7000122070313,-1.133284989913379
2005-03-18,439.2999877929687,0.1366687196640651
2005-03-21,431.1000061035156,-1.8842427283180143
2005-03-22,431.2999877929687,0.0463779439825907
2005-03-23,425.2000122070313,-1.4244200174210004
2005-03-24,424.7000122070313,-0.1176609114768369
2005-03-28,425.8999938964844,0.2821496536361468
2005-03-29,426.0,0.0234783671068298
2005-03-31,428.7000122070313,0.6318055809091349
2005-04-01,425.8999938964844,-0.655283948015955
2005-04-04,423.8999938964844,-0.4706998638190711
2005-04-05,424.5,0.1414441791290472
2005-04-06,427.1000061035156,0.610618638661952
2005-04-07,426.5,-0.1405825206287737
2005-04-08,426.8999938964844,0.0937412534886496
2005-04-11,428.6000061035156,0.3974317813443347
2005-04-12,427.6000061035156,-0.2335903855282912
2005-04-13,429.2999877929687,0.3967753370999836
2005-04-14,424.0,-1.2422491563822795
2005-04-15,424.8999938964844,0.2120377524214899
2005-04-18,427.5,0.6100455620642207
2005-04-19,432.8999938964844,1.2552451971984715
2005-04-20,435.2999877929687,0.5528680166650847
2005-04-21,433.0,-0.5297692512960586
2005-04-22,434.2999877929687,0.2997783430914838
2005-04-25,434.6000061035156,0.0690570432908859
2005-04-26,437.8999938964844,0.7564478002889509
2005-04-27,433.0,-1.1252831866713289
2005-04-29,435.0,0.4608303086194181
2005-05-02,429.5,-1.2724289664373982
2005-05-03,426.7000122070313,-0.6540522622361595
2005-05-04,429.0,0.5375700126068582
2005-05-05,429.7999877929687,0.1863036878737843
2005-05-06,426.1000061035156,-0.8645880976749464
2005-05-09,426.2000122070313,0.0234673476067484
2005-05-10,427.2000122070313,0.2343567914423555
2005-05-11,427.2000122070313,0.0
2005-05-12,421.6000061035156,-1.3195304516314208
2005-05-13,420.2000122070313,-0.3326194242755637
2005-05-16,418.8999938964844,-0.3098604078777713
2005-05-17,419.3999938964844,0.1192890532200951
2005-05-18,421.5,0.4994673527060788
2005-05-19,420.5,-0.2375298028907394
2005-05-20,417.3999938964844,-0.739949939260403
2005-05-23,416.6000061035156,-0.1918436542745605
2005-05-24,417.5,0.2158000813256953
2005-05-25,418.7999877929687,0.3108905557831933
2005-05-26,418.0,-0.1912017323985846
2005-05-27,419.7999877929687,0.4296945783568947
2005-05-31,416.2999877929687,-0.8372253430074913
2005-06-01,415.2999877929687,-0.2405003634827916
2005-06-02,422.7000122070313,1.76616152080329
2005-06-03,423.7000122070313,0.2362949991611014
2005-06-06,426.5,0.6586680488667775
2005-06-07,424.7999877929687,-0.3993925739954591
2005-06-08,424.7000122070313,-0.0235375129838595
2005-06-09,424.2000122070313,-0.1177995154764675
2005-06-10,427.3999938964844,0.7515257697301149
2005-06-13,429.2999877929687,0.4435618191303489
2005-06-14,427.5,-0.4201658418965565
2005-06-15,429.1000061035156,0.3735717844657482
2005-06-16,436.2000122070313,1.6410875530996971
2005-06-17,438.2999877929687,0.4802697821435174
2005-06-20,438.3999938964844,0.0228142137648341
2005-06-21,438.8999938964844,0.1139861076242854
2005-06-22,438.1000061035156,-0.182437403615676
2005-06-23,441.7000122070313,0.8183737487317017
2005-06-24,440.5,-0.2720500862721833
2005-06-27,440.2999877929687,-0.0454160338876473
2005-06-28,436.3999938964844,-0.8897045064499861
2005-06-30,435.8999938964844,-0.1146394730611577
2005-07-01,427.7999877929687,-1.875707712837648
2005-07-05,422.8999938964844,-1.1520038067953942
2005-07-06,423.5,0.1417784046193222
2005-07-07,423.2999877929687,-0.0472395403009192
2005-07-08,422.8999938964844,-0.0945388643183977
2005-07-11,425.5,0.6129217967512925
2005-07-12,426.2999877929687,0.1878347122897699
2005-07-13,423.8999938964844,-0.5645731176215075
2005-07-14,419.6000061035156,-1.0195672891936045
2005-07-15,420.7000122070313,0.2618128544299558
2005-07-18,420.5,-0.0475540199472316
2005-07-19,419.7000122070313,-0.1904279988322659
2005-07-20,421.7000122070313,0.4753990275026599
2005-07-21,425.3999938964844,0.8735698718720396
2005-07-22,424.7000122070313,-0.1646822356486587
2005-07-25,425.7000122070313,0.2351835447362481
2005-07-26,423.3999938964844,-0.5417557224021745
2005-07-27,424.7000122070313,0.3065721776659265
2005-07-28,427.2999877929687,0.6103248020214027
2005-07-29,429.8999938964844,0.6066295222556931
2005-08-01,431.8999938964844,0.4641456530164035
2005-08-02,431.8999938964844,0.0
2005-08-03,436.8999938964844,1.1510256152462504
2005-08-04,437.8999938964844,0.228623788186476
2005-08-05,437.2000122070313,-0.1599775645888449
2005-08-08,434.7000122070313,-0.5734618147061192
2005-08-09,434.2000122070313,-0.1150880518217866
2005-08-10,436.5,0.5283089721621268
2005-08-11,445.5,2.0408871631207033
2005-08-12,445.8999938964844,0.0897451034485139
2005-08-15,442.2000122070313,-0.8332401916776854
2005-08-16,446.1000061035156,0.8780859787591476
2005-08-17,439.8999938964844,-1.3995741336269742
2005-08-18,439.5,-0.0909697354662563
2005-08-19,437.2000122070313,-0.524693290191695
2005-08-22,438.1000061035156,0.2056424528324391
2005-08-23,439.3999938964844,0.2962937308302529
2005-08-24,437.2999877929687,-0.4790715555613863
2005-08-25,438.3999938964844,0.2512291207225194
2005-08-26,437.3999938964844,-0.2283627422967837
2005-08-29,437.0,-0.0914899192994869
2005-08-30,431.2000122070313,-1.336114719136135
2005-08-31,433.7999877929687,0.6011522348776915
2005-09-01,442.2999877929687,1.940478702228948
2005-09-02,444.2000122070313,0.428658166596658
2005-09-06,444.3999938964844,0.0450105089929591
2005-09-07,444.8999938964844,0.1124480061956456
2005-09-08,446.7000122070313,0.4037731592060108
2005-09-09,449.0,0.5135632057046464
2005-09-12,449.7000122070313,0.1557833179239813
2005-09-13,446.1000061035156,-0.8037565105330219
2005-09-14,449.7999877929687,0.8259856570253028
2005-09-15,455.5,1.2592704313595902
2005-09-16,459.5,0.874322509572871
2005-09-19,466.7000122070313,1.5547737316083852
2005-09-20,466.2000122070313,-0.1071926326060735
2005-09-21,468.8999938964844,0.5774760293107689
2005-09-22,466.6000061035156,-0.4917140410712248
2005-09-23,463.5,-0.6665987662250369
2005-09-26,465.8999938964844,0.5164620716356872
2005-09-27,462.6000061035156,-0.7108242730990237
2005-09-28,469.7000122070313,1.523145603066832
2005-09-29,472.2000122070313,0.5308431480867861
2005-09-30,469.0,-0.6799882056533373
2005-10-03,466.1000061035156,-0.6202551972721247
2005-10-04,466.1000061035156,0.0
2005-10-05,466.1000061035156,0.0
2005-10-06,471.8999938964844,1.2366869324866292
2005-10-07,474.7000122070313,0.5915965474102135
2005-10-10,475.1000061035156,0.0842269767150958
2005-10-11,477.1000061035156,0.4200804275331972
2005-10-12,473.8999938964844,-0.6729809220799422
2005-10-13,471.1000061035156,-0.5925917432333583
2005-10-14,469.2000122070313,-0.4041255865865685
2005-10-17,474.1000061035156,1.038913998596093
2005-10-18,472.1000061035156,-0.4227442301292771
2005-10-19,463.5,-1.838445547476922
2005-10-20,461.0,-0.5408342009261335
2005-10-21,467.0,1.2931214672248783
2005-10-24,465.0,-0.4291852081541032
2005-10-25,472.7999877929687,1.6635034685937573
2005-10-26,471.2000122070313,-0.3389782029653972
2005-10-27,473.7999877929687,0.5502607716943131
2005-10-28,473.0,-0.168987746865025
2005-10-31,465.1000061035156,-1.684293913886386
2005-11-01,458.7999877929687,-1.3638090704286523
2005-11-02,462.7999877929687,0.8680610294266523
2005-11-03,460.1000061035156,-0.5851098515997791
2005-11-04,456.2999877929687,-0.829340924590003
2005-11-07,459.0,0.5899748879394046
2005-11-08,460.8999938964844,0.4130876423314524
2005-11-09,466.2999877929687,1.1648091151922164
2005-11-10,466.6000061035156,0.0643195032378541
2005-11-11,468.2999877929687,0.3636717454644648
2005-11-14,468.2000122070313,-0.0213508993736656
2005-11-15,468.1000061035156,-0.0213619784129574
2005-11-16,478.2999877929687,2.155616381960746
2005-11-17,486.2000122070313,1.638196182449266
2005-11-18,485.6000061035156,-0.1234834674731495
2005-11-21,489.0,0.6977237160564562
2005-11-22,492.6000061035156,0.7335008601974722
2005-11-23,492.1000061035156,-0.101553780191569
2005-11-28,498.2999877929687,1.2520320515073906
2005-11-29,499.1000061035156,0.1604207914602099
2005-11-30,494.6000061035156,-0.9057121276984708
2005-12-01,502.5,1.5846272505608523
2005-12-02,503.2999877929687,0.159074959509698
2005-12-05,508.8999938964844,1.1065132072913044
2005-12-06,510.2000122070313,0.2551308032442822
2005-12-07,514.2999877929688,0.8003899411951966
2005-12-08,519.2999877929688,0.967499829793382
2005-12-09,527.0,1.471882119779302
2005-12-12,528.4000244140625,0.2653070310558668
2005-12-13,521.0,-1.4103577098554136
2005-12-14,506.5,-2.822571806462884
2005-12-15,503.8999938964844,-0.5146500114739039
2005-12-16,503.3999938964844,-0.0992752997367636
2005-12-19,503.6000061035156,0.0397243713329594
2005-12-20,494.6000061035156,-1.803294686233866
2005-12-21,493.0,-0.3240193384932254
2005-12-22,502.7000122070313,1.9484420938773932
2005-12-23,503.0,0.0596575118275202
2005-12-27,508.0,0.98912774787427
2005-12-28,514.2000122070312,1.2130870993157736
2005-12-29,515.7000122070312,0.2912906156072853
2005-12-30,517.0999755859375,0.2711007461036479
2006-01-03,530.7000122070312,2.5960680646854866
2006-01-04,533.9000244140625,0.6011688398317114
2006-01-05,526.2999877929688,-1.4337232068243122
2006-01-06,539.7000122070312,2.5142083077098185
2006-01-09,549.0999755859375,1.726707758008946
2006-01-10,544.2999877929688,-0.8779986809739222
2006-01-11,548.7999877929688,0.8233511155416154
2006-01-12,548.2999877929688,-0.0911494021956435
2006-01-13,556.0999755859375,1.4125530144642953
2006-01-17,553.4000244140625,-0.4866978821920051
2006-01-18,543.7000122070312,-1.7683464865657073
2006-01-19,558.4000244140625,2.6677948565968546
2006-01-20,553.5,-0.8813843020928867
2006-01-23,558.2999877929688,0.8634678302978146
2006-01-24,557.7000122070312,-0.107522516799387
2006-01-25,562.2000122070312,0.8036474901724794
2006-01-26,559.7000122070312,-0.4456732478132737
2006-01-27,558.7000122070312,-0.1788269393173845
2006-01-30,565.7999877929688,1.2627958978556115
2006-01-31,570.7999877929688,0.8798226924202059
2006-02-01,569.4000244140625,-0.2455646496093686
2006-02-02,572.5,0.5429517707636293
2006-02-03,567.4000244140625,-0.8948170025688186
2006-02-06,570.2000122070312,0.492263248419747
2006-02-07,551.0,-3.425238873398954
2006-02-08,550.0999755859375,-0.1634773652638365
2006-02-09,564.5,2.584034808944052
2006-02-10,550.2000122070312,-2.565851291270832
2006-02-13,539.0,-2.0566299768011156
2006-02-14,545.9000244140625,1.2720282601305009
2006-02-15,539.7000122070312,-1.142240126752616
2006-02-16,546.0,1.1605523502129154
2006-02-17,551.7999877929688,1.056666391607805
2006-02-21,553.9000244140625,0.3798569454735098
2006-02-22,553.9000244140625,0.0
2006-02-23,548.4000244140625,-0.9979216908846368
2006-02-24,558.7999877929688,1.8786613330853748
2006-02-27,554.7000122070312,-0.7364156469990562
2006-02-28,561.5999755859375,1.236236017153186
2006-03-01,563.5,0.3377524240564064
2006-03-02,568.2000122070312,0.8306157423943775
2006-03-03,566.0,-0.387941270059191
2006-03-06,554.9000244140625,-1.9806116874099169
2006-03-07,552.7000122070312,-0.3972580403687631
2006-03-08,542.5,-1.8627295510781647
2006-03-09,545.5,0.5514719858511001
2006-03-10,539.9000244140625,-1.031882282928437
2006-03-13,546.0999755859375,1.1418082008053598
2006-03-14,551.7000122070312,1.0202377952702182
2006-03-15,553.0999755859375,0.2534330455621245
2006-03-16,554.4000244140625,0.234771905238352
2006-03-17,554.0999755859375,-0.054136010005044
2006-03-20,555.2000122070312,0.1983299366770921
2006-03-21,552.4000244140625,-0.5055965447838398
2006-03-22,550.9000244140625,-0.2719116936127675
2006-03-23,550.0999755859375,-0.1453313295080058
2006-03-24,560.0,1.7836748228918655
2006-03-27,567.0,1.242251999855711
2006-03-28,566.5999755859375,-0.0705759420045772
2006-03-29,573.0,1.1232172407033227
2006-03-30,586.7000122070312,2.3627920023331934
2006-03-31,581.7999877929688,-0.8386911658461079
2006-04-03,589.4000244140625,1.297838664587409
2006-04-04,586.0,-0.5785322148471786
2006-04-05,587.9000244140625,0.323711735877278
2006-04-06,595.2000122070312,1.234059709222161
2006-04-07,588.4000244140625,-1.1490473808436956
2006-04-10,597.5999755859375,1.5514562745518552
2006-04-11,595.2000122070312,-0.4024088937081507
2006-04-12,597.5,0.3856779777658776
2006-04-13,596.5,-0.1675042267694955
2006-04-17,615.4000244140625,3.11932610218296
2006-04-18,620.0,0.744697547933684
2006-04-19,632.5999755859375,2.011879423920385
2006-04-20,619.7999877929688,-2.044144661980683
2006-04-21,632.2000122070312,1.9808993431795423
2006-04-24,620.5999755859375,-1.851910641550029
2006-04-25,631.0,1.6619149866383738
2006-04-26,638.7999877929688,1.2285534690327669
2006-04-27,633.2999877929688,-0.8647172984430764
2006-04-28,651.7999877929688,2.879352342816549
2006-05-01,657.5,0.8707016376644074
2006-05-02,664.7000122070312,1.0891065360339225
2006-05-03,665.9000244140625,0.1803716367573594
2006-05-04,674.2000122070312,1.238727512607735
2006-05-05,682.2000122070312,1.179606697226072
2006-05-08,677.7999877929688,-0.6470646715003298
2006-05-09,699.4000244140625,3.1370618373260197
2006-05-10,703.7000122070312,0.6129286783000821
2006-05-11,719.7999877929688,2.2621232366580935
2006-05-12,710.2999877929688,-1.328597986798536
2006-05-15,683.5999755859375,-3.831448329054796
2006-05-16,691.5,1.1490235577336887
2006-05-17,690.5,-0.144717825546614
2006-05-18,679.5999755859375,-1.5911618975735404
2006-05-19,656.7000122070312,-3.427704208824043
2006-05-22,657.0,0.0456706699239568
2006-05-23,673.0,2.40613111601173
2006-05-24,637.0,-5.497567407256449
2006-05-25,648.4000244140625,1.773817194213681
2006-05-26,650.9000244140625,0.3848230572202383
2006-05-30,653.9000244140625,0.4598413816806623
2006-05-31,642.5,-1.758765513393443
2006-06-01,627.5999755859375,-2.346383481117124
2006-06-02,635.5,1.2509108671305156
2006-06-05,643.2000122070312,1.2043646213841026
2006-06-06,629.4000244140625,-2.1688713423621624
2006-06-07,627.4000244140625,-0.3182688750077355
2006-06-08,609.0999755859375,-2.9601916909403636
2006-06-09,608.2000122070312,-0.147862244623135
2006-06-12,606.7999877929688,-0.2304567956697642
2006-06-13,562.5,-7.580809327874309
2006-06-14,562.2999877929688,-0.0355640489527112
2006-06-15,566.5,0.7441586879013002
2006-06-16,578.0,2.0096788204316556
2006-06-19,568.7999877929688,-1.604501164437198
2006-06-20,576.9000244140625,1.4140126554238364
2006-06-21,587.5,1.8207262436070015
2006-06-22,582.2000122070312,-0.9062193739716023
2006-06-23,584.7999877929688,0.445583528311412
2006-06-26,584.7999877929688,0.0
2006-06-27,581.5999755859375,-0.5487003319814756
2006-06-28,578.2999877929688,-0.5690140186200162
2006-06-29,586.5,1.4079924037833058
2006-06-30,613.5,4.500759605743589
2006-07-05,627.2999877929688,2.224461149209277
2006-07-06,634.0999755859375,1.078175656101413
2006-07-07,632.7999877929688,-0.2052235041133554
2006-07-10,624.0999755859375,-1.3843824341773965
2006-07-11,641.2000122070312,2.7030866952022863
2006-07-12,649.4000244140625,1.2707457490355762
2006-07-13,652.9000244140625,0.5375118322307838
2006-07-14,666.5999755859375,2.076611366303057
2006-07-17,650.5999755859375,-2.4295152735089336
2006-07-18,628.2999877929688,-3.4877236533558564
2006-07-19,641.5999755859375,2.094727852022644
2006-07-20,631.7000122070312,-1.5550401271710774
2006-07-21,619.5999755859375,-1.934054808897888
2006-07-24,612.7000122070312,-1.119862948482134
2006-07-25,617.5999755859375,0.7965519525074077
2006-07-26,621.5999755859375,0.6455800597250515
2006-07-27,632.4000244140625,1.72253841634536
2006-07-28,634.7999877929688,0.3787825481797899
2006-07-31,634.2000122070312,-0.0945588070358581
2006-08-01,646.2999877929688,1.8899392029120368
2006-08-02,651.5999755859375,0.8167065878734188
2006-08-03,644.9000244140625,-1.033553538656179
2006-08-04,644.0,-0.1396577769106378
2006-08-07,647.7999877929688,0.5883261789048032
2006-08-08,645.7000122070312,-0.3246969355867787
2006-08-09,650.5,0.7406279415026075
2006-08-10,634.9000244140625,-2.427375332275832
2006-08-11,633.5,-0.2207544868607875
2006-08-14,628.5,-0.7923971730891594
2006-08-15,622.5,-0.9592399691439408
2006-08-16,628.7000122070312,0.9910586466457908
2006-08-17,615.4000244140625,-2.1381712245520204
2006-08-18,612.0999755859375,-0.5376874588518749
2006-08-21,625.7000122070312,2.1975414542435416
2006-08-22,624.5999755859375,-0.175963675225564
2006-08-23,623.7000122070312,-0.1441902657425051
2006-08-24,619.5,-0.6756802034839251
2006-08-25,622.0,0.4027391669982348
2006-08-28,615.2999877929688,-1.0830158831888703
2006-08-29,610.7000122070312,-0.7504073689612919
2006-08-30,617.7000122070312,1.1397062246246374
2006-08-31,625.9000244140625,1.31877304730616
2006-09-01,624.4000244140625,-0.2399425195673649
2006-09-04,624.4000244140625,0.0
2006-09-05,638.5,2.2330447731281766
2006-09-06,633.5,-0.7861675711400232
2006-09-07,617.0,-2.6390975855805907
2006-09-08,609.5999755859375,-1.2066059582267266
2006-09-11,590.0,-3.2680427423355427
2006-09-12,586.9000244140625,-0.5268047737142689
2006-09-13,589.0999755859375,0.3741417922033207
2006-09-14,579.2999877929688,-1.6775450054114924
2006-09-15,576.4000244140625,-0.5018550549063572
2006-09-18,586.2000122070312,1.6859142619318783
2006-09-19,576.7999877929688,-1.6165484293425934
2006-09-20,580.0,0.5532538733094963
2006-09-21,582.2000122070312,0.3785948738132912
2006-09-22,589.4000244140625,1.22910594468865
2006-09-25,589.9000244140625,0.0847960670326008
2006-09-26,591.2000122070312,0.2201317886069103
2006-09-27,597.2999877929688,1.0265089019361855
2006-09-28,605.0,1.2808978729599936
2006-09-29,598.5999755859375,-1.063490339751356
2006-10-02,597.7000122070312,-0.150457837977809
2006-10-03,576.2999877929688,-3.646063899265991
2006-10-04,562.0,-2.5126487367198935
2006-10-05,571.0,1.5887359762319146
2006-10-06,572.4000244140625,0.2448880678385585
2006-10-09,578.4000244140625,1.0427622719809957
2006-10-10,571.9000244140625,-1.1301519443545456
2006-10-11,572.2999877929688,0.0699114474619344
2006-10-12,576.2999877929688,0.696502917561048
2006-10-13,588.7999877929688,2.1458209421725813
2006-10-16,594.7000122070312,0.9970550556300116
2006-10-17,589.7000122070312,-0.8443143532048815
2006-10-18,588.9000244140625,-0.1357522299283408
2006-10-19,599.0,1.700516670786538
2006-10-20,593.0,-1.0067199117723855
2006-10-23,579.7000122070312,-2.2683649594541113
2006-10-24,584.4000244140625,0.8074972249646756
2006-10-25,587.5999755859375,0.5460681098111364
2006-10-26,596.7999877929688,1.5535625684467629
2006-10-27,598.2000122070312,0.234313816670834
2006-10-30,604.7000122070312,1.0807320863969867
2006-10-31,604.0999755859375,-0.099278073533569
2006-11-01,616.5999755859375,2.048076912664462
2006-11-02,625.4000244140625,1.417100820385898
2006-11-03,626.9000244140625,0.2395593162775848
2006-11-06,625.7999877929688,-0.175626549553241
2006-11-07,625.7000122070312,-0.0159769214782521
2006-11-08,616.4000244140625,-1.497489946025794
2006-11-09,635.0,2.9728855839232646
2006-11-10,628.4000244140625,-1.0448053660076515
2006-11-13,624.2000122070312,-0.6706095839654188
2006-11-14,623.7999877929688,-0.0641064788080369
2006-11-15,622.5,-0.2086156266017878
2006-11-16,620.5999755859375,-0.3056915664033299
2006-11-17,621.5,0.1449198275936453
2006-11-20,621.2000122070312,-0.0482800025507536
2006-11-21,628.2000122070312,1.1205495611047147
2006-11-22,628.7000122070312,0.0795608269015396
2006-11-24,628.7000122070312,0.0
2006-11-28,637.2000122070312,1.342938238787212
2006-11-29,635.5,-0.2671506563684022
2006-11-30,646.9000244140625,1.777967016051753
2006-12-01,644.7000122070312,-0.3406649539015549
2006-12-04,645.2000122070312,0.0775253919806076
2006-12-05,642.2999877929688,-0.4504899912256721
2006-12-06,630.5,-1.8542309853585903
2006-12-07,631.9000244140625,0.2218037010393669
2006-12-08,626.0999755859375,-0.922112865797464
2006-12-11,630.0,0.6209755628185223
2006-12-12,627.0,-0.477327875265766
2006-12-13,627.9000244140625,0.1434416369229448
2006-12-14,626.5999755859375,-0.2072617446814834
2006-12-15,615.0,-1.8686071748817388
2006-12-18,614.0,-0.1627339659375371
2006-12-19,621.5999755859375,1.2301831630132092
2006-12-20,620.5999755859375,-0.1610047102445256
2006-12-21,618.2000122070312,-0.3874663230726145
2006-12-22,619.0999755859375,0.1454721646318354
2006-12-26,623.7000122070312,0.7402732013614872
2006-12-27,627.2000122070312,0.5595985394902668
2006-12-28,634.0999755859375,1.0941143705134009
2006-12-29,635.2000122070312,0.1733296946471204
2007-01-02,635.2000122070312,0.0
2007-01-03,627.0999755859375,-1.2833950533259382
2007-01-04,623.9000244140625,-0.5115840369173732
2007-01-05,604.9000244140625,-3.092694277474991
2007-01-08,607.5,0.4288979741342419
2007-01-09,613.0999755859375,0.9175839733252148
2007-01-10,611.5999755859375,-0.2449580811398607
2007-01-11,612.4000244140625,0.1307269513173532
2007-01-12,625.5,2.116562625723537
2007-01-16,624.5999755859375,-0.1439924145504427
2007-01-17,632.0999755859375,1.1936165093056406
2007-01-18,627.0999755859375,-0.794159223723301
2007-01-19,635.5,1.3306112012223903
2007-01-22,633.2999877929688,-0.3467866382398625
2007-01-23,645.2000122070312,1.8616140923706763
2007-01-24,647.5999755859375,0.3712818933368832
2007-01-25,647.7999877929688,0.0308803789215753
2007-01-26,644.5,-0.5107165514159464
2007-01-29,643.0999755859375,-0.2174627201514296
2007-01-30,644.2000122070312,0.1709060668503024
2007-01-31,652.0,1.2035306080422117
2007-02-01,657.4000244140625,0.8248136440767544
2007-02-02,646.2000122070312,-1.7183626086538162
2007-02-05,650.9000244140625,0.7246985805620171
2007-02-06,653.5999755859375,0.4139448106072946
2007-02-07,652.2999877929688,-0.1990946104355425
2007-02-08,658.0,0.8700371237097055
2007-02-09,667.5,1.4334458949087348
2007-02-12,662.5999755859375,-0.7367937254463199
2007-02-13,663.9000244140625,0.1960119478876311
2007-02-14,667.4000244140625,0.5258030399310162
2007-02-15,667.2999877929688,-0.0149901281735407
2007-02-16,668.7999877929688,0.2245341901959331
2007-02-20,657.0999755859375,-1.764886676878753
2007-02-21,680.2000122070312,3.4550713769769072
2007-02-22,679.4000244140625,-0.1176798858110004
2007-02-23,683.0999755859375,0.543113433647951
2007-02-26,686.5,0.4964999210323064
2007-02-27,683.9000244140625,-0.3794481405683081
2007-02-28,669.4000244140625,-2.14299185535567
2007-03-01,662.2999877929688,-1.0663218189124075
2007-03-02,641.5,-3.1909423003970803
2007-03-05,636.7000122070312,-0.7510577860367965
2007-03-06,643.7999877929688,1.108949370847853
2007-03-07,650.5999755859375,1.0506876609991436
2007-03-08,653.4000244140625,0.4294560017826217
2007-03-09,650.0,-0.5217173641936624
2007-03-12,648.4000244140625,-0.2464535375382498
2007-03-13,647.5999755859375,-0.1234643410114406
2007-03-14,640.9000244140625,-1.0399707500601576
2007-03-15,645.7000122070312,0.7461541933949571
2007-03-16,652.5999755859375,1.062932821123143
2007-03-19,653.0999755859375,0.0765872778031865
2007-03-20,657.9000244140625,0.7322761674232618
2007-03-21,659.0,0.1670553301477634
2007-03-22,663.4000244140625,0.6654628811864932
2007-03-23,656.7000122070312,-1.015085152900114
2007-03-26,663.4000244140625,1.0150851529001133
2007-03-27,662.0999755859375,-0.1961598257250816
2007-03-28,666.5,0.6623574561642005
2007-03-29,661.5,-0.7530156063753038
2007-03-30,663.0,0.2265006630852061
2007-04-02,665.7000122070312,0.4064146757930971
2007-04-03,664.0,-0.2556987467359615
2007-04-04,672.0999755859375,1.2124953174441024
2007-04-05,674.2000122070312,0.3119718255035031
2007-04-09,671.9000244140625,-0.3417264643948965
2007-04-10,676.5,0.6822891348881777
2007-04-11,676.7999877929688,0.0443342644776869
2007-04-12,675.0999755859375,-0.2514998371419414
2007-04-13,685.4000244140625,1.5141853176474689
2007-04-16,690.0999755859375,0.6833834188308505
2007-04-17,688.2000122070312,-0.2756968147981888
2007-04-18,689.0999755859375,0.1306851833249147
2007-04-19,684.2999877929688,-0.6989962814511815
2007-04-20,692.0,1.1189555497930568
2007-04-23,690.5999755859375,-0.2025206013736645
2007-04-24,684.2000122070312,-0.9310459219108546
2007-04-25,684.0999755859375,-0.0146220305728925
2007-04-26,674.9000244140625,-1.3539502155394525
2007-04-27,678.7000122070312,0.561465377191309
2007-04-30,680.5,0.2648600395906942
2007-05-01,674.4000244140625,-0.9004379202715457
2007-05-02,672.2999877929688,-0.3118791570933692
2007-05-03,681.7999877929688,1.4031690481807648
2007-05-04,687.2000122070312,0.7889046633799369
2007-05-07,688.0,0.116344949986513
2007-05-08,685.0999755859375,-0.4224060560255767
2007-05-09,680.2999877929688,-0.7030917965673251
2007-05-10,665.0999755859375,-2.2596490824395925
2007-05-11,670.5999755859375,0.8235429042812101
2007-05-14,668.5,-0.313640108383301
2007-05-15,673.0,0.670893310272984
2007-05-16,660.2000122070312,-1.9202491735736449
2007-05-17,656.2000122070312,-0.6077198779382403
2007-05-18,661.0,0.7288200722077313
2007-05-21,662.9000244140625,0.2870346224837404
2007-05-22,659.0999755859375,-0.574895505936526
2007-05-23,661.9000244140625,0.4239292992538017
2007-05-24,653.0,-1.353739473326557
2007-05-25,655.0999755859375,0.3210729193710797
2007-05-29,657.0999755859375,0.3048318279422304
2007-05-30,653.0999755859375,-0.6105957222767077
2007-05-31,661.0,1.2023620324889104
2007-06-01,671.2000122070312,1.531333348818606
2007-06-04,670.7000122070312,-0.0745212033746795
2007-06-05,669.5999755859375,-0.1641478591527535
2007-06-06,669.2999877929688,-0.0448110846506478
2007-06-07,660.0999755859375,-1.3841070158767097
2007-06-08,645.5,-2.2366091422627328
2007-06-11,654.2999877929688,1.3540732932368436
2007-06-12,648.5,-0.8903939462567009
2007-06-13,648.2000122070312,-0.0462694216852949
2007-06-14,651.5999755859375,0.5231529720376171
2007-06-15,654.5,0.444074608993292
2007-06-18,655.7999877929688,0.1984260446638707
2007-06-19,660.7000122070312,0.7444051715152761
2007-06-20,656.0999755859375,-0.6986718371801268
2007-06-21,650.5999755859375,-0.8418202626151703
2007-06-22,653.5,0.4447556550483525
2007-06-25,651.2999877929688,-0.3372186254483916
2007-06-26,642.0999755859375,-1.422633003200302
2007-06-27,641.7000122070312,-0.06230929983636
2007-06-28,647.5,0.8997869794266703
2007-06-29,648.0999755859375,0.0926174189767771
2007-07-02,656.5,1.2877725979390315
2007-07-03,652.9000244140625,-0.5498678156999113
2007-07-05,648.4000244140625,-0.6916188071551479
2007-07-06,652.7000122070312,0.6609796829232741
2007-07-09,660.5,1.187949961884717
2007-07-10,662.5,0.3023433897997351
2007-07-11,660.2999877929688,-0.3326299146950396
2007-07-12,666.7000122070312,0.9645929220218628
2007-07-13,665.7999877929688,-0.1350881127102728
2007-07-16,665.0,-0.1202266150688713
2007-07-17,664.7000122070312,-0.0451211243595319
2007-07-18,672.5999755859375,1.1814933595868524
2007-07-19,677.2000122070312,0.6815905276592799
2007-07-20,683.9000244140625,0.9845075517622316
2007-07-23,680.7999877929688,-0.4543184473600351
2007-07-24,684.2000122070312,0.498173105608202
2007-07-25,673.2999877929688,-1.6059312963741166
2007-07-26,662.5,-1.6170419560705949
2007-07-27,660.0,-0.3780722839906044
2007-07-30,664.0999755859375,0.6192868763566307
2007-07-31,666.9000244140625,0.4207442462503304
2007-08-01,663.5999755859375,-0.4960624720581275
2007-08-02,664.5999755859375,0.1505797659561598
2007-08-03,672.5,1.1816792290473208
2007-08-06,671.5,-0.1488095512701955
2007-08-07,670.5999755859375,-0.134121833746134
2007-08-08,674.5,0.5798878021979674
2007-08-09,661.4000244140625,-1.961283818741479
2007-08-10,670.2999877929688,1.3366517692220627
2007-08-13,669.7000122070312,-0.0895486009000922
2007-08-14,668.5999755859375,-0.1643931672817646
2007-08-15,668.9000244140625,0.0448671152386443
2007-08-16,648.2999877929688,-3.128107527152852
2007-08-17,656.9000244140625,1.3178303712340058
2007-08-20,656.7000122070312,-0.0304525278625071
2007-08-21,656.7000122070312,0.0
2007-08-22,659.0999755859375,0.3647919231787666
2007-08-23,658.9000244140625,-0.0303416044626728
2007-08-24,668.0,1.3716358564113813
2007-08-27,666.7999877929688,-0.1798040966892495
2007-08-28,664.4000244140625,-0.3605718084583878
2007-08-29,666.2999877929688,0.2855586762698772
2007-08-30,665.0,-0.1952960592013977
2007-08-31,673.0,1.1958288988873575
2007-09-04,682.5,1.4017197414386944
2007-09-05,681.7000122070312,-0.1172830783625746
2007-09-06,695.5999755859375,2.018505110679113
2007-09-07,700.7999877929688,0.7447774821192289
2007-09-10,703.2999877929688,0.3561003753708571
2007-09-11,712.2000122070312,1.2575262026388203
2007-09-12,711.9000244140625,-0.0421301579512221
2007-09-13,709.5,-0.337698980395983
2007-09-14,709.5999755859375,0.0140899989885059
2007-09-17,715.7999877929688,0.8699384688253021
2007-09-18,715.7999877929688,0.0
2007-09-19,722.0,0.862435761459098
2007-09-20,732.4000244140625,1.430170724185772
2007-09-21,731.4000244140625,-0.1366307039498746
2007-09-24,732.0999755859375,0.0956544209422559
2007-09-25,731.5999755859375,-0.0683200158677448
2007-09-26,728.2999877929688,-0.4520848683053973
2007-09-27,732.7000122070312,0.602332336338196
2007-09-28,742.7999877929688,1.3690455218486208
2007-10-01,747.2000122070312,0.5906090206921606
2007-10-02,729.7999877929688,-2.3562395975862143
2007-10-03,729.2999877929688,-0.0685354023627466
2007-10-04,737.7999877929688,1.1587615365222073
2007-10-05,741.2999877929688,0.4732616578215814
2007-10-08,732.7999877929688,-1.1532588493760725
2007-10-09,737.4000244140625,0.6257722206492752
2007-10-10,740.4000244140625,0.4060094765147877
2007-10-11,751.2999877929688,1.4614409453741706
2007-10-12,748.7000122070312,-0.3466637586294284
2007-10-15,757.0999755859375,1.1156927321505157
2007-10-16,757.0,-0.0132059424998156
2007-10-17,757.5,0.0660283946075509
2007-10-18,764.0999755859375,0.8675101318599208
2007-10-19,764.0,-0.0130849535602898
2007-10-22,755.7999877929688,-1.079101440227158
2007-10-23,759.0,0.4225002631381008
2007-10-24,761.5999755859375,0.3419674025245495
2007-10-25,767.2999877929688,0.745639185367149
2007-10-26,783.9000244140625,2.140364906448734
2007-10-29,789.0999755859375,0.6611532248830871
2007-10-30,784.2999877929688,-0.6101439933481708
2007-10-31,792.0,0.9769807160042444
2007-11-01,790.7000122070312,-0.1642747299285792
2007-11-02,805.7000122070312,1.8792835418849323
2007-11-05,808.0999755859375,0.2974303093727286
2007-11-06,820.7999877929688,1.5593676516674149
2007-11-07,831.0,1.235033531105721
2007-11-08,835.2000122070312,0.504143688862432
2007-11-09,832.5,-0.3238009889473583
2007-11-12,805.7999877929688,-3.2597664246311253
2007-11-13,797.2000122070312,-1.0729953957265712
2007-11-14,813.0,1.9625505896788575
2007-11-15,785.9000244140625,-3.3901520610581333
2007-11-16,785.7000122070312,-0.0254533218949378
2007-11-19,776.7999877929688,-1.1392154455674712
2007-11-20,790.2999877929688,1.7229703502251552
2007-11-21,797.5999755859375,0.9194583273364908
2007-11-23,824.0,3.2563341871250007
2007-11-26,826.0,0.2424243611506475
2007-11-27,813.7000122070312,-1.5003010816484756
2007-11-28,800.0999755859375,-1.6855073362179445
2007-11-29,795.2999877929688,-0.601730272818875
2007-11-30,782.2000122070312,-1.6608908686688486
2007-12-03,788.2999877929688,0.7768234653164796
2007-12-04,801.2999877929688,1.6356680969389612
2007-12-05,797.5,-0.4753558890991362
2007-12-06,801.2000122070312,0.4628784368598568
2007-12-07,794.4000244140625,-0.8523475563928767
2007-12-10,807.7000122070312,1.6603574097904306
2007-12-11,811.4000244140625,0.4570463299585011
2007-12-12,813.5,0.2584745797933598
2007-12-13,799.0,-1.7984980892817837
2007-12-14,793.2999877929688,-0.7159500845978265
2007-12-17,794.7999877929688,0.188905039874519
2007-12-18,803.0,1.0264218627720132
2007-12-19,801.0999755859375,-0.2368961201365074
2007-12-20,799.2000122070312,-0.2374510136989781
2007-12-21,811.5999755859375,1.5396335261854686
2007-12-24,812.7999877929688,0.1477483935462893
2007-12-26,826.0,1.6109711715253905
2007-12-27,828.5999755859375,0.3142726658091035
2007-12-28,839.5999755859375,1.318805868920145
2007-12-31,834.9000244140625,-0.5613572426415989
2008-01-02,857.0,2.6125932155925264
2008-01-03,866.4000244140625,1.0908805267743065
2008-01-04,863.0999755859375,-0.3816192926393314
2008-01-07,859.5999755859375,-0.406339457242955
2008-01-08,878.0,2.1179457268416453
2008-01-09,879.5,0.1706970542496116
2008-01-10,891.7000122070312,1.3776202652837557
2008-01-11,896.0999755859375,0.4922219814926059
2008-01-14,901.5999755859376,0.6118949001593347
2008-01-15,901.0,-0.0665678038632004
2008-01-16,880.5999755859375,-2.2901792011034683
2008-01-17,879.5,-0.1249901419690313
2008-01-18,880.7999877929688,0.1477007371829922
2008-01-22,889.5999755859375,0.9941324503009532
2008-01-23,882.5,-0.8013107245000536
2008-01-24,905.5,2.5728488516016212
2008-01-25,910.5,0.5506621844194516
2008-01-28,927.0999755859376,1.806750911147768
2008-01-29,925.0999755859376,-0.2159594892595582
2008-01-30,920.5999755859376,-0.4876208523132775
2008-01-31,922.7000122070312,0.2278562950784293
2008-02-01,908.7000122070312,-1.5289147679384003
2008-02-04,904.9000244140624,-0.4190552797879134
2008-02-05,885.9000244140625,-2.1220362360460916
2008-02-06,900.7000122070312,1.6568147366051975
2008-02-07,906.0999755859376,0.5977395941375844
2008-02-08,918.4000244140624,1.3483403864657832
2008-02-11,922.9000244140624,0.4887860576610762
2008-02-12,907.4000244140624,-1.693751858979255
2008-02-13,906.5,-0.0992363940470277
2008-02-14,907.4000244140624,0.0992363940470311
2008-02-15,902.7999877929688,-0.5082362713297335
2008-02-19,926.5999755859376,2.6020915212462903
2008-02-20,934.5999755859376,0.8596657509311826
2008-02-21,946.0999755859376,1.2229641761595724
2008-02-22,944.7000122070312,-0.1480816208765022
2008-02-25,937.5999755859376,-0.7544036912825284
2008-02-26,946.0999755859376,0.9024853121590286
2008-02-27,958.2000122070312,1.2708291283116857
2008-02-28,964.5,0.6553295157217981
2008-02-29,972.0999755859376,0.7848822366474967
2008-03-03,981.5,0.9623359004257108
2008-03-04,963.9000244140624,-1.8094433598175357
2008-03-05,986.2000122070312,2.2871606049530766
2008-03-06,975.0,-1.142171517002402
2008-03-07,972.2000122070312,-0.2875913830401525
2008-03-10,969.9000244140624,-0.2368558596217367
2008-03-11,974.2000122070312,0.4423635331527214
2008-03-12,978.7999877929688,0.4710685194335475
2008-03-13,992.2999877929688,1.369814952134998
2008-03-14,998.2000122070312,0.5928200646111267
2008-03-17,1001.4000244140624,0.3200655011222366
2008-03-18,1003.2000122070312,0.1795857770974968
2008-03-19,944.7000122070312,-6.008275235006547
2008-03-20,919.5999755859376,-2.6928663356225133
2008-03-24,918.2999877929688,-0.1414645014058085
2008-03-25,934.5999755859376,1.7594482817452597
2008-03-26,949.0,1.529019446607441
2008-03-27,948.7999877929688,-0.0210783232225046
2008-03-28,930.5999755859376,-1.936850220190945
2008-03-31,916.2000122070312,-1.5594818399607544
2008-04-01,882.9000244140625,-3.7022723216522953
2008-04-02,895.2000122070312,1.3835199074146436
2008-04-03,905.0,1.0887773066116757
2008-04-04,909.0,0.4410150477552789
2008-04-07,922.7000122070312,1.4959073636717288
2008-04-08,914.0,-0.9473596360046074
2008-04-09,933.5999755859376,2.1217483367743406
2008-04-10,928.2999877929688,-0.5693111565884119
2008-04-11,923.5999755859376,-0.5075892209257965
2008-04-14,925.4000244140624,0.194705180831986
2008-04-15,928.7000122070312,0.3559669071104831
2008-04-16,945.0999755859376,1.750494424258085
2008-04-17,939.7999877929688,-0.5623642489008788
2008-04-18,912.2000122070312,-2.9807796020180173
2008-04-21,914.7000122070312,0.2736878348143971
2008-04-22,922.2999877929688,0.8274380998537423
2008-04-23,906.2000122070312,-1.7610491302640874
2008-04-24,886.7999877929688,-2.1640581726710733
2008-04-25,887.2000122070312,0.0450985818311647
2008-04-28,892.9000244140625,0.6404170070398394
2008-04-29,874.2000122070312,-2.116542347273429
2008-04-30,862.7999877929688,-1.3126296026031057
2008-05-01,848.9000244140625,-1.6241477863276048
2008-05-02,856.0999755859375,0.8445740727103433
2008-05-05,872.2999877929688,1.8746224214428244
2008-05-06,876.0,0.423270349129323
2008-05-07,869.5999755859375,-0.7332783204441062
2008-05-08,880.5999755859375,1.257015786535274
2008-05-09,884.5,0.4419048002536844
2008-05-12,883.7000122070312,-0.0904861262334543
2008-05-13,868.5,-1.7350066656345773
2008-05-14,865.4000244140625,-0.3575729679071615
2008-05-15,879.0,1.5593041683088862
2008-05-16,899.0,2.2498136786443244
2008-05-19,905.0,0.6651909228305919
2008-05-20,919.5,1.589510034444961
2008-05-21,928.0,0.9201688741824704
2008-05-22,917.9000244140624,-1.0943253963419088
2008-05-23,925.5999755859376,0.835367068021306
2008-05-27,907.7000122070312,-1.952820852210282
2008-05-28,900.5,-0.7963776364880937
2008-05-29,877.2000122070312,-2.62151341563734
2008-05-30,887.2999877929688,1.1448099624153
2008-06-02,892.9000244140625,0.629148978181772
2008-06-03,881.5999755859375,-1.2736209159860417
2008-06-04,879.9000244140625,-0.1930118307827085
2008-06-05,871.7999877929688,-0.924826659572895
2008-06-06,895.4000244140625,2.671054727076939
2008-06-09,894.7000122070312,-0.0782092875696364
2008-06-10,867.9000244140625,-3.041195141702502
2008-06-11,879.7000122070312,1.350442535474614
2008-06-12,869.2000122070312,-1.2007691708726862
2008-06-13,870.2999877929688,0.1264703342975246
2008-06-16,883.5999755859375,1.5166478146507505
2008-06-17,884.2999877929688,0.0791913861773608
2008-06-18,890.9000244140625,0.7435857352901756
2008-06-19,901.7000122070312,1.204966891324058
2008-06-20,901.2999877929688,-0.0443732025098396
2008-06-23,884.7999877929688,-1.8476535046862423
2008-06-24,889.2000122070312,0.4960578846450023
2008-06-25,880.0,-1.040028834589455
2008-06-26,913.0999755859376,3.69234694124858
2008-06-27,929.2999877929688,1.7586224542828364
2008-06-30,926.2000122070312,-0.3341394201222333
2008-07-01,942.5,1.7445712095821817
2008-07-02,944.7999877929688,0.2437332640758728
2008-07-03,931.9000244140624,-1.374771297315826
2008-07-07,927.2999877929688,-0.4948414347644368
2008-07-08,921.9000244140624,-0.5840340355241072
2008-07-09,927.2999877929688,0.5840340355241099
2008-07-10,940.9000244140624,1.4559765318161122
2008-07-11,959.5,1.9575425487471525
2008-07-14,972.7000122070312,1.366340697727631
2008-07-15,977.7000122070312,0.5127164572051522
2008-07-16,961.7999877929688,-1.6396370845380588
2008-07-17,970.0,0.8489555345726676
2008-07-18,957.2999877929688,-1.3179262296642251
2008-07-21,963.0999755859376,0.6040414016574785
2008-07-22,948.0,-1.5802720962339083
2008-07-23,922.4000244140624,-2.737550683219545
2008-07-24,922.0,-0.0433771866232543
2008-07-25,926.5999755859376,0.4976723077947858
2008-07-28,927.5999755859376,0.1078632427233088
2008-07-29,916.4000244140624,-1.2147601841161848
2008-07-30,902.9000244140624,-1.484114486757138
2008-07-31,913.9000244140624,1.2109350639264935
2008-08-01,909.0,-0.5376088814827545
2008-08-04,900.0999755859375,-0.9839253038161948
2008-08-05,878.5999755859375,-2.417613738509814
2008-08-06,875.5999755859375,-0.3420365988177328
2008-08-07,870.7000122070312,-0.5611837911681392
2008-08-08,857.7999877929688,-1.492654200220623
2008-08-11,821.5,-4.3239020374830925
2008-08-12,808.2000122070312,-1.632236972897623
2008-08-13,825.0,2.057381858633438
2008-08-14,808.2000122070312,-2.0573818586334425
2008-08-15,786.0,-2.7852775319139957
2008-08-18,799.7000122070312,1.7279880173150846
2008-08-19,811.0999755859375,1.4154648373999676
2008-08-20,810.2999877929688,-0.0986786574507059
2008-08-21,833.0,2.7629107764992575
2008-08-22,827.4000244140625,-0.6745358632567388
2008-08-25,819.7999877929688,-0.9227890354293494
2008-08-26,822.2000122070312,0.2923296130586706
2008-08-27,828.0999755859375,0.7150201247063329
2008-08-28,830.9000244140625,0.3375589495975843
2008-08-29,829.2999877929688,-0.1927523316130437
2008-09-02,805.0,-2.97396793189138
2008-09-03,802.7000122070312,-0.2861217073568409
2008-09-04,797.9000244140625,-0.5997753432862506
2008-09-05,797.5999755859375,-0.0376118873910603
2008-09-08,797.5,-0.0125353379222074
2008-09-09,787.0999755859375,-1.312656052833487
2008-09-10,757.9000244140625,-3.780379109990648
2008-09-11,741.2999877929688,-2.2146097835143994
2008-09-12,760.2999877929688,2.5307690983230957
2008-09-15,783.0999755859375,2.954729440187129
2008-09-16,776.5,-0.8463727991974911
2008-09-17,846.5999755859375,8.643165666030358
2008-09-18,892.7000122070312,5.302229261055269
2008-09-19,860.5999755859375,-3.6620799823751806
2008-09-22,903.9000244140624,4.908896977821265
2008-09-23,885.5,-2.0566304591170597
2008-09-24,889.0,0.3944778291016325
2008-09-25,877.7000122070312,-1.279237200785598
2008-09-26,882.9000244140625,0.5907108053614298
2008-09-29,888.2000122070312,0.5984985041900353
2008-09-30,874.2000122070312,-1.5887760208689488
2008-10-01,880.7000122070312,0.7407863279140866
2008-10-02,839.0,-4.850635320480843
2008-10-03,828.9000244140625,-1.2111156416158044
2008-10-06,862.7000122070312,3.996747018128355
2008-10-07,878.4000244140625,1.803507831672131
2008-10-08,903.0999755859376,2.773116367407969
2008-10-09,883.0999755859375,-2.2394845394240424
2008-10-10,855.4000244140625,-3.186919249497782
2008-10-13,838.9000244140625,-1.94776853791954
2008-10-14,836.2999877929688,-0.3104153163713016
2008-10-15,835.5,-0.0957037755557493
2008-10-16,801.5,-4.154537598584078
2008-10-17,785.0999755859375,-2.067390494215343
2008-10-20,787.5999755859375,0.3179248659467829
2008-10-21,766.0999755859375,-2.767763811213133
2008-10-22,733.2999877929688,-4.3757799201745415
2008-10-23,713.2999877929688,-2.765280628251339
2008-10-24,729.0999755859375,2.190879115664773
2008-10-27,741.7000122070312,1.7134001873511409
2008-10-28,739.2999877929688,-0.3241089149244139
2008-10-29,752.7999877929688,1.8095796004219071
2008-10-30,737.2000122070312,-2.094032970135544
2008-10-31,716.7999877929688,-2.806239772348853
2008-11-03,725.4000244140625,1.1926415873979528
2008-11-04,756.0,4.131811567473149
2008-11-05,741.2999877929688,-1.9635990983918656
2008-11-06,731.2000122070312,-1.3718348361156718
2008-11-07,733.2000122070312,0.2731495780070962
2008-11-10,745.5999755859375,1.6770698012669714
2008-11-11,732.0,-1.840871666588677
2008-11-12,717.7000122070312,-1.9728842516742544
2008-11-13,704.9000244140625,-1.799568802995105
2008-11-14,742.4000244140625,5.183223094269356
2008-11-17,741.9000244140625,-0.067371825434766
2008-11-18,732.5999755859375,-1.2614679083479046
2008-11-19,735.9000244140625,0.4494456088856211
2008-11-20,748.5999755859375,1.7110489749026232
2008-11-21,791.7000122070312,5.597778473877938
2008-11-24,819.4000244140625,3.43898473116718
2008-11-25,818.4000244140625,-0.1221150438947516
2008-11-26,808.5,-1.2170565451709396
2008-11-28,816.2000122070312,0.9478758910475183
2008-12-01,774.5999755859375,-5.231270236526892
2008-12-02,781.2999877929688,0.8612447816330853
2008-12-03,768.7999877929688,-1.6128341600648193
2008-12-04,763.7999877929688,-0.6524882968607938
2008-12-05,750.5,-1.7566307735925757
2008-12-08,767.4000244140625,2.2268558553333455
2008-12-09,772.4000244140625,0.6494372535564775
2008-12-10,807.0999755859375,4.394496391879404
2008-12-11,824.9000244140625,2.181465038186714
2008-12-12,818.9000244140625,-0.7300190373693654
2008-12-15,835.4000244140625,1.9948675198090664
2008-12-16,841.7000122070312,0.7512989432886337
2008-12-17,867.5,3.0191841100654813
2008-12-18,859.5999755859375,-0.9148375454314106
2008-12-19,836.4000244140625,-2.736013962276432
2008-12-22,846.2000122070312,1.1648755967735784
2008-12-23,837.2000122070312,-1.069274755904441
2008-12-24,847.0999755859375,1.175571746412139
2008-12-26,870.4000244140625,2.7134181534173583
2008-12-29,874.5999755859375,0.48137069133508
2008-12-30,869.2999877929688,-0.6078335021623438
2008-12-31,883.5999755859375,1.631616787309193
2009-01-02,878.7999877929688,-0.5447117295854647
2009-01-05,857.2000122070312,-2.4886048779878007
2009-01-06,865.4000244140625,0.9520578162079092
2009-01-07,841.0999755859375,-2.8481326060046315
2009-01-08,853.9000244140625,1.5103589562761364
2009-01-09,854.2999877929688,0.0468286363841667
2009-01-12,820.2999877929688,-4.061229374111984
2009-01-13,820.0999755859375,-0.0243857854776387
2009-01-14,808.2000122070312,-1.4616686524402027
2009-01-15,806.7000122070312,-0.1857700673359928
2009-01-16,839.2999877929688,3.961632946949488
2009-01-20,854.5999755859375,1.8065298097618483
2009-01-21,849.5999755859375,-0.5867872890375364
2009-01-22,858.2000122070312,1.007156502969316
2009-01-23,895.2999877929688,4.232165722412173
2009-01-26,908.5,1.4636043830686567
2009-01-27,899.2000122070312,-1.0289395121364195
2009-01-28,888.0999755859375,-1.2421170940621529
2009-01-29,905.0999755859376,1.896108608500063
2009-01-30,927.2999877929688,2.423171678288124
2009-02-02,906.7000122070312,-2.246547652696921
2009-02-03,892.0,-1.6345515535143351
2009-02-04,901.5999755859376,1.070480306696049
2009-02-05,913.5999755859376,1.322187653185266
2009-02-06,913.9000244140624,0.0328370813483969
2009-02-09,892.4000244140625,-2.3806693076172087
2009-02-10,913.7000122070312,2.3587813448439765
2009-02-11,943.7999877929688,3.2411962993795735
2009-02-12,948.5,0.4967523016699187
2009-02-13,941.5,-0.7407441277861805
2009-02-17,967.0,2.6724147356087293
2009-02-18,977.7000122070312,1.1004391543788044
2009-02-19,976.0999755859376,-0.1637871828008772
2009-02-20,1001.7999877929688,2.5988633569344706
2009-02-23,994.5999755859376,-0.7213027004394478
2009-02-24,969.0999755859376,-2.5972841186030737
2009-02-25,965.7000122070312,-0.3514540934517025
2009-02-26,941.7999877929688,-2.506031476540572
2009-02-27,941.5,-0.0318576750863237
2009-03-02,939.0,-0.2658868888944218
2009-03-03,912.9000244140624,-2.818910689381448
2009-03-04,906.0,-0.7587066271469127
2009-03-05,927.0,2.2914259522875833
2009-03-06,942.0999755859376,1.6157834574253818
2009-03-09,917.7000122070312,-2.624084701337506
2009-03-10,895.5999755859375,-2.43766956621419
2009-03-11,910.4000244140624,1.6390232724326408
2009-03-12,923.7000122070312,1.450326662500934
2009-03-13,929.7999877929688,0.6582139313893182
2009-03-16,921.5999755859376,-0.8858232677147563
2009-03-17,916.4000244140624,-0.5658286230060493
2009-03-18,888.7000122070312,-3.0693242740354396
2009-03-19,958.2999877929688,7.540113413124322
2009-03-20,955.7999877929688,-0.2612195238976835
2009-03-23,952.0999755859376,-0.3878627723209322
2009-03-24,923.2999877929688,-3.0715850091822032
2009-03-25,935.4000244140624,1.3020075834423062
2009-03-26,939.5999755859376,0.4479955409377387
2009-03-27,923.0,-1.782499229844163
2009-03-30,915.5,-0.8158870388286754
2009-03-31,922.5999755859376,0.772538054691473
2009-04-01,926.0999755859376,0.3786449152511566
2009-04-02,907.4000244140624,-2.039879967861561
2009-04-03,895.5999755859375,-1.3089536670783937
2009-04-06,871.5,-2.727799250451656
2009-04-07,882.2000122070312,1.2202936547797385
2009-04-08,884.7999877929688,0.2942815463823672
2009-04-09,882.2000122070312,-0.2942815463823715
2009-04-13,894.7000122070312,1.4069678689391438
2009-04-14,890.9000244140625,-0.4256265066847653
2009-04-15,892.7999877929688,0.2130362823879516
2009-04-16,879.2999877929688,-1.5236455452009428
2009-04-17,867.4000244140625,-1.3625862954765418
2009-04-20,887.0,2.234472276205794
2009-04-21,882.0999755859375,-0.5539581722063631
2009-04-22,891.7999877929688,1.0936477917778626
2009-04-23,905.9000244140624,1.5687073120010622
2009-04-24,913.5999755859376,0.8463860553517303
2009-04-27,907.4000244140624,-0.6809418043446425
2009-04-28,892.7999877929688,-1.6220816181079714
2009-04-29,899.7999877929688,0.7809924886392711
2009-04-30,890.7000122070312,-1.0164818697879077
2009-05-01,887.5999755859375,-0.3486520590075039
2009-05-04,901.5999755859376,1.5649772094234955
2009-05-05,903.7000122070312,0.2326524768775914
2009-05-06,910.5,0.7496438751916833
2009-05-07,915.0,0.4930166107858586
2009-05-08,914.4000244140624,-0.0655926095377484
2009-05-11,913.0,-0.1532258585175392
2009-05-12,923.5,1.1434919044326206
2009-05-13,925.5,0.2163332374257654
2009-05-14,928.0,0.2697600772648335
2009-05-15,930.9000244140624,0.3120153562543053
2009-05-18,921.2999877929688,-1.036618348364692
2009-05-19,926.2999877929688,0.5412440216615357
2009-05-20,937.0,1.1485139156710138
2009-05-21,950.7999877929688,1.4620440408921442
2009-05-22,958.5,0.8065839838355524
2009-05-26,953.0999755859376,-0.564975815754527
2009-05-27,953.2000122070312,0.0104953702802249
2009-05-28,961.5,0.866980699787802
2009-05-29,978.7999877929688,1.7832754068256569
2009-06-01,978.5999755859376,-0.0204365190016688
2009-06-02,983.2000122070312,0.4689616760364117
2009-06-03,964.5,-1.9202738321654769
2009-06-04,981.2000122070312,1.7166492479470985
2009-06-05,961.7000122070312,-2.0073760413638633
2009-06-08,951.7000122070312,-1.0452692506764674
2009-06-09,954.0,0.2413799543434994
2009-06-10,954.0,0.0
2009-06-11,961.2999877929688,0.762285092502219
2009-06-12,940.0999755859376,-2.2300295758447897
2009-06-15,926.9000244140624,-1.414051539359594
2009-06-16,931.5999755859376,0.5057800582327365
2009-06-17,935.4000244140624,0.4070759588324174
2009-06-18,934.0,-0.1497833163073703
2009-06-19,935.5999755859376,0.1711570386629393
2009-06-22,920.5999755859376,-1.6162403752060257
2009-06-23,923.9000244140624,0.3578262238292478
2009-06-24,934.0999755859376,1.0979605640643542
2009-06-25,939.0999755859376,0.5338471070921699
2009-06-26,940.7000122070312,0.170234814117605
2009-06-29,940.4000244140624,-0.0318949327172213
2009-06-30,927.0999755859376,-1.424393434813323
2009-07-01,941.0,1.488173130623946
2009-07-02,930.7000122070312,-1.1006135277747136
2009-07-06,924.0,-0.7224932665948387
2009-07-07,928.7999877929688,0.5181345599199095
2009-07-08,909.0,-2.154832306340435
2009-07-09,915.9000244140624,0.756212088727923
2009-07-10,912.2000122070312,-0.4047937405190009
2009-07-13,922.2000122070312,1.090285534989589
2009-07-14,922.5,0.0325242905218328
2009-07-15,939.0999755859376,1.783456789858743
2009-07-16,935.0999755859376,-0.4268494480373315
2009-07-17,937.2000122070312,0.2243270325745305
2009-07-20,948.5,1.1985069716426962
2009-07-21,946.5999755859376,-0.2005197694240386
2009-07-22,953.0,0.6738311973373539
2009-07-23,954.5,0.1572739511600105
2009-07-24,952.7999877929688,-0.1782637936457659
2009-07-27,953.2999877929688,0.0524631465161846
2009-07-28,939.0,-1.5114157486243551
2009-07-29,927.2000122070312,-1.2646174017243
2009-07-30,934.9000244140624,0.8270292620339339
2009-07-31,953.7000122070312,1.990957157316271
2009-08-03,956.5999755859376,0.3036136339969923
2009-08-04,967.5,1.1330119179445004
2009-08-05,964.2000122070312,-0.3416670272146158
2009-08-06,960.7000122070312,-0.3636556509705471
2009-08-07,957.2999877929688,-0.3545388921298987
2009-08-10,945.0,-1.2931881707043476
2009-08-11,945.7999877929688,0.0846189809465269
2009-08-12,950.7000122070312,0.5167450901822002
2009-08-13,954.7000122070312,0.4198599585205452
2009-08-14,947.0,-0.809807460415745
2009-08-17,934.2999877929688,-1.3501520452598403
2009-08-18,937.7000122070312,0.3632508710155792
2009-08-19,943.2999877929688,0.5954271271398787
2009-08-20,940.2999877929688,-0.3185392414063491
2009-08-21,953.2000122070312,1.3625797729985336
2009-08-24,942.2999877929688,-1.1501075772752156
2009-08-25,944.5,0.2332004683360084
2009-08-26,944.2999877929688,-0.0211787599609801
2009-08-27,945.5,0.1269988756557773
2009-08-28,957.0,1.2089503354442022
2009-08-31,951.7000122070312,-0.5553519548102792
2009-09-01,954.7000122070312,0.3147295885384278
2009-09-02,976.5999755859376,2.267995883828402
2009-09-03,995.7999877929688,1.9469295321045588
2009-09-04,994.9000244140624,-0.0904167815039208
2009-09-08,997.9000244140624,0.3010841221180157
2009-09-09,995.2999877929688,-0.2608908368363833
2009-09-10,995.4000244140624,0.0100503963996905
2009-09-11,1004.9000244140624,0.9498646398589966
2009-09-14,999.9000244140624,-0.4988038951622078
2009-09-15,1005.0,0.5087522094868657
2009-09-16,1018.9000244140624,1.3736096448259076
2009-09-17,1012.2999877929688,-0.6498680395438373
2009-09-18,1009.2000122070312,-0.3067007683343848
2009-09-21,1003.7000122070312,-0.5464765880866714
2009-09-22,1014.2000122070312,1.0406952415250748
2009-09-23,1013.0,-0.1183911148353647
2009-09-24,997.5,-1.5419355484664854
2009-09-25,990.2000122070312,-0.7345193508851772
2009-09-28,992.5,0.2320057306178774
2009-09-29,993.0999755859376,0.0604326764277137
2009-09-30,1008.0,1.4892109305691306
2009-10-01,999.5,-0.8468294690859142
2009-10-02,1003.2000122070312,0.3695028106294769
2009-10-05,1016.7000122070312,1.3367197240888045
2009-10-06,1038.5999755859375,2.131152861587689
2009-10-07,1043.300048828125,0.4515184372023081
2009-10-08,1055.4000244140625,1.1531051828550332
2009-10-09,1047.800048828125,-0.7227090529354285
2009-10-12,1056.699951171875,0.8458023664125905
2009-10-13,1064.199951171875,0.707249904093788
2009-10-14,1063.9000244140625,-0.0281872809773203
2009-10-15,1049.800048828125,-1.334170813999035
2009-10-16,1050.699951171875,0.0856845892699701
2009-10-19,1057.300048828125,0.6261972697648255
2009-10-20,1057.800048828125,0.0472790871569487
2009-10-21,1063.699951171875,0.5562024561629172
2009-10-22,1057.800048828125,-0.5562024561629118
2009-10-23,1055.5999755859375,-0.2082023290920518
2009-10-26,1042.0999755859375,-1.2871417930403235
2009-10-27,1034.699951171875,-0.7126402150334505
2009-10-28,1029.9000244140625,-0.4649748583262424
2009-10-29,1046.4000244140625,1.589399119738508
2009-10-30,1039.699951171875,-0.6423562014159745
2009-11-02,1053.4000244140625,1.309088820547315
2009-11-03,1084.300048828125,2.8911611284339007
2009-11-04,1086.699951171875,0.2210873626257531
2009-11-05,1088.699951171875,0.1838742900871776
2009-11-06,1095.0999755859375,0.5861381950604163
2009-11-09,1100.800048828125,0.5191571548221521
2009-11-10,1101.9000244140625,0.0998752114040059
2009-11-11,1114.0,1.092115683716609
2009-11-12,1106.0,-0.7207238404949271
2009-11-13,1116.0999755859375,0.9090540704948796
2009-11-16,1138.5999755859375,1.995897228757551
2009-11-17,1138.800048828125,0.0175703205899093
2009-11-18,1140.699951171875,0.1666946947742947
2009-11-19,1141.4000244140625,0.0613534263737137
2009-11-20,1146.4000244140625,0.4371018318064226
2009-11-23,1164.300048828125,1.5493471170473594
2009-11-24,1165.5,0.1030089495090117
2009-11-25,1186.9000244140625,1.8194707156251
2009-11-27,1174.199951171875,-1.0757863586141871
2009-11-30,1181.0999755859375,0.5859163901266118
2009-12-01,1199.0999755859375,1.5125068077877923
2009-12-02,1212.0,1.0700632604194855
2009-12-03,1217.4000244140625,0.4445569484829301
2009-12-04,1168.800048828125,-4.073983390131261
2009-12-07,1163.4000244140625,-0.4630849751018062
2009-12-08,1142.800048828125,-1.7865339378395624
2009-12-09,1120.4000244140625,-1.9795647906921812
2009-12-10,1125.699951171875,0.4719234808527988
2009-12-11,1119.4000244140625,-0.5612171717756053
2009-12-14,1123.300048828125,0.3477975848773126
2009-12-15,1122.4000244140625,-0.0801553576075786
2009-12-16,1135.5,1.1603811005702724
2009-12-17,1106.800048828125,-2.5600069516358777
2009-12-18,1110.800048828125,0.3607507361009815
2009-12-21,1095.4000244140625,-1.3960904752837648
2009-12-22,1086.0,-0.8618394143545736
2009-12-23,1093.300048828125,0.6699468607789347
2009-12-24,1104.0999755859375,0.9829811231236756
2009-12-28,1107.199951171875,0.2803760429950697
2009-12-29,1097.0,-0.9255080487627456
2009-12-30,1091.5,-0.5026284285231711
2009-12-31,1095.199951171875,0.3384053400487731
2010-01-04,1117.699951171875,2.0336008314825507
2010-01-05,1118.0999755859375,0.0357835612698175
2010-01-06,1135.9000244140625,1.579451541250982
2010-01-07,1133.0999755859375,-0.2468091890255082
2010-01-08,1138.199951171875,0.4490806429333249
2010-01-11,1150.699951171875,1.0922386126403754
2010-01-12,1128.9000244140625,-1.912668150208354
2010-01-13,1136.4000244140625,0.6621663569801901
2010-01-14,1142.5999755859375,0.5440953459529431
2010-01-15,1130.0999755859375,-1.1000243160598022
2010-01-19,1139.699951171875,0.8458924256074033
2010-01-20,1112.300048828125,-2.433503952240169
2010-01-21,1102.699951171875,-0.8668314012208104
2010-01-22,1089.199951171875,-1.2318236513859564
2010-01-25,1095.199951171875,0.5493513420230047
2010-01-26,1097.9000244140625,0.246233608725502
2010-01-27,1084.4000244140625,-1.237242533934095
2010-01-28,1083.5999755859375,-0.0738052457972301
2010-01-29,1083.0,-0.0553840679437427
2010-02-01,1104.300048828125,1.9476726268452351
2010-02-02,1117.4000244140625,1.1792885604596248
2010-02-03,1111.4000244140625,-0.5384076061273663
2010-02-04,1062.4000244140625,-4.508998111049233
2010-02-05,1052.199951171875,-0.9647358811312444
2010-02-08,1065.699951171875,1.2748650518059184
2010-02-09,1076.699951171875,1.0268948062854866
2010-02-10,1075.800048828125,-0.0836146244998661
2010-02-11,1094.199951171875,1.6958841778351377
2010-02-12,1089.5,-0.4304582620552603
2010-02-16,1119.300048828125,2.698465813435139
2010-02-17,1119.5,0.0178623519783453
2010-02-18,1118.0,-0.1340782323765039
2010-02-19,1121.300048828125,0.2947395297785392
2010-02-22,1112.5999755859375,-0.7789173314889508
2010-02-23,1102.699951171875,-0.8937923213824531
2010-02-24,1096.5,-0.5638384626172893
2010-02-25,1107.800048828125,1.0252821817720683
2010-02-26,1118.300048828125,0.9433608021292232
2010-03-01,1117.800048828125,-0.0447207179014201
2010-03-02,1136.9000244140625,1.694277009135818
2010-03-03,1142.699951171875,0.5088558812882547
2010-03-04,1132.5999755859375,-0.8877987298245592
2010-03-05,1134.800048828125,0.1940613838715137
2010-03-08,1123.5999755859375,-0.9918672460992172
2010-03-09,1122.0,-0.1424987419017977
2010-03-10,1107.800048828125,-1.273669640697816
2010-03-11,1108.0,0.0180477631565623
2010-03-12,1101.5,-0.5883701064831276
2010-03-15,1105.0999755859375,0.3262919260163617
2010-03-16,1122.199951171875,1.535519430323725
2010-03-17,1124.0,0.1602750647837658
2010-03-18,1127.4000244140625,0.3020366849029268
2010-03-19,1107.4000244140625,-1.7899170867508114
2010-03-22,1099.300048828125,-0.734128943287008
2010-03-23,1103.5,0.3813288694503739
2010-03-24,1088.5999755859375,-1.3594502123719503
2010-03-25,1092.699951171875,0.3759208317871616
2010-03-26,1104.199951171875,1.0469393738636967
2010-03-29,1110.300048828125,0.5509246408055013
2010-03-30,1104.5,-0.5237549177463194
2010-03-31,1113.300048828125,0.7935877733399112
2010-04-01,1125.0999755859375,1.0543277283994743
2010-04-05,1132.9000244140625,0.6908839551936325
2010-04-06,1135.0999755859375,0.1939992823498996
2010-04-07,1152.300048828125,1.5039256141456732
2010-04-08,1152.199951171875,-0.0086871474344023
2010-04-09,1161.0999755859375,0.7694694686179823
2010-04-12,1161.5999755859375,0.0430533446621913
2010-04-13,1152.800048828125,-0.7604536011493
2010-04-14,1159.0,0.5363756298329145
2010-04-15,1159.699951171875,0.0603744518804861
2010-04-16,1136.300048828125,-2.0383895963437553
2010-04-19,1135.199951171875,-0.0968609062082012
2010-04-20,1138.5999755859375,0.299061224176755
2010-04-21,1148.199951171875,0.8396040132929772
2010-04-22,1142.300048828125,-0.515163972238596
2010-04-23,1153.0999755859375,0.9410130119176332
2010-04-26,1153.5,0.0346852009283783
2010-04-27,1161.699951171875,0.7083608874006646
2010-04-28,1171.300048828125,0.8229877275134146
2010-04-29,1168.4000244140625,-0.2478972354068754
2010-04-30,1180.0999755859375,0.9963847534692136
2010-05-03,1182.699951171875,0.2200759028197201
2010-05-04,1168.5999755859375,-1.1993488743151994
2010-05-05,1174.5999755859375,0.5121213074799913
2010-05-06,1196.9000244140625,1.880725797365313
2010-05-07,1210.0,1.0885458313715983
2010-05-10,1200.4000244140625,-0.7965504686302246
2010-05-11,1219.9000244140625,1.6114053263374288
2010-05-12,1242.699951171875,1.8517484352124336
2010-05-13,1228.800048828125,-1.124826939014631
2010-05-14,1227.4000244140625,-0.1139992283963257
2010-05-17,1227.699951171875,0.0244329568886957
2010-05-18,1214.300048828125,-1.097464114406393
2010-05-19,1192.5999755859375,-1.8032042052982835
2010-05-20,1187.800048828125,-0.4032879527918756
2010-05-21,1175.699951171875,-1.0239224347209392
2010-05-24,1193.800048828125,1.5277864293391443
2010-05-25,1197.800048828125,0.3345043959223978
2010-05-26,1213.300048828125,1.2857378706691411
2010-05-27,1211.9000244140625,-0.1154564182172759
2010-05-28,1212.199951171875,0.0247454116879311
2010-06-01,1224.800048828125,1.0340754973076924
2010-06-02,1220.5999755859375,-0.3435084100971177
2010-06-03,1208.300048828125,-1.0128067664845417
2010-06-04,1216.199951171875,0.6516750094044506
2010-06-07,1239.300048828125,1.8815539932685863
2010-06-08,1244.0,0.3785250828535053
2010-06-09,1228.5,-1.253808133789096
2010-06-10,1220.800048828125,-0.6287491434216247
2010-06-11,1228.9000244140625,0.6613058630131874
2010-06-14,1223.300048828125,-0.4567315189193386
2010-06-15,1233.199951171875,0.8060212449386287
2010-06-16,1229.300048828125,-0.3167436023780156
2010-06-17,1247.5,1.4696607232111585
2010-06-18,1257.199951171875,0.7745438458949523
2010-06-21,1239.699951171875,-1.4017611627572135
2010-06-22,1239.9000244140625,0.0161375419093091
2010-06-23,1234.0999755859375,-0.4688811199894869
2010-06-24,1245.5,0.9195116025985886
2010-06-25,1255.800048828125,0.823580285986029
2010-06-28,1238.199951171875,-1.411418591172865
2010-06-29,1242.0,0.3064310843057218
2010-06-30,1245.5,0.281407220881105
2010-07-01,1206.300048828125,-3.197919165330109
2010-07-02,1207.4000244140625,0.0911443533751355
2010-07-06,1194.800048828125,-1.0490459373536165
2010-07-07,1198.5999755859375,0.317534044611979
2010-07-08,1195.800048828125,-0.2338730375445994
2010-07-09,1209.5999755859375,1.1474247961862
2010-07-12,1198.5,-0.9218931367245904
2010-07-13,1213.300048828125,1.2273185427453304
2010-07-14,1206.800048828125,-0.5371691556160925
2010-07-15,1208.0999755859375,0.1076588571142939
2010-07-16,1188.0,-1.6777636394284046
2010-07-19,1181.699951171875,-0.5317182597859029
2010-07-20,1191.5,0.825897921406558
2010-07-21,1191.5999755859375,0.0083903811858857
2010-07-22,1195.5,0.3267586547723767
2010-07-23,1187.699951171875,-0.6545885229682703
2010-07-26,1183.0,-0.3965037690309944
2010-07-27,1158.0,-2.135920584544627
2010-07-28,1160.4000244140625,0.2070415153658784
2010-07-29,1168.4000244140625,0.6870518122281092
2010-07-30,1181.699951171875,1.1318725915850667
2010-08-02,1183.4000244140625,0.1437633548302145
2010-08-03,1185.199951171875,0.151982362816059
2010-08-04,1193.699951171875,0.7146190694943367
2010-08-05,1197.199951171875,0.2927769997136168
2010-08-06,1203.4000244140625,0.5165447880548518
2010-08-09,1200.699951171875,-0.2246224703532445
2010-08-10,1196.199951171875,-0.3754854579199012
2010-08-11,1197.5,0.1086225493979882
2010-08-12,1214.800048828125,1.4343444080896115
2010-08-13,1214.9000244140625,0.0082294590262439
2010-08-16,1224.5,0.78708084359936
2010-08-17,1226.5999755859375,0.1713496895810704
2010-08-18,1229.699951171875,0.2524103183020322
2010-08-19,1233.800048828125,0.3328679879881066
2010-08-20,1227.199951171875,-0.5363765526181182
2010-08-23,1226.9000244140625,-0.0244429128633374
2010-08-24,1231.800048828125,0.3985871196475256
2010-08-25,1239.5,0.6231518582649739
2010-08-26,1235.4000244140625,-0.3313248451375588
2010-08-27,1236.0,0.0485534993766416
2010-08-30,1237.0999755859375,0.088955211623542
2010-08-31,1248.300048828125,0.90127536388304
2010-09-01,1246.300048828125,-0.1603463761903229
2010-09-02,1251.5,0.4163630861030291
2010-09-03,1249.199951171875,-0.1839524550422132
2010-09-07,1257.300048828125,0.6463296113427575
2010-09-08,1255.5999755859375,-0.1353076911176268
2010-09-09,1248.9000244140625,-0.5350343106166177
2010-09-10,1244.5,-0.3529340609845218
2010-09-13,1245.0999755859375,0.0481985542606125
2010-09-14,1269.699951171875,1.9564785269065392
2010-09-15,1266.699951171875,-0.2365558677237567
2010-09-16,1271.9000244140625,0.4096809710312207
2010-09-17,1275.5999755859375,0.2904772344231728
2010-09-20,1279.0,0.2661885582218005
2010-09-21,1272.4000244140625,-0.5173622516442276
2010-09-22,1290.199951171875,1.3892307190348037
2010-09-23,1294.300048828125,0.3172838921151286
2010-09-24,1296.0,0.1312551738320187
2010-09-27,1296.699951171875,0.0539939986934269
2010-09-28,1306.5999755859375,0.7605786822310859
2010-09-29,1308.5,0.1453118248735475
2010-09-30,1307.800048828125,-0.0535069506945996
2010-10-01,1316.0999755859375,0.6326425826713691
2010-10-04,1315.4000244140625,-0.0531978862536419
2010-10-05,1338.9000244140625,1.7707579110320042
2010-10-06,1346.4000244140625,0.558598247168919
2010-10-07,1333.9000244140625,-0.9327381559674712
2010-10-08,1344.199951171875,0.7692003761053768
2010-10-11,1353.300048828125,0.6747085952423054
2010-10-12,1345.699951171875,-0.5631802700302759
2010-10-13,1369.5,1.7531422240192311
2010-10-14,1376.699951171875,0.5243585898251087
2010-10-15,1371.0999755859375,-0.4075976044961503
2010-10-18,1371.199951171875,0.007291367731604
2010-10-19,1335.0999755859375,-2.668005612400698
2010-10-20,1343.300048828125,0.6123132308617474
2010-10-21,1324.699951171875,-1.3943327587894492
2010-10-22,1324.4000244140625,-0.0226436723308356
2010-10-25,1338.300048828125,1.0440643180368532
2010-10-26,1338.0,-0.0224226599340728
2010-10-27,1322.199951171875,-1.1878982718151438
2010-10-28,1342.0999755859375,1.4938554242796191
2010-10-29,1357.0999755859375,1.111451888462898
2010-11-01,1350.199951171875,-0.5097358653302039
2010-11-02,1356.4000244140625,0.4581455806499127
2010-11-03,1337.0999755859375,-1.4331077888990442
2010-11-04,1382.699951171875,3.353500271930994
2010-11-05,1397.300048828125,1.050376395006266
2010-11-08,1402.800048828125,0.3928436042612348
2010-11-09,1409.800048828125,0.4977610900924006
2010-11-10,1399.0999755859375,-0.7618729685157052
2010-11-11,1403.0999755859375,0.2854901710456582
2010-11-12,1365.4000244140625,-2.7236613135162595
2010-11-15,1368.4000244140625,0.2194748080069458
2010-11-16,1338.300048828125,-2.2242003657255127
2010-11-17,1336.800048828125,-0.1121453480205418
2010-11-18,1352.9000244140625,1.197171984773118
2010-11-19,1352.199951171875,-0.0517595108598766
2010-11-22,1357.699951171875,0.4059196095939039
2010-11-23,1377.5,1.447820638468904
2010-11-24,1372.9000244140625,-0.3344953340669441
2010-11-26,1362.300048828125,-0.775082507196845
2010-11-29,1366.0,0.2712277516303644
2010-11-30,1385.0,1.3813378490703598
2010-12-01,1387.300048828125,0.1659307661755183
2010-12-02,1388.5,0.0864580463660215
2010-12-03,1405.4000244140625,1.2097949382854272
2010-12-06,1415.300048828125,0.7019580110278535
2010-12-07,1408.300048828125,-0.4958219364304296
2010-12-08,1382.5,-1.848988347919273
2010-12-09,1392.0999755859375,0.6919926460453495
2010-12-10,1384.300048828125,-0.5618748890463309
2010-12-13,1397.300048828125,0.9347206064547018
2010-12-14,1403.5999755859375,0.4498509284144024
2010-12-15,1385.5,-1.297926201213781
2010-12-16,1370.4000244140625,-1.0958399477841023
2010-12-17,1378.5999755859375,0.5965787917043688
2010-12-20,1385.5,0.4992611560797448
2010-12-21,1388.199951171875,0.1946823428753407
2010-12-22,1386.800048828125,-0.1008938711714111
2010-12-23,1380.0,-0.4915470868822041
2010-12-27,1382.4000244140625,0.173763755917607
2010-12-28,1405.199951171875,1.635846993307731
2010-12-29,1413.0999755859375,0.5606248668243367
2010-12-30,1405.5999755859375,-0.5321614807999367
2010-12-31,1421.0999755859375,1.096696191437432
2011-01-03,1422.5999755859375,0.1054963719713428
2011-01-04,1378.5,-3.14902146739841
2011-01-05,1373.4000244140625,-0.3706516500908482
2011-01-06,1371.4000244140625,-0.1457301310387584
2011-01-07,1368.5,-0.2116884171821616
2011-01-10,1373.699951171875,0.3792544305455187
2011-01-11,1384.0,0.7470063391425877
2011-01-12,1385.699951171875,0.1227534689899489
2011-01-13,1386.9000244140625,0.0865666398108039
2011-01-14,1360.4000244140625,-1.9292266186343747
2011-01-18,1368.0999755859375,0.5644106001557393
2011-01-19,1370.199951171875,0.1533780852197467
2011-01-20,1346.5,-1.7448045681379614
2011-01-21,1341.0,-0.4093028969975036
2011-01-24,1344.5,0.2606592427240802
2011-01-25,1332.300048828125,-0.9115388093256592
2011-01-26,1333.0,0.0525232563046046
2011-01-27,1318.4000244140625,-1.1013142505553697
2011-01-28,1340.699951171875,1.6772930514485924
2011-01-31,1333.800048828125,-0.5159781381154873
2011-02-01,1339.5999755859375,0.4338995888673461
2011-02-02,1331.5,-0.6064917441172528
2011-02-03,1352.300048828125,1.5500756332791596
2011-02-04,1348.300048828125,-0.2962306732165244
2011-02-07,1347.5999755859375,-0.0519361438913788
2011-02-08,1363.4000244140625,1.1656383419735037
2011-02-09,1364.800048828125,0.102633567874183
2011-02-10,1361.9000244140625,-0.2127132012792459
2011-02-11,1359.9000244140625,-0.1469615933633973
2011-02-14,1364.5999755859375,0.3450141922570425
2011-02-15,1373.5999755859375,0.6573685319166716
2011-02-16,1374.699951171875,0.0800477148773662
2011-02-17,1384.699951171875,0.7247984439805104
2011-02-18,1388.199951171875,0.2524434333721052
2011-02-22,1400.5,0.8821406968376571
2011-02-23,1413.4000244140625,0.9168850829876524
2011-02-24,1415.300048828125,0.1343390709947023
2011-02-25,1408.699951171875,-0.4674298635559968
2011-02-28,1409.300048828125,0.0425903240114466
2011-03-01,1430.699951171875,1.5070638998910937
2011-03-02,1437.199951171875,0.4532941421429262
2011-03-03,1416.0,-1.4860747011216433
2011-03-04,1428.199951171875,0.8578880672767533
2011-03-07,1434.0999755859375,0.4122581784772878
2011-03-08,1426.9000244140625,-0.5033181664813807
2011-03-09,1429.300048828125,0.1680572030942076
2011-03-10,1412.199951171875,-1.2036110571015477
2011-03-11,1421.5,0.6563914584736259
2011-03-14,1424.5999755859375,0.2178403315712907
2011-03-15,1392.5999755859375,-2.271856942960251
2011-03-16,1396.0,0.2438518345153069
2011-03-17,1404.0,0.5714301263438635
2011-03-18,1415.9000244140625,0.844008294795576
2011-03-21,1426.199951171875,0.7248141823970142
2011-03-22,1427.5,0.0911132172482724
2011-03-23,1437.9000244140625,0.7259070282500971
2011-03-24,1434.800048828125,-0.2158232123228278
2011-03-25,1426.0999755859375,-0.6082072066177195
2011-03-28,1419.800048828125,-0.4427377627128477
2011-03-29,1416.0,-0.26800557424672
2011-03-30,1423.800048828125,0.5493392710337391
2011-03-31,1438.9000244140625,1.0549561772540323
2011-04-01,1428.0999755859375,-0.7534077373140772
2011-04-04,1432.199951171875,0.2866817116345727
2011-04-05,1451.800048828125,1.3592510003809817
2011-04-06,1457.699951171875,0.4055618099718864
2011-04-07,1458.5,0.054869272449962
2011-04-08,1473.4000244140625,1.016416151081786
2011-04-11,1467.4000244140625,-0.408052790106732
2011-04-12,1452.9000244140625,-0.9930568036556556
2011-04-13,1454.9000244140625,0.1375610620950538
2011-04-14,1471.699951171875,1.1480975490103635
2011-04-15,1485.300048828125,0.9198642917713178
2011-04-18,1492.300048828125,0.4701781747730387
2011-04-19,1494.5,0.1473116066524618
2011-04-20,1498.300048828125,0.2539461914122958
2011-04-21,1503.199951171875,0.3264971978352718
2011-04-25,1508.5999755859375,0.3585915619804356
2011-04-26,1503.0,-0.3718941483298186
2011-04-27,1516.699951171875,0.9073779110715676
2011-04-28,1530.800048828125,0.9253616584985516
2011-04-29,1556.0,1.6327919289661246
2011-05-02,1556.699951171875,0.0449738937034043
2011-05-03,1540.0999755859375,-1.0720831163209223
2011-05-04,1514.9000244140625,-1.6497887231927422
2011-05-05,1480.9000244140625,-2.269941875081384
2011-05-06,1491.199951171875,0.6931104657723253
2011-05-09,1502.9000244140625,0.7815458997540218
2011-05-10,1516.5999755859375,0.9074379984259444
2011-05-11,1501.0999755859375,-1.0272814766927731
2011-05-12,1506.5999755859375,0.3657283784837706
2011-05-13,1493.4000244140625,-0.8800024237279481
2011-05-16,1490.4000244140625,-0.2010859281316099
2011-05-17,1479.800048828125,-0.7137580180372501
2011-05-18,1495.5999755859375,1.0620471291147962
2011-05-19,1492.199951171875,-0.2275939463858906
2011-05-20,1508.800048828125,1.106315692624296
2011-05-23,1515.300048828125,0.4298806124103259
2011-05-24,1523.199951171875,0.5199881615300181
2011-05-25,1526.5999755859375,0.2229671391106625
2011-05-26,1522.800048828125,-0.2492246798885794
2011-05-27,1536.300048828125,0.882618234650852
2011-05-31,1535.9000244140625,-0.0260415602360792
2011-06-01,1542.4000244140625,0.4223116367711079
2011-06-02,1532.0,-0.6765589384363802
2011-06-03,1541.699951171875,0.6311600694144013
2011-06-06,1546.5,0.3108641130443788
2011-06-07,1543.300048828125,-0.2071300579561687
2011-06-08,1538.0999755859375,-0.3375139960668886
2011-06-09,1542.0999755859375,0.2597235447018293
2011-06-10,1528.5999755859375,-0.8792840194646422
2011-06-13,1515.0,-0.8936828893796012
2011-06-14,1523.800048828125,0.5791808139096652
2011-06-15,1525.5999755859375,0.1180512200718097
2011-06-16,1529.300048828125,0.2422386999208068
2011-06-17,1538.5999755859375,0.6062749874629463
2011-06-20,1541.5,0.188307216908332
2011-06-21,1546.0,0.2914981821162279
2011-06-22,1552.9000244140625,0.4453216149369516
2011-06-23,1520.0999755859375,-2.134806020758979
2011-06-24,1500.5,-1.29777202087252
2011-06-27,1496.0,-0.3003506345999306
2011-06-28,1499.699951171875,0.2470175994616231
2011-06-29,1509.9000244140625,0.6778384090709175
2011-06-30,1502.300048828125,-0.5046140049123972
2011-07-01,1482.300048828125,-1.340233111002591
2011-07-05,1512.300048828125,2.003673458342358
2011-07-06,1528.699951171875,1.078596602201979
2011-07-07,1530.199951171875,0.0980744822073692
2011-07-08,1541.199951171875,0.716288818199951
2011-07-11,1548.800048828125,0.4919166978621315
2011-07-12,1561.9000244140625,0.8422575445943223
2011-07-13,1585.199951171875,1.48075070190992
2011-07-14,1589.0,0.2394336022937679
2011-07-15,1589.800048828125,0.0503365315671773
2011-07-18,1602.0999755859375,0.7707000561492735
2011-07-19,1600.9000244140625,-0.0749267079620877
2011-07-20,1596.699951171875,-0.2627017569254943
2011-07-21,1586.800048828125,-0.621952835338731
2011-07-22,1601.300048828125,0.9096389409616088
2011-07-25,1612.0,0.6659814245340351
2011-07-26,1616.5999755859375,0.2849519131065562
2011-07-27,1615.0,-0.0990206540882263
2011-07-28,1613.4000244140625,-0.0991188021824983
2011-07-29,1628.300048828125,0.9192787122422024
2011-08-01,1619.0,-0.5727881079718918
2011-08-02,1641.9000244140625,1.4045448009743733
2011-08-03,1663.4000244140625,1.3009592424413103
2011-08-04,1656.199951171875,-0.4337922994214684
2011-08-05,1648.800048828125,-0.4478011926987635
2011-08-08,1710.199951171875,3.656251398014516
2011-08-09,1740.0,1.727481903784
2011-08-10,1781.300048828125,2.3458349001375356
2011-08-11,1748.800048828125,-1.8413595866744945
2011-08-12,1740.199951171875,-0.4929845270197219
2011-08-15,1755.5,0.8753695535478828
2011-08-16,1782.4000244140625,1.520706782177511
2011-08-17,1791.199951171875,0.4924974594275577
2011-08-18,1818.9000244140625,1.5346177143689723
2011-08-19,1848.9000244140625,1.6358944672721858
2011-08-22,1888.699951171875,2.1297855008082016
2011-08-23,1858.300048828125,-1.6226618293730788
2011-08-24,1754.0999755859375,-5.770622662385005
2011-08-25,1759.800048828125,0.3244303026415772
2011-08-26,1794.0999755859375,1.9303295859500824
2011-08-29,1788.4000244140625,-0.3182110806197841
2011-08-30,1826.699951171875,2.1189654541231393
2011-08-31,1828.5,0.0984925037035804
2011-09-01,1826.0,-0.1368176434522178
2011-09-02,1873.699951171875,2.578727738981788
2011-09-06,1869.9000244140625,-0.2030093005470666
2011-09-07,1814.199951171875,-3.0240394272829025
2011-09-08,1854.4000244140625,2.1916634484533217
2011-09-09,1856.4000244140625,0.1077934767349577
2011-09-12,1809.9000244140625,-2.5367532914311623
2011-09-13,1826.800048828125,0.9294220435614684
2011-09-14,1823.5,-0.1808097790882968
2011-09-15,1778.5,-2.498741886022498
2011-09-16,1812.0999755859375,1.8716067856801295
2011-09-19,1776.4000244140625,-1.989752208380255
2011-09-20,1806.5999755859375,1.685775404041713
2011-09-21,1805.5,-0.0609050484413263
2011-09-22,1739.199951171875,-3.74123524256167
2011-09-23,1637.5,-6.025452078248868
2011-09-26,1592.5,-2.78655800630886
2011-09-27,1650.5999755859375,3.583373492124241
2011-09-28,1616.300048828125,-2.0999226741982633
2011-09-29,1615.5,-0.0495110361025158
2011-09-30,1620.4000244140625,0.302854113067123
2011-10-03,1656.0,2.1732008549980777
2011-10-04,1614.699951171875,-2.525590529738052
2011-10-05,1640.300048828125,1.5730031038416674
2011-10-06,1651.9000244140625,0.7046973654236468
2011-10-07,1634.5,-1.0589208176212384
2011-10-10,1669.5999755859375,2.124711497602395
2011-10-11,1659.699951171875,-0.5947228433466605
2011-10-12,1681.300048828125,1.2930499019946673
2011-10-13,1667.300048828125,-0.8361751874610193
2011-10-14,1681.800048828125,0.8659096579891054
2011-10-17,1675.5,-0.3753049254685197
2011-10-18,1651.699951171875,-1.43065972126657
2011-10-19,1646.0,-0.3456928727684246
2011-10-20,1611.9000244140625,-2.093447968799006
2011-10-21,1635.0999755859375,1.429032706028054
2011-10-24,1651.5,0.9980016221538872
2011-10-25,1699.5999755859375,2.870894904521898
2011-10-26,1722.699951171875,1.3499884232308428
2011-10-27,1746.699951171875,1.3835466371475074
2011-10-28,1746.199951171875,-0.0286295065644247
2011-10-31,1724.199951171875,-1.267882395767136
2011-11-01,1711.0,-0.7685151564337731
2011-11-02,1728.699951171875,1.0291657790972557
2011-11-03,1764.199951171875,2.0327649464295328
2011-11-04,1755.300048828125,-0.5057491867623223
2011-11-07,1790.300048828125,1.974342055110007
2011-11-08,1798.4000244140625,0.4514163443868809
2011-11-09,1790.9000244140625,-0.417909386982646
2011-11-10,1758.9000244140625,-1.802967288639984
2011-11-11,1787.5,1.6129368049582098
2011-11-14,1777.800048828125,-0.5441323295111502
2011-11-15,1781.699951171875,0.2191265011515344
2011-11-16,1773.800048828125,-0.4443771814802084
2011-11-17,1719.800048828125,-3.0916132101222655
2011-11-18,1724.699951171875,0.2845060617729517
2011-11-21,1678.300048828125,-2.727168857833799
2011-11-22,1702.199951171875,1.4140097949622514
2011-11-23,1695.699951171875,-0.3825897239736137
2011-11-25,1685.5,-0.6033350443704364
2011-11-28,1710.800048828125,1.4898870219744322
2011-11-29,1713.4000244140625,0.1518588884982151
2011-11-30,1745.5,1.8561332766248944
2011-12-01,1735.300048828125,-0.5860710310486895
2011-12-02,1747.0,0.6719693899452696
2011-12-05,1730.699951171875,-0.9374108416037588
2011-12-06,1727.9000244140625,-0.1619110269616886
2011-12-07,1740.9000244140625,0.7495422440086814
2011-12-08,1709.800048828125,-1.8025801738556784
2011-12-09,1712.800048828125,0.1753053633320237
2011-12-12,1664.199951171875,-2.8784988657221797
2011-12-13,1659.9000244140625,-0.2587123845704239
2011-12-14,1584.300048828125,-4.661467407933018
2011-12-15,1574.5999755859375,-0.6141443955559229
2011-12-16,1595.5999755859375,1.3248569484948212
2011-12-19,1594.4000244140625,-0.0752320519417736
2011-12-20,1615.5999755859375,1.3208884366838007
2011-12-21,1611.9000244140625,-0.2292767028780258
2011-12-22,1608.9000244140625,-0.1862891717654386
2011-12-23,1604.699951171875,-0.2613938054252313
2011-12-27,1594.199951171875,-0.6564780411902857
2011-12-28,1562.9000244140625,-1.9828926896066696
2011-12-29,1539.9000244140625,-1.4825590380464937
2011-12-30,1565.800048828125,1.6679411569268512
2012-01-03,1599.699951171875,2.141917446629584
2012-01-04,1611.9000244140625,0.7597541424776675
2012-01-05,1619.4000244140625,0.464210277898145
2012-01-06,1616.0999755859375,-0.2039901080186033
2012-01-09,1607.5,-0.5335647136046096
2012-01-10,1631.0,1.451314650923945
2012-01-11,1639.199951171875,0.501496451589809
2012-01-12,1647.300048828125,0.4929325457331257
2012-01-13,1630.4000244140625,-1.031221515150508
2012-01-17,1655.199951171875,1.5096419488760833
2012-01-18,1659.5,0.2594534228530324
2012-01-19,1654.0999755859375,-0.3259312671579746
2012-01-20,1663.699951171875,0.5786968828130693
2012-01-23,1678.0,0.8558599710571272
2012-01-24,1664.199951171875,-0.8258109901121068
2012-01-25,1699.800048828125,2.116612766430104
2012-01-26,1726.300048828125,1.5469792317014677
2012-01-27,1731.800048828125,0.3180940101368302
2012-01-30,1731.0,-0.0462082032505017
2012-01-31,1737.800048828125,0.3920697326562666
2012-02-01,1747.0999755859375,0.5337283003577175
2012-02-02,1756.800048828125,0.5536743602649102
2012-02-03,1737.9000244140625,-1.0816498290285133
2012-02-06,1722.800048828125,-0.8726599296451729
2012-02-07,1746.4000244140625,1.360563769312381
2012-02-08,1729.300048828125,-0.9839809647734338
2012-02-09,1739.0,0.5593504786632288
2012-02-10,1723.300048828125,-0.9069149732669144
2012-02-13,1723.0,-0.017412809368421
2012-02-14,1715.9000244140625,-0.4129219008216093
2012-02-15,1726.300048828125,0.6042679587632634
2012-02-16,1726.800048828125,0.0289594850629365
2012-02-17,1724.5,-0.1332859581079745
2012-02-21,1757.0999755859375,1.8727555492429695
2012-02-22,1770.0,0.731483769854934
2012-02-23,1784.9000244140625,0.8382858345699508
2012-02-24,1775.0999755859375,-0.5505659316442745
2012-02-27,1773.5999755859375,-0.0845380060288371
2012-02-28,1787.0,0.7526870622585002
2012-02-29,1709.9000244140625,-4.410333262681636
2012-03-01,1721.0999755859375,0.65287035581728
2012-03-02,1708.800048828125,-0.7172208750397793
2012-03-05,1703.0,-0.3399996677698319
2012-03-06,1671.4000244140625,-1.8729788488398849
2012-03-07,1683.300048828125,0.7094568258127569
2012-03-08,1698.0999755859375,0.8753783142556368
2012-03-09,1710.9000244140625,0.750959752534856
2012-03-12,1699.199951171875,-0.6862038788651917
2012-03-13,1693.699951171875,-0.3242067243859206
2012-03-14,1642.5,-3.069598470904521
2012-03-15,1659.0999755859375,1.00558005752992
2012-03-16,1655.5,-0.2172193946763881
2012-03-19,1666.9000244140625,0.6862550608128275
2012-03-20,1646.699951171875,-1.2192373023583716
2012-03-21,1650.0,0.2002032322780702
2012-03-22,1642.300048828125,-0.4677559819561199
2012-03-23,1662.300048828125,1.210448684018269
2012-03-26,1685.5,1.3860040758867789
2012-03-27,1684.800048828125,-0.0415364312849057
2012-03-28,1657.9000244140625,-1.609513538995114
2012-03-29,1652.199951171875,-0.3444052396309144
2012-03-30,1669.300048828125,1.029670253699488
2012-04-02,1677.5,0.490018373383596
2012-04-03,1670.0,-0.4480963435036092
2012-04-04,1612.300048828125,-3.5161865156343204
2012-04-05,1628.5,0.9997584461830537
2012-04-09,1642.5,0.8560125642477289
2012-04-10,1659.5,1.029688080126366
2012-04-11,1659.0,-0.0301340969584856
2012-04-12,1679.5,1.2281118861902969
2012-04-13,1659.0999755859375,-1.2220858118282625
2012-04-16,1648.699951171875,-0.628820298306942
2012-04-17,1650.300048828125,0.0970050185949734
2012-04-18,1638.800048828125,-0.6992822669181386
2012-04-19,1640.5999755859375,0.1097717219706494
2012-04-20,1642.0999755859375,0.0913881942735562
2012-04-23,1631.9000244140625,-0.6230900532803207
2012-04-24,1643.0,0.6778843939865435
2012-04-25,1641.4000244140625,-0.0974287967730692
2012-04-26,1659.5999755859375,1.102704367836407
2012-04-27,1664.0,0.2647747633252617
2012-04-30,1663.4000244140625,-0.036062726936201
2012-05-01,1661.699951171875,-0.1022569789065028
2012-05-02,1653.4000244140625,-0.5007356738177032
2012-05-03,1634.199951171875,-1.16804305128595
2012-05-04,1644.699951171875,0.6404608987367542
2012-05-07,1638.5999755859375,-0.3715763250686092
2012-05-08,1604.0,-2.134169438191196
2012-05-09,1593.699951171875,-0.644218319908838
2012-05-10,1595.0999755859375,0.087808864536833
2012-05-11,1583.5999755859375,-0.7235694057575699
2012-05-14,1560.5999755859375,-1.4630373776526495
2012-05-15,1556.800048828125,-0.243788324248012
2012-05-16,1536.199951171875,-1.3320661016581663
2012-05-17,1574.5,2.462595876150344
2012-05-18,1591.5999755859375,1.080202267237359
2012-05-21,1588.4000244140625,-0.2012548586133546
2012-05-22,1576.300048828125,-0.7646876018406951
2012-05-23,1548.0999755859375,-1.8052002832832257
2012-05-24,1557.300048828125,0.5925227079559546
2012-05-25,1568.800048828125,0.7357443151002155
2012-05-29,1548.5999755859375,-1.2959745819266628
2012-05-30,1563.4000244140625,0.9511671214859624
2012-05-31,1562.5999755859375,-0.051186746359134
2012-06-01,1620.5,3.6383658642958383
2012-06-04,1612.199951171875,-0.5135068018744438
2012-06-05,1615.199951171875,0.1859082205380154
2012-06-06,1632.800048828125,1.0837604631931996
2012-06-07,1586.5999755859375,-2.8703015919928014
2012-06-08,1590.0999755859375,0.2203545484318713
2012-06-11,1595.5,0.3390274753737604
2012-06-12,1612.699951171875,1.0722595990918844
2012-06-13,1618.0999755859375,0.3342843608440202
2012-06-14,1618.4000244140625,0.0185415621186267
2012-06-15,1627.0,0.5299806280194093
2012-06-18,1625.699951171875,-0.0799366013998755
2012-06-19,1622.199951171875,-0.2155239668736612
2012-06-20,1614.800048828125,-0.4572082319639419
2012-06-21,1564.5,-3.164485610772617
2012-06-22,1566.0,0.0958313441811597
2012-06-25,1587.5,1.363585421609823
2012-06-26,1574.0,-0.8540301789498156
2012-06-27,1577.5,0.2221165438019698
2012-06-28,1549.699951171875,-1.7779983130193897
2012-06-29,1603.5,3.412740784803537
2012-07-02,1597.199951171875,-0.3936674515221323
2012-07-03,1621.300048828125,1.4976261054684985
2012-07-05,1608.9000244140625,-0.7677595841302577
2012-07-06,1578.4000244140625,-1.9139039655363512
2012-07-09,1588.5999755859375,0.6441418654736328
2012-07-10,1579.300048828125,-0.5871368037160729
2012-07-11,1575.199951171875,-0.2599524466715185
2012-07-12,1564.9000244140625,-0.6560277556704476
2012-07-13,1591.5999755859375,1.6917844443290075
2012-07-16,1591.199951171875,-0.0251366360044025
2012-07-17,1589.0999755859375,-0.132061499827088
2012-07-18,1570.4000244140625,-1.1837423346489426
2012-07-19,1580.0999755859375,0.6157741197844147
2012-07-20,1582.5,0.1517754311838465
2012-07-23,1577.0999755859375,-0.3418173005170865
2012-07-24,1576.0,-0.0697710595335932
2012-07-25,1608.0,2.0101179321087304
2012-07-26,1615.0,0.4343785917845313
2012-07-27,1617.9000244140625,0.1794070444503943
2012-07-30,1619.699951171875,0.1111889644688937
2012-07-31,1610.5,-0.5696226974696493
2012-08-01,1603.699951171875,-0.4231260703659928
2012-08-02,1587.4000244140625,-1.0215956030912727
2012-08-03,1606.0,1.164914247002614
2012-08-06,1612.9000244140625,0.4287200553178683
2012-08-07,1609.699951171875,-0.1986020181382655
2012-08-08,1612.9000244140625,0.1986020181382777
2012-08-09,1617.0999755859375,0.2600590426576942
2012-08-10,1619.699951171875,0.1606510259487251
2012-08-13,1609.5999755859375,-0.6255231008312323
2012-08-14,1599.4000244140625,-0.63571115753349
2012-08-15,1603.699951171875,0.2684854905291065
2012-08-16,1616.0999755859375,0.7702395180226793
2012-08-17,1616.300048828125,0.0123792377757703
2012-08-20,1620.0999755859375,0.2348244021315565
2012-08-21,1639.9000244140625,1.214741859003743
2012-08-22,1637.4000244140625,-0.1525646384321683
2012-08-23,1669.5999755859375,1.947442928768001
2012-08-24,1669.800048828125,0.0119825861510484
2012-08-27,1672.4000244140625,0.1555847078829513
2012-08-28,1666.5,-0.353411633283506
2012-08-29,1659.800048828125,-0.4028476165369704
2012-08-30,1653.5,-0.3802889160577175
2012-08-31,1684.5999755859375,1.8633878966917448
2012-09-04,1692.9000244140625,0.4914916675882986
2012-09-05,1690.800048828125,-0.124123049330222
2012-09-06,1702.5999755859375,0.6954661539328423
2012-09-07,1737.5,2.0290818328273095
2012-09-10,1728.699951171875,-0.5077645755781252
2012-09-11,1731.800048828125,0.1791705525548226
2012-09-12,1730.5999755859375,-0.0693203143358067
2012-09-13,1769.0999755859375,2.20027738089392
2012-09-14,1769.800048828125,0.0395644548582921
2012-09-17,1767.699951171875,-0.1187334503445949
2012-09-18,1768.4000244140625,0.0395957838391229
2012-09-19,1769.0,0.033921840196181
2012-09-20,1767.699951171875,-0.0735176240353055
2012-09-21,1775.5,0.4402834463710294
2012-09-24,1762.0999755859375,-0.7575807663552554
2012-09-25,1763.800048828125,0.0964334417971745
2012-09-26,1750.5999755859375,-0.7512027785335529
2012-09-27,1777.5999755859375,1.530555379885569
2012-09-28,1771.0999755859375,-0.3663317473184258
2012-10-01,1780.5,0.5293415039934949
2012-10-02,1772.699951171875,-0.4390443242588438
2012-10-03,1777.300048828125,0.2591605763905538
2012-10-04,1794.0999755859375,0.9408103578217316
2012-10-05,1778.5999755859375,-0.8676965578388649
2012-10-08,1773.5,-0.2871529025301444
2012-10-09,1763.0,-0.593809181580629
2012-10-10,1763.199951171875,0.0113408867822578
2012-10-11,1768.800048828125,0.3171065882770019
2012-10-12,1758.0,-0.6124578903340515
2012-10-15,1736.0,-1.2593183024826866
2012-10-16,1744.699951171875,0.4998976879015337
2012-10-17,1751.5,0.3889970538230777
2012-10-18,1743.300048828125,-0.469266687935207
2012-10-19,1722.800048828125,-1.1828994235928167
2012-10-22,1725.0999755859375,0.1334103125177967
2012-10-23,1708.300048828125,-0.9786253111552812
2012-10-24,1700.5,-0.4576427088636116
2012-10-25,1712.0,0.6739952254437174
2012-10-26,1710.9000244140625,-0.0642715601365528
2012-10-31,1717.5,0.3850182996182426
2012-11-01,1714.0999755859375,-0.1981597826572657
2012-11-02,1674.0999755859375,-2.3612454431588334
2012-11-05,1682.199951171875,0.4826738663643604
2012-11-06,1714.0999755859375,1.8785715767944633
2012-11-07,1713.199951171875,-0.0525209029839855
2012-11-08,1725.4000244140625,0.7095983552185002
2012-11-09,1730.300048828125,0.2835910289781616
2012-11-12,1730.300048828125,0.0
2012-11-13,1724.199951171875,-0.3531685625527171
2012-11-14,1729.5,0.3069202920692161
2012-11-15,1713.300048828125,-0.9410985538836836
2012-11-16,1714.300048828125,0.0583498657883803
2012-11-19,1734.0,1.1426015844216617
2012-11-20,1723.199951171875,-0.6247879274090532
2012-11-21,1727.9000244140625,0.2723813382005552
2012-11-23,1751.300048828125,1.3451584711290316
2012-11-26,1749.5,-0.1028364351949721
2012-11-27,1742.199951171875,-0.4181378449656191
2012-11-28,1716.5,-1.486132046033978
2012-11-29,1727.199951171875,0.6214238032745709
2012-11-30,1710.9000244140625,-0.9482009830170464
2012-12-03,1719.5999755859375,0.5072129324280253
2012-12-04,1694.4000244140625,-1.4762981168783271
2012-12-05,1692.4000244140625,-0.1181055984202137
2012-12-06,1700.300048828125,0.4657080509181476
2012-12-07,1704.0,0.217369360846273
2012-12-10,1713.0,0.5267790934858805
2012-12-11,1708.199951171875,-0.2806063396621461
2012-12-12,1716.5999755859375,0.4905420134284793
2012-12-13,1695.5999755859375,-1.2308929981781138
2012-12-14,1695.800048828125,0.0117988583463722
2012-12-17,1697.0,0.0707351570760663
2012-12-18,1669.5,-1.6337805850517064
2012-12-19,1666.5,-0.1798561635914867
2012-12-20,1644.9000244140625,-1.304601182740433
2012-12-21,1659.0999755859375,0.8595665013674869
2012-12-24,1658.5999755859375,-0.0301413636642311
2012-12-26,1659.800048828125,0.0723284285002109
2012-12-27,1662.5999755859375,0.1685484830295848
2012-12-28,1654.9000244140625,-0.464202863523224
2012-12-31,1674.800048828125,1.1953185522100072
2013-01-02,1687.9000244140625,0.7791382859457663
2013-01-03,1673.699951171875,-0.8448451813215838
2013-01-04,1648.0999755859375,-1.5413620919155364
2013-01-07,1645.5,-0.1578805043280168
2013-01-08,1661.5,0.9676519411254312
2013-01-09,1654.800048828125,-0.4040623700428353
2013-01-10,1677.300048828125,1.3505201717634268
2013-01-11,1660.0,-1.0367784461265892
2013-01-14,1668.9000244140625,0.5347139027603056
2013-01-15,1683.4000244140625,0.8650830902112815
2013-01-16,1682.699951171875,-0.0415955115628703
2013-01-17,1690.4000244140625,0.4565584579943345
2013-01-18,1686.5999755859375,-0.2250548079390935
2013-01-22,1692.800048828125,0.3669337843343225
2013-01-23,1686.300048828125,-0.3847182876657114
2013-01-24,1669.5,-1.0012628248205289
2013-01-25,1656.4000244140625,-0.7877592973065929
2013-01-28,1652.4000244140625,-0.2417796113123141
2013-01-29,1660.699951171875,0.5010379513052234
2013-01-30,1679.9000244140625,1.1495111538641123
2013-01-31,1660.5999755859375,-1.1555314223236053
2013-02-01,1669.4000244140625,0.528532691511206
2013-02-04,1675.300048828125,0.3527987804295923
2013-02-05,1672.4000244140625,-0.1732547764756047
2013-02-06,1677.699951171875,0.3164043591519695
2013-02-07,1670.4000244140625,-0.4360645368131427
2013-02-08,1666.0,-0.2637589577229781
2013-02-11,1648.199951171875,-1.0741790022626578
2013-02-12,1648.699951171875,0.0303315246834159
2013-02-13,1644.199951171875,-0.273315493015603
2013-02-14,1634.699951171875,-0.5794642633454804
2013-02-15,1608.800048828125,-1.5970681578293238
2013-02-19,1603.5999755859375,-0.3237503265273443
2013-02-20,1577.5999755859375,-1.6346397170892382
2013-02-21,1578.199951171875,0.0380236774884824
2013-02-22,1572.4000244140625,-0.368179607348202
2013-02-25,1586.199951171875,0.8738057791808123
2013-02-26,1615.199951171875,1.8117569902101205
2013-02-27,1595.199951171875,-1.2459668170070737
2013-02-28,1577.699951171875,-1.1031030283688137
2013-03-01,1571.9000244140625,-0.3682965048724668
2013-03-04,1572.0999755859375,0.012719540212769
2013-03-05,1574.5999755859375,0.1588966577555094
2013-03-06,1574.5999755859375,0.0
2013-03-07,1574.800048828125,0.0127054830066481
2013-03-08,1576.5999755859375,0.1142303065043272
2013-03-11,1577.800048828125,0.0760888467409243
2013-03-12,1591.5,0.8645465114191514
2013-03-13,1588.300048828125,-0.2012675138656849
2013-03-14,1590.5999755859375,0.1446995590579768
2013-03-15,1592.5,0.1193820272247931
2013-03-18,1604.5999755859375,0.7569380658191263
2013-03-19,1611.300048828125,0.4166847778572508
2013-03-20,1607.5,-0.2361159771307729
2013-03-21,1613.800048828125,0.391149955924602
2013-03-22,1606.199951171875,-0.4720566316438145
2013-03-25,1604.5999755859375,-0.0996621250072704
2013-03-26,1595.800048828125,-0.5499280632432003
2013-03-27,1606.199951171875,0.6495901882504646
2013-03-28,1594.800048828125,-0.7122743230299198
2013-04-01,1600.0,0.3255262103589382
2013-04-02,1575.0999755859375,-1.568488242019089
2013-04-03,1552.800048828125,-1.4258962507669857
2013-04-04,1551.800048828125,-0.0644205374687938
2013-04-05,1575.4000244140625,1.5093644840956135
2013-04-08,1572.0,-0.2160529777128287
2013-04-09,1586.199951171875,0.8992493876984647
2013-04-10,1558.300048828125,-1.7745673080341795
2013-04-11,1564.300048828125,0.3842955995970894
2013-04-12,1501.0,-4.130691814830361
2013-04-15,1360.5999755859375,-9.820579166610198
2013-04-16,1386.800048828125,1.9073209052712412
2013-04-17,1382.199951171875,-0.3322572689160864
2013-04-18,1392.0,0.7065164563453464
2013-04-19,1395.300048828125,0.2367918998509815
2013-04-22,1421.0,1.8251368204225835
2013-04-23,1408.5999755859375,-0.8764563117937952
2013-04-24,1423.4000244140625,1.0452107037941705
2013-04-25,1461.800048828125,2.6620193431926196
2013-04-26,1453.5999755859375,-0.5625365162654407
2013-04-29,1467.4000244140625,0.9448922631150496
2013-04-30,1472.199951171875,0.3265703540304102
2013-05-01,1446.300048828125,-1.7749242617428111
2013-05-02,1467.699951171875,1.4687911508285616
2013-05-03,1464.300048828125,-0.231917044176605
2013-05-06,1468.0999755859375,0.2591685208792393
2013-05-07,1449.0,-1.3095367795032165
2013-05-08,1473.9000244140625,1.7038302086289605
2013-05-09,1468.800048828125,-0.3466191297197281
2013-05-10,1436.800048828125,-2.2027321577899985
2013-05-13,1434.5,-0.1602096110455087
2013-05-14,1424.699951171875,-0.685512547080037
2013-05-15,1396.5,-1.9992124565387672
2013-05-16,1387.0999755859375,-0.6753887216782063
2013-05-17,1364.9000244140625,-1.6134035419229282
2013-05-20,1384.300048828125,1.4113448217259887
2013-05-21,1377.800048828125,-0.4706572368188598
2013-05-22,1367.5999755859375,-0.7430698684902042
2013-05-23,1392.0,1.7684200980975568
2013-05-24,1386.800048828125,-0.3742591874292583
2013-05-28,1379.0999755859375,-0.5567875242675551
2013-05-29,1391.300048828125,0.8807502165758149
2013-05-30,1411.5,1.441437175038911
2013-05-31,1392.5999755859375,-1.3480482716379243
2013-06-03,1411.699951171875,1.3622131324814717
2013-06-04,1397.0999755859375,-1.0395975120352337
2013-06-05,1398.4000244140625,0.0930101178212509
2013-06-06,1415.699951171875,1.2295330550164956
2013-06-07,1383.0,-2.3369021245246344
2013-06-10,1386.199951171875,0.231110259468107
2013-06-11,1377.0,-0.6658935530784299
2013-06-12,1391.800048828125,1.069068876481086
2013-06-13,1377.5999755859375,-1.025507154217024
2013-06-14,1387.300048828125,0.701661033189862
2013-06-17,1382.800048828125,-0.3248982924671582
2013-06-18,1366.5999755859375,-1.1784578876664324
2013-06-19,1373.5999755859375,0.5109127327628792
2013-06-20,1285.9000244140625,-6.597613154712086
2013-06-21,1291.5999755859375,0.4422859719568829
2013-06-24,1276.800048828125,-1.1524755043811987
2013-06-25,1274.800048828125,-0.1567644092365208
2013-06-26,1229.5999755859375,-3.610044847665988
2013-06-27,1211.4000244140625,-1.4912157668658066
2013-06-28,1223.800048828125,1.0184076226778085
2013-07-01,1255.9000244140625,2.58916545363587
2013-07-02,1243.5999755859375,-0.9842086910742568
2013-07-03,1252.0999755859375,0.6811742623575429
2013-07-05,1212.9000244140625,-3.1807915732905694
2013-07-08,1234.9000244140625,1.7975808450345476
2013-07-09,1245.9000244140625,0.8868165006491742
2013-07-10,1247.4000244140625,0.1203224763641005
2013-07-11,1280.0999755859375,2.5876776126085748
2013-07-12,1277.800048828125,-0.1798293409174682
2013-07-15,1283.800048828125,0.4684580530843276
2013-07-16,1290.800048828125,0.5437751093870546
2013-07-17,1277.9000244140625,-1.0044094286119023
2013-07-18,1284.5999755859375,0.5229242099017882
2013-07-19,1293.300048828125,0.6749762357370308
2013-07-22,1336.4000244140625,3.278232057525459
2013-07-23,1335.0999755859375,-0.0973272641398968
2013-07-24,1319.699951171875,-1.1601776086361224
2013-07-25,1329.0,0.7022378689875025
2013-07-26,1321.699951171875,-0.5508029892910126
2013-07-29,1328.4000244140625,0.5056479060803681
2013-07-30,1324.0,-0.3317771384185275
2013-07-31,1312.4000244140625,-0.8799916807399286
2013-08-01,1311.0,-0.1067335925854353
2013-08-02,1310.5999755859375,-0.0305175786460488
2013-08-05,1302.5999755859375,-0.6122780607501365
2013-08-06,1283.199951171875,-1.500532830933171
2013-08-07,1286.0999755859375,0.2257444228614372
2013-08-08,1310.699951171875,1.8946944083007229
2013-08-09,1312.9000244140625,0.1677141163559989
2013-08-12,1334.699951171875,1.6468061360921795
2013-08-13,1321.199951171875,-1.0166133337281824
2013-08-14,1334.0,0.9641569916341188
2013-08-15,1361.5999755859375,2.047851341311861
2013-08-16,1371.699951171875,0.7390349998877117
2013-08-19,1366.199951171875,-0.4017683329916731
2013-08-20,1373.0999755859375,0.503781198980699
2013-08-21,1370.5999755859375,-0.1822357208414339
2013-08-22,1371.199951171875,0.0437650894697874
2013-08-23,1395.699951171875,1.7709813296174264
2013-08-26,1393.0,-0.1936351750107166
2013-08-27,1420.5999755859375,1.9619605598163512
2013-08-28,1419.0,-0.112690221792655
2013-08-29,1412.9000244140625,-0.4308051108881909
2013-08-30,1396.0999755859375,-1.19617295438894
2013-09-03,1412.0,1.1324521545916155
2013-09-04,1389.9000244140625,-1.5775319397137697
2013-09-05,1373.0999755859375,-1.2160880108594587
2013-09-06,1386.699951171875,0.9855849000619288
2013-09-09,1386.800048828125,0.0072181471998247
2013-09-10,1364.0999755859375,-1.650411741855866
2013-09-11,1363.9000244140625,-0.0146591768499268
2013-09-12,1330.4000244140625,-2.486859360337783
2013-09-13,1308.4000244140625,-1.6674631905928796
2013-09-16,1317.9000244140625,0.7234543851109033
2013-09-17,1309.5,-0.6394194227050238
2013-09-18,1307.800048828125,-0.1299011484511995
2013-09-19,1369.4000244140625,4.6026332051999495
2013-09-20,1332.5,-2.731582847525432
2013-09-23,1326.9000244140625,-0.42114640982854
2013-09-24,1316.0,-0.8248580056451694
2013-09-25,1335.9000244140625,1.5008407385870413
2013-09-26,1323.5999755859375,-0.9249961668872884
2013-09-27,1338.4000244140625,1.111961031158416
2013-09-30,1326.5,-0.8930994336049873
2013-10-01,1286.0,-3.100726878022965
2013-10-02,1320.5999755859375,2.6549534475807457
2013-10-03,1317.4000244140625,-0.2426044534775406
2013-10-04,1309.699951171875,-0.5862049685155893
2013-10-07,1324.800048828125,1.146347543453219
2013-10-08,1324.199951171875,-0.0453074870906354
2013-10-09,1306.9000244140625,-1.315052733318088
2013-10-10,1296.5999755859375,-0.7912504372284527
2013-10-11,1268.0,-2.230457891442995
2013-10-14,1276.4000244140625,0.6602778534198821
2013-10-15,1273.0,-0.2667314973963524
2013-10-16,1282.0,0.7045038923208838
2013-10-17,1322.699951171875,3.1253706635890866
2013-10-18,1314.4000244140625,-0.629475881914602
2013-10-21,1315.699951171875,0.0988499962533202
2013-10-22,1342.5,2.0164741123126424
2013-10-23,1333.9000244140625,-0.6426546933253408
2013-10-24,1350.199951171875,1.2145692994379134
2013-10-25,1352.4000244140625,0.162811644198275
2013-10-28,1352.0,-0.0295832283218957
2013-10-29,1345.199951171875,-0.5042313034836747
2013-10-30,1349.0,0.28209126396832
2013-10-31,1323.5999755859375,-1.9008298605495788
2013-11-01,1313.0999755859375,-0.7964543329991858
2013-11-04,1314.5999755859375,0.1141682985731326
2013-11-05,1308.0,-0.5033165240855486
2013-11-06,1317.699951171875,0.738850247849152
2013-11-07,1308.4000244140625,-0.7082720171927727
2013-11-08,1284.5,-1.8435497773769576
2013-11-11,1281.0,-0.2728514653204063
2013-11-12,1271.0999755859375,-0.7758374803146493
2013-11-13,1268.300048828125,-0.2205188521328236
2013-11-14,1286.199951171875,1.4014637165413428
2013-11-15,1287.300048828125,0.0854942858564336
2013-11-18,1272.199951171875,-1.1799392732390237
2013-11-19,1273.4000244140625,0.0942860891421282
2013-11-20,1257.9000244140625,-1.2246824501854303
2013-11-21,1243.5,-1.151369900995485
2013-11-22,1244.0,0.0402010055665489
2013-11-25,1241.0999755859375,-0.233393083495918
2013-11-26,1241.4000244140625,0.0241731181942467
2013-11-27,1237.800048828125,-0.2904144893339995
2013-11-29,1250.5999755859375,1.0287766858549854
2013-12-02,1222.300048828125,-2.2889046880359585
2013-12-03,1221.699951171875,-0.049107828830594
2013-12-04,1248.199951171875,2.145918293845848
2013-12-05,1233.199951171875,-1.2090096963768366
2013-12-06,1230.300048828125,-0.2354295663237309
2013-12-09,1235.300048828125,0.4055813316003699
2013-12-10,1262.4000244140625,2.1700795360903955
2013-12-11,1258.5,-0.3094154855642138
2013-12-12,1226.0,-2.6163698079213904
2013-12-13,1235.699951171875,0.788073409944081
2013-12-16,1245.5,0.7899484106637613
2013-12-17,1231.199951171875,-1.1547791836537389
2013-12-18,1236.0999755859375,0.3971978277199742
2013-12-19,1195.0,-3.381505677728644
2013-12-20,1205.0999755859375,0.8416345408783462
2013-12-23,1198.4000244140625,-0.5575176639224595
2013-12-24,1205.0999755859375,0.5575176639224665
2013-12-26,1214.0999755859375,0.744051066676095
2013-12-27,1216.0999755859375,0.1645955470095217
2013-12-30,1203.0999755859375,-1.074745816440141
2013-12-31,1201.9000244140625,-0.099788047521617
2014-01-02,1225.0,1.9037185707194328
2014-01-03,1238.4000244140625,1.0879399570832904
2014-01-06,1237.800048828125,-0.0484593796892156
2014-01-07,1229.4000244140625,-0.6809384421340795
2014-01-08,1225.300048828125,-0.3340513526092546
2014-01-09,1229.300048828125,0.3259189588227405
2014-01-10,1246.699951171875,1.4055079791468317
2014-01-13,1250.9000244140625,0.3363290552862509
2014-01-14,1245.199951171875,-0.4567191383518946
2014-01-15,1238.0999755859375,-0.5718193646703116
2014-01-16,1240.0,0.1533452891411649
2014-01-17,1251.699951171875,0.939120872544746
2014-01-21,1242.300048828125,-0.7538048800282925
2014-01-22,1239.0,-0.2659936895104446
2014-01-23,1262.5999755859375,1.8868464968042975
2014-01-24,1264.5,0.1503719512834403
2014-01-27,1263.5999755859375,-0.0712016503127004
2014-01-28,1251.0,-1.002153913998171
2014-01-29,1262.199951171875,0.8912959998292218
2014-01-30,1242.199951171875,-1.597222964778212
2014-01-31,1240.0999755859375,-0.1691959995867241
2014-02-03,1260.4000244140625,1.6237148431656232
2014-02-04,1251.699951171875,-0.6926561928680318
2014-02-05,1257.300048828125,0.4464015110304407
2014-02-06,1257.5999755859375,0.02385198268899
2014-02-07,1263.300048828125,0.4522260225517395
2014-02-10,1274.800048828125,0.9061958358515668
2014-02-11,1290.0999755859375,1.1930373961170424
2014-02-12,1295.300048828125,0.402265042566476
2014-02-13,1300.4000244140625,0.392956197142871
2014-02-14,1319.0,1.4201945513293055
2014-02-18,1324.699951171875,0.4312108113139855
2014-02-19,1320.5999755859375,-0.3099821557082314
2014-02-20,1317.0999755859375,-0.2653828804596897
2014-02-21,1323.9000244140625,0.5149612915852932
2014-02-24,1338.300048828125,1.081824390288644
2014-02-25,1343.0,0.3505729235722994
2014-02-26,1328.199951171875,-1.10813121792548
2014-02-27,1331.5999755859375,0.255660302250535
2014-02-28,1321.4000244140625,-0.7689409294796711
2014-03-03,1350.0999755859375,2.1486846608357726
2014-03-04,1337.800048828125,-0.9152135496919298
2014-03-05,1340.199951171875,0.179230992247858
2014-03-06,1351.699951171875,0.8544203260680507
2014-03-07,1338.0999755859375,-1.0112344300665708
2014-03-10,1341.4000244140625,0.2463183800447852
2014-03-11,1346.5,0.3794770385582662
2014-03-12,1370.300048828125,1.7521096333665431
2014-03-13,1372.199951171875,0.1385526087645643
2014-03-14,1379.0,0.494334312033724
2014-03-17,1372.9000244140625,-0.4433290106901671
2014-03-18,1359.0,-1.0176173535256403
2014-03-19,1341.4000244140625,-1.3035272285072756
2014-03-20,1330.5,-0.815905144832706
2014-03-21,1336.0,0.4125263678847062
2014-03-24,1311.199951171875,-1.873736390623739
2014-03-25,1311.4000244140625,0.0152576255958396
2014-03-26,1303.4000244140625,-0.6119033816973001
2014-03-27,1294.699951171875,-0.6697283278590711
2014-03-28,1293.800048828125,-0.0695308000776574
2014-03-31,1283.4000244140625,-0.8070837010600324
2014-04-01,1279.5999755859375,-0.2965315343457257
2014-04-02,1290.5,0.848223016275437
2014-04-03,1284.4000244140625,-0.473803793516407
2014-04-04,1303.199951171875,1.4531038596462558
2014-04-07,1298.0,-0.3998122555931841
2014-04-08,1308.699951171875,0.8209622486995481
2014-04-09,1305.5,-0.2448131611847278
2014-04-10,1320.0999755859375,1.1121363653429277
2014-04-11,1318.699951171875,-0.1061107006430416
2014-04-14,1327.199951171875,0.6425057299722357
2014-04-15,1300.0,-2.0707158636276723
2014-04-16,1303.0999755859375,0.2381757965860534
2014-04-17,1293.4000244140625,-0.747159352711696
2014-04-21,1288.0,-0.4183801224072822
2014-04-22,1280.5999755859375,-0.5761928644147066
2014-04-23,1284.199951171875,0.2807219317583231
2014-04-24,1290.5,0.4893821820933537
2014-04-25,1300.699951171875,0.7872803371143546
2014-04-28,1298.9000244140625,-0.1384772320621516
2014-04-29,1296.0,-0.22351732969705
2014-04-30,1295.5999755859375,-0.0308708458873118
2014-05-01,1283.0999755859375,-0.9694883579778804
2014-05-02,1302.5999755859375,1.5083242496169846
2014-05-05,1309.0,0.4901238540161963
2014-05-06,1308.300048828125,-0.0534865071259444
2014-05-07,1288.5999755859375,-1.517228308029027
2014-05-08,1287.4000244140625,-0.0931639175983392
2014-05-09,1287.300048828125,-0.0077659986129409
2014-05-12,1295.5999755859375,0.6426849857109392
2014-05-13,1294.5999755859375,-0.0772141200320152
2014-05-14,1305.699951171875,0.8537509764836878
2014-05-15,1293.5,-0.938753539177984
2014-05-16,1293.300048828125,-0.0154593450207918
2014-05-19,1293.699951171875,0.0309163004975017
2014-05-20,1294.5,0.0618228010741369
2014-05-21,1288.0,-0.5033892527293425
2014-05-22,1294.9000244140625,0.5342863264509178
2014-05-23,1291.5999755859375,-0.2551749946873361
2014-05-27,1265.4000244140625,-2.0493443975597545
2014-05-28,1259.300048828125,-0.4832247220515854
2014-05-29,1256.300048828125,-0.2385117908837539
2014-05-30,1245.5999755859375,-0.8553609957438202
2014-06-02,1243.699951171875,-0.1526553520223199
2014-06-03,1244.300048828125,0.0482393623703475
2014-06-04,1244.0,-0.0241167723900935
2014-06-05,1253.0,0.7208681596943642
2014-06-06,1252.0999755859375,-0.0718553719658983
2014-06-09,1253.5,0.1117516421938702
2014-06-10,1259.800048828125,0.5013378348112051
2014-06-11,1260.800048828125,0.0793461885044787
2014-06-12,1273.5999755859375,1.0101038089280463
2014-06-13,1273.699951171875,0.0078495339271674
2014-06-16,1274.9000244140625,0.0941751033805453
2014-06-17,1271.699951171875,-0.2513213663108635
2014-06-18,1272.4000244140625,0.0550350431646326
2014-06-19,1313.699951171875,3.1942646244662893
2014-06-20,1316.199951171875,0.1901213617154255
2014-06-23,1318.0,0.1366676138234877
2014-06-24,1320.9000244140625,0.2197904850265147
2014-06-25,1322.199951171875,0.0983638057304838
2014-06-26,1316.0999755859375,-0.4624179680054175
2014-06-27,1319.0,0.2201074427346385
2014-06-30,1321.800048828125,0.212060725966743
2014-07-01,1326.4000244140625,0.3474042810307838
2014-07-02,1330.699951171875,0.323655906884278
2014-07-03,1320.4000244140625,-0.7770343387195853
2014-07-07,1316.5,-0.2958039532572598
2014-07-08,1316.0,-0.0379867051101629
2014-07-09,1323.800048828125,0.5909592684379479
2014-07-10,1338.699951171875,1.1192531747924712
2014-07-11,1337.0,-0.127065921562339
2014-07-14,1306.300048828125,-2.3229547230474292
2014-07-15,1296.9000244140625,-0.7221930704834938
2014-07-16,1299.5999755859375,0.2079685842482741
2014-07-17,1316.699951171875,1.307206326946756
2014-07-18,1309.199951171875,-0.5712342947713597
2014-07-21,1313.699951171875,0.3431319976192656
2014-07-22,1306.0999755859375,-0.5801967415925724
2014-07-23,1304.5,-0.1225753314354318
2014-07-24,1290.5999755859375,-1.0712617991875206
2014-07-25,1303.0999755859375,0.9638814830580787
2014-07-28,1303.300048828125,0.0153524586177413
2014-07-29,1298.300048828125,-0.3843793026181535
2014-07-30,1294.9000244140625,-0.262226304667648
2014-07-31,1281.300048828125,-1.0558265305009369
2014-08-01,1293.5999755859375,0.955378476613714
2014-08-04,1287.699951171875,-0.4571367029065323
2014-08-05,1284.0,-0.2877438110963956
2014-08-06,1306.699951171875,1.7524632377683456
2014-08-07,1310.800048828125,0.3132837447698335
2014-08-08,1308.9000244140625,-0.1450566625263596
2014-08-11,1308.5,-0.0305665479824142
2014-08-12,1308.800048828125,0.0229281185834081
2014-08-13,1312.800048828125,0.305157381372529
2014-08-14,1313.9000244140625,0.0837534259386765
2014-08-15,1304.5,-0.7180006652363503
2014-08-18,1297.699951171875,-0.5226396460265441
2014-08-19,1295.0999755859375,-0.2005535738078624
2014-08-20,1293.4000244140625,-0.131346449006737
2014-08-21,1273.699951171875,-1.5348416628314576
2014-08-22,1278.5999755859375,0.3839697978198464
2014-08-25,1277.300048828125,-0.1017196961916078
2014-08-26,1283.800048828125,0.507595463539659
2014-08-27,1281.9000244140625,-0.1481096548431236
2014-08-28,1288.699951171875,0.5290549041596959
2014-08-29,1285.800048828125,-0.2252789722417366
2014-09-02,1263.699951171875,-1.733724355686652
2014-09-03,1268.9000244140625,0.4106515517586824
2014-09-04,1265.0999755859375,-0.2999251520709705
2014-09-05,1265.800048828125,0.0553220793622331
2014-09-08,1252.699951171875,-1.0403189044278705
2014-09-09,1246.800048828125,-0.4720874815900667
2014-09-10,1243.5,-0.2650323812478543
2014-09-11,1237.4000244140625,-0.4917560416441411
2014-09-12,1229.9000244140625,-0.6079538728208174
2014-09-15,1233.5999755859375,0.3003818919348368
2014-09-16,1235.199951171875,0.129615672181123
2014-09-17,1234.4000244140625,-0.0647818912938008
2014-09-18,1225.699951171875,-0.7072972316842551
2014-09-19,1215.300048828125,-0.8521069455598274
2014-09-22,1216.800048828125,0.1233502018799555
2014-09-23,1221.0,0.3445693037314455
2014-09-24,1218.5999755859375,-0.1967556330827927
2014-09-25,1221.199951171875,0.2131303097120139
2014-09-26,1214.0999755859375,-0.583090043584158
2014-09-29,1217.5,0.2796534515589509
2014-09-30,1210.5,-0.5766078578631628
2014-10-01,1214.5999755859375,0.3381286984865507
2014-10-02,1214.199951171875,-0.0329400880881615
2014-10-03,1192.199951171875,-1.828508465259203
2014-10-06,1206.699951171875,1.2089021785870069
2014-10-07,1211.699951171875,0.4134971324894569
2014-10-08,1205.300048828125,-0.5295752834792832
2014-10-09,1224.5999755859375,1.588570100202032
2014-10-10,1221.0,-0.2944044996792472
2014-10-13,1229.300048828125,0.6774746282857514
2014-10-14,1233.5999755859375,0.3491762624595996
2014-10-15,1244.0999755859375,0.8475653278412215
2014-10-16,1240.5,-0.2897833164714777
2014-10-17,1238.300048828125,-0.1775013479223972
2014-10-20,1244.0,0.4592483646493064
2014-10-21,1251.0,0.5611237167786386
2014-10-22,1244.800048828125,-0.4968317817105904
2014-10-23,1228.5,-1.3181000688571456
2014-10-24,1231.199951171875,0.2195350904463947
2014-10-27,1229.0999755859375,-0.1707089508128366
2014-10-28,1229.199951171875,0.0081337175260336
2014-10-29,1224.300048828125,-0.3994219570477066
2014-10-30,1198.0999755859375,-2.163234369381578
2014-10-31,1171.0999755859375,-2.2793491067565887
2014-11-03,1169.4000244140625,-0.1452639581974832
2014-11-04,1167.4000244140625,-0.1711742936112076
2014-11-05,1145.4000244140625,-1.9025132408248453
2014-11-06,1142.300048828125,-0.2710125789287498
2014-11-07,1169.5999755859375,2.3617972636309084
2014-11-10,1159.5999755859375,-0.8586692128022692
2014-11-11,1162.800048828125,0.2755834682936948
2014-11-12,1158.9000244140625,-0.3359631269643953
2014-11-13,1161.0999755859375,0.1896510199366169
2014-11-14,1185.0,2.0374963962937755
2014-11-17,1183.0,-0.1689189590844829
2014-11-18,1196.699951171875,1.1514142798772495
2014-11-19,1193.5999755859375,-0.2593797781803879
2014-11-20,1190.699951171875,-0.24326015461423
2014-11-21,1197.5,0.5694721835857317
2014-11-24,1195.5,-0.1671542386690865
2014-11-25,1197.0999755859375,0.1337436964606127
2014-11-26,1196.5999755859375,-0.0417763309914522
2014-11-28,1175.199951171875,-1.8045877242183224
2014-12-01,1218.0,3.5771864958954667
2014-12-02,1199.199951171875,-1.5555542198704184
2014-12-03,1208.5,0.7725294072399522
2014-12-04,1207.5,-0.0827814616809932
2014-12-05,1190.0999755859375,-1.451478985262883
2014-12-08,1194.699951171875,0.3857750278462346
2014-12-09,1231.5,3.0337871608031435
2014-12-10,1228.9000244140625,-0.2113458403443101
2014-12-11,1225.0999755859375,-0.3097026785244945
2014-12-12,1222.0,-0.2533592640363915
2014-12-15,1207.199951171875,-1.2185272725321912
2014-12-16,1193.9000244140625,-1.1078308205875125
2014-12-17,1194.300048828125,0.0335000758341397
2014-12-18,1194.699951171875,0.0334786393876181
2014-12-19,1195.9000244140625,0.1003993437003021
2014-12-22,1179.699951171875,-1.3638932932058223
2014-12-23,1177.9000244140625,-0.1526914765997342
2014-12-24,1173.5,-0.3742476400430544
2014-12-26,1195.300048828125,1.8406504442956564
2014-12-29,1181.699951171875,-1.1443202409303597
2014-12-30,1200.199951171875,1.553413054735682
2014-12-31,1183.9000244140625,-1.3674074832770782
2015-01-02,1186.0,0.1772206518353479
2015-01-05,1203.9000244140625,1.498000666245465
2015-01-06,1219.300048828125,1.271065639212335
2015-01-07,1210.5999755859375,-0.716087932157311
2015-01-08,1208.4000244140625,-0.1818893574532212
2015-01-09,1216.0,0.6269592809968894
2015-01-12,1232.699951171875,1.3640062420648449
2015-01-13,1234.300048828125,0.1297201362487128
2015-01-14,1234.4000244140625,0.0080994517783404
2015-01-15,1264.699951171875,2.4249859450434097
2015-01-16,1276.9000244140625,0.9600383272961812
2015-01-20,1294.199951171875,1.3457421344314642
2015-01-21,1293.699951171875,-0.0386413713891077
2015-01-22,1300.699951171875,0.5396251348961029
2015-01-23,1292.5999755859375,-0.624686858857903
2015-01-26,1279.4000244140625,-1.0264437842764766
2015-01-27,1291.699951171875,0.9567905338056996
2015-01-28,1285.9000244140625,-0.4500261174159382
2015-01-29,1254.5999755859375,-2.4642104059361825
2015-01-30,1278.5,1.8870738528237112
2015-02-02,1276.199951171875,-0.1800641557554216
2015-02-03,1259.699951171875,-1.3013315577139664
2015-02-04,1263.800048828125,0.3249535378765735
2015-02-05,1262.0,-0.1425329874154637
2015-02-06,1233.9000244140625,-2.251785941057566
2015-02-09,1240.800048828125,0.5576467523877212
2015-02-10,1231.5999755859375,-0.7442254987160046
2015-02-11,1219.0,-1.0283266746028366
2015-02-12,1220.0999755859375,0.0901952090130355
2015-02-13,1226.5,0.5231782127142109
2015-02-17,1208.0999755859375,-1.511572738166974
2015-02-18,1199.699951171875,-0.6977372496271955
2015-02-19,1207.0999755859375,0.6149283661093703
2015-02-20,1204.4000244140625,-0.2239230603391369
2015-02-23,1200.300048828125,-0.3409971667072304
2015-02-24,1196.9000244140625,-0.2836664934161526
2015-02-25,1201.0,0.341964180291274
2015-02-26,1209.5999755859375,0.7135163161701397
2015-02-27,1212.5999755859375,0.2477088262296433
2015-03-02,1207.699951171875,-0.4049110653326663
2015-03-03,1204.0,-0.3068336981888366
2015-03-04,1200.5999755859375,-0.28279353859085
2015-03-05,1195.9000244140625,-0.3922351093293688
2015-03-06,1164.0999755859375,-2.695082510784794
2015-03-09,1166.4000244140625,0.1973867903800579
2015-03-10,1160.0999755859375,-0.5415915948947548
2015-03-11,1150.699951171875,-0.8135776840567531
2015-03-12,1152.0999755859375,0.1215932457082738
2015-03-13,1152.5999755859375,0.0433895967750779
2015-03-16,1153.300048828125,0.0607201748804926
2015-03-17,1148.300048828125,-0.4344810265399723
2015-03-18,1151.4000244140625,0.2695984141274676
2015-03-19,1169.0999755859375,1.5255586684473976
2015-03-20,1184.800048828125,1.3339824035723362
2015-03-23,1188.0,0.269719575687765
2015-03-24,1191.699951171875,0.3109597200665269
2015-03-25,1197.300048828125,0.4688244381405061
2015-03-26,1205.0999755859375,0.6493468269733933
2015-03-27,1199.800048828125,-0.4407613858515569
2015-03-30,1184.800048828125,-1.2580891750166274
2015-03-31,1183.0999755859375,-0.1435933541766774
2015-04-01,1208.0999755859375,2.09107656929285
2015-04-02,1200.9000244140625,-0.5977561320432107
2015-04-06,1218.5999755859375,1.463134278343448
2015-04-07,1210.5999755859375,-0.6586554489201089
2015-04-08,1203.0999755859375,-0.6214545543826507
2015-04-09,1193.5999755859375,-0.7927608751493799
2015-04-10,1204.5999755859375,0.9173611346904612
2015-04-13,1199.300048828125,-0.4409447390731536
2015-04-14,1192.800048828125,-0.5434568565282116
2015-04-15,1201.5,0.726725079027736
2015-04-16,1198.0,-0.2917276501128989
2015-04-17,1202.9000244140625,0.4081828620635486
2015-04-20,1193.5,-0.7845161517145325
2015-04-21,1202.9000244140625,0.7845161517145236
2015-04-22,1186.9000244140625,-1.3390441663967216
2015-04-23,1194.4000244140625,0.6299101033358327
2015-04-24,1175.199951171875,-1.6205683354533522
2015-04-27,1203.300048828125,2.3629518711741584
2015-04-28,1214.0,0.8852869596814293
2015-04-29,1209.800048828125,-0.3465595586137094
2015-04-30,1182.4000244140625,-2.290880519148159
2015-05-01,1174.5,-0.6703766742857444
2015-05-04,1186.800048828125,1.041812546037188
2015-05-05,1193.199951171875,0.5378082159257571
2015-05-06,1190.300048828125,-0.2433315523067671
2015-05-07,1182.4000244140625,-0.6659125353704526
2015-05-08,1189.0999755859375,0.5650406070160999
2015-05-11,1183.199951171875,-0.4974106783250917
2015-05-12,1192.5999755859375,0.7913186088978619
2015-05-13,1218.4000244140625,2.140276540104405
2015-05-14,1225.4000244140625,0.5728798596137671
2015-05-15,1225.5,0.0081582753272002
2015-05-18,1227.800048828125,0.1875065794021738
2015-05-19,1206.9000244140625,-1.716888090960008
2015-05-20,1208.9000244140625,0.1655766550627697
2015-05-21,1204.4000244140625,-0.3729337524911822
2015-05-22,1204.300048828125,-0.0083012067052752
2015-05-26,1187.199951171875,-1.430097352694823
2015-05-27,1185.9000244140625,-0.109555172660558
2015-05-28,1188.0999755859375,0.185337135771551
2015-05-29,1189.4000244140625,0.1093626883447849
2015-06-01,1188.300048828125,-0.0925243412142784
2015-06-02,1194.0999755859375,0.4868987707043961
2015-06-03,1184.699951171875,-0.7903206348653132
2015-06-04,1174.9000244140625,-0.8306478391888725
2015-06-05,1167.800048828125,-0.606137969172326
2015-06-08,1173.199951171875,0.4613337822188803
2015-06-09,1177.300048828125,0.3488706075130495
2015-06-10,1186.0999755859375,0.7446870892935644
2015-06-11,1179.9000244140625,-0.5240883654242222
2015-06-12,1178.800048828125,-0.0932696512080585
2015-06-15,1185.300048828125,0.5498934994763899
2015-06-16,1180.5,-0.4057870754626063
2015-06-17,1176.4000244140625,-0.3479129092529545
2015-06-18,1201.5,2.111182774348545
2015-06-19,1201.5,0.0
2015-06-22,1183.699951171875,-1.4925691467098958
2015-06-23,1176.199951171875,-0.6356223197024234
2015-06-24,1172.5999755859375,-0.3065376802738338
2015-06-25,1171.5,-0.0938505761811682
2015-06-26,1172.9000244140625,0.1194356394735744
2015-06-29,1178.5,0.4763108033599618
2015-06-30,1171.5,-0.5957464428335504
2015-07-01,1169.0,-0.2136296475781945
2015-07-02,1163.0,-0.5145808953403949
2015-07-06,1172.9000244140625,0.8476461823921841
2015-07-07,1152.4000244140625,-1.763258994680646
2015-07-08,1163.300048828125,0.9414090400743113
2015-07-09,1159.0,-0.3703271456771109
2015-07-10,1157.699951171875,-0.1122328304907492
2015-07-13,1155.199951171875,-0.2161789164397025
2015-07-14,1153.300048828125,-0.1646006300806805
2015-07-15,1147.199951171875,-0.530329228715582
2015-07-16,1143.800048828125,-0.2968053111879056
2015-07-17,1131.800048828125,-1.054676632017474
2015-07-20,1106.699951171875,-2.2426758700162934
2015-07-21,1103.4000244140625,-0.2986226185725619
2015-07-22,1091.4000244140625,-1.0935045842920037
2015-07-23,1094.0,0.2379405860304269
2015-07-24,1085.5999755859375,-0.7707896950271181
2015-07-27,1096.5,0.9990481826287456
2015-07-28,1096.300048828125,-0.0182370638431965
2015-07-29,1092.699951171875,-0.3289265328567696
2015-07-30,1088.4000244140625,-0.3942902550703331
2015-07-31,1094.9000244140625,0.5954306837122929
2015-08-03,1089.4000244140625,-0.5035948817230393
2015-08-04,1090.699951171875,0.119253880686877
2015-08-05,1085.699951171875,-0.4594751903060489
2015-08-06,1090.199951171875,0.4136225578011975
2015-08-07,1094.0999755859375,0.357096432650332
2015-08-10,1104.199951171875,0.918896146112403
2015-08-11,1107.5999755859375,0.3074443624916577
2015-08-12,1123.199951171875,1.398622054471554
2015-08-13,1115.699951171875,-0.6699743964643952
2015-08-14,1112.9000244140625,-0.2512723917851919
2015-08-17,1118.5999755859375,0.5108638645218939
2015-08-18,1117.0999755859375,-0.1341861839991441
2015-08-19,1128.0999755859375,0.9798760247176764
2015-08-20,1153.0,2.1832461299938393
2015-08-21,1159.5999755859375,0.5707855724575729
2015-08-24,1153.4000244140625,-0.5360973645283876
2015-08-25,1138.199951171875,-1.326609907875266
2015-08-26,1124.5999755859375,-1.2020629120604691
2015-08-27,1122.4000244140625,-0.1958123609083042
2015-08-28,1133.0999755859375,0.9487946300354526
2015-08-31,1131.5999755859375,-0.1324678987669493
2015-09-01,1138.699951171875,0.6254679083375538
2015-09-02,1132.5,-0.5459639578781788
2015-09-03,1123.699951171875,-0.7800809896323428
2015-09-04,1120.5999755859375,-0.276253411628044
2015-09-08,1120.4000244140625,-0.0178448168144242
2015-09-09,1102.199951171875,-1.6377648027910368
2015-09-10,1109.5,0.6601325224117925
2015-09-11,1103.5,-0.5422516675857549
2015-09-14,1107.699951171875,0.3798802745454953
2015-09-15,1102.800048828125,-0.4433305016104712
2015-09-16,1119.199951171875,1.476165629742629
2015-09-17,1117.300048828125,-0.169899646838341
2015-09-18,1138.0999755859375,1.84450795810628
2015-09-21,1133.0999755859375,-0.4402965995982145
2015-09-22,1125.0,-0.7174182201744282
2015-09-23,1131.5999755859375,0.584950321407475
2015-09-24,1153.800048828125,1.9428346289593987
2015-09-25,1146.0,-0.6783266867504336
2015-09-28,1132.0,-1.2291638511556624
2015-09-29,1127.0999755859375,-0.4338039176050699
2015-09-30,1115.5,-1.0345205714490344
2015-10-01,1114.199951171875,-0.1166120109356303
2015-10-02,1137.0999755859375,2.034452539698385
2015-10-05,1138.0999755859375,0.0879043676032206
2015-10-06,1146.800048828125,0.7615313750683251
2015-10-07,1149.0,0.1916501261825459
2015-10-08,1144.699951171875,-0.3749447580152806
2015-10-09,1156.300048828125,1.0082743094216016
2015-10-12,1164.9000244140625,0.7409973000988005
2015-10-13,1165.800048828125,0.0772321131433869
2015-10-14,1180.0999755859375,1.2191571448331815
2015-10-15,1187.9000244140625,0.6587902904208858
2015-10-16,1183.5999755859375,-0.3626441948680736
2015-10-19,1173.300048828125,-0.8740287853461832
2015-10-20,1178.0,0.3997752165893152
2015-10-21,1167.5999755859375,-0.8867746141184143
2015-10-22,1166.5999755859375,-0.0856824678346041
2015-10-23,1163.300048828125,-0.2832678595479044
2015-10-26,1167.0,0.3175517490033207
2015-10-27,1166.800048828125,-0.0171352445094531
2015-10-28,1177.0999755859375,0.8788764836116567
2015-10-29,1147.199951171875,-2.572961739509339
2015-10-30,1141.5,-0.4980961312634336
2015-11-02,1135.800048828125,-0.5005895536445927
2015-11-03,1114.199951171875,-1.9200676670173376
2015-11-04,1106.5,-0.6934734272126623
2015-11-05,1104.4000244140625,-0.1899657328927695
2015-11-06,1087.5999755859375,-1.5328811851509785
2015-11-09,1087.9000244140625,0.0275843557828186
2015-11-10,1088.199951171875,0.0275655312785782
2015-11-11,1084.699951171875,-0.3221504150436855
2015-11-12,1080.800048828125,-0.3601853207094119
2015-11-13,1080.800048828125,0.0
2015-11-16,1083.699951171875,0.2679514048333107
2015-11-17,1068.699951171875,-1.3938156030505202
2015-11-18,1068.800048828125,0.0093658625799473
2015-11-19,1078.0,0.8570903001564971
2015-11-20,1076.4000244140625,-0.1485309934974491
2015-11-23,1066.800048828125,-0.8958603455463966
2015-11-24,1074.300048828125,0.7005773045099333
2015-11-25,1070.5,-0.354350309386584
2015-11-27,1056.199951171875,-1.3448313986904854
2015-11-30,1065.800048828125,0.9048221633438932
2015-12-01,1063.800048828125,-0.187828746833272
2015-12-02,1054.199951171875,-0.9065310104538792
2015-12-03,1061.699951171875,0.7089211925615804
2015-12-04,1084.5,2.1247700237913327
2015-12-07,1076.4000244140625,-0.749688873296108
2015-12-08,1076.300048828125,-0.0092883897066857
2015-12-09,1077.5999755859375,0.1207044803292825
2015-12-10,1073.0999755859375,-0.418469025807936
2015-12-11,1076.9000244140625,0.3534932823406974
2015-12-14,1064.699951171875,-1.139354254588547
2015-12-15,1062.9000244140625,-0.1691978950806554
2015-12-16,1078.0,1.410642796011274
2015-12-17,1050.800048828125,-2.5555647189986472
2015-12-18,1066.199951171875,1.454905431330043
2015-12-21,1081.9000244140625,1.4617897667185111
2015-12-22,1074.800048828125,-0.6584134088142777
2015-12-23,1069.4000244140625,-0.5036876826985435
2015-12-24,1077.199951171875,0.7267270264383617
2015-12-28,1070.5,-0.6239207578959481
2015-12-29,1077.5,0.6517713948165469
2015-12-30,1060.0999755859375,-1.6280322728812882
2015-12-31,1060.300048828125,0.0188712733897005
2016-01-04,1075.0999755859375,1.386172479955186
2016-01-05,1078.4000244140625,0.3064826014656429
2016-01-06,1091.9000244140625,1.2440836582072723
2016-01-07,1107.699951171875,1.436642906297819
2016-01-08,1097.800048828125,-0.8977527848297442
2016-01-11,1096.5,-0.1184932736005872
2016-01-12,1085.5999755859375,-0.9990481826287484
2016-01-13,1087.5,0.174867693118376
2016-01-14,1073.9000244140625,-1.2584579364650108
2016-01-15,1091.5,1.625599239180944
2016-01-19,1089.9000244140625,-0.1466925694455384
2016-01-20,1107.0999755859375,1.56579905176128
2016-01-21,1099.0999755859375,-0.7252320951077914
2016-01-22,1097.199951171875,-0.1730205301114495
2016-01-25,1106.199951171875,0.8169238859200036
2016-01-26,1121.699951171875,1.3914673700546143
2016-01-27,1116.0999755859375,-0.5004904333480651
2016-01-28,1115.5999755859375,-0.0448088918139267
2016-01-29,1116.4000244140625,0.0716889661639032
2016-02-01,1127.9000244140625,1.024827376073344
2016-02-02,1127.300048828125,-0.0532081926753364
2016-02-03,1141.300048828125,1.2342569977745608
2016-02-04,1157.5999755859375,1.418086888457877
2016-02-05,1157.800048828125,0.0172819591064937
2016-02-08,1197.9000244140625,3.404834929990521
2016-02-09,1198.699951171875,0.0667551360816983
2016-02-10,1194.699951171875,-0.3342528526259136
2016-02-11,1247.9000244140625,4.356709112536487
2016-02-12,1239.0999755859375,-0.7076868158539852
2016-02-16,1207.9000244140625,-2.5501955096164055
2016-02-17,1211.0999755859375,0.2645682545197135
2016-02-18,1226.0999755859375,1.2309362957954846
2016-02-19,1230.4000244140625,0.3500959267383596
2016-02-22,1209.5,-1.7132288543675849
2016-02-23,1222.300048828125,1.0527318680876352
2016-02-24,1238.699951171875,1.3328033410348807
2016-02-25,1238.199951171875,-0.0403730490940337
2016-02-26,1219.800048828125,-1.49717217583961
2016-02-29,1233.9000244140625,1.1492953798612129
2016-03-01,1230.300048828125,-0.2921822936477711
2016-03-02,1241.0999755859375,0.8739981710060525
2016-03-03,1257.4000244140625,1.3048052901100446
2016-03-04,1269.9000244140625,0.9892060054906658
2016-03-07,1263.199951171875,-0.5290031133051418
2016-03-08,1262.0999755859375,-0.087116436653652
2016-03-09,1256.5999755859375,-0.4367339380404756
2016-03-10,1272.0,1.218082335988759
2016-03-11,1258.699951171875,-1.0511061395113142
2016-03-14,1244.4000244140625,-1.1425897862328809
2016-03-15,1230.4000244140625,-1.1314166048867755
2016-03-16,1229.300048828125,-0.0894398200195645
2016-03-17,1264.5,2.823184571645773
2016-03-18,1253.800048828125,-0.8497808326042571
2016-03-21,1243.800048828125,-0.8007729856973357
2016-03-22,1248.199951171875,0.3531225454106913
2016-03-23,1223.699951171875,-1.9823458291528016
2016-03-24,1221.4000244140625,-0.1881254311959713
2016-03-28,1219.9000244140625,-0.1228853609764388
2016-03-29,1235.5999755859375,1.2787754117695491
2016-03-30,1226.9000244140625,-0.7065979589434122
2016-03-31,1234.199951171875,0.5932264628274546
2016-04-01,1222.199951171875,-0.9770473814590914
2016-04-04,1218.0,-0.3442304239961569
2016-04-05,1228.4000244140625,0.8502360171509306
2016-04-06,1222.5,-0.4814587092324561
2016-04-07,1236.199951171875,1.11441763775809
2016-04-08,1242.5,0.5083360244175877
2016-04-11,1256.699951171875,1.1363719796072986
2016-04-12,1259.4000244140625,0.2146237673256566
2016-04-13,1246.800048828125,-1.0055128384175411
2016-04-14,1225.0,-1.7639464077110578
2016-04-15,1233.0999755859375,0.6590460098725617
2016-04-18,1233.5999755859375,0.0405399940605109
2016-04-19,1253.0,1.5603971877910183
2016-04-20,1253.199951171875,0.0159565219212363
2016-04-21,1249.0,-0.3357009989702909
2016-04-22,1228.699951171875,-1.6386570991716718
2016-04-25,1238.9000244140625,0.8267248694073434
2016-04-26,1242.199951171875,0.2660052989486988
2016-04-27,1249.199951171875,0.5619345503985562
2016-04-28,1265.5,1.2963993663771956
2016-04-29,1289.199951171875,1.8554532081355488
2016-05-02,1294.699951171875,0.4257137284214135
2016-05-03,1290.699951171875,-0.3094301340338286
2016-05-04,1273.300048828125,-1.3572675083321832
2016-05-05,1271.4000244140625,-0.1493319222276659
2016-05-06,1292.9000244140625,1.6769101438875391
2016-05-09,1265.5999755859375,-2.134147742080195
2016-05-10,1263.9000244140625,-0.1344100753353362
2016-05-11,1274.5999755859375,0.8430186756368665
2016-05-12,1270.300048828125,-0.3379253258223161
2016-05-13,1271.9000244140625,0.1258733184716114
2016-05-16,1273.4000244140625,0.1178643102875365
2016-05-17,1276.199951171875,0.219636641841862
2016-05-18,1273.699951171875,-0.196086191362997
2016-05-19,1254.199951171875,-1.542813208282698
2016-05-20,1252.4000244140625,-0.1436150231157881
2016-05-23,1251.0999755859375,-0.1038585136795764
2016-05-24,1228.9000244140625,-1.790366465212703
2016-05-25,1223.5,-0.4403876274423123
2016-05-26,1220.0999755859375,-0.2782801311324475
2016-05-27,1213.800048828125,-0.5176827942159795
2016-05-31,1214.800048828125,0.0823519736724513
2016-06-01,1211.9000244140625,-0.2390098246246816
2016-06-02,1209.800048828125,-0.1734299086413037
2016-06-03,1240.0999755859375,2.4736904788247527
2016-06-06,1244.5999755859375,0.362217169757207
2016-06-07,1244.4000244140625,-0.0160667876500688
2016-06-08,1259.800048828125,1.2299511303834585
2016-06-09,1270.199951171875,0.8221312981124862
2016-06-10,1273.4000244140625,0.2516177827683463
2016-06-13,1284.4000244140625,0.8601194468236006
2016-06-14,1285.5999755859375,0.0933814209394764
2016-06-15,1285.800048828125,0.0155614249585201
2016-06-16,1296.0999755859375,0.7978605910287052
2016-06-17,1292.5,-0.2781409210187309
2016-06-20,1290.0,-0.193610902686644
2016-06-21,1270.5,-1.5231694595499006
2016-06-22,1268.0,-0.1969667763047546
2016-06-23,1261.199951171875,-0.5377246041874401
2016-06-24,1320.0,4.556812662511976
2016-06-27,1322.5,0.1892148152037962
2016-06-28,1315.300048828125,-0.5459071134537385
2016-06-29,1323.9000244140625,0.6517130786711063
2016-06-30,1318.4000244140625,-0.4163045711473091
2016-07-01,1336.699951171875,1.3784954775413434
2016-07-05,1356.4000244140625,1.4630295802076445
2016-07-06,1364.9000244140625,0.6247034498575355
2016-07-07,1360.0999755859375,-0.3522975260709274
2016-07-08,1356.5999755859375,-0.2576656973039674
2016-07-11,1355.0,-0.1180097201669877
2016-07-12,1334.0999755859375,-1.554456542906539
2016-07-13,1342.4000244140625,0.6202186015081687
2016-07-14,1331.300048828125,-0.830312978492063
2016-07-15,1326.5,-0.361205053710266
2016-07-18,1328.4000244140625,0.1431334303344394
2016-07-19,1331.5,0.2330897372848142
2016-07-20,1318.800048828125,-0.9583857031749086
2016-07-21,1330.5,0.8832542195506029
2016-07-22,1323.0999755859375,-0.5577361821546026
2016-07-25,1319.300048828125,-0.2876119695837006
2016-07-26,1320.699951171875,0.1060532177999473
2016-07-27,1326.5999755859375,0.4457397609610681
2016-07-28,1332.300048828125,0.4287548927691639
2016-07-29,1349.0,1.245676859209314
2016-08-01,1351.4000244140625,0.1777532976073955
2016-08-02,1364.4000244140625,0.9573679254285984
2016-08-03,1356.0999755859375,-0.6101874347359719
2016-08-04,1358.800048828125,0.1989078130412177
2016-08-05,1336.4000244140625,-1.6622543470037807
2016-08-08,1333.4000244140625,-0.2247360257539687
2016-08-09,1339.0,0.4190977197581718
2016-08-10,1344.300048828125,0.3950401091376265
2016-08-11,1342.5,-0.1339920399529117
2016-08-12,1335.800048828125,-0.5003147538014941
2016-08-15,1340.300048828125,0.3363106070188634
2016-08-16,1350.5,0.7581388317476743
2016-08-17,1342.699951171875,-0.5792418519633737
2016-08-18,1351.199951171875,0.6310574643693422
2016-08-19,1340.4000244140625,-0.8024955279562044
2016-08-22,1337.699951171875,-0.2016410277178946
2016-08-23,1340.5999755859375,0.216557191257306
2016-08-24,1324.4000244140625,-1.2157711605415715
2016-08-25,1320.0999755859375,-0.3252072314533185
2016-08-26,1321.5,0.105998225173099
2016-08-29,1322.9000244140625,0.1058859878947166
2016-08-30,1311.699951171875,-0.8502346327262383
2016-08-31,1306.9000244140625,-0.3666029312143101
2016-09-01,1312.199951171875,0.4047141416004483
2016-09-02,1322.0999755859375,0.7516282350036655
2016-09-06,1349.4000244140625,2.0438704235929905
2016-09-07,1344.300048828125,-0.3786599503307889
2016-09-08,1336.800048828125,-0.5594732975239716
2016-09-09,1330.0999755859375,-0.5024625803116637
2016-09-12,1321.0,-0.6865083481867175
2016-09-13,1319.0,-0.1515151805010763
2016-09-14,1321.5,0.1893581327029276
2016-09-15,1313.5,-0.6072124918749371
2016-09-16,1305.800048828125,-0.5879412979797443
2016-09-19,1313.5,0.5879412979797393
2016-09-20,1313.699951171875,0.0152216181468686
2016-09-21,1326.9000244140625,0.9997866634651048
2016-09-22,1340.4000244140625,1.0122682135453616
2016-09-23,1337.199951171875,-0.2390256046424515
2016-09-26,1339.699951171875,0.1867832805137227
2016-09-27,1325.9000244140625,-1.0354179302007025
2016-09-28,1319.4000244140625,-0.4914386241190314
2016-09-29,1321.699951171875,0.1741643527652042
2016-09-30,1313.300048828125,-0.63756590495027
2016-10-03,1309.0,-0.3279603860932603
2016-10-04,1266.300048828125,-3.316418589365621
2016-10-05,1265.199951171875,-0.0869127177957313
2016-10-06,1249.800048828125,-1.2246596274554888
2016-10-07,1248.9000244140625,-0.0720394146239661
2016-10-11,1253.0,0.3277492478576479
2016-10-12,1251.0999755859375,-0.1517531086791742
2016-10-13,1255.0,0.3112427756607694
2016-10-14,1253.0999755859375,-0.1515110877577383
2016-10-17,1254.4000244140625,0.1036928370577532
2016-10-18,1260.800048828125,0.5089088772620537
2016-10-19,1267.9000244140625,0.5615528957908329
2016-10-20,1265.5999755859375,-0.181570906652849
2016-10-21,1265.9000244140625,0.0237052205830556
2016-10-24,1262.0,-0.3085586827556825
2016-10-25,1271.9000244140625,0.781410055123449
2016-10-26,1264.800048828125,-0.5597819151719624
2016-10-27,1267.9000244140625,0.2447962288739664
2016-10-28,1275.5,0.5976250792452862
2016-10-31,1271.5,-0.3140952719691708
2016-11-01,1286.4000244140625,1.1650332541120672
2016-11-02,1306.800048828125,1.5733799688269692
2016-11-03,1302.0999755859375,-0.3603111106642254
2016-11-04,1303.300048828125,0.0921220016743607
2016-11-07,1278.300048828125,-1.9368438629986755
2016-11-08,1273.4000244140625,-0.3840600616410817
2016-11-09,1272.5999755859375,-0.0628475140972995
2016-11-10,1265.5,-0.559473162911677
2016-11-14,1221.199951171875,-3.5633359108181795
2016-11-15,1224.0,0.2290242195274511
2016-11-16,1223.4000244140625,-0.049029630789526
2016-11-17,1216.5,-0.5656004540798839
2016-11-18,1208.5,-0.6597962080039652
2016-11-21,1209.5999755859375,0.0909785098147216
2016-11-22,1211.0,0.115675831140724
2016-11-23,1189.0999755859375,-1.824976664110634
2016-11-25,1178.199951171875,-0.92088892673849
2016-11-28,1190.5999755859375,1.0469552569008551
2016-11-29,1187.9000244140625,-0.2270298365828256
2016-11-30,1170.800048828125,-1.449974532512753
2016-12-01,1166.9000244140625,-0.3336636788437603
2016-12-02,1175.0999755859375,0.7002548829521463
2016-12-05,1174.0,-0.0936508175695943
2016-12-06,1167.5999755859375,-0.546638231769391
2016-12-07,1175.0,0.6317808507911522
2016-12-08,1169.800048828125,-0.4435311828759537
2016-12-09,1159.4000244140625,-0.8930184786370197
2016-12-12,1163.5,0.3530052779216628
2016-12-13,1156.699951171875,-0.5861622654292205
2016-12-14,1161.300048828125,0.3969028209747736
2016-12-15,1127.800048828125,-2.927123362969974
2016-12-16,1135.300048828125,0.6628100511391452
2016-12-19,1140.5,0.4569786544949292
2016-12-20,1131.5,-0.7922576650850659
2016-12-21,1131.0999755859375,-0.03535971206106
2016-12-22,1128.800048828125,-0.2035424157711767
2016-12-23,1131.9000244140625,0.2742493412203078
2016-12-27,1137.300048828125,0.4759416916298271
2016-12-28,1139.4000244140625,0.1844754349645832
2016-12-29,1156.4000244140625,1.480992278090006
2016-12-30,1150.0,-0.5549809897021
2017-01-03,1160.4000244140625,0.900285192930361
2017-01-04,1163.800048828125,0.2925760891739161
2017-01-05,1179.699951171875,1.3569572279167468
2017-01-06,1171.9000244140625,-0.6633743360060724
2017-01-09,1183.5,0.9849765856593362
2017-01-10,1184.199951171875,0.0591249910630962
2017-01-11,1195.5999755859375,0.958073112518796
2017-01-12,1198.9000244140625,0.2756359087469122
2017-01-13,1195.300048828125,-0.3007249343291732
2017-01-17,1212.0,1.3874646895225016
2017-01-18,1211.300048828125,-0.0577684295990569
2017-01-19,1200.9000244140625,-0.8622907336826993
2017-01-20,1204.300048828125,0.2827229814809759
2017-01-23,1215.0,0.8845550963396858
2017-01-24,1210.300048828125,-0.3875773686271807
2017-01-25,1197.300048828125,-1.0799240583716598
2017-01-26,1189.5,-0.65360117616481
2017-01-27,1188.0999755859375,-0.1177678827598852
2017-01-30,1193.199951171875,0.4283360803183659
2017-01-31,1208.5999755859375,1.2823912008577407
2017-02-01,1205.5999755859375,-0.2485296665438633
2017-02-02,1216.699951171875,0.9164887600060556
2017-02-03,1218.5,0.1478358403464282
2017-02-06,1230.0,0.9393575301202162
2017-02-07,1234.199951171875,0.3408777957931519
2017-02-08,1237.5999755859375,0.2751053207520085
2017-02-09,1235.0999755859375,-0.2022081854817559
2017-02-10,1234.4000244140625,-0.0566876850066067
2017-02-13,1224.4000244140625,-0.8134093816160818
2017-02-14,1223.9000244140625,-0.0408446674818721
2017-02-15,1231.699951171875,0.6352787968514301
2017-02-16,1240.0,0.6716090294516442
2017-02-17,1237.5999755859375,-0.1937379067167637
2017-02-21,1237.5,-0.0080785089069537
2017-02-22,1232.0,-0.4454350349380309
2017-02-23,1250.199951171875,1.4664634347995098
2017-02-24,1256.9000244140625,0.5344891913360862
2017-02-27,1257.4000244140625,0.0397725010445037
2017-02-28,1252.5999755859375,-0.382474476466306
2017-03-01,1248.9000244140625,-0.2958188183111069
2017-03-02,1231.9000244140625,-1.3705470631345842
2017-03-03,1225.5,-0.5208788817978716
2017-03-06,1224.5,-0.0816326575944801
2017-03-07,1215.0999755859375,-0.7706239569881471
2017-03-08,1208.5,-0.5446436678803248
2017-03-09,1202.4000244140625,-0.506034140032999
2017-03-10,1200.699951171875,-0.1414900372918341
2017-03-13,1202.4000244140625,0.1414900372918352
2017-03-14,1201.9000244140625,-0.0415921471574806
2017-03-15,1200.0999755859375,-0.1498791977594266
2017-03-16,1226.5,2.1759718404505306
2017-03-17,1229.800048828125,0.2687009524943026
2017-03-20,1233.5999755859375,0.3085109794671026
2017-03-21,1246.0999755859375,1.008195033828538
2017-03-22,1249.300048828125,0.2564779165726498
2017-03-23,1246.9000244140625,-0.1922942939821844
2017-03-24,1248.199951171875,0.1041983798762506
2017-03-27,1255.4000244140625,0.5751791949558329
2017-03-28,1255.300048828125,-0.0079639608932886
2017-03-29,1253.4000244140625,-0.1514748452892249
2017-03-30,1245.0,-0.6724348370036058
2017-03-31,1247.300048828125,0.1845724379912338
2017-04-03,1250.800048828125,0.2802131342481208
2017-04-04,1255.0,0.3352186944682863
2017-04-05,1245.4000244140625,-0.7678789524142402
2017-04-06,1250.300048828125,0.392677851233867
2017-04-07,1254.300048828125,0.3194125405133405
2017-04-10,1251.0999755859375,-0.2554542149937441
2017-04-11,1271.199951171875,1.5938153002180302
2017-04-12,1275.300048828125,0.3220185508956306
2017-04-13,1285.9000244140625,0.827739794195269
2017-04-17,1289.4000244140625,0.2718131548590305
2017-04-18,1291.699951171875,0.1782129625569225
2017-04-19,1281.4000244140625,-0.8005893178956762
2017-04-20,1281.9000244140625,0.0390122105736248
2017-04-21,1287.4000244140625,0.4281328219062014
2017-04-24,1275.800048828125,-0.9051228501958202
2017-04-25,1265.5999755859375,-0.8027172357523913
2017-04-26,1262.0999755859375,-0.2769317802300099
2017-04-27,1263.699951171875,0.1266906205033279
2017-04-28,1266.0999755859375,0.1897403117702938
2017-05-01,1253.300048828125,-1.016117866619856
2017-05-02,1255.0999755859375,0.1435119637391684
2017-05-03,1246.4000244140625,-0.6955815510367903
2017-05-04,1226.5,-1.6094831005602106
2017-05-05,1224.800048828125,-0.1386979488868162
2017-05-08,1225.300048828125,0.0408146595658817
2017-05-09,1214.300048828125,-0.9017932534638275
2017-05-10,1217.300048828125,0.2467512256678817
2017-05-11,1222.699951171875,0.4426156688095061
2017-05-12,1226.199951171875,0.2858428292430518
2017-05-15,1228.5999755859375,0.1955373350476672
2017-05-16,1235.0,0.5195680203699948
2017-05-17,1257.5,1.8054652911816709
2017-05-18,1251.699951171875,-0.4623034649364375
2017-05-19,1252.699951171875,0.0798594547308718
2017-05-22,1260.699951171875,0.636590063442143
2017-05-23,1254.800048828125,-0.4690847276663877
2017-05-24,1252.4000244140625,-0.1914506283523853
2017-05-25,1255.800048828125,0.2711128616023039
2017-05-26,1267.5999755859375,0.9352470994601848
2017-05-30,1262.0999755859375,-0.4348348636112605
2017-05-31,1272.0,0.7813483979482729
2017-06-01,1267.0,-0.3938563578928373
2017-06-02,1276.800048828125,0.7705084616983541
2017-06-05,1279.300048828125,0.1956105552711565
2017-06-06,1294.4000244140625,1.1734194674689482
2017-06-07,1290.0999755859375,-0.3327570358595894
2017-06-08,1276.300048828125,-1.075441056072261
2017-06-09,1268.5,-0.6130205206868734
2017-06-12,1266.0999755859375,-0.189380979601569
2017-06-13,1265.800048828125,-0.0236918327203613
2017-06-14,1272.800048828125,0.5514864470222185
2017-06-15,1252.199951171875,-1.6317271069001
2017-06-16,1254.0,0.1436476875527382
2017-06-19,1244.199951171875,-0.7845728356542297
2017-06-20,1241.0,-0.2575207631716499
2017-06-21,1243.4000244140625,0.1932076265552043
2017-06-22,1247.5999755859375,0.3372103694666421
2017-06-23,1256.199951171875,0.6869565985747603
2017-06-26,1246.300048828125,-0.7912051139774671
2017-06-27,1246.4000244140625,0.0080214693347524
2017-06-28,1248.0,0.1282854225226843
2017-06-29,1244.199951171875,-0.3049556093049251
2017-06-30,1240.699951171875,-0.2817016742802062
2017-07-03,1217.9000244140625,-1.8547612954424917
2017-07-05,1220.4000244140625,0.2050609708385369
2017-07-06,1222.199951171875,0.1473779662321924
2017-07-07,1208.5999755859375,-1.1189828782629334
2017-07-10,1212.0999755859375,0.2891727607337478
2017-07-11,1213.5999755859375,0.1236756582751358
2017-07-12,1218.0999755859375,0.3701118745908771
2017-07-13,1216.300048828125,-0.1478743893978454
2017-07-14,1226.5999755859375,0.8432590518839307
2017-07-17,1232.800048828125,0.5041950325371254
2017-07-18,1241.0999755859375,0.6710018850761259
2017-07-19,1241.199951171875,0.0080550770609151
2017-07-20,1244.800048828125,0.2896299415030528
2017-07-21,1254.300048828125,0.760277330940865
2017-07-24,1253.9000244140625,-0.0318973292219976
2017-07-25,1251.699951171875,-0.1756125342464039
2017-07-26,1249.0,-0.2159357198952204
2017-07-27,1259.5999755859375,0.8450959718898569
2017-07-28,1268.4000244140625,0.6962092067636603
2017-07-31,1266.5999755859375,-0.1420157105057299
2017-08-01,1272.5999755859375,0.4725906807239984
2017-08-02,1271.800048828125,-0.0628774388061437
2017-08-03,1267.800048828125,-0.3150104862108905
2017-08-04,1258.300048828125,-0.7521510961367686
2017-08-07,1258.199951171875,-0.0079553074748917
2017-08-08,1256.4000244140625,-0.1431581231757804
2017-08-09,1273.0,1.312581146115578
2017-08-10,1283.699951171875,0.8370175496451656
2017-08-11,1287.699951171875,0.3111148307012124
2017-08-14,1284.199951171875,-0.2721725023135457
2017-08-15,1273.699951171875,-0.8209906077677841
2017-08-16,1276.9000244140625,0.2509272290370307
2017-08-17,1286.4000244140625,0.7412353852867797
2017-08-18,1285.699951171875,-0.054435929094522
2017-08-21,1290.800048828125,0.3958939893256818
2017-08-22,1285.0999755859375,-0.4425701690303351
2017-08-23,1288.9000244140625,0.29526430372122
2017-08-24,1286.5,-0.1863807630716602
2017-08-25,1292.5,0.4652974660785244
2017-08-28,1309.699951171875,1.321973867085672
2017-08-29,1313.0999755859375,0.2592669218827388
2017-08-30,1308.0999755859375,-0.3815051241845523
2017-08-31,1316.199951171875,0.6173075893794918
2017-09-01,1324.5,0.6286269787906836
2017-09-05,1339.199951171875,1.1037354562418964
2017-09-06,1333.9000244140625,-0.3965383824776996
2017-09-07,1345.0999755859375,0.8361341114399392
2017-09-08,1346.0,0.0668889640507252
2017-09-11,1331.0,-1.1206691809561442
2017-09-12,1328.0,-0.2256488358732503
2017-09-13,1323.4000244140625,-0.3469850010435886
2017-09-14,1324.699951171875,0.0981780804511102
2017-09-15,1320.4000244140625,-0.325124236151783
2017-09-18,1306.300048828125,-1.07359885974678
2017-09-19,1306.199951171875,-0.0076629784726505
2017-09-20,1312.0,0.4430569417291893
2017-09-21,1290.5999755859375,-1.6445482919126428
2017-09-22,1293.300048828125,0.2089921590967965
2017-09-25,1306.800048828125,1.0384308915688902
2017-09-26,1297.0,-0.7527532775120787
2017-09-27,1283.4000244140625,-1.0541079977072498
2017-09-28,1285.5,0.1634922366572845
2017-09-29,1281.5,-0.3116480901818407
2017-10-02,1272.699951171875,-0.6890677171902543
2017-10-03,1271.5,-0.0943283770048929
2017-10-04,1273.699951171875,0.1728706397882754
2017-10-05,1269.9000244140625,-0.2987835839884555
2017-10-06,1271.5999755859375,0.1337754416992002
2017-10-09,1281.800048828125,0.7989447326364976
2017-10-10,1290.5999755859375,0.6841829421378427
2017-10-11,1285.800048828125,-0.3726076902423367
2017-10-12,1293.300048828125,0.5815998493391343
2017-10-13,1301.5,0.6320316258744202
2017-10-16,1299.9000244140625,-0.1230088239154002
2017-10-17,1283.0,-1.3086271579829654
2017-10-18,1279.9000244140625,-0.2419116678913994
2017-10-19,1286.9000244140625,0.5454275534116093
2017-10-20,1277.4000244140625,-0.7409463231041783
2017-10-23,1277.699951171875,0.0234767141838529
2017-10-24,1275.0,-0.2115369789108851
2017-10-25,1275.4000244140625,0.0313695430923487
2017-10-26,1266.300048828125,-0.7160573007206216
2017-10-27,1268.5,0.1735799023092824
2017-10-30,1274.0999755859375,0.4404927786188188
2017-10-31,1267.0,-0.5588126504385658
2017-11-01,1274.0999755859375,0.5588126504385709
2017-11-02,1274.9000244140625,0.0627735468338031
2017-11-03,1266.5,-0.6610572852132712
2017-11-06,1279.4000244140625,1.0134046656738414
2017-11-07,1273.699951171875,-0.4465224838411222
2017-11-08,1281.5999755859375,0.6183266004363352
2017-11-09,1285.5999755859375,0.3116238168478957
2017-11-10,1272.4000244140625,-1.032061637049884
2017-11-13,1277.300048828125,0.3843613213939032
2017-11-14,1281.5,0.3282753527786367
2017-11-15,1276.5,-0.3909309122587321
2017-11-16,1277.4000244140625,0.0704823558258207
2017-11-17,1295.800048828125,1.430152145789673
2017-11-20,1274.5999755859375,-1.6495917971793554
2017-11-21,1281.0999755859375,0.5086680079378604
2017-11-22,1291.5999755859375,0.8162676176655977
2017-11-24,1286.699951171875,-0.3800977739327825
2017-11-27,1293.800048828125,0.550289910736466
2017-11-28,1294.699951171875,0.0695308000776598
2017-11-29,1282.0999755859375,-0.9779630834338624
2017-11-30,1273.199951171875,-0.696596145918346
2017-12-01,1278.800048828125,0.4388798311228533
2017-12-04,1274.300048828125,-0.3525129832616219
2017-12-05,1261.5999755859375,-1.0016309238676628
2017-12-06,1262.800048828125,0.0950779053228449
2017-12-07,1249.800048828125,-1.0347938786658826
2017-12-08,1245.199951171875,-0.3687457209357425
2017-12-11,1243.699951171875,-0.1205351955051866
2017-12-12,1238.5,-0.4189798469908035
2017-12-13,1245.4000244140625,0.5555813112327661
2017-12-14,1253.800048828125,0.6722195742235452
2017-12-15,1254.300048828125,0.0398708175236657
2017-12-18,1262.199951171875,0.6278504505989414
2017-12-19,1260.699951171875,-0.1189107958943394
2017-12-20,1266.0999755859375,0.4274206737060993
2017-12-21,1267.300048828125,0.0947401373952016
2017-12-22,1275.4000244140625,0.6371182406177087
2017-12-26,1284.0999755859375,0.679819080119145
2017-12-27,1287.0,0.2255863771485303
2017-12-28,1294.0999755859375,0.5501525365828419
2017-12-29,1306.300048828125,0.9383296909513904
2018-01-02,1313.699951171875,0.5648795435594413
2018-01-03,1316.199951171875,0.1901213617154255
2018-01-04,1319.4000244140625,0.2428346368465495
2018-01-05,1320.300048828125,0.0681914175070317
2018-01-08,1318.5999755859375,-0.1288471303693388
2018-01-09,1311.699951171875,-0.5246580568031188
2018-01-10,1317.4000244140625,0.4336147142567865
2018-01-11,1320.5999755859375,0.2426044534775419
2018-01-12,1333.4000244140625,0.9645929220218628
2018-01-16,1335.4000244140625,0.149880121238692
2018-01-17,1338.0,0.1945070982196019
2018-01-18,1326.0,-0.9009069942365968
2018-01-19,1331.9000244140625,0.4439620791428774
2018-01-22,1330.9000244140625,-0.0751089100701573
2018-01-23,1335.699951171875,0.3600038990317503
2018-01-24,1355.9000244140625,1.5009996047209606
2018-01-25,1362.4000244140625,0.478240979430952
2018-01-26,1351.5999755859375,-0.7958810491319437
2018-01-30,1335.4000244140625,-1.2058167071074382
2018-01-31,1339.0,0.2692175985194828
2018-02-01,1344.300048828125,0.3950401091376265
2018-02-02,1333.699951171875,-0.7916469765226358
2018-02-05,1333.0,-0.0524956838613839
2018-02-06,1326.0999755859375,-0.5189755905578952
2018-02-07,1311.5999755859375,-1.0994537916590983
2018-02-08,1316.9000244140625,0.4032760898676079
2018-02-09,1313.0999755859375,-0.2889772982946634
2018-02-12,1324.199951171875,0.8417731344798464
2018-02-13,1328.0999755859375,0.2940864406439292
2018-02-14,1355.5,2.0421058915214334
2018-02-15,1352.0999755859375,-0.2511468630411128
2018-02-16,1353.199951171875,0.0813200514793257
2018-02-20,1328.800048828125,-1.8195805777987704
2018-02-21,1330.0,0.0902626170684734
2018-02-22,1330.5999755859375,0.0451007743827016
2018-02-23,1328.199951171875,-0.1805344615643647
2018-02-26,1330.699951171875,0.1880477512149849
2018-02-27,1315.5,-1.1488261375785171
2018-02-28,1315.5,0.0
2018-03-01,1302.9000244140625,-0.9624253533214296
2018-03-02,1321.0999755859375,1.3872136457073263
2018-03-05,1318.0999755859375,-0.227341720794918
2018-03-06,1333.5999755859375,1.1690746933441305
2018-03-07,1326.0,-0.5715142383890748
2018-03-08,1319.9000244140625,-0.4610897113995902
2018-03-09,1322.4000244140625,0.1892291336937175
2018-03-12,1319.4000244140625,-0.2271179676065844
2018-03-13,1325.9000244140625,0.4914386241190294
2018-03-14,1324.4000244140625,-0.1131947426727324
2018-03-15,1316.800048828125,-0.5754957103444557
2018-03-16,1311.300048828125,-0.4185539229898073
2018-03-19,1316.800048828125,0.418553922989804
2018-03-20,1311.0999755859375,-0.4338127119398508
2018-03-21,1320.699951171875,0.7295401194057267
2018-03-22,1326.5999755859375,0.4457397609610681
2018-03-23,1349.300048828125,1.6966715936515404
2018-03-26,1354.4000244140625,0.3772594220179005
2018-03-27,1341.300048828125,-0.971924053303923
2018-03-28,1324.199951171875,-1.2830862694559693
2018-03-29,1322.800048828125,-0.1057727596725457
2018-04-02,1342.0999755859375,1.4484794192477413
2018-04-03,1332.800048828125,-0.6953504164492984
2018-04-04,1335.800048828125,0.2248370796679207
2018-04-05,1324.300048828125,-0.8646345041192702
2018-04-06,1331.9000244140625,0.5722457733424547
2018-04-09,1336.300048828125,0.3298124789570669
2018-04-10,1342.0,0.4256401204819836
2018-04-11,1356.5,1.074681456735932
2018-04-12,1338.4000244140625,-1.3432964185142136
2018-04-13,1344.800048828125,0.477045048939875
2018-04-16,1347.5,0.2005684379909184
2018-04-17,1347.199951171875,-0.0222695539245162
2018-04-18,1351.199951171875,0.2964722112822783
2018-04-19,1346.800048828125,-0.3261605814892013
2018-04-20,1336.699951171875,-0.7527591093269498
2018-04-23,1322.5,-1.0679968716113872
2018-04-24,1331.4000244140625,0.6707153771284318
2018-04-25,1321.199951171875,-0.7690660944510987
2018-04-26,1316.300048828125,-0.3715570032884322
2018-04-27,1320.300048828125,0.3034212941409789
2018-04-30,1316.199951171875,-0.3110260543535764
2018-05-01,1303.800048828125,-0.9465644983154228
2018-05-02,1302.5999755859375,-0.0920866571325269
2018-05-03,1310.699951171875,0.619906000228972
2018-05-04,1312.699951171875,0.1524739240620426
2018-05-07,1312.199951171875,-0.0380966912758039
2018-05-08,1312.0,-0.0152390195855774
2018-05-09,1311.300048828125,-0.0533641730230863
2018-05-10,1320.800048828125,0.7218601800712527
2018-05-11,1319.0,-0.1363776857201556
2018-05-14,1316.5,-0.189717378095049
2018-05-15,1288.9000244140625,-2.1187539583848607
2018-05-16,1290.199951171875,0.1008046900233056
2018-05-17,1288.199951171875,-0.1551350044107969
2018-05-18,1290.199951171875,0.1551350044107939
2018-05-21,1290.199951171875,0.0
2018-05-22,1291.699951171875,0.1161935183776842
2018-05-23,1289.300048828125,-0.1859669147923764
2018-05-24,1303.699951171875,1.110686492663307
2018-05-25,1303.300048828125,-0.0306791213568551
2018-05-29,1298.699951171875,-0.3535820483316082
2018-05-30,1301.5,0.2153718916270126
2018-05-31,1300.0999755859375,-0.1076279645100766
2018-06-01,1294.800048828125,-0.4084885026490751
2018-06-04,1293.0999755859375,-0.1313863341481378
2018-06-05,1297.5,0.3396918618496565
2018-06-06,1297.0999755859375,-0.0308351515452123
2018-06-07,1298.699951171875,0.1232741993758485
2018-06-08,1298.0999755859375,-0.0462088426937454
2018-06-11,1298.9000244140625,0.0616133117777778
2018-06-12,1295.0999755859375,-0.2929877830751321
2018-06-13,1296.9000244140625,0.1388926788194725
2018-06-14,1304.0,0.5459643319964294
2018-06-15,1274.5999755859375,-2.2804078760698157
2018-06-18,1276.199951171875,0.1254489447786952
2018-06-19,1275.5999755859375,-0.0470237177062263
2018-06-20,1271.199951171875,-0.3455339185167932
2018-06-21,1267.199951171875,-0.3151594283591868
2018-06-22,1267.4000244140625,0.0157873624658935
2018-06-25,1265.5999755859375,-0.1421278429639214
2018-06-26,1256.5999755859375,-0.7136657182704904
2018-06-27,1252.800048828125,-0.3028556328446318
2018-06-28,1247.800048828125,-0.3999045403677075
2018-06-29,1251.300048828125,0.280101008486938
2018-07-02,1239.800048828125,-0.9232934241235006
2018-07-03,1251.5999755859375,0.9472597636754329
2018-07-05,1257.300048828125,0.4543890146389283
2018-07-06,1254.300048828125,-0.2388916475620373
2018-07-09,1258.0999755859375,0.3024939992368851
2018-07-10,1253.800048828125,-0.3423648167605356
2018-07-11,1242.800048828125,-0.8812040976282252
2018-07-12,1245.0,0.1768592091113021
2018-07-13,1239.5999755859375,-0.4346802680328338
2018-07-16,1238.0999755859375,-0.1210800510808672
2018-07-17,1225.699951171875,-1.0065857197482182
2018-07-18,1226.300048828125,0.0489476075229356
2018-07-19,1222.4000244140625,-0.318538620092535
2018-07-20,1229.5,0.5791423271754503
2018-07-23,1224.0,-0.448339858397591
2018-07-24,1223.9000244140625,-0.008168273621957
2018-07-25,1231.4000244140625,0.6109251967322684
2018-07-26,1225.300048828125,-0.496600149803961
2018-07-27,1222.5999755859375,-0.2206033179679713
2018-07-30,1221.300048828125,-0.1063813468161826
2018-07-31,1223.699951171875,0.1963110932089534
2018-08-01,1217.9000244140625,-0.4750931950486037
2018-08-02,1210.5999755859375,-0.6011999848421063
2018-08-03,1214.199951171875,0.2969299191421566
2018-08-06,1208.5999755859375,-0.4622738754922646
2018-08-07,1209.5999755859375,0.0827061514510392
2018-08-08,1212.5999755859375,0.2477088262296433
2018-08-09,1211.9000244140625,-0.0577398384261726
2018-08-10,1211.0999755859375,-0.0660378751300101
2018-08-13,1191.300048828125,-1.6483828575843011
2018-08-14,1193.0,0.1425954305339755
2018-08-15,1177.5,-1.3077596207343325
2018-08-16,1176.199951171875,-0.1104685378172476
2018-08-17,1176.5,0.0255067655016792
2018-08-20,1186.800048828125,0.8716721391922366
2018-08-21,1192.5999755859375,0.4875126658374185
2018-08-22,1196.300048828125,0.3097723775097381
2018-08-23,1187.0,-0.7804385383143032
2018-08-24,1206.300048828125,1.612874843926602
2018-08-27,1209.0,0.2235707565858709
2018-08-28,1207.4000244140625,-0.1324264032107223
2018-08-29,1204.5,-0.2404764527759338
2018-08-30,1197.699951171875,-0.566153286970904
2018-08-31,1200.300048828125,0.2168556026015525
2018-09-04,1192.699951171875,-0.6351962565760579
2018-09-05,1194.9000244140625,0.1842916642123885
2018-09-06,1197.9000244140625,0.2507523830407757
2018-09-07,1193.5999755859375,-0.3596114122648065
2018-09-10,1193.0,-0.0502786897439251
2018-09-11,1195.4000244140625,0.2009734715579021
2018-09-12,1204.699951171875,0.7749654927954789
2018-09-13,1202.0,-0.2243696646296926
2018-09-14,1195.0,-0.5840650729541842
2018-09-17,1199.699951171875,0.3925299454991307
2018-09-18,1196.800048828125,-0.2420115801489098
2018-09-19,1202.199951171875,0.4501801970305428
2018-09-20,1206.199951171875,0.3321710546514391
2018-09-21,1196.199951171875,-0.8325056744842725
2018-09-24,1199.300048828125,0.2588269160438118
2018-09-25,1200.0,0.0583462824563264
2018-09-26,1194.0,-0.5012541823544286
2018-09-27,1182.300048828125,-0.9847279784212154
2018-09-28,1191.5,0.7751282370461494
2018-10-01,1187.0999755859375,-0.369968004544684
2018-10-02,1202.4000244140625,1.280624224985772
2018-10-03,1198.300048828125,-0.3415653306907404
2018-10-04,1197.199951171875,-0.0918470243027063
2018-10-05,1201.199951171875,0.3335560266446414
2018-10-08,1184.4000244140625,-1.4084678619262272
2018-10-09,1187.199951171875,0.2361214443846221
2018-10-10,1189.300048828125,0.1767387505083634
2018-10-11,1223.5,2.835066409333902
2018-10-12,1218.0999755859375,-0.4423356219554005
2018-10-15,1226.4000244140625,0.6790820801527913
2018-10-16,1227.300048828125,0.0733605923757253
2018-10-17,1223.699951171875,-0.2937658298874482
2018-10-18,1226.5,0.2285568608961214
2018-10-19,1225.300048828125,-0.0978832893209177
2018-10-22,1221.199951171875,-0.3351809928337786
2018-10-23,1233.4000244140625,0.9940661474511048
2018-10-24,1227.800048828125,-0.4550613589319168
2018-10-25,1229.0999755859375,0.1058184595380421
2018-10-26,1232.5,0.2762452559275811
2018-10-29,1224.5,-0.6512029524622742
2018-10-30,1222.5999755859375,-0.155287876656739
2018-10-31,1212.300048828125,-0.8460296595855924
2018-11-01,1236.0,1.9360936987837056
2018-11-02,1230.9000244140625,-0.4134730067067751
2018-11-05,1229.800048828125,-0.0894034727081131
2018-11-06,1223.800048828125,-0.4890782296269379
2018-11-07,1226.199951171875,0.1959104580683226
2018-11-08,1222.9000244140625,-0.2694809348505813
2018-11-09,1206.4000244140625,-1.358436866858285
2018-11-12,1201.300048828125,-0.4236394117412716
2018-11-13,1199.199951171875,-0.1749717302261418
2018-11-14,1207.9000244140625,0.7228707752084227
2018-11-15,1212.800048828125,0.4048441325541188
2018-11-16,1220.800048828125,0.6574645378254133
2018-11-19,1223.0999755859375,0.1882178005493029
2018-11-20,1219.0,-0.33577490512391
2018-11-21,1225.800048828125,0.556288140403909
2018-11-23,1221.0,-0.3923536774605951
2018-11-26,1220.199951171875,-0.0655455409446651
2018-11-27,1211.199951171875,-0.7403176331916226
2018-11-28,1221.4000244140625,0.8386198408281134
2018-11-29,1224.0999755859375,0.2208098359343363
2018-11-30,1220.199951171875,-0.3191120435708525
2018-12-03,1233.9000244140625,1.1165164989324805
2018-12-04,1241.0999755859375,0.5818158773582782
2018-12-06,1238.0999755859375,-0.2420136756494567
2018-12-07,1246.800048828125,0.7002381348266995
2018-12-10,1243.699951171875,-0.2489539656615577
2018-12-11,1241.9000244140625,-0.144828378669769
2018-12-12,1244.4000244140625,0.2011021030000826
2018-12-13,1242.699951171875,-0.1367113122642427
2018-12-14,1237.0,-0.459729912749512
2018-12-17,1247.4000244140625,0.8372311271493809
2018-12-18,1249.199951171875,0.1441902657424935
2018-12-19,1252.0999755859375,0.231881485500254
2018-12-20,1263.5999755859375,0.9142648430483464
2018-12-21,1253.800048828125,-0.7785791822915509
2018-12-24,1267.5,1.0867477681360826
2018-12-26,1269.199951171875,0.1340285772125058
2018-12-27,1277.300048828125,0.6361771038876295
2018-12-28,1279.9000244140625,0.2033455660383124
2018-12-31,1278.300048828125,-0.1250860565043167
2019-01-02,1281.0,0.2109914525054996
2019-01-03,1291.800048828125,0.8395609500155037
2019-01-04,1282.699951171875,-0.706943915776067
2019-01-07,1286.800048828125,0.3191361071129877
2019-01-08,1283.199951171875,-0.2801634249852046
2019-01-09,1289.300048828125,0.4742553228195175
2019-01-10,1284.699951171875,-0.3574283258452417
2019-01-11,1287.0999755859375,0.186641665691119
2019-01-14,1289.0999755859375,0.1552674823155863
2019-01-15,1286.199951171875,-0.2252184772542813
2019-01-16,1291.5999755859375,0.4189644244261605
2019-01-17,1291.0,-0.0464629135292248
2019-01-18,1281.300048828125,-0.7541886222843759
2019-01-22,1282.5,0.093607242112592
2019-01-23,1283.0999755859375,0.0467707828643597
2019-01-24,1279.0999755859375,-0.3122319355127618
2019-01-25,1297.4000244140625,1.420559407819777
2019-01-28,1302.4000244140625,0.3846454397078388
2019-01-29,1308.199951171875,0.4443374208731188
2019-01-30,1309.9000244140625,0.1298707839266672
2019-01-31,1319.699951171875,0.745358398165565
2019-02-01,1316.9000244140625,-0.2123892768155544
2019-02-04,1314.300048828125,-0.197626661582263
2019-02-05,1314.199951171875,-0.0076163329882734
2019-02-06,1309.5,-0.3582693361742833
2019-02-07,1309.4000244140625,-0.0076349295547016
2019-02-08,1313.699951171875,0.32785106548437
2019-02-11,1307.0,-0.5113111682841348
2019-02-12,1309.199951171875,0.1681791706648733
2019-02-13,1310.800048828125,0.1221448744417649
2019-02-14,1309.800048828125,-0.0763184012266416
2019-02-15,1318.0999755859375,0.6316796133235387
2019-02-19,1340.0999755859375,1.655293261183519
2019-02-20,1343.300048828125,0.2385089610256545
2019-02-21,1323.5,-1.4849566751193068
2019-02-22,1329.199951171875,0.4297478078310308
2019-02-25,1325.9000244140625,-0.2485728211593044
2019-02-26,1325.0999755859375,-0.0603582687600125
2019-02-27,1317.699951171875,-0.56001543506377
2019-02-28,1312.800048828125,-0.372545752587554
2019-03-01,1296.4000244140625,-1.257108687016906
2019-03-04,1284.800048828125,-0.8988108902638492
2019-03-05,1282.0,-0.2181743716337153
2019-03-06,1284.9000244140625,0.2259554809568539
2019-03-07,1283.800048828125,-0.0856445378447747
2019-03-08,1297.0,1.0229437404707755
2019-03-11,1288.800048828125,-0.6342314567177048
2019-03-12,1296.300048828125,0.5802499524032645
2019-03-13,1307.5,0.8602826665778341
2019-03-14,1293.4000244140625,-1.084248805070627
2019-03-15,1301.800048828125,0.6473530758076257
2019-03-18,1300.300048828125,-0.1152915037744115
2019-03-19,1305.0,0.3607996148089772
2019-03-20,1300.5,-0.3454234868087558
2019-03-21,1306.0999755859375,0.4296773002431159
2019-03-22,1311.5999755859375,0.4202168465401316
2019-03-25,1321.9000244140625,0.7822366697732926
2019-03-26,1314.300048828125,-0.5765872414879459
2019-03-27,1309.9000244140625,-0.3353424597677418
2019-03-28,1289.800048828125,-1.5463611608309489
2019-03-29,1293.0,0.2477894338452264
2019-04-01,1288.4000244140625,-0.3563942365681278
2019-04-02,1290.0,0.1241060949541487
2019-04-03,1289.9000244140625,-0.0077503457530437
2019-04-04,1289.0,-0.0697990958999972
2019-04-05,1290.4000244140625,0.1085542791574745
2019-04-08,1297.0999755859375,0.5178717793829374
2019-04-09,1303.5,0.4921969848964953
2019-04-10,1309.0999755859375,0.4286905162995197
2019-04-11,1288.5999755859375,-1.5783520778201383
2019-04-12,1290.5999755859375,0.1550868826557498
2019-04-15,1286.800048828125,-0.2948653274649578
2019-04-16,1272.5999755859375,-1.1096521695962844
2019-04-17,1272.199951171875,-0.0314385750448298
2019-04-18,1271.9000244140625,-0.0235782211454054
2019-04-22,1273.5,0.1257150767118755
2019-04-23,1269.300048828125,-0.3303409556835282
2019-04-24,1275.5,0.4872652719189608
2019-04-25,1275.800048828125,0.023521249854262
2019-04-26,1284.9000244140625,0.7107442209775164
2019-04-29,1278.5999755859375,-0.4915203051928451
2019-04-30,1282.800048828125,0.3279516644451931
2019-05-01,1281.4000244140625,-0.1091977625138958
2019-05-02,1269.699951171875,-0.9172635638250212
2019-05-03,1279.199951171875,0.7454230729596022
2019-05-06,1281.699951171875,0.1952439290487443
2019-05-07,1283.5,0.1403437671793296
2019-05-08,1279.4000244140625,-0.3199484212726764
2019-05-09,1283.5,0.3199484212726737
2019-05-10,1285.699951171875,0.1712557801154743
2019-05-13,1300.0999755859375,1.1137886677169313
2019-05-14,1294.699951171875,-0.4162195438771078
2019-05-15,1296.300048828125,0.1235119922551238
2019-05-16,1285.0,-0.8755371943979366
2019-05-17,1274.5,-0.8204773513150011
2019-05-20,1276.0999755859375,0.1254587791981863
2019-05-21,1272.0,-0.3218067708084531
2019-05-22,1273.5999755859375,0.125705202071802
2019-05-23,1284.800048828125,0.875558527616713
2019-05-24,1283.0,-0.1402016581316077
2019-05-28,1276.5,-0.5079127934097918
2019-05-29,1280.5999755859375,0.3206741338613296
2019-05-30,1287.0999755859375,0.5062907666908317
2019-05-31,1305.800048828125,1.4424310458736922
2019-06-03,1322.699951171875,1.2859147970709
2019-06-04,1323.4000244140625,0.0529135909437133
2019-06-05,1328.300048828125,0.3695764872375826
2019-06-06,1337.5999755859375,0.6976979179977753
2019-06-07,1341.199951171875,0.268775410747921
2019-06-10,1324.699951171875,-1.2378717355321671
2019-06-11,1326.4000244140625,0.1282541956835377
2019-06-12,1331.9000244140625,0.4137988749946851
2019-06-13,1339.199951171875,0.5465871737306734
2019-06-14,1340.0999755859375,0.0671835533549099
2019-06-17,1338.699951171875,-0.1045262490525806
2019-06-18,1346.5999755859375,0.5883921663461859
2019-06-19,1344.5999755859375,-0.1486326103211523
2019-06-20,1392.9000244140625,3.529136934367409
2019-06-21,1396.199951171875,0.2366303342652827
2019-06-24,1414.300048828125,1.2880517986897824
2019-06-25,1414.9000244140625,0.042413090583868
2019-06-26,1411.5999755859375,-0.2335078951077535
2019-06-27,1408.4000244140625,-0.2269469890297073
2019-06-28,1409.699951171875,0.0922555524127822
2019-07-01,1385.5999755859375,-1.7243639951311835
2019-07-02,1404.5999755859375,1.361930615509286
2019-07-03,1417.699951171875,0.9283258338381216
2019-07-05,1396.699951171875,-1.492352932970768
2019-07-08,1397.0,0.0214803904873732
2019-07-09,1397.5,0.0357845772292487
2019-07-10,1410.0999755859375,0.8975680500219938
2019-07-11,1404.300048828125,-0.41216137849031
2019-07-12,1409.9000244140625,0.39798044429101
2019-07-15,1411.4000244140625,0.106333967701119
2019-07-16,1409.199951171875,-0.1560004046945811
2019-07-17,1421.300048828125,0.8549847281970965
2019-07-18,1426.0999755859375,0.3371448523743112
2019-07-19,1425.0999755859375,-0.0701459075567615
2019-07-22,1425.300048828125,0.0140382571430259
2019-07-23,1420.0999755859375,-0.3655077659947234
2019-07-24,1422.800048828125,0.1899520933457056
2019-07-25,1413.9000244140625,-0.6274934527660716
2019-07-26,1418.5,0.3248114383933725
2019-07-29,1419.5999755859375,0.0775149325588936
2019-07-30,1429.699951171875,0.708947330791591
2019-07-31,1426.0999755859375,-0.2521169259150252
2019-08-01,1420.9000244140625,-0.3652937797119556
2019-08-02,1445.5999755859375,1.72339525633451
2019-08-05,1464.5999755859375,1.3057707568042691
2019-08-06,1472.4000244140625,0.5311588128471646
2019-08-07,1507.300048828125,2.3426264124913008
2019-08-08,1497.699951171875,-0.6389437814637304
2019-08-09,1496.5999755859375,-0.0734713063036057
2019-08-12,1505.300048828125,0.5796393970688472
2019-08-13,1502.199951171875,-0.2061578556428023
2019-08-14,1515.9000244140625,0.9078670323797036
2019-08-15,1519.5999755859375,0.2437788176061653
2019-08-16,1512.5,-0.4683215342362713
2019-08-19,1500.4000244140625,-0.8032155425561887
2019-08-20,1504.5999755859375,0.2795310420405332
2019-08-21,1504.5999755859375,0.0
2019-08-22,1497.300048828125,-0.4863547145384534
2019-08-23,1526.5999755859375,1.9379505617472024
2019-08-26,1526.300048828125,-0.0196486459680198
2019-08-27,1541.0,0.9585018407868444
2019-08-28,1537.800048828125,-0.2078700970101249
2019-08-29,1526.5,-0.7375322175081969
2019-08-30,1519.0999755859375,-0.4859495032714913
2019-09-03,1545.9000244140625,1.7488242652852914
2019-09-04,1550.300048828125,0.2842211273165384
2019-09-05,1515.4000244140625,-2.27690454603242
2019-09-06,1506.199951171875,-0.6089556358749777
2019-09-09,1502.199951171875,-0.2659222501661612
2019-09-10,1490.300048828125,-0.7953193028797172
2019-09-11,1494.4000244140625,0.2747330092907932
2019-09-12,1498.699951171875,0.287322825901904
2019-09-13,1490.9000244140625,-0.5218052260891264
2019-09-16,1503.0999755859375,0.8149645086967567
2019-09-17,1505.0999755859375,0.1329699040719732
2019-09-18,1507.5,0.1593324663914272
2019-09-19,1498.4000244140625,-0.60547611780406
2019-09-20,1507.300048828125,0.5922114787613536
2019-09-23,1523.699951171875,1.0821552218634716
2019-09-24,1532.0999755859375,0.5497771957127581
2019-09-25,1504.5999755859375,-1.811226148683577
2019-09-26,1507.5,0.1925583701500586
2019-09-27,1499.0999755859375,-0.5587737868884801
2019-09-30,1465.699951171875,-2.2532001013061618
2019-10-01,1482.0,1.1059616136638108
2019-10-02,1501.0,1.273902577742971
2019-10-03,1507.0999755859375,0.4055705592803874
2019-10-04,1506.199951171875,-0.059736797710354
2019-10-07,1497.699951171875,-0.5659324852886078
2019-10-08,1497.199951171875,-0.0333900978963684
2019-10-09,1506.0999755859375,0.5926847590369728
2019-10-10,1494.800048828125,-0.7531060731030875
2019-10-11,1482.699951171875,-0.8127734184569403
2019-10-14,1491.699951171875,0.6051659334595071
2019-10-15,1477.5999755859375,-0.949724306442893
2019-10-16,1488.0,0.7013803030788963
2019-10-17,1492.300048828125,0.2885650264430884
2019-10-18,1488.199951171875,-0.2751283504497898
2019-10-21,1482.4000244140625,-0.3904890712539042
2019-10-22,1481.699951171875,-0.0472368179866487
2019-10-23,1489.9000244140625,0.5518975719105269
2019-10-24,1498.9000244140625,0.6022502044866213
2019-10-25,1499.5,0.0400197164527539
2019-10-28,1490.0,-0.6355599249558961
2019-10-29,1487.0,-0.2015452479349715
2019-10-30,1493.199951171875,0.4160767879948392
2019-10-31,1511.4000244140625,1.2114954399792637
2019-11-01,1508.0,-0.2252120171994746
2019-11-04,1508.0,0.0
2019-11-05,1480.800048828125,-1.8201754334461644
2019-11-06,1490.199951171875,0.6327791120031429
2019-11-07,1464.199951171875,-1.7601321488917985
2019-11-08,1461.300048828125,-0.1982500969778094
2019-11-11,1455.5,-0.3976999709097086
2019-11-12,1452.0999755859375,-0.233871646192102
2019-11-13,1461.699951171875,0.658934076646455
2019-11-14,1471.800048828125,0.6886066178064791
2019-11-15,1467.300048828125,-0.3062164177331961
2019-11-18,1470.9000244140625,0.2450464432386627
2019-11-19,1473.300048828125,0.163034093197824
2019-11-20,1473.300048828125,0.0
2019-11-21,1463.0999755859375,-0.6947360157733073
2019-11-22,1463.0999755859375,0.0
2019-11-25,1456.5999755859375,-0.4452519674764632
2019-11-26,1459.800048828125,0.2194537443213083
2019-11-27,1453.4000244140625,-0.4393817485602938
2019-11-29,1465.5999755859375,0.8359042281367265
2019-12-02,1462.300048828125,-0.2254126252647672
2019-12-03,1478.199951171875,1.0814526309483834
2019-12-04,1474.0,-0.2845304569353339
2019-12-05,1476.9000244140625,0.1965519213595667
2019-12-06,1459.0999755859375,-1.212552242517598
2019-12-09,1459.300048828125,0.0137111595961739
2019-12-10,1462.5999755859375,0.22587550109528
2019-12-11,1469.4000244140625,0.4638513656548294
2019-12-12,1466.699951171875,-0.1839224839602149
2019-12-13,1475.5999755859375,0.6049724215781696
2019-12-16,1475.0,-0.0406680403423716
2019-12-17,1474.5999755859375,-0.0271239774766798
2019-12-18,1472.5999755859375,-0.1357220643419625
2019-12-19,1478.199951171875,0.3795568962901428
2019-12-20,1474.699951171875,-0.2370552172288522
2019-12-23,1482.5,0.5275305725533864
2019-12-24,1499.0999755859375,1.1135059860575145
2019-12-26,1509.300048828125,0.6781087784430196
2019-12-27,1513.800048828125,0.297707861351468
2019-12-30,1514.5,0.0462273336891269
2019-12-31,1519.5,0.3295981889555683
2020-01-02,1524.5,0.3285154071461682
2020-01-03,1549.199951171875,1.607214969400344
2020-01-06,1566.199951171875,1.0913635018349008
2020-01-07,1571.800048828125,0.3569218356512689
2020-01-08,1557.4000244140625,-0.9203710678121976
2020-01-09,1551.699951171875,-0.3666707197118184
2020-01-10,1557.5,0.3730899039673677
2020-01-13,1548.4000244140625,-0.5859816190831291
2020-01-14,1542.4000244140625,-0.3882494785876494
2020-01-15,1552.0999755859375,0.6269176242541575
2020-01-16,1549.0,-0.1999275510573253
2020-01-17,1558.800048828125,0.6306764371860663
2020-01-21,1556.4000244140625,-0.1540847992091883
2020-01-22,1555.300048828125,-0.0706993351456924
2020-01-23,1564.5999755859375,0.596170020177131
2020-01-24,1571.0999755859375,0.4145810767128866
2020-01-27,1576.800048828125,0.3621512391022903
2020-01-28,1569.199951171875,-0.4831603586278796
2020-01-29,1569.800048828125,0.0382349578566844
2020-01-30,1583.5,0.8689333181302661
2020-01-31,1582.9000244140625,-0.0378963863372795
2020-02-03,1577.199951171875,-0.3607531070590206
2020-02-04,1550.4000244140625,-1.7138114161285474
2020-02-05,1557.800048828125,0.4761622946685296
2020-02-06,1565.0999755859375,0.4675103267282109
2020-02-07,1568.5999755859375,0.2233782116915276
2020-02-10,1574.699951171875,0.3881260704144138
2020-02-11,1565.5999755859375,-0.5795625430667941
2020-02-12,1567.4000244140625,0.1149089707112292
2020-02-13,1575.0999755859375,0.4900535612764321
2020-02-14,1582.699951171875,0.4813471680398959
2020-02-18,1600.0,1.0871410739791925
2020-02-19,1607.5,0.4676547883901803
2020-02-20,1616.5999755859375,0.5644986085864686
2020-02-21,1644.5999755859375,1.717201549417072
2020-02-24,1672.4000244140625,1.6762556388819472
2020-02-25,1646.9000244140625,-1.536498737621372
2020-02-26,1640.0,-0.4198505886171601
2020-02-27,1640.0,0.0
2020-02-28,1564.0999755859375,-4.738567874706474
2020-03-02,1592.300048828125,1.7868979456354688
2020-03-03,1642.0999755859375,3.079635310267187
2020-03-04,1641.0999755859375,-0.0609161821269098
2020-03-05,1666.4000244140625,1.529889178860684
2020-03-06,1670.800048828125,0.2636957249874577
2020-03-09,1674.5,0.22120303868409
2020-03-10,1659.0999755859375,-0.9239341300194448
2020-03-11,1641.4000244140625,-1.0725720864527517
2020-03-12,1589.300048828125,-3.2255852643725533
2020-03-13,1515.699951171875,-4.741635220310181
2020-03-16,1485.9000244140625,-1.9856680529920203
2020-03-17,1524.9000244140625,2.590818443844778
2020-03-18,1477.300048828125,-3.171271975140128
2020-03-19,1478.5999755859375,0.0879547231555897
2020-03-20,1484.0,0.364546711593342
2020-03-23,1567.0,5.442181862869503
2020-03-24,1660.199951171875,5.777508425392426
2020-03-25,1632.300048828125,-1.6947954536260903
2020-03-26,1650.0999755859375,1.0845784249569976
2020-03-27,1623.9000244140625,-1.6005198817997044
2020-03-30,1622.0,-0.1170722829899041
2020-03-31,1583.4000244140625,-2.408550651926629
2020-04-01,1578.199951171875,-0.3289523008281446
2020-04-02,1625.699951171875,2.96535360572285
2020-04-03,1633.699951171875,0.490888893936245
2020-04-06,1677.0,2.615913167880727
2020-04-07,1664.800048828125,-0.7301457414060284
2020-04-08,1665.4000244140625,0.0360324052149134
2020-04-09,1736.199951171875,4.163343937284958
2020-04-13,1744.800048828125,0.494117503821275
2020-04-14,1756.699951171875,0.6797057351607868
2020-04-15,1727.199951171875,-1.6935449293475353
2020-04-16,1720.4000244140625,-0.3944735829989091
2020-04-17,1689.199951171875,-1.8301820946780285
2020-04-20,1701.5999755859375,0.7313955384594794
2020-04-21,1678.199951171875,-1.3847209197883097
2020-04-22,1728.699951171875,2.9647891342731345
2020-04-23,1733.300048828125,0.2657481434712217
2020-04-24,1723.5,-0.5670027160958045
2020-04-27,1711.9000244140625,-0.6753227914803885
2020-04-28,1710.5,-0.0818153624456752
2020-04-29,1703.4000244140625,-0.4159457378130776
2020-04-30,1684.199951171875,-1.1335623435517612
2020-05-01,1694.5,0.6097067443094948
2020-05-04,1706.9000244140625,0.7291162026340241
2020-05-05,1704.4000244140625,-0.1465717123550518
2020-05-06,1684.199951171875,-1.1922512345884837
2020-05-07,1721.800048828125,2.207963897860998
2020-05-08,1709.9000244140625,-0.6935380050009182
2020-05-11,1695.300048828125,-0.857515842664911
2020-05-12,1704.4000244140625,0.5353411843933332
2020-05-13,1713.9000244140625,0.5558332693372202
2020-05-14,1738.0999755859375,1.4021058879757815
2020-05-15,1753.4000244140625,0.8764225555300194
2020-05-18,1731.800048828125,-1.2395415869611637
2020-05-19,1744.199951171875,0.713461158960291
2020-05-20,1750.5999755859375,0.3662602553908974
2020-05-21,1720.5,-1.734362611469108
2020-05-22,1734.5999755859375,0.8161878938069568
2020-05-26,1704.800048828125,-1.7328994749641426
2020-05-27,1710.300048828125,0.3220991829132791
2020-05-28,1713.300048828125,0.1752541583290877
2020-05-29,1736.9000244140625,1.3680565277693135
2020-06-01,1737.800048828125,0.0518044386692032
2020-06-02,1725.199951171875,-0.7277016031962099
2020-06-03,1697.800048828125,-1.6009633407297863
2020-06-04,1718.9000244140625,1.2351241473905206
2020-06-05,1676.199951171875,-2.515526800286163
2020-06-08,1698.300048828125,1.3098481927345722
2020-06-09,1714.699951171875,0.9610330246712896
2020-06-10,1713.300048828125,-0.0816745870227413
2020-06-11,1732.0,1.0855446283993906
2020-06-12,1729.300048828125,-0.1560079554729787
2020-06-15,1720.300048828125,-0.5218007981163413
2020-06-16,1729.5999755859375,0.5391431183017847
2020-06-17,1729.199951171875,-0.023130821343635
2020-06-18,1724.800048828125,-0.2547715531949515
2020-06-19,1745.9000244140625,1.21590659502639
2020-06-22,1756.699951171875,0.6166825249584588
2020-06-23,1772.0999755859375,0.8728248980421311
2020-06-24,1765.800048828125,-0.3561397084780702
2020-06-25,1762.0999755859375,-0.2097607400018216
2020-06-26,1772.5,0.5884713686692411
2020-06-29,1774.800048828125,0.1296788610374323
2020-06-30,1793.0,1.0202426588476163
2020-07-01,1773.199951171875,-1.1104398270962212
2020-07-02,1784.0,0.6072237805783904
2020-07-06,1788.5,0.251924555911782
2020-07-07,1804.199951171875,0.873997345987791
2020-07-08,1815.5,0.6243658695440093
2020-07-09,1799.199951171875,-0.9018817348082772
2020-07-10,1798.199951171875,-0.0555957109525604
2020-07-13,1811.0,0.70930414866313
2020-07-14,1810.5999755859375,-0.0220910326036027
2020-07-15,1811.4000244140625,0.044177186147791
2020-07-16,1798.699951171875,-0.7035885831272417
2020-07-17,1808.300048828125,0.5323049805576425
2020-07-20,1815.9000244140625,0.4194021617199042
2020-07-21,1842.4000244140625,1.4487856747344774
2020-07-22,1864.0999755859375,1.1709267020525904
2020-07-23,1889.0999755859375,1.3322162460929807
2020-07-24,1897.300048828125,0.4331336366513378
2020-07-27,1931.0,1.7606154822841995
2020-07-28,1944.699951171875,0.7069694974014618
2020-07-29,1953.5,0.4514937092596289
2020-07-30,1942.300048828125,-0.5749772517706172
2020-07-31,1962.800048828125,1.049918711509946
2020-08-03,1966.0,0.1628971614593422
2020-08-04,2001.199951171875,1.7745954507515056
2020-08-05,2031.0999755859375,1.483052996269477
2020-08-06,2051.5,0.9993726704919283
2020-08-07,2010.0999755859375,-2.0386772968585873
2020-08-10,2024.4000244140625,0.7088912486168325
2020-08-11,1932.5999755859375,-4.640713846737035
2020-08-12,1934.9000244140625,0.1189424227168705
2020-08-13,1956.699951171875,1.1203697670107498
2020-08-14,1937.0,-1.0118971422733294
2020-08-17,1985.0,2.447852971429491
2020-08-18,1999.4000244140625,0.7228233622483833
2020-08-19,1958.699951171875,-2.0566184811920643
2020-08-20,1933.800048828125,-1.2793958632575233
2020-08-21,1934.5999755859375,0.0413569829472389
2020-08-24,1927.699951171875,-0.3573017054938223
2020-08-25,1911.800048828125,-0.8282324903757287
2020-08-26,1940.699951171875,1.5003475387935177
2020-08-27,1921.5999755859375,-0.9890547937341884
2020-08-28,1964.5999755859375,2.213049019313123
2020-08-31,1967.5999755859375,0.1525863699362905
2020-09-01,1968.199951171875,0.0304881143223737
2020-09-02,1934.4000244140625,-1.7322181174838722
2020-09-03,1927.5999755859375,-0.3521520380873839
2020-09-04,1923.9000244140625,-0.1921304587846326
2020-09-08,1933.0,0.4718811695522806
2020-09-09,1944.699951171875,0.6034498194198085
2020-09-10,1954.199951171875,0.4873179121465835
2020-09-11,1937.800048828125,-0.8427543375380205
2020-09-14,1953.0999755859375,0.7864507194070882
2020-09-15,1956.300048828125,0.1637117684006305
2020-09-16,1960.199951171875,0.1991524898620352
2020-09-17,1940.0,-1.0358510867938482
2020-09-18,1952.0999755859375,0.6217730605110695
2020-09-21,1901.199951171875,-2.6420463605422984
2020-09-22,1898.5999755859375,-0.136848046834515
2020-09-23,1859.9000244140625,-2.0594023641089643
2020-09-24,1868.300048828125,0.4506216653220579
2020-09-25,1857.699951171875,-0.5689815487671345
2020-09-28,1872.800048828125,0.8095526135782652
2020-09-29,1894.300048828125,1.14147396616161
2020-09-30,1887.5,-0.3596200787395212
2020-10-01,1908.4000244140625,1.1012005311720376
2020-10-02,1900.199951171875,-0.4306089358559664
2020-10-05,1912.5,0.6452168624350489
2020-10-06,1901.0999755859375,-0.5978633545181685
2020-10-07,1883.5999755859375,-0.9247826747493606
2020-10-08,1888.5999755859375,0.265097449388411
2020-10-09,1919.5,1.6228934538952622
2020-10-12,1922.5,0.1561686938946659
2020-10-13,1888.5,-1.7843559227287458
2020-10-14,1901.300048828125,0.6755025244470126
2020-10-15,1903.199951171875,0.0998765935962507
2020-10-16,1900.800048828125,-0.1261778476421662
2020-10-19,1906.4000244140625,0.2941783734379064
2020-10-20,1910.4000244140625,0.2095997386936684
2020-10-21,1924.5999755859375,0.7405484259196327
2020-10-22,1901.0999755859375,-1.2285488081525435
2020-10-23,1902.0,0.047331094982652
2020-10-26,1902.699951171875,0.0367940278473711
2020-10-27,1908.800048828125,0.3200893540376839
2020-10-28,1876.199951171875,-1.7226369257346583
2020-10-29,1865.5999755859375,-0.5665724597106433
2020-10-30,1877.4000244140625,0.6305149837346229
2020-11-02,1890.4000244140625,0.6900605880378817
2020-11-03,1908.5,0.9529133397826344
2020-11-04,1894.5999755859375,-0.730987162998074
2020-11-05,1945.300048828125,2.64085103490303
2020-11-06,1950.300048828125,0.2567000010410996
2020-11-09,1853.199951171875,-5.106938372025802
2020-11-10,1875.4000244140625,1.1908134809094026
2020-11-11,1860.699951171875,-0.7869248251789698
2020-11-12,1872.5999755859375,0.6375091715476151
2020-11-13,1885.699951171875,0.6971252371710459
2020-11-16,1887.300048828125,0.0848183277062255
2020-11-17,1884.5,-0.1484728408849857
2020-11-18,1873.5,-0.5854194473448053
2020-11-19,1861.0999755859375,-0.6640641601906184
2020-11-20,1872.5999755859375,0.6160128835431433
2020-11-23,1837.800048828125,-1.87585958316916
2020-11-24,1804.800048828125,-1.8119421277245789
2020-11-25,1805.699951171875,0.0498491822398598
2020-11-27,1781.9000244140625,-1.3268076746218986
2020-11-30,1775.699951171875,-0.3485540567679487
2020-12-01,1814.0999755859375,2.1394779622499143
2020-12-02,1825.699951171875,0.6373984885256132
2020-12-03,1836.800048828125,0.6061505333917496
2020-12-04,1835.9000244140625,-0.0490115944199297
2020-12-07,1861.800048828125,1.4008950144385124
2020-12-08,1870.800048828125,0.4822385043172689
2020-12-09,1834.5999755859375,-1.9539712183873672
2020-12-10,1833.5999755859375,-0.0545226562392393
2020-12-11,1839.800048828125,0.337566237737005
2020-12-14,1828.699951171875,-0.6051591403382329
2020-12-15,1852.300048828125,1.282283130990166
2020-12-16,1856.0999755859375,0.2049362562147764
2020-12-17,1887.199951171875,1.661672416851431
2020-12-18,1885.699951171875,-0.0795144381169482
2020-12-21,1879.199951171875,-0.3452950477738774
2020-12-22,1866.5999755859375,-0.6727547309021927
2020-12-23,1874.699951171875,0.4330039505094346
2020-12-24,1879.9000244140625,0.2769976349498633
2020-12-28,1877.199951171875,-0.1437317997694585
2020-12-29,1879.699951171875,0.1330884736881928
2020-12-30,1891.0,0.5993626012460183
2020-12-31,1893.0999755859375,0.1109894461065988
2021-01-04,1944.699951171875,2.6892014283005596
2021-01-05,1952.699951171875,0.4105306838480783
2021-01-06,1906.9000244140625,-2.373410559741736
2021-01-07,1912.300048828125,0.2827831959051613
2021-01-08,1834.0999755859375,-4.175284695685226
2021-01-11,1849.5999755859375,0.8415501632621867
2021-01-12,1842.9000244140625,-0.3628955192789631
2021-01-13,1853.5999755859375,0.5789249861382061
2021-01-14,1850.300048828125,-0.1781866470034287
2021-01-15,1829.300048828125,-1.1414407787474066
2021-01-19,1839.5,0.5560388855331254
2021-01-20,1865.9000244140625,1.4249727942710166
2021-01-21,1865.300048828125,-0.0321599259933113
2021-01-22,1855.699951171875,-0.5159967189823376
2021-01-25,1854.9000244140625,-0.0431157643220879
2021-01-26,1850.699951171875,-0.2266879894457694
2021-01-27,1844.9000244140625,-0.3138830803113128
2021-01-28,1837.9000244140625,-0.3801459941889828
2021-01-29,1847.300048828125,0.5101511241647846
2021-02-01,1860.800048828125,0.7281389008044573
2021-02-02,1830.5,-1.641737544450263
2021-02-03,1832.199951171875,0.0928250370819823
2021-02-04,1788.9000244140625,-2.3916484486413037
2021-02-05,1810.9000244140625,1.2223053284327792
2021-02-08,1831.9000244140625,1.1529720189568875
2021-02-09,1835.300048828125,0.185428955081468
2021-02-10,1840.5999755859375,0.2883609671160572
2021-02-11,1824.9000244140625,-0.8566387767498659
2021-02-12,1821.5999755859375,-0.1809982026078676
2021-02-16,1797.199951171875,-1.348535131998669
2021-02-17,1771.0999755859375,-1.4629062349107949
2021-02-18,1773.4000244140625,0.1297813034819841
2021-02-19,1775.800048828125,0.1352431381918631
2021-02-22,1806.699951171875,1.7250896659106187
2021-02-23,1804.4000244140625,-0.1273809689207568
2021-02-24,1796.4000244140625,-0.4443464260402693
2021-02-25,1774.4000244140625,-1.2322324448977169
2021-02-26,1728.0999755859375,-2.6439826422899713
2021-03-01,1722.5,-0.3245801044441477
2021-03-02,1733.0999755859375,0.6134974480583479
2021-03-03,1715.300048828125,-1.032367748638774
2021-03-04,1700.199951171875,-0.8842158417799016
2021-03-05,1698.0,-0.129477459291767
2021-03-08,1677.699951171875,-1.2027309199143454
2021-03-09,1716.5999755859375,2.2921797389633936
2021-03-10,1721.5,0.2850427716795303
2021-03-11,1722.300048828125,0.0464631413656052
2021-03-12,1719.5,-0.1627084319913693
2021-03-15,1728.9000244140625,0.5451831359562948
2021-03-16,1730.5999755859375,0.0982772833472422
2021-03-17,1726.800048828125,-0.2198142107380776
2021-03-18,1732.199951171875,0.3122235750465632
2021-03-19,1741.4000244140625,0.5297152705864215
2021-03-22,1737.800048828125,-0.2069427911533475
2021-03-23,1724.699951171875,-0.7566879516500324
2021-03-24,1732.9000244140625,0.4743225748486407
2021-03-25,1724.9000244140625,-0.4627227810274516
2021-03-26,1732.199951171875,0.4223156783957694
2021-03-29,1712.0999755859375,-1.1671575757386563
2021-03-30,1683.9000244140625,-1.6608126836268462
2021-03-31,1713.800048828125,1.7600609611377438
2021-04-01,1726.5,0.7383082103883667
2021-04-05,1727.0,0.0289561316631672
2021-04-06,1741.5,0.8361011659377205
2021-04-07,1740.0999755859375,-0.0804242014787378
2021-04-08,1756.800048828125,0.9551431317729612
2021-04-09,1743.300048828125,-0.771410335080867
2021-04-12,1731.199951171875,-0.6965115310813124
2021-04-13,1746.199951171875,0.8627188966826281
2021-04-14,1734.9000244140625,-0.6492181509603616
2021-04-15,1765.4000244140625,1.7427518510729378
2021-04-16,1779.0,0.7674101250506838
2021-04-19,1769.4000244140625,-0.5410888818616735
2021-04-20,1777.300048828125,0.4454866391931009
2021-04-21,1792.300048828125,0.8404352241678679
2021-04-22,1781.199951171875,-0.6212471446331364
2021-04-23,1777.0,-0.2360717879845413
2021-04-26,1779.199951171875,0.1237248457746213
2021-04-27,1778.0,-0.0674660538547797
2021-04-28,1773.199951171875,-0.270334073967916
2021-04-29,1768.0999755859375,-0.2880286458205008
2021-04-30,1767.300048828125,-0.0452524051558068
2021-05-03,1791.4000244140625,1.3544464845169115
2021-05-04,1775.800048828125,-0.8746397574940621
2021-05-05,1784.0999755859375,0.4663019601775825
2021-05-06,1815.5,1.7446839157978355
2021-05-07,1831.0999755859375,0.855595396027406
2021-05-10,1837.5,0.3489086272326999
2021-05-11,1835.9000244140625,-0.0871114322687971
2021-05-12,1822.5999755859375,-0.7270798097461572
2021-05-13,1823.800048828125,0.065822360546342
2021-05-14,1837.9000244140625,0.770136548279548
2021-05-17,1867.5,1.597700925187108
2021-05-18,1867.800048828125,0.0160655810696873
2021-05-19,1881.300048828125,0.7201759353874979
2021-05-20,1881.800048828125,0.0265738348684147
2021-05-21,1876.699951171875,-0.2713902241078833
2021-05-24,1884.5999755859375,0.4200694538999877
2021-05-25,1898.0999755859375,0.7137789140429843
2021-05-26,1901.300048828125,0.1684515438402536
2021-05-27,1895.699951171875,-0.2949750706768753
2021-05-28,1902.5,0.3580673045627872
2021-06-01,1902.9000244140625,0.0210240402044281
2021-06-02,1907.5,0.2414433020726898
2021-06-03,1871.199951171875,-1.9213573983194727
2021-06-04,1889.800048828125,0.989111901082882
2021-06-07,1896.800048828125,0.3697252307318067
2021-06-08,1892.199951171875,-0.2428134028169905
2021-06-09,1893.199951171875,0.0528345775379396
2021-06-10,1894.199951171875,0.052806677352404
2021-06-11,1877.4000244140625,-0.8908706107218346
2021-06-14,1864.0,-0.7163137661542878
2021-06-15,1854.5,-0.5109598315890979
2021-06-16,1859.5,0.2692516435479313
2021-06-17,1773.800048828125,-4.718346889536021
2021-06-18,1767.9000244140625,-0.3331750148147224
2021-06-21,1781.800048828125,0.7831701368745038
2021-06-22,1776.300048828125,-0.309153999585223
2021-06-23,1782.300048828125,0.3372115731426366
2021-06-24,1775.5999755859375,-0.3766312215809984
2021-06-25,1776.5999755859375,0.0563031383459824
2021-06-28,1779.5999755859375,0.1687194619451928
2021-06-29,1762.800048828125,-0.9485124546020828
2021-06-30,1770.800048828125,0.4527967765016482
2021-07-01,1775.9000244140625,0.2875900975946144
2021-07-02,1782.5999755859375,0.3765608592876148
2021-07-06,1793.5,0.6096058971480818
2021-07-07,1801.5,0.4450633215810676
2021-07-08,1799.5999755859375,-0.1055246787513598
2021-07-09,1810.0,0.5762440859237031
2021-07-12,1805.5,-0.248928354235898
2021-07-13,1809.4000244140625,0.215775036703393
2021-07-14,1824.300048828125,0.8201066475030334
2021-07-15,1828.4000244140625,0.2244902250704893
2021-07-16,1814.5,-0.7631333157156481
2021-07-19,1808.699951171875,-0.3201619485910015
2021-07-20,1810.9000244140625,0.1215644561810343
2021-07-21,1802.9000244140625,-0.4427479639319777
2021-07-22,1805.0,0.116409867727575
2021-07-23,1801.4000244140625,-0.199643786451196
2021-07-26,1798.699951171875,-0.1499999314886413
2021-07-27,1799.5,0.0444693931502532
2021-07-28,1799.5,0.0
2021-07-29,1831.199951171875,1.7462614454720644
2021-07-30,1812.5999755859375,-1.0209197822209233
2021-08-02,1818.0999755859375,0.3029721145291703
2021-08-03,1810.0999755859375,-0.4409907432068376
2021-08-04,1810.5,0.022097134087597
2021-08-05,1805.0999755859375,-0.2987071836327344
2021-08-06,1760.0,-2.530216933717106
2021-08-09,1723.4000244140625,-2.101471106031171
2021-08-10,1728.800048828125,0.3128456464730998
2021-08-11,1750.4000244140625,1.2416792738750166
2021-08-12,1749.0,-0.0800151156764729
2021-08-13,1775.199951171875,1.4868869094078072
2021-08-16,1786.9000244140625,0.6569223434738158
2021-08-17,1785.0,-0.1063873333678957
2021-08-18,1781.5999755859375,-0.1906591974029464
2021-08-19,1780.199951171875,-0.0786133143328339
2021-08-20,1781.0,0.0449314193280051
2021-08-23,1803.199951171875,1.2387832917253414
2021-08-24,1805.5999755859375,0.1330095775109047
2021-08-25,1788.199951171875,-0.968343298654714
2021-08-26,1792.199951171875,0.2234388209844987
2021-08-27,1816.5999755859375,1.3522720423364638
2021-08-30,1809.0,-0.4192402233391228
2021-08-31,1815.0,0.3311261303656005
2021-09-01,1813.0999755859375,-0.1047393732558294
2021-09-02,1808.699951171875,-0.2429745799177946
2021-09-03,1830.9000244140625,1.219933438580362
2021-09-07,1795.9000244140625,-1.9301359933995133
2021-09-08,1790.699951171875,-0.2899725043928858
2021-09-09,1797.4000244140625,0.3734612232166218
2021-09-10,1789.5999755859375,-0.4349072273530769
2021-09-13,1792.0,0.1340197001145583
2021-09-14,1804.699951171875,0.7062031376286556
2021-09-15,1792.4000244140625,-0.6838828378296012
2021-09-16,1754.5999755859375,-2.1314620752901003
2021-09-17,1749.4000244140625,-0.2968010838533277
2021-09-20,1761.800048828125,0.7063155449170933
2021-09-21,1776.0,0.8027603161512307
2021-09-22,1776.699951171875,0.039403900726307
2021-09-23,1747.699951171875,-1.645707372556822
2021-09-24,1749.699951171875,0.1143706910193946
2021-09-27,1750.0,0.01714711735557
2021-09-28,1735.800048828125,-0.8147357577374787
2021-09-29,1721.5,-0.8272426561606493
2021-09-30,1755.300048828125,1.944380650125953
2021-10-01,1757.0,0.0967998907259091
2021-10-04,1766.199951171875,0.5222509201740211
2021-10-05,1759.5999755859375,-0.3743821789052619
2021-10-06,1760.5,0.0511362995322307
2021-10-07,1757.9000244140625,-0.1477930901064451
2021-10-08,1756.300048828125,-0.0910577464653637
2021-10-11,1754.5999755859375,-0.0968454449423833
2021-10-12,1758.300048828125,0.210656414060376
2021-10-13,1793.699951171875,1.9933037412385863
2021-10-14,1796.699951171875,0.1671123429011418
2021-10-15,1767.199951171875,-1.655527628627928
2021-10-18,1764.800048828125,-0.1358948308654003
2021-10-19,1769.699951171875,0.2772615918918185
2021-10-20,1784.0999755859375,0.8104059610460861
2021-10-21,1781.199951171875,-0.1626805661915245
2021-10-22,1795.5,0.799626763164088
2021-10-25,1806.0,0.5830920310793144
2021-10-26,1792.699951171875,-0.7391618953336281
2021-10-27,1797.9000244140625,0.2896494687865147
2021-10-28,1801.5999755859375,0.2055814682589186
2021-10-29,1783.0,-1.03778065309083
2021-11-01,1795.0999755859375,0.6763378213492534
2021-11-02,1788.699951171875,-0.3571645375540873
2021-11-03,1763.5999755859375,-1.4131911060620328
2021-11-04,1793.0,1.6533033964660988
2021-11-05,1816.4000244140625,1.2966339059569585
2021-11-08,1827.4000244140625,0.6037671259816749
2021-11-09,1830.199951171875,0.1531018877638389
2021-11-10,1847.5999755859375,0.9462262540359544
2021-11-11,1863.199951171875,0.840792702102006
2021-11-12,1867.9000244140625,0.2519404872046126
2021-11-15,1866.0999755859375,-0.0964139779091379
2021-11-16,1853.5999755859375,-0.6720997509486057
2021-11-17,1869.699951171875,0.8648283108735478
2021-11-18,1861.0,-0.4663986413490948
2021-11-19,1851.199951171875,-0.5279926579310966
2021-11-22,1806.0,-2.471959608600904
2021-11-23,1783.5,-1.2536729177984571
2021-11-24,1784.0999755859375,0.0336346897465865
2021-11-26,1785.300048828125,0.0672422972598872
2021-11-29,1782.300048828125,-0.168180324307445
2021-11-30,1773.5999755859375,-0.4893326889093419
2021-12-01,1781.5999755859375,0.450045770286688
2021-12-02,1760.699951171875,-1.1800393739534871
2021-12-03,1782.0,1.2024899530579427
2021-12-06,1777.5,-0.2528446353358637
2021-12-07,1782.5999755859375,0.2865076323460483
2021-12-08,1783.4000244140625,0.0448709389539227
2021-12-09,1774.5999755859375,-0.4946636746660119
2021-12-10,1782.9000244140625,0.4666234090444804
2021-12-13,1786.300048828125,0.1905203055442121
2021-12-14,1770.4000244140625,-0.8940945262643641
2021-12-15,1762.5999755859375,-0.441554571258348
2021-12-16,1796.5999755859375,1.9105998391674384
2021-12-17,1803.800048828125,0.3999601595126615
2021-12-20,1793.699951171875,-0.5615079468241749
2021-12-21,1787.9000244140625,-0.3238737920019526
2021-12-22,1801.5999755859375,0.7633384981113344
2021-12-23,1811.199951171875,0.5314436655823481
2021-12-27,1808.0999755859375,-0.1713025395370446
2021-12-28,1810.199951171875,0.1160752764684258
2021-12-29,1805.0999755859375,-0.2821331049817314
2021-12-30,1812.699951171875,0.4201441162821636
2021-12-31,1827.5,0.813149309174338
2022-01-03,1799.4000244140625,-1.5495623073024625
2022-01-04,1814.0,0.808106212417286
2022-01-05,1824.5999755859375,0.5826419855790741
2022-01-06,1788.699951171875,-1.987169982978052
2022-01-07,1797.0,0.4629536082466822
2022-01-10,1798.4000244140625,0.0778786491247944
2022-01-11,1818.5999755859375,1.1169566592358682
2022-01-12,1827.199951171875,0.4717752871602086
2022-01-13,1821.199951171875,-0.3289116089103577
2022-01-14,1816.5,-0.2584024988407494
2022-01-18,1812.300048828125,-0.2314788905823573
2022-01-19,1843.0999755859375,1.6852139555948644
2022-01-20,1842.5,-0.0325578247890016
2022-01-21,1831.800048828125,-0.582422843878814
2022-01-24,1841.699951171875,0.5389914964327386
2022-01-25,1852.699951171875,0.5954976611818967
2022-01-26,1829.9000244140625,-1.238267432546163
2022-01-27,1793.300048828125,-2.020380869292505
2022-01-28,1784.9000244140625,-0.4695120268889005
2022-01-31,1795.0,0.5642617008805025
2022-02-01,1800.300048828125,0.2948322863412962
2022-02-02,1809.199951171875,0.4931386829102127
2022-02-03,1803.0,-0.3432787411577058
2022-02-04,1806.5999755859375,0.1994667998608321
2022-02-07,1820.5999755859375,0.7719491459363493
2022-02-08,1826.5999755859375,0.3290198230438897
2022-02-09,1835.199951171875,0.4697138876945367
2022-02-10,1836.199951171875,0.0544751348983387
2022-02-11,1840.800048828125,0.2502094128990784
2022-02-14,1868.0,1.4668053542140462
2022-02-15,1854.800048828125,-0.7091439946204802
2022-02-16,1870.199951171875,0.8268451050258554
2022-02-17,1900.699951171875,1.6176862774401284
2022-02-18,1898.5999755859375,-0.1105454078526501
2022-02-22,1906.0999755859375,0.3942497337925904
2022-02-23,1909.199951171875,0.1625023629923595
2022-02-24,1925.0999755859375,0.8293621186042541
2022-02-25,1886.5,-2.025464133824304
2022-02-28,1899.4000244140625,0.6814799258052393
2022-03-01,1942.4000244140625,2.2386274771780386
2022-03-02,1920.9000244140625,-1.1130495531632012
2022-03-03,1934.4000244140625,0.7003374578962224
2022-03-04,1965.0999755859375,1.5745908688366237
2022-03-07,1993.9000244140625,1.4549409887335825
2022-03-08,2040.0999755859375,2.2906282220362195
2022-03-09,1985.9000244140625,-2.6926590113771605
2022-03-10,1998.0999755859375,0.612449262362708
2022-03-11,1982.699951171875,-0.7737189270018214
2022-03-14,1959.5999755859375,-1.1719169211706966
2022-03-15,1928.5,-1.5997859657440228
2022-03-16,1908.0,-1.0686925640050688
2022-03-17,1942.0999755859375,1.7714276252213117
2022-03-18,1928.199951171875,-0.7182949353329487
2022-03-21,1928.5999755859375,0.0207438510212298
2022-03-22,1920.699951171875,-0.4104660928568712
2022-03-23,1936.5999755859375,0.8244168082008863
2022-03-24,1961.5999755859375,1.2826608725129676
2022-03-25,1953.800048828125,-0.3984235085692961
2022-03-28,1939.5999755859375,-0.7294465566171339
2022-03-29,1912.0,-1.4331939032686958
2022-03-30,1933.5,1.1182017436005276
2022-03-31,1949.199951171875,0.8087174871657851
2022-04-01,1919.0999755859375,-1.5562693516428947
2022-04-04,1929.199951171875,0.5249070482197902
2022-04-05,1922.9000244140625,-0.3270908031756635
2022-04-06,1918.4000244140625,-0.2342957853509499
2022-04-07,1933.800048828125,0.7995486299766241
2022-04-08,1941.5999755859375,0.4025358538914993
2022-04-11,1944.300048828125,0.1389677377058783
2022-04-12,1972.0999755859375,1.4196912221042413
2022-04-13,1981.0,0.4502815262256247
2022-04-14,1970.9000244140625,-0.511146411283638
2022-04-18,1982.9000244140625,0.6070128331346492
2022-04-19,1955.699951171875,-1.3812271285541398
2022-04-20,1952.300048828125,-0.1739970932198888
2022-04-21,1944.9000244140625,-0.3797615297398564
2022-04-22,1931.0,-0.7172570973407727
2022-04-25,1893.199951171875,-1.9769510187740744
2022-04-26,1901.4000244140625,0.4321976524201849
2022-04-27,1885.9000244140625,-0.8185296301079753
2022-04-28,1888.699951171875,0.1483562385135167
2022-04-29,1909.300048828125,1.0847972444223457
2022-05-02,1861.800048828125,-2.519292038456543
2022-05-03,1868.800048828125,0.3752751853282157
2022-05-04,1867.0,-0.0963675220248398
2022-05-05,1874.0,0.3742319256644968
2022-05-06,1881.199951171875,0.3834661316685816
2022-05-09,1857.0999755859375,-1.2893727062383076
2022-05-10,1839.9000244140625,-0.930488248338918
2022-05-11,1852.5999755859375,0.687880907237624
2022-05-12,1823.800048828125,-1.5667781369351497
2022-05-13,1807.4000244140625,-0.9032901296614636
2022-05-16,1813.5,0.3369317747265814
2022-05-17,1818.199951171875,0.2588294109600255
2022-05-18,1815.9000244140625,-0.126574782219881
2022-05-19,1841.199951171875,1.3836280412998598
2022-05-20,1841.800048828125,0.0325874374998852
2022-05-23,1847.800048828125,0.3252387863293797
2022-05-24,1865.0999755859375,0.9318889191803466
2022-05-25,1846.199951171875,-1.018521174530886
2022-05-26,1847.4000244140625,0.0649812265728785
2022-05-27,1851.300048828125,0.2108862996304606
2022-05-31,1842.699951171875,-0.4656260527504244
2022-06-01,1843.300048828125,0.03256091489701
2022-06-02,1866.5,1.25075493629948
2022-06-03,1845.4000244140625,-1.1368949980497234
2022-06-06,1839.199951171875,-0.3365401473737211
2022-06-07,1847.5,0.4502705921952787
2022-06-08,1851.9000244140625,0.2378778428853912
2022-06-09,1848.800048828125,-0.1675345880327806
2022-06-10,1871.5,1.2203441973600668
2022-06-13,1828.0,-2.3517775330388337
2022-06-14,1809.5,-1.017190901029815
2022-06-15,1815.300048828125,0.320020619069026
2022-06-16,1845.699951171875,1.6607812663686532
2022-06-17,1835.5999755859375,-0.548719263781298
2022-06-21,1834.5999755859375,-0.0544929452372955
2022-06-22,1834.300048828125,-0.0163496828196325
2022-06-23,1825.699951171875,-0.4699515565206117
2022-06-24,1826.5,0.0438118860751701
2022-06-27,1820.9000244140625,-0.3070669489849738
2022-06-28,1817.5,-0.1868967337812985
2022-06-29,1813.699951171875,-0.2092999706128299
2022-06-30,1804.0999755859375,-0.5307091775332891
2022-07-01,1798.9000244140625,-0.2886458385911064
2022-07-05,1761.800048828125,-2.083933914969923
2022-07-06,1734.9000244140625,-1.5386252486003975
2022-07-07,1737.9000244140625,0.1727712914113938
2022-07-08,1740.5999755859375,0.1552365510466428
2022-07-11,1730.0,-0.6108458837354838
2022-07-12,1723.300048828125,-0.3880322870210738
2022-07-13,1734.199951171875,0.630509816545164
2022-07-14,1704.5,-1.7274371209107784
2022-07-15,1702.4000244140625,-0.123277808966547
2022-07-18,1709.199951171875,0.3986361713753098
2022-07-19,1710.0,0.0467974294660195
2022-07-20,1699.5,-0.6159280360534849
2022-07-21,1712.699951171875,0.7736953992708003
2022-07-22,1727.0999755859375,0.8372643085123986
2022-07-25,1719.0,-0.4700960831153482
2022-07-26,1717.699951171875,-0.0756568166326809
2022-07-27,1719.0999755859375,0.0814725629271884
2022-07-28,1750.300048828125,1.7986345847998488
2022-07-29,1762.9000244140625,0.7172964446712138
2022-08-01,1769.0,0.3454221019280375
2022-08-02,1771.0999755859375,0.1186393518112395
2022-08-03,1758.0,-0.7424009432775246
2022-08-04,1788.5,1.7200480453950031
2022-08-05,1772.9000244140625,-0.8760642024044224
2022-08-08,1786.800048828125,0.7809700130070115
2022-08-09,1794.0,0.4021425813643075
2022-08-10,1795.5999755859375,0.0891450692431341
2022-08-11,1789.699951171875,-0.3291233570665182
2022-08-12,1798.5999755859375,0.4960590165981755
2022-08-15,1781.4000244140625,-0.9608985203734186
2022-08-16,1773.199951171875,-0.4613789368584541
2022-08-17,1760.300048828125,-0.7301519543719817
2022-08-18,1755.300048828125,-0.2844466510612898
2022-08-19,1747.5999755859375,-0.439640617260913
2022-08-22,1734.0,-0.781252576674173
2022-08-23,1746.800048828125,0.7354692223817935
2022-08-24,1747.800048828125,0.05723115660449
2022-08-25,1757.699951171875,0.5648226308946638
2022-08-26,1736.0999755859375,-1.2364904253983926
2022-08-29,1736.5999755859375,0.0287960382690787
2022-08-30,1723.199951171875,-0.7746165501607033
2022-08-31,1712.800048828125,-0.6053512283144236
2022-09-01,1696.5999755859375,-0.9503252799611196
2022-09-02,1709.800048828125,0.7750199166291071
2022-09-06,1700.4000244140625,-0.5512901307462207
2022-09-07,1715.300048828125,0.872448903953951
2022-09-08,1708.0,-0.4264925533494193
2022-09-09,1716.199951171875,0.4789420573202699
2022-09-12,1728.0999755859375,0.6910009010537226
2022-09-13,1705.0,-1.3457414214637988
2022-09-14,1696.5,-0.4997805493332345
2022-09-15,1665.4000244140625,-1.8501955762987212
2022-09-16,1671.699951171875,0.3775694038622129
2022-09-19,1666.199951171875,-0.3295488264191871
2022-09-20,1659.699951171875,-0.3908721528905304
2022-09-21,1664.5999755859375,0.2948005938547933
2022-09-22,1670.800048828125,0.371774320204775
2022-09-23,1645.300048828125,-1.5379814777475904
2022-09-26,1623.300048828125,-1.3461623673598822
2022-09-27,1626.699951171875,0.2092248359388765
2022-09-28,1660.4000244140625,2.050515912687473
2022-09-29,1658.5,-0.1144972495499932
2022-09-30,1662.4000244140625,0.2348776643889567
2022-10-03,1692.9000244140625,1.818069303365146
2022-10-04,1721.0999755859375,1.6520558026136456
2022-10-05,1711.4000244140625,-0.5651843841279974
2022-10-06,1711.699951171875,0.0175236926013852
2022-10-07,1700.5,-0.6564674728268203
2022-10-10,1667.300048828125,-1.971674459509101
2022-10-11,1678.699951171875,0.6814074389340838
2022-10-12,1670.300048828125,-0.5016375012451831
2022-10-13,1670.0,-0.0179653818247406
2022-10-14,1641.699951171875,-1.709136585274509
2022-10-17,1657.0,0.9276477868507262
2022-10-18,1649.0,-0.4839694866963967
2022-10-19,1627.5,-1.3123948476874547
2022-10-20,1630.800048828125,0.202562680358335
2022-10-21,1651.0,1.2310443033820329
2022-10-24,1648.699951171875,-0.1394095969132569
2022-10-25,1652.800048828125,0.248377995704809
2022-10-26,1664.0,0.6753493473110318
2022-10-27,1660.699951171875,-0.1985171570581598
2022-10-28,1639.5999755859375,-1.2786876070645194
2022-10-31,1635.9000244140625,-0.2259168215868315
2022-11-01,1645.0,0.5547257675413403
2022-11-02,1645.699951171875,0.0425411731739275
2022-11-03,1627.300048828125,-1.1243566259035889
2022-11-04,1672.5,2.739728333020796
2022-11-07,1676.5,0.2388773903899663
2022-11-08,1712.0999755859375,2.101238604477114
2022-11-09,1710.0999755859375,-0.1168838908441028
2022-11-10,1750.300048828125,2.3235395651179536
2022-11-11,1766.0,0.8929872470112414
2022-11-14,1773.5999755859375,0.4294263372937782
2022-11-15,1773.800048828125,0.0112799932921394
2022-11-16,1773.0,-0.0451138395556645
2022-11-17,1760.800048828125,-0.6904748131308381
2022-11-18,1751.9000244140625,-0.5067351765360675
2022-11-21,1737.4000244140625,-0.8311170299651035
2022-11-22,1738.300048828125,0.0517895339191129
2022-11-23,1744.9000244140625,0.3789609178773784
2022-11-25,1753.300048828125,0.4802492929499426
2022-11-28,1740.0999755859375,-0.7557185534083681
2022-11-29,1748.4000244140625,0.4758529161550502
2022-11-30,1746.0,-0.1373640553271435
2022-12-01,1801.0999755859375,3.10701183883798
2022-12-02,1795.9000244140625,-0.2891273168903714
2022-12-05,1767.4000244140625,-1.599674872157291
2022-12-06,1769.300048828125,0.107446181893161
2022-12-07,1785.5,0.9114472318120768
2022-12-08,1788.699951171875,0.1790583666589115
2022-12-09,1798.0999755859375,0.5241466558799576
2022-12-12,1780.5,-0.9836314542059352
2022-12-13,1813.9000244140625,1.858501310552256
2022-12-14,1807.5,-0.3534561790435275
2022-12-15,1777.199951171875,-1.69056104459163
2022-12-16,1790.0,0.7176555247797316
2022-12-19,1787.699951171875,-0.1285769727135674
2022-12-20,1815.9000244140625,1.5651375902693578
2022-12-21,1815.9000244140625,0.0
2022-12-22,1787.0,-1.6042989850930471
2022-12-23,1795.9000244140625,0.4968066459595485
2022-12-27,1814.800048828125,1.046899307629785
2022-12-28,1807.9000244140625,-0.3809331503252695
2022-12-29,1819.5,0.6395773860145689
2022-12-30,1819.699951171875,0.010988743391904
2023-01-03,1839.699951171875,1.0930862804251935
2023-01-04,1852.800048828125,0.7095546441984838
2023-01-05,1834.800048828125,-0.976252439712064
2023-01-06,1864.199951171875,1.589647009927115
2023-01-09,1872.699951171875,0.4549233258291232
2023-01-10,1871.5999755859375,-0.0587546745238274
2023-01-11,1874.5999755859375,0.1601623341199926
2023-01-12,1895.5,1.108736566761589
2023-01-13,1918.4000244140625,1.2008862043122857
2023-01-17,1907.199951171875,-0.5855345730477272
2023-01-18,1904.4000244140625,-0.1469161128852995
2023-01-19,1922.0999755859375,0.9251314471138228
2023-01-20,1926.4000244140625,0.2234663176594187
2023-01-23,1927.0999755859375,0.0363280747150776
2023-01-24,1933.9000244140625,0.3522432457450443
2023-01-25,1941.199951171875,0.3767611384967313
2023-01-26,1929.0999755859375,-0.6252753139314502
2023-01-27,1928.5999755859375,-0.0259221820840704
2023-01-30,1922.9000244140625,-0.2959862564306045
2023-01-31,1929.5,0.3426426124651446
2023-02-01,1927.800048828125,-0.0881420299387641
2023-02-02,1916.300048828125,-0.5983212723418652
2023-02-03,1862.9000244140625,-2.826184255379748
2023-02-06,1866.199951171875,0.1769825234386303
2023-02-07,1871.699951171875,0.2942831061813177
2023-02-08,1877.4000244140625,0.3040771209810025
2023-02-09,1866.199951171875,-0.5983602271623308
2023-02-10,1862.800048828125,-0.1823493315013401
2023-02-13,1851.9000244140625,-0.5868606069231898
2023-02-14,1854.0,0.1133314874589582
2023-02-15,1834.199951171875,-1.07370746218953
2023-02-16,1842.0,0.4243545311346954
2023-02-17,1840.4000244140625,-0.0868985268310338
2023-02-21,1833.0,-0.402898370723679
2023-02-22,1832.0,-0.0545702605629464
2023-02-23,1818.0,-0.767127049665148
2023-02-24,1808.800048828125,-0.5073326778902653
2023-02-27,1817.0,0.4523120437649741
2023-02-28,1828.9000244140625,0.6527917163400628
2023-03-01,1837.699951171875,0.4800056571569328
2023-03-02,1833.5,-0.2288054619760342
2023-03-03,1847.699951171875,0.7714887423290702
2023-03-06,1847.9000244140625,0.0108276460496213
2023-03-07,1813.9000244140625,-1.85706355718125
2023-03-08,1812.699951171875,-0.0661817291164826
2023-03-09,1829.300048828125,0.9115987157307688
2023-03-10,1862.0,1.7717772147514534
2023-03-13,1911.699951171875,2.6341694156230084
2023-03-14,1906.199951171875,-0.2881167105143215
2023-03-15,1926.5999755859375,1.0645072763326822
2023-03-16,1919.0,-0.3952561643726087
2023-03-17,1969.800048828125,2.6127822516268666
2023-03-20,1979.199951171875,0.4760658443617601
2023-03-21,1938.0,-2.103618451687445
2023-03-22,1946.800048828125,0.4530510589810312
2023-03-23,1993.800048828125,2.3855366038062704
2023-03-24,1982.0999755859375,-0.5885513691905921
2023-03-27,1952.4000244140625,-1.5097478869044785
2023-03-28,1972.4000244140625,1.0191690210182351
2023-03-29,1966.0999755859375,-0.3199215031879452
2023-03-30,1980.300048828125,0.7196500323830661
2023-03-31,1969.0,-0.5722573380642285
2023-04-03,1983.9000244140625,0.7538817015696077
2023-04-04,2022.199951171875,1.9121386856435452
2023-04-05,2020.9000244140625,-0.0643034706267317
2023-04-06,2011.9000244140625,-0.4463407474970126
2023-04-10,1989.0999755859375,-1.1397298492928634
2023-04-11,2004.800048828125,0.7862066660321816
2023-04-12,2010.9000244140625,0.3038065675472636
2023-04-13,2041.300048828125,1.5004488526765063
2023-04-14,2002.199951171875,-1.9340332101503832
2023-04-17,1994.199951171875,-0.4003608688523414
2023-04-18,2007.4000244140625,0.6597421632108531
2023-04-19,1995.199951171875,-0.6096093088757149
2023-04-20,2007.5999755859375,0.6195695166983959
2023-04-21,1979.5,-1.4095679073773075
2023-04-24,1989.0999755859375,0.4837975290905525
2023-04-25,1994.0,0.2460408684692785
2023-04-26,1985.699951171875,-0.4171199318677286
2023-04-27,1989.9000244140625,0.2112926265503246
2023-04-28,1990.0999755859375,0.0100477975901019
2023-05-01,1983.4000244140625,-0.3372320383288464
2023-05-02,2014.300048828125,1.5459208663897124
2023-05-03,2028.5999755859375,0.7074123181844181
2023-05-04,2048.0,0.9517819252434988
2023-05-05,2017.4000244140625,-1.50541414369174
2023-05-08,2026.300048828125,0.440192824598679
2023-05-09,2036.199951171875,0.4873807724603167
2023-05-10,2030.5,-0.2803233566718522
2023-05-11,2014.699951171875,-0.7811791440417504
2023-05-12,2014.5,-0.0099251054533082
2023-05-15,2018.0,0.1735896282152275
2023-05-16,1988.4000244140625,-1.4776614414791789
2023-05-17,1980.699951171875,-0.3880014587498261
2023-05-18,1956.5,-1.2293130260797065
2023-05-19,1978.699951171875,1.1282876071055623
2023-05-22,1974.800048828125,-0.1972886611210169
2023-05-23,1972.4000244140625,-0.1216064382496189
2023-05-24,1962.800048828125,-0.4879037635297988
2023-05-25,1943.0999755859375,-1.0087426800028507
2023-05-26,1944.0999755859375,0.0514509176076067
2023-05-30,1958.0,0.7124411621889729
2023-05-31,1963.9000244140625,0.3008760462139833
2023-06-01,1978.0,0.7153928630061794
2023-06-02,1952.4000244140625,-1.3026835665023309
2023-06-05,1958.0,0.2864146572821607
2023-06-06,1965.5,0.3823121771459306
2023-06-07,1942.699951171875,-1.1667932951336448
2023-06-08,1963.5999755859375,1.0700777840001092
2023-06-09,1962.199951171875,-0.0713242905666815
2023-06-12,1955.300048828125,-0.3522608540493114
2023-06-13,1944.5999755859375,-0.5487371483662417
2023-06-14,1955.300048828125,0.5487371483662364
2023-06-15,1957.800048828125,0.1277759463212647
2023-06-16,1958.4000244140625,0.0306407016705376
2023-06-20,1935.5,-1.1762134766634988
2023-06-21,1933.300048828125,-0.1137278422884502
2023-06-22,1912.699951171875,-1.071258172670636
2023-06-23,1919.0999755859375,0.3340482534468814
2023-06-26,1923.699951171875,0.2394076127153564
2023-06-27,1914.0,-0.5055096516834761
2023-06-28,1912.300048828125,-0.0888561410255391
2023-06-29,1909.199951171875,-0.1622451046078489
2023-06-30,1921.0999755859375,0.6213645369454395
2023-07-03,1921.699951171875,0.0312259603543151
2023-07-05,1919.5999755859375,-0.1093367263780203
2023-07-06,1908.699951171875,-0.5694461811811972
2023-07-07,1926.199951171875,0.9126768323334932
2023-07-10,1925.0,-0.0623157055421522
2023-07-11,1931.300048828125,0.3267408839185718
2023-07-12,1956.199951171875,1.2810414334619995
2023-07-13,1959.199951171875,0.1532410819786124
2023-07-14,1960.0999755859375,0.0459278160234018
2023-07-17,1952.4000244140625,-0.3936082358076451
2023-07-18,1977.199951171875,1.2622280219577664
2023-07-19,1977.5,0.0151742904597291
2023-07-20,1968.300048828125,-0.4663169815610156
2023-07-21,1964.300048828125,-0.2034278228194697
2023-07-24,1960.300048828125,-0.2038424953129538
2023-07-25,1962.0999755859375,0.0917768138358643
2023-07-26,1968.9000244140625,0.3459707764402434
2023-07-27,1945.4000244140625,-1.2007399562659369
2023-07-28,1960.4000244140625,0.7680922504028945
2023-07-31,1970.5,0.5138771146053185
2023-08-01,1940.699951171875,-1.5238610077067491
2023-08-02,1937.4000244140625,-0.1701826964249552
2023-08-03,1932.0,-0.2791144821277962
2023-08-04,1939.5999755859375,0.3926017871570145
2023-08-07,1933.5,-0.3149921596681774
2023-08-08,1924.0999755859375,-0.4873518808943379
2023-08-09,1915.4000244140625,-0.4531822404694159
2023-08-10,1914.4000244140625,-0.0522220486697309
2023-08-11,1912.9000244140625,-0.0783842425555493
2023-08-14,1910.5999755859375,-0.1203111863770946
2023-08-15,1902.5,-0.424850532184941
2023-08-16,1896.0999755859375,-0.3369678571619132
2023-08-17,1884.0999755859375,-0.634889183821112
2023-08-18,1886.0999755859375,0.1060951786910589
2023-08-21,1893.300048828125,0.3810171935338446
2023-08-22,1896.4000244140625,0.1636000853602539
2023-08-23,1918.5,1.1586265785144558
2023-08-24,1918.199951171875,-0.0156409848335913
2023-08-25,1911.0999755859375,-0.3708241118610018
2023-08-28,1917.9000244140625,0.3551870450310163
2023-08-29,1936.5,0.9651369784435556
2023-08-30,1944.300048828125,0.4019820260445598
2023-08-31,1938.199951171875,-0.3142358107314131
2023-09-01,1939.800048828125,0.082521802323536
2023-09-05,1926.199951171875,-0.703577535386759
2023-09-06,1918.0999755859375,-0.4214024777917077
2023-09-07,1917.5,-0.0312845757977861
2023-09-08,1918.4000244140625,0.0469263758101142
2023-09-11,1923.300048828125,0.2550968049488467
2023-09-12,1911.300048828125,-0.6258821711373876
2023-09-13,1909.0999755859375,-0.1151750325271196
2023-09-14,1910.0,0.0471328028319684
2023-09-15,1923.699951171875,0.714714748905865
2023-09-18,1931.5,0.4046513576601789
2023-09-19,1932.0,0.0258832666127204
2023-09-20,1945.5999755859375,0.7014664451038297
2023-09-21,1919.199951171875,-1.3661993139932882
2023-09-22,1925.4000244140625,0.3225343940292486
2023-09-25,1916.5999755859375,-0.4580980852414224
2023-09-26,1900.4000244140625,-0.8488367011878772
2023-09-27,1871.5999755859375,-1.5270736211994371
2023-09-28,1860.4000244140625,-0.6002135474614082
2023-09-29,1848.0999755859375,-0.6633460391607215
2023-10-02,1830.0,-0.9842104245885984
2023-10-03,1824.5999755859375,-0.2955195304593961
2023-10-04,1818.5,-0.3348786103828984
2023-10-05,1816.5999755859375,-0.1045376798357328
2023-10-06,1830.199951171875,0.7458615173471331
2023-10-09,1849.5,1.049010847035107
2023-10-10,1861.0,0.6198645369741984
2023-10-11,1872.800048828125,0.6320685606708135
2023-10-12,1869.300048828125,-0.1870607909598343
2023-10-13,1927.4000244140625,3.060790174466398
2023-10-16,1921.0999755859375,-0.3274031158004244
2023-10-17,1922.699951171875,0.0832496856667774
2023-10-18,1955.300048828125,1.6813236521731816
2023-10-19,1968.4000244140625,0.6677383090401854
2023-10-20,1982.5,0.7137632114181282
2023-10-23,1976.300048828125,-0.3132240155776103
2023-10-24,1975.0,-0.0658036018004734
2023-10-25,1984.0999755859375,0.4597000160347398
2023-10-26,1987.199951171875,0.1561189672270591
2023-10-27,1988.5999755859375,0.0704273101122533
2023-10-30,1996.199951171875,0.3814487522985262
2023-10-31,1985.199951171875,-0.5525708674736282
2023-11-01,1978.800048828125,-0.3229015088034683
2023-11-02,1985.5999755859375,0.3430498125606122
2023-11-03,1991.5,0.2967000466915511
2023-11-06,1981.5999755859375,-0.4983536766927965
2023-11-07,1966.800048828125,-0.7496705490809967
2023-11-08,1951.5,-0.7809573743291399
2023-11-09,1964.199951171875,0.6486705243964606
2023-11-10,1932.5999755859375,-1.621877893218127
2023-11-13,1945.5,0.6652779492155402
2023-11-14,1961.800048828125,0.8343430595057661
2023-11-15,1960.0999755859375,-0.086696414395553
2023-11-16,1983.9000244140625,1.2069136779111171
2023-11-17,1981.5999755859375,-0.1160029800050582
2023-11-20,1977.699951171875,-0.1970058216140758
2023-11-21,1999.300048828125,1.0862615061766792
2023-11-22,1991.4000244140625,-0.395922248666503
2023-11-24,2002.199951171875,0.5408630384414501
2023-11-27,2011.800048828125,0.4783316372955455
2023-11-28,2039.699951171875,1.3772846290545528
2023-11-29,2047.0999755859375,0.3621431258758112
2023-11-30,2038.0999755859375,-0.4406156206906349
2023-12-01,2071.0,1.6013593082084947
2023-12-04,2024.0999755859375,-2.2906437155782733
2023-12-05,2018.5,-0.2770483946805913
2023-12-06,2030.5,0.5927406833356961
2023-12-07,2029.9000244140625,-0.0295525360406161
2023-12-08,1998.300048828125,-1.568969924387106
2023-12-11,1978.0,-1.021061033941788
2023-12-12,1977.800048828125,-0.010109265866683
2023-12-13,1982.300048828125,0.227267080423067
2023-12-14,2030.199951171875,2.38764749712153
2023-12-15,2021.0999755859375,-0.4492380744304142
2023-12-18,2026.300048828125,0.2569588413335528
2023-12-19,2038.4000244140625,0.5953704386447858
2023-12-20,2034.5,-0.191510991317096
2023-12-21,2039.0999755859375,0.2258433605997732
2023-12-22,2057.10009765625,0.8788749383462259
2023-12-26,2058.199951171875,0.0534519247083802
2023-12-27,2081.89990234375,1.1449100696166308
2023-12-28,2073.89990234375,-0.3850045843342173
2023-12-29,2062.39990234375,-0.5560539696971308
2024-01-02,2064.39990234375,0.096927413552285
2024-01-03,2034.199951171875,-1.4736982781769346
2024-01-04,2042.300048828125,0.3974050443617223
2024-01-05,2042.4000244140625,0.0048951249376952
2024-01-08,2026.5999755859375,-0.7766098913480239
2024-01-09,2026.4000244140625,-0.0098668231945362
2024-01-10,2021.699951171875,-0.2322114267195562
2024-01-11,2014.300048828125,-0.3666952743148285
2024-01-12,2046.699951171875,1.5956951403282442
2024-01-16,2026.0,-1.0165310319773104
2024-01-17,2002.5999755859375,-1.161708172610901
2024-01-18,2018.5999755859375,0.7957865627687473
2024-01-19,2026.5,0.3905977358156148
2024-01-22,2019.800048828125,-0.3311646301174294
2024-01-23,2023.699951171875,0.1928974182280517
2024-01-24,2013.9000244140625,-0.4854342213876016
2024-01-25,2016.9000244140625,0.148853851225342
2024-01-26,2016.800048828125,-0.0049570163444326
2024-01-29,2025.199951171875,0.4156315901078261
2024-01-30,2031.5,0.3105999442300761
2024-01-31,2048.39990234375,0.8284516486208303
2024-02-01,2053.0,0.2243185104943779
2024-02-02,2036.0999755859375,-0.8265936631712222
2024-02-05,2025.699951171875,-0.5120905671782916
2024-02-06,2034.5,0.4334792726306237
2024-02-07,2035.199951171875,0.0343981712251408
2024-02-08,2032.199951171875,-0.1475144129439514
2024-02-09,2023.300048828125,-0.4389060106493958
2024-02-12,2018.199951171875,-0.2523865081532603
2024-02-13,1992.9000244140625,-1.2615124246704408
2024-02-14,1990.300048828125,-0.1305470931603462
2024-02-15,2002.0999755859375,0.5911211825204105
2024-02-16,2011.5,0.4684094906416617
2024-02-20,2027.5,0.7922794599725028
2024-02-21,2022.300048828125,-0.2568005317217988
2024-02-22,2019.699951171875,-0.128654033393718
2024-02-23,2038.5999755859375,0.9314324420003008
2024-02-26,2028.5,-0.4966682111913958
2024-02-27,2034.0,0.2707693962003279
2024-02-28,2033.0,-0.0491762980158615
2024-02-29,2045.699951171875,0.6227470697706523
2024-03-01,2086.89990234375,1.9939659139843433
2024-03-04,2117.699951171875,1.4650906546489963
2024-03-05,2133.5,0.7433252615668022
2024-03-06,2150.300048828125,0.784356635087546
2024-03-07,2158.0,0.3574476839149819
2024-03-08,2178.60009765625,0.9500646655496024
2024-03-11,2182.5,0.1788495240181465
2024-03-12,2160.39990234375,-1.0177664197878151
2024-03-13,2175.39990234375,0.6919166252700285
2024-03-14,2163.0,-0.571636381552069
2024-03-15,2157.300048828125,-0.2638684542595182
2024-03-18,2160.699951171875,0.1574758242870781
2024-03-19,2156.300048828125,-0.2038408092312079
2024-03-20,2157.89990234375,0.0741668725171895
2024-03-21,2182.39990234375,1.128966261576579
2024-03-22,2158.10009765625,-1.1196893703511956
2024-03-25,2174.800048828125,0.7708478525094481
2024-03-26,2175.60009765625,0.0367804712304893
2024-03-27,2190.60009765625,0.6870990033479146
2024-03-28,2217.39990234375,1.215977082804257
2024-04-01,2236.5,0.8576849575533693
2024-04-02,2261.0,1.089504940506698
2024-04-03,2294.39990234375,1.4664135564459966
2024-04-04,2288.800048828125,-0.2443644773025144
2024-04-05,2325.699951171875,1.5993363911782323
2024-04-08,2331.699951171875,0.2576546332762105
2024-04-09,2343.5,0.5047944048811654
2024-04-10,2329.60009765625,-0.5948917440644637
2024-04-11,2354.800048828125,1.075919796756191
2024-04-12,2356.199951171875,0.0594312199089228
2024-04-15,2365.800048828125,0.406612066202905
2024-04-16,2390.800048828125,1.0511806622644015
2024-04-17,2371.699951171875,-0.802108139040866
2024-04-18,2382.300048828125,0.4459451082454631
2024-04-19,2398.39990234375,0.6735379565596977
2024-04-22,2332.199951171875,-2.7989800481359612
2024-04-23,2327.699951171875,-0.1931372558694458
2024-04-24,2324.5,-0.1375672460389939
2024-04-25,2329.800048828125,0.2277485793112752
2024-04-26,2334.800048828125,0.2143807319077468
2024-04-29,2345.39990234375,0.4529666146779776
2024-04-30,2291.39990234375,-2.329297954868033
2024-05-01,2299.89990234375,0.3702659409149452
2024-05-02,2299.199951171875,-0.030438616232441
2024-05-03,2299.0,-0.0086969324572335
2024-05-06,2321.60009765625,0.978239943094232
2024-05-07,2315.199951171875,-0.2760589407145369
2024-05-08,2313.60009765625,-0.0691260612882343
2024-05-09,2332.10009765625,0.7964395898361993
2024-05-10,2367.300048828125,1.498089474872309
2024-05-13,2336.10009765625,-1.3267171767020014
2024-05-14,2353.39990234375,0.7378135479851928
2024-05-15,2388.699951171875,1.4888214910604234
2024-05-16,2380.0,-0.3648776779096939
2024-05-17,2412.199951171875,1.3438686241467437
2024-05-20,2433.89990234375,0.895569503877859
2024-05-21,2421.699951171875,-0.5025116242057949
2024-05-22,2389.199951171875,-1.351119128257647
2024-05-23,2335.0,-2.294667031813439
2024-05-24,2332.5,-0.1071237381498803
2024-05-28,2355.199951171875,0.96849750810076
2024-05-29,2340.300048828125,-0.6346481676084355
2024-05-30,2342.89990234375,0.1110289464388048
2024-05-31,2322.89990234375,-0.857307357068379
2024-06-03,2346.60009765625,1.015115058545777
2024-06-04,2325.5,-0.9032443941432378
2024-06-05,2354.10009765625,1.2223460620860391
2024-06-06,2370.300048828125,0.685801971176186
2024-06-07,2305.199951171875,-2.7849130615993234
2024-06-10,2307.699951171875,0.10839169709689
2024-06-11,2307.5,-0.0086648974742449
2024-06-12,2336.0,1.2275377571110555
2024-06-13,2300.199951171875,-1.5444010517410591
2024-06-14,2331.39990234375,1.3472849167638714
2024-06-17,2312.39990234375,-0.8182999621581656
2024-06-18,2330.39990234375,0.7753980763100304
2024-06-20,2353.800048828125,0.9991179448078678
2024-06-21,2316.39990234375,-1.6016849994939064
2024-06-24,2330.0,0.5854053366742159
2024-06-25,2316.60009765625,-0.576763190651134
2024-06-26,2299.199951171875,-0.7539420565480928
2024-06-27,2324.5,1.0943747042885628
2024-06-28,2327.699951171875,0.1375672460389905
2024-07-01,2327.60009765625,-0.004289885274544
2024-07-02,2323.0,-0.1978281967874755
2024-07-03,2359.800048828125,1.571743658704651
2024-07-05,2388.5,1.2088663472560883
2024-07-08,2355.199951171875,-1.403992502750996
2024-07-09,2360.10009765625,0.2078403578812869
2024-07-10,2372.199951171875,0.511374163037859
2024-07-11,2415.0,1.7881513074975277
2024-07-12,2414.0,-0.0414164429196259
2024-07-15,2422.89990234375,0.3680006850383179
2024-07-16,2462.39990234375,1.6171314917783013
2024-07-17,2454.800048828125,-0.309113301982428
2024-07-18,2451.800048828125,-0.1222842829709735
2024-07-19,2395.5,-2.323049125293214
2024-07-22,2392.0,-0.1462141252654495
2024-07-23,2404.60009765625,0.5253774082549602
2024-07-24,2413.300048828125,0.36115155414233
2024-07-25,2351.89990234375,-2.5771655108934746
2024-07-26,2380.0,1.1877017079959726
2024-07-29,2377.300048828125,-0.1135077221973772
2024-07-30,2405.0,1.1584493096314896
2024-07-31,2426.5,0.8899986305409351
2024-08-01,2435.0,0.3496866671419319
2024-08-02,2425.699951171875,-0.3826634135013617
2024-08-05,2401.699951171875,-0.994332279261066
2024-08-06,2389.10009765625,-0.5260032745343862
2024-08-07,2390.5,0.058578222243603
2024-08-08,2422.199951171875,1.3173648862206806
2024-08-09,2432.10009765625,0.4078923886462572
2024-08-12,2462.39990234375,1.2381322610815697
2024-08-13,2466.699951171875,0.1744760725796685
2024-08-14,2439.39990234375,-1.1129137775200022
2024-08-15,2453.10009765625,0.5600503269123788
2024-08-16,2498.60009765625,1.837804343675201
2024-08-19,2501.800048828125,0.1279878215723032
2024-08-20,2511.300048828125,0.3790074479647874
2024-08-21,2508.39990234375,-0.1155506040310699
2024-08-22,2478.89990234375,-1.18301867569216
2024-08-23,2508.39990234375,1.1830186756921703
2024-08-26,2517.699951171875,0.3700706198852698
2024-08-27,2516.0,-0.0675428115696949
2024-08-28,2501.0,-0.5979686942712076
2024-08-29,2525.699951171875,0.9827580801596992
2024-08-30,2493.800048828125,-1.2710561536922458
2024-09-03,2489.89990234375,-0.1565161353524096
2024-09-04,2493.39990234375,0.140469195620637
2024-09-05,2511.39990234375,0.7193125924703407
2024-09-06,2493.5,-0.7152981683501989
2024-09-09,2501.800048828125,0.332314631166116
2024-09-10,2512.300048828125,0.4188195346663044
2024-09-11,2512.10009765625,-0.0079592057221238
2024-09-12,2551.199951171875,1.5444721969289847
2024-09-13,2581.300048828125,1.1729349341314652
2024-09-16,2580.39990234375,-0.0348779085190971
2024-09-17,2564.300048828125,-0.625883189495714
2024-09-18,2570.699951171875,0.249266043134922
2024-09-19,2588.0,0.6707160271705417
2024-09-20,2619.89990234375,1.225073519220459
2024-09-23,2626.5,0.2516049581020544
2024-09-24,2651.199951171875,0.9360187860914404
2024-09-25,2659.199951171875,0.3012958044237874
2024-09-26,2669.89990234375,0.4015674633472966
2024-09-27,2644.300048828125,-0.963458348443632
2024-09-30,2636.10009765625,-0.3105809232568264
2024-10-01,2667.300048828125,1.176615388576509
2024-10-02,2647.10009765625,-0.7602005078805537
2024-10-03,2657.10009765625,0.3770601213994833
2024-10-04,2645.800048828125,-0.4261843753354774
2024-10-07,2644.800048828125,-0.0378028954542206
2024-10-08,2615.0,-1.133136902967098
2024-10-09,2606.0,-0.3447618814232795
2024-10-10,2620.60009765625,0.558685775053781
2024-10-11,2657.60009765625,1.4020160169731888
2024-10-14,2647.800048828125,-0.3694371660486623
2024-10-15,2661.39990234375,0.512313847150435
2024-10-16,2674.0,0.4723215245810717
2024-10-17,2691.0,0.6337393065017404
2024-10-18,2713.699951171875,0.840012761358353
2024-10-21,2723.10009765625,0.3457973722361968
2024-10-22,2744.199951171875,0.7718602631013913
2024-10-23,2714.39990234375,-1.091867720094922
2024-10-24,2734.89990234375,0.7523937915991553
2024-10-25,2740.89990234375,0.2191461563702766
2024-10-28,2742.89990234375,0.072942126259476
2024-10-29,2768.39990234375,0.9253781457162932
2024-10-30,2788.5,0.7234316137240295
2024-10-31,2738.300048828125,-1.8166509123427008
2024-11-01,2738.60009765625,0.0109568851138485
2024-11-04,2736.10009765625,-0.0913292083432016
2024-11-05,2740.300048828125,0.1533836784366828
2024-11-06,2667.60009765625,-2.688819289182318
2024-11-07,2698.39990234375,1.1479740190580865
2024-11-08,2687.5,-0.4047575121093911
2024-11-11,2611.199951171875,-2.88015263656269
2024-11-12,2600.0,-0.4298422060717889
2024-11-13,2580.800048828125,-0.741199771886598
2024-11-14,2568.199951171875,-0.4894201906120731
2024-11-15,2565.699951171875,-0.0973918559053458
2024-11-18,2610.60009765625,1.7348790536743832
2024-11-19,2627.10009765625,0.6300496006653572
2024-11-20,2648.199951171875,0.7999532098494133
2024-11-21,2672.10009765625,0.8984571185138248
2024-11-22,2709.89990234375,1.404698113449777
2024-11-25,2616.800048828125,-3.4959481903407377
2024-11-26,2620.300048828125,0.1336617767776714
2024-11-27,2639.89990234375,0.7452166991228204
2024-11-29,2657.0,0.6456666117155565
2024-12-02,2634.89990234375,-0.8352473231234763
2024-12-03,2644.699951171875,0.3712425318383127
2024-12-04,2653.800048828125,0.3434974654697664
2024-12-05,2626.60009765625,-1.0302322170881693
2024-12-06,2638.60009765625,0.4558239129528256
2024-12-09,2664.89990234375,0.991798633808684
2024-12-10,2697.60009765625,1.2196028210303025
2024-12-11,2733.800048828125,1.3330075570755335
2024-12-12,2687.5,-1.7081207143532986
2024-12-13,2656.0,-1.1790161839593785
2024-12-16,2651.39990234375,-0.173346606353259
2024-12-17,2644.39990234375,-0.264360600282425
2024-12-18,2636.5,-0.299187955944324
2024-12-19,2592.199951171875,-1.6945362817807692
2024-12-20,2628.699951171875,1.398249166131256
2024-12-23,2612.300048828125,-0.6258330803749558
2024-12-24,2620.0,0.294323974486273
2024-12-26,2638.800048828125,0.7149969097485895
2024-12-27,2617.199951171875,-0.8219261513672151
2024-12-30,2606.10009765625,-0.4250136932791705
