date,level,var,q_price,clamped
2023-01-04,0.01,1.033105541671289,1820.7917,True
2023-01-04,0.05,1.033105541671289,1820.7917,True
2023-01-04,0.1,1.033105541671289,1820.7917,False
2023-01-04,0.5,-0.24935009690503343,1844.293,False
2023-01-04,0.9,-1.4866625421729078,1867.2544,False
2023-01-05,0.01,1.1186693694179606,1832.1888,True
2023-01-05,0.05,1.1186693694179606,1832.1888,True
2023-01-05,0.1,1.1186693694179606,1832.1888,False
2023-01-05,0.5,-0.20757669694005154,1856.65,False
2023-01-05,0.9,-1.4683923957716485,1880.2072,False
2023-01-06,0.01,0.8978436240179836,1818.4001,True
2023-01-06,0.05,0.8978436240179836,1818.4001,True
2023-01-06,0.1,0.8978436240179836,1818.4001,False
2023-01-06,0.5,-0.38253013521999224,1841.8322,False
2023-01-06,0.9,-1.605924346443422,1864.5034,False
2023-01-09,0.01,1.1129027362809158,1843.5682,True
2023-01-09,0.05,1.1129027362809158,1843.5682,True
2023-01-09,0.1,1.1129027362809158,1843.5682,False
2023-01-09,0.5,-0.24414357245411455,1868.7568,False
2023-01-09,0.9,-1.4997319158717068,1892.3687,False
2023-01-10,0.01,1.1167545368907164,1851.9028,True
2023-01-10,0.05,1.1167545368907164,1851.9028,True
2023-01-10,0.1,1.1167545368907164,1851.9028,False
2023-01-10,0.5,-0.21330251341855375,1876.6987,False
2023-01-10,0.9,-1.4549638044201325,1900.1462,False
2023-01-11,0.01,1.010808441301171,1852.777,True
2023-01-11,0.05,1.010808441301171,1852.777,True
2023-01-11,0.1,1.010808441301171,1852.777,False
2023-01-11,0.5,-0.24597064591946188,1876.2092,False
2023-01-11,0.9,-1.4251015450748397,1898.4631,False
2023-01-12,0.01,0.894221773429159,1857.9116,True
2023-01-12,0.05,0.894221773429159,1857.9116,True
2023-01-12,0.1,0.894221773429159,1857.9116,False
2023-01-12,0.5,-0.3390737804317973,1880.967,False
2023-01-12,0.9,-1.5006148815702214,1902.9426,False
2023-01-13,0.01,0.8746183826872084,1878.9939,True
2023-01-13,0.05,0.8746183826872084,1878.9939,True
2023-01-13,0.1,0.8746183826872084,1878.9939,False
2023-01-13,0.5,-0.42409475724207757,1903.5558,False
2023-01-13,0.9,-1.641737049544403,1926.876,False
2023-01-17,0.01,1.1805249785837424,1895.886,True
2023-01-17,0.05,1.1805249785837424,1895.886,True
2023-01-17,0.1,1.1805249785837424,1895.886,False
2023-01-17,0.5,-0.24683277384753305,1923.1411,False
2023-01-17,0.9,-1.6042588615812439,1949.4243,False
2023-01-18,0.01,0.8343453692078149,1891.3535,True
2023-01-18,0.05,0.8343453692078149,1891.3535,True
2023-01-18,0.1,0.8343453692078149,1891.3535,False
2023-01-18,0.5,-0.4022166400136737,1914.8865,False
2023-01-18,0.9,-1.5963083652886103,1937.889,False
2023-01-19,0.01,0.7003899783819653,1891.1084,True
2023-01-19,0.05,0.7003899783819653,1891.1084,True
2023-01-19,0.1,0.7003899783819653,1891.1084,False
2023-01-19,0.5,-0.5481892770472341,1914.8684,False
2023-01-19,0.9,-1.7580830417145108,1938.177,False
2023-01-20,0.01,0.9026672387360964,1904.8279,True
2023-01-20,0.05,0.9026672387360964,1904.8279,True
2023-01-20,0.1,0.9026672387360964,1904.8279,False
2023-01-20,0.5,-0.4219629467151238,1930.2277,False
2023-01-20,0.9,-1.6910362460048938,1954.8798,False
2023-01-23,0.01,0.9908141952313873,1907.4072,True
2023-01-23,0.05,0.9908141952313873,1907.4072,True
2023-01-23,0.1,0.9908141952313873,1907.4072,False
2023-01-23,0.5,-0.23510670121780877,1930.9344,False
2023-01-23,0.9,-1.4464928916987811,1954.4678,False
2023-01-24,0.01,0.9671045411110256,1908.5527,True
2023-01-24,0.05,0.9671045411110256,1908.5527,True
2023-01-24,0.1,0.9671045411110256,1908.5527,False
2023-01-24,0.5,-0.23963456142393832,1931.7235,False
2023-01-24,0.9,-1.4296120546098667,1954.8479,False
2023-01-25,0.01,0.9104149443415798,1916.3734,True
2023-01-25,0.05,0.9104149443415798,1916.3734,True
2023-01-25,0.1,0.9104149443415798,1916.3734,False
2023-01-25,0.5,-0.2756807221435914,1939.2388,False
2023-01-25,0.9,-1.4240234434413324,1961.6362,False
2023-01-26,0.01,0.9017724062741657,1923.7734,True
2023-01-26,0.05,0.9017724062741657,1923.7734,True
2023-01-26,0.1,0.9017724062741657,1923.7734,False
2023-01-26,0.5,-0.3179884889241671,1947.3826,False
2023-01-26,0.9,-1.5213843073247886,1970.9589,False
2023-01-27,0.01,0.9032847146191643,1911.7532,True
2023-01-27,0.05,0.9032847146191643,1911.7532,True
2023-01-27,0.1,0.9032847146191643,1911.7532,False
2023-01-27,0.5,-0.2868593336955813,1934.6417,False
2023-01-27,0.9,-1.463865941786474,1957.5471,False
2023-01-30,0.01,1.1372605853054598,1906.791,True
2023-01-30,0.05,1.1372605853054598,1906.791,True
2023-01-30,0.1,1.1372605853054598,1906.791,False
2023-01-30,0.5,-0.04527716393108555,1929.4734,False
2023-01-30,0.9,-1.205389593408112,1951.9878,False
2023-01-31,0.01,0.9019056262401695,1905.6353,True
2023-01-31,0.05,0.9019056262401695,1905.6353,True
2023-01-31,0.1,0.9019056262401695,1905.6353,False
2023-01-31,0.5,-0.24560991268328725,1927.6287,False
2023-01-31,0.9,-1.3826988979249535,1949.6726,False
2023-02-01,0.01,0.8867742483763031,1912.4653,True
2023-02-01,0.05,0.8867742483763031,1912.4653,True
2023-02-01,0.1,0.8867742483763031,1912.4653,False
2023-02-01,0.5,-0.21947289140753354,1933.7394,False
2023-02-01,0.9,-1.3130228042217165,1955.0018,False
2023-02-02,0.01,0.8279849950359914,1911.904,True
2023-02-02,0.05,0.8279849950359914,1911.904,True
2023-02-02,0.1,0.8279849950359914,1911.904,False
2023-02-02,0.5,-0.234923525817319,1932.3342,False
2023-02-02,0.9,-1.3258963156453938,1953.5309,False
2023-02-03,0.01,0.9513441604803221,1898.1559,True
2023-02-03,0.05,0.9513441604803221,1898.1559,True
2023-02-03,0.1,0.9513441604803221,1898.1559,False
2023-02-03,0.5,-0.046319039911534556,1917.1879,False
2023-02-03,0.9,-1.13590044538004,1938.1914,False
2023-02-06,0.01,1.0311500478037627,1843.7894,True
2023-02-06,0.05,1.0311500478037627,1843.7894,True
2023-02-06,0.1,1.0311500478037627,1843.7894,False
2023-02-06,0.5,-0.30188559958609157,1868.5323,False
2023-02-06,0.9,-1.7463627803042967,1895.7188,False
2023-02-07,0.01,0.7652352672959021,1851.9736,True
2023-02-07,0.05,0.7652352672959021,1851.9736,True
2023-02-07,0.1,0.7652352672959021,1851.9736,False
2023-02-07,0.5,-0.4441743067369148,1874.5076,False
2023-02-07,0.9,-1.7988439276029808,1900.0737,False
2023-02-08,0.01,0.839181317247316,1856.0587,True
2023-02-08,0.05,0.839181317247316,1856.0587,True
2023-02-08,0.1,0.839181317247316,1856.0587,False
2023-02-08,0.5,-0.3251026821334343,1877.7948,False
2023-02-08,0.9,-1.6149563601024115,1902.1725,False
2023-02-09,0.01,0.8041525842071721,1862.3634,True
2023-02-09,0.05,0.8041525842071721,1862.3634,True
2023-02-09,0.1,0.8041525842071721,1862.3634,False
2023-02-09,0.5,-0.31445998244261836,1883.313,False
2023-02-09,0.9,-1.5495146583937238,1906.7172,False
2023-02-10,0.01,0.8446729657504661,1850.503,True
2023-02-10,0.05,0.8446729657504661,1850.503,True
2023-02-10,0.1,0.8446729657504661,1850.503,False
2023-02-10,0.5,-0.29570486926539385,1871.7266,False
2023-02-10,0.9,-1.6029553753595507,1896.3553,False
2023-02-13,0.01,1.019626251637062,1843.903,True
2023-02-13,0.05,1.019626251637062,1843.903,True
2023-02-13,0.1,1.019626251637062,1843.903,False
2023-02-13,0.5,-0.17347918417258879,1866.0344,False
2023-02-13,0.9,-1.4586359935822575,1890.1707,False
2023-02-14,0.01,1.1891582775209264,1830.0084,True
2023-02-14,0.05,1.1891582775209264,1830.0084,True
2023-02-14,0.1,1.1891582775209264,1830.0084,False
2023-02-14,0.5,-0.013057157445062174,1852.1418,False
2023-02-14,0.9,-1.3068872211079927,1876.2611,False
2023-02-15,0.01,1.1783558688401312,1832.2815,True
2023-02-15,0.05,1.1783558688401312,1832.2815,True
2023-02-15,0.1,1.1783558688401312,1832.2815,False
2023-02-15,0.5,0.02693942382981148,1853.5006,False
2023-02-15,0.9,-1.2191212055954623,1876.7408,False
2023-02-16,0.01,1.417076272671829,1808.3912,True
2023-02-16,0.05,1.417076272671829,1808.3912,True
2023-02-16,0.1,1.417076272671829,1808.3912,False
2023-02-16,0.5,0.10953192068436761,1832.192,False
2023-02-16,0.9,-1.2761825172359833,1857.7577,False
2023-02-17,0.01,1.1214319173118572,1821.4586,True
2023-02-17,0.05,1.1214319173118572,1821.4586,True
2023-02-17,0.1,1.1214319173118572,1821.4586,False
2023-02-17,0.5,-0.05019395270915641,1842.9248,False
2023-02-17,0.9,-1.342521874403824,1866.896,False
2023-02-21,0.01,1.0857682862987388,1820.5256,True
2023-02-21,0.05,1.0857682862987388,1820.5256,True
2023-02-21,0.1,1.0857682862987388,1820.5256,False
2023-02-21,0.5,-0.08166301807191939,1841.9036,False
2023-02-21,0.9,-1.3474113804874366,1865.3656,False
2023-02-22,0.01,1.139861023194923,1812.225,True
2023-02-22,0.05,1.139861023194923,1812.225,True
2023-02-22,0.1,1.139861023194923,1812.225,False
2023-02-22,0.5,-0.020855665684953367,1833.3823,False
2023-02-22,0.9,-1.3320112805118784,1857.5791,False
2023-02-23,0.01,1.0070498038370255,1813.6434,True
2023-02-23,0.05,1.0070498038370255,1813.6434,True
2023-02-23,0.1,1.0070498038370255,1813.6434,False
2023-02-23,0.5,-0.12976872520094027,1834.3789,False
2023-02-23,0.9,-1.4539164661440536,1858.8303,False
2023-02-24,0.01,1.075957747574072,1798.544,True
2023-02-24,0.05,1.075957747574072,1798.544,True
2023-02-24,0.1,1.075957747574072,1798.544,False
2023-02-24,0.5,-0.06872653905184363,1819.2499,False
2023-02-24,0.9,-1.3700535780989194,1843.079,False
2023-02-27,0.01,1.3026098292430102,1785.3912,True
2023-02-27,0.05,1.3026098292430102,1785.3912,True
2023-02-27,0.1,1.3026098292430102,1785.3912,False
2023-02-27,0.5,0.11423281376621448,1806.735,False
2023-02-27,0.9,-1.2178462578631994,1830.9631,False
2023-02-28,0.01,0.9715115522625042,1799.4331,True
2023-02-28,0.05,0.9715115522625042,1799.4331,True
2023-02-28,0.1,0.9715115522625042,1799.4331,False
2023-02-28,0.5,-0.08258001730119316,1818.5011,False
2023-02-28,0.9,-1.3104939299470901,1840.9684,False
2023-03-01,0.01,1.134127339604553,1808.2751,True
2023-03-01,0.05,1.134127339604553,1808.2751,True
2023-03-01,0.1,1.134127339604553,1808.2751,False
2023-03-01,0.5,0.010572999865600393,1828.7067,False
2023-03-01,0.9,-1.262828089664627,1852.1423,False
2023-03-02,0.01,1.0109960976637613,1819.2145,True
2023-03-02,0.05,1.0109960976637613,1819.2145,True
2023-03-02,0.1,1.0109960976637613,1819.2145,False
2023-03-02,0.5,-0.11001331645843974,1839.7228,False
2023-03-02,0.9,-1.3344739575905562,1862.388,False
2023-03-03,0.01,1.053019277880601,1814.2942,True
2023-03-03,0.05,1.053019277880601,1814.2942,True
2023-03-03,0.1,1.053019277880601,1814.2942,False
2023-03-03,0.5,-0.0375694263312836,1834.189,False
2023-03-03,0.9,-1.2115038032124774,1855.848,False
2023-03-06,0.01,1.0249182523054579,1828.8593,True
2023-03-06,0.05,1.0249182523054579,1828.8593,True
2023-03-06,0.1,1.0249182523054579,1828.8593,False
2023-03-06,0.5,-0.05319547811977664,1848.6831,False
2023-03-06,0.9,-1.1724783476999479,1869.4913,False
2023-03-07,0.01,1.0168049799482133,1829.2057,True
2023-03-07,0.05,1.0168049799482133,1829.2057,True
2023-03-07,0.1,1.0168049799482133,1829.2057,False
2023-03-07,0.5,-0.06479603246022012,1849.0978,False
2023-03-07,0.9,-1.2010751856530837,1870.2285,False
2023-03-08,0.01,0.8842321189194082,1797.9316,True
2023-03-08,0.05,0.8842321189194082,1797.9316,True
2023-03-08,0.1,0.8842321189194082,1797.9316,False
2023-03-08,0.5,-0.3094376093946639,1819.5216,False
2023-03-08,0.9,-1.5798729723542873,1842.7849,False
2023-03-09,0.01,0.9350473280901106,1795.8293,True
2023-03-09,0.05,0.9350473280901106,1795.8293,True
2023-03-09,0.1,0.9350473280901106,1795.8293,False
2023-03-09,0.5,-0.19377645634467203,1816.216,False
2023-03-09,0.9,-1.4120916323614512,1838.4785,False
2023-03-10,0.01,1.1405395606073434,1808.5547,True
2023-03-10,0.05,1.1405395606073434,1808.5547,True
2023-03-10,0.1,1.1405395606073434,1808.5547,False
2023-03-10,0.5,0.017545017044956323,1828.9791,False
2023-03-10,0.9,-1.1880136455620953,1851.162,False
2023-03-13,0.01,1.3891361789599073,1836.3131,True
2023-03-13,0.05,1.3891361789599073,1836.3131,True
2023-03-13,0.1,1.3891361789599073,1836.3131,False
2023-03-13,0.5,0.13908769689348488,1859.412,False
2023-03-13,0.9,-1.1596573110248465,1883.7185,False
2023-03-14,0.01,1.5503601869960815,1882.2903,True
2023-03-14,0.05,1.5503601869960815,1882.2903,True
2023-03-14,0.1,1.5503601869960815,1882.2903,False
2023-03-14,0.5,-0.14599207829645738,1914.4929,False
2023-03-14,0.9,-1.98691763143131,1950.0637,False
2023-03-15,0.01,1.2836209845450348,1881.888,True
2023-03-15,0.05,1.2836209845450348,1881.888,True
2023-03-15,0.1,1.2836209845450348,1881.888,False
2023-03-15,0.5,-0.15681629408541048,1909.1915,False
2023-03-15,0.9,-1.6105308262163973,1937.1484,False
2023-03-16,0.01,1.2983290789134614,1901.748,True
2023-03-16,0.05,1.2983290789134614,1901.748,True
2023-03-16,0.1,1.2983290789134614,1901.748,False
2023-03-16,0.5,-0.21643313540120834,1930.7743,False
2023-03-16,0.9,-1.7290950761484778,1960.2024,False
2023-03-17,0.01,0.8686224744436061,1902.4033,True
2023-03-17,0.05,0.8686224744436061,1902.4033,True
2023-03-17,0.1,0.8686224744436061,1902.4033,False
2023-03-17,0.5,-0.5316732429600131,1929.23,False
2023-03-17,0.9,-1.921985425311878,1956.2396,False
2023-03-20,0.01,1.3317275905652226,1943.7416,True
2023-03-20,0.05,1.3317275905652226,1943.7416,True
2023-03-20,0.1,1.3317275905652226,1943.7416,False
2023-03-20,0.5,-0.493586629833587,1979.5468,False
2023-03-20,0.9,-2.412092319409705,2017.8911,False
2023-03-21,0.01,1.1755928803998241,1956.0688,True
2023-03-21,0.05,1.1755928803998241,1956.0688,True
2023-03-21,0.1,1.1755928803998241,1956.0688,False
2023-03-21,0.5,-0.5555048754126402,1990.2251,False
2023-03-21,0.9,-2.3389687003700117,2026.0385,False
2023-03-22,0.01,1.13119710808489,1916.2009,True
2023-03-22,0.05,1.13119710808489,1916.2009,True
2023-03-22,0.1,1.13119710808489,1916.2009,False
2023-03-22,0.5,-0.2776359848096075,1943.3881,False
2023-03-22,0.9,-1.7232209096940774,1971.6854,False
2023-03-23,0.01,1.142683203107413,1924.6809,True
2023-03-23,0.05,1.142683203107413,1924.6809,True
2023-03-23,0.1,1.142683203107413,1924.6809,False
2023-03-23,0.5,-0.2923266073238228,1952.4994,False
2023-03-23,0.9,-1.722370170106,1980.6216,False
2023-03-24,0.01,1.405496632681248,1965.9733,True
2023-03-24,0.05,1.405496632681248,1965.9733,True
2023-03-24,0.1,1.405496632681248,1965.9733,False
2023-03-24,0.5,-0.22010619113382546,1998.1934,False
2023-03-24,0.9,-1.8074158528787643,2030.164,False
2023-03-27,0.01,1.5442604001904126,1951.7263,True
2023-03-27,0.05,1.5442604001904126,1951.7263,True
2023-03-27,0.1,1.5442604001904126,1951.7263,False
2023-03-27,0.5,0.05265787797701591,1981.0565,False
2023-03-27,0.9,-1.4365055458622744,2010.7784,False
2023-03-28,0.01,1.3414709849480277,1926.384,True
2023-03-28,0.05,1.3414709849480277,1926.384,True
2023-03-28,0.1,1.3414709849480277,1926.384,False
2023-03-28,0.5,-0.15875788869408447,1955.5021,False
2023-03-28,0.9,-1.7123955534482933,1986.1207,False
2023-03-29,0.01,0.9988447916630872,1952.7969,True
2023-03-29,0.05,0.9988447916630872,1952.7969,True
2023-03-29,0.1,0.9988447916630872,1952.7969,False
2023-03-29,0.5,-0.4944833645589419,1982.1774,False
2023-03-29,0.9,-1.9832356739901997,2011.9078,False
2023-03-30,0.01,1.2102903288257794,1942.4479,True
2023-03-30,0.05,1.2102903288257794,1942.4479,True
2023-03-30,0.1,1.2102903288257794,1942.4479,False
2023-03-30,0.5,-0.3211716577553351,1972.4247,False
2023-03-30,0.9,-1.8894652409809154,2003.6019,False
2023-03-31,0.01,1.2869169110813978,1954.9785,True
2023-03-31,0.05,1.2869169110813978,1954.9785,True
2023-03-31,0.1,1.2869169110813978,1954.9785,False
2023-03-31,0.5,-0.18169820004911072,1983.9015,False
2023-03-31,0.9,-1.723450626984109,2014.7253,False
2023-04-03,0.01,1.0737007359748478,1947.9719,True
2023-04-03,0.05,1.0737007359748478,1947.9719,True
2023-04-03,0.1,1.0737007359748478,1947.9719,False
2023-04-03,0.5,-0.3202915156435013,1975.3167,False
2023-04-03,0.9,-1.8068701153083566,2004.9006,False
2023-04-04,0.01,1.0759549508327166,1962.6686,True
2023-04-04,0.05,1.0759549508327166,1962.6686,True
2023-04-04,0.1,1.0759549508327166,1962.6686,False
2023-04-04,0.5,-0.36251958353116553,1991.1051,False
2023-04-04,0.9,-1.8893180722278407,2021.7385,False
2023-04-05,0.01,1.4602783526023009,1992.8848,True
2023-04-05,0.05,1.4602783526023009,1992.8848,True
2023-04-05,0.1,1.4602783526023009,1992.8848,False
2023-04-05,0.5,-0.20375389765984359,2026.3245,False
2023-04-05,0.9,-1.910171802410422,2061.1987,False
2023-04-06,0.01,1.1785914196643892,1997.2217,True
2023-04-06,0.05,1.1785914196643892,1997.2217,True
2023-04-06,0.1,1.1785914196643892,1997.2217,False
2023-04-06,0.5,-0.4692686877047868,2030.4058,False
2023-04-06,0.9,-2.159021328341457,2065.006,False
2023-04-10,0.01,1.2209794048149363,1987.4845,True
2023-04-10,0.05,1.2209794048149363,1987.4845,True
2023-04-10,0.1,1.2209794048149363,1987.4845,False
2023-04-10,0.5,-0.3603187585750899,2019.1624,False
2023-04-10,0.9,-1.9626734139060773,2051.777,False
2023-04-11,0.01,0.9196728360087768,1970.8906,True
2023-04-11,0.05,0.9196728360087768,1970.8906,True
2023-04-11,0.1,0.9196728360087768,1970.8906,False
2023-04-11,0.5,-0.5679250202890679,2000.4287,False
2023-04-11,0.9,-2.1024571452622465,2031.3627,False
2023-04-12,0.01,1.0277913244779358,1984.3004,True
2023-04-12,0.05,1.0277913244779358,1984.3004,True
2023-04-12,0.1,1.0277913244779358,1984.3004,False
2023-04-12,0.5,-0.4849358720018094,2014.5457,False
2023-04-12,0.9,-2.0433379469405684,2046.1863,False
2023-04-13,0.01,1.1223909499038187,1988.456,True
2023-04-13,0.05,1.1223909499038187,1988.456,True
2023-04-13,0.1,1.1223909499038187,1988.456,False
2023-04-13,0.5,-0.34068048324678735,2017.7625,False
2023-04-13,0.9,-1.862564833346052,2048.7053,False
2023-04-14,0.01,1.3441966694619323,2014.0446,True
2023-04-14,0.05,1.3441966694619323,2014.0446,True
2023-04-14,0.1,1.3441966694619323,2014.0446,False
2023-04-14,0.5,-0.26773787300791296,2046.7727,False
2023-04-14,0.9,-1.9161585667063896,2080.7917,False
2023-04-17,0.01,0.924020600166037,1983.7844,True
2023-04-17,0.05,0.924020600166037,1983.7844,True
2023-04-17,0.1,0.924020600166037,1983.7844,False
2023-04-17,0.5,-0.5023872374566504,2012.284,False
2023-04-17,0.9,-2.0010110076381036,2042.6677,False
2023-04-18,0.01,0.9012431936447666,1976.3081,True
2023-04-18,0.05,0.9012431936447666,1976.3081,True
2023-04-18,0.1,0.9012431936447666,1976.3081,False
2023-04-18,0.5,-0.47983167549864003,2003.7917,False
2023-04-18,0.9,-1.910944041833791,2032.6744,False
2023-04-19,0.01,1.0666415170553378,1986.102,True
2023-04-19,0.05,1.0666415170553378,1986.102,True
2023-04-19,0.1,1.0666415170553378,1986.102,False
2023-04-19,0.5,-0.3301097713595858,2014.0376,False
2023-04-19,0.9,-1.8114292116263062,2044.094,False
2023-04-20,0.01,1.2182557829585672,1971.0408,True
2023-04-20,0.05,1.2182557829585672,1971.0408,True
2023-04-20,0.1,1.2182557829585672,1971.0408,False
2023-04-20,0.5,-0.17469933398033377,1998.6886,False
2023-04-20,0.9,-1.6439914071174442,2028.272,False
2023-04-21,0.01,0.9812086475747437,1987.9976,True
2023-04-21,0.05,0.9812086475747437,1987.9976,True
2023-04-21,0.1,0.9812086475747437,1987.9976,False
2023-04-21,0.5,-0.431373246496805,2016.2789,False
2023-04-21,0.9,-1.9072939639320812,2046.2583,False
2023-04-24,0.01,0.9108912243672724,1961.5508,True
2023-04-24,0.05,0.9108912243672724,1961.5508,True
2023-04-24,0.1,0.9108912243672724,1961.5508,False
2023-04-24,0.5,-0.6078651405932937,1991.5693,False
2023-04-24,0.9,-2.1887991660312154,2023.3049,False
2023-04-25,0.01,0.9772285202424104,1969.7566,True
2023-04-25,0.05,0.9772285202424104,1969.7566,True
2023-04-25,0.1,0.9772285202424104,1969.7566,False
2023-04-25,0.5,-0.4609999143580985,1998.2909,False
2023-04-25,0.9,-2.041137662443546,2030.1174,False
2023-04-26,0.01,1.1989915956160815,1970.2349,True
2023-04-26,0.05,1.1989915956160815,1970.2349,True
2023-04-26,0.1,1.1989915956160815,1970.2349,False
2023-04-26,0.5,-0.2230039274136519,1998.4517,False
2023-04-26,0.9,-1.7981453223064774,2030.1793,False
2023-04-27,0.01,1.0552471769584788,1964.8561,True
2023-04-27,0.05,1.0552471769584788,1964.8561,True
2023-04-27,0.1,1.0552471769584788,1964.8561,False
2023-04-27,0.5,-0.28795055570263994,1991.426,False
2023-04-27,0.9,-1.8025027288622284,2021.8168,False
2023-04-28,0.01,1.0239245942824933,1969.6289,True
2023-04-28,0.05,1.0239245942824933,1969.6289,True
2023-04-28,0.1,1.0239245942824933,1969.6289,False
2023-04-28,0.5,-0.35773042974786196,1997.0312,False
2023-04-28,0.9,-1.8717663544575305,2027.4971,False
2023-05-01,0.01,0.9442709528650811,1971.3965,True
2023-05-01,0.05,0.9442709528650811,1971.3965,True
2023-05-01,0.1,0.9442709528650811,1971.3965,False
2023-05-01,0.5,-0.42579545391501683,1998.5918,False
2023-05-01,0.9,-1.9188932114608925,2028.6566,False
2023-05-02,0.01,1.0109140110625425,1963.4506,True
2023-05-02,0.05,1.0109140110625425,1963.4506,True
2023-05-02,0.1,1.0109140110625425,1963.4506,False
2023-05-02,0.5,-0.29624319747441774,1989.2844,False
2023-05-02,0.9,-1.7294244870845525,2017.9998,False
2023-05-03,0.01,1.3103297589856224,1988.0782,True
2023-05-03,0.05,1.3103297589856224,1988.0782,True
2023-05-03,0.1,1.3103297589856224,1988.0782,False
2023-05-03,0.5,-0.13719328142598844,2017.0654,False
2023-05-03,0.9,-1.684654106377781,2048.5215,False
2023-05-04,0.01,1.3524374231708027,2001.3491,True
2023-05-04,0.05,1.3524374231708027,2001.3491,True
2023-05-04,0.1,1.3524374231708027,2001.3491,False
2023-05-04,0.5,-0.17767623304970837,2032.2075,False
2023-05-04,0.9,-1.7825717398999827,2065.0854,False
2023-05-05,0.01,1.479713338312825,2017.9186,True
2023-05-05,0.05,1.479713338312825,2017.9186,True
2023-05-05,0.1,1.479713338312825,2017.9186,False
2023-05-05,0.5,-0.1273416956366136,2050.6096,False
2023-05-05,0.9,-1.7961000268236955,2085.1165,False
2023-05-08,0.01,1.2269223806358656,1992.7993,True
2023-05-08,0.05,1.2269223806358656,1992.7993,True
2023-05-08,0.1,1.2269223806358656,1992.7993,False
2023-05-08,0.5,-0.11890154815362175,2019.8002,False
2023-05-08,0.9,-1.5593060601242876,2049.104,False
2023-05-09,0.01,1.2169755166867535,2001.7899,True
2023-05-09,0.05,1.2169755166867535,2001.7899,True
2023-05-09,0.1,1.2169755166867535,2001.7899,False
2023-05-09,0.5,-0.11774178943913653,2028.6873,False
2023-05-09,0.9,-1.5379946713515464,2057.7053,False
2023-05-10,0.01,1.2394980068861863,2011.1171,True
2023-05-10,0.05,1.2394980068861863,2011.1171,True
2023-05-10,0.1,1.2394980068861863,2011.1171,False
2023-05-10,0.5,-0.06673811376216351,2037.5593,False
2023-05-10,0.9,-1.451536109367335,2065.9717,False
2023-05-11,0.01,1.1655960722406253,2006.97,True
2023-05-11,0.05,1.1655960722406253,2006.97,True
2023-05-11,0.1,1.1655960722406253,2006.97,False
2023-05-11,0.5,-0.11719214755831094,2032.881,False
2023-05-11,0.9,-1.4926291478884997,2061.0352,False
2023-05-12,0.01,1.2210324388095894,1990.2494,True
2023-05-12,0.05,1.2210324388095894,1990.2494,True
2023-05-12,0.1,1.2210324388095894,1990.2494,False
2023-05-12,0.5,-0.07924431719851967,2016.2971,False
2023-05-12,0.9,-1.4586792026842064,2044.3033,False
2023-05-15,0.01,1.0941501412470735,1992.5785,True
2023-05-15,0.05,1.0941501412470735,1992.5785,True
2023-05-15,0.1,1.0941501412470735,1992.5785,False
2023-05-15,0.5,-0.19490429311193896,2018.4302,False
2023-05-15,0.9,-1.5487062938224094,2045.9415,False
2023-05-16,0.01,1.0959175431653752,1996.0051,True
2023-05-16,0.05,1.0959175431653752,1996.0051,True
2023-05-16,0.1,1.0959175431653752,1996.0051,False
2023-05-16,0.5,-0.23798356851598595,2022.8082,False
2023-05-16,0.9,-1.6641257101426485,2051.863,False
2023-05-17,0.01,1.207707523113666,1964.5304,True
2023-05-17,0.05,1.207707523113666,1964.5304,True
2023-05-17,0.1,1.207707523113666,1964.5304,False
2023-05-17,0.5,-0.2245500837386605,1992.87,False
2023-05-17,0.9,-1.741874390146538,2023.3389,False
2023-05-18,0.01,1.3397395120372788,1954.3407,True
2023-05-18,0.05,1.3397395120372788,1954.3407,True
2023-05-18,0.1,1.3397395120372788,1954.3407,False
2023-05-18,0.5,-0.10973956927808692,1982.8748,False
2023-05-18,0.9,-1.6422874608868352,2013.4973,False
2023-05-19,0.01,1.4551270550155262,1928.2366,True
2023-05-19,0.05,1.4551270550155262,1928.2366,True
2023-05-19,0.1,1.4551270550155262,1928.2366,False
2023-05-19,0.5,-0.08281004798519938,1958.1208,False
2023-05-19,0.9,-1.7005999628764,1990.0568,False
2023-05-22,0.01,1.2082189774941736,1954.9368,True
2023-05-22,0.05,1.2082189774941736,1954.9368,True
2023-05-22,0.1,1.2082189774941736,1954.9368,False
2023-05-22,0.5,-0.17025495287492434,1982.0717,False
2023-05-22,0.9,-1.671875990166111,2012.0594,False
2023-05-23,0.01,1.1998022802216473,1951.2479,True
2023-05-23,0.05,1.1998022802216473,1951.2479,True
2023-05-23,0.1,1.1998022802216473,1951.2479,False
2023-05-23,0.5,-0.16943693307567506,1978.1489,False
2023-05-23,0.9,-1.669557592403419,2008.0472,False
2023-05-24,0.01,1.1323437747805531,1950.1917,True
2023-05-24,0.05,1.1323437747805531,1950.1917,True
2023-05-24,0.1,1.1323437747805531,1950.1917,False
2023-05-24,0.5,-0.11688373626977867,1974.7068,False
2023-05-24,0.9,-1.4826324077473525,2001.8613,False
2023-05-25,0.01,1.0205163012996403,1942.8712,True
2023-05-25,0.05,1.0205163012996403,1942.8712,True
2023-05-25,0.1,1.0205163012996403,1942.8712,False
2023-05-25,0.5,-0.29775411187381234,1968.6531,False
2023-05-25,0.9,-1.6967711919503095,1996.3884,False
2023-05-26,0.01,1.4493633693089611,1915.1405,True
2023-05-26,0.05,1.4493633693089611,1915.1405,True
2023-05-26,0.1,1.4493633693089611,1915.1405,False
2023-05-26,0.5,-0.023831999716808897,1943.5631,False
2023-05-26,0.9,-1.5581144949049321,1973.6128,False
2023-05-30,0.01,1.4357382003039736,1916.3872,True
2023-05-30,0.05,1.4357382003039736,1916.3872,True
2023-05-30,0.1,1.4357382003039736,1916.3872,False
2023-05-30,0.5,0.006272931877163938,1943.978,False
2023-05-30,0.9,-1.4913294900956264,1973.3102,False
2023-05-31,0.01,1.1864226793368466,1934.9071,True
2023-05-31,0.05,1.1864226793368466,1934.9071,True
2023-05-31,0.1,1.1864226793368466,1934.9071,False
2023-05-31,0.5,-0.12421882362986424,1960.4337,False
2023-05-31,0.9,-1.5127517133199022,1987.8448,False
2023-06-01,0.01,1.0122560606423117,1944.1206,True
2023-06-01,0.05,1.0122560606423117,1944.1206,True
2023-06-01,0.1,1.0122560606423117,1944.1206,False
2023-06-01,0.5,-0.2546066948597247,1968.9066,False
2023-06-01,0.9,-1.5685801669158692,1994.9482,False
2023-06-02,0.01,0.9963892598905597,1958.3893,True
2023-06-02,0.05,0.9963892598905597,1958.3893,True
2023-06-02,0.1,0.9963892598905597,1958.3893,False
2023-06-02,0.5,-0.27538335564176086,1983.4546,False
2023-06-02,0.9,-1.573178469047408,2009.3635,False
2023-06-05,0.01,1.051945771781726,1931.9695,True
2023-06-05,0.05,1.051945771781726,1931.9695,True
2023-06-05,0.1,1.051945771781726,1931.9695,False
2023-06-05,0.5,-0.23564096858551234,1957.0061,False
2023-06-05,0.9,-1.563018209988489,1983.1561,False
2023-06-06,0.01,1.0200076873876813,1938.1298,True
2023-06-06,0.05,1.0200076873876813,1938.1298,True
2023-06-06,0.1,1.0200076873876813,1938.1298,False
2023-06-06,0.5,-0.2006410284531201,1961.9325,False
2023-06-06,0.9,-1.4899051899608167,1987.3907,False
2023-06-07,0.01,1.0701489100305654,1944.5784,True
2023-06-07,0.05,1.0701489100305654,1944.5784,True
2023-06-07,0.1,1.0701489100305654,1944.5784,False
2023-06-07,0.5,-0.12301936977342069,1967.9194,False
2023-06-07,0.9,-1.3808132294372322,1992.8281,False
2023-06-08,0.01,0.8565858515426436,1926.1301,True
2023-06-08,0.05,0.8565858515426436,1926.1301,True
2023-06-08,0.1,0.8565858515426436,1926.1301,False
2023-06-08,0.5,-0.4294549694110975,1951.0609,False
2023-06-08,0.9,-1.825537472829946,1978.4904,False
2023-06-09,0.01,1.1128275538860053,1941.8696,True
2023-06-09,0.05,1.1128275538860053,1941.8696,True
2023-06-09,0.1,1.1128275538860053,1941.8696,False
2023-06-09,0.5,-0.07261528787863314,1965.0264,False
2023-06-09,0.9,-1.3966396821160727,1991.2168,False
2023-06-12,0.01,1.0150668916962484,1942.383,True
2023-06-12,0.05,1.0150668916962484,1942.383,True
2023-06-12,0.1,1.0150668916962484,1942.383,False
2023-06-12,0.5,-0.15930724747161046,1965.3284,False
2023-06-12,0.9,-1.4524343672797824,1990.9076,False
2023-06-13,0.01,0.9653118557352436,1936.5161,True
2023-06-13,0.05,0.9653118557352436,1936.5161,True
2023-06-13,0.1,0.9653118557352436,1936.5161,False
2023-06-13,0.5,-0.1927305687244347,1959.0721,False
2023-06-13,0.9,-1.4277205430556223,1983.4165,False
2023-06-14,0.01,0.9331760177217927,1926.5378,True
2023-06-14,0.05,0.9331760177217927,1926.5378,True
2023-06-14,0.1,0.9331760177217927,1926.5378,False
2023-06-14,0.5,-0.28165909020062746,1950.0848,False
2023-06-14,0.9,-1.5799042743418459,1975.5668,False
2023-06-15,0.01,1.0019046692999385,1935.8076,True
2023-06-15,0.05,1.0019046692999385,1935.8076,True
2023-06-15,0.1,1.0019046692999385,1935.8076,False
2023-06-15,0.5,-0.13546973359184672,1957.9507,False
2023-06-15,0.9,-1.3541835949382959,1981.9585,False
2023-06-16,0.01,1.0448957543996464,1937.4496,True
2023-06-16,0.05,1.0448957543996464,1937.4496,True
2023-06-16,0.1,1.0448957543996464,1937.4496,False
2023-06-16,0.5,-0.026508027623818875,1958.3191,False
2023-06-16,0.9,-1.1500614125576605,1980.4459,False
2023-06-20,0.01,0.7962320962532637,1942.8685,True
2023-06-20,0.05,0.7962320962532637,1942.8685,True
2023-06-20,0.1,0.7962320962532637,1942.8685,False
2023-06-20,0.5,-0.27190091157289137,1963.7322,False
2023-06-20,0.9,-1.4053068797639778,1986.1158,False
2023-06-21,0.01,0.7684529951052305,1920.6836,True
2023-06-21,0.05,0.7684529951052305,1920.6836,True
2023-06-21,0.1,0.7684529951052305,1920.6836,False
2023-06-21,0.5,-0.3686022309394319,1942.6475,False
2023-06-21,0.9,-1.5358554148803958,1965.4559,False
2023-06-22,0.01,0.9875410031883148,1914.3019,True
2023-06-22,0.05,0.9875410031883148,1914.3019,True
2023-06-22,0.1,0.9875410031883148,1914.3019,False
2023-06-22,0.5,-0.18342017434431118,1936.8494,False
2023-06-22,0.9,-1.3697687633315474,1959.964,False
2023-06-23,0.01,1.208782241146908,1889.7188,True
2023-06-23,0.05,1.208782241146908,1889.7188,True
2023-06-23,0.1,1.208782241146908,1889.7188,False
2023-06-23,0.5,-0.10493675368230575,1914.7081,False
2023-06-23,0.9,-1.402212288280462,1939.709,False
2023-06-26,0.01,0.9951287519522874,1900.0972,True
2023-06-26,0.05,0.9951287519522874,1900.0972,True
2023-06-26,0.1,0.9951287519522874,1900.0972,False
2023-06-26,0.5,-0.1823888313756127,1922.6034,False
2023-06-26,0.9,-1.3474510191460087,1945.1339,False
2023-06-27,0.01,0.964375526637046,1905.2374,True
2023-06-27,0.05,0.964375526637046,1905.2374,True
2023-06-27,0.1,0.964375526637046,1905.2374,False
2023-06-27,0.5,-0.2046708076303441,1927.6412,False
2023-06-27,0.9,-1.3480257702149292,1949.8075,False
2023-06-28,0.01,1.096516509596472,1893.1273,True
2023-06-28,0.05,1.096516509596472,1893.1273,True
2023-06-28,0.1,1.096516509596472,1893.1273,False
2023-06-28,0.5,-0.08892381516338174,1915.7028,False
2023-06-28,0.9,-1.2721452070624344,1938.5044,False
2023-06-29,0.01,1.0017669996022878,1893.2389,True
2023-06-29,0.05,1.0017669996022878,1893.2389,True
2023-06-29,0.1,1.0017669996022878,1893.2389,False
2023-06-29,0.5,-0.1353392010828654,1914.8899,False
2023-06-29,0.9,-1.2744223006226627,1936.8268,False
2023-06-30,0.01,0.95076138736535,1891.134,True
2023-06-30,0.05,0.95076138736535,1891.134,True
2023-06-30,0.1,0.95076138736535,1891.134,False
2023-06-30,0.5,-0.1706581098934178,1912.4609,False
2023-06-30,0.9,-1.2981097891230207,1934.145,False
2023-07-03,0.01,1.1490467016323553,1899.152,True
2023-07-03,0.05,1.1490467016323553,1899.152,True
2023-07-03,0.1,1.1490467016323553,1899.152,False
2023-07-03,0.5,0.028566156759608274,1920.5513,False
2023-07-03,0.9,-1.112186565008316,1942.5854,False
2023-07-05,0.01,1.0850670647836715,1900.9609,True
2023-07-05,0.05,1.0850670647836715,1900.9609,True
2023-07-05,0.1,1.0850670647836715,1900.9609,False
2023-07-05,0.5,0.01092638880253263,1921.49,False
2023-07-05,0.9,-1.1036429454808367,1943.0261,False
2023-07-06,0.01,1.0153974231587268,1900.207,True
2023-07-06,0.05,1.0153974231587268,1900.207,True
2023-07-06,0.1,1.0153974231587268,1900.207,False
2023-07-06,0.5,-0.026755739020795626,1920.1136,False
2023-07-06,0.9,-1.1177735744695845,1941.1771,False
2023-07-07,0.01,1.027086172437882,1889.1963,True
2023-07-07,0.05,1.027086172437882,1889.1963,True
2023-07-07,0.1,1.027086172437882,1889.1963,False
2023-07-07,0.5,-0.035571666235584116,1909.379,False
2023-07-07,0.9,-1.1420353335649223,1930.6229,False
2023-07-10,0.01,1.1719780558106772,1903.7571,True
2023-07-10,0.05,1.1719780558106772,1903.7571,True
2023-07-10,0.1,1.1719780558106772,1903.7571,False
2023-07-10,0.5,0.1372600764643702,1923.5579,False
2023-07-10,0.9,-0.9567612575188331,1944.7175,False
2023-07-11,0.01,1.0308185180788603,1905.2587,True
2023-07-11,0.05,1.0308185180788603,1905.2587,True
2023-07-11,0.1,1.0308185180788603,1905.2587,False
2023-07-11,0.5,0.01723717950994379,1924.6682,False
2023-07-11,0.9,-1.0784775907794724,1945.873,False
2023-07-12,0.01,1.012950007777217,1911.8357,True
2023-07-12,0.05,1.012950007777217,1911.8357,True
2023-07-12,0.1,1.012950007777217,1911.8357,False
2023-07-12,0.5,0.04377993839267087,1930.4547,False
2023-07-12,0.9,-0.9974417792112323,1950.66,False
2023-07-13,0.01,1.1241033337466928,1934.3334,True
2023-07-13,0.05,1.1241033337466928,1934.3334,True
2023-07-13,0.1,1.1241033337466928,1934.3334,False
2023-07-13,0.5,0.03520078526608042,1955.5115,False
2023-07-13,0.9,-1.0936045938961185,1977.7104,False
2023-07-14,0.01,1.142600448568229,1936.9415,True
2023-07-14,0.05,1.142600448568229,1936.9415,True
2023-07-14,0.1,1.142600448568229,1936.9415,False
2023-07-14,0.5,0.03204921610454239,1958.5721,False
2023-07-14,0.9,-1.1051269912940558,1980.9717,False
2023-07-17,0.01,1.189479904309398,1936.9231,True
2023-07-17,0.05,1.189479904309398,1936.9231,True
2023-07-17,0.1,1.189479904309398,1936.9231,False
2023-07-17,0.5,0.12899155229809522,1957.5732,False
2023-07-17,0.9,-0.9413712280328295,1978.6389,False
2023-07-18,0.01,1.310279985569779,1926.985,True
2023-07-18,0.05,1.310279985569779,1926.985,True
2023-07-18,0.1,1.310279985569779,1926.985,False
2023-07-18,0.5,0.2358591238763485,1947.8005,False
2023-07-18,0.9,-0.8131815220956761,1968.3413,False
2023-07-19,0.01,1.2721884650012463,1952.2056,True
2023-07-19,0.05,1.2721884650012463,1952.2056,True
2023-07-19,0.1,1.2721884650012463,1952.2056,False
2023-07-19,0.5,0.15635266143521884,1974.111,False
2023-07-19,0.9,-0.9225936300033168,1995.5259,False
2023-07-20,0.01,1.2011530759811515,1953.8893,True
2023-07-20,0.05,1.2011530759811515,1953.8893,True
2023-07-20,0.1,1.2011530759811515,1953.8893,False
2023-07-20,0.5,0.09536833171569967,1975.615,False
2023-07-20,0.9,-0.9444949331395565,1996.2659,False
2023-07-21,0.01,1.2212585817366897,1944.4082,True
2023-07-21,0.05,1.2212585817366897,1944.4082,True
2023-07-21,0.1,1.2212585817366897,1944.4082,False
2023-07-21,0.5,0.1254669569628611,1965.832,False
2023-07-21,0.9,-0.9460627471970415,1987.0098,False
2023-07-24,0.01,1.1665545589383712,1941.5186,True
2023-07-24,0.05,1.1665545589383712,1941.5186,True
2023-07-24,0.1,1.1665545589383712,1941.5186,False
2023-07-24,0.5,0.06165385059098626,1963.0894,False
2023-07-24,0.9,-0.9997494289038894,1984.0366,False
2023-07-25,0.01,1.200840005075211,1936.9008,True
2023-07-25,0.05,1.200840005075211,1936.9008,True
2023-07-25,0.1,1.200840005075211,1936.9008,False
2023-07-25,0.5,0.07406169473719629,1958.8488,False
2023-07-25,0.9,-0.9840099752856318,1979.6848,False
2023-07-26,0.01,1.163734868994673,1939.3987,True
2023-07-26,0.05,1.163734868994673,1939.3987,True
2023-07-26,0.1,1.163734868994673,1939.3987,False
2023-07-26,0.5,0.021609296598825985,1961.676,False
2023-07-26,0.9,-1.045350841647868,1982.7184,False
2023-07-27,0.01,0.9602895994395764,1950.0834,True
2023-07-27,0.05,0.9602895994395764,1950.0834,True
2023-07-27,0.1,0.9602895994395764,1950.0834,False
2023-07-27,0.5,-0.15952694062357684,1972.0435,False
2023-07-27,0.9,-1.2399473619046177,1993.4653,False
2023-07-28,0.01,1.0767749697721098,1924.5648,True
2023-07-28,0.05,1.0767749697721098,1924.5648,True
2023-07-28,0.1,1.0767749697721098,1924.5648,False
2023-07-28,0.5,-0.07752669178676273,1946.9088,False
2023-07-28,0.9,-1.2037530741165228,1968.9594,False
2023-07-31,0.01,0.9283099641908423,1942.2856,True
2023-07-31,0.05,0.9283099641908423,1942.2856,True
2023-07-31,0.1,0.9283099641908423,1942.2856,False
2023-07-31,0.5,-0.19803416185579759,1964.2861,False
2023-07-31,0.9,-1.3175359542520944,1986.3999,False
2023-08-01,0.01,1.0277359921406957,1950.3522,True
2023-08-01,0.05,1.0277359921406957,1950.3522,True
2023-08-01,0.1,1.0277359921406957,1950.3522,False
2023-08-01,0.5,-0.12215673791336838,1972.9086,False
2023-08-01,0.9,-1.2928433467757847,1996.1409,False
2023-08-02,0.01,0.9320252936486387,1922.6962,True
2023-08-02,0.05,0.9320252936486387,1922.6962,True
2023-08-02,0.1,0.9320252936486387,1922.6962,False
2023-08-02,0.5,-0.22423902145024688,1945.0566,False
2023-08-02,0.9,-1.4036636826961386,1968.1329,False
2023-08-03,0.01,1.0992464100163313,1916.2198,True
2023-08-03,0.05,1.0992464100163313,1916.2198,True
2023-08-03,0.1,1.0992464100163313,1916.2198,False
2023-08-03,0.5,-0.031391601665719256,1938.0083,False
2023-08-03,0.9,-1.1760941752753624,1960.3202,False
2023-08-04,0.01,1.127496429309992,1910.3391,True
2023-08-04,0.05,1.127496429309992,1910.3391,True
2023-08-04,0.1,1.127496429309992,1910.3391,False
2023-08-04,0.5,-0.05523230173845061,1933.0674,False
2023-08-04,0.9,-1.2423655738876695,1956.1522,False
2023-08-07,0.01,1.2442975135551668,1915.6151,True
2023-08-07,0.05,1.2442975135551668,1915.6151,True
2023-08-07,0.1,1.2442975135551668,1915.6151,False
2023-08-07,0.5,0.06104119620256869,1938.4164,False
2023-08-07,0.9,-1.1307761626738864,1961.657,False
2023-08-08,0.01,1.2584318867053246,1909.3207,True
2023-08-08,0.05,1.2584318867053246,1909.3207,True
2023-08-08,0.1,1.2584318867053246,1909.3207,False
2023-08-08,0.5,0.08884426557060347,1931.783,False
2023-08-08,0.9,-1.0884513141181724,1954.6602,False
2023-08-09,0.01,1.4285398129328037,1896.8088,True
2023-08-09,0.05,1.4285398129328037,1896.8088,True
2023-08-09,0.1,1.4285398129328037,1896.8088,False
2023-08-09,0.5,0.21832281623677527,1919.9038,False
2023-08-09,0.9,-0.9789181293388606,1943.0278,False
2023-08-10,0.01,1.4894430192794443,1887.0826,True
2023-08-10,0.05,1.4894430192794443,1887.0826,True
2023-08-10,0.1,1.4894430192794443,1887.0826,False
2023-08-10,0.5,0.2756399955809577,1910.1277,False
2023-08-10,0.9,-0.9420177681511762,1933.5287,False
2023-08-11,0.01,1.5203204720738788,1885.5151,True
2023-08-11,0.05,1.5203204720738788,1885.5151,True
2023-08-11,0.1,1.5203204720738788,1885.5151,False
2023-08-11,0.5,0.2867377603894261,1908.9186,False
2023-08-11,0.9,-0.9510598510475856,1932.694,False
2023-08-14,0.01,1.4818570812141452,1884.7626,True
2023-08-14,0.05,1.4818570812141452,1884.7626,True
2023-08-14,0.1,1.4818570812141452,1884.7626,False
2023-08-14,0.5,0.27173904586580616,1907.709,False
2023-08-14,0.9,-0.9644811610038656,1931.4388,False
2023-08-15,0.01,1.4025258594082946,1883.9904,True
2023-08-15,0.05,1.4025258594082946,1883.9904,True
2023-08-15,0.1,1.4025258594082946,1883.9904,False
2023-08-15,0.5,0.23147036873923982,1906.1826,False
2023-08-15,0.9,-0.9634472384396591,1929.0966,False
2023-08-16,0.01,1.3840488475774402,1876.3499,True
2023-08-16,0.05,1.3840488475774402,1876.3499,True
2023-08-16,0.1,1.3840488475774402,1876.3499,False
2023-08-16,0.5,0.2041185366550337,1898.6206,False
2023-08-16,0.9,-1.013296938899396,1921.876,False
2023-08-17,0.01,1.4556025718171068,1868.7002,True
2023-08-17,0.05,1.4556025718171068,1868.7002,True
2023-08-17,0.1,1.4556025718171068,1868.7002,False
2023-08-17,0.5,0.24589123584196432,1891.4434,False
2023-08-17,0.9,-1.030916661522982,1915.7483,False
2023-08-18,0.01,1.7374082553752286,1851.6482,True
2023-08-18,0.05,1.7374082553752286,1851.6482,True
2023-08-18,0.1,1.7374082553752286,1851.6482,False
2023-08-18,0.5,0.40606359384281077,1876.4648,False
2023-08-18,0.9,-0.9945874465074673,1902.9325,False
2023-08-21,0.01,1.6382648404038538,1855.4524,True
2023-08-21,0.05,1.6382648404038538,1855.4524,True
2023-08-21,0.1,1.6382648404038538,1855.4524,False
2023-08-21,0.5,0.46724952439271394,1877.3077,False
2023-08-21,0.9,-0.8371795297392645,1901.9563,False
2023-08-22,0.01,1.3556541059870533,1867.8066,True
2023-08-22,0.05,1.3556541059870533,1867.8066,True
2023-08-22,0.1,1.3556541059870533,1867.8066,False
2023-08-22,0.5,0.3114016142759396,1887.4135,False
2023-08-22,0.9,-0.8381586212593606,1909.2356,False
2023-08-23,0.01,1.246104266502091,1872.9155,True
2023-08-23,0.05,1.246104266502091,1872.9155,True
2023-08-23,0.1,1.246104266502091,1872.9155,False
2023-08-23,0.5,0.2052659908613937,1892.5114,False
2023-08-23,0.9,-0.911272485889285,1913.7604,False
2023-08-24,0.01,1.4877287410669897,1890.1692,True
2023-08-24,0.05,1.4877287410669897,1890.1692,True
2023-08-24,0.1,1.4877287410669897,1890.1692,False
2023-08-24,0.5,0.37577948503935715,1911.3042,False
2023-08-24,0.9,-0.805692828096617,1934.0197,False
2023-08-25,0.01,1.297888394596684,1893.4647,True
2023-08-25,0.05,1.297888394596684,1893.4647,True
2023-08-25,0.1,1.297888394596684,1893.4647,False
2023-08-25,0.5,0.26621429956687215,1913.1002,False
2023-08-25,0.9,-0.8046568025227672,1933.6971,False
2023-08-28,0.01,1.025512193038128,1891.6016,True
2023-08-28,0.05,1.025512193038128,1891.6016,True
2023-08-28,0.1,1.025512193038128,1891.6016,False
2023-08-28,0.5,0.03824251113737548,1910.3693,False
2023-08-28,0.9,-0.9708001965522354,1929.7433,False
2023-08-29,0.01,0.8990525534913524,1900.7344,True
2023-08-29,0.05,0.8990525534913524,1900.7344,True
2023-08-29,0.1,0.8990525534913524,1900.7344,False
2023-08-29,0.5,-0.10665517537302169,1919.9467,False
2023-08-29,0.9,-1.1461842088979257,1940.0092,False
2023-08-30,0.01,1.060246699596911,1916.0768,True
2023-08-30,0.05,1.060246699596911,1916.0768,True
2023-08-30,0.1,1.060246699596911,1916.0768,False
2023-08-30,0.5,-0.030530252225164214,1937.0913,False
2023-08-30,0.9,-1.1456576222130237,1958.8132,False
2023-08-31,0.01,1.0691819143023364,1923.6227,True
2023-08-31,0.05,1.0691819143023364,1923.6227,True
2023-08-31,0.1,1.0691819143023364,1923.6227,False
2023-08-31,0.5,-0.09269479913336785,1946.1031,False
2023-08-31,0.9,-1.2242658809877829,1968.2498,False
2023-09-01,0.01,0.8865060365363839,1921.0936,True
2023-09-01,0.05,0.8865060365363839,1921.0936,True
2023-09-01,0.1,0.8865060365363839,1921.0936,False
2023-09-01,0.5,-0.1887152735935864,1941.8611,False
2023-09-01,0.9,-1.2226641477678015,1962.0431,False
2023-09-05,0.01,0.9568729749503704,1921.3271,True
2023-09-05,0.05,0.9568729749503704,1921.3271,True
2023-09-05,0.1,0.9568729749503704,1921.3271,False
2023-09-05,0.5,-0.13218375218272005,1942.3658,False
2023-09-05,0.9,-1.1487713209957977,1962.2124,False
2023-09-06,0.01,1.0066064163708277,1906.908,True
2023-09-06,0.05,1.0066064163708277,1906.908,True
2023-09-06,0.1,1.0066064163708277,1906.908,False
2023-09-06,0.5,-0.13083165453428652,1928.7217,False
2023-09-06,0.9,-1.20395838072098,1949.5308,False
2023-09-07,0.01,1.0151668812726173,1898.7266,True
2023-09-07,0.05,1.0151668812726173,1898.7266,True
2023-09-07,0.1,1.0151668812726173,1898.7266,False
2023-09-07,0.5,-0.1159698509171835,1920.3257,False
2023-09-07,0.9,-1.1836569786112738,1940.9386,False
2023-09-08,0.01,0.9774791644876956,1898.8481,True
2023-09-08,0.05,0.9774791644876956,1898.8481,True
2023-09-08,0.1,0.9774791644876956,1898.8481,False
2023-09-08,0.5,-0.13124049004222485,1920.0182,False
2023-09-08,0.9,-1.1665655893119198,1939.9999,False
2023-09-11,0.01,1.0167750231755193,1898.993,True
2023-09-11,0.05,1.0167750231755193,1898.993,True
2023-09-11,0.1,1.0167750231755193,1898.993,False
2023-09-11,0.5,-0.07943758685523328,1919.9246,False
2023-09-11,0.9,-1.1067391981674797,1939.7496,False
2023-09-12,0.01,1.048004796539833,1903.249,True
2023-09-12,0.05,1.048004796539833,1903.249,True
2023-09-12,0.1,1.048004796539833,1903.249,False
2023-09-12,0.5,-0.0581208923273473,1924.4182,False
2023-09-12,0.9,-1.0858235708097816,1944.2975,False
2023-09-13,0.01,1.0941416021660713,1890.5017,True
2023-09-13,0.05,1.0941416021660713,1890.5017,True
2023-09-13,0.1,1.0941416021660713,1890.5017,False
2023-09-13,0.5,0.01345143946163181,1911.043,False
2023-09-13,0.9,-1.028942341765056,1931.0677,False
2023-09-14,0.01,1.1008721362325362,1888.1985,True
2023-09-14,0.05,1.1008721362325362,1888.1985,True
2023-09-14,0.1,1.1008721362325362,1888.1985,False
2023-09-14,0.5,0.029909813215662596,1908.529,False
2023-09-14,0.9,-1.0113559640413496,1928.5057,False
2023-09-15,0.01,1.1571079451445865,1888.0266,True
2023-09-15,0.05,1.1571079451445865,1888.0266,True
2023-09-15,0.1,1.1571079451445865,1888.0266,False
2023-09-15,0.5,0.102578874410669,1908.0417,False
2023-09-15,0.9,-0.9283521531204151,1927.8141,False
2023-09-18,0.01,1.1464256617243411,1901.7721,True
2023-09-18,0.05,1.1464256617243411,1901.7721,True
2023-09-18,0.1,1.1464256617243411,1901.7721,False
2023-09-18,0.5,0.06787018646924739,1922.3948,False
2023-09-18,0.9,-0.9872201522508928,1942.7852,False
2023-09-19,0.01,1.048309367500574,1911.3577,True
2023-09-19,0.05,1.048309367500574,1911.3577,True
2023-09-19,0.1,1.048309367500574,1911.3577,False
2023-09-19,0.5,0.018121009394229906,1931.15,False
2023-09-19,0.9,-0.9750920148660309,1950.426,False
2023-09-20,0.01,0.8560417853581538,1915.5319,True
2023-09-20,0.05,0.8560417853581538,1915.5319,True
2023-09-20,0.1,0.8560417853581538,1915.5319,False
2023-09-20,0.5,-0.1258263498039699,1934.4325,False
2023-09-20,0.9,-1.0821541727807067,1953.0208,False
2023-09-21,0.01,0.859973809310137,1928.9401,True
2023-09-21,0.05,0.859973809310137,1928.9401,True
2023-09-21,0.1,0.859973809310137,1928.9401,False
2023-09-21,0.5,-0.14234120128300917,1948.3713,False
2023-09-21,0.9,-1.1375133626207707,1967.8578,False
2023-09-22,0.01,0.9597761053298417,1900.868,True
2023-09-22,0.05,0.9597761053298417,1900.868,True
2023-09-22,0.1,0.9597761053298417,1900.868,False
2023-09-22,0.5,-0.10279609435845719,1921.1738,False
2023-09-22,0.9,-1.1581699176516533,1941.5568,False
2023-09-25,0.01,0.9630910035793311,1906.9457,True
2023-09-25,0.05,0.9630910035793311,1906.9457,True
2023-09-25,0.1,0.9630910035793311,1906.9457,False
2023-09-25,0.5,-0.0929962077360462,1927.1914,False
2023-09-25,0.9,-1.1178420485183704,1947.0437,False
2023-09-26,0.01,0.9055585682489407,1899.3224,True
2023-09-26,0.05,0.9055585682489407,1899.3224,True
2023-09-26,0.1,0.9055585682489407,1899.3224,False
2023-09-26,0.5,-0.16187989086729684,1919.7051,False
2023-09-26,0.9,-1.2136587187481558,1940.0027,False
2023-09-27,0.01,1.1935870701649995,1877.8519,True
2023-09-27,0.05,1.1935870701649995,1877.8519,True
2023-09-27,0.1,1.1935870701649995,1877.8519,False
2023-09-27,0.5,0.00274282980465797,1900.3479,False
2023-09-27,0.9,-1.149267960888336,1922.3667,False
2023-09-28,0.01,1.5970424682641138,1841.9471,True
2023-09-28,0.05,1.5970424682641138,1841.9471,True
2023-09-28,0.1,1.5970424682641138,1841.9471,False
2023-09-28,0.5,0.15146331408939914,1868.7673,False
2023-09-28,0.9,-1.238613407382034,1894.926,False
2023-09-29,0.01,1.6892291440678293,1829.2375,True
2023-09-29,0.05,1.6892291440678293,1829.2375,True
2023-09-29,0.1,1.6892291440678293,1829.2375,False
2023-09-29,0.5,0.24226855728848676,1855.8983,False
2023-09-29,0.9,-1.1591376693896864,1882.0901,False
2023-10-02,0.01,1.7027850815798111,1816.8972,True
2023-10-02,0.05,1.7027850815798111,1816.8972,True
2023-10-02,0.1,1.7027850815798111,1816.8972,False
2023-10-02,0.5,0.2668813918263714,1843.1743,False
2023-10-02,0.9,-1.1272496660531528,1869.0505,False
2023-10-03,0.01,1.746174337556644,1798.3224,True
2023-10-03,0.05,1.746174337556644,1798.3224,True
2023-10-03,0.1,1.746174337556644,1798.3224,False
2023-10-03,0.5,0.25601471405037074,1825.3209,False
2023-10-03,0.9,-1.1842132626590705,1851.7999,False
2023-10-04,0.01,1.53945424743018,1796.7262,True
2023-10-04,0.05,1.53945424743018,1796.7262,True
2023-10-04,0.1,1.53945424743018,1796.7262,False
2023-10-04,0.5,0.08657585878972165,1823.021,False
2023-10-04,0.9,-1.2963273925619585,1848.4067,False
2023-10-05,0.01,1.4513677219231242,1792.2975,True
2023-10-05,0.05,1.4513677219231242,1792.2975,True
2023-10-05,0.1,1.4513677219231242,1792.2975,False
2023-10-05,0.5,0.08311080943036288,1816.9893,False
2023-10-05,0.9,-1.245610610123827,1841.2931,False
2023-10-06,0.01,1.3335974773597044,1792.5347,True
2023-10-06,0.05,1.3335974773597044,1792.5347,True
2023-10-06,0.1,1.3335974773597044,1792.5347,False
2023-10-06,0.5,0.015429652341277252,1816.3197,False
2023-10-06,0.9,-1.2912733994534162,1840.2094,False
2023-10-09,0.01,1.3305158743545202,1806.0101,True
2023-10-09,0.05,1.3305158743545202,1806.0101,True
2023-10-09,0.1,1.3305158743545202,1806.0101,False
2023-10-09,0.5,0.09658502578009263,1828.4331,False
2023-10-09,0.9,-1.173551244910779,1851.8048,False
2023-10-10,0.01,1.2224487208994574,1827.0284,True
2023-10-10,0.05,1.2224487208994574,1827.0284,True
2023-10-10,0.1,1.2224487208994574,1827.0284,False
2023-10-10,0.5,-0.0320717269097652,1850.0933,False
2023-10-10,0.9,-1.316981772903096,1874.0187,False
2023-10-11,0.01,1.1410703644586608,1839.8854,True
2023-10-11,0.05,1.1410703644586608,1839.8854,True
2023-10-11,0.1,1.1410703644586608,1839.8854,False
2023-10-11,0.5,-0.0933097408007244,1862.7373,False
2023-10-11,0.9,-1.3044098973669045,1885.4341,False
2023-10-12,0.01,0.8042959151963008,1857.7976,True
2023-10-12,0.05,0.8042959151963008,1857.7976,True
2023-10-12,0.1,0.8042959151963008,1857.7976,False
2023-10-12,0.5,-0.39446984832173765,1880.2023,False
2023-10-12,0.9,-1.540236918746566,1901.8689,False
2023-10-13,0.01,0.8931775234594682,1852.6782,True
2023-10-13,0.05,0.8931775234594682,1852.6782,True
2023-10-13,0.1,0.8931775234594682,1852.6782,False
2023-10-13,0.5,-0.2633386714384305,1874.2291,False
2023-10-13,0.9,-1.351724331414467,1894.7394,False
2023-10-16,0.01,1.0975211595467904,1906.362,True
2023-10-16,0.05,1.0975211595467904,1906.362,True
2023-10-16,0.1,1.0975211595467904,1906.362,False
2023-10-16,0.5,-0.5110275947285592,1937.2748,False
2023-10-16,0.9,-2.0228104003785274,1966.7847,False
2023-10-17,0.01,0.8016593295813508,1905.7609,True
2023-10-17,0.05,0.8016593295813508,1905.7609,True
2023-10-17,0.1,0.8016593295813508,1905.7609,False
2023-10-17,0.5,-0.6019532516999578,1932.699,False
2023-10-17,0.9,-1.8344835140404445,1956.6675,False
2023-10-18,0.01,0.8327703957826414,1906.7548,True
2023-10-18,0.05,0.8327703957826414,1906.7548,True
2023-10-18,0.1,0.8327703957826414,1906.7548,False
2023-10-18,0.5,-0.4456506715938881,1931.2876,False
2023-10-18,0.9,-1.57514173320429,1953.225,False
2023-10-19,0.01,0.8680630257598659,1938.4003,True
2023-10-19,0.05,0.8680630257598659,1938.4003,True
2023-10-19,0.1,0.8680630257598659,1938.4003,False
2023-10-19,0.5,-0.5692720540357943,1966.4628,False
2023-10-19,0.9,-1.7904080616595814,1990.6232,False
2023-10-20,0.01,1.155176608988439,1945.7924,True
2023-10-20,0.05,1.155176608988439,1945.7924,True
2023-10-20,0.1,1.155176608988439,1945.7924,False
2023-10-20,0.5,-0.3358110431621358,1975.0212,False
2023-10-20,0.9,-1.6071025111575037,2000.2898,False
2023-10-23,0.01,1.193712278157016,1958.9753,True
2023-10-23,0.05,1.193712278157016,1958.9753,True
2023-10-23,0.1,1.193712278157016,1958.9753,False
2023-10-23,0.5,-0.2591119184696561,1987.6436,False
2023-10-23,0.9,-1.491029356108943,2012.2811,False
2023-10-24,0.01,1.355470142343335,1949.6926,True
2023-10-24,0.05,1.355470142343335,1949.6926,True
2023-10-24,0.1,1.355470142343335,1949.6926,False
2023-10-24,0.5,-0.007461186700268695,1976.4475,False
2023-10-24,0.9,-1.1880340099102926,1999.9192,False
2023-10-25,0.01,1.4744741811196969,1946.0928,True
2023-10-25,0.05,1.4744741811196969,1946.0928,True
2023-10-25,0.1,1.4744741811196969,1946.0928,False
2023-10-25,0.5,0.11575253900821705,1972.7152,False
2023-10-25,0.9,-1.0849015538352096,1996.5435,False
2023-10-26,0.01,1.3225520308753624,1958.032,True
2023-10-26,0.05,1.3225520308753624,1958.032,True
2023-10-26,0.1,1.3225520308753624,1958.032,False
2023-10-26,0.5,0.0295975559133076,1983.5128,False
2023-10-26,0.9,-1.1034612531146608,2006.115,False
2023-10-27,0.01,1.2583492757632064,1962.3507,True
2023-10-27,0.05,1.2583492757632064,1962.3507,True
2023-10-27,0.1,1.2583492757632064,1962.3507,False
2023-10-27,0.5,0.019738860409374236,1986.8077,False
2023-10-27,0.9,-1.0701759325465545,2008.5807,False
2023-10-30,0.01,1.255219972464649,1963.7947,True
2023-10-30,0.05,1.255219972464649,1963.7947,True
2023-10-30,0.1,1.255219972464649,1963.7947,False
2023-10-30,0.5,0.08348781929777703,1986.9404,False
2023-10-30,0.9,-0.926275759507917,2007.1055,False
2023-10-31,0.01,1.0757983704229632,1974.84,True
2023-10-31,0.05,1.0757983704229632,1974.84,True
2023-10-31,0.1,1.0757983704229632,1974.84,False
2023-10-31,0.5,-0.07043988047810416,1997.6066,False
2023-10-31,0.9,-1.115636153201223,2018.595,False
2023-11-01,0.01,1.2597993793289584,1960.3473,True
2023-11-01,0.05,1.2597993793289584,1960.3473,True
2023-11-01,0.1,1.2597993793289584,1960.3473,False
2023-11-01,0.5,0.046072909609426366,1984.2855,False
2023-11-01,0.9,-1.09039127095615,2006.9648,False
2023-11-02,0.01,1.5170446591915168,1949.0073,True
2023-11-02,0.05,1.5170446591915168,1949.0073,True
2023-11-02,0.1,1.5170446591915168,1949.0073,False
2023-11-02,0.5,0.32670783865500835,1972.3457,False
2023-11-02,0.9,-0.7790819911493825,1994.2767,False
2023-11-03,0.01,1.068615937502317,1964.4945,True
2023-11-03,0.05,1.068615937502317,1964.4945,True
2023-11-03,0.1,1.068615937502317,1964.4945,False
2023-11-03,0.5,-0.05833156110191457,1986.7585,False
2023-11-03,0.9,-1.0547926443964226,2006.6548,False
2023-11-06,0.01,0.9317305378128551,1973.0308,True
2023-11-06,0.05,0.9317305378128551,1973.0308,True
2023-11-06,0.1,0.9317305378128551,1973.0308,False
2023-11-06,0.5,-0.19772808435466377,1995.4417,False
2023-11-06,0.9,-1.2085770012473824,2015.7148,False
2023-11-07,0.01,1.1400037192019958,1959.138,True
2023-11-07,0.05,1.1400037192019958,1959.138,True
2023-11-07,0.1,1.1400037192019958,1959.138,False
2023-11-07,0.5,-0.008962673980043386,1981.7776,False
2023-11-07,0.9,-0.9659987035337196,2000.835,False
2023-11-08,0.01,1.4214226458776849,1939.0413,True
2023-11-08,0.05,1.4214226458776849,1939.0413,True
2023-11-08,0.1,1.4214226458776849,1939.0413,False
2023-11-08,0.5,0.17333133217840993,1963.3939,False
2023-11-08,0.9,-0.9055496319438364,1984.6913,False
2023-11-09,0.01,1.5823596999124785,1920.8633,True
2023-11-09,0.05,1.5823596999124785,1920.8633,True
2023-11-09,0.1,1.5823596999124785,1920.8633,False
2023-11-09,0.5,0.2980538511333558,1945.6921,False
2023-11-09,0.9,-0.8028454597734744,1967.2306,False
2023-11-10,0.01,1.2538563291758311,1939.7255,True
2023-11-10,0.05,1.2538563291758311,1939.7255,True
2023-11-10,0.1,1.2538563291758311,1939.7255,False
2023-11-10,0.5,0.08030207339286981,1962.6233,False
2023-11-10,0.9,-0.9294165552226532,1982.5406,False
2023-11-13,0.01,1.9971916755440178,1894.3851,True
2023-11-13,0.05,1.9971916755440178,1894.3851,True
2023-11-13,0.1,1.9971916755440178,1894.3851,False
2023-11-13,0.5,0.5980190409404275,1921.0771,False
2023-11-13,0.9,-0.6707115148110858,1945.6057,False
2023-11-14,0.01,1.5443849276903332,1915.6848,True
2023-11-14,0.05,1.5443849276903332,1915.6848,True
2023-11-14,0.1,1.5443849276903332,1915.6848,False
2023-11-14,0.5,0.29497828187410874,1939.7697,False
2023-11-14,0.9,-0.8503954665426758,1962.115,False
2023-11-15,0.01,1.3947231151345234,1934.6283,True
2023-11-15,0.05,1.3947231151345234,1934.6283,True
2023-11-15,0.1,1.3947231151345234,1934.6283,False
2023-11-15,0.5,0.17671558880024701,1958.3363,False
2023-11-15,0.9,-0.9618047079844901,1980.7598,False
2023-11-16,0.01,1.360979565722725,1933.6041,True
2023-11-16,0.05,1.360979565722725,1933.6041,True
2023-11-16,0.1,1.360979565722725,1933.6041,False
2023-11-16,0.5,0.1832889119767283,1956.5106,False
2023-11-16,0.9,-0.9480339669762137,1978.7708,False
2023-11-17,0.01,1.2560690074029537,1959.1367,True
2023-11-17,0.05,1.2560690074029537,1959.1367,True
2023-11-17,0.1,1.2560690074029537,1959.1367,False
2023-11-17,0.5,0.05338578240765183,1982.8412,False
2023-11-17,0.9,-1.0573416655744126,2004.9879,False
2023-11-20,0.01,0.9539688859149434,1962.786,True
2023-11-20,0.05,0.9539688859149434,1962.786,True
2023-11-20,0.1,0.9539688859149434,1962.786,False
2023-11-20,0.5,-0.16983380801293063,1984.9683,False
2023-11-20,0.9,-1.2371360978442312,2006.2673,False
2023-11-21,0.01,0.8262133630898708,1961.4272,True
2023-11-21,0.05,0.8262133630898708,1961.4272,True
2023-11-21,0.1,0.8262133630898708,1961.4272,False
2023-11-21,0.5,-0.2354564910897158,1982.362,False
2023-11-21,0.9,-1.2421881428144714,2002.4199,False
2023-11-22,0.01,0.8776012852878039,1981.8309,True
2023-11-22,0.05,0.8776012852878039,1981.8309,True
2023-11-22,0.1,0.8776012852878039,1981.8309,False
2023-11-22,0.5,-0.20219172789861917,2003.3466,False
2023-11-22,0.9,-1.257179884248179,2024.5935,False
2023-11-24,0.01,0.9406690173409683,1972.7554,True
2023-11-24,0.05,0.9406690173409683,1972.7554,True
2023-11-24,0.1,0.9406690173409683,1972.7554,False
2023-11-24,0.5,-0.0921630816161475,1993.2362,False
2023-11-24,0.9,-1.1292267564807157,2014.0149,False
2023-11-27,0.01,1.0004381747552633,1982.269,True
2023-11-27,0.05,1.0004381747552633,1982.269,True
2023-11-27,0.1,1.0004381747552633,1982.269,False
2023-11-27,0.5,0.0049873143584652155,2002.1001,False
2023-11-27,0.9,-0.9845519398120265,2022.01,False
2023-11-28,0.01,0.7969947248822287,1995.8298,True
2023-11-28,0.05,0.7969947248822287,1995.8298,True
2023-11-28,0.1,0.7969947248822287,1995.8298,False
2023-11-28,0.5,-0.1833922765200343,2015.4929,False
2023-11-28,0.9,-1.15562848551505,2035.1838,False
2023-11-29,0.01,0.7544658052521435,2024.369,True
2023-11-29,0.05,0.7544658052521435,2024.369,True
2023-11-29,0.1,0.7544658052521435,2024.369,False
2023-11-29,0.5,-0.38530106653243434,2047.5741,False
2023-11-29,0.9,-1.4717350546353303,2069.941,False
2023-11-30,0.01,0.8488479206599092,2029.7968,True
2023-11-30,0.05,0.8488479206599092,2029.7968,True
2023-11-30,0.1,0.8488479206599092,2029.7968,False
2023-11-30,0.5,-0.3409775585176352,2054.092,False
2023-11-30,0.9,-1.4847684036673938,2077.7214,False
2023-12-01,0.01,0.7848163781260578,2022.1672,True
2023-12-01,0.05,0.7848163781260578,2022.1672,True
2023-12-01,0.1,0.7848163781260578,2022.1672,False
2023-12-01,0.5,-0.3314733674680963,2044.867,False
2023-12-01,0.9,-1.3821471176982971,2066.465,False
2023-12-04,0.01,0.9193335901916148,2052.0479,True
2023-12-04,0.05,0.9193335901916148,2052.0479,True
2023-12-04,0.1,0.9193335901916148,2052.0479,False
2023-12-04,0.5,-0.4441004587274931,2080.2178,False
2023-12-04,0.9,-1.706448203164395,2106.6438,False
2023-12-05,0.01,1.0054583647918014,2003.8505,True
2023-12-05,0.05,1.0054583647918014,2003.8505,True
2023-12-05,0.1,1.0054583647918014,2003.8505,False
2023-12-05,0.5,-0.0900722941946316,2025.924,False
2023-12-05,0.9,-1.1379140932260974,2047.264,False
2023-12-06,0.01,1.303118806103983,1992.3672,True
2023-12-06,0.05,1.303118806103983,1992.3672,True
2023-12-06,0.1,1.303118806103983,1992.3672,False
2023-12-06,0.5,0.11796703912844539,2016.1202,False
2023-12-06,0.9,-0.9822753600058841,2038.4249,False
2023-12-07,0.01,1.1189616446503265,2007.9061,True
2023-12-07,0.05,1.1189616446503265,2007.9061,True
2023-12-07,0.1,1.1189616446503265,2007.9061,False
2023-12-07,0.5,0.03145285550482267,2029.8615,False
2023-12-07,0.9,-1.0032912201110316,2050.9744,False
2023-12-08,0.01,1.0626811939096588,2008.4429,True
2023-12-08,0.05,1.0626811939096588,2008.4429,True
2023-12-08,0.1,1.0626811939096588,2008.4429,False
2023-12-08,0.5,-0.0073363375869077395,2030.049,False
2023-12-08,0.9,-1.0502215619522168,2051.3308,False
2023-12-11,0.01,1.1413398893515614,1975.6223,True
2023-12-11,0.05,1.1413398893515614,1975.6223,True
2023-12-11,0.1,1.1413398893515614,1975.6223,False
2023-12-11,0.5,-0.02363790551312286,1998.7725,False
2023-12-11,0.9,-1.2069152532833634,2022.564,False
2023-12-12,0.01,1.279371379802739,1952.8552,True
2023-12-12,0.05,1.279371379802739,1952.8552,True
2023-12-12,0.1,1.279371379802739,1952.8552,False
2023-12-12,0.5,-0.0212026860327261,1978.4194,False
2023-12-12,0.9,-1.3098664724352072,2004.0796,False
2023-12-13,0.01,1.1700538816441182,1954.7936,True
2023-12-13,0.05,1.1700538816441182,1954.7936,True
2023-12-13,0.1,1.1700538816441182,1954.7936,False
2023-12-13,0.5,0.012937401143524482,1977.5442,False
2023-12-13,0.9,-1.1638122961683217,2000.9524,False
2023-12-14,0.01,0.9456915499712815,1963.642,True
2023-12-14,0.05,0.9456915499712815,1963.642,True
2023-12-14,0.1,0.9456915499712815,1963.642,False
2023-12-14,0.5,-0.14743727080802546,1985.2249,False
2023-12-14,0.9,-1.2763447071051948,2007.7632,False
2023-12-15,0.01,1.1106948002772468,2007.7754,True
2023-12-15,0.05,1.1106948002772468,2007.7754,True
2023-12-15,0.1,1.1106948002772468,2007.7754,False
2023-12-15,0.5,-0.14454357814175095,2033.1366,False
2023-12-15,0.9,-1.3930088240110408,2058.6787,False
2023-12-18,0.01,0.9354932928376063,2002.2809,True
2023-12-18,0.05,0.9354932928376063,2002.2809,True
2023-12-18,0.1,0.9354932928376063,2002.2809,False
2023-12-18,0.5,-0.26104925464930717,2026.3829,False
2023-12-18,0.9,-1.4741399337371248,2051.1145,False
2023-12-19,0.01,0.8878141394706976,2008.3899,True
2023-12-19,0.05,0.8878141394706976,2008.3899,True
2023-12-19,0.1,0.8878141394706976,2008.3899,False
2023-12-19,0.5,-0.26459816754423143,2031.6687,False
2023-12-19,0.9,-1.4226269646915013,2055.3328,False
2023-12-20,0.01,0.7300016280220231,2023.5739,True
2023-12-20,0.05,0.7300016280220231,2023.5739,True
2023-12-20,0.1,0.7300016280220231,2023.5739,False
2023-12-20,0.5,-0.42782673743993455,2047.1395,False
2023-12-20,0.9,-1.5887249535500798,2071.0432,False
2023-12-21,0.01,0.6567656677640161,2021.1819,True
2023-12-21,0.05,0.6567656677640161,2021.1819,True
2023-12-21,0.1,0.6567656677640161,2021.1819,False
2023-12-21,0.5,-0.45362672038189333,2043.75,False
2023-12-21,0.9,-1.5773305470791588,2066.8452,False
2023-12-22,0.01,0.7545499036514,2023.7719,True
2023-12-22,0.05,0.7545499036514,2023.7719,True
2023-12-22,0.1,0.7545499036514,2023.7719,False
2023-12-22,0.5,-0.31262766072276194,2045.4847,False
2023-12-22,0.9,-1.4062219160153453,2067.9768,False
2023-12-26,0.01,0.6262117418949683,2044.2585,True
2023-12-26,0.05,0.6262117418949683,2044.2585,True
2023-12-26,0.1,0.6262117418949683,2044.2585,False
2023-12-26,0.5,-0.5251274679185994,2067.931,False
2023-12-26,0.9,-1.6635600296345268,2091.6074,False
2023-12-27,0.01,0.4566786371444531,2048.822,True
2023-12-27,0.05,0.4566786371444531,2048.822,True
2023-12-27,0.1,0.4566786371444531,2048.822,False
2023-12-27,0.5,-0.6902848700585758,2072.4565,False
2023-12-27,0.9,-1.8305665115264804,2096.2236,False
2023-12-28,0.01,0.8141325018399053,2065.0193,True
2023-12-28,0.05,0.8141325018399053,2065.0193,True
2023-12-28,0.1,0.8141325018399053,2065.0193,False
2023-12-28,0.5,-0.3793457641297229,2089.8125,False
2023-12-28,0.9,-1.5721051431160415,2114.8882,False
2023-12-29,0.01,0.8604139998499571,2056.1323,True
2023-12-29,0.05,0.8604139998499571,2056.1323,True
2023-12-29,0.1,0.8604139998499571,2056.1323,False
2023-12-29,0.5,-0.25630205172991877,2079.2222,False
2023-12-29,0.9,-1.4273445395625628,2103.7139,False
2024-01-02,0.01,0.6964757089481761,2048.0857,True
2024-01-02,0.05,0.6964757089481761,2048.0857,True
2024-01-02,0.1,0.6964757089481761,2048.0857,False
2024-01-02,0.5,-0.3538765913171019,2069.7112,False
2024-01-02,0.9,-1.512197447251008,2093.8245,False
2024-01-03,0.01,0.540212133043198,2053.2778,True
2024-01-03,0.05,0.540212133043198,2053.2778,True
2024-01-03,0.1,0.540212133043198,2053.2778,False
2024-01-03,0.5,-0.4968841776184822,2074.683,False
2024-01-03,0.9,-1.6598895907840534,2098.9526,False
2024-01-04,0.01,1.0037869818362917,2013.883,True
2024-01-04,0.05,1.0037869818362917,2013.883,True
2024-01-04,0.1,1.0037869818362917,2013.883,False
2024-01-04,0.5,-0.23325279213890884,2038.9503,False
2024-01-04,0.9,-1.561516749139614,2066.2136,False
2024-01-05,0.01,1.0306948162131069,2021.3583,True
2024-01-05,0.05,1.0306948162131069,2021.3583,True
2024-01-05,0.1,1.0306948162131069,2021.3583,False
2024-01-05,0.5,-0.12535681228512247,2044.8618,False
2024-01-05,0.9,-1.3595555552414014,2070.2559,False
2024-01-08,0.01,0.9242138764789134,2023.6108,True
2024-01-08,0.05,0.9242138764789134,2023.6108,True
2024-01-08,0.1,0.9242138764789134,2023.6108,False
2024-01-08,0.5,-0.11558439556034253,2044.7621,False
2024-01-08,0.9,-1.24346351348045,2067.955,False
2024-01-09,0.01,1.14578169848005,2003.5121,True
2024-01-09,0.05,1.14578169848005,2003.5121,True
2024-01-09,0.1,1.14578169848005,2003.5121,False
2024-01-09,0.5,0.07450111743764157,2025.0907,False
2024-01-09,0.9,-1.0291336350107028,2047.5641,False
2024-01-10,0.01,1.1711314614608996,2002.8066,True
2024-01-10,0.05,1.1711314614608996,2002.8066,True
2024-01-10,0.1,1.1711314614608996,2002.8066,False
2024-01-10,0.5,0.06403753455777668,2025.1028,False
2024-01-10,0.9,-1.0626359378226558,2048.048,False
2024-01-11,0.01,1.1005610131187498,1999.5719,True
2024-01-11,0.05,1.1005610131187498,1999.5719,True
2024-01-11,0.1,1.1005610131187498,1999.5719,False
2024-01-11,0.5,-0.004854436932149863,2021.7981,False
2024-01-11,0.9,-1.1456326168984596,2044.9944,False
2024-01-12,0.01,1.1738360714042277,1990.7937,True
2024-01-12,0.05,1.1738360714042277,1990.7937,True
2024-01-12,0.1,1.1738360714042277,1990.7937,False
2024-01-12,0.5,0.08483614653335471,2012.5919,False
2024-01-12,0.9,-1.0173785113231932,2034.8977,False
2024-01-16,0.01,0.8200379632068245,2029.9849,True
2024-01-16,0.05,0.8200379632068245,2029.9849,True
2024-01-16,0.1,0.8200379632068245,2029.9849,False
2024-01-16,0.5,-0.2540285019340708,2051.9058,False
2024-01-16,0.9,-1.3463081798035423,2074.4412,False
2024-01-17,0.01,0.7516644704697566,2010.8284,True
2024-01-17,0.05,0.7516644704697566,2010.8284,True
2024-01-17,0.1,0.7516644704697566,2010.8284,False
2024-01-17,0.5,-0.31552282277053934,2032.4026,False
2024-01-17,0.9,-1.3887224820630513,2054.3318,False
2024-01-18,0.01,1.0242150493824844,1982.1937,True
2024-01-18,0.05,1.0242150493824844,1982.1937,True
2024-01-18,0.1,1.0242150493824844,1982.1937,False
2024-01-18,0.5,-0.11183421411519252,2004.8408,False
2024-01-18,0.9,-1.254886459659182,2027.8887,False
2024-01-19,0.01,0.7705357157667092,2003.1057,True
2024-01-19,0.05,0.7705357157667092,2003.1057,True
2024-01-19,0.1,0.7705357157667092,2003.1057,False
2024-01-19,0.5,-0.2769442340075541,2024.1981,False
2024-01-19,0.9,-1.339667885711631,2045.8245,False
2024-01-22,0.01,0.6946205795126786,2012.4723,True
2024-01-22,0.05,0.6946205795126786,2012.4723,True
2024-01-22,0.1,0.6946205795126786,2012.4723,False
2024-01-22,0.5,-0.37683062090443176,2034.1509,False
2024-01-22,0.9,-1.442308745065067,2055.9402,False
2024-01-23,0.01,0.6828508801863299,2006.0548,True
2024-01-23,0.05,0.6828508801863299,2006.0548,True
2024-01-23,0.1,0.6828508801863299,2006.0548,False
2024-01-23,0.5,-0.34762605156672527,2026.8336,False
2024-01-23,0.9,-1.396197965070616,2048.1982,False
2024-01-24,0.01,0.6233106583225262,2011.1252,True
2024-01-24,0.05,0.6233106583225262,2011.1252,True
2024-01-24,0.1,0.6233106583225262,2011.1252,False
2024-01-24,0.5,-0.4095557852573005,2032.0051,False
2024-01-24,0.9,-1.4489155471205128,2053.235,False
2024-01-25,0.01,0.4835324648200032,2004.1857,True
2024-01-25,0.05,0.4835324648200032,2004.1857,True
2024-01-25,0.1,0.4835324648200032,2004.1857,False
2024-01-25,0.5,-0.5334316764357999,2024.6715,False
2024-01-25,0.9,-1.5901454037568499,2046.1799,False
2024-01-26,0.01,0.46275618386599665,2007.5883,True
2024-01-26,0.05,0.46275618386599665,2007.5883,True
2024-01-26,0.1,0.46275618386599665,2007.5883,False
2024-01-26,0.5,-0.5211109544335251,2027.4377,False
2024-01-26,0.9,-1.566792147886479,2048.7495,False
2024-01-29,0.01,0.6220025720793694,2004.2944,True
2024-01-29,0.05,0.6220025720793694,2004.2944,True
2024-01-29,0.1,0.6220025720793694,2004.2944,False
2024-01-29,0.5,-0.41559542469083594,2025.1992,False
2024-01-29,0.9,-1.524488806881817,2047.7815,False
2024-01-30,0.01,0.7689017433488121,2009.6879,True
2024-01-30,0.05,0.7689017433488121,2009.6879,True
2024-01-30,0.1,0.7689017433488121,2009.6879,False
2024-01-30,0.5,-0.25558557362181167,2030.3827,False
2024-01-30,0.9,-1.3318754036618927,2052.3535,False
2024-01-31,0.01,0.5615831311692546,2020.1234,True
2024-01-31,0.05,0.5615831311692546,2020.1234,True
2024-01-31,0.1,0.5615831311692546,2020.1234,False
2024-01-31,0.5,-0.4084353079559415,2039.8143,False
2024-01-31,0.9,-1.4224235238542116,2060.603,False
2024-02-01,0.01,0.5041382859789161,2038.0991,True
2024-02-01,0.05,0.5041382859789161,2038.0991,True
2024-02-01,0.1,0.5041382859789161,2038.0991,False
2024-02-01,0.5,-0.5325210228690427,2059.3372,False
2024-02-01,0.9,-1.5600810555542874,2080.6072,False
2024-02-02,0.01,0.6784516562970098,2039.1185,True
2024-02-02,0.05,0.6784516562970098,2039.1185,True
2024-02-02,0.1,0.6784516562970098,2039.1185,False
2024-02-02,0.5,-0.3427310432940111,2060.0483,False
2024-02-02,0.9,-1.3789933750747037,2081.5068,False
2024-02-05,0.01,0.6861606945903492,2022.1769,True
2024-02-05,0.05,0.6861606945903492,2022.1769,True
2024-02-05,0.1,0.6861606945903492,2022.1769,False
2024-02-05,0.5,-0.31306366132693664,2042.4843,False
2024-02-05,0.9,-1.3827503795135896,2064.4497,False
2024-02-06,0.01,0.7362160451405311,2010.8412,True
2024-02-06,0.05,0.7362160451405311,2010.8412,True
2024-02-06,0.1,0.7362160451405311,2010.8412,False
2024-02-06,0.5,-0.24674054674670545,2030.7043,False
2024-02-06,0.9,-1.296221147317508,2052.1284,False
2024-02-07,0.01,0.5247014935522536,2023.8529,True
2024-02-07,0.05,0.5247014935522536,2023.8529,True
2024-02-07,0.1,0.5247014935522536,2023.8529,False
2024-02-07,0.5,-0.43217588201000356,2043.3116,False
2024-02-07,0.9,-1.4736717219671558,2064.7039,False
2024-02-08,0.01,0.7089579395488518,2020.8223,True
2024-02-08,0.05,0.7089579395488518,2020.8223,True
2024-02-08,0.1,0.7089579395488518,2020.8223,False
2024-02-08,0.5,-0.22847668371573787,2039.8552,False
2024-02-08,0.9,-1.2394886090077932,2060.583,False
2024-02-09,0.01,0.8190089536660611,2015.624,True
2024-02-09,0.05,0.8190089536660611,2015.624,True
2024-02-09,0.1,0.8190089536660611,2015.624,False
2024-02-09,0.5,-0.0733942519128212,2033.692,False
2024-02-09,0.9,-1.0438260636032215,2053.5237,False
2024-02-12,0.01,0.7575891762398318,2008.0297,True
2024-02-12,0.05,0.7575891762398318,2008.0297,True
2024-02-12,0.1,0.7575891762398318,2008.0297,False
2024-02-12,0.5,-0.16960699931794423,2026.7346,False
2024-02-12,0.9,-1.162397235816635,2046.956,False
2024-02-13,0.01,0.8034930585960252,2002.0488,True
2024-02-13,0.05,0.8034930585960252,2002.0488,True
2024-02-13,0.1,0.8034930585960252,2002.0488,False
2024-02-13,0.5,-0.15328387437800245,2021.2959,False
2024-02-13,0.9,-1.1733642282465202,2042.0203,False
2024-02-14,0.01,1.354651651454814,1966.0852,True
2024-02-14,0.05,1.354651651454814,1966.0852,True
2024-02-14,0.1,1.354651651454814,1966.0852,False
2024-02-14,0.5,0.23913409497349938,1988.14,False
2024-02-14,0.9,-0.9105211305503205,2011.1287,False
2024-02-15,0.01,1.2240300527135004,1966.0867,True
2024-02-15,0.05,1.2240300527135004,1966.0867,True
2024-02-15,0.1,1.2240300527135004,1966.0867,False
2024-02-15,0.5,0.1214018470582788,1987.8853,False
2024-02-15,0.9,-0.9949579072875423,2010.2015,False
2024-02-16,0.01,0.9853459724693967,1982.4692,True
2024-02-16,0.05,0.9853459724693967,1982.4692,True
2024-02-16,0.1,0.9853459724693967,1982.4692,False
2024-02-16,0.5,-0.019929478730860147,2002.499,False
2024-02-16,0.9,-1.0887999663254304,2024.018,False
2024-02-20,0.01,0.9496523438394143,1992.4882,True
2024-02-20,0.05,0.9496523438394143,1992.4882,True
2024-02-20,0.1,0.9496523438394143,1992.4882,False
2024-02-20,0.5,-0.03050230561188702,2012.1136,False
2024-02-20,0.9,-1.0946765683064135,2033.6404,False
2024-02-21,0.01,1.0115118580274287,2007.095,True
2024-02-21,0.05,1.0115118580274287,2007.095,True
2024-02-21,0.1,1.0115118580274287,2007.095,False
2024-02-21,0.5,-0.08224547323638656,2029.1682,False
2024-02-21,0.9,-1.2142286341803041,2052.2686,False
2024-02-22,0.01,0.9186809836808887,2003.8066,True
2024-02-22,0.05,0.9186809836808887,2003.8066,True
2024-02-22,0.1,0.9186809836808887,2003.8066,False
2024-02-22,0.5,-0.1416600469326285,2025.1669,False
2024-02-22,0.9,-1.2204326638748295,2047.1321,False
2024-02-23,0.01,0.7642431740600649,2004.3234,True
2024-02-23,0.05,0.7642431740600649,2004.3234,True
2024-02-23,0.1,0.7642431740600649,2004.3234,False
2024-02-23,0.5,-0.26845754169669456,2025.1293,False
2024-02-23,0.9,-1.3232815036736183,2046.6039,False
2024-02-26,0.01,0.6685748635828159,2025.0159,True
2024-02-26,0.05,0.6685748635828159,2025.0159,True
2024-02-26,0.1,0.6685748635828159,2025.0159,False
2024-02-26,0.5,-0.4019405380523336,2046.8104,False
2024-02-26,0.9,-1.4689299259228956,2068.7666,False
2024-02-27,0.01,0.628431614294114,2015.7922,True
2024-02-27,0.05,0.628431614294114,2015.7922,True
2024-02-27,0.1,0.628431614294114,2015.7922,False
2024-02-27,0.5,-0.3767295645548515,2036.1564,False
2024-02-27,0.9,-1.4152094471215864,2057.4116,False
2024-02-28,0.01,0.5745496430363244,2022.3472,True
2024-02-28,0.05,0.5745496430363244,2022.3472,True
2024-02-28,0.1,0.5745496430363244,2022.3472,False
2024-02-28,0.5,-0.4132955978582321,2042.4238,False
2024-02-28,0.9,-1.4558510344307156,2063.8286,False
2024-02-29,0.01,0.53413810431935,2022.1699,True
2024-02-29,0.05,0.53413810431935,2022.1699,True
2024-02-29,0.1,0.53413810431935,2022.1699,False
2024-02-29,0.5,-0.410855424590412,2041.3699,False
2024-02-29,0.9,-1.3990853709392763,2061.6433,False
2024-03-01,0.01,0.4416910013763966,2036.6842,True
2024-03-01,0.05,0.4416910013763966,2036.6842,True
2024-03-01,0.1,0.4416910013763966,2036.6842,False
2024-03-01,0.5,-0.48706928237062647,2055.6882,False
2024-03-01,0.9,-1.4707311204173232,2076.009,False
2024-03-04,0.01,0.6673173801663821,2073.02,True
2024-03-04,0.05,0.6673173801663821,2073.02,True
2024-03-04,0.1,0.6673173801663821,2073.02,False
2024-03-04,0.5,-0.5182418579175312,2097.7432,False
2024-03-04,0.9,-1.6614599259529306,2121.8625,False
2024-03-05,0.01,0.9016095094560814,2098.6924,True
2024-03-05,0.05,0.9016095094560814,2098.6924,True
2024-03-05,0.1,0.9016095094560814,2098.6924,False
2024-03-05,0.5,-0.4619190772072285,2127.5046,False
2024-03-05,0.9,-1.7767461920871506,2155.6624,False
2024-03-06,0.01,0.6509318438957622,2119.6575,True
2024-03-06,0.05,0.6509318438957622,2119.6575,True
2024-03-06,0.1,0.6509318438957622,2119.6575,False
2024-03-06,0.5,-0.7793154237515213,2150.1917,False
2024-03-06,0.9,-2.1059655257123198,2178.9072,False
2024-03-07,0.01,0.6047682406267251,2137.335,True
2024-03-07,0.05,0.6047682406267251,2137.335,True
2024-03-07,0.1,0.6047682406267251,2137.335,False
2024-03-07,0.5,-0.8624735867828746,2168.926,False
2024-03-07,0.9,-2.220911787077203,2198.5906,False
2024-03-08,0.01,1.1013264785798738,2134.3638,True
2024-03-08,0.05,1.1013264785798738,2134.3638,True
2024-03-08,0.1,1.1013264785798738,2134.3638,False
2024-03-08,0.5,-0.2724370345900921,2163.8872,False
2024-03-08,0.9,-1.5457734861822354,2191.617,False
2024-03-11,0.01,1.3402734092695725,2149.5957,True
2024-03-11,0.05,1.3402734092695725,2149.5957,True
2024-03-11,0.1,1.3402734092695725,2149.5957,False
2024-03-11,0.5,-0.08875937742340573,2180.5347,False
2024-03-11,0.9,-1.4275313583078222,2209.9233,False
2024-03-12,0.01,1.272877460556283,2154.8955,True
2024-03-12,0.05,1.272877460556283,2154.8955,True
2024-03-12,0.1,1.272877460556283,2154.8955,False
2024-03-12,0.5,-0.10628030802271762,2184.8208,False
2024-03-12,0.9,-1.3973916790104208,2213.2122,False
2024-03-13,0.01,1.0703824230445116,2137.3987,True
2024-03-13,0.05,1.0703824230445116,2137.3987,True
2024-03-13,0.1,1.0703824230445116,2137.3987,False
2024-03-13,0.5,-0.08403069947428544,2162.216,False
2024-03-13,0.9,-1.2407399249209659,2187.3718,False
2024-03-14,0.01,1.1869131333890295,2149.7324,True
2024-03-14,0.05,1.1869131333890295,2149.7324,True
2024-03-14,0.1,1.1869131333890295,2149.7324,False
2024-03-14,0.5,-0.0714972935137862,2176.9558,False
2024-03-14,0.9,-1.3084199195215775,2204.0503,False
2024-03-15,0.01,1.0622782250457656,2140.1445,True
2024-03-15,0.05,1.0622782250457656,2140.1445,True
2024-03-15,0.1,1.0622782250457656,2140.1445,False
2024-03-15,0.5,-0.11710310555911481,2165.5344,False
2024-03-15,0.9,-1.3063022504983843,2191.4407,False
2024-03-18,0.01,1.05353665928352,2134.6914,True
2024-03-18,0.05,1.05353665928352,2134.6914,True
2024-03-18,0.1,1.05353665928352,2134.6914,False
2024-03-18,0.5,-0.09678099893497868,2159.389,False
2024-03-18,0.9,-1.2550294202027812,2184.5454,False
2024-03-19,0.01,0.8201124591850817,2143.0522,True
2024-03-19,0.05,0.8201124591850817,2143.0522,True
2024-03-19,0.1,0.8201124591850817,2143.0522,False
2024-03-19,0.5,-0.3750601423432368,2168.819,False
2024-03-19,0.9,-1.5331529384443483,2194.082,False
2024-03-20,0.01,0.9439346706171695,2136.0417,True
2024-03-20,0.05,0.9439346706171695,2136.0417,True
2024-03-20,0.1,0.9439346706171695,2136.0417,False
2024-03-20,0.5,-0.2757114370678639,2162.2534,False
2024-03-20,0.9,-1.4363629347518814,2187.4958,False
2024-03-21,0.01,0.8135499463215192,2140.4155,True
2024-03-21,0.05,0.8135499463215192,2140.4155,True
2024-03-21,0.1,0.8135499463215192,2140.4155,False
2024-03-21,0.5,-0.4015118297059529,2166.5815,False
2024-03-21,0.9,-1.5665967847656836,2191.9717,False
2024-03-22,0.01,0.7325253726427924,2166.4717,True
2024-03-22,0.05,0.7325253726427924,2166.4717,True
2024-03-22,0.1,0.7325253726427924,2166.4717,False
2024-03-22,0.5,-0.5914608351631048,2195.3462,False
2024-03-22,0.9,-1.8251593185514134,2222.598,False
2024-03-25,0.01,0.7057762434669175,2142.9224,True
2024-03-25,0.05,0.7057762434669175,2142.9224,True
2024-03-25,0.1,0.7057762434669175,2142.9224,False
2024-03-25,0.5,-0.47664522884184196,2168.4111,False
2024-03-25,0.9,-1.6492102688067805,2193.9868,False
2024-03-26,0.01,0.7477724903105193,2158.5981,True
2024-03-26,0.05,0.7477724903105193,2158.5981,True
2024-03-26,0.1,0.7477724903105193,2158.5981,False
2024-03-26,0.5,-0.5114435704490181,2185.9514,False
2024-03-26,0.9,-1.7246505944922033,2212.633,False
2024-03-27,0.01,0.5433272640819686,2163.8115,True
2024-03-27,0.05,0.5433272640819686,2163.8115,True
2024-03-27,0.1,0.5433272640819686,2163.8115,False
2024-03-27,0.5,-0.7128070286334433,2191.1633,False
2024-03-27,0.9,-1.9210431523041138,2217.7983,False
2024-03-28,0.01,0.589752743768877,2177.719,True
2024-03-28,0.05,0.589752743768877,2177.719,True
2024-03-28,0.1,0.589752743768877,2177.719,False
2024-03-28,0.5,-0.7060399408372605,2206.1213,False
2024-03-28,0.9,-1.9221725240762533,2233.1145,False
2024-04-01,0.01,0.7875048656828837,2200.0063,True
2024-04-01,0.05,0.7875048656828837,2200.0063,True
2024-04-01,0.1,0.7875048656828837,2200.0063,False
2024-04-01,0.5,-0.7301462084040818,2233.6494,False
2024-04-01,0.9,-2.0865153404084227,2264.1523,False
2024-04-02,0.01,1.2764203310634545,2208.1343,True
2024-04-02,0.05,1.2764203310634545,2208.1343,True
2024-04-02,0.1,1.2764203310634545,2208.1343,False
2024-04-02,0.5,-0.42311033832913214,2245.983,False
2024-04-02,0.9,-1.8651689725994944,2278.606,False
2024-04-03,0.01,1.5009080094591736,2227.3179,True
2024-04-03,0.05,1.5009080094591736,2227.3179,True
2024-04-03,0.1,1.5009080094591736,2227.3179,False
2024-04-03,0.5,-0.4110831601248665,2270.3137,False
2024-04-03,0.9,-2.050835792166049,2307.8481,False
2024-04-04,0.01,1.8371441073766137,2252.6333,True
2024-04-04,0.05,1.8371441073766137,2252.6333,True
2024-04-04,0.1,1.8371441073766137,2252.6333,False
2024-04-04,0.5,-0.3925520081575737,2303.4243,False
2024-04-04,0.9,-2.2860571010154236,2347.4553,False
2024-04-05,0.01,1.7156714417647614,2249.8667,True
2024-04-05,0.05,1.7156714417647614,2249.8667,True
2024-04-05,0.1,1.7156714417647614,2249.8667,False
2024-04-05,0.5,-0.31360093724871574,2295.989,False
2024-04-05,0.9,-2.0540191197088093,2336.2986,False
2024-04-08,0.01,2.010948304719603,2279.3984,True
2024-04-08,0.05,2.010948304719603,2279.3984,True
2024-04-08,0.1,2.010948304719603,2279.3984,False
2024-04-08,0.5,-0.22005847463710335,2330.8235,False
2024-04-08,0.9,-2.1064995759271388,2375.2104,False
2024-04-09,0.01,1.9553548389867819,2286.5498,True
2024-04-09,0.05,1.9553548389867819,2286.5498,True
2024-04-09,0.1,1.9553548389867819,2286.5498,False
2024-04-09,0.5,-0.23306327136700422,2337.1406,False
2024-04-09,0.9,-2.0718288350932226,2380.5127,False
2024-04-10,0.01,1.97355557243203,2297.7031,True
2024-04-10,0.05,1.97355557243203,2297.7031,True
2024-04-10,0.1,1.97355557243203,2297.7031,False
2024-04-10,0.5,-0.21240111590342015,2348.483,False
2024-04-10,0.9,-2.0490625747417464,2392.0151,False
2024-04-11,0.01,1.97294213271711,2284.0889,True
2024-04-11,0.05,1.97294213271711,2284.0889,True
2024-04-11,0.1,1.97294213271711,2284.0889,False
2024-04-11,0.5,0.0379760221049346,2328.7156,False
2024-04-11,0.9,-1.6128334774019921,2367.4773,False
2024-04-12,0.01,2.4072160941116825,2298.7917,True
2024-04-12,0.05,2.4072160941116825,2298.7917,True
2024-04-12,0.1,2.4072160941116825,2298.7917,False
2024-04-12,0.5,0.38827992934162964,2345.6746,False
2024-04-12,0.9,-1.3311781627462669,2386.3562,False
2024-04-15,0.01,2.2762882136634093,2303.1719,True
2024-04-15,0.05,2.2762882136634093,2303.1719,True
2024-04-15,0.1,2.2762882136634093,2303.1719,False
2024-04-15,0.5,0.34221806702067037,2348.1504,False
2024-04-15,0.9,-1.3309548564377196,2387.7695,False
2024-04-16,0.01,2.2580051542227904,2312.9788,True
2024-04-16,0.05,2.2580051542227904,2312.9788,True
2024-04-16,0.1,2.2580051542227904,2312.9788,False
2024-04-16,0.5,0.3624502076663687,2357.2407,False
2024-04-16,0.9,-1.3077564331691758,2396.9421,False
2024-04-17,0.01,2.205551306707071,2338.647,True
2024-04-17,0.05,2.205551306707071,2338.647,True
2024-04-17,0.1,2.205551306707071,2338.647,False
2024-04-17,0.5,0.07677016509354205,2388.9653,False
2024-04-17,0.9,-1.7314359903827996,2432.5557,False
2024-04-18,0.01,2.3188227159321873,2317.3372,True
2024-04-18,0.05,2.3188227159321873,2317.3372,True
2024-04-18,0.1,2.3188227159321873,2317.3372,False
2024-04-18,0.5,0.45452956525767674,2360.9443,False
2024-04-18,0.9,-1.179156745985426,2399.8315,False
2024-04-19,0.01,2.289142483250169,2328.3853,True
2024-04-19,0.05,2.289142483250169,2328.3853,True
2024-04-19,0.1,2.289142483250169,2328.3853,False
2024-04-19,0.5,0.4177746486815152,2372.3682,False
2024-04-19,0.9,-1.261058541588649,2412.5325,False
2024-04-22,0.01,2.129155983220742,2347.874,True
2024-04-22,0.05,2.129155983220742,2347.874,True
2024-04-22,0.1,2.129155983220742,2347.874,False
2024-04-22,0.5,0.12372461828312348,2395.4343,False
2024-04-22,0.9,-1.6463941953028471,2438.2139,False
2024-04-23,0.01,2.0266926779604457,2285.4092,True
2024-04-23,0.05,2.0266926779604457,2285.4092,True
2024-04-23,0.1,2.0266926779604457,2285.4092,False
2024-04-23,0.5,0.13515270896108175,2329.05,False
2024-04-23,0.9,-1.5215254797107534,2367.9563,False
2024-04-24,0.01,2.0973782397310425,2279.3877,True
2024-04-24,0.05,2.0973782397310425,2279.3877,True
2024-04-24,0.1,2.0973782397310425,2279.3877,False
2024-04-24,0.5,0.18673304629088386,2323.3574,False
2024-04-24,0.9,-1.4687101025399374,2362.1394,False
2024-04-25,0.01,1.8218654102222245,2282.5342,True
2024-04-25,0.05,1.8218654102222245,2282.5342,True
2024-04-25,0.1,1.8218654102222245,2282.5342,False
2024-04-25,0.5,-0.08885731595601468,2326.5664,False
2024-04-25,0.9,-1.7691263165982585,2365.9893,False
2024-04-26,0.01,1.8846888737914358,2286.3018,True
2024-04-26,0.05,1.8846888737914358,2286.3018,True
2024-04-26,0.1,1.8846888737914358,2286.3018,False
2024-04-26,0.5,-0.06232037198358156,2331.2524,False
2024-04-26,0.9,-1.75439807001942,2371.0347,False
2024-04-29,0.01,1.7780798278167425,2293.6523,True
2024-04-29,0.05,1.7780798278167425,2293.6523,True
2024-04-29,0.1,1.7780798278167425,2293.6523,False
2024-04-29,0.5,-0.14074081467049163,2338.0884,False
2024-04-29,0.9,-1.8343090934614084,2378.0227,False
2024-04-30,0.01,1.7435302178473857,2304.8616,True
2024-04-30,0.05,1.7435302178473857,2304.8616,True
2024-04-30,0.1,1.7435302178473857,2304.8616,False
2024-04-30,0.5,-0.2174954493904464,2350.5066,False
2024-04-30,0.9,-1.9120464595746653,2390.6765,False
2024-05-01,0.01,1.853062157154979,2249.3298,True
2024-05-01,0.05,1.853062157154979,2249.3298,True
2024-05-01,0.1,1.853062157154979,2249.3298,False
2024-05-01,0.5,-0.18034834399944102,2295.5361,False
2024-05-01,0.9,-1.952938386756791,2336.5894,False
2024-05-02,0.01,1.834007641243566,2258.104,True
2024-05-02,0.05,1.834007641243566,2258.104,True
2024-05-02,0.1,1.834007641243566,2258.104,False
2024-05-02,0.5,-0.1402885187417169,2303.1287,False
2024-05-02,0.9,-1.9234361495896641,2344.5652,False
2024-05-03,0.01,1.7865095341577157,2258.4893,True
2024-05-03,0.05,1.7865095341577157,2258.4893,True
2024-05-03,0.1,1.7865095341577157,2258.4893,False
2024-05-03,0.5,-0.10257520900621235,2301.5596,False
2024-05-03,0.9,-1.8588939431499294,2342.3394,False
2024-05-06,0.01,2.0240950989108315,2252.9338,True
2024-05-06,0.05,2.0240950989108315,2252.9338,True
2024-05-06,0.1,2.0240950989108315,2252.9338,False
2024-05-06,0.5,0.20013208143149813,2294.4036,False
2024-05-06,0.9,-1.5232501424656437,2334.2876,False
2024-05-07,0.01,1.6087662295806038,2284.5498,True
2024-05-07,0.05,1.6087662295806038,2284.5498,True
2024-05-07,0.1,1.6087662295806038,2284.5498,False
2024-05-07,0.5,-0.15130607726729406,2325.1155,False
2024-05-07,0.9,-1.8191190421440522,2364.2192,False
2024-05-08,0.01,1.5144161849865987,2280.4023,True
2024-05-08,0.05,1.5144161849865987,2280.4023,True
2024-05-08,0.1,1.5144161849865987,2280.4023,False
2024-05-08,0.5,-0.16335804651269262,2318.985,False
2024-05-08,0.9,-1.7677889066359338,2356.4917,False
2024-05-09,0.01,1.4205622453088822,2280.9663,True
2024-05-09,0.05,1.4205622453088822,2280.9663,True
2024-05-09,0.1,1.4205622453088822,2280.9663,False
2024-05-09,0.5,-0.2518641088900539,2319.4346,False
2024-05-09,0.9,-1.8625017416700134,2357.0947,False
2024-05-10,0.01,1.4392755014466936,2298.7751,True
2024-05-10,0.05,1.4392755014466936,2298.7751,True
2024-05-10,0.1,1.4392755014466936,2298.7751,False
2024-05-10,0.5,-0.2432895842759959,2337.7808,False
2024-05-10,0.9,-1.8709627224465109,2376.1436,False
2024-05-13,0.01,1.6346946199390378,2328.9165,True
2024-05-13,0.05,1.6346946199390378,2328.9165,True
2024-05-13,0.1,1.6346946199390378,2328.9165,False
2024-05-13,0.5,-0.1874493590615546,2371.7417,False
2024-05-13,0.9,-1.9191724688038991,2413.1714,False
2024-05-14,0.01,1.2110450999659765,2307.9795,True
2024-05-14,0.05,1.2110450999659765,2307.9795,True
2024-05-14,0.1,1.2110450999659765,2307.9795,False
2024-05-14,0.5,-0.4284822510259643,2346.1313,False
2024-05-14,0.9,-2.0755927115824195,2385.0947,False
2024-05-15,0.01,1.545146554603069,2317.316,True
2024-05-15,0.05,1.545146554603069,2317.316,True
2024-05-15,0.1,1.545146554603069,2317.316,False
2024-05-15,0.5,-0.14501604440203658,2356.8152,False
2024-05-15,0.9,-1.793473972525931,2395.9883,False
2024-05-16,0.01,1.9807694706530203,2341.8508,True
2024-05-16,0.05,1.9807694706530203,2341.8508,True
2024-05-16,0.1,1.9807694706530203,2341.8508,False
2024-05-16,0.5,0.12284585404620704,2385.7673,False
2024-05-16,0.9,-1.609827469802887,2427.465,False
2024-05-17,0.01,1.8128178963116433,2337.2437,True
2024-05-17,0.05,1.8128178963116433,2337.2437,True
2024-05-17,0.1,1.8128178963116433,2337.2437,False
2024-05-17,0.5,0.037818173016302935,2379.1,False
2024-05-17,0.9,-1.6624074740917247,2419.896,False
2024-05-20,0.01,2.0711739084437553,2362.753,True
2024-05-20,0.05,2.0711739084437553,2362.753,True
2024-05-20,0.1,2.0711739084437553,2362.753,False
2024-05-20,0.5,0.055347244111353,2410.8652,False
2024-05-20,0.9,-1.7553078865988985,2454.9153,False
2024-05-21,0.01,2.0763662321352414,2383.8843,True
2024-05-21,0.05,2.0763662321352414,2383.8843,True
2024-05-21,0.1,2.0763662321352414,2383.8843,False
2024-05-21,0.5,-0.0910987122393818,2436.1182,False
2024-05-21,0.9,-1.9814715369726332,2482.608,False
2024-05-22,0.01,1.9196448684379899,2375.6553,True
2024-05-22,0.05,1.9196448684379899,2375.6553,True
2024-05-22,0.1,1.9196448684379899,2375.6553,False
2024-05-22,0.5,-0.04335059109508486,2422.75,False
2024-05-22,0.9,-1.8442925873176714,2466.7776,False
2024-05-23,0.01,1.9967682108298728,2341.9663,True
2024-05-23,0.05,1.9967682108298728,2341.9663,True
2024-05-23,0.1,1.9967682108298728,2341.9663,False
2024-05-23,0.5,0.13346100614300888,2386.0134,False
2024-05-23,0.9,-1.6305067636723654,2428.4753,False
2024-05-24,0.01,1.9211592726938183,2290.569,True
2024-05-24,0.05,1.9211592726938183,2290.569,True
2024-05-24,0.1,1.9211592726938183,2290.569,False
2024-05-24,0.5,0.02168747602774639,2334.4937,False
2024-05-24,0.9,-1.765996938482557,2376.6023,False
2024-05-28,0.01,1.895990446231809,2288.6926,True
2024-05-28,0.05,1.895990446231809,2288.6926,True
2024-05-28,0.1,1.895990446231809,2288.6926,False
2024-05-28,0.5,0.10302649324477424,2330.0981,False
2024-05-28,0.9,-1.5950331536366718,2370.0024,False
2024-05-29,0.01,1.830087254737859,2312.4897,True
2024-05-29,0.05,1.830087254737859,2312.4897,True
2024-05-29,0.1,1.830087254737859,2312.4897,False
2024-05-29,0.5,0.12275722639041435,2352.3105,False
2024-05-29,0.9,-1.4969751691190403,2390.722,False
2024-05-30,0.01,1.625428733029112,2302.5676,True
2024-05-30,0.05,1.625428733029112,2302.5676,True
2024-05-30,0.1,1.625428733029112,2302.5676,False
2024-05-30,0.5,-0.10254634342921254,2342.7012,False
2024-05-30,0.9,-1.699263462530667,2380.4077,False
2024-05-31,0.01,1.6461187550657983,2304.6487,True
2024-05-31,0.05,1.6461187550657983,2304.6487,True
2024-05-31,0.1,1.6461187550657983,2304.6487,False
2024-05-31,0.5,-0.06439845845438567,2344.4092,False
2024-05-31,0.9,-1.6537300038789522,2381.9673,False
2024-06-03,0.01,1.6006069403064185,2286.0154,True
2024-06-03,0.05,1.6006069403064185,2286.0154,True
2024-06-03,0.1,1.6006069403064185,2286.0154,False
2024-06-03,0.5,-0.12768002662219075,2325.8677,False
2024-06-03,0.9,-1.738247016593895,2363.6306,False
2024-06-04,0.01,1.4686255110961839,2312.3892,True
2024-06-04,0.05,1.4686255110961839,2312.3892,True
2024-06-04,0.1,1.4686255110961839,2312.3892,False
2024-06-04,0.5,-0.3076100854106262,2353.8296,False
2024-06-04,0.9,-1.921661982546703,2392.13,False
2024-06-05,0.01,1.3368830120703157,2294.6177,True
2024-06-05,0.05,1.3368830120703157,2294.6177,True
2024-06-05,0.1,1.3368830120703157,2294.6177,False
2024-06-05,0.5,-0.40844540716552263,2335.0178,False
2024-06-05,0.9,-2.004169907311519,2372.5771,False
2024-06-06,0.01,1.4124850203871686,2321.0825,True
2024-06-06,0.05,1.4124850203871686,2321.0825,True
2024-06-06,0.1,1.4124850203871686,2321.0825,False
2024-06-06,0.5,-0.3158639670894287,2361.5476,False
2024-06-06,0.9,-1.929901720977319,2399.9731,False
2024-06-07,0.01,1.4867907671845642,2335.3193,True
2024-06-07,0.05,1.4867907671845642,2335.3193,True
2024-06-07,0.1,1.4867907671845642,2335.3193,False
2024-06-07,0.5,-0.3263267995472321,2378.0476,False
2024-06-07,0.9,-1.9928846695197455,2418.0112,False
2024-06-10,0.01,1.474861687742566,2271.451,True
2024-06-10,0.05,1.474861687742566,2271.451,True
2024-06-10,0.1,1.474861687742566,2271.451,False
2024-06-10,0.5,-0.27066421125180296,2311.4478,False
2024-06-10,0.9,-1.922692283243372,2349.9507,False
2024-06-11,0.01,1.735101288197614,2268.0044,True
2024-06-11,0.05,1.735101288197614,2268.0044,True
2024-06-11,0.1,1.735101288197614,2268.0044,False
2024-06-11,0.5,0.047481002539051395,2306.6045,False
2024-06-11,0.9,-1.5918703730790587,2344.7295,False
2024-06-12,0.01,1.5760825016079423,2271.417,True
2024-06-12,0.05,1.5760825016079423,2271.417,True
2024-06-12,0.1,1.5760825016079423,2271.417,False
2024-06-12,0.5,-0.10001852519384531,2309.809,False
2024-06-12,0.9,-1.7043234113802708,2347.1643,False
2024-06-13,0.01,1.293654798532533,2305.9749,True
2024-06-13,0.05,1.293654798532533,2305.9749,True
2024-06-13,0.1,1.293654798532533,2305.9749,False
2024-06-13,0.5,-0.3510771876465532,2344.2156,False
2024-06-13,0.9,-1.9335684599303478,2381.6077,False
2024-06-14,0.01,1.243162410162613,2271.7817,True
2024-06-14,0.05,1.243162410162613,2271.7817,True
2024-06-14,0.1,1.243162410162613,2271.7817,False
2024-06-14,0.5,-0.33018301626435137,2307.8074,False
2024-06-14,0.9,-1.9115779115972433,2344.593,False
2024-06-17,0.01,1.4922270099221722,2296.8684,True
2024-06-17,0.05,1.4922270099221722,2296.8684,True
2024-06-17,0.1,1.4922270099221722,2296.8684,False
2024-06-17,0.5,-0.09632599728981445,2333.6467,False
2024-06-17,0.9,-1.6708107339819063,2370.6804,False
2024-06-18,0.01,1.4678142002539494,2278.706,True
2024-06-18,0.05,1.4678142002539494,2278.706,True
2024-06-18,0.1,1.4678142002539494,2278.706,False
2024-06-18,0.5,-0.007189664243143267,2312.5662,False
2024-06-18,0.9,-1.514208933364554,2347.681,False
2024-06-20,0.01,1.5331827942657021,2294.943,True
2024-06-20,0.05,1.5331827942657021,2294.943,True
2024-06-20,0.1,1.5331827942657021,2294.943,False
2024-06-20,0.5,0.09729918766621795,2328.1335,False
2024-06-20,0.9,-1.377225729081907,2362.7168,False
2024-06-21,0.01,1.7300982885081633,2313.4272,True
2024-06-21,0.05,1.7300982885081633,2313.4272,True
2024-06-21,0.1,1.7300982885081633,2313.4272,False
2024-06-21,0.5,0.25156172176486535,2347.8862,False
2024-06-21,0.9,-1.247849624761168,2383.356,False
2024-06-24,0.01,1.5789623089643483,2280.112,True
2024-06-24,0.05,1.5789623089643483,2280.112,True
2024-06-24,0.1,1.5789623089643483,2280.112,False
2024-06-24,0.5,0.17244038047787597,2312.409,False
2024-06-24,0.9,-1.3018738525436309,2346.7537,False
2024-06-25,0.01,1.6455398879177137,2291.9727,True
2024-06-25,0.05,1.6455398879177137,2291.9727,True
2024-06-25,0.1,1.6455398879177137,2291.9727,False
2024-06-25,0.5,0.29030916687975583,2323.2456,False
2024-06-25,0.9,-1.1324222135771767,2356.5354,False
2024-06-26,0.01,1.6304646369928697,2279.135,True
2024-06-26,0.05,1.6304646369928697,2279.135,True
2024-06-26,0.1,1.6304646369928697,2279.135,False
2024-06-26,0.5,0.25449707116891707,2310.712,False
2024-06-26,0.9,-1.1600636268127564,2343.6306,False
2024-06-27,0.01,1.9143210585731083,2255.6045,True
2024-06-27,0.05,1.9143210585731083,2255.6045,True
2024-06-27,0.1,1.9143210585731083,2255.6045,False
2024-06-27,0.5,0.5029551316591732,2287.665,False
2024-06-27,0.9,-0.9094993751623476,2320.2065,False
2024-06-28,0.01,1.612036994358063,2287.3286,True
2024-06-28,0.05,1.612036994358063,2287.3286,True
2024-06-28,0.1,1.612036994358063,2287.3286,False
2024-06-28,0.5,0.22880533273012266,2319.1875,False
2024-06-28,0.9,-1.1273082797663518,2350.8525,False
2024-07-01,0.01,1.3928035492236794,2295.5044,True
2024-07-01,0.05,1.3928035492236794,2295.5044,True
2024-07-01,0.1,1.3928035492236794,2295.5044,False
2024-07-01,0.5,-0.033746272814800624,2328.4856,False
2024-07-01,0.9,-1.4294375528699212,2361.212,False
2024-07-02,0.01,1.087310264268204,2302.429,True
2024-07-02,0.05,1.087310264268204,2302.429,True
2024-07-02,0.1,1.087310264268204,2302.429,False
2024-07-02,0.5,-0.34842233887622487,2335.724,False
2024-07-02,0.9,-1.7607928989118153,2368.9473,False
2024-07-03,0.01,1.5007466540241428,2288.398,True
2024-07-03,0.05,1.5007466540241428,2288.398,True
2024-07-03,0.1,1.5007466540241428,2288.398,False
2024-07-03,0.5,0.02912665516831485,2322.3235,False
2024-07-03,0.9,-1.389273619294725,2355.498,False
2024-07-05,0.01,1.587509470427503,2322.6338,True
2024-07-05,0.05,1.587509470427503,2322.6338,True
2024-07-05,0.1,1.587509470427503,2322.6338,False
2024-07-05,0.5,-0.18590697356824523,2364.1912,False
2024-07-05,0.9,-1.7526614546534869,2401.524,False
2024-07-08,0.01,1.93355155468723,2342.7607,True
2024-07-08,0.05,1.93355155468723,2342.7607,True
2024-07-08,0.1,1.93355155468723,2342.7607,False
2024-07-08,0.5,-0.11655940470136046,2391.2856,False
2024-07-08,0.9,-1.7970507088033203,2431.8105,False
2024-07-09,0.01,1.4548403514650576,2321.1836,True
2024-07-09,0.05,1.4548403514650576,2321.1836,True
2024-07-09,0.1,1.4548403514650576,2321.1836,False
2024-07-09,0.5,-0.25591005241636844,2361.2349,False
2024-07-09,0.9,-1.7310257070676323,2396.324,False
2024-07-10,0.01,1.8809134233471432,2316.1235,True
2024-07-10,0.05,1.8809134233471432,2316.1235,True
2024-07-10,0.1,1.8809134233471432,2316.1235,False
2024-07-10,0.5,0.21535600870933566,2355.023,False
2024-07-10,0.9,-1.272212088346586,2390.3174,False
2024-07-11,0.01,1.7115584880855295,2331.9438,True
2024-07-11,0.05,1.7115584880855295,2331.9438,True
2024-07-11,0.1,1.7115584880855295,2331.9438,False
2024-07-11,0.5,-0.042434126646558365,2373.2068,False
2024-07-11,0.9,-1.5605839999175288,2409.5105,False
2024-07-12,0.01,2.1246494773029574,2364.231,True
2024-07-12,0.05,2.1246494773029574,2364.231,True
2024-07-12,0.1,2.1246494773029574,2364.231,False
2024-07-12,0.5,-0.09285162914164664,2417.2434,False
2024-07-12,0.9,-1.8903006641230913,2461.085,False
2024-07-15,0.01,1.664002932700977,2374.1633,True
2024-07-15,0.05,1.664002932700977,2374.1633,True
2024-07-15,0.1,1.664002932700977,2374.1633,False
2024-07-15,0.5,-0.37821761340932414,2423.1475,False
2024-07-15,0.9,-2.071472135240273,2464.5269,False
2024-07-16,0.01,1.6246826998599122,2383.8535,True
2024-07-16,0.05,1.6246826998599122,2383.8535,True
2024-07-16,0.1,1.6246826998599122,2383.8535,False
2024-07-16,0.5,-0.3460281373320155,2431.2983,False
2024-07-16,0.9,-2.0064977888531974,2472.0063,False
2024-07-17,0.01,1.9189711248204737,2415.5977,True
2024-07-17,0.05,1.9189711248204737,2415.5977,True
2024-07-17,0.1,1.9189711248204737,2415.5977,False
2024-07-17,0.5,-0.3866799309163147,2471.94,False
2024-07-17,0.9,-2.2560388186394644,2518.584,False
2024-07-18,0.01,1.658625115266759,2414.42,True
2024-07-18,0.05,1.658625115266759,2414.42,True
2024-07-18,0.1,1.658625115266759,2414.42,False
2024-07-18,0.5,-0.39697880148036263,2464.5645,False
2024-07-18,0.9,-2.134159890181395,2507.7524,False
2024-07-19,0.01,1.6091113876498802,2412.6636,True
2024-07-19,0.05,1.6091113876498802,2412.6636,True
2024-07-19,0.1,1.6091113876498802,2412.6636,False
2024-07-19,0.5,-0.2926635406654442,2458.986,False
2024-07-19,0.9,-1.947666168241639,2500.021,False
2024-07-22,0.01,1.8846957860938398,2350.775,True
2024-07-22,0.05,1.8846957860938398,2350.775,True
2024-07-22,0.1,1.8846957860938398,2350.775,False
2024-07-22,0.5,0.1907654227778736,2390.9346,False
2024-07-22,0.9,-1.3854001009033878,2428.9182,False
2024-07-23,0.01,2.0232948318028234,2344.089,True
2024-07-23,0.05,2.0232948318028234,2344.089,True
2024-07-23,0.1,2.0232948318028234,2344.089,False
2024-07-23,0.5,0.339012920725655,2383.9045,False
2024-07-23,0.9,-1.219564176663079,2421.3506,False
2024-07-24,0.01,1.8770096269528007,2359.8865,True
2024-07-24,0.05,1.8770096269528007,2359.8865,True
2024-07-24,0.1,1.8770096269528007,2359.8865,False
2024-07-24,0.5,0.3064214698068104,2397.2432,False
2024-07-24,0.9,-1.2314663556437493,2434.395,False
2024-07-25,0.01,1.6783975887313871,2373.1333,True
2024-07-25,0.05,1.6783975887313871,2373.1333,True
2024-07-25,0.1,1.6783975887313871,2373.1333,False
2024-07-25,0.5,0.12781211640490805,2410.2175,False
2024-07-25,0.9,-1.4161143147277657,2447.7183,False
2024-07-26,0.01,2.381959853638891,2296.5405,True
2024-07-26,0.05,2.381959853638891,2296.5405,True
2024-07-26,0.1,2.381959853638891,2296.5405,False
2024-07-26,0.5,0.6037884164156611,2337.7422,False
2024-07-26,0.9,-1.1180050252896803,2378.3418,False
2024-07-29,0.01,1.6541279958652177,2340.9556,True
2024-07-29,0.05,1.6541279958652177,2340.9556,True
2024-07-29,0.1,1.6541279958652177,2340.9556,False
2024-07-29,0.5,0.02562779125346017,2379.3901,False
2024-07-29,0.9,-1.5168500755712229,2416.3762,False
2024-07-30,0.01,1.4846942163816872,2342.2651,True
2024-07-30,0.05,1.4846942163816872,2342.2651,True
2024-07-30,0.1,1.4846942163816872,2342.2651,False
2024-07-30,0.5,-0.21221284966645423,2382.3503,False
2024-07-30,0.9,-1.7631620272001012,2419.5874,False
2024-07-31,0.01,1.7390631403809622,2363.537,True
2024-07-31,0.05,1.7390631403809622,2363.537,True
2024-07-31,0.1,1.7390631403809622,2363.537,False
2024-07-31,0.5,0.037638238091469475,2404.095,False
2024-07-31,0.9,-1.5226881178506224,2441.901,False
2024-08-01,0.01,1.899843469253654,2380.8354,True
2024-08-01,0.05,1.899843469253654,2380.8354,True
2024-08-01,0.1,1.899843469253654,2380.8354,False
2024-08-01,0.5,0.11840255902920165,2423.6287,False
2024-08-01,0.9,-1.5353396109504396,2464.0425,False
2024-08-02,0.01,1.791756207234376,2391.7593,True
2024-08-02,0.05,1.791756207234376,2391.7593,True
2024-08-02,0.1,1.791756207234376,2391.7593,False
2024-08-02,0.5,-0.06390732132717322,2436.5566,False
2024-08-02,0.9,-1.7511036572871146,2478.015,False
2024-08-05,0.01,1.5429628392708177,2388.5596,True
2024-08-05,0.05,1.5429628392708177,2388.5596,True
2024-08-05,0.1,1.5429628392708177,2388.5596,False
2024-08-05,0.5,-0.2758663197155641,2432.401,False
2024-08-05,0.9,-1.924887923141937,2472.8442,False
2024-08-06,0.01,1.3941912114641586,2368.448,True
2024-08-06,0.05,1.3941912114641586,2368.448,True
2024-08-06,0.1,1.3941912114641586,2368.448,False
2024-08-06,0.5,-0.28162984983823264,2408.4734,False
2024-08-06,0.9,-1.8611153500990054,2446.817,False
2024-08-07,0.01,1.6071324269856084,2351.011,True
2024-08-07,0.05,1.6071324269856084,2351.011,True
2024-08-07,0.1,1.6071324269856084,2351.011,False
2024-08-07,0.5,-0.05739351275785279,2390.4717,False
2024-08-07,0.9,-1.59610447078636,2427.5386,False
2024-08-08,0.01,1.3882173090710632,2357.544,True
2024-08-08,0.05,1.3882173090710632,2357.544,True
2024-08-08,0.1,1.3882173090710632,2357.544,False
2024-08-08,0.5,-0.30613397275183823,2397.8293,False
2024-08-08,0.9,-1.8374121094386904,2434.8293,False
2024-08-09,0.01,1.2576165421738457,2391.9287,True
2024-08-09,0.05,1.2576165421738457,2391.9287,True
2024-08-09,0.1,1.2576165421738457,2391.9287,False
2024-08-09,0.5,-0.4684850647274098,2433.5742,False
2024-08-09,0.9,-2.0436076188695083,2472.2095,False
2024-08-12,0.01,1.117780993176291,2405.066,True
2024-08-12,0.05,1.117780993176291,2405.066,True
2024-08-12,0.1,1.117780993176291,2405.066,False
2024-08-12,0.5,-0.6960743238847162,2449.0884,False
2024-08-12,0.9,-2.3184752522900673,2489.1465,False
2024-08-13,0.01,1.5973736606583873,2423.3787,True
2024-08-13,0.05,1.5973736606583873,2423.3787,True
2024-08-13,0.1,1.5973736606583873,2423.3787,False
2024-08-13,0.5,-0.4447663824262797,2473.3762,False
2024-08-13,0.9,-2.18128317586621,2516.702,False
2024-08-14,0.01,1.5621898999147652,2428.4648,True
2024-08-14,0.05,1.5621898999147652,2428.4648,True
2024-08-14,0.1,1.5621898999147652,2428.4648,False
2024-08-14,0.5,-0.4085331818890812,2476.7979,False
2024-08-14,0.9,-2.094793589647141,2518.9172,False
2024-08-15,0.01,1.4053254218404294,2405.3582,True
2024-08-15,0.05,1.4053254218404294,2405.3582,True
2024-08-15,0.1,1.4053254218404294,2405.3582,False
2024-08-15,0.5,-0.32667473685514586,2447.3818,False
2024-08-15,0.9,-1.9486961242725147,2487.4026,False
2024-08-16,0.01,1.3713868371611715,2419.6882,True
2024-08-16,0.05,1.3713868371611715,2419.6882,True
2024-08-16,0.1,1.3713868371611715,2419.6882,False
2024-08-16,0.5,-0.40493553577843977,2463.0537,False
2024-08-16,0.9,-2.043313692765724,2503.7402,False
2024-08-19,0.01,1.877531984397286,2452.1257,True
2024-08-19,0.05,1.877531984397286,2452.1257,True
2024-08-19,0.1,1.877531984397286,2452.1257,False
2024-08-19,0.5,-0.22087580197011808,2504.125,False
2024-08-19,0.9,-2.0264030792625323,2549.7483,False
2024-08-20,0.01,1.7627916701071666,2458.085,True
2024-08-20,0.05,1.7627916701071666,2458.085,True
2024-08-20,0.1,1.7627916701071666,2458.085,False
2024-08-20,0.5,-0.32131206330291107,2509.8516,False
2024-08-20,0.9,-2.1198045565509878,2555.3994,False
2024-08-21,0.01,1.9184859386647892,2463.5803,True
2024-08-21,0.05,1.9184859386647892,2463.5803,True
2024-08-21,0.1,1.9184859386647892,2463.5803,False
2024-08-21,0.5,-0.16158956715097897,2515.3613,False
2024-08-21,0.9,-1.944317496221888,2560.6055,False
2024-08-22,0.01,1.8106158737617957,2463.391,True
2024-08-22,0.05,1.8106158737617957,2463.391,True
2024-08-22,0.1,1.8106158737617957,2463.391,False
2024-08-22,0.5,-0.22258735702192278,2513.9895,False
2024-08-22,0.9,-1.986606867279667,2558.7302,False
2024-08-23,0.01,1.7682547702460736,2435.452,True
2024-08-23,0.05,1.7682547702460736,2435.452,True
2024-08-23,0.1,1.7682547702460736,2435.452,False
2024-08-23,0.5,-0.08970155541410689,2481.1245,False
2024-08-23,0.9,-1.80832694812005,2524.1343,False
2024-08-26,0.01,1.7573597564097039,2464.7034,True
2024-08-26,0.05,1.7573597564097039,2464.7034,True
2024-08-26,0.1,1.7573597564097039,2464.7034,False
2024-08-26,0.5,-0.2203148910738648,2513.9324,False
2024-08-26,0.9,-2.0057738551641546,2559.2207,False
2024-08-27,0.01,1.5355600591297143,2479.3345,True
2024-08-27,0.05,1.5355600591297143,2479.3345,True
2024-08-27,0.1,1.5355600591297143,2479.3345,False
2024-08-27,0.5,-0.5107613192125958,2530.5923,False
2024-08-27,0.9,-2.3547764634177475,2577.6897,False
2024-08-28,0.01,1.4186367765324834,2480.559,True
2024-08-28,0.05,1.4186367765324834,2480.559,True
2024-08-28,0.1,1.4186367765324834,2480.559,False
2024-08-28,0.5,-0.5471472787462843,2529.804,False
2024-08-28,0.9,-2.364281275997029,2576.194,False
2024-08-29,0.01,1.5605368835216462,2462.274,True
2024-08-29,0.05,1.5605368835216462,2462.274,True
2024-08-29,0.1,1.5605368835216462,2462.274,False
2024-08-29,0.5,-0.33954076647579196,2509.5063,False
2024-08-29,0.9,-2.1065883785106227,2554.2446,False
2024-08-30,0.01,1.6579467856449366,2484.1704,True
2024-08-30,0.05,1.6579467856449366,2484.1704,True
2024-08-30,0.1,1.6579467856449366,2484.1704,False
2024-08-30,0.5,-0.28350535074865446,2532.8706,False
2024-08-30,0.9,-2.064850845972092,2578.394,False
2024-09-03,0.01,1.5193046027462775,2456.198,True
2024-09-03,0.05,1.5193046027462775,2456.198,True
2024-09-03,0.1,1.5193046027462775,2456.198,False
2024-09-03,0.5,-0.31120620699126733,2501.573,False
2024-09-03,0.9,-2.0629714394857284,2545.7808,False
2024-09-04,0.01,1.5706662227747223,2451.0974,True
2024-09-04,0.05,1.5706662227747223,2451.0974,True
2024-09-04,0.1,1.5706662227747223,2451.0974,False
2024-09-04,0.5,-0.2725179263499537,2496.6946,False
2024-09-04,0.9,-2.037726062719487,2541.1577,False
2024-09-05,0.01,1.4555084321195084,2457.371,True
2024-09-05,0.05,1.4555084321195084,2457.371,True
2024-09-05,0.1,1.4555084321195084,2457.371,False
2024-09-05,0.5,-0.4050840167071546,2503.5208,False
2024-09-05,0.9,-2.14738136641554,2547.5217,False
2024-09-06,0.01,1.5136691858485298,2473.6719,True
2024-09-06,0.05,1.5136691858485298,2473.6719,True
2024-09-06,0.1,1.5136691858485298,2473.6719,False
2024-09-06,0.5,-0.379440226097872,2520.9473,False
2024-09-06,0.9,-2.1428775201097667,2565.7969,False
2024-09-09,0.01,1.5103932260921882,2456.1213,True
2024-09-09,0.05,1.5103932260921882,2456.1213,True
2024-09-09,0.1,1.5103932260921882,2456.1213,False
2024-09-09,0.5,-0.2859017256127885,2500.6392,False
2024-09-09,0.9,-2.0578939138975167,2545.3452,False
2024-09-10,0.01,1.4643295315516098,2465.4324,True
2024-09-10,0.05,1.4643295315516098,2465.4324,True
2024-09-10,0.1,1.4643295315516098,2465.4324,False
2024-09-10,0.5,-0.3680894021791251,2511.026,False
2024-09-10,0.9,-2.106045976047876,2555.0479,False
2024-09-11,0.01,1.2280968203593206,2481.6353,True
2024-09-11,0.05,1.2280968203593206,2481.6353,True
2024-09-11,0.1,1.2280968203593206,2481.6353,False
2024-09-11,0.5,-0.7661447712561515,2531.6218,False
2024-09-11,0.9,-2.5541965520570264,2577.2957,False
2024-09-12,0.01,1.173251371241463,2482.799,True
2024-09-12,0.05,1.173251371241463,2482.799,True
2024-09-12,0.1,1.173251371241463,2482.799,False
2024-09-12,0.5,-0.7897640304222325,2532.0183,False
2024-09-12,0.9,-2.5731814241966675,2577.5798,False
2024-09-13,0.01,1.5544634031208089,2511.849,True
2024-09-13,0.05,1.5544634031208089,2511.849,True
2024-09-13,0.1,1.5544634031208089,2511.849,False
2024-09-13,0.5,-0.5796151316269517,2566.03,False
2024-09-13,0.9,-2.438569518263424,2614.1775,False
2024-09-16,0.01,1.6827244926707636,2538.2273,True
2024-09-16,0.05,1.6827244926707636,2538.2273,True
2024-09-16,0.1,1.6827244926707636,2538.2273,False
2024-09-16,0.5,-0.6655563477357496,2598.5374,False
2024-09-16,0.9,-2.605870164679895,2649.4495,False
2024-09-17,0.01,1.8748035077276066,2532.4731,True
2024-09-17,0.05,1.8748035077276066,2532.4731,True
2024-09-17,0.1,1.8748035077276066,2532.4731,False
2024-09-17,0.5,-0.36182779310952196,2589.7534,False
2024-09-17,0.9,-2.2670553260037787,2639.5671,False
2024-09-18,0.01,1.5757138766162238,2524.2107,True
2024-09-18,0.05,1.5757138766162238,2524.2107,True
2024-09-18,0.1,1.5757138766162238,2524.2107,False
2024-09-18,0.5,-0.525997171650177,2577.8237,False
2024-09-18,0.9,-2.365572287211975,2625.6836,False
2024-09-19,0.01,1.507181262189622,2532.2454,True
2024-09-19,0.05,1.507181262189622,2532.2454,True
2024-09-19,0.1,1.507181262189622,2532.2454,False
2024-09-19,0.5,-0.6027335324032222,2586.2412,False
2024-09-19,0.9,-2.471988264628476,2635.0393,False
2024-09-20,0.01,1.4968963269363107,2549.5488,True
2024-09-20,0.05,1.4968963269363107,2549.5488,True
2024-09-20,0.1,1.4968963269363107,2549.5488,False
2024-09-20,0.5,-0.6132595266691241,2603.92,False
2024-09-20,0.9,-2.491943415679632,2653.3018,False
2024-09-23,0.01,1.849786928510309,2571.8828,True
2024-09-23,0.05,1.849786928510309,2571.8828,True
2024-09-23,0.1,1.849786928510309,2571.8828,False
2024-09-23,0.5,-0.39274714066803057,2630.2097,False
2024-09-23,0.9,-2.330149988555956,2681.6643,False
2024-09-24,0.01,1.5426502767955723,2586.2932,True
2024-09-24,0.05,1.5426502767955723,2586.2932,True
2024-09-24,0.1,1.5426502767955723,2586.2932,False
2024-09-24,0.5,-0.6898995510463506,2644.6829,False
2024-09-24,0.9,-2.6702580335209407,2697.579,False
2024-09-25,0.01,1.8076232222895723,2603.7068,True
2024-09-25,0.05,1.8076232222895723,2603.7068,True
2024-09-25,0.1,1.8076232222895723,2603.7068,False
2024-09-25,0.5,-0.49675135681983257,2664.4026,False
2024-09-25,0.9,-2.5494939749124264,2719.6611,False
2024-09-26,0.01,1.6682228992347152,2615.2065,True
2024-09-26,0.05,1.6682228992347152,2615.2065,True
2024-09-26,0.1,1.6682228992347152,2615.2065,False
2024-09-26,0.5,-0.6536108245899205,2676.6377,False
2024-09-26,0.9,-2.706359133097665,2732.1501,False
2024-09-27,0.01,1.8875050722685034,2619.978,True
2024-09-27,0.05,1.8875050722685034,2619.978,True
2024-09-27,0.1,1.8875050722685034,2619.978,False
2024-09-27,0.5,-0.41262022921853375,2680.9392,False
2024-09-27,0.9,-2.415677585000664,2735.1814,False
2024-09-30,0.01,1.7227697343427895,2599.135,True
2024-09-30,0.05,1.7227697343427895,2599.135,True
2024-09-30,0.1,1.7227697343427895,2599.135,False
2024-09-30,0.5,-0.3902797283205191,2654.6404,False
2024-09-30,0.9,-2.267493540899735,2704.9443,False
2024-10-01,0.01,1.6347439395230243,2593.357,True
2024-10-01,0.05,1.6347439395230243,2593.357,True
2024-10-01,0.1,1.6347439395230243,2593.357,False
2024-10-01,0.5,-0.41980886740033374,2647.19,False
2024-10-01,0.9,-2.2562144421333254,2696.2522,False
2024-10-02,0.01,1.7111201031121248,2622.0476,True
2024-10-02,0.05,1.7111201031121248,2622.0476,True
2024-10-02,0.1,1.7111201031121248,2622.0476,False
2024-10-02,0.5,-0.391780511264701,2677.7705,False
2024-10-02,0.9,-2.2704233673354812,2728.5518,False
2024-10-03,0.01,1.9050461689722693,2597.149,True
2024-10-03,0.05,1.9050461689722693,2597.149,True
2024-10-03,0.1,1.9050461689722693,2597.149,False
2024-10-03,0.5,-0.1432496057172251,2650.8948,False
2024-10-03,0.9,-1.9834415213103256,2700.128,False
2024-10-04,0.01,1.838980254338177,2608.683,True
2024-10-04,0.05,1.838980254338177,2608.683,True
2024-10-04,0.1,1.838980254338177,2608.683,False
2024-10-04,0.5,-0.18842010780168603,2662.1113,False
2024-10-04,0.9,-2.031130636873511,2711.621,False
2024-10-07,0.01,1.8517294547900007,2597.2578,True
2024-10-07,0.05,1.8517294547900007,2597.2578,True
2024-10-07,0.1,1.8517294547900007,2597.2578,False
2024-10-07,0.5,-0.1855399960327355,2650.7136,False
2024-10-07,0.9,-2.0185318906259586,2699.749,False
2024-10-08,0.01,1.9553828297387537,2593.5864,True
2024-10-08,0.05,1.9553828297387537,2593.5864,True
2024-10-08,0.1,1.9553828297387537,2593.5864,False
2024-10-08,0.5,-0.1076950681578997,2647.65,False
2024-10-08,0.9,-1.9454050478724974,2696.7559,False
2024-10-09,0.01,2.145665375633603,2559.4885,True
2024-10-09,0.05,2.145665375633603,2559.4885,True
2024-10-09,0.1,2.145665375633603,2559.4885,False
2024-10-09,0.5,0.08007096136133429,2612.907,False
2024-10-09,0.9,-1.7571470205659592,2661.3555,False
2024-10-10,0.01,2.194832871353199,2549.4258,True
2024-10-10,0.05,2.194832871353199,2549.4258,True
2024-10-10,0.1,2.194832871353199,2549.4258,False
2024-10-10,0.5,0.14982866170474765,2602.0984,False
2024-10-10,0.9,-1.727478587789551,2651.4092,False
2024-10-11,0.01,1.887094289975468,2571.6106,True
2024-10-11,0.05,1.887094289975468,2571.6106,True
2024-10-11,0.1,1.887094289975468,2571.6106,False
2024-10-11,0.5,-0.13700346308708933,2624.1929,False
2024-10-11,0.9,-2.050387740999064,2674.8872,False
2024-10-14,0.01,1.714989605888117,2612.4111,True
2024-10-14,0.05,1.714989605888117,2612.4111,True
2024-10-14,0.1,1.714989605888117,2612.4111,False
2024-10-14,0.5,-0.4148095533002079,2668.647,False
2024-10-14,0.9,-2.3267801439474267,2720.1616,False
2024-10-15,0.01,1.6692963999083956,2603.9673,True
2024-10-15,0.05,1.6692963999083956,2603.9673,True
2024-10-15,0.1,1.6692963999083956,2603.9673,False
2024-10-15,0.5,-0.41206266012823567,2658.7332,False
2024-10-15,0.9,-2.2640792285320415,2708.4321,False
2024-10-16,0.01,1.6487198500766964,2617.8806,True
2024-10-16,0.05,1.6487198500766964,2617.8806,True
2024-10-16,0.1,1.6487198500766964,2617.8806,False
2024-10-16,0.5,-0.4574291158150819,2673.6018,False
2024-10-16,0.9,-2.3540366223773637,2724.7935,False
2024-10-17,0.01,1.6041214398340164,2631.448,True
2024-10-17,0.05,1.6041214398340164,2631.448,True
2024-10-17,0.1,1.6041214398340164,2631.448,False
2024-10-17,0.5,-0.5448529491519196,2688.6091,False
2024-10-17,0.9,-2.455804716633638,2740.4812,False
2024-10-18,0.01,1.6411611503233965,2647.1968,True
2024-10-18,0.05,1.6411611503233965,2647.1968,True
2024-10-18,0.1,1.6411611503233965,2647.1968,False
2024-10-18,0.5,-0.5862479408253544,2706.8223,False
2024-10-18,0.9,-2.519316465843571,2759.656,False
2024-10-21,0.01,1.7561996478400386,2666.458,True
2024-10-21,0.05,1.7561996478400386,2666.458,True
2024-10-21,0.1,1.7561996478400386,2666.458,False
2024-10-21,0.5,-0.5128382033126202,2727.6526,False
2024-10-21,0.9,-2.4443408743029607,2780.8494,False
2024-10-22,0.01,1.8420213020823182,2673.3992,True
2024-10-22,0.05,1.8420213020823182,2673.3992,True
2024-10-22,0.1,1.8420213020823182,2673.3992,False
2024-10-22,0.5,-0.39635104463158854,2733.9146,False
2024-10-22,0.9,-2.2992136566437846,2786.4353,False
2024-10-23,0.01,1.910930795870917,2692.258,True
2024-10-23,0.05,1.910930795870917,2692.258,True
2024-10-23,0.1,1.910930795870917,2692.258,False
2024-10-23,0.5,-0.3517130045512465,2753.8687,False
2024-10-23,0.9,-2.217678244397836,2805.7373,False
2024-10-24,0.01,1.5431388951886553,2672.8345,True
2024-10-24,0.05,1.5431388951886553,2672.8345,True
2024-10-24,0.1,1.5431388951886553,2672.8345,False
2024-10-24,0.5,-0.5529296745238251,2729.4502,False
2024-10-24,0.9,-2.3454448958968785,2778.8171,False
2024-10-25,0.01,1.8179542752373772,2685.63,True
2024-10-25,0.05,1.8179542752373772,2685.63,True
2024-10-25,0.1,1.8179542752373772,2685.63,False
2024-10-25,0.5,-0.35078976955549296,2744.5105,False
2024-10-25,0.9,-2.2078048144216247,2795.9526,False
2024-10-28,0.01,1.4979459222031113,2700.1487,True
2024-10-28,0.05,1.4979459222031113,2700.1487,True
2024-10-28,0.1,1.4979459222031113,2700.1487,False
2024-10-28,0.5,-0.6608808994470922,2759.074,False
2024-10-28,0.9,-2.5381484361456383,2811.3584,False
2024-10-29,0.01,1.5307326695702026,2701.2332,True
2024-10-29,0.05,1.5307326695702026,2701.2332,True
2024-10-29,0.1,1.5307326695702026,2701.2332,False
2024-10-29,0.5,-0.5657616131643686,2758.4622,False
2024-10-29,0.9,-2.4025049640269383,2809.5962,False
2024-10-30,0.01,1.6776677356383936,2722.3428,True
2024-10-30,0.05,1.6776677356383936,2722.3428,True
2024-10-30,0.1,1.6776677356383936,2722.3428,False
2024-10-30,0.5,-0.5152073399777347,2782.6997,False
2024-10-30,0.9,-2.403557424429218,2835.746,False
2024-10-31,0.01,2.0020478569096287,2733.228,True
2024-10-31,0.05,2.0020478569096287,2733.228,True
2024-10-31,0.1,2.0020478569096287,2733.228,False
2024-10-31,0.5,-0.25808713420771995,2795.706,False
2024-10-31,0.9,-2.138094117055318,2848.7627,False
2024-11-01,0.01,1.71427749283199,2691.758,True
2024-11-01,0.05,1.71427749283199,2691.758,True
2024-11-01,0.1,1.71427749283199,2691.758,False
2024-11-01,0.5,-0.369019740081545,2748.4236,False
2024-11-01,0.9,-2.2128027414094626,2799.5686,False
2024-11-04,0.01,1.6617378075784612,2693.4678,True
2024-11-04,0.05,1.6617378075784612,2693.4678,True
2024-11-04,0.1,1.6617378075784612,2693.4678,False
2024-11-04,0.5,-0.401712942532419,2749.6235,False
2024-11-04,0.9,-2.264013494973445,2801.3096,False
2024-11-05,0.01,1.5378191378855166,2694.3457,True
2024-11-05,0.05,1.5378191378855166,2694.3457,True
2024-11-05,0.1,1.5378191378855166,2694.3457,False
2024-11-05,0.5,-0.49735727919232187,2749.7422,False
2024-11-05,0.9,-2.3134833999984328,2800.1372,False
2024-11-06,0.01,1.788703767439279,2691.72,True
2024-11-06,0.05,1.788703767439279,2691.72,True
2024-11-06,0.1,1.788703767439279,2691.72,False
2024-11-06,0.5,-0.21234946947674202,2746.1252,False
2024-11-06,0.9,-2.0100224123189276,2795.938,False
2024-11-07,0.01,2.3836528435829214,2604.7656,True
2024-11-07,0.05,2.3836528435829214,2604.7656,True
2024-11-07,0.1,2.3836528435829214,2604.7656,False
2024-11-07,0.5,0.22411056945353977,2661.6284,False
2024-11-07,0.9,-1.7332036297068227,2714.238,False
2024-11-08,0.01,1.953636814136487,2646.1946,True
2024-11-08,0.05,1.953636814136487,2646.1946,True
2024-11-08,0.1,1.953636814136487,2646.1946,False
2024-11-08,0.5,-0.03565026468118199,2699.362,False
2024-11-08,0.9,-1.8807434767991449,2749.6301,False
2024-11-11,0.01,1.8910142321844532,2637.1565,True
2024-11-11,0.05,1.8910142321844532,2637.1565,True
2024-11-11,0.1,1.8910142321844532,2637.1565,False
2024-11-11,0.5,-0.11320806118388024,2690.5442,False
2024-11-11,0.9,-1.942422123631233,2740.213,False
2024-11-12,0.01,2.8760418779529022,2537.1704,True
2024-11-12,0.05,2.8760418779529022,2537.1704,True
2024-11-12,0.1,2.8760418779529022,2537.1704,False
2024-11-12,0.5,0.6176122840361363,2595.1226,False
2024-11-12,0.9,-1.3845030027122536,2647.6035,False
2024-11-13,0.01,2.6959857456261114,2530.8408,True
2024-11-13,0.05,2.6959857456261114,2530.8408,True
2024-11-13,0.1,2.6959857456261114,2530.8408,False
2024-11-13,0.5,0.5306270935683378,2586.2402,False
2024-11-13,0.9,-1.3901201257852314,2636.3955,False
2024-11-14,0.01,2.1921524724296613,2524.8406,True
2024-11-14,0.05,2.1921524724296613,2524.8406,True
2024-11-14,0.1,2.1921524724296613,2524.8406,False
2024-11-14,0.5,0.08134075365912809,2578.7017,False
2024-11-14,0.9,-1.7461151367642063,2626.2595,False
2024-11-15,0.01,2.150767249777575,2513.5537,True
2024-11-15,0.05,2.150767249777575,2513.5537,True
2024-11-15,0.1,2.150767249777575,2513.5537,False
2024-11-15,0.5,0.14579017011414228,2564.4585,False
2024-11-15,0.9,-1.6501208121679802,2610.93,False
2024-11-18,0.01,1.782992322818589,2520.3591,True
2024-11-18,0.05,1.782992322818589,2520.3591,True
2024-11-18,0.1,1.782992322818589,2520.3591,False
2024-11-18,0.5,-0.19848769966179536,2570.7976,False
2024-11-18,0.9,-1.953334371078475,2616.3093,False
2024-11-19,0.01,0.9086876518332223,2586.9854,True
2024-11-19,0.05,0.9086876518332223,2586.9854,True
2024-11-19,0.1,0.9086876518332223,2586.9854,False
2024-11-19,0.5,-1.011807869876922,2637.1484,False
2024-11-19,0.9,-2.619641134829379,2679.892,False
2024-11-20,0.01,0.9235590098431643,2602.949,True
2024-11-20,0.05,0.9235590098431643,2602.949,True
2024-11-20,0.1,0.9235590098431643,2602.949,False
2024-11-20,0.5,-1.0086220748376704,2653.7317,False
2024-11-20,0.9,-2.639022800183203,2697.3528,False
2024-11-21,0.01,1.1820083611970589,2617.0823,True
2024-11-21,0.05,1.1820083611970589,2617.0823,True
2024-11-21,0.1,1.1820083611970589,2617.0823,False
2024-11-21,0.5,-0.8090515198962457,2669.7122,False
2024-11-21,0.9,-2.475910718858336,2714.5854,False
2024-11-22,0.01,1.25871532703218,2638.6768,True
2024-11-22,0.05,1.25871532703218,2638.6768,True
2024-11-22,0.1,1.25871532703218,2638.6768,False
2024-11-22,0.5,-0.7748849875525544,2692.8862,False
2024-11-22,0.9,-2.434811911184984,2737.9592,False
2024-11-25,0.01,1.376899129975394,2672.843,True
2024-11-25,0.05,1.376899129975394,2672.843,True
2024-11-25,0.1,1.376899129975394,2672.843,False
2024-11-25,0.5,-0.7831413331827443,2731.2056,False
2024-11-25,0.9,-2.5203963354728085,2779.068,False
2024-11-26,0.01,1.3175197690295652,2582.5493,True
2024-11-26,0.05,1.3175197690295652,2582.5493,True
2024-11-26,0.1,1.3175197690295652,2582.5493,False
2024-11-26,0.5,-0.6183533133185943,2633.0312,False
2024-11-26,0.9,-2.427051665219162,2681.0881,False
2024-11-27,0.01,1.4879623224891585,2581.5996,True
2024-11-27,0.05,1.4879623224891585,2581.5996,True
2024-11-27,0.1,1.4879623224891585,2581.5996,False
2024-11-27,0.5,-0.41243479211681633,2631.1294,False
2024-11-27,0.9,-2.177229702993949,2677.9756,False
2024-11-29,0.01,1.4638159028112263,2601.538,True
2024-11-29,0.05,1.4638159028112263,2601.538,True
2024-11-29,0.1,1.4638159028112263,2601.538,False
2024-11-29,0.5,-0.3565069455635584,2649.3281,False
2024-11-29,0.9,-2.078166690772726,2695.3354,False
2024-12-02,0.01,1.7655518819063816,2610.501,True
2024-12-02,0.05,1.7655518819063816,2610.501,True
2024-12-02,0.1,1.7655518819063816,2610.501,False
2024-12-02,0.5,-0.10676025725277723,2659.8381,False
2024-12-02,0.9,-1.833791851124536,2706.1733,False
2024-12-03,0.01,1.4528497404034346,2596.8955,True
2024-12-03,0.05,1.4528497404034346,2596.8955,True
2024-12-03,0.1,1.4528497404034346,2596.8955,False
2024-12-03,0.5,-0.3290926898671164,2643.5854,False
2024-12-03,0.9,-2.066368948491593,2689.913,False
2024-12-04,0.01,1.2793566593190189,2611.0803,True
2024-12-04,0.05,1.2793566593190189,2611.0803,True
2024-12-04,0.1,1.2793566593190189,2611.0803,False
2024-12-04,0.5,-0.5022495441105761,2658.0164,False
2024-12-04,0.9,-2.2563517630765686,2705.052,False
2024-12-05,0.01,1.4194703415185195,2616.3962,True
2024-12-05,0.05,1.4194703415185195,2616.3962,True
2024-12-05,0.1,1.4194703415185195,2616.3962,False
2024-12-05,0.5,-0.3946126366509592,2664.293,False
2024-12-05,0.9,-2.0945410838184606,2709.9712,False
2024-12-06,0.01,1.5208827135820513,2586.9548,True
2024-12-06,0.05,1.5208827135820513,2586.9548,True
2024-12-06,0.1,1.5208827135820513,2586.9548,False
2024-12-06,0.5,-0.20387151089528788,2631.9604,False
2024-12-06,0.9,-1.836068459385828,2675.2717,False
2024-12-09,0.01,1.4475305842576078,2600.6807,True
2024-12-09,0.05,1.4475305842576078,2600.6807,True
2024-12-09,0.1,1.4475305842576078,2600.6807,False
2024-12-09,0.5,-0.24076016839064737,2644.9604,False
2024-12-09,0.9,-1.795782275212078,2686.4116,False
2024-12-10,0.01,1.3876789269060188,2628.175,True
2024-12-10,0.05,1.3876789269060188,2628.175,True
2024-12-10,0.1,1.3876789269060188,2628.175,False
2024-12-10,0.5,-0.3285077842112863,2673.6687,False
2024-12-10,0.9,-1.908809268852171,2716.2563,False
2024-12-11,0.01,1.4796831382258628,2657.978,True
2024-12-11,0.05,1.4796831382258628,2657.978,True
2024-12-11,0.1,1.4796831382258628,2657.978,False
2024-12-11,0.5,-0.3752080482557072,2707.7407,False
2024-12-11,0.9,-1.984855202566254,2751.6785,False
2024-12-12,0.01,1.64198161723968,2689.278,True
2024-12-12,0.05,1.64198161723968,2689.278,True
2024-12-12,0.1,1.64198161723968,2689.278,False
2024-12-12,0.5,-0.38500864347309827,2744.3457,False
2024-12-12,0.9,-2.0433172080534985,2790.2349,False
2024-12-13,0.01,1.4484114009061888,2648.8545,True
2024-12-13,0.05,1.4484114009061888,2648.8545,True
2024-12-13,0.1,1.4484114009061888,2648.8545,False
2024-12-13,0.5,-0.3554449435954747,2697.0696,False
2024-12-13,0.9,-1.9482042541145033,2740.3713,False
2024-12-16,0.01,1.7677007609084145,2609.4624,True
2024-12-16,0.05,1.7677007609084145,2609.4624,True
2024-12-16,0.1,1.7677007609084145,2609.4624,False
2024-12-16,0.5,-0.06600464698040857,2657.7537,False
2024-12-16,0.9,-1.7611845696157153,2703.1914,False
2024-12-17,0.01,1.5091762296767424,2611.686,True
2024-12-17,0.05,1.5091762296767424,2611.686,True
2024-12-17,0.1,1.5091762296767424,2611.686,False
2024-12-17,0.5,-0.3175484466454217,2659.8328,False
2024-12-17,0.9,-1.9649719648742303,2704.0144,False
2024-12-18,0.01,1.228018669408288,2612.1248,True
2024-12-18,0.05,1.228018669408288,2612.1248,True
2024-12-18,0.1,1.228018669408288,2612.1248,False
2024-12-18,0.5,-0.5894537326732371,2660.0334,False
2024-12-18,0.9,-2.272002697835499,2705.1685,False
2024-12-19,0.01,1.5803483578266455,2595.1616,True
2024-12-19,0.05,1.5803483578266455,2595.1616,True
2024-12-19,0.1,1.5803483578266455,2595.1616,False
2024-12-19,0.5,-0.17836490533047905,2641.2068,False
2024-12-19,0.9,-1.9147485490812295,2687.4688,False
2024-12-20,0.01,2.0154077504395085,2540.4795,True
2024-12-20,0.05,2.0154077504395085,2540.4795,True
2024-12-20,0.1,2.0154077504395085,2540.4795,False
2024-12-20,0.5,0.1930065649402326,2587.2017,False
2024-12-20,0.9,-1.6066014494207228,2634.1826,False
2024-12-23,0.01,1.642178474443206,2585.8845,True
2024-12-23,0.05,1.642178474443206,2585.8845,True
2024-12-23,0.1,1.642178474443206,2585.8845,False
2024-12-23,0.5,-0.07297315311124279,2630.619,False
2024-12-23,0.9,-1.7671507259973396,2675.566,False
2024-12-24,0.01,1.7029540087030257,2568.1904,True
2024-12-24,0.05,1.7029540087030257,2568.1904,True
2024-12-24,0.1,1.7029540087030257,2568.1904,False
2024-12-24,0.5,-0.021231428537174437,2612.8547,False
2024-12-24,0.9,-1.69975537916117,2657.0823,False
2024-12-26,0.01,1.8056619952133675,2573.1162,True
2024-12-26,0.05,1.8056619952133675,2573.1162,True
2024-12-26,0.1,1.8056619952133675,2573.1162,False
2024-12-26,0.5,0.12452398928667753,2616.7395,False
2024-12-26,0.9,-1.5521343611330196,2660.9832,False
2024-12-27,0.01,1.6166484466961384,2596.483,True
2024-12-27,0.05,1.6166484466961384,2596.483,True
2024-12-27,0.1,1.6166484466961384,2596.483,False
2024-12-27,0.5,-0.0775383321329197,2640.847,False
2024-12-27,0.9,-1.7598824713518295,2685.651,False
2024-12-30,0.01,1.7651052721338767,2571.409,True
2024-12-30,0.05,1.7651052721338767,2571.409,True
2024-12-30,0.1,1.7651052721338767,2571.409,False
2024-12-30,0.5,0.08032104585080682,2615.0986,False
2024-12-30,0.9,-1.6105445190114722,2659.6924,False
