date,level,var,q_price,clamped
2022-12-20,0.01,1.173986287925624,26919.744,True
2022-12-20,0.05,1.173986287925624,26919.744,True
2022-12-20,0.1,1.173986287925624,26919.744,False
2022-12-20,0.5,-0.3814903415696352,27341.748,False
2022-12-20,0.9,-1.761821546633185,27721.771,False
2022-12-21,0.01,1.6907014027816334,26122.62,True
2022-12-21,0.05,1.6907014027816334,26122.62,True
2022-12-21,0.1,1.6907014027816334,26122.62,False
2022-12-21,0.5,-0.3364221409498643,26657.56,False
2022-12-21,0.9,-2.1340870836025543,27141.107,False
2022-12-22,0.01,2.075214627591484,25845.762,True
2022-12-22,0.05,2.075214627591484,25845.762,True
2022-12-22,0.1,2.075214627591484,25845.762,False
2022-12-22,0.5,-0.06927758512445405,26406.008,False
2022-12-22,0.9,-2.0062865692151193,26922.48,False
2022-12-23,0.01,1.8496901722217247,26022.062,True
2022-12-23,0.05,1.8496901722217247,26022.062,True
2022-12-23,0.1,1.8496901722217247,26022.062,False
2022-12-23,0.5,-0.1239650121658857,26540.75,False
2022-12-23,0.9,-1.9377601606025445,27026.537,False
2022-12-26,0.01,2.14648445198562,25678.115,True
2022-12-26,0.05,2.14648445198562,25678.115,True
2022-12-26,0.1,2.14648445198562,25678.115,False
2022-12-26,0.5,0.038712276351659795,26225.096,False
2022-12-26,0.9,-1.8999160151594534,26738.463,False
2022-12-27,0.01,2.002806571997454,25882.271,True
2022-12-27,0.05,2.002806571997454,25882.271,True
2022-12-27,0.1,2.002806571997454,25882.271,False
2022-12-27,0.5,0.04644636564120747,26393.607,False
2022-12-27,0.9,-1.8157491667082577,26889.713,False
2022-12-28,0.01,2.135644445308763,25889.025,True
2022-12-28,0.05,2.135644445308763,25889.025,True
2022-12-28,0.1,2.135644445308763,25889.025,False
2022-12-28,0.5,0.2559154736215175,26380.271,False
2022-12-28,0.9,-1.5537055218965776,26862.0,False
2022-12-29,0.01,1.9679055035568285,25827.21,True
2022-12-29,0.05,1.9679055035568285,25827.21,True
2022-12-29,0.1,1.9679055035568285,25827.21,False
2022-12-29,0.5,0.07590559957372603,26320.514,False
2022-12-29,0.9,-1.6642031438867226,26782.527,False
2022-12-30,0.01,1.8184073608599922,25623.469,True
2022-12-30,0.05,1.8184073608599922,25623.469,True
2022-12-30,0.1,1.8184073608599922,25623.469,False
2022-12-30,0.5,-0.10909499635961084,26122.152,False
2022-12-30,0.9,-1.838135245613585,26577.742,False
2023-01-04,0.01,1.8891381684281905,25606.166,True
2023-01-04,0.05,1.8891381684281905,25606.166,True
2023-01-04,0.1,1.8891381684281905,25606.166,False
2023-01-04,0.5,0.008690247582839887,26092.232,False
2023-01-04,0.9,-1.7027808676460408,26542.637,False
2023-01-05,0.01,2.2645250277963673,25141.04,True
2023-01-05,0.05,2.2645250277963673,25141.04,True
2023-01-05,0.1,2.2645250277963673,25141.04,False
2023-01-05,0.5,0.0608826637307546,25701.207,False
2023-01-05,0.9,-1.9721863803659974,26229.078,False
2023-01-06,0.01,2.3558789545404464,25219.604,True
2023-01-06,0.05,2.3558789545404464,25219.604,True
2023-01-06,0.1,2.3558789545404464,25219.604,False
2023-01-06,0.5,0.31861752142989386,25738.662,False
2023-01-06,0.9,-1.6172073705931396,26241.771,False
2023-01-10,0.01,2.327932119718238,25376.18,True
2023-01-10,0.05,2.327932119718238,25376.18,True
2023-01-10,0.1,2.327932119718238,25376.18,False
2023-01-10,0.5,0.4340686573415319,25861.35,False
2023-01-10,0.9,-1.4138435093790251,26343.688,False
2023-01-11,0.01,2.2958646616871796,25581.451,True
2023-01-11,0.05,2.2958646616871796,25581.451,True
2023-01-11,0.1,2.2958646616871796,25581.451,False
2023-01-11,0.5,0.5106777724966897,26042.229,False
2023-01-11,0.9,-1.2230040094564452,26497.654,False
2023-01-12,0.01,2.0883215340585144,25899.45,True
2023-01-12,0.05,2.0883215340585144,25899.45,True
2023-01-12,0.1,2.0883215340585144,25899.45,False
2023-01-12,0.5,0.44816246878435495,26327.744,False
2023-01-12,0.9,-1.1332295804944787,26747.398,False
2023-01-13,0.01,1.7133746434674542,26000.496,True
2023-01-13,0.05,1.7133746434674542,26000.496,True
2023-01-13,0.1,1.7133746434674542,26000.496,False
2023-01-13,0.5,0.09749766752455434,26424.045,False
2023-01-13,0.9,-1.4027620697353331,26823.463,False
2023-01-16,0.01,1.5127081719599782,25727.38,True
2023-01-16,0.05,1.5127081719599782,25727.38,True
2023-01-16,0.1,1.5127081719599782,25727.38,False
2023-01-16,0.5,-0.1596921351923477,26161.264,False
2023-01-16,0.9,-1.685599225736987,26563.521,False
2023-01-17,0.01,1.4537547494791772,25449.643,True
2023-01-17,0.05,1.4537547494791772,25449.643,True
2023-01-17,0.1,1.4537547494791772,25449.643,False
2023-01-17,0.5,-0.37103681729539595,25918.309,False
2023-01-17,0.9,-2.019567304400509,26349.121,False
2023-01-18,0.01,1.9367159228625481,25637.318,True
2023-01-18,0.05,1.9367159228625481,25637.318,True
2023-01-18,0.1,1.9367159228625481,25637.318,False
2023-01-18,0.5,0.21310137848791033,26083.037,False
2023-01-18,0.9,-1.3599694501912103,26496.586,False
2023-01-19,0.01,2.2207282782672233,26202.719,True
2023-01-19,0.05,2.2207282782672233,26202.719,True
2023-01-19,0.1,2.2207282782672233,26202.719,False
2023-01-19,0.5,0.26090623714074745,26721.31,False
2023-01-19,0.9,-1.5380504644100867,27206.365,False
2023-01-20,0.01,2.241091347464143,25820.047,True
2023-01-20,0.05,2.241091347464143,25820.047,True
2023-01-20,0.1,2.241091347464143,25820.047,False
2023-01-20,0.5,0.4297849658823261,26291.988,False
2023-01-20,0.9,-1.222273522585102,26729.955,False
2023-01-23,0.01,2.270110569954838,25957.525,True
2023-01-23,0.05,2.270110569954838,25957.525,True
2023-01-23,0.1,2.270110569954838,25957.525,False
2023-01-23,0.5,0.43770698167696587,26437.557,False
2023-01-23,0.9,-1.23327552636285,26883.035,False
2023-01-24,0.01,2.3174975655962973,26289.662,True
2023-01-24,0.05,2.3174975655962973,26289.662,True
2023-01-24,0.1,2.3174975655962973,26289.662,False
2023-01-24,0.5,0.43629788619645915,26788.904,False
2023-01-24,0.9,-1.2461761158833577,27243.434,False
2023-01-25,0.01,2.225855226825604,26698.262,True
2023-01-25,0.05,2.225855226825604,26698.262,True
2023-01-25,0.1,2.225855226825604,26698.262,False
2023-01-25,0.5,0.2278086827253344,27237.07,False
2023-01-25,0.9,-1.4816375701539166,27706.676,False
2023-01-26,0.01,2.2399189849814967,26788.205,True
2023-01-26,0.05,2.2399189849814967,26788.205,True
2023-01-26,0.1,2.2399189849814967,26788.205,False
2023-01-26,0.5,0.36811647117684126,27294.35,False
2023-01-26,0.9,-1.1992963884475474,27725.535,False
2023-01-27,0.01,1.895315014869336,26849.023,True
2023-01-27,0.05,1.895315014869336,26849.023,True
2023-01-27,0.1,1.895315014869336,26849.023,False
2023-01-27,0.5,0.11280669106066944,27331.9,False
2023-01-27,0.9,-1.3889727988722416,27745.463,False
2023-01-30,0.01,1.9943748394758432,26841.86,True
2023-01-30,0.05,1.9943748394758432,26841.86,True
2023-01-30,0.1,1.9943748394758432,26841.86,False
2023-01-30,0.5,0.22914461301613473,27319.887,False
2023-01-30,0.9,-1.253787781989073,27728.041,False
2023-01-31,0.01,1.9878312026386595,26893.455,True
2023-01-31,0.05,1.9878312026386595,26893.455,True
2023-01-31,0.1,1.9878312026386595,26893.455,False
2023-01-31,0.5,0.3013599260963464,27350.852,False
2023-01-31,0.9,-1.1342811370354027,27746.344,False
2023-02-01,0.01,2.0849476085847947,26763.252,True
2023-02-01,0.05,2.0849476085847947,26763.252,True
2023-02-01,0.1,2.0849476085847947,26763.252,False
2023-02-01,0.5,0.4557278613922497,27202.855,False
2023-02-01,0.9,-0.9550375279794447,27589.344,False
2023-02-02,0.01,2.062563024657652,26788.611,True
2023-02-02,0.05,2.062563024657652,26788.611,True
2023-02-02,0.1,2.062563024657652,26788.611,False
2023-02-02,0.5,0.4526641241418318,27223.371,False
2023-02-02,0.9,-0.9136087689558959,27597.87,False
2023-02-03,0.01,1.9050072836714689,26884.98,True
2023-02-03,0.05,1.9050072836714689,26884.98,True
2023-02-03,0.1,1.9050072836714689,26884.98,False
2023-02-03,0.5,0.3865521289800026,27296.332,False
2023-02-03,0.9,-0.8966406311764753,27648.854,False
2023-02-06,0.01,1.807749004930966,27016.627,True
2023-02-06,0.05,1.807749004930966,27016.627,True
2023-02-06,0.1,1.807749004930966,27016.627,False
2023-02-06,0.5,0.2610177186084889,27437.75,False
2023-02-06,0.9,-1.0540887614470018,27800.969,False
2023-02-07,0.01,1.7914023346636208,27201.963,True
2023-02-07,0.05,1.7914023346636208,27201.963,True
2023-02-07,0.1,1.7914023346636208,27201.963,False
2023-02-07,0.5,0.16147990727748604,27648.967,False
2023-02-07,0.9,-1.1852551160246176,28023.844,False
2023-02-08,0.01,1.7912612469617113,27193.967,True
2023-02-08,0.05,1.7912612469617113,27193.967,True
2023-02-08,0.1,1.7912612469617113,27193.967,False
2023-02-08,0.5,0.1273265258333889,27650.242,False
2023-02-08,0.9,-1.2045291897949153,28020.967,False
2023-02-09,0.01,2.0627928915705747,27042.83,True
2023-02-09,0.05,2.0627928915705747,27042.83,True
2023-02-09,0.1,2.0627928915705747,27042.83,False
2023-02-09,0.5,0.46816384967581687,27477.52,False
2023-02-09,0.9,-0.8182353974009248,27833.273,False
2023-02-10,0.01,2.0373613279573553,27028.043,True
2023-02-10,0.05,2.0373613279573553,27028.043,True
2023-02-10,0.1,2.0373613279573553,27028.043,False
2023-02-10,0.5,0.36326839560483976,27484.326,False
2023-02-10,0.9,-0.9557116613559423,27849.24,False
2023-02-13,0.01,1.9590987007123761,27134.154,True
2023-02-13,0.05,1.9590987007123761,27134.154,True
2023-02-13,0.1,1.9590987007123761,27134.154,False
2023-02-13,0.5,0.40977315724255975,27557.824,False
2023-02-13,0.9,-0.826864262884269,27900.73,False
2023-02-14,0.01,1.857499117487513,26922.56,True
2023-02-14,0.05,1.857499117487513,26922.56,True
2023-02-14,0.1,1.857499117487513,26922.56,False
2023-02-14,0.5,0.34015431246226474,27334.184,False
2023-02-14,0.9,-0.9035106938102144,27676.252,False
2023-02-15,0.01,1.8240847646015994,27103.836,True
2023-02-15,0.05,1.8240847646015994,27103.836,True
2023-02-15,0.1,1.8240847646015994,27103.836,False
2023-02-15,0.5,0.4323750431155042,27483.68,False
2023-02-15,0.9,-0.7243972593134456,27803.45,False
2023-02-16,0.01,1.7394269458094767,27027.621,True
2023-02-16,0.05,1.7394269458094767,27027.621,True
2023-02-16,0.1,1.7394269458094767,27027.621,False
2023-02-16,0.5,0.28988883627256584,27422.25,False
2023-02-16,0.9,-0.9161965897623701,27754.988,False
2023-02-17,0.01,1.8531326715008436,27187.914,True
2023-02-17,0.05,1.8531326715008436,27187.914,True
2023-02-17,0.1,1.8531326715008436,27187.914,False
2023-02-17,0.5,0.4393379409628109,27575.025,False
2023-02-17,0.9,-0.7548002552700025,27906.283,False
2023-02-20,0.01,1.570941190159066,27084.293,True
2023-02-20,0.05,1.570941190159066,27084.293,True
2023-02-20,0.1,1.570941190159066,27084.293,False
2023-02-20,0.5,0.20189002891749672,27457.64,False
2023-02-20,0.9,-0.9495671968661109,27775.63,False
2023-02-21,0.01,1.6375205406248428,27084.77,True
2023-02-21,0.05,1.6375205406248428,27084.77,True
2023-02-21,0.1,1.6375205406248428,27084.77,False
2023-02-21,0.5,0.2915779975029238,27451.78,False
2023-02-21,0.9,-0.8383884798057316,27763.734,False
2023-02-22,0.01,1.4228847236069178,27084.957,True
2023-02-22,0.05,1.4228847236069178,27084.957,True
2023-02-22,0.1,1.4228847236069178,27084.957,False
2023-02-22,0.5,0.1090509972824568,27443.156,False
2023-02-22,0.9,-1.004913226065528,27750.572,False
2023-02-24,0.01,1.6627801391746366,26657.361,True
2023-02-24,0.05,1.6627801391746366,26657.361,True
2023-02-24,0.1,1.6627801391746366,26657.361,False
2023-02-24,0.5,0.20135680779764134,27049.799,False
2023-02-24,0.9,-1.0370319829755665,27386.863,False
2023-02-27,0.01,1.7960250076303308,26964.81,True
2023-02-27,0.05,1.7960250076303308,26964.81,True
2023-02-27,0.1,1.7960250076303308,26964.81,False
2023-02-27,0.5,0.4390257892678142,27333.217,False
2023-02-27,0.9,-0.7584046371020774,27662.48,False
2023-02-28,0.01,1.6522463700845702,26974.572,True
2023-02-28,0.05,1.6522463700845702,26974.572,True
2023-02-28,0.1,1.6522463700845702,26974.572,False
2023-02-28,0.5,0.3551971245129758,27326.725,False
2023-02-28,0.9,-0.8093181719256712,27646.809,False
2023-03-01,0.01,1.620633183895897,27004.354,True
2023-03-01,0.05,1.620633183895897,27004.354,True
2023-03-01,0.1,1.620633183895897,27004.354,False
2023-03-01,0.5,0.32778245281209706,27355.746,False
2023-03-01,0.9,-0.8323429235319802,27674.955,False
2023-03-02,0.01,1.7077284478214365,27050.611,True
2023-03-02,0.05,1.7077284478214365,27050.611,True
2023-03-02,0.1,1.7077284478214365,27050.611,False
2023-03-02,0.5,0.3839076607479897,27411.094,False
2023-03-02,0.9,-0.7786710117104944,27731.629,False
2023-03-03,0.01,1.6657685499504558,27044.596,True
2023-03-03,0.05,1.6657685499504558,27044.596,True
2023-03-03,0.1,1.6657685499504558,27044.596,False
2023-03-03,0.5,0.3298324589705115,27408.318,False
2023-03-03,0.9,-0.828390434030912,27727.613,False
2023-03-06,0.01,1.9018905823683276,27401.34,True
2023-03-06,0.05,1.9018905823683276,27401.34,True
2023-03-06,0.1,1.9018905823683276,27401.34,False
2023-03-06,0.5,0.5445159088504966,27775.814,False
2023-03-06,0.9,-0.6258981868533632,28102.816,False
2023-03-07,0.01,1.8290664727383337,27725.986,True
2023-03-07,0.05,1.8290664727383337,27725.986,True
2023-03-07,0.1,1.8290664727383337,27725.986,False
2023-03-07,0.5,0.27845978844803665,28159.258,False
2023-03-07,0.9,-1.031182242724778,28530.469,False
2023-03-08,0.01,1.7484516759674822,27818.49,True
2023-03-08,0.05,1.7484516759674822,27818.49,True
2023-03-08,0.1,1.7484516759674822,27818.49,False
2023-03-08,0.5,0.3034620594506567,28223.383,False
2023-03-08,0.9,-0.9082566109034315,28567.451,False
2023-03-09,0.01,1.4721007659364862,28028.53,True
2023-03-09,0.05,1.4721007659364862,28028.53,True
2023-03-09,0.1,1.4721007659364862,28028.53,False
2023-03-09,0.5,0.027675891453668697,28436.318,False
2023-03-09,0.9,-1.176740507584375,28780.88,False
2023-03-10,0.01,1.411319850771923,28222.023,True
2023-03-10,0.05,1.411319850771923,28222.023,True
2023-03-10,0.1,1.411319850771923,28222.023,False
2023-03-10,0.5,0.017149139515886123,28618.242,False
2023-03-10,0.9,-1.1259903305326227,28947.266,False
2023-03-13,0.01,1.5123100239932108,27721.549,True
2023-03-13,0.05,1.5123100239932108,27721.549,True
2023-03-13,0.1,1.5123100239932108,27721.549,False
2023-03-13,0.5,0.06740781733267279,28125.006,False
2023-03-13,0.9,-1.204853133353635,28485.115,False
2023-03-14,0.01,1.3575704934496717,27457.662,True
2023-03-14,0.05,1.3575704934496717,27457.662,True
2023-03-14,0.1,1.3575704934496717,27457.662,False
2023-03-14,0.5,-0.10687263235637504,27862.723,False
2023-03-14,0.9,-1.4134182229302439,28229.15,False
2023-03-15,0.01,1.2443937882386706,26885.389,True
2023-03-15,0.05,1.2443937882386706,26885.389,True
2023-03-15,0.1,1.2443937882386706,26885.389,False
2023-03-15,0.5,-0.28744635370787863,27300.4,False
2023-03-15,0.9,-1.6175976247145802,27665.963,False
2023-03-16,0.01,1.0189314429074856,26953.44,True
2023-03-16,0.05,1.0189314429074856,26953.44,True
2023-03-16,0.1,1.0189314429074856,26953.44,False
2023-03-16,0.5,-0.39900940333469515,27338.346,False
2023-03-16,0.9,-1.6445395105925311,27680.982,False
2023-03-17,0.01,1.122819074002284,26709.025,True
2023-03-17,0.05,1.122819074002284,26709.025,True
2023-03-17,0.1,1.122819074002284,26709.025,False
2023-03-17,0.5,-0.3177506583999094,27096.572,False
2023-03-17,0.9,-1.5568555537800313,27434.416,False
2023-03-20,0.01,1.2561904591558584,26992.572,True
2023-03-20,0.05,1.2561904591558584,26992.572,True
2023-03-20,0.1,1.2561904591558584,26992.572,False
2023-03-20,0.5,-0.1547509019009899,27376.121,False
2023-03-20,0.9,-1.4525395246820596,27733.72,False
2023-03-22,0.01,1.3287334935366475,26590.002,True
2023-03-22,0.05,1.3287334935366475,26590.002,True
2023-03-22,0.1,1.3287334935366475,26590.002,False
2023-03-22,0.5,-0.11949787689901013,26977.889,False
2023-03-22,0.9,-1.3791702663831755,27319.871,False
2023-03-23,0.01,1.6255242494548123,27023.742,True
2023-03-23,0.05,1.6255242494548123,27023.742,True
2023-03-23,0.1,1.6255242494548123,27023.742,False
2023-03-23,0.5,0.17023771340099758,27419.89,False
2023-03-23,0.9,-1.2346295195499601,27807.822,False
2023-03-24,0.01,1.4209839874727812,27032.736,True
2023-03-24,0.05,1.4209839874727812,27032.736,True
2023-03-24,0.1,1.4209839874727812,27032.736,False
2023-03-24,0.5,9.972338868810731e-05,27419.582,False
2023-03-24,0.9,-1.314143036188615,27782.32,False
2023-03-27,0.01,1.4342248015467842,26995.287,True
2023-03-27,0.05,1.4342248015467842,26995.287,True
2023-03-27,0.1,1.4342248015467842,26995.287,False
2023-03-27,0.5,-0.008950300556007209,27387.701,False
2023-03-27,0.9,-1.3157036214761333,27747.94,False
2023-03-28,0.01,1.3690161053709138,27103.27,True
2023-03-28,0.05,1.3690161053709138,27103.27,True
2023-03-28,0.1,1.3690161053709138,27103.27,False
2023-03-28,0.5,-0.021045318409439146,27482.652,False
2023-03-28,0.9,-1.292583567481547,27834.336,False
2023-03-29,0.01,1.4403977783652473,27124.719,True
2023-03-29,0.05,1.4403977783652473,27124.719,True
2023-03-29,0.1,1.4403977783652473,27124.719,False
2023-03-29,0.5,0.07566024142782553,27497.438,False
2023-03-29,0.9,-1.195654496964854,27849.248,False
2023-03-30,0.01,1.8029887276272551,27385.543,True
2023-03-30,0.05,1.8029887276272551,27385.543,True
2023-03-30,0.1,1.8029887276272551,27385.543,False
2023-03-30,0.5,0.261477077360619,27810.965,False
2023-03-30,0.9,-1.269642408643562,28240.06,False
2023-03-31,0.01,1.6767298634479413,27320.969,True
2023-03-31,0.05,1.6767298634479413,27320.969,True
2023-03-31,0.1,1.6767298634479413,27320.969,False
2023-03-31,0.5,0.2640133696422879,27709.676,False
2023-03-31,0.9,-1.086633775687982,28086.475,False
2023-04-03,0.01,1.4877093979704648,27627.393,True
2023-04-03,0.05,1.4877093979704648,27627.393,True
2023-04-03,0.1,1.4877093979704648,27627.393,False
2023-04-03,0.5,0.01955999218821278,28035.996,False
2023-04-03,0.9,-1.3969303026999402,28435.95,False
2023-04-04,0.01,1.5439806259425977,27756.273,True
2023-04-04,0.05,1.5439806259425977,27756.273,True
2023-04-04,0.1,1.5439806259425977,27756.273,False
2023-04-04,0.5,0.08426303790731524,28164.408,False
2023-04-04,0.9,-1.332514917577986,28566.275,False
2023-04-05,0.01,1.538246959309772,27855.62,True
2023-04-05,0.05,1.538246959309772,27855.62,True
2023-04-05,0.1,1.538246959309772,27855.62,False
2023-04-05,0.5,0.09588139736868448,28260.31,False
2023-04-05,0.9,-1.283851569663201,28652.93,False
2023-04-06,0.01,1.158969092124833,27492.773,True
2023-04-06,0.05,1.158969092124833,27492.773,True
2023-04-06,0.1,1.158969092124833,27492.773,False
2023-04-06,0.5,-0.2988636013322456,27896.508,False
2023-04-06,0.9,-1.6996060659553562,28290.016,False
2023-04-07,0.01,0.9347628408603047,27217.023,True
2023-04-07,0.05,0.9347628408603047,27217.023,True
2023-04-07,0.1,0.9347628408603047,27217.023,False
2023-04-07,0.5,-0.5431198341008752,27622.246,False
2023-04-07,0.9,-1.9509376658900845,28013.867,False
2023-04-10,0.01,0.8549023828876459,27284.059,True
2023-04-10,0.05,0.8549023828876459,27284.059,True
2023-04-10,0.1,0.8549023828876459,27284.059,False
2023-04-10,0.5,-0.49130409767684713,27653.842,False
2023-04-10,0.9,-1.756533853552931,28005.95,False
2023-04-11,0.01,1.1252651869644177,27324.451,True
2023-04-11,0.05,1.1252651869644177,27324.451,True
2023-04-11,0.1,1.1252651869644177,27324.451,False
2023-04-11,0.5,-0.14496393502299842,27673.748,False
2023-04-11,0.9,-1.3664625423559136,28013.855,False
2023-04-12,0.01,1.4337754277760126,27525.867,True
2023-04-12,0.05,1.4337754277760126,27525.867,True
2023-04-12,0.1,1.4337754277760126,27525.867,False
2023-04-12,0.5,0.09535372149908981,27896.756,False
2023-04-12,0.9,-1.1835799784361736,28255.828,False
2023-04-13,0.01,1.4781613530320765,27670.645,True
2023-04-13,0.05,1.4781613530320765,27670.645,True
2023-04-13,0.1,1.4781613530320765,27670.645,False
2023-04-13,0.5,0.1499209750575523,28040.629,False
2023-04-13,0.9,-1.1119144378982178,28396.697,False
2023-04-14,0.01,1.513317761978995,27734.074,True
2023-04-14,0.05,1.513317761978995,27734.074,True
2023-04-14,0.1,1.513317761978995,27734.074,False
2023-04-14,0.5,0.19576084248253048,28101.904,False
2023-04-14,0.9,-1.0444305448482483,28452.592,False
2023-04-17,0.01,1.5381049428937401,28058.564,True
2023-04-17,0.05,1.5381049428937401,28058.564,True
2023-04-17,0.1,1.5381049428937401,28058.564,False
2023-04-17,0.5,0.17649128270574932,28443.227,False
2023-04-17,0.9,-1.0812858250488544,28803.238,False
2023-04-18,0.01,1.4963758984109428,28091.268,True
2023-04-18,0.05,1.4963758984109428,28091.268,True
2023-04-18,0.1,1.4963758984109428,28091.268,False
2023-04-18,0.5,0.12626835890157614,28478.797,False
2023-04-18,0.9,-1.132446641048893,28839.53,False
2023-04-19,0.01,1.2429619643538938,28304.816,True
2023-04-19,0.05,1.2429619643538938,28304.816,True
2023-04-19,0.1,1.2429619643538938,28304.816,False
2023-04-19,0.5,-0.1777362440701626,28709.812,False
2023-04-19,0.9,-1.4485211103643607,29076.98,False
2023-04-20,0.01,1.0458647521676416,28309.13,True
2023-04-20,0.05,1.0458647521676416,28309.13,True
2023-04-20,0.1,1.0458647521676416,28309.13,False
2023-04-20,0.5,-0.31393332559134235,28696.707,False
2023-04-20,0.9,-1.5054616814740212,29040.682,False
2023-04-21,0.01,1.136238350041174,28333.795,True
2023-04-21,0.05,1.136238350041174,28333.795,True
2023-04-21,0.1,1.136238350041174,28333.795,False
2023-04-21,0.5,-0.25867719937524597,28731.797,False
2023-04-21,0.9,-1.4696276468290048,29081.84,False
2023-04-24,0.01,1.2256446976334983,28216.408,True
2023-04-24,0.05,1.2256446976334983,28216.408,True
2023-04-24,0.1,1.2256446976334983,28216.408,False
2023-04-24,0.5,-0.09977955698364913,28592.885,False
2023-04-24,0.9,-1.2800968431420998,28932.371,False
2023-04-25,0.01,1.0408435360182715,28297.45,True
2023-04-25,0.05,1.0408435360182715,28297.45,True
2023-04-25,0.1,1.0408435360182715,28297.45,False
2023-04-25,0.5,-0.2816816807107764,28674.176,False
2023-04-25,0.9,-1.4310751737466896,29005.656,False
2023-04-26,0.01,1.0619414369567777,28317.75,True
2023-04-26,0.05,1.0619414369567777,28317.75,True
2023-04-26,0.1,1.0619414369567777,28317.75,False
2023-04-26,0.5,-0.20657019779489727,28679.252,False
2023-04-26,0.9,-1.3288415677501668,29002.924,False
2023-04-27,0.01,1.1599304351676243,28088.764,True
2023-04-27,0.05,1.1599304351676243,28088.764,True
2023-04-27,0.1,1.1599304351676243,28088.764,False
2023-04-27,0.5,-0.1281857369681857,28452.92,False
2023-04-27,0.9,-1.2830932092985987,28783.43,False
2023-04-28,0.01,1.231345070406843,28109.416,True
2023-04-28,0.05,1.231345070406843,28109.416,True
2023-04-28,0.1,1.231345070406843,28109.416,False
2023-04-28,0.5,-0.004605142489985412,28458.99,False
2023-04-28,0.9,-1.1115501114146116,28775.766,False
2023-05-01,0.01,1.219631368701939,28506.635,True
2023-05-01,0.05,1.219631368701939,28506.635,True
2023-05-01,0.1,1.219631368701939,28506.635,False
2023-05-01,0.5,-0.04444510382255567,28869.268,False
2023-05-01,0.9,-1.1461095263493029,29189.068,False
2023-05-02,0.01,1.2900922589761863,28749.877,True
2023-05-02,0.05,1.2900922589761863,28749.877,True
2023-05-02,0.1,1.2900922589761863,28749.877,False
2023-05-02,0.5,0.03317549403792425,29113.52,False
2023-05-02,0.9,-1.0442920796499298,29428.904,False
2023-05-08,0.01,1.3007921473995558,28781.121,True
2023-05-08,0.05,1.3007921473995558,28781.121,True
2023-05-08,0.1,1.3007921473995558,28781.121,False
2023-05-08,0.5,0.099045139711006,29129.084,False
2023-05-08,0.9,-0.9424816974344568,29434.057,False
2023-05-09,0.01,1.4074035854168108,28545.293,True
2023-05-09,0.05,1.4074035854168108,28545.293,True
2023-05-09,0.1,1.4074035854168108,28545.293,False
2023-05-09,0.5,0.17362528676797026,28899.66,False
2023-05-09,0.9,-0.9382095254812428,29222.77,False
2023-05-10,0.01,1.2538333709684095,28878.453,True
2023-05-10,0.05,1.2538333709684095,28878.453,True
2023-05-10,0.1,1.2538333709684095,28878.453,False
2023-05-10,0.5,0.011722314219999398,29239.393,False
2023-05-10,0.9,-1.0709381686026982,29557.676,False
2023-05-11,0.01,1.0168314959678493,28827.557,True
2023-05-11,0.05,1.0168314959678493,28827.557,True
2023-05-11,0.1,1.0168314959678493,28827.557,False
2023-05-11,0.5,-0.1779770705152244,29174.057,False
2023-05-11,0.9,-1.2337204357320024,29483.691,False
2023-05-12,0.01,1.0180676391458106,28831.695,True
2023-05-12,0.05,1.0180676391458106,28831.695,True
2023-05-12,0.1,1.0180676391458106,28831.695,False
2023-05-12,0.5,-0.12764030479106983,29163.922,False
2023-05-12,0.9,-1.1573907508798398,29465.79,False
2023-05-15,0.01,1.053842038539116,29080.22,True
2023-05-15,0.05,1.053842038539116,29080.22,True
2023-05-15,0.1,1.053842038539116,29080.22,False
2023-05-15,0.5,-0.1351930618555017,29428.059,False
2023-05-15,0.9,-1.1705610624971887,29734.33,False
2023-05-16,0.01,0.7892390082938415,29393.438,True
2023-05-16,0.05,0.7892390082938415,29393.438,True
2023-05-16,0.1,0.7892390082938415,29393.438,False
2023-05-16,0.5,-0.5164085656195231,29779.729,False
2023-05-16,0.9,-1.63383532788896,30114.361,False
2023-05-17,0.01,0.7419200098248829,29622.398,True
2023-05-17,0.05,0.7419200098248829,29622.398,True
2023-05-17,0.1,0.7419200098248829,29622.398,False
2023-05-17,0.5,-0.6394400616395888,30034.43,False
2023-05-17,0.9,-1.7998893507793976,30384.994,False
2023-05-18,0.01,0.6138316931689941,29909.432,True
2023-05-18,0.05,0.6138316931689941,29909.432,True
2023-05-18,0.1,0.6138316931689941,29909.432,False
2023-05-18,0.5,-0.9042440207502653,30366.943,False
2023-05-18,0.9,-2.200283117275799,30763.072,False
2023-05-19,0.01,0.6042487131067523,30389.744,True
2023-05-19,0.05,0.6042487131067523,30389.744,True
2023-05-19,0.1,0.6042487131067523,30389.744,False
2023-05-19,0.5,-1.0984020075517476,30911.605,False
2023-05-19,0.9,-2.5859053788301845,31374.854,False
2023-05-22,0.01,0.2552406302106262,30729.814,True
2023-05-22,0.05,0.2552406302106262,30729.814,True
2023-05-22,0.1,0.2552406302106262,30729.814,False
2023-05-22,0.5,-1.459644090478152,31261.34,False
2023-05-22,0.9,-2.956198742200454,31732.701,False
2023-05-23,0.01,0.23280375686187202,31014.533,True
2023-05-23,0.05,0.23280375686187202,31014.533,True
2023-05-23,0.1,0.23280375686187202,31014.533,False
2023-05-23,0.5,-1.4694304457203815,31546.992,False
2023-05-23,0.9,-2.9477942293081942,32016.836,False
2023-05-24,0.01,0.627444674925603,30764.135,True
2023-05-24,0.05,0.627444674925603,30764.135,True
2023-05-24,0.1,0.627444674925603,30764.135,False
2023-05-24,0.5,-0.9594478797671511,31256.223,False
2023-05-24,0.9,-2.321463377252974,31684.85,False
2023-05-25,0.01,0.8658383788901941,30418.164,True
2023-05-25,0.05,0.8658383788901941,30418.164,True
2023-05-25,0.1,0.8658383788901941,30418.164,False
2023-05-25,0.5,-0.5875307277749026,30863.48,False
2023-05-25,0.9,-1.8418993063128355,31253.06,False
2023-05-26,0.01,0.40006543096360464,30678.152,True
2023-05-26,0.05,0.40006543096360464,30678.152,True
2023-05-26,0.1,0.40006543096360464,30678.152,False
2023-05-26,0.5,-1.037805585247757,31122.451,False
2023-05-26,0.9,-2.2719334336379315,31508.922,False
2023-05-29,0.01,0.43618487076313034,30781.752,True
2023-05-29,0.05,0.43618487076313034,30781.752,True
2023-05-29,0.1,0.43618487076313034,30781.752,False
2023-05-29,0.5,-0.9712208763117585,31218.04,False
2023-05-29,0.9,-2.171943702435857,31595.14,False
2023-05-30,0.01,0.2664448121315838,31150.43,True
2023-05-30,0.05,0.2664448121315838,31150.43,True
2023-05-30,0.1,0.2664448121315838,31150.43,False
2023-05-30,0.5,-1.2910642596578537,31639.398,False
2023-05-30,0.9,-2.651366358260367,32072.73,False
2023-05-31,0.01,0.2840936187544032,31239.285,True
2023-05-31,0.05,0.2840936187544032,31239.285,True
2023-05-31,0.1,0.2840936187544032,31239.285,False
2023-05-31,0.5,-1.2811642144503317,31732.107,False
2023-05-31,0.9,-2.652837658355966,32170.367,False
2023-06-01,0.01,0.6420732757881579,30690.193,True
2023-06-01,0.05,0.6420732757881579,30690.193,True
2023-06-01,0.1,0.6420732757881579,30690.193,False
2023-06-01,0.5,-0.9198959646223445,31173.328,False
2023-06-01,0.9,-2.255281957432156,31592.404,False
2023-06-02,0.01,0.3380534453538911,31042.89,True
2023-06-02,0.05,0.3380534453538911,31042.89,True
2023-06-02,0.1,0.3380534453538911,31042.89,False
2023-06-02,0.5,-1.1917146905326337,31521.426,False
2023-06-02,0.9,-2.513129442651443,31940.719,False
2023-06-05,0.01,0.26444439561714866,31440.967,True
2023-06-05,0.05,0.26444439561714866,31440.967,True
2023-06-05,0.1,0.26444439561714866,31440.967,False
2023-06-05,0.5,-1.3269356003540278,31945.314,False
2023-06-05,0.9,-2.781655135165378,32413.426,False
2023-06-06,0.01,0.5508701916452298,32040.441,True
2023-06-06,0.05,0.5508701916452298,32040.441,True
2023-06-06,0.1,0.5508701916452298,32040.441,False
2023-06-06,0.5,-1.338869890573892,32651.68,False
2023-06-06,0.9,-3.0605581286328265,33218.707,False
2023-06-07,0.01,0.5457600517655317,32329.854,True
2023-06-07,0.05,0.5457600517655317,32329.854,True
2023-06-07,0.1,0.5457600517655317,32329.854,False
2023-06-07,0.5,-1.4391418894666237,32977.98,False
2023-06-07,0.9,-3.1868644314428956,33559.41,False
2023-06-08,0.01,0.34684052335100407,31803.242,True
2023-06-08,0.05,0.34684052335100407,31803.242,True
2023-06-08,0.1,0.34684052335100407,31803.242,False
2023-06-08,0.5,-1.382584737573309,32358.04,False
2023-06-08,0.9,-2.8996788541294154,32852.684,False
2023-06-09,0.01,0.5127463264387291,31479.445,True
2023-06-09,0.05,0.5127463264387291,31479.445,True
2023-06-09,0.1,0.5127463264387291,31479.445,False
2023-06-09,0.5,-1.183420928601816,32017.943,False
2023-06-09,0.9,-2.7106735240416215,32510.691,False
2023-06-12,0.01,0.7064948950315012,32038.021,True
2023-06-12,0.05,0.7064948950315012,32038.021,True
2023-06-12,0.1,0.7064948950315012,32038.021,False
2023-06-12,0.5,-1.0324509759030338,32600.018,False
2023-06-12,0.9,-2.604380160371796,33116.516,False
2023-06-13,0.01,0.7190338181668317,32201.625,True
2023-06-13,0.05,0.7190338181668317,32201.625,True
2023-06-13,0.1,0.7190338181668317,32201.625,False
2023-06-13,0.5,-1.040382909788541,32773.2,False
2023-06-13,0.9,-2.628867208228029,33297.953,False
2023-06-14,0.01,1.218439132948486,32618.777,True
2023-06-14,0.05,1.218439132948486,32618.777,True
2023-06-14,0.1,1.218439132948486,32618.777,False
2023-06-14,0.5,-0.6549836770963396,33235.625,False
2023-06-14,0.9,-2.3320454853737025,33797.707,False
2023-06-15,0.01,1.6307145086717738,32960.523,True
2023-06-15,0.05,1.6307145086717738,32960.523,True
2023-06-15,0.1,1.6307145086717738,32960.523,False
2023-06-15,0.5,-0.4530322484923568,33654.543,False
2023-06-15,0.9,-2.257896817206435,34267.477,False
2023-06-16,0.01,1.3950928990518396,33021.58,True
2023-06-16,0.05,1.3950928990518396,33021.58,True
2023-06-16,0.1,1.3950928990518396,33021.58,False
2023-06-16,0.5,-0.6841341987181008,33715.36,False
2023-06-16,0.9,-2.5136813021800006,34337.875,False
2023-06-19,0.01,1.2504209501634385,33287.234,True
2023-06-19,0.05,1.2504209501634385,33287.234,True
2023-06-19,0.1,1.2504209501634385,33287.234,False
2023-06-19,0.5,-0.8834101514107681,34005.16,False
2023-06-19,0.9,-2.7867529870346894,34658.594,False
2023-06-20,0.01,0.8500200592433721,33087.97,True
2023-06-20,0.05,0.8500200592433721,33087.97,True
2023-06-20,0.1,0.8500200592433721,33087.97,False
2023-06-20,0.5,-1.00680441183232,33708.094,False
2023-06-20,0.9,-2.7363464080992586,34296.16,False
2023-06-21,0.01,0.978039037924425,33063.945,True
2023-06-21,0.05,0.978039037924425,33063.945,True
2023-06-21,0.1,0.978039037924425,33063.945,False
2023-06-21,0.5,-0.8380055112759175,33669.887,False
2023-06-21,0.9,-2.536158267163788,34246.535,False
2023-06-22,0.01,1.1055465936029658,33205.996,True
2023-06-22,0.05,1.1055465936029658,33205.996,True
2023-06-22,0.1,1.1055465936029658,33205.996,False
2023-06-22,0.5,-0.6860921333792698,33806.29,False
2023-06-22,0.9,-2.3721563915413495,34381.117,False
2023-06-23,0.01,1.3550836896677334,32817.152,True
2023-06-23,0.05,1.3550836896677334,32817.152,True
2023-06-23,0.1,1.3550836896677334,32817.152,False
2023-06-23,0.5,-0.48310693158843954,33425.973,False
2023-06-23,0.9,-2.216714755724118,34010.5,False
2023-06-26,0.01,1.4044719383648037,32324.35,True
2023-06-26,0.05,1.4044719383648037,32324.35,True
2023-06-26,0.1,1.4044719383648037,32324.35,False
2023-06-26,0.5,-0.5622579121369985,32966.375,False
2023-06-26,0.9,-2.3883293034040887,33573.895,False
2023-06-27,0.01,1.3790257616900048,32250.98,True
2023-06-27,0.05,1.3790257616900048,32250.98,True
2023-06-27,0.1,1.3790257616900048,32250.98,False
2023-06-27,0.5,-0.5594058385096417,32882.242,False
2023-06-27,0.9,-2.3993910485242282,33492.87,False
2023-06-28,0.01,1.2335165905320662,32139.43,True
2023-06-28,0.05,1.2335165905320662,32139.43,True
2023-06-28,0.1,1.2335165905320662,32139.43,False
2023-06-28,0.5,-0.770433291481956,32789.984,False
2023-06-28,0.9,-2.623371756009254,33403.227,False
2023-06-29,0.01,0.8391409054987324,32916.61,True
2023-06-29,0.05,0.8391409054987324,32916.61,True
2023-06-29,0.1,0.8391409054987324,32916.61,False
2023-06-29,0.5,-1.0480492305579603,33543.707,False
2023-06-29,0.9,-2.827186044168664,34145.836,False
2023-06-30,0.01,0.6078186047982316,33032.75,True
2023-06-30,0.05,0.6078186047982316,33032.75,True
2023-06-30,0.1,0.6078186047982316,33032.75,False
2023-06-30,0.5,-1.2374081863572692,33647.938,False
2023-06-30,0.9,-3.0217797943112656,34253.73,False
2023-07-03,0.01,0.9818542448193789,32864.766,True
2023-07-03,0.05,0.9818542448193789,32864.766,True
2023-07-03,0.1,0.9818542448193789,32864.766,False
2023-07-03,0.5,-0.8207837385510043,33462.57,False
2023-07-03,0.9,-2.5982216234148376,34062.664,False
2023-07-04,0.01,1.4383836578630622,33271.3,True
2023-07-04,0.05,1.4383836578630622,33271.3,True
2023-07-04,0.1,1.4383836578630622,33271.3,False
2023-07-04,0.5,-0.4557896505356995,33907.523,False
2023-07-04,0.9,-2.303237661100604,34539.77,False
2023-07-05,0.01,1.242137608719012,33009.934,True
2023-07-05,0.05,1.242137608719012,33009.934,True
2023-07-05,0.1,1.242137608719012,33009.934,False
2023-07-05,0.5,-0.49739554510759476,33589.176,False
2023-07-05,0.9,-2.2940336634310428,34198.105,False
2023-07-06,0.01,1.5044218693390061,32840.9,True
2023-07-06,0.05,1.5044218693390061,32840.9,True
2023-07-06,0.1,1.5044218693390061,32840.9,False
2023-07-06,0.5,-0.19849744074459247,33404.94,False
2023-07-06,0.9,-1.9748045897875457,34003.617,False
2023-07-07,0.01,1.3112156433889872,32346.1,True
2023-07-07,0.05,1.3112156433889872,32346.1,True
2023-07-07,0.1,1.3112156433889872,32346.1,False
2023-07-07,0.5,-0.5923616839008078,32967.73,False
2023-07-07,0.9,-2.362428526614908,33556.477,False
2023-07-10,0.01,1.5808371928132978,31880.438,True
2023-07-10,0.05,1.5808371928132978,31880.438,True
2023-07-10,0.1,1.5808371928132978,31880.438,False
2023-07-10,0.5,-0.3909402247835109,32515.287,False
2023-07-10,0.9,-2.1827801730751197,33103.16,False
2023-07-11,0.01,1.5127859364202074,31706.434,True
2023-07-11,0.05,1.5127859364202074,31706.434,True
2023-07-11,0.1,1.5127859364202074,31706.434,False
2023-07-11,0.5,-0.4460177868164721,32333.623,False
2023-07-11,0.9,-2.221597172690406,32912.86,False
2023-07-12,0.01,1.2026988709232669,31818.578,True
2023-07-12,0.05,1.2026988709232669,31818.578,True
2023-07-12,0.1,1.2026988709232669,31818.578,False
2023-07-12,0.5,-0.6052643787495522,32399.078,False
2023-07-12,0.9,-2.295222646107746,32951.26,False
2023-07-13,0.01,1.230291219786983,31553.334,True
2023-07-13,0.05,1.230291219786983,31553.334,True
2023-07-13,0.1,1.230291219786983,31553.334,False
2023-07-13,0.5,-0.6416005599434977,32149.541,False
2023-07-13,0.9,-2.3771158626765474,32712.371,False
2023-07-14,0.01,0.8772363736436162,32136.18,True
2023-07-14,0.05,0.8772363736436162,32136.18,True
2023-07-14,0.1,0.8772363736436162,32136.18,False
2023-07-14,0.5,-0.7958094223513213,32678.355,False
2023-07-14,0.9,-2.408277406208742,33209.555,False
2023-07-18,0.01,0.9146504306706811,32096.344,True
2023-07-18,0.05,0.9146504306706811,32096.344,True
2023-07-18,0.1,0.9146504306706811,32096.344,False
2023-07-18,0.5,-0.7816240894927489,32645.43,False
2023-07-18,0.9,-2.381175037124665,33171.81,False
2023-07-19,0.01,0.9288856780233625,32193.457,True
2023-07-19,0.05,0.9288856780233625,32193.457,True
2023-07-19,0.1,0.9288856780233625,32193.457,False
2023-07-19,0.5,-0.6673890647528865,32711.477,False
2023-07-19,0.9,-2.191420809961335,33213.83,False
2023-07-20,0.01,0.9781355092634086,32575.832,True
2023-07-20,0.05,0.9781355092634086,32575.832,True
2023-07-20,0.1,0.9781355092634086,32575.832,False
2023-07-20,0.5,-0.6291127209008238,33103.637,False
2023-07-20,0.9,-2.168544912321242,33617.188,False
2023-07-21,0.01,1.0188457504099557,32161.172,True
2023-07-21,0.05,1.0188457504099557,32161.172,True
2023-07-21,0.1,1.0188457504099557,32161.172,False
2023-07-21,0.5,-0.5535907312740073,32670.883,False
2023-07-21,0.9,-2.068220340051676,33169.492,False
2023-07-24,0.01,1.0408046381250695,31969.77,True
2023-07-24,0.05,1.0408046381250695,31969.77,True
2023-07-24,0.1,1.0408046381250695,31969.77,False
2023-07-24,0.5,-0.6132270253449413,32502.957,False
2023-07-24,0.9,-2.1690790236495894,33012.61,False
2023-07-25,0.01,0.8925219354439377,32410.375,True
2023-07-25,0.05,0.8925219354439377,32410.375,True
2023-07-25,0.1,0.8925219354439377,32410.375,False
2023-07-25,0.5,-0.6593860212332494,32917.277,False
2023-07-25,0.9,-2.2000582146698604,33428.35,False
2023-07-26,0.01,0.9807674052906966,32363.537,True
2023-07-26,0.05,0.9807674052906966,32363.537,True
2023-07-26,0.1,0.9807674052906966,32363.537,False
2023-07-26,0.5,-0.5552269434079765,32864.477,False
2023-07-26,0.9,-2.069688388558802,33365.984,False
2023-07-27,0.01,0.9676233068398028,32353.758,True
2023-07-27,0.05,0.9676233068398028,32353.758,True
2023-07-27,0.1,0.9676233068398028,32353.758,False
2023-07-27,0.5,-0.5558178916498712,32850.42,False
2023-07-27,0.9,-2.0932199713577617,33359.367,False
2023-07-28,0.01,0.5740281924015279,32702.896,True
2023-07-28,0.05,0.5740281924015279,32702.896,True
2023-07-28,0.1,0.5740281924015279,32702.896,False
2023-07-28,0.5,-0.9526649077304534,33206.0,False
2023-07-28,0.9,-2.5286780691864505,33733.477,False
2023-07-31,0.01,0.5642044047634717,32574.922,True
2023-07-31,0.05,0.5642044047634717,32574.922,True
2023-07-31,0.1,0.5642044047634717,32574.922,False
2023-07-31,0.5,-0.8324303353769854,33033.066,False
2023-07-31,0.9,-2.3681742049673415,33544.285,False
2023-08-01,0.01,0.7926682479982363,32910.312,True
2023-08-01,0.05,0.7926682479982363,32910.312,True
2023-08-01,0.1,0.7926682479982363,32910.312,False
2023-08-01,0.5,-0.7810481971241732,33432.324,False
2023-08-01,0.9,-2.3606685811479253,33964.62,False
2023-08-02,0.01,0.9231388989381232,33168.965,True
2023-08-02,0.05,0.9231388989381232,33168.965,True
2023-08-02,0.1,0.9231388989381232,33168.965,False
2023-08-02,0.5,-0.7696092982241667,33735.21,False
2023-08-02,0.9,-2.394587320277615,34287.88,False
2023-08-03,0.01,0.6995307789373099,32479.688,True
2023-08-03,0.05,0.6995307789373099,32479.688,True
2023-08-03,0.1,0.6995307789373099,32479.688,False
2023-08-03,0.5,-0.8038444571775389,32971.668,False
2023-08-03,0.9,-2.325718544644106,33477.293,False
2023-08-04,0.01,0.9464741368749094,31856.336,True
2023-08-04,0.05,0.9464741368749094,31856.336,True
2023-08-04,0.1,0.9464741368749094,31856.336,False
2023-08-04,0.5,-0.7332115576122421,32395.941,False
2023-08-04,0.9,-2.361425863967488,32927.734,False
2023-08-07,0.01,1.1926428498556971,31811.086,True
2023-08-07,0.05,1.1926428498556971,31811.086,True
2023-08-07,0.1,1.1926428498556971,31811.086,False
2023-08-07,0.5,-0.46254836258870596,32342.002,False
2023-08-07,0.9,-2.097799136907723,32875.223,False
2023-08-08,0.01,1.383526973430351,31811.383,True
2023-08-08,0.05,1.383526973430351,31811.383,True
2023-08-08,0.1,1.383526973430351,31811.383,False
2023-08-08,0.5,-0.2132959465846487,32323.432,False
2023-08-08,0.9,-1.8123073685080398,32844.44,False
2023-08-09,0.01,1.2059572355603418,31989.178,True
2023-08-09,0.05,1.2059572355603418,31989.178,True
2023-08-09,0.1,1.2059572355603418,31989.178,False
2023-08-09,0.5,-0.38843644350658935,32503.299,False
2023-08-09,0.9,-1.9613864215162373,33018.6,False
2023-08-10,0.01,0.9561157450175627,31897.887,True
2023-08-10,0.05,0.9561157450175627,31897.887,True
2023-08-10,0.1,0.9561157450175627,31897.887,False
2023-08-10,0.5,-0.5549925205949743,32383.559,False
2023-08-10,0.9,-2.0431423206756354,32869.08,False
2023-08-14,0.01,0.9298983519337614,32173.078,True
2023-08-14,0.05,0.9298983519337614,32173.078,True
2023-08-14,0.1,0.9298983519337614,32173.078,False
2023-08-14,0.5,-0.5410887362257017,32649.838,False
2023-08-14,0.9,-1.9824728539890684,33123.855,False
2023-08-15,0.01,1.0570162385288795,31722.816,True
2023-08-15,0.05,1.0570162385288795,31722.816,True
2023-08-15,0.1,1.0570162385288795,31722.816,False
2023-08-15,0.5,-0.4674317392235948,32210.12,False
2023-08-15,0.9,-1.967465612898266,32696.924,False
2023-08-16,0.01,1.0840972251903134,31891.277,True
2023-08-16,0.05,1.0840972251903134,31891.277,True
2023-08-16,0.1,1.0840972251903134,31891.277,False
2023-08-16,0.5,-0.42036619554036636,32374.697,False
2023-08-16,0.9,-1.9057641283829019,32859.18,False
2023-08-17,0.01,1.0260076339338595,31442.557,True
2023-08-17,0.05,1.0260076339338595,31442.557,True
2023-08-17,0.1,1.0260076339338595,31442.557,False
2023-08-17,0.5,-0.598569758932161,31957.537,False
2023-08-17,0.9,-2.212879146825799,32477.617,False
2023-08-18,0.01,0.9403524477434958,31329.998,True
2023-08-18,0.05,0.9403524477434958,31329.998,True
2023-08-18,0.1,0.9403524477434958,31329.998,False
2023-08-18,0.5,-0.7109999093106308,31851.662,False
2023-08-18,0.9,-2.325793119763124,32370.176,False
2023-08-21,0.01,1.256721968827975,31057.984,True
2023-08-21,0.05,1.256721968827975,31057.984,True
2023-08-21,0.1,1.256721968827975,31057.984,False
2023-08-21,0.5,-0.4467181998667119,31591.57,False
2023-08-21,0.9,-2.118240156432066,32124.068,False
2023-08-22,0.01,0.8983774293646725,31283.332,True
2023-08-22,0.05,0.8983774293646725,31283.332,True
2023-08-22,0.1,0.8983774293646725,31283.332,False
2023-08-22,0.5,-0.663261510839901,31775.7,False
2023-08-22,0.9,-2.260568859648399,32287.33,False
2023-08-23,0.01,1.0192140971449568,31533.672,True
2023-08-23,0.05,1.0192140971449568,31533.672,True
2023-08-23,0.1,1.0192140971449568,31533.672,False
2023-08-23,0.5,-0.44784390442895794,31999.7,False
2023-08-23,0.9,-1.966132132358453,32489.254,False
2023-08-24,0.01,1.0190032491797767,31685.73,True
2023-08-24,0.05,1.0190032491797767,31685.73,True
2023-08-24,0.1,1.0190032491797767,31685.73,False
2023-08-24,0.5,-0.5113494959197356,32174.363,False
2023-08-24,0.9,-2.0160876592297443,32662.164,False
2023-08-25,0.01,1.034327596510108,31954.977,True
2023-08-25,0.05,1.034327596510108,31954.977,True
2023-08-25,0.1,1.034327596510108,31954.977,False
2023-08-25,0.5,-0.4732101716332872,32440.36,False
2023-08-25,0.9,-1.9469803039441218,32921.996,False
2023-08-28,0.01,1.0125242674597057,31305.691,True
2023-08-28,0.05,1.0125242674597057,31305.691,True
2023-08-28,0.1,1.0125242674597057,31305.691,False
2023-08-28,0.5,-0.4821595021448674,31777.127,False
2023-08-28,0.9,-2.002587070662854,32263.967,False
2023-08-29,0.01,1.527066935686719,31682.465,True
2023-08-29,0.05,1.527066935686719,31682.465,True
2023-08-29,0.1,1.527066935686719,31682.465,False
2023-08-29,0.5,0.0766487178975507,32145.342,False
2023-08-29,0.9,-1.3554166412642126,32608.996,False
2023-08-30,0.01,1.4816984451269608,31752.984,True
2023-08-30,0.05,1.4816984451269608,31752.984,True
2023-08-30,0.1,1.4816984451269608,31752.984,False
2023-08-30,0.5,0.044833723469693804,32212.525,False
2023-08-30,0.9,-1.399680154954187,32681.217,False
2023-08-31,0.01,1.598649879651413,31820.672,True
2023-08-31,0.05,1.598649879651413,31820.672,True
2023-08-31,0.1,1.598649879651413,31820.672,False
2023-08-31,0.5,0.1735510849249648,32277.395,False
2023-08-31,0.9,-1.2573021752709155,32742.557,False
2023-09-01,0.01,1.560179245606605,32114.37,True
2023-09-01,0.05,1.560179245606605,32114.37,True
2023-09-01,0.1,1.560179245606605,32114.37,False
2023-09-01,0.5,0.023462281974430937,32611.688,False
2023-09-01,0.9,-1.475867368606325,33104.33,False
2023-09-04,0.01,1.3962515837256084,32257.07,True
2023-09-04,0.05,1.3962515837256084,32257.07,True
2023-09-04,0.1,1.3962515837256084,32257.07,False
2023-09-04,0.5,-0.08358182860041953,32737.97,False
2023-09-04,0.9,-1.4969992826032024,33203.98,False
2023-09-05,0.01,1.3864716550631326,32485.639,True
2023-09-05,0.05,1.3864716550631326,32485.639,True
2023-09-05,0.1,1.3864716550631326,32485.639,False
2023-09-05,0.5,-0.04370264110097673,32953.58,False
2023-09-05,0.9,-1.4134558786919116,33408.066,False
2023-09-06,0.01,1.4074131088063562,32575.055,True
2023-09-06,0.05,1.4074131088063562,32575.055,True
2023-09-06,0.1,1.4074131088063562,32575.055,False
2023-09-06,0.5,-0.04776916837547271,33052.547,False
2023-09-06,0.9,-1.4258755085180894,33511.2,False
2023-09-07,0.01,1.1982022820444234,32845.1,True
2023-09-07,0.05,1.1982022820444234,32845.1,True
2023-09-07,0.1,1.1982022820444234,32845.1,False
2023-09-07,0.5,-0.31962914923732694,33347.438,False
2023-09-07,0.9,-1.714110482558966,33815.72,False
2023-09-08,0.01,1.1621828769322518,32609.88,True
2023-09-08,0.05,1.1621828769322518,32609.88,True
2023-09-08,0.1,1.1621828769322518,32609.88,False
2023-09-08,0.5,-0.3078476567317544,33092.797,False
2023-09-08,0.9,-1.6938124874946365,33554.645,False
2023-09-11,0.01,1.4546760665842124,32135.95,True
2023-09-11,0.05,1.4546760665842124,32135.95,True
2023-09-11,0.1,1.4546760665842124,32135.95,False
2023-09-11,0.5,-0.06508330266437885,32628.068,False
2023-09-11,0.9,-1.4739854792275802,33091.02,False
2023-09-12,0.01,1.79180557824322,31891.182,True
2023-09-12,0.05,1.79180557824322,31891.182,True
2023-09-12,0.1,1.79180557824322,31891.182,False
2023-09-12,0.5,0.19451042290350554,32404.668,False
2023-09-12,0.9,-1.3055743267013424,32894.43,False
2023-09-13,0.01,1.5110217927560354,32284.836,True
2023-09-13,0.05,1.5110217927560354,32284.836,True
2023-09-13,0.1,1.5110217927560354,32284.836,False
2023-09-13,0.5,0.004683838238251016,32774.836,False
2023-09-13,0.9,-1.4356068294919315,33250.305,False
2023-09-14,0.01,1.457499470091317,32233.28,True
2023-09-14,0.05,1.457499470091317,32233.28,True
2023-09-14,0.1,1.457499470091317,32233.28,False
2023-09-14,0.5,-0.005864006758066607,32708.438,False
2023-09-14,0.9,-1.4241105197761594,33175.63,False
2023-09-15,0.01,1.5163855073676522,32668.94,True
2023-09-15,0.05,1.5163855073676522,32668.94,True
2023-09-15,0.1,1.5163855073676522,32668.94,False
2023-09-15,0.5,-0.05411303964275681,33186.055,False
2023-09-15,0.9,-1.4947147171155644,33667.594,False
2023-09-19,0.01,1.6493177294808155,32984.56,True
2023-09-19,0.05,1.6493177294808155,32984.56,True
2023-09-19,0.1,1.6493177294808155,32984.56,False
2023-09-19,0.5,0.011521466782834014,33529.227,False
2023-09-19,0.9,-1.4581668577489575,34025.64,False
2023-09-20,0.01,1.6812191063564093,32688.38,True
2023-09-20,0.05,1.6812191063564093,32688.38,True
2023-09-20,0.1,1.6812191063564093,32688.38,False
2023-09-20,0.5,0.13145963337433467,33198.918,False
2023-09-20,0.9,-1.329566397944521,33687.523,False
2023-09-21,0.01,1.596117419469046,32500.867,True
2023-09-21,0.05,1.596117419469046,32500.867,True
2023-09-21,0.1,1.596117419469046,32500.867,False
2023-09-21,0.5,0.11162960962598975,32986.938,False
2023-09-21,0.9,-1.3342437528340654,33467.35,False
2023-09-22,0.01,1.4691870467791235,32095.998,True
2023-09-22,0.05,1.4691870467791235,32095.998,True
2023-09-22,0.1,1.4691870467791235,32095.998,False
2023-09-22,0.5,-0.034977520974390434,32582.424,False
2023-09-22,0.9,-1.5345512753473336,33074.703,False
2023-09-25,0.01,1.659893453217767,31869.004,True
2023-09-25,0.05,1.659893453217767,31869.004,True
2023-09-25,0.1,1.659893453217767,31869.004,False
2023-09-25,0.5,0.13363327961567506,32359.139,False
2023-09-25,0.9,-1.4043513675213612,32860.664,False
2023-09-26,0.01,1.3766963276036248,32231.816,True
2023-09-26,0.05,1.3766963276036248,32231.816,True
2023-09-26,0.1,1.3766963276036248,32231.816,False
2023-09-26,0.5,-0.13779501580914688,32723.68,False
2023-09-26,0.9,-1.6596403119102814,33225.492,False
2023-09-27,0.01,1.39464084838341,31867.5,True
2023-09-27,0.05,1.39464084838341,31867.5,True
2023-09-27,0.1,1.39464084838341,31867.5,False
2023-09-27,0.5,-0.1626268443966631,32367.646,False
2023-09-27,0.9,-1.6997468391302475,32869.02,False
2023-09-28,0.01,1.5733941085917529,31866.549,True
2023-09-28,0.05,1.5733941085917529,31866.549,True
2023-09-28,0.1,1.5733941085917529,31866.549,False
2023-09-28,0.5,0.01968287527424045,32365.53,False
2023-09-28,0.9,-1.499541306046097,32860.99,False
2023-09-29,0.01,1.8618230620737202,31284.6,True
2023-09-29,0.05,1.8618230620737202,31284.6,True
2023-09-29,0.1,1.8618230620737202,31284.6,False
2023-09-29,0.5,0.13385608427648263,31829.885,False
2023-09-29,0.9,-1.518633414601857,32360.24,False
2023-10-02,0.01,1.6973182061658294,31321.457,True
2023-10-02,0.05,1.6973182061658294,31321.457,True
2023-10-02,0.1,1.6973182061658294,31321.457,False
2023-10-02,0.5,-0.0037826283502523047,31858.824,False
2023-10-02,0.9,-1.5688043463428263,32361.344,False
2023-10-03,0.01,1.7026738486141175,31223.691,True
2023-10-03,0.05,1.7026738486141175,31223.691,True
2023-10-03,0.1,1.7026738486141175,31223.691,False
2023-10-03,0.5,0.003665265113157893,31758.717,False
2023-10-03,0.9,-1.5719054365144376,32263.06,False
2023-10-04,0.01,1.9876901218446517,30623.156,True
2023-10-04,0.05,1.9876901218446517,30623.156,True
2023-10-04,0.1,1.9876901218446517,30623.156,False
2023-10-04,0.5,0.06193056694601401,31218.6,False
2023-10-04,0.9,-1.7115293946920784,31777.188,False
2023-10-05,0.01,2.5157044481336417,29768.494,True
2023-10-05,0.05,2.5157044481336417,29768.494,True
2023-10-05,0.1,2.5157044481336417,29768.494,False
2023-10-05,0.5,0.2694903606033065,30444.725,False
2023-10-05,0.9,-1.8216079465127009,31088.057,False
2023-10-06,0.01,1.499510419849587,30612.857,True
2023-10-06,0.05,1.499510419849587,30612.857,True
2023-10-06,0.1,1.499510419849587,30612.857,False
2023-10-06,0.5,-0.2912492262393576,31165.998,False
2023-10-06,0.9,-2.013730468817208,31707.477,False
2023-10-10,0.01,1.6557492049259173,30485.701,True
2023-10-10,0.05,1.6557492049259173,30485.701,True
2023-10-10,0.1,1.6557492049259173,30485.701,False
2023-10-10,0.5,-0.09348295653072179,31023.658,False
2023-10-10,0.9,-1.809585213521508,31560.65,False
2023-10-11,0.01,1.8356324291029686,31169.096,True
2023-10-11,0.05,1.8356324291029686,31169.096,True
2023-10-11,0.1,1.8356324291029686,31169.096,False
2023-10-11,0.5,0.0794139718060094,31721.328,False
2023-10-11,0.9,-1.5726582581985586,32249.74,False
2023-10-12,0.01,1.53128108204924,31451.197,True
2023-10-12,0.05,1.53128108204924,31451.197,True
2023-10-12,0.1,1.53128108204924,31451.197,False
2023-10-12,0.5,-0.12190229823779138,31975.465,False
2023-10-12,0.9,-1.629179305244057,32461.074,False
2023-10-13,0.01,1.4345674586978847,32031.83,True
2023-10-13,0.05,1.4345674586978847,32031.83,True
2023-10-13,0.1,1.4345674586978847,32031.83,False
2023-10-13,0.5,-0.28654726665530794,32587.906,False
2023-10-13,0.9,-1.7682449897816102,33074.355,False
2023-10-16,0.01,1.4060920170203042,31864.777,True
2023-10-16,0.05,1.4060920170203042,31864.777,True
2023-10-16,0.1,1.4060920170203042,31864.777,False
2023-10-16,0.5,-0.17502125054024378,32372.6,False
2023-10-16,0.9,-1.5860167323373835,32832.613,False
2023-10-17,0.01,1.5126205311060898,31183.752,True
2023-10-17,0.05,1.5126205311060898,31183.752,True
2023-10-17,0.1,1.5126205311060898,31183.752,False
2023-10-17,0.5,-0.16224300269238412,31710.436,False
2023-10-17,0.9,-1.7475295344853883,32217.143,False
2023-10-18,0.01,1.5866127805567354,31535.945,True
2023-10-18,0.05,1.5866127805567354,31535.945,True
2023-10-18,0.1,1.5866127805567354,31535.945,False
2023-10-18,0.5,0.038831948419862705,32027.85,False
2023-10-18,0.9,-1.4189333071150512,32498.16,False
2023-10-19,0.01,1.2852180470619126,31633.072,True
2023-10-19,0.05,1.2852180470619126,31633.072,True
2023-10-19,0.1,1.2852180470619126,31633.072,False
2023-10-19,0.5,-0.2695193979584319,32128.727,False
2023-10-19,0.9,-1.7401320957832602,32604.707,False
2023-10-20,0.01,1.3291565831992878,31015.621,True
2023-10-20,0.05,1.3291565831992878,31015.621,True
2023-10-20,0.1,1.3291565831992878,31015.621,False
2023-10-20,0.5,-0.4176451883710977,31562.162,False
2023-10-20,0.9,-2.0795988718642926,32091.094,False
2023-10-23,0.01,1.3157326940472138,30850.764,True
2023-10-23,0.05,1.3157326940472138,30850.764,True
2023-10-23,0.1,1.3157326940472138,30850.764,False
2023-10-23,0.5,-0.4540438636903206,31401.613,False
2023-10-23,0.9,-2.1212984085257243,31929.547,False
2023-10-24,0.01,1.395102194317962,30570.078,True
2023-10-24,0.05,1.395102194317962,30570.078,True
2023-10-24,0.1,1.395102194317962,30570.078,False
2023-10-24,0.5,-0.49978322658146696,31154.87,False
2023-10-24,0.9,-2.2393502875526488,31701.57,False
2023-10-25,0.01,1.2391979258210482,30679.8,True
2023-10-25,0.05,1.2391979258210482,30679.8,True
2023-10-25,0.1,1.2391979258210482,30679.8,False
2023-10-25,0.5,-0.580295219678025,31243.127,False
2023-10-25,0.9,-2.1932064567341287,31751.137,False
2023-10-26,0.01,0.8104041775271458,31017.531,True
2023-10-26,0.05,0.8104041775271458,31017.531,True
2023-10-26,0.1,0.8104041775271458,31017.531,False
2023-10-26,0.5,-0.8429723698061683,31534.63,False
2023-10-26,0.9,-2.2955383150708624,31996.035,False
2023-10-27,0.01,1.078670216348676,30273.46,True
2023-10-27,0.05,1.078670216348676,30273.46,True
2023-10-27,0.1,1.078670216348676,30273.46,False
2023-10-27,0.5,-0.8304208842925822,30856.96,False
2023-10-27,0.9,-2.522119786218099,31383.408,False
2023-10-30,0.01,1.2292799834261081,30613.047,True
2023-10-30,0.05,1.2292799834261081,30613.047,True
2023-10-30,0.1,1.2292799834261081,30613.047,False
2023-10-30,0.5,-0.5233153437489421,31154.299,False
2023-10-30,0.9,-2.0606815412115385,31636.955,False
2023-10-31,0.01,1.0051400143611395,30389.959,True
2023-10-31,0.05,1.0051400143611395,30389.959,True
2023-10-31,0.1,1.0051400143611395,30389.959,False
2023-10-31,0.5,-0.7414523695868325,30925.41,False
2023-10-31,0.9,-2.3111072657965064,31414.662,False
2023-11-01,0.01,1.3587823750946577,30442.38,True
2023-11-01,0.05,1.3587823750946577,30442.38,True
2023-11-01,0.1,1.3587823750946577,30442.38,False
2023-11-01,0.5,-0.28142488222836554,30945.816,False
2023-11-01,0.9,-1.7983269200614205,31418.812,False
2023-11-02,0.01,1.639003000193578,31087.92,True
2023-11-02,0.05,1.639003000193578,31087.92,True
2023-11-02,0.1,1.639003000193578,31087.92,False
2023-11-02,0.5,-0.03811994506195214,31613.7,False
2023-11-02,0.9,-1.5470886654156017,32094.357,False
2023-11-06,0.01,1.5390399783053947,31461.934,True
2023-11-06,0.05,1.5390399783053947,31461.934,True
2023-11-06,0.1,1.5390399783053947,31461.934,False
2023-11-06,0.5,-0.10868053455842831,31984.633,False
2023-11-06,0.9,-1.5631894900940888,32453.252,False
2023-11-07,0.01,1.4382548077883273,32241.416,True
2023-11-07,0.05,1.4382548077883273,32241.416,True
2023-11-07,0.1,1.4382548077883273,32241.416,False
2023-11-07,0.5,-0.3802100805096976,32833.08,False
2023-11-07,0.9,-1.8953003240607276,33334.316,False
2023-11-08,0.01,1.191271156646263,31889.656,True
2023-11-08,0.05,1.191271156646263,31889.656,True
2023-11-08,0.1,1.191271156646263,31889.656,False
2023-11-08,0.5,-0.4436746902395728,32415.32,False
2023-11-08,0.9,-1.8631782721207035,32878.74,False
2023-11-09,0.01,1.325024136415986,31743.078,True
2023-11-09,0.05,1.325024136415986,31743.078,True
2023-11-09,0.1,1.325024136415986,31743.078,False
2023-11-09,0.5,-0.3191527992713884,32269.305,False
2023-11-09,0.9,-1.7836441735699382,32745.363,False
2023-11-10,0.01,1.3004695531201862,32224.652,True
2023-11-10,0.05,1.3004695531201862,32224.652,True
2023-11-10,0.1,1.3004695531201862,32224.652,False
2023-11-10,0.5,-0.3044242031518867,32745.996,False
2023-11-10,0.9,-1.7241133513470688,33214.203,False
2023-11-13,0.01,1.1247692359911348,32203.846,True
2023-11-13,0.05,1.1247692359911348,32203.846,True
2023-11-13,0.1,1.1247692359911348,32203.846,False
2023-11-13,0.5,-0.4676162132838426,32720.76,False
2023-11-13,0.9,-1.9150297978651785,33197.81,False
2023-11-14,0.01,1.1951562843114396,32197.984,True
2023-11-14,0.05,1.1951562843114396,32197.984,True
2023-11-14,0.1,1.1951562843114396,32197.984,False
2023-11-14,0.5,-0.3636603266371451,32703.824,False
2023-11-14,0.9,-1.7889707159474366,33173.293,False
2023-11-15,0.01,1.2685620130333892,32283.781,True
2023-11-15,0.05,1.2685620130333892,32283.781,True
2023-11-15,0.1,1.2685620130333892,32283.781,False
2023-11-15,0.5,-0.2613736111013629,32781.5,False
2023-11-15,0.9,-1.6609838543446016,33243.54,False
2023-11-16,0.01,1.7372175086128914,32942.418,True
2023-11-16,0.05,1.7372175086128914,32942.418,True
2023-11-16,0.1,1.7372175086128914,32942.418,False
2023-11-16,0.5,-0.0027035974978935483,33520.605,False
2023-11-16,0.9,-1.497613749518825,34025.473,False
2023-11-17,0.01,1.4762058690265039,32934.62,True
2023-11-17,0.05,1.4762058690265039,32934.62,True
2023-11-17,0.1,1.4762058690265039,32934.62,False
2023-11-17,0.5,-0.147495683617403,33473.746,False
2023-11-17,0.9,-1.541469926323069,33943.63,False
2023-11-20,0.01,1.2296426083963574,33174.75,True
2023-11-20,0.05,1.2296426083963574,33174.75,True
2023-11-20,0.1,1.2296426083963574,33174.75,False
2023-11-20,0.5,-0.3785998850798261,33712.594,False
2023-11-20,0.9,-1.7374964042167422,34173.84,False
2023-11-21,0.01,1.2655830425771861,32968.14,True
2023-11-21,0.05,1.2655830425771861,32968.14,True
2023-11-21,0.1,1.2655830425771861,32968.14,False
2023-11-21,0.5,-0.3213028395995198,33495.48,False
2023-11-21,0.9,-1.6531994762450621,33944.59,False
2023-11-22,0.01,1.456330405581296,32871.914,True
2023-11-22,0.05,1.456330405581296,32871.914,True
2023-11-22,0.1,1.456330405581296,32871.914,False
2023-11-22,0.5,-0.09199787200702153,33384.84,False
2023-11-22,0.9,-1.4076108595476307,33826.957,False
2023-11-24,0.01,1.3810901397421378,32993.004,True
2023-11-24,0.05,1.3810901397421378,32993.004,True
2023-11-24,0.1,1.3810901397421378,32993.004,False
2023-11-24,0.5,-0.10738460033288671,33487.77,False
2023-11-24,0.9,-1.3959752131041077,33922.082,False
2023-11-27,0.01,1.14501139088507,33242.71,True
2023-11-27,0.05,1.14501139088507,33242.71,True
2023-11-27,0.1,1.14501139088507,33242.71,False
2023-11-27,0.5,-0.3194539424507892,33733.12,False
2023-11-27,0.9,-1.6123244461548205,34172.08,False
2023-11-28,0.01,1.2837751517848028,33021.023,True
2023-11-28,0.05,1.2837751517848028,33021.023,True
2023-11-28,0.1,1.2837751517848028,33021.023,False
2023-11-28,0.5,-0.25953712667296663,33534.594,False
2023-11-28,0.9,-1.621575846401854,33994.473,False
2023-11-29,0.01,1.46004638731926,32924.156,True
2023-11-29,0.05,1.46004638731926,32924.156,True
2023-11-29,0.1,1.46004638731926,32924.156,False
2023-11-29,0.5,-0.118117215257224,33447.875,False
2023-11-29,0.9,-1.487453310585574,33909.04,False
2023-11-30,0.01,1.350139014452203,32874.36,True
2023-11-30,0.05,1.350139014452203,32874.36,True
2023-11-30,0.1,1.350139014452203,32874.36,False
2023-11-30,0.5,-0.2557968957948331,33406.562,False
2023-11-30,0.9,-1.6130655516942296,33863.07,False
2023-12-01,0.01,1.3030122169557927,33053.383,True
2023-12-01,0.05,1.3030122169557927,33053.383,True
2023-12-01,0.1,1.3030122169557927,33053.383,False
2023-12-01,0.5,-0.2629915326279003,33575.074,False
2023-12-01,0.9,-1.5788119289198452,34019.78,False
2023-12-04,0.01,1.1181207904990351,33059.79,True
2023-12-04,0.05,1.1181207904990351,33059.79,True
2023-12-04,0.1,1.1181207904990351,33059.79,False
2023-12-04,0.5,-0.4599460825466724,33585.633,False
2023-12-04,0.9,-1.7967725343093173,34037.63,False
2023-12-05,0.01,1.2476409595976876,32819.24,True
2023-12-05,0.05,1.2476409595976876,32819.24,True
2023-12-05,0.1,1.2476409595976876,32819.24,False
2023-12-05,0.5,-0.34133871160171486,33344.895,False
2023-12-05,0.9,-1.6911730048270925,33798.047,False
2023-12-06,0.01,1.654523755049324,32237.998,True
2023-12-06,0.05,1.654523755049324,32237.998,True
2023-12-06,0.1,1.654523755049324,32237.998,False
2023-12-06,0.5,-0.15153084272157652,32825.523,False
2023-12-06,0.9,-1.6622200082556722,33325.18,False
2023-12-07,0.01,1.6987490835118535,32882.535,True
2023-12-07,0.05,1.6987490835118535,32882.535,True
2023-12-07,0.1,1.6987490835118535,32882.535,False
2023-12-07,0.5,0.06295961440552876,33424.848,False
2023-12-07,0.9,-1.3465457370745881,33899.31,False
2023-12-08,0.01,1.9567312111859125,32221.61,True
2023-12-08,0.05,1.9567312111859125,32221.61,True
2023-12-08,0.1,1.9567312111859125,32221.61,False
2023-12-08,0.5,0.25737683766691605,32773.848,False
2023-12-08,0.9,-1.2309374957280996,33265.273,False
2023-12-11,0.01,2.3326894727481893,31562.94,True
2023-12-11,0.05,2.3326894727481893,31562.94,True
2023-12-11,0.1,2.3326894727481893,31562.94,False
2023-12-11,0.5,0.3295730675023178,32201.557,False
2023-12-11,0.9,-1.3655531531354947,32752.066,False
2023-12-12,0.01,1.6719332729417877,32248.102,True
2023-12-12,0.05,1.6719332729417877,32248.102,True
2023-12-12,0.1,1.6719332729417877,32248.102,False
2023-12-12,0.5,-0.027513573536417167,32800.824,False
2023-12-12,0.9,-1.4389167995717127,33267.06,False
2023-12-13,0.01,1.5873138404321387,32326.482,True
2023-12-13,0.05,1.5873138404321387,32326.482,True
2023-12-13,0.1,1.5873138404321387,32326.482,False
2023-12-13,0.5,-0.08033178873713696,32870.094,False
2023-12-13,0.9,-1.4650737989085254,33328.426,False
2023-12-14,0.01,1.6212775891592355,32396.828,True
2023-12-14,0.05,1.6212775891592355,32396.828,True
2023-12-14,0.1,1.6212775891592355,32396.828,False
2023-12-14,0.5,-0.05545880321719452,32944.617,False
2023-12-14,0.9,-1.4443752527272695,33405.383,False
2023-12-15,0.01,1.4755337418424543,32207.494,True
2023-12-15,0.05,1.4755337418424543,32207.494,True
2023-12-15,0.1,1.4755337418424543,32207.494,False
2023-12-15,0.5,-0.16115731033746045,32738.969,False
2023-12-15,0.9,-1.5775611761835384,33205.984,False
2023-12-18,0.01,1.5452477316164326,32464.99,True
2023-12-18,0.05,1.5452477316164326,32464.99,True
2023-12-18,0.1,1.5452477316164326,32464.99,False
2023-12-18,0.5,0.005461936141603671,32968.75,False
2023-12-18,0.9,-1.3707124008341227,33425.594,False
2023-12-19,0.01,1.3798302159029527,32310.066,True
2023-12-19,0.05,1.3798302159029527,32310.066,True
2023-12-19,0.1,1.3798302159029527,32310.066,False
2023-12-19,0.5,-0.1121558329101443,32795.742,False
2023-12-19,0.9,-1.5249153845313106,33262.355,False
2023-12-20,0.01,1.6510111536483434,32675.438,True
2023-12-20,0.05,1.6510111536483434,32675.438,True
2023-12-20,0.1,1.6510111536483434,32675.438,False
2023-12-20,0.5,0.10536860807117186,33184.406,False
2023-12-20,0.9,-1.3664532446774098,33676.434,False
2023-12-21,0.01,1.7739563126336333,33083.812,True
2023-12-21,0.05,1.7739563126336333,33083.812,True
2023-12-21,0.1,1.7739563126336333,33083.812,False
2023-12-21,0.5,0.15869138570354827,33622.543,False
2023-12-21,0.9,-1.315396635778821,34121.84,False
2023-12-22,0.01,1.435496585239751,32668.137,True
2023-12-22,0.05,1.435496585239751,32668.137,True
2023-12-22,0.1,1.435496585239751,32668.137,False
2023-12-22,0.5,-0.1391423752763347,33186.613,False
2023-12-22,0.9,-1.6179187619342486,33681.016,False
2023-12-25,0.01,1.3592462136127423,32721.252,True
2023-12-25,0.05,1.3592462136127423,32721.252,True
2023-12-25,0.1,1.3592462136127423,32721.252,False
2023-12-25,0.5,-0.1884864547211213,33231.63,False
2023-12-25,0.9,-1.6430802579129762,33718.547,False
2023-12-26,0.01,1.1598618793077846,32870.56,True
2023-12-26,0.05,1.1598618793077846,32870.56,True
2023-12-26,0.1,1.1598618793077846,32870.56,False
2023-12-26,0.5,-0.32522993056191224,33362.36,False
2023-12-26,0.9,-1.7469843039430868,33840.08,False
2023-12-27,0.01,1.2221503364554211,32901.28,True
2023-12-27,0.05,1.2221503364554211,32901.28,True
2023-12-27,0.1,1.2221503364554211,32901.28,False
2023-12-27,0.5,-0.26506253269518376,33394.25,False
2023-12-27,0.9,-1.6985225871196779,33876.39,False
2023-12-28,0.01,1.3936080716919155,33215.11,True
2023-12-28,0.05,1.3936080716919155,33215.11,True
2023-12-28,0.1,1.3936080716919155,33215.11,False
2023-12-28,0.5,-0.2883203722408357,33778.49,False
2023-12-28,0.9,-1.826065693155817,34301.93,False
2023-12-29,0.01,0.9622508618635787,33218.434,True
2023-12-29,0.05,0.9622508618635787,33218.434,True
2023-12-29,0.1,0.9622508618635787,33218.434,False
2023-12-29,0.5,-0.5744032355435713,33732.83,False
2023-12-29,0.9,-2.0673594877388095,34240.223,False
2024-01-04,0.01,1.2194524021289843,33058.57,True
2024-01-04,0.05,1.2194524021289843,33058.57,True
2024-01-04,0.1,1.2194524021289843,33058.57,False
2024-01-04,0.5,-0.28170259107702245,33558.574,False
2024-01-04,0.9,-1.75707733599577,34057.36,False
2024-01-05,0.01,1.4724383135717423,32801.73,True
2024-01-05,0.05,1.4724383135717423,32801.73,True
2024-01-05,0.1,1.4724383135717423,32801.73,False
2024-01-05,0.5,-0.08775981166486256,33317.516,False
2024-01-05,0.9,-1.5940932666640528,33823.188,False
2024-01-09,0.01,1.3348383137054831,32934.848,True
2024-01-09,0.05,1.3348383137054831,32934.848,True
2024-01-09,0.1,1.3348383137054831,32934.848,False
2024-01-09,0.5,-0.14368310890720584,33425.414,False
2024-01-09,0.9,-1.519973272489536,33888.625,False
2024-01-10,0.01,1.2950462482911993,33328.75,True
2024-01-10,0.05,1.2950462482911993,33328.75,True
2024-01-10,0.1,1.2950462482911993,33328.75,False
2024-01-10,0.5,-0.25199111398984925,33848.367,False
2024-01-10,0.9,-1.627592692323444,34317.203,False
2024-01-11,0.01,1.3816445134181055,33969.13,True
2024-01-11,0.05,1.3816445134181055,33969.13,True
2024-01-11,0.1,1.3816445134181055,33969.13,False
2024-01-11,0.5,-0.4983207985879485,34613.777,False
2024-01-11,0.9,-2.0114184297910653,35141.5,False
2024-01-12,0.01,1.5502542673731008,34510.688,True
2024-01-12,0.05,1.5502542673731008,34510.688,True
2024-01-12,0.1,1.5502542673731008,34510.688,False
2024-01-12,0.5,-0.5555398813003481,35245.117,False
2024-01-12,0.9,-2.2367207114969383,35842.66,False
2024-01-15,0.01,1.542366932188483,35032.59,True
2024-01-15,0.05,1.542366932188483,35032.59,True
2024-01-15,0.1,1.542366932188483,35032.59,False
2024-01-15,0.5,-0.7407927462492091,35841.64,False
2024-01-15,0.9,-2.567638919007853,36502.43,False
2024-01-16,0.01,1.817843609379965,35255.047,True
2024-01-16,0.05,1.817843609379965,35255.047,True
2024-01-16,0.1,1.817843609379965,35255.047,False
2024-01-16,0.5,-0.5558106988574338,36101.89,False
2024-01-16,0.9,-2.484519690935186,36804.95,False
2024-01-17,0.01,1.787966071797853,34987.98,True
2024-01-17,0.05,1.787966071797853,34987.98,True
2024-01-17,0.1,1.787966071797853,34987.98,False
2024-01-17,0.5,-0.31392215179985694,35731.17,False
2024-01-17,0.9,-2.0309526082418086,36349.984,False
2024-01-18,0.01,1.6539462787290498,34895.793,True
2024-01-18,0.05,1.6539462787290498,34895.793,True
2024-01-18,0.1,1.6539462787290498,34895.793,False
2024-01-18,0.5,-0.36478078260637065,35607.402,False
2024-01-18,0.9,-2.0308214625693943,36205.605,False
2024-01-19,0.01,1.4428979327645908,34958.105,True
2024-01-19,0.05,1.4428979327645908,34958.105,True
2024-01-19,0.1,1.4428979327645908,34958.105,False
2024-01-19,0.5,-0.48391755396691727,35638.215,False
2024-01-19,0.9,-2.080539327516624,36211.79,False
2024-01-22,0.01,1.4294768609541926,35452.84,True
2024-01-22,0.05,1.4294768609541926,35452.84,True
2024-01-22,0.1,1.4294768609541926,35452.84,False
2024-01-22,0.5,-0.6161007000411002,36185.523,False
2024-01-22,0.9,-2.281840098026186,36793.33,False
2024-01-23,0.01,1.123774595812102,36138.543,True
2024-01-23,0.05,1.123774595812102,36138.543,True
2024-01-23,0.1,1.123774595812102,36138.543,False
2024-01-23,0.5,-1.1608902654048279,36973.69,False
2024-01-23,0.9,-3.0119981125843354,37664.49,False
2024-01-24,0.01,1.1292706826726606,36107.508,True
2024-01-24,0.05,1.1292706826726606,36107.508,True
2024-01-24,0.1,1.1292706826726606,36107.508,False
2024-01-24,0.5,-1.0231378496450019,36893.113,False
2024-01-24,0.9,-2.81143065645171,37558.805,False
2024-01-25,0.01,1.4226149857546118,35714.766,True
2024-01-25,0.05,1.4226149857546118,35714.766,True
2024-01-25,0.1,1.4226149857546118,35714.766,False
2024-01-25,0.5,-0.6316662234352092,36456.035,False
2024-01-25,0.9,-2.39597962131133,37104.94,False
2024-01-26,0.01,1.2729471803645414,35778.12,True
2024-01-26,0.05,1.2729471803645414,35778.12,True
2024-01-26,0.1,1.2729471803645414,35778.12,False
2024-01-26,0.5,-0.7236699960478645,36499.652,False
2024-01-26,0.9,-2.472948437899517,37143.75,False
2024-01-29,0.01,1.994681169553063,35045.016,True
2024-01-29,0.05,1.994681169553063,35045.016,True
2024-01-29,0.1,1.994681169553063,35045.016,False
2024-01-29,0.5,0.0031140286830808306,35749.957,False
2024-01-29,0.9,-1.75199219717735,36382.945,False
2024-01-30,0.01,2.155153294746998,35258.812,True
2024-01-30,0.05,2.155153294746998,35258.812,True
2024-01-30,0.1,2.155153294746998,35258.812,False
2024-01-30,0.5,0.14239936176030044,35975.676,False
2024-01-30,0.9,-1.6841418230458352,36638.824,False
2024-01-31,0.01,1.6415190698709483,35478.664,True
2024-01-31,0.05,1.6415190698709483,35478.664,True
2024-01-31,0.1,1.6415190698709483,35478.664,False
2024-01-31,0.5,-0.23584568320804614,36151.02,False
2024-01-31,0.9,-1.9868757189457589,36789.61,False
2024-02-01,0.01,1.3910547458757792,35785.438,True
2024-02-01,0.05,1.3910547458757792,35785.438,True
2024-02-01,0.1,1.3910547458757792,35785.438,False
2024-02-01,0.5,-0.4833179348688401,36462.516,False
2024-02-01,0.9,-2.2616239626760337,37116.73,False
2024-02-02,0.01,1.2433173401992963,35566.496,True
2024-02-02,0.05,1.2433173401992963,35566.496,True
2024-02-02,0.1,1.2433173401992963,35566.496,False
2024-02-02,0.5,-0.5946207855654495,36226.23,False
2024-02-02,0.9,-2.3093949516042693,36852.785,False
2024-02-05,0.01,1.3431519917244346,35675.61,True
2024-02-05,0.05,1.3431519917244346,35675.61,True
2024-02-05,0.1,1.3431519917244346,35675.61,False
2024-02-05,0.5,-0.46495983080046727,36326.53,False
2024-02-05,0.9,-2.148989674105727,36943.46,False
2024-02-06,0.01,1.2835246260158382,35890.527,True
2024-02-06,0.05,1.2835246260158382,35890.527,True
2024-02-06,0.1,1.2835246260158382,35890.527,False
2024-02-06,0.5,-0.5443289731544523,36552.586,False
2024-02-06,0.9,-2.211567405021417,37167.113,False
2024-02-07,0.01,1.239347658826471,35715.27,True
2024-02-07,0.05,1.239347658826471,35715.27,True
2024-02-07,0.1,1.239347658826471,35715.27,False
2024-02-07,0.5,-0.5925075238808973,36375.55,False
2024-02-07,0.9,-2.3056334274296155,37004.08,False
2024-02-08,0.01,1.4989743414354524,35582.53,True
2024-02-08,0.05,1.4989743414354524,35582.53,True
2024-02-08,0.1,1.4989743414354524,35582.53,False
2024-02-08,0.5,-0.3771847426112667,36256.418,False
2024-02-08,0.9,-2.180070741509145,36916.008,False
2024-02-09,0.01,1.9500551488773525,36151.39,True
2024-02-09,0.05,1.9500551488773525,36151.39,True
2024-02-09,0.1,1.9500551488773525,36151.39,False
2024-02-09,0.5,-0.12216758300937498,36908.344,False
2024-02-09,0.9,-2.021528962683268,37616.066,False
2024-02-13,0.01,1.791859436053303,36242.16,True
2024-02-13,0.05,1.791859436053303,36242.16,True
2024-02-13,0.1,1.791859436053303,36242.16,False
2024-02-13,0.5,-0.2132443656511854,36976.188,False
2024-02-13,0.9,-2.022851967877735,37651.402,False
2024-02-14,0.01,2.3159646949414423,37094.84,True
2024-02-14,0.05,2.3159646949414423,37094.84,True
2024-02-14,0.1,2.3159646949414423,37094.84,False
2024-02-14,0.5,-0.1549714037732865,38022.848,False
2024-02-14,0.9,-2.1818064352996362,38801.37,False
2024-02-15,0.01,1.5735592263971527,37114.68,True
2024-02-15,0.05,1.5735592263971527,37114.68,True
2024-02-15,0.1,1.5735592263971527,37114.68,False
2024-02-15,0.5,-0.6195201181744093,37937.625,False
2024-02-15,0.9,-2.480892131641265,38650.4,False
2024-02-16,0.01,1.8120417800545414,37472.73,True
2024-02-16,0.05,1.8120417800545414,37472.73,True
2024-02-16,0.1,1.8120417800545414,37472.73,False
2024-02-16,0.5,-0.5188374936638536,38356.434,False
2024-02-16,0.9,-2.441024719647829,39100.848,False
2024-02-19,0.01,1.9584230531620357,37740.83,True
2024-02-19,0.05,1.9584230531620357,37740.83,True
2024-02-19,0.1,1.9584230531620357,37740.83,False
2024-02-19,0.5,-0.5320483061322472,38692.555,False
2024-02-19,0.9,-2.5687921036675214,39488.703,False
2024-02-20,0.01,2.0057937459096618,37706.43,True
2024-02-20,0.05,2.0057937459096618,37706.43,True
2024-02-20,0.1,2.0057937459096618,37706.43,False
2024-02-20,0.5,-0.34187606576295243,38602.125,False
2024-02-20,0.9,-2.290586722670773,39361.746,False
2024-02-21,0.01,2.45076246655888,37434.836,True
2024-02-21,0.05,2.45076246655888,37434.836,True
2024-02-21,0.1,2.45076246655888,37434.836,False
2024-02-21,0.5,0.24983622153162463,38267.883,False
2024-02-21,0.9,-1.5610808592520558,38967.195,False
2024-02-22,0.01,2.4208103109402224,37347.027,True
2024-02-22,0.05,2.4208103109402224,37347.027,True
2024-02-22,0.1,2.4208103109402224,37347.027,False
2024-02-22,0.5,0.30359112696336066,38146.176,False
2024-02-22,0.9,-1.4781617154881286,38831.938,False
2024-02-26,0.01,2.463963556230219,38147.074,True
2024-02-26,0.05,2.463963556230219,38147.074,True
2024-02-26,0.1,2.463963556230219,38147.074,False
2024-02-26,0.5,0.04604796064322025,39080.68,False
2024-02-26,0.9,-1.9206213475300322,39856.875,False
2024-02-27,0.01,2.4405226185428868,38287.793,True
2024-02-27,0.05,2.4405226185428868,38287.793,True
2024-02-27,0.1,2.4405226185428868,38287.793,False
2024-02-27,0.5,0.04622811255427585,39215.58,False
2024-02-27,0.9,-1.93435922680705,40000.02,False
2024-02-28,0.01,2.3614683748308707,38323.746,True
2024-02-28,0.05,2.3614683748308707,38323.746,True
2024-02-28,0.1,2.3614683748308707,38323.746,False
2024-02-28,0.5,0.10255804872742555,39199.297,False
2024-02-28,0.9,-1.8226821820790784,39961.29,False
2024-02-29,0.01,2.2590841452680643,38332.22,True
2024-02-29,0.05,2.2590841452680643,38332.22,True
2024-02-29,0.1,2.2590841452680643,38332.22,False
2024-02-29,0.5,0.08442123766155661,39174.945,False
2024-02-29,0.9,-1.8068841698539575,39922.914,False
2024-03-01,0.01,2.3875538794814655,38242.152,True
2024-03-01,0.05,2.3875538794814655,38242.152,True
2024-03-01,0.1,2.3875538794814655,38242.152,False
2024-03-01,0.5,0.2846402130419011,39054.867,False
2024-03-01,0.9,-1.544351957747291,39775.75,False
2024-03-04,0.01,2.7436825133255707,38830.68,True
2024-03-04,0.05,2.7436825133255707,38830.68,True
2024-03-04,0.1,2.7436825133255707,38830.68,False
2024-03-04,0.5,0.3714767267901725,39762.836,False
2024-03-04,0.9,-1.7144358041153218,40600.965,False
2024-03-05,0.01,3.006270777818274,38921.383,True
2024-03-05,0.05,3.006270777818274,38921.383,True
2024-03-05,0.1,3.006270777818274,38921.383,False
2024-03-05,0.5,0.5507953903468509,39888.918,False
2024-03-05,0.9,-1.598593520761819,40755.566,False
2024-03-06,0.01,3.071164459621557,38884.883,True
2024-03-06,0.05,3.071164459621557,38884.883,True
2024-03-06,0.1,3.071164459621557,38884.883,False
2024-03-06,0.5,0.6537449825323334,39836.348,False
2024-03-06,0.9,-1.4712005991836528,40691.906,False
2024-03-07,0.01,2.819503003219006,38976.207,True
2024-03-07,0.05,2.819503003219006,38976.207,True
2024-03-07,0.1,2.819503003219006,38976.207,False
2024-03-07,0.5,0.4835783702530834,39897.38,False
2024-03-07,0.9,-1.573151729760745,40726.457,False
2024-03-08,0.01,2.693156495596153,38546.49,True
2024-03-08,0.05,2.693156495596153,38546.49,True
2024-03-08,0.1,2.693156495596153,38546.49,False
2024-03-08,0.5,0.4374239005137764,39425.875,False
2024-03-08,0.9,-1.577981372221534,40228.527,False
2024-03-11,0.01,2.4400008551405037,38732.25,True
2024-03-11,0.05,2.4400008551405037,38732.25,True
2024-03-11,0.1,2.4400008551405037,38732.25,False
2024-03-11,0.5,0.1945718723722249,39611.793,False
2024-03-11,0.9,-1.8971547587762847,40449.09,False
2024-03-12,0.01,2.435103935470746,37886.586,True
2024-03-12,0.05,2.435103935470746,37886.586,True
2024-03-12,0.1,2.435103935470746,37886.586,False
2024-03-12,0.5,0.1336064194893357,38768.656,False
2024-03-12,0.9,-1.9606303586492493,39589.125,False
2024-03-13,0.01,2.308090744557525,37912.285,True
2024-03-13,0.05,2.308090744557525,37912.285,True
2024-03-13,0.1,2.308090744557525,37912.285,False
2024-03-13,0.5,-0.022339063075423105,38806.18,False
2024-03-13,0.9,-2.1564974519445186,39643.266,False
2024-03-14,0.01,2.1134496719174796,37886.73,True
2024-03-14,0.05,2.1134496719174796,37886.73,True
2024-03-14,0.1,2.1134496719174796,37886.73,False
2024-03-14,0.5,-0.17654206535444283,38764.344,False
2024-03-14,0.9,-2.2920162793625116,39593.13,False
2024-03-15,0.01,2.352356405640784,37905.145,True
2024-03-15,0.05,2.352356405640784,37905.145,True
2024-03-15,0.1,2.352356405640784,37905.145,False
2024-03-15,0.5,0.12918659577750582,38757.277,False
2024-03-15,0.9,-1.8973164406387761,39550.707,False
2024-03-18,0.01,2.2975361814521498,37828.457,True
2024-03-18,0.05,2.2975361814521498,37828.457,True
2024-03-18,0.1,2.2975361814521498,37828.457,False
2024-03-18,0.5,0.11198947251773227,38664.316,False
2024-03-18,0.9,-1.9327501192066328,39463.04,False
2024-03-19,0.01,2.3199942262556066,38829.08,True
2024-03-19,0.05,2.3199942262556066,38829.08,True
2024-03-19,0.1,2.3199942262556066,38829.08,False
2024-03-19,0.5,-0.06575677169571505,39766.582,False
2024-03-19,0.9,-2.1142185286409725,40589.586,False
2024-03-21,0.01,2.2765703507345827,39103.18,True
2024-03-21,0.05,2.2765703507345827,39103.18,True
2024-03-21,0.1,2.2765703507345827,39103.18,False
2024-03-21,0.5,-0.1419079610522856,40060.41,False
2024-03-21,0.9,-2.255914210288013,40916.305,False
2024-03-22,0.01,2.739708136386434,39712.61,True
2024-03-22,0.05,2.739708136386434,39712.61,True
2024-03-22,0.1,2.739708136386434,39712.61,False
2024-03-22,0.5,0.1875368070950774,40739.188,False
2024-03-22,0.9,-2.00819915375177,41643.605,False
2024-03-25,0.01,2.7558569111458806,39776.99,True
2024-03-25,0.05,2.7558569111458806,39776.99,True
2024-03-25,0.1,2.7558569111458806,39776.99,False
2024-03-25,0.5,0.2599617873285447,40782.273,False
2024-03-25,0.9,-1.9087478649312835,41676.383,False
2024-03-26,0.01,2.830357730212494,39286.293,True
2024-03-26,0.05,2.830357730212494,39286.293,True
2024-03-26,0.1,2.830357730212494,39286.293,False
2024-03-26,0.5,0.4938127087377597,40215.043,False
2024-03-26,0.9,-1.5969691855064538,41064.703,False
2024-03-27,0.01,2.9369861510292687,39228.8,True
2024-03-27,0.05,2.9369861510292687,39228.8,True
2024-03-27,0.1,2.9369861510292687,39228.8,False
2024-03-27,0.5,0.5278706529065313,40185.344,False
2024-03-27,0.9,-1.6656175542041185,41076.543,False
2024-03-28,0.01,3.1513805849484897,39498.17,True
2024-03-28,0.05,3.1513805849484897,39498.17,True
2024-03-28,0.1,3.1513805849484897,39498.17,False
2024-03-28,0.5,0.6605119462313402,40494.375,False
2024-03-28,0.9,-1.5570239992518742,41402.383,False
2024-03-29,0.01,2.9942947786310725,38983.15,True
2024-03-29,0.05,2.9942947786310725,38983.15,True
2024-03-29,0.1,2.9942947786310725,38983.15,False
2024-03-29,0.5,0.6027351397859766,39926.69,False
2024-03-29,0.9,-1.5893026677854405,40811.562,False
2024-04-01,0.01,2.5129716800711175,39367.61,True
2024-04-01,0.05,2.5129716800711175,39367.61,True
2024-04-01,0.1,2.5129716800711175,39367.61,False
2024-04-01,0.5,0.15444579347688717,40307.14,False
2024-04-01,0.9,-2.003800389845774,41186.523,False
2024-04-02,0.01,2.5217683163347053,38811.9,True
2024-04-02,0.05,2.5217683163347053,38811.9,True
2024-04-02,0.1,2.5217683163347053,38811.9,False
2024-04-02,0.5,0.20100483609985076,39723.164,False
2024-04-02,0.9,-1.974693454164394,40596.89,False
2024-04-03,0.01,2.281836524954769,38940.145,True
2024-04-03,0.05,2.281836524954769,38940.145,True
2024-04-03,0.1,2.281836524954769,38940.145,False
2024-04-03,0.5,-0.0030395387119931346,39840.12,False
2024-04-03,0.9,-2.2548014662939107,40747.402,False
2024-04-04,0.01,2.653352876858265,38418.82,True
2024-04-04,0.05,2.653352876858265,38418.82,True
2024-04-04,0.1,2.653352876858265,38418.82,False
2024-04-04,0.5,0.30725372048350796,39330.82,False
2024-04-04,0.9,-1.988402051501242,40244.164,False
2024-04-05,0.01,2.4098279794753883,38826.133,True
2024-04-05,0.05,2.4098279794753883,38826.133,True
2024-04-05,0.1,2.4098279794753883,38826.133,False
2024-04-05,0.5,0.09718012367266358,39734.508,False
2024-04-05,0.9,-2.1918089507702603,40654.516,False
2024-04-08,0.01,2.291048583936954,38108.906,True
2024-04-08,0.05,2.291048583936954,38108.906,True
2024-04-08,0.1,2.291048583936954,38108.906,False
2024-04-08,0.5,-0.046192624864880745,39010.094,False
2024-04-08,0.9,-2.3952536794082375,39937.312,False
2024-04-09,0.01,2.327194301511258,38441.93,True
2024-04-09,0.05,2.327194301511258,38441.93,True
2024-04-09,0.1,2.327194301511258,38441.93,False
2024-04-09,0.5,0.12258273186240252,39298.836,False
2024-04-09,0.9,-2.079530779549653,40173.84,False
2024-04-10,0.01,2.2351835379638803,38893.99,True
2024-04-10,0.05,2.2351835379638803,38893.99,True
2024-04-10,0.1,2.2351835379638803,38893.99,False
2024-04-10,0.5,0.10053253805123966,39733.164,False
2024-04-10,0.9,-2.0956120105538467,40615.414,False
2024-04-11,0.01,1.9311301454520102,38824.766,True
2024-04-11,0.05,1.9311301454520102,38824.766,True
2024-04-11,0.1,1.9311301454520102,38824.766,False
2024-04-11,0.5,-0.22285548124634214,39670.117,False
2024-04-11,0.9,-2.3640712075276618,40528.7,False
2024-04-12,0.01,1.817015950469264,38732.42,True
2024-04-12,0.05,1.817015950469264,38732.42,True
2024-04-12,0.1,1.817015950469264,38732.42,False
2024-04-12,0.5,-0.32196297506286037,39569.824,False
2024-04-12,0.9,-2.516856655311342,40447.94,False
2024-04-15,0.01,1.5422684667438575,38918.668,True
2024-04-15,0.05,1.5422684667438575,38918.668,True
2024-04-15,0.1,1.5422684667438575,38918.668,False
2024-04-15,0.5,-0.5978223059127175,39760.54,False
2024-04-15,0.9,-2.731873688300275,40618.168,False
2024-04-16,0.01,1.6463494360703514,38592.18,True
2024-04-16,0.05,1.6463494360703514,38592.18,True
2024-04-16,0.1,1.6463494360703514,38592.18,False
2024-04-16,0.5,-0.39964453981297815,39389.906,False
2024-04-16,0.9,-2.481413148609181,40218.508,False
2024-04-17,0.01,2.0887846308760913,37675.953,True
2024-04-17,0.05,2.0887846308760913,37675.953,True
2024-04-17,0.1,2.0887846308760913,37675.953,False
2024-04-17,0.5,-0.03601883860725498,38485.06,False
2024-04-17,0.9,-2.22659900577503,39337.406,False
2024-04-18,0.01,2.268246303484251,37110.426,True
2024-04-18,0.05,2.268246303484251,37110.426,True
2024-04-18,0.1,2.268246303484251,37110.426,False
2024-04-18,0.5,0.021106913076047406,37953.79,False
2024-04-18,0.9,-2.262007589387006,38830.285,False
2024-04-19,0.01,1.8689626557337098,37374.613,True
2024-04-19,0.05,1.8689626557337098,37374.613,True
2024-04-19,0.1,1.8689626557337098,37374.613,False
2024-04-19,0.5,-0.30913138304263427,38197.598,False
2024-04-19,0.9,-2.481529432876175,39036.48,False
2024-04-22,0.01,2.7527551484085104,36061.867,True
2024-04-22,0.05,2.7527551484085104,36061.867,True
2024-04-22,0.1,2.7527551484085104,36061.867,False
2024-04-22,0.5,0.14578304323641927,37014.35,False
2024-04-22,0.9,-2.394331907369758,37966.6,False
2024-04-23,0.01,1.7908247736853862,36774.117,True
2024-04-23,0.05,1.7908247736853862,36774.117,True
2024-04-23,0.1,1.7908247736853862,36774.117,False
2024-04-23,0.5,-0.45371361591236964,37608.86,False
2024-04-23,0.9,-2.66098603228032,38448.22,False
2024-04-24,0.01,1.6432122406092722,36940.14,True
2024-04-24,0.05,1.6432122406092722,36940.14,True
2024-04-24,0.1,1.6432122406092722,36940.14,False
2024-04-24,0.5,-0.4981148537859882,37739.68,False
2024-04-24,0.9,-2.62813309258834,38552.164,False
2024-04-25,0.01,1.2181209679440073,37994.43,True
2024-04-25,0.05,1.2181209679440073,37994.43,True
2024-04-25,0.1,1.2181209679440073,37994.43,False
2024-04-25,0.5,-0.8815784606919403,38800.633,False
2024-04-25,0.9,-3.01424510790046,39637.008,False
2024-04-26,0.01,1.5617393967655622,37045.387,True
2024-04-26,0.05,1.5617393967655622,37045.387,True
2024-04-26,0.1,1.5617393967655622,37045.387,False
2024-04-26,0.5,-0.46819026118251617,37805.066,False
2024-04-26,0.9,-2.5748772095971386,38609.95,False
2024-04-30,0.01,1.9310186241644232,37209.26,True
2024-04-30,0.05,1.9310186241644232,37209.26,True
2024-04-30,0.1,1.9310186241644232,37209.26,False
2024-04-30,0.5,-0.09319845980604698,37970.133,False
2024-04-30,0.9,-2.191739198846775,38775.37,False
2024-05-01,0.01,1.7069342803048135,37755.664,True
2024-05-01,0.05,1.7069342803048135,37755.664,True
2024-05-01,0.1,1.7069342803048135,37755.664,False
2024-05-01,0.5,-0.29865297379596567,38520.53,False
2024-05-01,0.9,-2.350917350681751,39319.242,False
2024-05-02,0.01,1.3894494234831114,37745.93,True
2024-05-02,0.05,1.3894494234831114,37745.93,True
2024-05-02,0.1,1.3894494234831114,37745.93,False
2024-05-02,0.5,-0.545104192677941,38483.254,False
2024-05-02,0.9,-2.5134715978289996,39248.25,False
2024-05-07,0.01,1.064125708904274,37831.348,True
2024-05-07,0.05,1.064125708904274,37831.348,True
2024-05-07,0.1,1.064125708904274,37831.348,False
2024-05-07,0.5,-0.8368376520898156,38557.387,False
2024-05-07,0.9,-2.8354455479936114,39335.75,False
2024-05-08,0.01,1.0095563796627296,38445.01,True
2024-05-08,0.05,1.0095563796627296,38445.01,True
2024-05-08,0.1,1.0095563796627296,38445.01,False
2024-05-08,0.5,-0.9344058426490297,39199.68,False
2024-05-08,0.9,-2.892827585979682,39974.94,False
2024-05-09,0.01,1.1486495451920538,37766.07,True
2024-05-09,0.05,1.1486495451920538,37766.07,True
2024-05-09,0.1,1.1486495451920538,37766.07,False
2024-05-09,0.5,-0.7232209856970969,38479.66,False
2024-05-09,0.9,-2.7163527578340085,39254.305,False
2024-05-10,0.01,1.0838836073114217,37663.53,True
2024-05-10,0.05,1.0838836073114217,37663.53,True
2024-05-10,0.1,1.0838836073114217,37663.53,False
2024-05-10,0.5,-0.7955700048175184,38378.094,False
2024-05-10,0.9,-2.771323831050975,39143.89,False
2024-05-13,0.01,0.89017783868335,37890.312,True
2024-05-13,0.05,0.89017783868335,37890.312,True
2024-05-13,0.1,0.89017783868335,37890.312,False
2024-05-13,0.5,-0.8996919613908028,38574.605,False
2024-05-13,0.9,-2.8216212632757522,39323.152,False
2024-05-14,0.01,1.1646716549637426,37737.375,True
2024-05-14,0.05,1.1646716549637426,37737.375,True
2024-05-14,0.1,1.1646716549637426,37737.375,False
2024-05-14,0.5,-0.6127836340833462,38414.137,False
2024-05-14,0.9,-2.517326271277042,39152.76,False
2024-05-15,0.01,1.1818234622536985,37905.426,True
2024-05-15,0.05,1.1818234622536985,37905.426,True
2024-05-15,0.1,1.1818234622536985,37905.426,False
2024-05-15,0.5,-0.6045654370580211,38588.65,False
2024-05-15,0.9,-2.51172002570949,39331.656,False
2024-05-16,0.01,1.435228481295466,37838.742,True
2024-05-16,0.05,1.435228481295466,37838.742,True
2024-05-16,0.1,1.435228481295466,37838.742,False
2024-05-16,0.5,-0.3888530975106872,38535.285,False
2024-05-16,0.9,-2.323642278312204,39288.12,False
2024-05-17,0.01,1.5581154124187808,38318.54,True
2024-05-17,0.05,1.5581154124187808,38318.54,True
2024-05-17,0.1,1.5581154124187808,38318.54,False
2024-05-17,0.5,-0.4132028483342581,39081.414,False
2024-05-17,0.9,-2.40679313811958,39868.355,False
2024-05-20,0.01,1.3779895713782755,38256.56,True
2024-05-20,0.05,1.3779895713782755,38256.56,True
2024-05-20,0.1,1.3779895713782755,38256.56,False
2024-05-20,0.5,-0.533071145930979,38994.695,False
2024-05-20,0.9,-2.47706985547017,39760.168,False
2024-05-21,0.01,1.3700422689999978,38538.06,True
2024-05-21,0.05,1.3700422689999978,38538.06,True
2024-05-21,0.1,1.3700422689999978,38538.06,False
2024-05-21,0.5,-0.565652901630568,39291.305,False
2024-05-21,0.9,-2.462199380790512,40043.594,False
2024-05-22,0.01,1.1777118213055158,38490.938,True
2024-05-22,0.05,1.1777118213055158,38490.938,True
2024-05-22,0.1,1.1777118213055158,38490.938,False
2024-05-22,0.5,-0.6807386121119768,39212.96,False
2024-05-22,0.9,-2.590821846191908,39969.16,False
2024-05-23,0.01,1.6416985869887084,37988.3,True
2024-05-23,0.05,1.6416985869887084,37988.3,True
2024-05-23,0.1,1.6416985869887084,37988.3,False
2024-05-23,0.5,-0.21113691769097434,38698.723,False
2024-05-23,0.9,-2.133525863108958,39449.86,False
2024-05-24,0.01,1.480402275164041,38528.598,True
2024-05-24,0.05,1.480402275164041,38528.598,True
2024-05-24,0.1,1.480402275164041,38528.598,False
2024-05-24,0.5,-0.4213907164191919,39268.344,False
2024-05-24,0.9,-2.3323092080092716,40025.945,False
2024-05-27,0.01,1.3012608569209863,38146.48,True
2024-05-27,0.05,1.3012608569209863,38146.48,True
2024-05-27,0.1,1.3012608569209863,38146.48,False
2024-05-27,0.5,-0.5511094219731172,38859.68,False
2024-05-27,0.9,-2.4906666777326407,39620.742,False
2024-05-28,0.01,1.0639418492239345,38488.34,True
2024-05-28,0.05,1.0639418492239345,38488.34,True
2024-05-28,0.1,1.0639418492239345,38488.34,False
2024-05-28,0.5,-0.757556303721736,39195.83,False
2024-05-28,0.9,-2.6500442975955605,39944.668,False
2024-05-29,0.01,0.7832463225570719,38552.227,True
2024-05-29,0.05,0.7832463225570719,38552.227,True
2024-05-29,0.1,0.7832463225570719,38552.227,False
2024-05-29,0.5,-0.9982505896955318,39245.188,False
2024-05-29,0.9,-2.9531936124008076,40019.957,False
2024-05-30,0.01,1.3029682318674374,38057.746,True
2024-05-30,0.05,1.3029682318674374,38057.746,True
2024-05-30,0.1,1.3029682318674374,38057.746,False
2024-05-30,0.5,-0.5149344879141873,38755.926,False
2024-05-30,0.9,-2.4790758737574885,39524.67,False
2024-05-31,0.01,2.231573929567955,37214.33,True
2024-05-31,0.05,2.231573929567955,37214.33,True
2024-05-31,0.1,2.231573929567955,37214.33,False
2024-05-31,0.5,0.20701247782009147,37975.434,False
2024-05-31,0.9,-1.9360416702172898,38798.05,False
2024-06-03,0.01,1.6743537590557653,37848.84,True
2024-06-03,0.05,1.6743537590557653,37848.84,True
2024-06-03,0.1,1.6743537590557653,37848.84,False
2024-06-03,0.5,-0.1408744202331706,38542.156,False
2024-06-03,0.9,-2.131372585018464,39317.023,False
2024-06-04,0.01,1.3369694869172506,38406.105,True
2024-06-04,0.05,1.3369694869172506,38406.105,True
2024-06-04,0.1,1.3369694869172506,38406.105,False
2024-06-04,0.5,-0.43013265496842057,39090.812,False
2024-06-04,0.9,-2.3875175830449753,39863.508,False
2024-06-05,0.01,1.3268880631504407,38325.535,True
2024-06-05,0.05,1.3268880631504407,38325.535,True
2024-06-05,0.1,1.3268880631504407,38325.535,False
2024-06-05,0.5,-0.4259206305982759,39003.23,False
2024-06-05,0.9,-2.3712169475132194,39769.387,False
2024-06-06,0.01,1.673810269416794,37851.28,True
2024-06-06,0.05,1.673810269416794,37851.28,True
2024-06-06,0.1,1.673810269416794,37851.28,False
2024-06-06,0.5,-0.09208743620824096,38525.633,False
2024-06-06,0.9,-2.082894139680885,39300.29,False
2024-06-07,0.01,1.8300799285771219,38001.65,True
2024-06-07,0.05,1.8300799285771219,38001.65,True
2024-06-07,0.1,1.8300799285771219,38001.65,False
2024-06-07,0.5,0.115931984346173,38658.668,False
2024-06-07,0.9,-1.8462859182279134,39424.727,False
2024-06-10,0.01,1.708324568672099,38028.695,True
2024-06-10,0.05,1.708324568672099,38028.695,True
2024-06-10,0.1,1.708324568672099,38028.695,False
2024-06-10,0.5,-0.06275871328849257,38708.215,False
2024-06-10,0.9,-2.0238846914091377,39474.824,False
2024-06-11,0.01,1.4319698264831962,38483.13,True
2024-06-11,0.05,1.4319698264831962,38483.13,True
2024-06-11,0.1,1.4319698264831962,38483.13,False
2024-06-11,0.5,-0.3242760408308633,39164.957,False
2024-06-11,0.9,-2.2589168232637493,39930.035,False
2024-06-12,0.01,1.2470701995834828,38649.78,True
2024-06-12,0.05,1.2470701995834828,38649.78,True
2024-06-12,0.1,1.2470701995834828,38649.78,False
2024-06-12,0.5,-0.5194745506589092,39338.613,False
2024-06-12,0.9,-2.4045731845840637,40087.22,False
2024-06-13,0.01,1.319695297662174,38367.027,True
2024-06-13,0.05,1.319695297662174,38367.027,True
2024-06-13,0.1,1.319695297662174,38367.027,False
2024-06-13,0.5,-0.3006597149689932,38993.773,False
2024-06-13,0.9,-2.2087879977393166,39744.97,False
2024-06-14,0.01,1.4397509954445469,38166.984,True
2024-06-14,0.05,1.4397509954445469,38166.984,True
2024-06-14,0.1,1.4397509954445469,38166.984,False
2024-06-14,0.5,-0.1993484045626565,38797.734,False
2024-06-14,0.9,-2.102733261761511,39543.277,False
2024-06-17,0.01,1.4176154053775376,38268.2,True
2024-06-17,0.05,1.4176154053775376,38268.2,True
2024-06-17,0.1,1.4176154053775376,38268.2,False
2024-06-17,0.5,-0.23976602420793516,38907.734,False
2024-06-17,0.9,-2.1065976387086507,39640.9,False
2024-06-18,0.01,1.5260884080299233,37525.38,True
2024-06-18,0.05,1.5260884080299233,37525.38,True
2024-06-18,0.1,1.5260884080299233,37525.38,False
2024-06-18,0.5,-0.24803580317976176,38197.066,False
2024-06-18,0.9,-2.265207836001487,38975.39,False
2024-06-19,0.01,1.2413838546669058,38007.35,True
2024-06-19,0.05,1.2413838546669058,38007.35,True
2024-06-19,0.1,1.2413838546669058,38007.35,False
2024-06-19,0.5,-0.4392041316104844,38651.496,False
2024-06-19,0.9,-2.326944560272451,39388.066,False
2024-06-20,0.01,0.8662590181677357,38238.082,True
2024-06-20,0.05,0.8662590181677357,38238.082,True
2024-06-20,0.1,0.8662590181677357,38238.082,False
2024-06-20,0.5,-0.8111037427678184,38884.883,False
2024-06-20,0.9,-2.744883577841818,39644.15,False
2024-06-21,0.01,1.2839130067193971,38140.176,True
2024-06-21,0.05,1.2839130067193971,38140.176,True
2024-06-21,0.1,1.2839130067193971,38140.176,False
2024-06-21,0.5,-0.39730664744464367,38786.816,False
2024-06-21,0.9,-2.275547701834506,39522.21,False
2024-06-24,0.01,1.524409192720432,38012.562,True
2024-06-24,0.05,1.524409192720432,38012.562,True
2024-06-24,0.1,1.524409192720432,38012.562,False
2024-06-24,0.5,-0.2206113612330638,38681.71,False
2024-06-24,0.9,-2.113510557081572,39420.89,False
2024-06-25,0.01,1.1574082108758939,38358.11,True
2024-06-25,0.05,1.1574082108758939,38358.11,True
2024-06-25,0.1,1.1574082108758939,38358.11,False
2024-06-25,0.5,-0.567473360167525,39025.48,False
2024-06-25,0.9,-2.388788142650393,39742.77,False
2024-06-26,0.01,0.9586176855732845,38799.42,True
2024-06-26,0.05,0.9586176855732845,38799.42,True
2024-06-26,0.1,0.9586176855732845,38799.42,False
2024-06-26,0.5,-0.8099771522607078,39491.73,False
2024-06-26,0.9,-2.642841338530337,40222.234,False
2024-06-27,0.01,0.9482649234554411,39292.7,True
2024-06-27,0.05,0.9482649234554411,39292.7,True
2024-06-27,0.1,0.9482649234554411,39292.7,False
2024-06-27,0.5,-0.9717208328713052,40054.402,False
2024-06-27,0.9,-2.839428285937052,40809.53,False
2024-06-28,0.01,0.8893081288810546,38993.223,True
2024-06-28,0.05,0.8893081288810546,38993.223,True
2024-06-28,0.1,0.8893081288810546,38993.223,False
2024-06-28,0.5,-0.9350244131494754,39711.117,False
2024-06-28,0.9,-2.7512669024261167,40438.957,False
2024-07-01,0.01,0.9803287426996102,39196.93,True
2024-07-01,0.05,0.9803287426996102,39196.93,True
2024-07-01,0.1,0.9803287426996102,39196.93,False
2024-07-01,0.5,-0.8730420789112203,39930.168,False
2024-07-01,0.9,-2.697144406565903,40665.22,False
2024-07-02,0.01,1.0652212737978135,39211.14,True
2024-07-02,0.05,1.0652212737978135,39211.14,True
2024-07-02,0.1,1.0652212737978135,39211.14,False
2024-07-02,0.5,-0.7793180466756848,39941.117,False
2024-07-02,0.9,-2.642501782627371,40692.27,False
2024-07-03,0.01,0.9830480788444711,39682.668,True
2024-07-03,0.05,0.9830480788444711,39682.668,True
2024-07-03,0.1,0.9830480788444711,39682.668,False
2024-07-03,0.5,-0.9278670942139349,40448.26,False
2024-07-03,0.9,-2.797983358153707,41211.81,False
2024-07-04,0.01,1.2340826199041124,40083.04,True
2024-07-04,0.05,1.2340826199041124,40083.04,True
2024-07-04,0.1,1.2340826199041124,40083.04,False
2024-07-04,0.5,-0.8112031628551607,40911.293,False
2024-07-04,0.9,-2.7170489850256456,41698.477,False
2024-07-05,0.01,1.326453844247514,40374.53,True
2024-07-05,0.05,1.326453844247514,40374.53,True
2024-07-05,0.1,1.326453844247514,40374.53,False
2024-07-05,0.5,-0.7708310750927266,41230.242,False
2024-07-05,0.9,-2.7162853528199524,42040.21,False
2024-07-08,0.01,1.139240259717798,40448.926,True
2024-07-08,0.05,1.139240259717798,40448.926,True
2024-07-08,0.1,1.139240259717798,40448.926,False
2024-07-08,0.5,-0.9277437995750047,41293.7,False
2024-07-08,0.9,-2.8679271270386764,42102.695,False
2024-07-09,0.01,1.161553594389878,40309.75,True
2024-07-09,0.05,1.161553594389878,40309.75,True
2024-07-09,0.1,1.161553594389878,40309.75,False
2024-07-09,0.5,-0.8148810914482477,41114.37,False
2024-07-09,0.9,-2.7377064674258245,41912.58,False
2024-07-10,0.01,1.402410121052256,41001.117,True
2024-07-10,0.05,1.402410121052256,41001.117,True
2024-07-10,0.1,1.402410121052256,41001.117,False
2024-07-10,0.5,-0.8676030376280921,41942.492,False
2024-07-10,0.9,-2.8904373285221925,42799.56,False
2024-07-11,0.01,1.205841676133718,41330.59,True
2024-07-11,0.05,1.205841676133718,41330.59,True
2024-07-11,0.1,1.205841676133718,41330.59,False
2024-07-11,0.5,-1.1214971886467855,42303.773,False
2024-07-11,0.9,-3.109161900821933,43153.043,False
2024-07-12,0.01,1.0674710766332003,41775.688,True
2024-07-12,0.05,1.0674710766332003,41775.688,True
2024-07-12,0.1,1.0674710766332003,41775.688,False
2024-07-12,0.5,-1.3288713987431948,42788.867,False
2024-07-12,0.9,-3.376577418342144,43674.09,False
2024-07-16,0.01,1.2681814942373033,40671.605,True
2024-07-16,0.05,1.2681814942373033,40671.605,True
2024-07-16,0.1,1.2681814942373033,40671.605,False
2024-07-16,0.5,-0.8291236495762645,41533.62,False
2024-07-16,0.9,-2.8799900977993054,42394.215,False
2024-07-17,0.01,1.4354187797889357,40686.84,True
2024-07-17,0.05,1.4354187797889357,40686.84,True
2024-07-17,0.1,1.4354187797889357,40686.84,False
2024-07-17,0.5,-0.6890938402843226,41560.484,False
2024-07-17,0.9,-2.7715899559875767,42435.055,False
2024-07-18,0.01,1.2661021287623566,40580.633,True
2024-07-18,0.05,1.2661021287623566,40580.633,True
2024-07-18,0.1,1.2661021287623566,40580.633,False
2024-07-18,0.5,-0.7956564683669016,41425.992,False
2024-07-18,0.9,-2.826205544574904,42275.766,False
2024-07-19,0.01,1.8267745809875617,39399.99,True
2024-07-19,0.05,1.8267745809875617,39399.99,True
2024-07-19,0.1,1.8267745809875617,39399.99,False
2024-07-19,0.5,-0.22382666431706297,40216.266,False
2024-07-19,0.9,-2.3287462770792797,41071.758,False
2024-07-22,0.01,1.3718326545212645,39517.934,True
2024-07-22,0.05,1.3718326545212645,39517.934,True
2024-07-22,0.1,1.3718326545212645,39517.934,False
2024-07-22,0.5,-0.6021228225278151,40305.75,False
2024-07-22,0.9,-2.625812866816043,41129.723,False
2024-07-23,0.01,1.6916396381710028,38934.76,True
2024-07-23,0.05,1.6916396381710028,38934.76,True
2024-07-23,0.1,1.6916396381710028,38934.76,False
2024-07-23,0.5,-0.27663237980072225,39708.695,False
2024-07-23,0.9,-2.3172264118370016,40527.312,False
2024-07-24,0.01,1.7001266697901394,38926.926,True
2024-07-24,0.05,1.7001266697901394,38926.926,True
2024-07-24,0.1,1.7001266697901394,38926.926,False
2024-07-24,0.5,-0.2354626379500996,39687.73,False
2024-07-24,0.9,-2.2025415814296183,40476.15,False
2024-07-25,0.01,1.9877525034343795,38384.234,True
2024-07-25,0.05,1.9877525034343795,38384.234,True
2024-07-25,0.1,1.9877525034343795,38384.234,False
2024-07-25,0.5,-0.07654964532300246,39184.836,False
2024-07-25,0.9,-2.1490849916442127,40005.43,False
2024-07-26,0.01,2.6384487524851328,36883.41,True
2024-07-26,0.05,2.6384487524851328,36883.41,True
2024-07-26,0.1,2.6384487524851328,36883.41,False
2024-07-26,0.5,-0.07076697806934373,37896.32,False
2024-07-26,0.9,-2.6968296030146015,38904.684,False
2024-07-29,0.01,2.3513458048939624,36792.05,True
2024-07-29,0.05,2.3513458048939624,36792.05,True
2024-07-29,0.1,2.3513458048939624,36792.05,False
2024-07-29,0.5,-0.212108227847566,37747.39,False
2024-07-29,0.9,-2.6331464446340846,38672.42,False
2024-07-30,0.01,0.9637303114523723,38099.676,True
2024-07-30,0.05,0.9637303114523723,38099.676,True
2024-07-30,0.1,0.9637303114523723,38099.676,False
2024-07-30,0.5,-1.2096663067222493,38936.797,False
2024-07-30,0.9,-3.2744949292138026,39749.133,False
2024-07-31,0.01,0.7441964014929359,38240.305,True
2024-07-31,0.05,0.7441964014929359,38240.305,True
2024-07-31,0.1,0.7441964014929359,38240.305,False
2024-07-31,0.5,-1.3220921557240795,39038.68,False
2024-07-31,0.9,-3.2652269259684665,39804.67,False
2024-08-01,0.01,0.9971361904685234,38713.86,True
2024-08-01,0.05,0.9971361904685234,38713.86,True
2024-08-01,0.1,0.9971361904685234,38713.86,False
2024-08-01,0.5,-1.0465159154663677,39513.176,False
2024-08-01,0.9,-2.9269538917936413,40263.227,False
2024-08-02,0.01,1.1028342403139093,37708.168,True
2024-08-02,0.05,1.1028342403139093,37708.168,True
2024-08-02,0.1,1.1028342403139093,37708.168,False
2024-08-02,0.5,-0.978208688538374,38501.113,False
2024-08-02,0.9,-2.9619159609701287,39272.49,False
2024-08-05,0.01,2.7407885106663445,34938.855,True
2024-08-05,0.05,2.7407885106663445,34938.855,True
2024-08-05,0.1,2.7407885106663445,34938.855,False
2024-08-05,0.5,-0.5337911823577302,36101.895,False
2024-08-05,0.9,-3.623146589587344,37234.617,False
2024-08-06,0.01,11.789468789818434,27959.918,True
2024-08-06,0.05,11.789468789818434,27959.918,True
2024-08-06,0.1,11.789468789818434,27959.918,False
2024-08-06,0.5,5.802072437552859,29685.121,False
2024-08-06,0.9,-0.8394507531646356,31723.61,False
2024-08-07,0.01,2.4930482436331314,33821.67,True
2024-08-07,0.05,2.4930482436331314,33821.67,True
2024-08-07,0.1,2.4930482436331314,33821.67,False
2024-08-07,0.5,-1.5020037882247903,35200.22,False
2024-08-07,0.9,-5.385181985993884,36593.992,False
2024-08-08,0.01,2.2737488294661166,34300.773,True
2024-08-08,0.05,2.2737488294661166,34300.773,True
2024-08-08,0.1,2.2737488294661166,34300.773,False
2024-08-08,0.5,-1.45304372536905,35603.21,False
2024-08-08,0.9,-5.018409510638735,36895.496,False
2024-08-09,0.01,2.661124105782028,33916.473,True
2024-08-09,0.05,2.661124105782028,33916.473,True
2024-08-09,0.1,2.661124105782028,33916.473,False
2024-08-09,0.5,-0.7854992377512681,35105.824,False
2024-08-09,0.9,-3.953716250316161,36235.86,False
2024-08-13,0.01,2.6661615740450997,34103.516,True
2024-08-13,0.05,2.6661615740450997,34103.516,True
2024-08-13,0.1,2.6661615740450997,34103.516,False
2024-08-13,0.5,-0.6032246698696407,35236.918,False
2024-08-13,0.9,-3.5174385105253725,36278.906,False
2024-08-14,0.01,2.422536267738191,35365.312,True
2024-08-14,0.05,2.422536267738191,35365.312,True
2024-08-14,0.1,2.422536267738191,35365.312,False
2024-08-14,0.5,-0.4619349773466961,36400.27,False
2024-08-14,0.9,-2.992281248721891,37333.074,False
2024-08-15,0.01,2.4184159309385533,35571.67,True
2024-08-15,0.05,2.4184159309385533,35571.67,True
2024-08-15,0.1,2.4184159309385533,35571.67,False
2024-08-15,0.5,-0.48747663445895956,36620.51,False
2024-08-15,0.9,-2.9658508588671406,37539.445,False
2024-08-16,0.01,2.3387245650826847,35877.67,True
2024-08-16,0.05,2.3387245650826847,35877.67,True
2024-08-16,0.1,2.3387245650826847,35877.67,False
2024-08-16,0.5,-0.3616609752463034,36859.707,False
2024-08-16,0.9,-2.6777845182421727,37723.387,False
2024-08-19,0.01,1.3782495064141829,37541.67,True
2024-08-19,0.05,1.3782495064141829,37541.67,True
2024-08-19,0.1,1.3782495064141829,37541.67,False
2024-08-19,0.5,-1.1580722364233254,38506.027,False
2024-08-19,0.9,-3.337398265126542,39354.41,False
2024-08-20,0.01,1.3124582625026011,36901.117,True
2024-08-20,0.05,1.3124582625026011,36901.117,True
2024-08-20,0.1,1.3124582625026011,36901.117,False
2024-08-20,0.5,-1.2252186097410083,37849.53,False
2024-08-20,0.9,-3.4445533702330065,38698.93,False
2024-08-21,0.01,1.710472964323996,37417.402,True
2024-08-21,0.05,1.710472964323996,37417.402,True
2024-08-21,0.1,1.710472964323996,37417.402,False
2024-08-21,0.5,-0.6654460022787868,38317.055,False
2024-08-21,0.9,-2.6954865063537907,39102.855,False
2024-08-22,0.01,1.5479233578544667,37368.86,True
2024-08-22,0.05,1.5479233578544667,37368.86,True
2024-08-22,0.1,1.5479233578544667,37368.86,False
2024-08-22,0.5,-0.6754544759746169,38209.016,False
2024-08-22,0.9,-2.6442286823175847,38968.72,False
2024-08-23,0.01,1.5729243688233931,37614.684,True
2024-08-23,0.05,1.5729243688233931,37614.684,True
2024-08-23,0.1,1.5729243688233931,37614.684,False
2024-08-23,0.5,-0.6487282111146517,38459.703,False
2024-08-23,0.9,-2.5997743109763145,39217.438,False
2024-08-26,0.01,1.3872638816870615,37835.73,True
2024-08-26,0.05,1.3872638816870615,37835.73,True
2024-08-26,0.1,1.3872638816870615,37835.73,False
2024-08-26,0.5,-0.7585764050194673,38656.4,False
2024-08-26,0.9,-2.6562927500506923,39396.992,False
2024-08-27,0.01,0.7580356767275997,37822.42,True
2024-08-27,0.05,0.7580356767275997,37822.42,True
2024-08-27,0.1,0.7580356767275997,37822.42,False
2024-08-27,0.5,-1.2787025181953684,38600.664,False
2024-08-27,0.9,-3.034768364498021,39284.504,False
2024-08-28,0.01,1.2591429037942903,37809.535,True
2024-08-28,0.05,1.2591429037942903,37809.535,True
2024-08-28,0.1,1.2591429037942903,37809.535,False
2024-08-28,0.5,-0.8594462832812632,38619.11,False
2024-08-28,0.9,-2.670988159269839,39325.086,False
2024-08-29,0.01,2.0111982594352407,37607.74,True
2024-08-29,0.05,2.0111982594352407,37607.74,True
2024-08-29,0.1,2.0111982594352407,37607.74,False
2024-08-29,0.5,-0.1825034987854051,38441.855,False
2024-08-29,0.9,-1.9514808913825528,39127.934,False
2024-08-30,0.01,1.6008945563480017,37753.277,True
2024-08-30,0.05,1.6008945563480017,37753.277,True
2024-08-30,0.1,1.6008945563480017,37753.277,False
2024-08-30,0.5,-0.4748905036787706,38545.145,False
2024-08-30,0.9,-2.184510243599235,39209.785,False
2024-09-02,0.01,1.4769806037147042,38081.125,True
2024-09-02,0.05,1.4769806037147042,38081.125,True
2024-09-02,0.1,1.4769806037147042,38081.125,False
2024-09-02,0.5,-0.6029196779343405,38881.47,False
2024-09-02,0.9,-2.336430993395892,39561.36,False
2024-09-03,0.01,1.3959517456172763,38164.38,True
2024-09-03,0.05,1.3959517456172763,38164.38,True
2024-09-03,0.1,1.3959517456172763,38164.38,False
2024-09-03,0.5,-0.6426191045551828,38950.37,False
2024-09-03,0.9,-2.3259343755735524,39611.58,False
2024-09-04,0.01,1.5272907568322356,38099.945,True
2024-09-04,0.05,1.5272907568322356,38099.945,True
2024-09-04,0.1,1.5272907568322356,38099.945,False
2024-09-04,0.5,-0.43463897523257233,38854.82,False
2024-09-04,0.9,-2.0544707020365958,39489.33,False
2024-09-05,0.01,2.3671433631244065,36180.938,True
2024-09-05,0.05,2.3671433631244065,36180.938,True
2024-09-05,0.1,2.3671433631244065,36180.938,False
2024-09-05,0.5,-0.31069792798066265,37162.895,False
2024-09-05,0.9,-2.533021540071613,37998.02,False
2024-09-06,0.01,2.4450019167290176,35771.69,True
2024-09-06,0.05,2.4450019167290176,35771.69,True
2024-09-06,0.1,2.4450019167290176,35771.69,False
2024-09-06,0.5,-0.2720126423458538,36756.938,False
2024-09-06,0.9,-2.5289454118554047,37595.95,False
2024-09-09,0.01,2.6278337603058817,35447.617,True
2024-09-09,0.05,2.6278337603058817,35447.617,True
2024-09-09,0.1,2.6278337603058817,35447.617,False
2024-09-09,0.5,-0.020263685570075126,36398.844,False
2024-09-09,0.9,-2.2578940031733827,37222.496,False
2024-09-10,0.01,2.238622308520208,35414.023,True
2024-09-10,0.05,2.238622308520208,35414.023,True
2024-09-10,0.1,2.238622308520208,35414.023,False
2024-09-10,0.5,-0.5468649004201421,36414.344,False
2024-09-10,0.9,-2.8858095859772877,37276.094,False
2024-09-11,0.01,2.0784371901864036,35415.37,True
2024-09-11,0.05,2.0784371901864036,35415.37,True
2024-09-11,0.1,2.0784371901864036,35415.37,False
2024-09-11,0.5,-0.5537992928415502,36359.965,False
2024-09-11,0.9,-2.791452951282882,37182.746,False
2024-09-12,0.01,2.3229879722507096,34801.863,True
2024-09-12,0.05,2.3229879722507096,34801.863,True
2024-09-12,0.1,2.3229879722507096,34801.863,False
2024-09-12,0.5,-0.47336637558384254,35788.78,False
2024-09-12,0.9,-2.8472758034884684,36648.54,False
2024-09-13,0.01,2.358104772093954,35974.863,True
2024-09-13,0.05,2.358104772093954,35974.863,True
2024-09-13,0.1,2.358104772093954,35974.863,False
2024-09-13,0.5,-0.19122010424709113,36903.77,False
2024-09-13,0.9,-2.3779430175906326,37719.64,False
2024-09-17,0.01,2.2129173609023094,35781.13,True
2024-09-17,0.05,2.2129173609023094,35781.13,True
2024-09-17,0.1,2.2129173609023094,35781.13,False
2024-09-17,0.5,-0.3604520905963095,36713.86,False
2024-09-17,0.9,-2.5637647067628744,37531.758,False
2024-09-18,0.01,2.7952922371372093,35205.246,True
2024-09-18,0.05,2.7952922371372093,35205.246,True
2024-09-18,0.1,2.7952922371372093,35205.246,False
2024-09-18,0.5,0.10193989473779076,36166.332,False
2024-09-18,0.9,-2.22528734683705,37017.875,False
2024-09-19,0.01,2.614684021461785,35441.273,True
2024-09-19,0.05,2.614684021461785,35441.273,True
2024-09-19,0.1,2.614684021461785,35441.273,False
2024-09-19,0.5,0.0722344586754175,36353.902,False
2024-09-19,0.9,-2.1031032851330225,37153.387,False
2024-09-20,0.01,2.926033538595796,36083.902,True
2024-09-20,0.05,2.926033538595796,36083.902,True
2024-09-20,0.1,2.926033538595796,36083.902,False
2024-09-20,0.5,0.4744639734440447,36979.457,False
2024-09-20,0.9,-1.6164261917850316,37760.797,False
2024-09-24,0.01,2.794873710074295,36684.17,True
2024-09-24,0.05,2.794873710074295,36684.17,True
2024-09-24,0.1,2.794873710074295,36684.17,False
2024-09-24,0.5,0.4660684397034172,37548.5,False
2024-09-24,0.9,-1.5367491731444178,38308.11,False
2024-09-25,0.01,2.9258756379646456,36846.58,True
2024-09-25,0.05,2.9258756379646456,36846.58,True
2024-09-25,0.1,2.9258756379646456,36846.58,False
2024-09-25,0.5,0.7745310660064907,37647.863,False
2024-09-25,0.9,-1.0845665154708215,38354.32,False
2024-09-26,0.01,2.5276795507061154,36925.02,True
2024-09-26,0.05,2.5276795507061154,36925.02,True
2024-09-26,0.1,2.5276795507061154,36925.02,False
2024-09-26,0.5,0.465568830846425,37694.36,False
2024-09-26,0.9,-1.3429265593393096,38382.26,False
2024-09-27,0.01,2.5697978733811495,37938.062,True
2024-09-27,0.05,2.5697978733811495,37938.062,True
2024-09-27,0.1,2.5697978733811495,37938.062,False
2024-09-27,0.5,0.4381705133719427,38755.44,False
2024-09-27,0.9,-1.3166479316200632,39441.53,False
2024-09-30,0.01,2.4538027808830094,38864.113,True
2024-09-30,0.05,2.4538027808830094,38864.113,True
2024-09-30,0.1,2.4538027808830094,38864.113,False
2024-09-30,0.5,0.21919058118351964,39742.35,False
2024-09-30,0.9,-1.5559301179125598,40454.125,False
2024-10-01,0.01,2.7801245191803634,36879.86,True
2024-10-01,0.05,2.7801245191803634,36879.86,True
2024-10-01,0.1,2.7801245191803634,36879.86,False
2024-10-01,0.5,0.47037515525855944,37741.605,False
2024-10-01,0.9,-1.5466027784789842,38510.574,False
2024-10-02,0.01,2.638677679076141,37645.406,True
2024-10-02,0.05,2.638677679076141,37645.406,True
2024-10-02,0.1,2.638677679076141,37645.406,False
2024-10-02,0.5,0.5929273367636101,38423.47,False
2024-10-02,0.9,-1.1595085358516548,39102.75,False
2024-10-03,0.01,2.648759722541143,36820.445,True
2024-10-03,0.05,2.648759722541143,36820.445,True
2024-10-03,0.1,2.648759722541143,36820.445,False
2024-10-03,0.5,0.3071026321591659,37692.83,False
2024-10-03,0.9,-1.7167247474384746,38463.438,False
2024-10-04,0.01,3.3363292105266007,37287.055,True
2024-10-04,0.05,3.3363292105266007,37287.055,True
2024-10-04,0.1,3.3363292105266007,37287.055,False
2024-10-04,0.5,1.0501557814010969,38149.32,False
2024-10-04,0.9,-0.9115085154581999,38905.07,False
2024-10-07,0.01,2.7708608083894593,37579.777,True
2024-10-07,0.05,2.7708608083894593,37579.777,True
2024-10-07,0.1,2.7708608083894593,37579.777,False
2024-10-07,0.5,0.6241126641278589,38395.242,False
2024-10-07,0.9,-1.2497710496795138,39121.508,False
2024-10-08,0.01,2.9297058505762785,38197.12,True
2024-10-08,0.05,2.9297058505762785,38197.12,True
2024-10-08,0.1,2.9297058505762785,38197.12,False
2024-10-08,0.5,0.771001236310638,39030.65,False
2024-10-08,0.9,-1.0534355391081502,39749.273,False
2024-10-09,0.01,2.4811264173088117,37983.336,True
2024-10-09,0.05,2.4811264173088117,37983.336,True
2024-10-09,0.1,2.4811264173088117,37983.336,False
2024-10-09,0.5,0.33116539362155173,38808.805,False
2024-10-09,0.9,-1.5274091770022975,39536.84,False
2024-10-10,0.01,2.4014166231305154,38345.97,True
2024-10-10,0.05,2.4014166231305154,38345.97,True
2024-10-10,0.1,2.4014166231305154,38345.97,False
2024-10-10,0.5,0.24129156249497824,39183.3,False
2024-10-10,0.9,-1.5890133600371237,39907.08,False
2024-10-11,0.01,2.4709750550338336,38419.723,True
2024-10-11,0.05,2.4709750550338336,38419.723,True
2024-10-11,0.1,2.4709750550338336,38419.723,False
2024-10-11,0.5,0.3276897546576,39252.055,False
2024-10-11,0.9,-1.5034543339875706,39977.438,False
2024-10-15,0.01,1.9124044852231767,38855.574,True
2024-10-15,0.05,1.9124044852231767,38855.574,True
2024-10-15,0.1,1.9124044852231767,38855.574,False
2024-10-15,0.5,-0.2896752466058248,39720.695,False
2024-10-15,0.9,-2.083955211195243,40439.83,False
2024-10-16,0.01,1.710317465834101,39233.758,True
2024-10-16,0.05,1.710317465834101,39233.758,True
2024-10-16,0.1,1.710317465834101,39233.758,False
2024-10-16,0.5,-0.4901884450951944,40106.668,False
2024-10-16,0.9,-2.2944848356301435,40836.88,False
2024-10-17,0.01,1.6334525034090184,38545.508,True
2024-10-17,0.05,1.6334525034090184,38545.508,True
2024-10-17,0.1,1.6334525034090184,38545.508,False
2024-10-17,0.5,-0.5004526463246438,39376.87,False
2024-10-17,0.9,-2.3853042298933014,40126.105,False
2024-10-18,0.01,1.661070724175674,38270.188,True
2024-10-18,0.05,1.661070724175674,38270.188,True
2024-10-18,0.1,1.661070724175674,38270.188,False
2024-10-18,0.5,-0.49110907266650733,39102.758,False
2024-10-18,0.9,-2.4310217097344395,39868.723,False
2024-10-21,0.01,1.753976841514997,38303.98,True
2024-10-21,0.05,1.753976841514997,38303.98,True
2024-10-21,0.1,1.753976841514997,38303.98,False
2024-10-21,0.5,-0.3340531300463771,39112.188,False
2024-10-21,0.9,-2.2449349205633498,39866.76,False
2024-10-22,0.01,1.6361651215030002,38322.426,True
2024-10-22,0.05,1.6361651215030002,38322.426,True
2024-10-22,0.1,1.6361651215030002,38322.426,False
2024-10-22,0.5,-0.4076862387069999,39113.74,False
2024-10-22,0.9,-2.26271769091349,39846.082,False
2024-10-23,0.01,2.0267436341318175,37641.285,True
2024-10-23,0.05,2.0267436341318175,37641.285,True
2024-10-23,0.1,2.0267436341318175,37641.285,False
2024-10-23,0.5,-0.20297764300355234,38490.008,False
2024-10-23,0.9,-2.2186468311347127,39273.71,False
2024-10-24,0.01,2.8569117413625023,37031.64,True
2024-10-24,0.05,2.8569117413625023,37031.64,True
2024-10-24,0.1,2.8569117413625023,37031.64,False
2024-10-24,0.5,0.41653672043647505,37946.47,False
2024-10-24,0.9,-1.8113062110785696,38801.344,False
2024-10-25,0.01,2.523272736722925,37192.87,True
2024-10-25,0.05,2.523272736722925,37192.87,True
2024-10-25,0.1,2.523272736722925,37192.87,False
2024-10-25,0.5,0.22399580894906607,38057.945,False
2024-10-25,0.9,-1.8699743555130444,38863.27,False
2024-10-28,0.01,3.1260404844535823,36747.05,True
2024-10-28,0.05,3.1260404844535823,36747.05,True
2024-10-28,0.1,3.1260404844535823,36747.05,False
2024-10-28,0.5,0.7182569773225776,37642.58,False
2024-10-28,0.9,-1.4898614927131368,38483.016,False
2024-10-29,0.01,2.622270604473366,37606.348,True
2024-10-29,0.05,2.622270604473366,37606.348,True
2024-10-29,0.1,2.622270604473366,37606.348,False
2024-10-29,0.5,0.3959760787805286,38452.965,False
2024-10-29,0.9,-1.637891509693575,39243.055,False
2024-10-30,0.01,2.3188481765847957,38011.94,True
2024-10-30,0.05,2.3188481765847957,38011.94,True
2024-10-30,0.1,2.3188481765847957,38011.94,False
2024-10-30,0.5,0.18705465414257863,38830.977,False
2024-10-30,0.9,-1.7920383908563713,39607.133,False
2024-10-31,0.01,2.1326319771817586,38448.617,True
2024-10-31,0.05,2.1326319771817586,38448.617,True
2024-10-31,0.1,2.1326319771817586,38448.617,False
2024-10-31,0.5,0.0209270775662396,39269.17,False
2024-10-31,0.9,-1.9135071740119791,40036.203,False
2024-11-01,0.01,2.0999887385137463,38269.105,True
2024-11-01,0.05,2.0999887385137463,38269.105,True
2024-11-01,0.1,2.0999887385137463,38269.105,False
2024-11-01,0.5,-0.01620091051461165,39087.582,False
2024-11-01,0.9,-2.0079318928258383,39873.906,False
2024-11-05,0.01,2.4643854522505446,37127.344,True
2024-11-05,0.05,2.4643854522505446,37127.344,True
2024-11-05,0.1,2.4643854522505446,37127.344,False
2024-11-05,0.5,0.07736723418519852,38024.242,False
2024-11-05,0.9,-2.2259127180189973,38910.21,False
2024-11-06,0.01,2.449006850558427,37544.09,True
2024-11-06,0.05,2.449006850558427,37544.09,True
2024-11-06,0.1,2.449006850558427,37544.09,False
2024-11-06,0.5,0.2509956230306895,38378.45,False
2024-11-06,0.9,-1.893155444877858,39210.227,False
2024-11-07,0.01,1.9695003286401735,38710.707,True
2024-11-07,0.05,1.9695003286401735,38710.707,True
2024-11-07,0.1,1.9695003286401735,38710.707,False
2024-11-07,0.5,-0.19363746551801425,39557.195,False
2024-11-07,0.9,-2.2091258461206156,40362.555,False
2024-11-08,0.01,1.2721675272742532,38883.586,True
2024-11-08,0.05,1.2721675272742532,38883.586,True
2024-11-08,0.1,1.2721675272742532,38883.586,False
2024-11-08,0.5,-0.7320849607412954,39670.773,False
2024-11-08,0.9,-2.6641804713119046,40444.703,False
2024-11-11,0.01,1.3877162269093384,38956.004,True
2024-11-11,0.05,1.3877162269093384,38956.004,True
2024-11-11,0.1,1.3877162269093384,38956.004,False
2024-11-11,0.5,-0.6159139570292077,39744.41,False
2024-11-11,0.9,-2.580022267160403,40532.75,False
2024-11-12,0.01,1.419198358949373,38976.227,True
2024-11-12,0.05,1.419198358949373,38976.227,True
2024-11-12,0.1,1.419198358949373,38976.227,False
2024-11-12,0.5,-0.5630856772880767,39756.555,False
2024-11-12,0.9,-2.5183428522605458,40541.547,False
2024-11-13,0.01,1.1931080719589287,38909.082,True
2024-11-13,0.05,1.1931080719589287,38909.082,True
2024-11-13,0.1,1.1931080719589287,38909.082,False
2024-11-13,0.5,-0.7337099422411693,39666.06,False
2024-11-13,0.9,-2.6692301056063625,40441.28,False
2024-11-14,0.01,1.2852364672269718,38227.18,True
2024-11-14,0.05,1.2852364672269718,38227.18,True
2024-11-14,0.1,1.2852364672269718,38227.18,False
2024-11-14,0.5,-0.7206377934247096,39001.71,False
2024-11-14,0.9,-2.702729234541453,39782.473,False
2024-11-15,0.01,1.6452054798450906,37906.895,True
2024-11-15,0.05,1.6452054798450906,37906.895,True
2024-11-15,0.1,1.6452054798450906,37906.895,False
2024-11-15,0.5,-0.38121335078172075,38682.883,False
2024-11-15,0.9,-2.351868925829169,39452.75,False
2024-11-18,0.01,1.7838579753058987,37959.688,True
2024-11-18,0.05,1.7838579753058987,37959.688,True
2024-11-18,0.1,1.7838579753058987,37959.688,False
2024-11-18,0.5,-0.265230709362858,38745.54,False
2024-11-18,0.9,-2.238681464542484,39517.758,False
2024-11-19,0.01,1.7715018855798514,37549.73,True
2024-11-19,0.05,1.7715018855798514,37549.73,True
2024-11-19,0.1,1.7715018855798514,37549.73,False
2024-11-19,0.5,-0.3425458581275155,38352.0,False
2024-11-19,0.9,-2.355683192141517,39131.902,False
2024-11-20,0.01,1.959216132142231,37669.133,True
2024-11-20,0.05,1.959216132142231,37669.133,True
2024-11-20,0.1,1.959216132142231,37669.133,False
2024-11-20,0.5,-0.11536856307736315,38458.773,False
2024-11-20,0.9,-2.086370884501572,39224.316,False
2024-11-21,0.01,1.4741458856693832,37791.117,True
2024-11-21,0.05,1.4741458856693832,37791.117,True
2024-11-21,0.1,1.4741458856693832,37791.117,False
2024-11-21,0.5,-0.6115483003104427,38587.6,False
2024-11-21,0.9,-2.5749425873946925,39352.715,False
2024-11-22,0.01,1.335014355029718,37521.89,True
2024-11-22,0.05,1.335014355029718,37521.89,True
2024-11-22,0.1,1.335014355029718,37521.89,False
2024-11-22,0.5,-0.7588829370531064,38315.844,False
2024-11-22,0.9,-2.773431329122131,39095.562,False
2024-11-25,0.01,1.1884952331940808,37831.543,True
2024-11-25,0.05,1.1884952331940808,37831.543,True
2024-11-25,0.1,1.1884952331940808,37831.543,False
2024-11-25,0.5,-0.8453590569069345,38608.86,False
2024-11-25,0.9,-2.7961541050978806,39369.434,False
2024-11-26,0.01,1.2232291665838835,38308.66,True
2024-11-26,0.05,1.2232291665838835,38308.66,True
2024-11-26,0.1,1.2232291665838835,38308.66,False
2024-11-26,0.5,-0.795250790537152,39089.77,False
2024-11-26,0.9,-2.726186567381817,39851.902,False
2024-11-27,0.01,1.4505037893371755,37888.42,True
2024-11-27,0.05,1.4505037893371755,37888.42,True
2024-11-27,0.1,1.4505037893371755,37888.42,False
2024-11-27,0.5,-0.6028543199350058,38674.45,False
2024-11-27,0.9,-2.5823032758912885,39447.617,False
2024-11-28,0.01,1.7465658386345955,37474.7,True
2024-11-28,0.05,1.7465658386345955,37474.7,True
2024-11-28,0.1,1.7465658386345955,37474.7,False
2024-11-28,0.5,-0.2947748070270115,38247.547,False
2024-11-28,0.9,-2.308960813110641,39025.734,False
2024-11-29,0.01,1.2202254616706139,37883.957,True
2024-11-29,0.05,1.2202254616706139,37883.957,True
2024-11-29,0.1,1.2202254616706139,37883.957,False
2024-11-29,0.5,-0.7609383725346814,38641.984,False
2024-11-29,0.9,-2.6862419698694286,39393.168,False
2024-12-02,0.01,1.145675833522419,37772.79,True
2024-12-02,0.05,1.145675833522419,37772.79,True
2024-12-02,0.1,1.145675833522419,37772.79,False
2024-12-02,0.5,-0.7538030456590514,38497.133,False
2024-12-02,0.9,-2.652098090645728,39234.902,False
2024-12-03,0.01,0.9368209407172929,38153.906,True
2024-12-03,0.05,0.9368209407172929,38153.906,True
2024-12-03,0.1,0.9368209407172929,38153.906,False
2024-12-03,0.5,-0.9332407952791912,38874.12,False
2024-12-03,0.9,-2.8078157358810385,39609.72,False
2024-12-04,0.01,1.2143651994849214,38775.117,True
2024-12-04,0.05,1.2143651994849214,38775.117,True
2024-12-04,0.1,1.2143651994849214,38775.117,False
2024-12-04,0.5,-0.632241284059509,39497.793,False
2024-12-04,0.9,-2.483410311909929,40235.773,False
2024-12-05,0.01,0.9492078647539873,38905.34,True
2024-12-05,0.05,0.9492078647539873,38905.34,True
2024-12-05,0.1,0.9492078647539873,38905.34,False
2024-12-05,0.5,-0.8209473061031113,39600.156,False
2024-12-05,0.9,-2.6403247025339907,40327.227,False
2024-12-06,0.01,1.0968312500923634,38965.86,True
2024-12-06,0.05,1.0968312500923634,38965.86,True
2024-12-06,0.1,1.0968312500923634,38965.86,False
2024-12-06,0.5,-0.64481030168096,39650.45,False
2024-12-06,0.9,-2.427076887874945,40363.46,False
2024-12-09,0.01,1.21627943935255,38618.594,True
2024-12-09,0.05,1.21627943935255,38618.594,True
2024-12-09,0.1,1.21627943935255,38618.594,False
2024-12-09,0.5,-0.560642789645039,39310.95,False
2024-12-09,0.9,-2.398229619665637,40040.0,False
2024-12-10,0.01,1.1061656601564014,38729.707,True
2024-12-10,0.05,1.1061656601564014,38729.707,True
2024-12-10,0.1,1.1061656601564014,38729.707,False
2024-12-10,0.5,-0.7414771201102308,39451.945,False
2024-12-10,0.9,-2.627944674179983,40203.258,False
2024-12-11,0.01,1.0867722981627874,38942.06,True
2024-12-11,0.05,1.0867722981627874,38942.06,True
2024-12-11,0.1,1.0867722981627874,38942.06,False
2024-12-11,0.5,-0.7194269232410891,39651.82,False
2024-12-11,0.9,-2.560888695901099,40388.758,False
2024-12-12,0.01,1.0662849018427063,38954.64,True
2024-12-12,0.05,1.0662849018427063,38954.64,True
2024-12-12,0.1,1.0662849018427063,38954.64,False
2024-12-12,0.5,-0.7540976063356398,39670.258,False
2024-12-12,0.9,-2.5670786385030206,40396.03,False
2024-12-13,0.01,1.0372606016746666,39437.938,True
2024-12-13,0.05,1.0372606016746666,39437.938,True
2024-12-13,0.1,1.0372606016746666,39437.938,False
2024-12-13,0.5,-0.7716553609255739,40157.83,False
2024-12-13,0.9,-2.5381282675821644,40873.508,False
2024-12-16,0.01,1.0022212779074713,39076.836,True
2024-12-16,0.05,1.0022212779074713,39076.836,True
2024-12-16,0.1,1.0022212779074713,39076.836,False
2024-12-16,0.5,-0.7728239091509205,39776.66,False
2024-12-16,0.9,-2.5353217558015007,40483.938,False
2024-12-17,0.01,0.9801752384018307,39072.625,True
2024-12-17,0.05,0.9801752384018307,39072.625,True
2024-12-17,0.1,0.9801752384018307,39072.625,False
2024-12-17,0.5,-0.7605310377442162,39758.72,False
2024-12-17,0.9,-2.4962633200340445,40454.848,False
2024-12-18,0.01,1.089170097857575,38938.258,True
2024-12-18,0.05,1.089170097857575,38938.258,True
2024-12-18,0.1,1.089170097857575,38938.258,False
2024-12-18,0.5,-0.723450020862535,39650.496,False
2024-12-18,0.9,-2.5238681932997933,40370.836,False
2024-12-19,0.01,1.2413563193645814,38599.566,True
2024-12-19,0.05,1.2413563193645814,38599.566,True
2024-12-19,0.1,1.2413563193645814,38599.566,False
2024-12-19,0.5,-0.6632880836280468,39341.797,False
2024-12-19,0.9,-2.523045212861165,40080.305,False
2024-12-20,0.01,1.6491877496791554,38178.72,True
2024-12-20,0.05,1.6491877496791554,38178.72,True
2024-12-20,0.1,1.6491877496791554,38178.72,False
2024-12-20,0.5,-0.317722602072584,38937.094,False
2024-12-20,0.9,-2.2437286338109086,39694.293,False
2024-12-23,0.01,1.2700308852186575,38213.48,True
2024-12-23,0.05,1.2700308852186575,38213.48,True
2024-12-23,0.1,1.2700308852186575,38213.48,False
2024-12-23,0.5,-0.6765629413713977,38964.63,False
2024-12-23,0.9,-2.544255940460611,39699.207,False
2024-12-24,0.01,0.9268476253886687,38800.05,True
2024-12-24,0.05,0.9268476253886687,38800.05,True
2024-12-24,0.1,0.9268476253886687,38800.05,False
2024-12-24,0.5,-0.9133644262044638,39520.664,False
2024-12-24,0.9,-2.7371834382643048,40248.062,False
2024-12-25,0.01,0.6588065229385366,38780.52,True
2024-12-25,0.05,0.6588065229385366,38780.52,True
2024-12-25,0.1,0.6588065229385366,38780.52,False
2024-12-25,0.5,-1.1361713237409858,39482.906,False
2024-12-25,0.9,-2.94252085191426,40202.586,False
2024-12-26,0.01,0.9124002934265512,38775.027,True
2024-12-26,0.05,0.9124002934265512,38775.027,True
2024-12-26,0.1,0.9124002934265512,38775.027,False
2024-12-26,0.5,-0.9170501271992713,39490.926,False
2024-12-26,0.9,-2.762750736456642,40226.58,False
2024-12-27,0.01,1.0253063211978342,39164.438,True
2024-12-27,0.05,1.0253063211978342,39164.438,True
2024-12-27,0.1,1.0253063211978342,39164.438,False
2024-12-27,0.5,-0.7380914497330621,39861.188,False
2024-12-27,0.9,-2.562714103547134,40595.18,False
2024-12-30,0.01,1.3653621101821696,39734.914,True
2024-12-30,0.05,1.3653621101821696,39734.914,True
2024-12-30,0.1,1.3653621101821696,39734.914,False
2024-12-30,0.5,-0.5424084307083306,40500.242,False
2024-12-30,0.9,-2.461972050180644,41285.18,False
