date,level,var,q_price,clamped
2023-01-13,0.01,1.0749935833681241,14897.291,True
2023-01-13,0.05,1.0749935833681241,14897.291,True
2023-01-13,0.1,1.0749935833681241,14897.291,False
2023-01-13,0.5,-0.6892861533147344,15162.453,False
2023-01-13,0.9,-2.3476166457043073,15415.993,False
2023-01-16,0.01,1.078121355063395,14924.742,True
2023-01-16,0.05,1.078121355063395,14924.742,True
2023-01-16,0.1,1.078121355063395,14924.742,False
2023-01-16,0.5,-0.6291742206913383,15181.739,False
2023-01-16,0.9,-2.2088822021837857,15423.471,False
2023-01-17,0.01,1.0694934562217315,14973.045,True
2023-01-17,0.05,1.0694934562217315,14973.045,True
2023-01-17,0.1,1.0694934562217315,14973.045,False
2023-01-17,0.5,-0.6346301064177993,15230.391,False
2023-01-17,0.9,-2.221442978234387,15473.996,False
2023-01-18,0.01,1.0291426832071662,15031.575,True
2023-01-18,0.05,1.0291426832071662,15031.575,True
2023-01-18,0.1,1.0291426832071662,15031.575,False
2023-01-18,0.5,-0.5208588787510253,15266.38,False
2023-01-18,0.9,-2.0019831771067618,15494.177,False
2023-01-19,0.01,1.1954358911445508,15001.392,True
2023-01-19,0.05,1.1954358911445508,15001.392,True
2023-01-19,0.1,1.1954358911445508,15001.392,False
2023-01-19,0.5,-0.3805138928824618,15239.679,False
2023-01-19,0.9,-1.9365991507631943,15478.676,False
2023-01-20,0.01,1.7749612646430522,14657.866,True
2023-01-20,0.05,1.7749612646430522,14657.866,True
2023-01-20,0.1,1.7749612646430522,14657.866,False
2023-01-20,0.5,-0.006014827566222477,14921.258,False
2023-01-20,0.9,-1.768417976259556,15186.562,False
2023-01-23,0.01,1.1956912546318124,14854.875,True
2023-01-23,0.05,1.1956912546318124,14854.875,True
2023-01-23,0.1,1.1956912546318124,14854.875,False
2023-01-23,0.5,-0.34865565175414803,15086.066,False
2023-01-23,0.9,-1.8431291683532338,15313.217,False
2023-01-24,0.01,1.0829423903622133,14940.276,True
2023-01-24,0.05,1.0829423903622133,14940.276,True
2023-01-24,0.1,1.0829423903622133,14940.276,False
2023-01-24,0.5,-0.45564369814062866,15171.923,False
2023-01-24,0.9,-1.9532512017830306,15400.849,False
2023-01-25,0.01,0.9478865348831023,14950.721,True
2023-01-25,0.05,0.9478865348831023,14950.721,True
2023-01-25,0.1,0.9478865348831023,14950.721,False
2023-01-25,0.5,-0.527414071496324,15172.924,False
2023-01-25,0.9,-1.962018122228159,15392.164,False
2023-01-26,0.01,1.0063679380611232,14930.624,True
2023-01-26,0.05,1.0063679380611232,14930.624,True
2023-01-26,0.1,1.0063679380611232,14930.624,False
2023-01-26,0.5,-0.4313316569689634,15146.832,False
2023-01-26,0.9,-1.860946919538,15364.929,False
2023-01-27,0.01,0.9511641383790003,14989.594,True
2023-01-27,0.05,0.9511641383790003,14989.594,True
2023-01-27,0.1,0.9511641383790003,14989.594,False
2023-01-27,0.5,-0.4956322002164188,15208.039,False
2023-01-27,0.9,-1.9286691283950699,15427.545,False
2023-01-30,0.01,0.9914113682256168,15000.573,True
2023-01-30,0.05,0.9914113682256168,15000.573,True
2023-01-30,0.1,0.9914113682256168,15000.573,False
2023-01-30,0.5,-0.4129243438379606,15212.718,False
2023-01-30,0.9,-1.8517946042403663,15433.191,False
2023-01-31,0.01,1.0391457462527767,14969.712,True
2023-01-31,0.05,1.0391457462527767,14969.712,True
2023-01-31,0.1,1.0391457462527767,14969.712,False
2023-01-31,0.5,-0.32944350465272104,15175.994,False
2023-01-31,0.9,-1.7453494998161314,15392.4,False
2023-02-01,0.01,1.228833312700457,14943.506,True
2023-02-01,0.05,1.228833312700457,14943.506,True
2023-02-01,0.1,1.228833312700457,14943.506,False
2023-02-01,0.5,-0.1836499955789685,15156.078,False
2023-02-01,0.9,-1.6665542176884645,15382.503,False
2023-02-02,0.01,1.4049400593305732,14968.951,True
2023-02-02,0.05,1.4049400593305732,14968.951,True
2023-02-02,0.1,1.4049400593305732,14968.951,False
2023-02-02,0.5,-0.057570784649210435,15189.482,False
2023-02-02,0.9,-1.5797731305572418,15422.466,False
2023-02-03,0.01,1.6677382251721131,15252.683,True
2023-02-03,0.05,1.6677382251721131,15252.683,True
2023-02-03,0.1,1.6677382251721131,15252.683,False
2023-02-03,0.5,-0.03189384225317574,15514.138,False
2023-02-03,0.9,-1.6817677775776367,15772.225,False
2023-02-06,0.01,1.4404481479844122,15255.098,True
2023-02-06,0.05,1.4404481479844122,15255.098,True
2023-02-06,0.1,1.4404481479844122,15255.098,False
2023-02-06,0.5,-0.15661765626340474,15500.6875,False
2023-02-06,0.9,-1.7478016254115794,15749.305,False
2023-02-07,0.01,1.4290048314931123,15128.176,True
2023-02-07,0.05,1.4290048314931123,15128.176,True
2023-02-07,0.1,1.4290048314931123,15128.176,False
2023-02-07,0.5,-0.12954393639821904,15365.803,False
2023-02-07,0.9,-1.7109591713053398,15610.731,False
2023-02-08,0.01,1.349459672765085,15115.52,True
2023-02-08,0.05,1.349459672765085,15115.52,True
2023-02-08,0.1,1.349459672765085,15115.52,False
2023-02-08,0.5,-0.1870948324732031,15349.571,False
2023-02-08,0.9,-1.7510738284475933,15591.522,False
2023-02-09,0.01,1.2757420066096499,15216.681,True
2023-02-09,0.05,1.2757420066096499,15216.681,True
2023-02-09,0.1,1.2757420066096499,15216.681,False
2023-02-09,0.5,-0.14363072435497343,15434.202,False
2023-02-09,0.9,-1.6357063896489343,15666.219,False
2023-02-10,0.01,1.365408280126166,15312.902,True
2023-02-10,0.05,1.365408280126166,15312.902,True
2023-02-10,0.1,1.365408280126166,15312.902,False
2023-02-10,0.5,-0.04439130307782672,15530.3125,False
2023-02-10,0.9,-1.552278612854637,15766.267,False
2023-02-13,0.01,1.2644991617520736,15115.63,True
2023-02-13,0.05,1.2644991617520736,15115.63,True
2023-02-13,0.1,1.2644991617520736,15115.63,False
2023-02-13,0.5,-0.20259683857033528,15339.025,False
2023-02-13,0.9,-1.7643960319335406,15580.471,False
2023-02-14,0.01,1.2066193137726378,15212.669,True
2023-02-14,0.05,1.2066193137726378,15212.669,True
2023-02-14,0.1,1.2066193137726378,15212.669,False
2023-02-14,0.5,-0.18732511870116025,15426.21,False
2023-02-14,0.9,-1.6506826691182732,15653.61,False
2023-02-15,0.01,1.1618635461171385,15202.893,True
2023-02-15,0.05,1.1618635461171385,15202.893,True
2023-02-15,0.1,1.1618635461171385,15202.893,False
2023-02-15,0.5,-0.25624783439940724,15420.022,False
2023-02-15,0.9,-1.7367818587717059,15650.02,False
2023-02-16,0.01,1.29135223057113,15307.386,True
2023-02-16,0.05,1.29135223057113,15307.386,True
2023-02-16,0.1,1.29135223057113,15307.386,False
2023-02-16,0.5,-0.08800488963617802,15519.992,False
2023-02-16,0.9,-1.5323881896217237,15745.787,False
2023-02-17,0.01,1.3056780043719463,15332.139,True
2023-02-17,0.05,1.3056780043719463,15332.139,True
2023-02-17,0.1,1.3056780043719463,15332.139,False
2023-02-17,0.5,-0.05076526529288426,15541.527,False
2023-02-17,0.9,-1.5038077227159723,15769.001,False
2023-02-20,0.01,1.046726292931283,15320.791,True
2023-02-20,0.05,1.046726292931283,15320.791,True
2023-02-20,0.1,1.046726292931283,15320.791,False
2023-02-20,0.5,-0.31369540916303007,15530.643,False
2023-02-20,0.9,-1.7551553639284863,15756.132,False
2023-02-21,0.01,1.0596795232910492,15314.403,True
2023-02-21,0.05,1.0596795232910492,15314.403,True
2023-02-21,0.1,1.0596795232910492,15314.403,False
2023-02-21,0.5,-0.262139369597937,15518.176,False
2023-02-21,0.9,-1.6971874225422048,15742.475,False
2023-02-22,0.01,1.1375238995105765,15223.461,True
2023-02-22,0.05,1.1375238995105765,15223.461,True
2023-02-22,0.1,1.1375238995105765,15223.461,False
2023-02-22,0.5,-0.21010231918937483,15430.005,False
2023-02-22,0.9,-1.6769570167655912,15658.009,False
2023-02-23,0.01,1.2924095179394182,15202.141,True
2023-02-23,0.05,1.2924095179394182,15202.141,True
2023-02-23,0.1,1.2924095179394182,15202.141,False
2023-02-23,0.5,-0.021932360220054528,15403.268,False
2023-02-23,0.9,-1.4907836002383328,15631.188,False
2023-02-24,0.01,1.1159391800924443,15303.951,True
2023-02-24,0.05,1.1159391800924443,15303.951,True
2023-02-24,0.1,1.1159391800924443,15303.951,False
2023-02-24,0.5,-0.19273264420778075,15505.546,False
2023-02-24,0.9,-1.6066197675991707,15726.334,False
2023-02-27,0.01,1.1595287640823924,15034.397,True
2023-02-27,0.05,1.1595287640823924,15034.397,True
2023-02-27,0.1,1.1595287640823924,15034.397,False
2023-02-27,0.5,-0.30395292683806235,15256.041,False
2023-02-27,0.9,-1.826568789341322,15490.109,False
2023-02-28,0.01,1.246021296211685,15190.963,True
2023-02-28,0.05,1.246021296211685,15190.963,True
2023-02-28,0.1,1.246021296211685,15190.963,False
2023-02-28,0.5,-0.11043014461887754,15398.425,False
2023-02-28,0.9,-1.5395228351961796,15620.0625,False
2023-03-01,0.01,1.1359373588678279,15191.589,True
2023-03-01,0.05,1.1359373588678279,15191.589,True
2023-03-01,0.1,1.1359373588678279,15191.589,False
2023-03-01,0.5,-0.17637399481633456,15392.264,False
2023-03-01,0.9,-1.5745635929484858,15608.988,False
2023-03-02,0.01,1.0595651372095385,15143.709,True
2023-03-02,0.05,1.0595651372095385,15143.709,True
2023-03-02,0.1,1.0595651372095385,15143.709,False
2023-03-02,0.5,-0.2284666257679411,15340.026,False
2023-03-02,0.9,-1.646787828920239,15559.147,False
2023-03-03,0.01,0.9999751325191202,15175.131,True
2023-03-03,0.05,0.9999751325191202,15175.131,True
2023-03-03,0.1,0.9999751325191202,15175.131,False
2023-03-03,0.5,-0.24101411398354447,15364.626,False
2023-03-03,0.9,-1.6603703913902181,15584.26,False
2023-03-06,0.01,1.2888209459919822,15378.9,True
2023-03-06,0.05,1.2888209459919822,15378.9,True
2023-03-06,0.1,1.2888209459919822,15378.9,False
2023-03-06,0.5,-0.06023659778442053,15587.776,False
2023-03-06,0.9,-1.5627486190579583,15823.753,False
2023-03-07,0.01,1.427618156119039,15431.694,True
2023-03-07,0.05,1.427618156119039,15431.694,True
2023-03-07,0.1,1.427618156119039,15431.694,False
2023-03-07,0.5,0.01468671657757272,15651.281,False
2023-03-07,0.9,-1.5130874570533182,15892.233,False
2023-03-08,0.01,1.2271466404671412,15369.759,True
2023-03-08,0.05,1.2271466404671412,15369.759,True
2023-03-08,0.1,1.2271466404671412,15369.759,False
2023-03-08,0.5,-0.023853363865701558,15563.242,False
2023-03-08,0.9,-1.4237063690153169,15782.637,False
2023-03-09,0.01,1.0953417953130353,15461.582,True
2023-03-09,0.05,1.0953417953130353,15461.582,True
2023-03-09,0.1,1.0953417953130353,15461.582,False
2023-03-09,0.5,-0.182359619328496,15660.402,False
2023-03-09,0.9,-1.5739198843523132,15879.85,False
2023-03-10,0.01,1.0215157410245033,15474.327,True
2023-03-10,0.05,1.0215157410245033,15474.327,True
2023-03-10,0.1,1.0215157410245033,15474.327,False
2023-03-10,0.5,-0.2220926161972426,15667.969,False
2023-03-10,0.9,-1.6051726716172658,15886.175,False
2023-03-13,0.01,1.133628110435727,15254.062,True
2023-03-13,0.05,1.133628110435727,15254.062,True
2023-03-13,0.1,1.133628110435727,15254.062,False
2023-03-13,0.5,-0.20902620196924776,15460.252,False
2023-03-13,0.9,-1.7939627200273305,15707.239,False
2023-03-14,0.01,1.3189980906422638,14763.45,True
2023-03-14,0.05,1.3189980906422638,14763.45,True
2023-03-14,0.1,1.3189980906422638,14763.45,False
2023-03-14,0.5,-0.5281067036846799,15038.681,False
2023-03-14,0.9,-2.6015854079938974,15353.76,False
2023-03-15,0.01,1.08100136998432,15069.05,True
2023-03-15,0.05,1.08100136998432,15069.05,True
2023-03-15,0.1,1.08100136998432,15069.05,False
2023-03-15,0.5,-0.3513983395276775,15286.452,False
2023-03-15,0.9,-2.000766980411582,15540.673,False
2023-03-16,0.01,1.5733602202076227,14505.235,True
2023-03-16,0.05,1.5733602202076227,14505.235,True
2023-03-16,0.1,1.5733602202076227,14505.235,False
2023-03-16,0.5,-0.2881871072628179,14777.786,False
2023-03-16,0.9,-2.419005613719596,15096.053,False
2023-03-17,0.01,1.6585755489082983,14720.906,True
2023-03-17,0.05,1.6585755489082983,14720.906,True
2023-03-17,0.1,1.6585755489082983,14720.906,False
2023-03-17,0.5,-0.04706483340947092,14974.1455,False
2023-03-17,0.9,-2.0474499670874478,15276.702,False
2023-03-20,0.01,1.3077985073421978,14576.319,True
2023-03-20,0.05,1.3077985073421978,14576.319,True
2023-03-20,0.1,1.3077985073421978,14576.319,False
2023-03-20,0.5,-0.45572556777712214,14835.656,False
2023-03-20,0.9,-2.4742936461214105,15138.167,False
2023-03-21,0.01,1.4327239032943164,14720.951,True
2023-03-21,0.05,1.4327239032943164,14720.951,True
2023-03-21,0.1,1.4327239032943164,14720.951,False
2023-03-21,0.5,-0.31114689306364973,14979.917,False
2023-03-21,0.9,-2.271270467488349,15276.438,False
2023-03-22,0.01,1.7071141189543277,14938.14,True
2023-03-22,0.05,1.7071141189543277,14938.14,True
2023-03-22,0.1,1.7071141189543277,14938.14,False
2023-03-22,0.5,0.017443649312217736,15192.689,False
2023-03-22,0.9,-1.8664855958763054,15481.622,False
2023-03-23,0.01,1.5901515481018018,14976.144,True
2023-03-23,0.05,1.5901515481018018,14976.144,True
2023-03-23,0.1,1.5901515481018018,14976.144,False
2023-03-23,0.5,-0.014740869247044177,15218.434,False
2023-03-23,0.9,-1.8105878189834064,15494.202,False
2023-03-24,0.01,1.5309423674219451,14979.301,True
2023-03-24,0.05,1.5309423674219451,14979.301,True
2023-03-24,0.1,1.5309423674219451,14979.301,False
2023-03-24,0.5,-0.029259741590637062,15214.841,False
2023-03-24,0.9,-1.8219839338122112,15490.061,False
2023-03-27,0.01,1.118703073507722,14790.836,True
2023-03-27,0.05,1.118703073507722,14790.836,True
2023-03-27,0.1,1.118703073507722,14790.836,False
2023-03-27,0.5,-0.5660291495881096,15042.133,False
2023-03-27,0.9,-2.5421681135172367,15342.343,False
2023-03-28,0.01,1.3876908692288827,14919.204,True
2023-03-28,0.05,1.3876908692288827,14919.204,True
2023-03-28,0.1,1.3876908692288827,14919.204,False
2023-03-28,0.5,-0.19507459751476086,15157.219,False
2023-03-28,0.9,-2.003000605810694,15433.742,False
2023-03-29,0.01,1.3807372866160714,14934.385,True
2023-03-29,0.05,1.3807372866160714,14934.385,True
2023-03-29,0.1,1.3807372866160714,14934.385,False
2023-03-29,0.5,-0.15862498211374212,15166.058,False
2023-03-29,0.9,-1.9127204958504784,15434.432,False
2023-03-30,0.01,1.5788452210205912,15088.663,True
2023-03-30,0.05,1.5788452210205912,15088.663,True
2023-03-30,0.1,1.5788452210205912,15088.663,False
2023-03-30,0.5,0.09388561279881201,15314.3955,False
2023-03-30,0.9,-1.5469153506353643,15567.747,False
2023-03-31,0.01,1.6091595903994844,15274.619,True
2023-03-31,0.05,1.6091595903994844,15274.619,True
2023-03-31,0.1,1.6091595903994844,15274.619,False
2023-03-31,0.5,0.08924431109144687,15508.554,False
2023-03-31,0.9,-1.520306228243623,15760.191,False
2023-04-03,0.01,1.416856942629568,15408.963,True
2023-04-03,0.05,1.416856942629568,15408.963,True
2023-04-03,0.1,1.416856942629568,15408.963,False
2023-04-03,0.5,-0.06967734052881285,15639.733,False
2023-04-03,0.9,-1.5906441362019723,15879.427,False
2023-04-04,0.01,1.3767601463459926,15367.878,True
2023-04-04,0.05,1.3767601463459926,15367.878,True
2023-04-04,0.1,1.3767601463459926,15367.878,False
2023-04-04,0.5,-0.04816180353335073,15588.426,False
2023-04-04,0.9,-1.5748925955976143,15828.245,False
2023-04-05,0.01,1.5823541763515432,15358.511,True
2023-04-05,0.05,1.5823541763515432,15358.511,True
2023-04-05,0.1,1.5823541763515432,15358.511,False
2023-04-05,0.5,0.0752757613576872,15591.729,False
2023-04-05,0.9,-1.4782777878041176,15835.846,False
2023-04-06,0.01,1.1797567219215965,15338.1455,True
2023-04-06,0.05,1.1797567219215965,15338.1455,True
2023-04-06,0.1,1.1797567219215965,15338.1455,False
2023-04-06,0.5,-0.20816248421122346,15552.511,False
2023-04-06,0.9,-1.7026682036006526,15786.689,False
2023-04-11,0.01,1.5282308559711304,15361.33,True
2023-04-11,0.05,1.5282308559711304,15361.33,True
2023-04-11,0.1,1.5282308559711304,15361.33,False
2023-04-11,0.5,0.10679846235344603,15581.24,False
2023-04-11,0.9,-1.3749437665791555,15813.833,False
2023-04-12,0.01,1.5190813477703842,15419.152,True
2023-04-12,0.05,1.5190813477703842,15419.152,True
2023-04-12,0.1,1.5190813477703842,15419.152,False
2023-04-12,0.5,0.13974670527281824,15633.308,False
2023-04-12,0.9,-1.318746736149671,15862.989,False
2023-04-13,0.01,1.564086579707143,15459.893,True
2023-04-13,0.05,1.564086579707143,15459.893,True
2023-04-13,0.1,1.564086579707143,15459.893,False
2023-04-13,0.5,0.1893213932432194,15673.897,False
2023-04-13,0.9,-1.2433018059915655,15900.062,False
2023-04-14,0.01,1.4929322103861211,15496.374,True
2023-04-14,0.05,1.4929322103861211,15496.374,True
2023-04-14,0.1,1.4929322103861211,15496.374,False
2023-04-14,0.5,0.06143328412692321,15719.8,False
2023-04-14,0.9,-1.3635577385689677,15945.409,False
2023-04-17,0.01,1.3244521652478054,15599.518,True
2023-04-17,0.05,1.3244521652478054,15599.518,True
2023-04-17,0.1,1.3244521652478054,15599.518,False
2023-04-17,0.5,-0.029204575788746173,15812.117,False
2023-04-17,0.9,-1.4158374464674706,16032.9,False
2023-04-18,0.01,1.169118574059194,15606.007,True
2023-04-18,0.05,1.169118574059194,15606.007,True
2023-04-18,0.1,1.169118574059194,15606.007,False
2023-04-18,0.5,-0.11659109326649017,15807.95,False
2023-04-18,0.9,-1.4723454502829083,16023.727,False
2023-04-19,0.01,0.930783907621228,15735.522,True
2023-04-19,0.05,0.930783907621228,15735.522,True
2023-04-19,0.1,0.930783907621228,15735.522,False
2023-04-19,0.5,-0.2699402683073854,15925.602,False
2023-04-19,0.9,-1.5623339385172046,16132.759,False
2023-04-20,0.01,1.0179372387427243,15734.218,True
2023-04-20,0.05,1.0179372387427243,15734.218,True
2023-04-20,0.1,1.0179372387427243,15734.218,False
2023-04-20,0.5,-0.1683139501199516,15921.977,False
2023-04-20,0.9,-1.4765289393544105,16131.639,False
2023-04-21,0.01,1.292045623012684,15593.191,True
2023-04-21,0.05,1.292045623012684,15593.191,True
2023-04-21,0.1,1.292045623012684,15593.191,False
2023-04-21,0.5,0.04621139466727416,15788.672,False
2023-04-21,0.9,-1.3177403231699443,16005.497,False
2023-04-24,0.01,1.0389383073935274,15717.514,True
2023-04-24,0.05,1.0389383073935274,15717.514,True
2023-04-24,0.1,1.0389383073935274,15717.514,False
2023-04-24,0.5,-0.1349961119193134,15903.114,False
2023-04-24,0.9,-1.42259190122912,16109.206,False
2023-04-25,0.01,1.0797161867305265,15693.586,True
2023-04-25,0.05,1.0797161867305265,15693.586,True
2023-04-25,0.1,1.0797161867305265,15693.586,False
2023-04-25,0.5,-0.059392560063256966,15873.375,False
2023-04-25,0.9,-1.3169117989690688,16074.246,False
2023-04-26,0.01,1.0320928488962722,15709.157,True
2023-04-26,0.05,1.0320928488962722,15709.157,True
2023-04-26,0.1,1.0320928488962722,15709.157,False
2023-04-26,0.5,-0.0865308598296057,15885.87,False
2023-04-26,0.9,-1.320998094614011,16083.191,False
2023-04-27,0.01,1.1788408316963483,15610.617,True
2023-04-27,0.05,1.1788408316963483,15610.617,True
2023-04-27,0.1,1.1788408316963483,15610.617,False
2023-04-27,0.5,0.006850384755649439,15794.648,False
2023-04-27,0.9,-1.2628497882997385,15996.472,False
2023-04-28,0.01,1.3433117310662748,15589.62,True
2023-04-28,0.05,1.3433117310662748,15589.62,True
2023-04-28,0.1,1.3433117310662748,15589.62,False
2023-04-28,0.5,0.14164216768925902,15778.086,False
2023-04-28,0.9,-1.1552721520816152,15984.047,False
2023-05-02,0.01,1.4046162359482557,15700.295,True
2023-05-02,0.05,1.4046162359482557,15700.295,True
2023-05-02,0.1,1.4046162359482557,15700.295,False
2023-05-02,0.5,0.19313905804970438,15891.657,False
2023-05-02,0.9,-1.0775967067599612,16094.887,False
2023-05-03,0.01,1.3966467136992404,15508.817,True
2023-05-03,0.05,1.3966467136992404,15508.817,True
2023-05-03,0.1,1.3966467136992404,15508.817,False
2023-05-03,0.5,0.15091123310318086,15703.225,False
2023-05-03,0.9,-1.1887052089451544,15915.003,False
2023-05-04,0.01,1.5253675622185194,15575.652,True
2023-05-04,0.05,1.5253675622185194,15575.652,True
2023-05-04,0.1,1.5253675622185194,15575.652,False
2023-05-04,0.5,0.273767647702053,15771.822,False
2023-05-04,0.9,-1.0585274119047643,15983.355,False
2023-05-05,0.01,1.4604703930128475,15506.116,True
2023-05-05,0.05,1.4604703930128475,15506.116,True
2023-05-05,0.1,1.4604703930128475,15506.116,False
2023-05-05,0.5,0.1620554162413959,15708.763,False
2023-05-05,0.9,-1.236487964443401,15930.0,False
2023-05-08,0.01,1.7754611632797803,15680.139,True
2023-05-08,0.05,1.7754611632797803,15680.139,True
2023-05-08,0.1,1.7754611632797803,15680.139,False
2023-05-08,0.5,0.44812460915087143,15889.654,False
2023-05-08,0.9,-0.930236546932741,16110.1875,False
2023-05-09,0.01,1.5202048892064333,15712.148,True
2023-05-09,0.05,1.5202048892064333,15712.148,True
2023-05-09,0.1,1.5202048892064333,15712.148,False
2023-05-09,0.5,0.1924511105453232,15922.158,False
2023-05-09,0.9,-1.1060688111209782,16130.259,False
2023-05-10,0.01,1.462813976827458,15723.78,True
2023-05-10,0.05,1.462813976827458,15723.78,True
2023-05-10,0.1,1.462813976827458,15723.78,False
2023-05-10,0.5,0.17558727037773936,15927.489,False
2023-05-10,0.9,-1.1203038528183074,16135.235,False
2023-05-11,0.01,1.4021334149094964,15674.899,True
2023-05-11,0.05,1.4021334149094964,15674.899,True
2023-05-11,0.1,1.4021334149094964,15674.899,False
2023-05-11,0.5,0.12281355379295772,15876.72,False
2023-05-11,0.9,-1.2072074775627717,16089.294,False
2023-05-12,0.01,1.332499830343816,15625.31,True
2023-05-12,0.05,1.332499830343816,15625.31,True
2023-05-12,0.1,1.332499830343816,15625.31,False
2023-05-12,0.5,0.071799049165188,15823.545,False
2023-05-12,0.9,-1.2506642463246034,16034.195,False
2023-05-15,0.01,1.3597324850925308,15698.899,True
2023-05-15,0.05,1.3597324850925308,15698.899,True
2023-05-15,0.1,1.3597324850925308,15698.899,False
2023-05-15,0.5,0.12963308705776802,15893.204,False
2023-05-15,0.9,-1.1696177479197902,16101.044,False
2023-05-16,0.01,1.41324911078049,15693.872,True
2023-05-16,0.05,1.41324911078049,15693.872,True
2023-05-16,0.1,1.41324911078049,15693.872,False
2023-05-16,0.5,0.16840709486958583,15890.457,False
2023-05-16,0.9,-1.138655483084194,16099.519,False
2023-05-17,0.01,1.1511144172696315,15715.976,True
2023-05-17,0.05,1.1511144172696315,15715.976,True
2023-05-17,0.1,1.1511144172696315,15715.976,False
2023-05-17,0.5,-0.06373479272231172,15908.065,False
2023-05-17,0.9,-1.347247687233399,16113.563,False
2023-05-18,0.01,1.2211481147786525,15757.695,True
2023-05-18,0.05,1.2211481147786525,15757.695,True
2023-05-18,0.1,1.2211481147786525,15757.695,False
2023-05-18,0.5,0.03261801211208083,15946.098,False
2023-05-18,0.9,-1.2230968301594458,16147.598,False
2023-05-19,0.01,1.2130838142991125,15968.47,True
2023-05-19,0.05,1.2130838142991125,15968.47,True
2023-05-19,0.1,1.2130838142991125,15968.47,False
2023-05-19,0.5,-0.021862986941416675,16166.895,False
2023-05-19,0.9,-1.2744817503272352,16370.678,False
2023-05-22,0.01,1.272098366812923,16069.652,True
2023-05-22,0.05,1.272098366812923,16069.652,True
2023-05-22,0.1,1.272098366812923,16069.652,False
2023-05-22,0.5,-0.03881404486031971,16281.698,False
2023-05-22,0.9,-1.30199443221513,16488.67,False
2023-05-23,0.01,1.0240436966268438,16058.697,True
2023-05-23,0.05,1.0240436966268438,16058.697,True
2023-05-23,0.1,1.0240436966268438,16058.697,False
2023-05-23,0.5,-0.25030396284050194,16264.65,False
2023-05-23,0.9,-1.4986309930468473,16468.959,False
2023-05-24,0.01,1.0631673536665074,15982.038,True
2023-05-24,0.05,1.0631673536665074,15982.038,True
2023-05-24,0.1,1.0631673536665074,15982.038,False
2023-05-24,0.5,-0.1877680176477607,16183.219,False
2023-05-24,0.9,-1.435066746652508,16386.336,False
2023-05-25,0.01,1.1506714592429184,15660.884,True
2023-05-25,0.05,1.1506714592429184,15660.884,True
2023-05-25,0.1,1.1506714592429184,15660.884,False
2023-05-25,0.5,-0.280785561132446,15886.675,False
2023-05-25,0.9,-1.7564232594242075,16122.843,False
2023-05-26,0.01,1.2338894146333574,15600.119,True
2023-05-26,0.05,1.2338894146333574,15600.119,True
2023-05-26,0.1,1.2338894146333574,15600.119,False
2023-05-26,0.5,-0.18180625862081584,15822.54,False
2023-05-26,0.9,-1.6317113517287045,16053.623,False
2023-05-29,0.01,1.3549382209954133,15768.857,True
2023-05-29,0.05,1.3549382209954133,15768.857,True
2023-05-29,0.1,1.3549382209954133,15768.857,False
2023-05-29,0.5,0.010246385874353024,15982.332,False
2023-05-29,0.9,-1.3917715807115805,16207.985,False
2023-05-30,0.01,1.1718597757029159,15766.878,True
2023-05-30,0.05,1.1718597757029159,15766.878,True
2023-05-30,0.1,1.1718597757029159,15766.878,False
2023-05-30,0.5,-0.18574652674620284,15982.39,False
2023-05-30,0.9,-1.5853855282377292,16207.658,False
2023-05-31,0.01,0.991584188195544,15751.939,True
2023-05-31,0.05,0.991584188195544,15751.939,True
2023-05-31,0.1,0.991584188195544,15751.939,False
2023-05-31,0.5,-0.36271382941578695,15966.719,False
2023-05-31,0.9,-1.727264097825536,16186.086,False
2023-06-01,0.01,1.388065560485693,15448.095,True
2023-06-01,0.05,1.388065560485693,15448.095,True
2023-06-01,0.1,1.388065560485693,15448.095,False
2023-06-01,0.5,-0.18374679860248846,15692.828,False
2023-06-01,0.9,-1.8009041368875527,15948.669,False
2023-06-02,0.01,1.0563447764806035,15687.072,True
2023-06-02,0.05,1.0563447764806035,15687.072,True
2023-06-02,0.1,1.0563447764806035,15687.072,False
2023-06-02,0.5,-0.2969318873477773,15900.805,False
2023-06-02,0.9,-1.72225522267244,16129.065,False
2023-06-05,0.01,1.2372423787150595,15853.861,True
2023-06-05,0.05,1.2372423787150595,15853.861,True
2023-06-05,0.1,1.2372423787150595,15853.861,False
2023-06-05,0.5,-0.10415309547953196,16067.957,False
2023-06-05,0.9,-1.51777931192712,16296.711,False
2023-06-06,0.01,1.033812433732334,15799.703,True
2023-06-06,0.05,1.033812433732334,15799.703,True
2023-06-06,0.1,1.033812433732334,15799.703,False
2023-06-06,0.5,-0.2694167551739062,16006.957,False
2023-06-06,0.9,-1.6765720523397591,16233.792,False
2023-06-07,0.01,1.002501064814747,15832.917,True
2023-06-07,0.05,1.002501064814747,15832.917,True
2023-06-07,0.1,1.002501064814747,15832.917,False
2023-06-07,0.5,-0.30255366175974396,16040.899,False
2023-06-07,0.9,-1.690962935295736,16265.166,False
2023-06-08,0.01,0.889334626193632,15819.246,True
2023-06-08,0.05,0.889334626193632,15819.246,True
2023-06-08,0.1,0.889334626193632,15819.246,False
2023-06-08,0.5,-0.38055541117390534,16021.414,False
2023-06-08,0.9,-1.7544160144282956,16243.045,False
2023-06-09,0.01,1.129996472393998,15810.291,True
2023-06-09,0.05,1.129996472393998,15810.291,True
2023-06-09,0.1,1.129996472393998,15810.291,False
2023-06-09,0.5,-0.11855881881657945,16008.929,False
2023-06-09,0.9,-1.4867926421347506,16229.474,False
2023-06-12,0.01,0.9150000285546982,15804.564,True
2023-06-12,0.05,0.9150000285546982,15804.564,True
2023-06-12,0.1,0.9150000285546982,15804.564,False
2023-06-12,0.5,-0.35105930401287333,16005.932,False
2023-06-12,0.9,-1.7417467265351305,16230.079,False
2023-06-13,0.01,0.9147449893686379,15951.287,True
2023-06-13,0.05,0.9147449893686379,15951.287,True
2023-06-13,0.1,0.9147449893686379,15951.287,False
2023-06-13,0.5,-0.31926231989954595,16149.347,False
2023-06-13,0.9,-1.6781673454870545,16370.299,False
2023-06-14,0.01,0.9603726359428497,16075.551,True
2023-06-14,0.05,0.9603726359428497,16075.551,True
2023-06-14,0.1,0.9603726359428497,16075.551,False
2023-06-14,0.5,-0.29260019048132213,16278.24,False
2023-06-14,0.9,-1.620424891236701,16495.828,False
2023-06-15,0.01,0.9097099732978833,16163.082,True
2023-06-15,0.05,0.9097099732978833,16163.082,True
2023-06-15,0.1,0.9097099732978833,16163.082,False
2023-06-15,0.5,-0.35718738847799114,16369.154,False
2023-06-15,0.9,-1.6626948703475388,16584.256,False
2023-06-16,0.01,0.9313921261490233,16139.1,True
2023-06-16,0.05,0.9313921261490233,16139.1,True
2023-06-16,0.1,0.9313921261490233,16139.1,False
2023-06-16,0.5,-0.3483566859046335,16346.967,False
2023-06-16,0.9,-1.6764484284362704,16565.518,False
2023-06-19,0.01,0.8186027026218803,16224.272,True
2023-06-19,0.05,0.8186027026218803,16224.272,True
2023-06-19,0.1,0.8186027026218803,16224.272,False
2023-06-19,0.5,-0.44608444413999776,16430.762,False
2023-06-19,0.9,-1.729455548866743,16642.988,False
2023-06-20,0.01,0.7319536827065676,16083.048,True
2023-06-20,0.05,0.7319536827065676,16083.048,True
2023-06-20,0.1,0.7319536827065676,16083.048,False
2023-06-20,0.5,-0.5331323481886483,16287.805,False
2023-06-20,0.9,-1.8804981134405756,16508.746,False
2023-06-21,0.01,0.7832513371131069,15985.621,True
2023-06-21,0.05,0.7832513371131069,15985.621,True
2023-06-21,0.1,0.7832513371131069,15985.621,False
2023-06-21,0.5,-0.5234128786244191,16195.87,False
2023-06-21,0.9,-1.9055029398282755,16421.266,False
2023-06-22,0.01,0.899866901005236,15879.59,True
2023-06-22,0.05,0.899866901005236,15879.59,True
2023-06-22,0.1,0.899866901005236,15879.59,False
2023-06-22,0.5,-0.44995777261852987,16095.39,False
2023-06-22,0.9,-1.828229525029768,16318.764,False
2023-06-23,0.01,1.0062011524088341,15828.094,True
2023-06-23,0.05,1.0062011524088341,15828.094,True
2023-06-23,0.1,1.0062011524088341,15828.094,False
2023-06-23,0.5,-0.34307942699063193,16043.106,False
2023-06-23,0.9,-1.74473927386556,16269.56,False
2023-06-26,0.01,1.1329675564625121,15651.6045,True
2023-06-26,0.05,1.1329675564625121,15651.6045,True
2023-06-26,0.1,1.1329675564625121,15651.6045,False
2023-06-26,0.5,-0.32878318635757253,15882.072,False
2023-06-26,0.9,-1.8071416125660729,16118.61,False
2023-06-27,0.01,0.9697278944222874,15660.457,True
2023-06-27,0.05,0.9697278944222874,15660.457,True
2023-06-27,0.1,0.9697278944222874,15660.457,False
2023-06-27,0.5,-0.4739693420553374,15888.187,False
2023-06-27,0.9,-1.9125771204062385,16118.407,False
2023-06-28,0.01,0.8862249299975857,15707.042,True
2023-06-28,0.05,0.8862249299975857,15707.042,True
2023-06-28,0.1,0.8862249299975857,15707.042,False
2023-06-28,0.5,-0.48767376387518657,15924.33,False
2023-06-28,0.9,-1.9037054739543018,16151.428,False
2023-06-29,0.01,0.6275552758140328,15849.225,True
2023-06-29,0.05,0.6275552758140328,15849.225,True
2023-06-29,0.1,0.6275552758140328,15849.225,False
2023-06-29,0.5,-0.6912956669977504,16059.637,False
2023-06-29,0.9,-2.033899796408425,16276.708,False
2023-06-30,0.01,0.5250435950772421,15863.212,True
2023-06-30,0.05,0.5250435950772421,15863.212,True
2023-06-30,0.1,0.5250435950772421,15863.212,False
2023-06-30,0.5,-0.7729288766974008,16070.454,False
2023-06-30,0.9,-2.1129864546542376,16287.257,False
2023-07-03,0.01,0.7142458977324426,16032.976,True
2023-07-03,0.05,0.7142458977324426,16032.976,True
2023-07-03,0.1,0.7142458977324426,16032.976,False
2023-07-03,0.5,-0.5544834687827461,16237.687,False
2023-07-03,0.9,-1.8322891683952383,16446.504,False
2023-07-04,0.01,0.6253990108653028,15980.783,True
2023-07-04,0.05,0.6253990108653028,15980.783,True
2023-07-04,0.1,0.6253990108653028,15980.783,False
2023-07-04,0.5,-0.641244999978064,16184.49,False
2023-07-04,0.9,-1.927828588855483,16394.062,False
2023-07-05,0.01,0.7902558992141859,15912.919,True
2023-07-05,0.05,0.7902558992141859,15912.919,True
2023-07-05,0.1,0.7902558992141859,15912.919,False
2023-07-05,0.5,-0.4732662840226598,16115.258,False
2023-07-05,0.9,-1.7651860485955573,16324.805,False
2023-07-06,0.01,0.8981776123620734,15795.073,True
2023-07-06,0.05,0.8981776123620734,15795.073,True
2023-07-06,0.1,0.8981776123620734,15795.073,False
2023-07-06,0.5,-0.4366472746772698,16007.323,False
2023-07-06,0.9,-1.7752247876240042,16223.034,False
2023-07-07,0.01,1.2017224568735414,15343.047,True
2023-07-07,0.05,1.2017224568735414,15343.047,True
2023-07-07,0.1,1.2017224568735414,15343.047,False
2023-07-07,0.5,-0.5175680096861418,15609.119,False
2023-07-07,0.9,-2.1993206854675935,15873.846,False
2023-07-10,0.01,1.2247966570787483,15413.456,True
2023-07-10,0.05,1.2247966570787483,15413.456,True
2023-07-10,0.1,1.2247966570787483,15413.456,False
2023-07-10,0.5,-0.3113957963307253,15652.064,False
2023-07-10,0.9,-1.8146355997724886,15889.13,False
2023-07-11,0.01,1.1067847500581747,15500.648,True
2023-07-11,0.05,1.1067847500581747,15500.648,True
2023-07-11,0.1,1.1067847500581747,15500.648,False
2023-07-11,0.5,-0.37848901751062697,15732.594,False
2023-07-11,0.9,-1.8157485968920397,15960.345,False
2023-07-12,0.01,1.2412746127734615,15595.55,True
2023-07-12,0.05,1.2412746127734615,15595.55,True
2023-07-12,0.1,1.2412746127734615,15595.55,False
2023-07-12,0.5,-0.2164909050701758,15824.562,False
2023-07-12,0.9,-1.638259756428969,16051.157,False
2023-07-13,0.01,1.3715094786782747,15804.743,True
2023-07-13,0.05,1.3715094786782747,15804.743,True
2023-07-13,0.1,1.3715094786782747,15804.743,False
2023-07-13,0.5,-0.1370684663642164,16044.978,False
2023-07-13,0.9,-1.5541992051794622,16273.975,False
2023-07-14,0.01,1.3384643261341909,15926.428,True
2023-07-14,0.05,1.3384643261341909,15926.428,True
2023-07-14,0.1,1.3384643261341909,15926.428,False
2023-07-14,0.5,-0.16710561738488874,16168.025,False
2023-07-14,0.9,-1.5295458437080593,16389.812,False
2023-07-17,0.01,1.3150197788154236,15894.672,True
2023-07-17,0.05,1.3150197788154236,15894.672,True
2023-07-17,0.1,1.3150197788154236,15894.672,False
2023-07-17,0.5,-0.1143383607003382,16123.495,False
2023-07-17,0.9,-1.4827562653488706,16345.648,False
2023-07-18,0.01,1.2728546145062283,15865.416,True
2023-07-18,0.05,1.2728546145062283,15865.416,True
2023-07-18,0.1,1.2728546145062283,15865.416,False
2023-07-18,0.5,-0.10413738035550732,16085.393,False
2023-07-18,0.9,-1.4313786791706529,16300.308,False
2023-07-19,0.01,1.2593851838220143,15923.682,True
2023-07-19,0.05,1.2593851838220143,15923.682,True
2023-07-19,0.1,1.2593851838220143,15923.682,False
2023-07-19,0.5,-0.048678530254516385,16133.342,False
2023-07-19,0.9,-1.308518607402016,16337.882,False
2023-07-20,0.01,1.3555707062359221,15892.035,True
2023-07-20,0.05,1.3555707062359221,15892.035,True
2023-07-20,0.1,1.3555707062359221,15892.035,False
2023-07-20,0.5,0.09097501822870666,16094.281,False
2023-07-20,0.9,-1.1631792724269392,16297.399,False
2023-07-21,0.01,1.4000236502499495,15978.9375,True
2023-07-21,0.05,1.4000236502499495,15978.9375,True
2023-07-21,0.1,1.4000236502499495,15978.9375,False
2023-07-21,0.5,0.1373016764778031,16181.986,False
2023-07-21,0.9,-1.0829694923750854,16380.66,False
2023-07-24,0.01,1.2438960956135203,15977.238,True
2023-07-24,0.05,1.2438960956135203,15977.238,True
2023-07-24,0.1,1.2438960956135203,15977.238,False
2023-07-24,0.5,0.05519022864877122,16168.294,False
2023-07-24,0.9,-1.1071280666272787,16357.317,False
2023-07-25,0.01,1.1500762760399847,16005.809,True
2023-07-25,0.05,1.1500762760399847,16005.809,True
2023-07-25,0.1,1.1500762760399847,16005.809,False
2023-07-25,0.5,-0.008232703614574868,16192.283,False
2023-07-25,0.9,-1.1528908149587207,16378.694,False
2023-07-26,0.01,1.01881224470892,16047.263,True
2023-07-26,0.05,1.01881224470892,16047.263,True
2023-07-26,0.1,1.01881224470892,16047.263,False
2023-07-26,0.5,-0.14848613472965075,16235.68,False
2023-07-26,0.9,-1.2936997297369055,16422.682,False
2023-07-27,0.01,1.075917542193807,15958.829,True
2023-07-27,0.05,1.075917542193807,15958.829,True
2023-07-27,0.1,1.075917542193807,15958.829,False
2023-07-27,0.5,-0.11622547474843112,16150.22,False
2023-07-27,0.9,-1.2883117494388803,16340.628,False
2023-07-28,0.01,0.8543170282312242,16266.467,True
2023-07-28,0.05,0.8543170282312242,16266.467,True
2023-07-28,0.1,0.8543170282312242,16266.467,False
2023-07-28,0.5,-0.3366040548048275,16461.346,False
2023-07-28,0.9,-1.4665466487709642,16648.404,False
2023-07-31,0.01,0.8871897800737848,16324.278,True
2023-07-31,0.05,0.8871897800737848,16324.278,True
2023-07-31,0.1,0.8871897800737848,16324.278,False
2023-07-31,0.5,-0.4552083682414855,16544.893,False
2023-07-31,0.9,-1.6614464398007227,16745.672,False
2023-08-01,0.01,0.9223326786523569,16295.833,True
2023-08-01,0.05,0.9223326786523569,16295.833,True
2023-08-01,0.1,0.9223326786523569,16295.833,False
2023-08-01,0.5,-0.3558060505849142,16505.453,False
2023-08-01,0.9,-1.489426878973931,16693.627,False
2023-08-02,0.01,1.0592171841471298,16069.287,True
2023-08-02,0.05,1.0592171841471298,16069.287,True
2023-08-02,0.1,1.0592171841471298,16069.287,False
2023-08-02,0.5,-0.24898968022147705,16280.888,False
2023-08-02,0.9,-1.4642217034809686,16479.945,False
2023-08-03,0.01,1.2931310143649655,15814.193,True
2023-08-03,0.05,1.2931310143649655,15814.193,True
2023-08-03,0.1,1.2931310143649655,15814.193,False
2023-08-03,0.5,-0.17495126307792316,16048.071,False
2023-08-03,0.9,-1.5849349307967986,16275.949,False
2023-08-04,0.01,1.7009717545744776,15625.324,True
2023-08-04,0.05,1.7009717545744776,15625.324,True
2023-08-04,0.1,1.7009717545744776,15625.324,False
2023-08-04,0.5,0.06359695468966026,15883.275,False
2023-08-04,0.9,-1.4704908629746716,16128.817,False
2023-08-07,0.01,1.3567222977054862,15736.899,True
2023-08-07,0.05,1.3567222977054862,15736.899,True
2023-08-07,0.1,1.3567222977054862,15736.899,False
2023-08-07,0.5,-0.1131366738559343,15969.918,False
2023-08-07,0.9,-1.4748336461767457,16188.867,False
2023-08-08,0.01,1.2847971210196962,15747.136,True
2023-08-08,0.05,1.2847971210196962,15747.136,True
2023-08-08,0.1,1.2847971210196962,15747.136,False
2023-08-08,0.5,-0.11666078852649311,15969.379,False
2023-08-08,0.9,-1.4502034875817378,16183.764,False
2023-08-09,0.01,1.588182337814499,15526.374,True
2023-08-09,0.05,1.588182337814499,15526.374,True
2023-08-09,0.1,1.588182337814499,15526.374,False
2023-08-09,0.5,0.0813961487147106,15762.095,False
2023-08-09,0.9,-1.3551103032934577,15990.152,False
2023-08-10,0.01,1.5104404945333831,15614.936,True
2023-08-10,0.05,1.5104404945333831,15614.936,True
2023-08-10,0.1,1.5104404945333831,15614.936,False
2023-08-10,0.5,0.09030727178621299,15838.2705,False
2023-08-10,0.9,-1.28542225195501,16057.668,False
2023-08-11,0.01,1.2866944520357695,15792.012,True
2023-08-11,0.05,1.2866944520357695,15792.012,True
2023-08-11,0.1,1.2866944520357695,15792.012,False
2023-08-11,0.5,-0.058607635530906844,16005.897,False
2023-08-11,0.9,-1.3799942102477871,16218.801,False
2023-08-14,0.01,1.3726024015910616,15616.342,True
2023-08-14,0.05,1.3726024015910616,15616.342,True
2023-08-14,0.1,1.3726024015910616,15616.342,False
2023-08-14,0.5,-0.024694489085265323,15836.08,False
2023-08-14,0.9,-1.3841586838346687,16052.836,False
2023-08-15,0.01,1.1611395871132393,15720.647,True
2023-08-15,0.05,1.1611395871132393,15720.647,True
2023-08-15,0.1,1.1611395871132393,15720.647,False
2023-08-15,0.5,-0.12904026107755664,15924.786,False
2023-08-15,0.9,-1.3980331955821736,16128.158,False
2023-08-16,0.01,1.3082225271073156,15562.353,True
2023-08-16,0.05,1.3082225271073156,15562.353,True
2023-08-16,0.1,1.3082225271073156,15562.353,False
2023-08-16,0.5,-0.05574545320945998,15776.072,False
2023-08-16,0.9,-1.384067830584488,15987.027,False
2023-08-17,0.01,1.3144009716847849,15583.271,True
2023-08-17,0.05,1.3144009716847849,15583.271,True
2023-08-17,0.1,1.3144009716847849,15583.271,False
2023-08-17,0.5,-0.005683766197367452,15790.348,False
2023-08-17,0.9,-1.2877994068605105,15994.102,False
2023-08-18,0.01,1.5016807422182756,15443.242,True
2023-08-18,0.05,1.5016807422182756,15443.242,True
2023-08-18,0.1,1.5016807422182756,15443.242,False
2023-08-18,0.5,0.10901000125821245,15659.82,False
2023-08-18,0.9,-1.2594813982626396,15875.597,False
2023-08-21,0.01,1.6449726905425768,15320.163,True
2023-08-21,0.05,1.6449726905425768,15320.163,True
2023-08-21,0.1,1.6449726905425768,15320.163,False
2023-08-21,0.5,0.1308853734043472,15553.889,False
2023-08-21,0.9,-1.3327054104152802,15783.208,False
2023-08-22,0.01,1.4019416279438202,15386.058,True
2023-08-22,0.05,1.4019416279438202,15386.058,True
2023-08-22,0.1,1.4019416279438202,15386.058,False
2023-08-22,0.5,-0.06535076307090473,15613.48,False
2023-08-22,0.9,-1.4604656277305204,15832.833,False
2023-08-23,0.01,1.2547492404015241,15509.785,True
2023-08-23,0.05,1.2547492404015241,15509.785,True
2023-08-23,0.1,1.2547492404015241,15509.785,False
2023-08-23,0.5,-0.1525086490989816,15729.591,False
2023-08-23,0.9,-1.4783464431561153,15939.528,False
2023-08-24,0.01,1.2820965226219496,15528.044,True
2023-08-24,0.05,1.2820965226219496,15528.044,True
2023-08-24,0.1,1.2820965226219496,15528.044,False
2023-08-24,0.5,-0.10394516553648946,15744.768,False
2023-08-24,0.9,-1.4422904488547674,15956.903,False
2023-08-25,0.01,1.3678299437018566,15409.27,True
2023-08-25,0.05,1.3678299437018566,15409.27,True
2023-08-25,0.1,1.3678299437018566,15409.27,False
2023-08-25,0.5,-0.03687648469638863,15627.252,False
2023-08-25,0.9,-1.4494413642657202,15849.563,False
2023-08-28,0.01,1.4184414552488231,15411.657,True
2023-08-28,0.05,1.4184414552488231,15411.657,True
2023-08-28,0.1,1.4184414552488231,15411.657,False
2023-08-28,0.5,-0.007046675733646563,15632.922,False
2023-08-28,0.9,-1.433779231997367,15857.561,False
2023-08-29,0.01,1.3567818044780209,15579.786,True
2023-08-29,0.05,1.3567818044780209,15579.786,True
2023-08-29,0.1,1.3567818044780209,15579.786,False
2023-08-29,0.5,-0.03679841699520868,15798.423,False
2023-08-29,0.9,-1.3406328413260722,16005.757,False
2023-08-30,0.01,1.4646354005583315,15699.251,True
2023-08-30,0.05,1.4646354005583315,15699.251,True
2023-08-30,0.1,1.4646354005583315,15699.251,False
2023-08-30,0.5,0.08616357162176501,15917.159,False
2023-08-30,0.9,-1.2118228320406739,16125.108,False
2023-08-31,0.01,1.365411977269076,15676.414,True
2023-08-31,0.05,1.365411977269076,15676.414,True
2023-08-31,0.1,1.365411977269076,15676.414,False
2023-08-31,0.5,0.013108189998042016,15889.847,False
2023-08-31,0.9,-1.2569461702026632,16092.943,False
2023-09-01,0.01,1.317449236014548,15738.363,True
2023-09-01,0.05,1.317449236014548,15738.363,True
2023-09-01,0.1,1.317449236014548,15738.363,False
2023-09-01,0.5,-0.009473023429680361,15948.591,False
2023-09-01,0.9,-1.2602882778604545,16149.331,False
2023-09-04,0.01,1.1810969873316945,15654.351,True
2023-09-04,0.05,1.1810969873316945,15654.351,True
2023-09-04,0.1,1.1810969873316945,15654.351,False
2023-09-04,0.5,-0.13870336102997619,15862.326,False
2023-09-04,0.9,-1.4401205717355867,16070.11,False
2023-09-05,0.01,1.2702144030970215,15625.111,True
2023-09-05,0.05,1.2702144030970215,15625.111,True
2023-09-05,0.1,1.2702144030970215,15625.111,False
2023-09-05,0.5,-0.05623348636591346,15833.751,False
2023-09-05,0.9,-1.3594971044578386,16041.457,False
2023-09-06,0.01,0.9779849991703405,15618.217,True
2023-09-06,0.05,0.9779849991703405,15618.217,True
2023-09-06,0.1,0.9779849991703405,15618.217,False
2023-09-06,0.5,-0.29934907271028244,15818.993,False
2023-09-06,0.9,-1.5656568077789232,16020.584,False
2023-09-07,0.01,0.9193098764519939,15597.321,True
2023-09-07,0.05,0.9193098764519939,15597.321,True
2023-09-07,0.1,0.9193098764519939,15597.321,False
2023-09-07,0.5,-0.3425755187972185,15795.389,False
2023-09-07,0.9,-1.574019021887694,15991.103,False
2023-09-08,0.01,0.9083051741269655,15576.533,True
2023-09-08,0.05,0.9083051741269655,15576.533,True
2023-09-08,0.1,0.9083051741269655,15576.533,False
2023-09-08,0.5,-0.3733475683073268,15777.455,False
2023-09-08,0.9,-1.5942413085528808,15971.262,False
2023-09-11,0.01,1.1417471957216525,15561.607,True
2023-09-11,0.05,1.1417471957216525,15561.607,True
2023-09-11,0.1,1.1417471957216525,15561.607,False
2023-09-11,0.5,-0.134627723955123,15761.505,False
2023-09-11,0.9,-1.3396531279737631,15952.584,False
2023-09-12,0.01,1.2397631885903033,15606.305,True
2023-09-12,0.05,1.2397631885903033,15606.305,True
2023-09-12,0.1,1.2397631885903033,15606.305,False
2023-09-12,0.5,-0.06226656034115333,15810.832,False
2023-09-12,0.9,-1.2585749797476968,16001.114,False
2023-09-13,0.01,1.2715670186689585,15516.962,True
2023-09-13,0.05,1.2715670186689585,15516.962,True
2023-09-13,0.1,1.2715670186689585,15516.962,False
2023-09-13,0.5,-0.07160309643463728,15726.787,False
2023-09-13,0.9,-1.3066371937392327,15922.223,False
2023-09-14,0.01,1.1727525144254303,15471.52,True
2023-09-14,0.05,1.1727525144254303,15471.52,True
2023-09-14,0.1,1.1727525144254303,15471.52,False
2023-09-14,0.5,-0.22751778681572238,15689.687,False
2023-09-14,0.9,-1.5183408866207473,15893.525,False
2023-09-15,0.01,1.277516156612989,15604.659,True
2023-09-15,0.05,1.277516156612989,15604.659,True
2023-09-15,0.1,1.277516156612989,15604.659,False
2023-09-15,0.5,-0.05881634411464374,15814.589,False
2023-09-15,0.9,-1.2968921536081055,16011.603,False
2023-09-18,0.01,1.5340873968462203,15651.57,True
2023-09-18,0.05,1.5340873968462203,15651.57,True
2023-09-18,0.1,1.5340873968462203,15651.57,False
2023-09-18,0.5,0.186896796336424,15863.854,False
2023-09-18,0.9,-1.073177901264172,16065.015,False
2023-09-19,0.01,1.3662282693427774,15513.713,True
2023-09-19,0.05,1.3662282693427774,15513.713,True
2023-09-19,0.1,1.3662282693427774,15513.713,False
2023-09-19,0.5,0.024058175939940786,15723.337,False
2023-09-19,0.9,-1.2955796615091302,15932.203,False
2023-09-20,0.01,1.2379473445292863,15471.758,True
2023-09-20,0.05,1.2379473445292863,15471.758,True
2023-09-20,0.1,1.2379473445292863,15471.758,False
2023-09-20,0.5,-0.10212092299073329,15680.485,False
2023-09-20,0.9,-1.4132636502698488,15887.433,False
2023-09-21,0.01,1.1837980384984756,15595.869,True
2023-09-21,0.05,1.1837980384984756,15595.869,True
2023-09-21,0.1,1.1837980384984756,15595.869,False
2023-09-21,0.5,-0.05948597269064411,15790.98,False
2023-09-21,0.9,-1.309674641287123,15989.637,False
2023-09-22,0.01,1.1667120503811814,15391.237,True
2023-09-22,0.05,1.1667120503811814,15391.237,True
2023-09-22,0.1,1.1667120503811814,15391.237,False
2023-09-22,0.5,-0.22175270074272627,15606.43,False
2023-09-22,0.9,-1.625650822506077,15827.073,False
2023-09-25,0.01,1.212245827776079,15369.836,True
2023-09-25,0.05,1.212245827776079,15369.836,True
2023-09-25,0.1,1.212245827776079,15369.836,False
2023-09-25,0.5,-0.16963551632568646,15583.703,False
2023-09-25,0.9,-1.5635476699795814,15802.447,False
2023-09-26,0.01,1.329239550294223,15202.069,True
2023-09-26,0.05,1.329239550294223,15202.069,True
2023-09-26,0.1,1.329239550294223,15202.069,False
2023-09-26,0.5,-0.1589078865197984,15429.99,False
2023-09-26,0.9,-1.661849990798072,15663.6455,False
2023-09-27,0.01,1.6142576345829913,15011.578,True
2023-09-27,0.05,1.6142576345829913,15011.578,True
2023-09-27,0.1,1.6142576345829913,15011.578,False
2023-09-27,0.5,-0.051049535572027,15263.66,False
2023-09-27,0.9,-1.698247835519296,15517.165,False
2023-09-28,0.01,1.355129475839108,15012.625,True
2023-09-28,0.05,1.355129475839108,15012.625,True
2023-09-28,0.1,1.355129475839108,15012.625,False
2023-09-28,0.5,-0.229555742183818,15252.423,False
2023-09-28,0.9,-1.8163569155929955,15496.379,False
2023-09-29,0.01,1.2226036649988326,15137.295,True
2023-09-29,0.05,1.2226036649988326,15137.295,True
2023-09-29,0.1,1.2226036649988326,15137.295,False
2023-09-29,0.5,-0.1933792072570243,15353.161,False
2023-09-29,0.9,-1.6096677847455376,15572.153,False
2023-10-02,0.01,1.2182032025914529,15200.277,True
2023-10-02,0.05,1.2182032025914529,15200.277,True
2023-10-02,0.1,1.2182032025914529,15200.277,False
2023-10-02,0.5,-0.14249301338463863,15408.5205,False
2023-10-02,0.9,-1.5238480088563424,15622.844,False
2023-10-03,0.01,1.273768157880291,15054.228,True
2023-10-03,0.05,1.273768157880291,15054.228,True
2023-10-03,0.1,1.273768157880291,15054.228,False
2023-10-03,0.5,-0.18063315702346813,15274.776,False
2023-10-03,0.9,-1.6122875083022399,15495.031,False
2023-10-04,0.01,1.478863985761453,14863.762,True
2023-10-04,0.05,1.478863985761453,14863.762,True
2023-10-04,0.1,1.478863985761453,14863.762,False
2023-10-04,0.5,-0.1993576413167147,15115.313,False
2023-10-04,0.9,-1.8354650664980674,15364.65,False
2023-10-05,0.01,1.3599539113395334,14895.958,True
2023-10-05,0.05,1.3599539113395334,14895.958,True
2023-10-05,0.1,1.3599539113395334,14895.958,False
2023-10-05,0.5,-0.24126371039179867,15136.395,False
2023-10-05,0.9,-1.7662290512473584,15368.988,False
2023-10-06,0.01,1.3250192232695068,14871.854,True
2023-10-06,0.05,1.3250192232695068,14871.854,True
2023-10-06,0.1,1.3250192232695068,14871.854,False
2023-10-06,0.5,-0.22291887324376608,15103.852,False
2023-10-06,0.9,-1.716760398068982,15331.173,False
2023-10-09,0.01,1.383161346519891,15020.567,True
2023-10-09,0.05,1.383161346519891,15020.567,True
2023-10-09,0.1,1.383161346519891,15020.567,False
2023-10-09,0.5,-0.092510816242958,15243.865,False
2023-10-09,0.9,-1.514467203102398,15462.175,False
2023-10-10,0.01,1.077633953411582,14965.96,True
2023-10-10,0.05,1.077633953411582,14965.96,True
2023-10-10,0.1,1.077633953411582,14965.96,False
2023-10-10,0.5,-0.3833343713292447,15186.213,False
2023-10-10,0.9,-1.7778449632867037,15399.47,False
2023-10-11,0.01,1.721574957729968,15160.265,True
2023-10-11,0.05,1.721574957729968,15160.265,True
2023-10-11,0.1,1.721574957729968,15160.265,False
2023-10-11,0.5,0.1296611382316964,15403.534,False
2023-10-11,0.9,-1.3118474180772863,15627.186,False
2023-10-12,0.01,1.4324025408017254,15240.139,True
2023-10-12,0.05,1.4324025408017254,15240.139,True
2023-10-12,0.1,1.4324025408017254,15240.139,False
2023-10-12,0.5,-0.1281531837085369,15479.835,False
2023-10-12,0.9,-1.4770564132232495,15690.058,False
2023-10-13,0.01,1.060753747428181,15262.273,True
2023-10-13,0.05,1.060753747428181,15262.273,True
2023-10-13,0.1,1.060753747428181,15262.273,False
2023-10-13,0.5,-0.3698258677309591,15482.182,False
2023-10-13,0.9,-1.6622155093086535,15683.57,False
2023-10-16,0.01,0.9182128638311181,15047.853,True
2023-10-16,0.05,0.9182128638311181,15047.853,True
2023-10-16,0.1,0.9182128638311181,15047.853,False
2023-10-16,0.5,-0.5928451214115668,15276.961,False
2023-10-16,0.9,-2.003379225133136,15493.975,False
2023-10-17,0.01,0.7880129802865694,15118.385,True
2023-10-17,0.05,0.7880129802865694,15118.385,True
2023-10-17,0.1,0.7880129802865694,15118.385,False
2023-10-17,0.5,-0.6405480192561274,15335.91,False
2023-10-17,0.9,-1.980689726421239,15542.816,False
2023-10-18,0.01,0.8075234722156014,15129.025,True
2023-10-18,0.05,0.8075234722156014,15129.025,True
2023-10-18,0.1,0.8075234722156014,15129.025,False
2023-10-18,0.5,-0.5768612919119164,15339.926,False
2023-10-18,0.9,-1.876099704909557,15540.528,False
2023-10-19,0.01,0.9642261466358848,14950.061,True
2023-10-19,0.05,0.9642261466358848,14950.061,True
2023-10-19,0.1,0.9642261466358848,14950.061,False
2023-10-19,0.5,-0.5556118764768855,15179.013,False
2023-10-19,0.9,-1.974593780446767,15395.936,False
2023-10-20,0.01,1.0022526577935054,14895.192,True
2023-10-20,0.05,1.0022526577935054,14895.192,True
2023-10-20,0.1,1.0022526577935054,14895.192,False
2023-10-20,0.5,-0.5239872411649594,15124.272,False
2023-10-20,0.9,-1.978192510638491,15345.817,False
2023-10-23,0.01,1.356954128960857,14599.018,True
2023-10-23,0.05,1.356954128960857,14599.018,True
2023-10-23,0.1,1.356954128960857,14599.018,False
2023-10-23,0.5,-0.3837382409076359,14855.366,False
2023-10-23,0.9,-2.0130608475928953,15099.391,False
2023-10-24,0.01,1.107473689628925,14637.71,True
2023-10-24,0.05,1.107473689628925,14637.71,True
2023-10-24,0.1,1.107473689628925,14637.71,False
2023-10-24,0.5,-0.4858875050383283,14872.81,False
2023-10-24,0.9,-1.9799345072211785,15096.685,False
2023-10-25,0.01,1.1413534023885124,14711.073,True
2023-10-25,0.05,1.1413534023885124,14711.073,True
2023-10-25,0.1,1.1413534023885124,14711.073,False
2023-10-25,0.5,-0.34740918833570755,14931.725,False
2023-10-25,0.9,-1.712256798060062,15136.917,False
2023-10-26,0.01,1.0777831660864496,14732.536,True
2023-10-26,0.05,1.0777831660864496,14732.536,True
2023-10-26,0.1,1.0777831660864496,14732.536,False
2023-10-26,0.5,-0.42023523694450826,14954.894,False
2023-10-26,0.9,-1.7730555878056518,15158.581,False
2023-10-27,0.01,1.1892228753444085,14556.902,True
2023-10-27,0.05,1.1892228753444085,14556.902,True
2023-10-27,0.1,1.1892228753444085,14556.902,False
2023-10-27,0.5,-0.43222171286319444,14794.858,False
2023-10-27,0.9,-1.8958604372156778,15012.994,False
2023-10-30,0.01,1.1619645155184855,14517.735,True
2023-10-30,0.05,1.1619645155184855,14517.735,True
2023-10-30,0.1,1.1619645155184855,14517.735,False
2023-10-30,0.5,-0.44045414756593937,14752.244,False
2023-10-30,0.9,-1.9210226190238064,14972.286,False
2023-10-31,0.01,1.1907448755555285,14542.343,True
2023-10-31,0.05,1.1907448755555285,14542.343,True
2023-10-31,0.1,1.1907448755555285,14542.343,False
2023-10-31,0.5,-0.35045303417183193,14768.205,False
2023-10-31,0.9,-1.8202588605061392,14986.872,False
2023-11-01,0.01,1.390647703065423,14605.806,True
2023-11-01,0.05,1.390647703065423,14605.806,True
2023-11-01,0.1,1.390647703065423,14605.806,False
2023-11-01,0.5,-0.08846927874668807,14823.448,False
2023-11-01,0.9,-1.5061671800962975,15035.097,False
2023-11-02,0.01,1.5833032270968637,14688.85,True
2023-11-02,0.05,1.5833032270968637,14688.85,True
2023-11-02,0.1,1.5833032270968637,14688.85,False
2023-11-02,0.5,0.06792247568060393,14913.137,False
2023-11-02,0.9,-1.347229723521637,15125.681,False
2023-11-03,0.01,1.6171801522212652,14900.67,True
2023-11-03,0.05,1.6171801522212652,14900.67,True
2023-11-03,0.1,1.6171801522212652,14900.67,False
2023-11-03,0.5,0.018864172436172943,15140.743,False
2023-11-03,0.9,-1.3589538936753742,15350.799,False
2023-11-06,0.01,1.2006891039712344,15007.965,True
2023-11-06,0.05,1.2006891039712344,15007.965,True
2023-11-06,0.1,1.2006891039712344,15007.965,False
2023-11-06,0.5,-0.2616385573708544,15229.043,False
2023-11-06,0.9,-1.5529001349093348,15426.965,False
2023-11-07,0.01,1.2415493869107572,14949.211,True
2023-11-07,0.05,1.2415493869107572,14949.211,True
2023-11-07,0.1,1.2415493869107572,14949.211,False
2023-11-07,0.5,-0.23490326564266276,15171.566,False
2023-11-07,0.9,-1.5459239381152177,15371.778,False
2023-11-08,0.01,1.0097466929859715,15000.406,True
2023-11-08,0.05,1.0097466929859715,15000.406,True
2023-11-08,0.1,1.0097466929859715,15000.406,False
2023-11-08,0.5,-0.3981865340415564,15213.096,False
2023-11-08,0.9,-1.6572721229974081,15405.853,False
2023-11-09,0.01,0.9791410970064368,15081.208,True
2023-11-09,0.05,0.9791410970064368,15081.208,True
2023-11-09,0.1,0.9791410970064368,15081.208,False
2023-11-09,0.5,-0.37605116558844026,15286.979,False
2023-11-09,0.9,-1.5735768808414177,15471.145,False
2023-11-10,0.01,1.2053845544382416,15168.594,True
2023-11-10,0.05,1.2053845544382416,15168.594,True
2023-11-10,0.1,1.2053845544382416,15168.594,False
2023-11-10,0.5,-0.24663915836383318,15390.452,False
2023-11-10,0.9,-1.4918754957670028,15583.298,False
2023-11-13,0.01,0.7921993836619999,15114.18,True
2023-11-13,0.05,0.7921993836619999,15114.18,True
2023-11-13,0.1,0.7921993836619999,15114.18,False
2023-11-13,0.5,-0.5944980109285866,15325.228,False
2023-11-13,0.9,-1.8240367123103167,15514.82,False
2023-11-14,0.01,0.9750255154428948,15196.109,True
2023-11-14,0.05,0.9750255154428948,15196.109,True
2023-11-14,0.1,0.9750255154428948,15196.109,False
2023-11-14,0.5,-0.4343495575551008,15411.796,False
2023-11-14,0.9,-1.6335482390604161,15597.727,False
2023-11-15,0.01,1.2594318153984636,15419.01,True
2023-11-15,0.05,1.2594318153984636,15419.01,True
2023-11-15,0.1,1.2594318153984636,15419.01,False
2023-11-15,0.5,-0.2846997192602173,15658.947,False
2023-11-15,0.9,-1.5619034562907004,15860.227,False
2023-11-16,0.01,1.3817224280374198,15532.07,True
2023-11-16,0.05,1.3817224280374198,15532.07,True
2023-11-16,0.1,1.3817224280374198,15532.07,False
2023-11-16,0.5,-0.14248693187528577,15770.625,False
2023-11-16,0.9,-1.3572505696129098,15963.369,False
2023-11-17,0.01,1.1400242680415038,15607.661,True
2023-11-17,0.05,1.1400242680415038,15607.661,True
2023-11-17,0.1,1.1400242680415038,15607.661,False
2023-11-17,0.5,-0.3327175806549005,15839.223,False
2023-11-17,0.9,-1.4874452507717608,16023.183,False
2023-11-20,0.01,1.273899117250114,15717.652,True
2023-11-20,0.05,1.273899117250114,15717.652,True
2023-11-20,0.1,1.273899117250114,15717.652,False
2023-11-20,0.5,-0.2194909623103118,15954.14,False
2023-11-20,0.9,-1.3751704076995497,16139.588,False
2023-11-21,0.01,1.2456955358291377,15704.477,True
2023-11-21,0.05,1.2456955358291377,15704.477,True
2023-11-21,0.1,1.2456955358291377,15704.477,False
2023-11-21,0.5,-0.12296095467982564,15920.895,False
2023-11-21,0.9,-1.2139762331555648,16095.545,False
2023-11-22,0.01,1.1980664136541272,15711.168,True
2023-11-22,0.05,1.1980664136541272,15711.168,True
2023-11-22,0.1,1.1980664136541272,15711.168,False
2023-11-22,0.5,-0.06328245049120153,15910.596,False
2023-11-22,0.9,-1.14433855399229,16083.531,False
2023-11-23,0.01,1.2473058862259927,15760.014,True
2023-11-23,0.05,1.2473058862259927,15760.014,True
2023-11-23,0.1,1.2473058862259927,15760.014,False
2023-11-23,0.5,0.04156104823779313,15951.189,False
2023-11-23,0.9,-1.0013519982823622,16118.417,False
2023-11-24,0.01,1.2372201805078078,15798.06,True
2023-11-24,0.05,1.2372201805078078,15798.06,True
2023-11-24,0.1,1.2372201805078078,15798.06,False
2023-11-24,0.5,0.046993066074661756,15987.216,False
2023-11-24,0.9,-0.9928142761176123,16154.319,False
2023-11-27,0.01,1.1279518754508828,15849.701,True
2023-11-27,0.05,1.1279518754508828,15849.701,True
2023-11-27,0.1,1.1279518754508828,15849.701,False
2023-11-27,0.5,-0.029348330227932776,16034.195,False
2023-11-27,0.9,-1.018748088048359,16193.625,False
2023-11-28,0.01,1.2682066730324708,15765.162,True
2023-11-28,0.05,1.2682066730324708,15765.162,True
2023-11-28,0.1,1.2682066730324708,15765.162,False
2023-11-28,0.5,0.08646781729929122,15952.57,False
2023-11-28,0.9,-0.9651878247929423,16121.222,False
2023-11-29,0.01,1.3188227977042004,15783.14,True
2023-11-29,0.05,1.3188227977042004,15783.14,True
2023-11-29,0.1,1.3188227977042004,15783.14,False
2023-11-29,0.5,0.13409290555304412,15971.239,False
2023-11-29,0.9,-0.9260627435486304,16141.46,False
2023-11-30,0.01,1.0253393272950546,16001.536,True
2023-11-30,0.05,1.0253393272950546,16001.536,True
2023-11-30,0.1,1.0253393272950546,16001.536,False
2023-11-30,0.5,-0.08880074809774612,16180.8125,False
2023-11-30,0.9,-1.1107529593920835,16347.0205,False
2023-12-01,0.01,0.9269610931558154,16065.813,True
2023-12-01,0.05,0.9269610931558154,16065.813,True
2023-12-01,0.1,0.9269610931558154,16065.813,False
2023-12-01,0.5,-0.1770591100096851,16244.166,False
2023-12-01,0.9,-1.2159848182694741,16413.81,False
2023-12-04,0.01,1.085389991657156,16220.505,True
2023-12-04,0.05,1.085389991657156,16220.505,True
2023-12-04,0.1,1.085389991657156,16220.505,False
2023-12-04,0.5,-0.1368720299709139,16419.979,False
2023-12-04,0.9,-1.2491675514377865,16603.637,False
2023-12-05,0.01,0.9248171361062856,16253.745,True
2023-12-05,0.05,0.9248171361062856,16253.745,True
2023-12-05,0.1,0.9248171361062856,16253.745,False
2023-12-05,0.5,-0.2690550512776654,16448.957,False
2023-12-05,0.9,-1.3755971336364077,16631.982,False
2023-12-06,0.01,0.9841412954064396,16371.198,True
2023-12-06,0.05,0.9841412954064396,16371.198,True
2023-12-06,0.1,0.9841412954064396,16371.198,False
2023-12-06,0.5,-0.24472237311700612,16573.62,False
2023-12-06,0.9,-1.3824224256681905,16763.254,False
2023-12-07,0.01,0.8863170561766175,16509.463,True
2023-12-07,0.05,0.8863170561766175,16509.463,True
2023-12-07,0.1,0.8863170561766175,16509.463,False
2023-12-07,0.5,-0.4004355860281022,16723.271,False
2023-12-07,0.9,-1.5642433091995285,16919.035,False
2023-12-08,0.01,1.0897491658720415,16448.76,True
2023-12-08,0.05,1.0897491658720415,16448.76,True
2023-12-08,0.1,1.0897491658720415,16448.76,False
2023-12-08,0.5,-0.10050100492875554,16645.71,False
2023-12-08,0.9,-1.1912958777549352,16828.275,False
2023-12-11,0.01,1.109972445873704,16574.227,True
2023-12-11,0.05,1.109972445873704,16574.227,True
2023-12-11,0.1,1.109972445873704,16574.227,False
2023-12-11,0.5,-0.18498805729183554,16790.252,False
2023-12-11,0.9,-1.36930078114656,16990.283,False
2023-12-12,0.01,1.1484567587048216,16602.656,True
2023-12-12,0.05,1.1484567587048216,16602.656,True
2023-12-12,0.1,1.1484567587048216,16602.656,False
2023-12-12,0.5,-0.15039713038669897,16819.707,False
2023-12-12,0.9,-1.368675108326564,17025.871,False
2023-12-13,0.01,1.1529599173687444,16599.25,True
2023-12-13,0.05,1.1529599173687444,16599.25,True
2023-12-13,0.1,1.1529599173687444,16599.25,False
2023-12-13,0.5,-0.08475743373128615,16805.979,False
2023-12-13,0.9,-1.2774889792487185,17007.629,False
2023-12-14,0.01,1.0647665970434825,16588.479,True
2023-12-14,0.05,1.0647665970434825,16588.479,True
2023-12-14,0.1,1.0647665970434825,16588.479,False
2023-12-14,0.5,-0.16973738434705848,16794.533,False
2023-12-14,0.9,-1.404614986306275,17003.21,False
2023-12-15,0.01,1.0672287509267089,16574.396,True
2023-12-15,0.05,1.0672287509267089,16574.396,True
2023-12-15,0.1,1.0672287509267089,16574.396,False
2023-12-15,0.5,-0.17764027853347028,16782.016,False
2023-12-15,0.9,-1.4176404763310526,16991.408,False
2023-12-18,0.01,1.1924979296046145,16552.865,True
2023-12-18,0.05,1.1924979296046145,16552.865,True
2023-12-18,0.1,1.1924979296046145,16552.865,False
2023-12-18,0.5,-0.06606391165884194,16762.51,False
2023-12-18,0.9,-1.331938114393617,16976.05,False
2023-12-19,0.01,1.4012421901227703,16418.863,True
2023-12-19,0.05,1.4012421901227703,16418.863,True
2023-12-19,0.1,1.4012421901227703,16418.863,False
2023-12-19,0.5,0.16481451243097517,16623.13,False
2023-12-19,0.9,-1.085617810112804,16832.297,False
2023-12-20,0.01,1.309625467023463,16526.55,True
2023-12-20,0.05,1.309625467023463,16526.55,True
2023-12-20,0.1,1.309625467023463,16526.55,False
2023-12-20,0.5,0.1283550913854344,16722.932,False
2023-12-20,0.9,-1.0962378008671476,16928.979,False
2023-12-21,0.01,1.0768470582001792,16553.828,True
2023-12-21,0.05,1.0768470582001792,16553.828,True
2023-12-21,0.1,1.0768470582001792,16553.828,False
2023-12-21,0.5,-0.08932290893325728,16748.004,False
2023-12-21,0.9,-1.2969551434073836,16951.484,False
2023-12-22,0.01,1.008384227871806,16519.992,True
2023-12-22,0.05,1.008384227871806,16519.992,True
2023-12-22,0.1,1.008384227871806,16519.992,False
2023-12-22,0.5,-0.11710191502135074,16706.973,False
2023-12-22,0.9,-1.3003284486308946,16905.828,False
2023-12-27,0.01,1.0924399268769103,16524.668,True
2023-12-27,0.05,1.0924399268769103,16524.668,True
2023-12-27,0.1,1.0924399268769103,16524.668,False
2023-12-27,0.5,0.0005494800661830314,16706.088,False
2023-12-27,0.9,-1.1777365264010013,16904.098,False
2023-12-28,0.01,1.1785427052363684,16545.916,True
2023-12-28,0.05,1.1785427052363684,16545.916,True
2023-12-28,0.1,1.1785427052363684,16545.916,False
2023-12-28,0.5,0.057774906911839854,16732.4,False
2023-12-28,0.9,-1.119730369266158,16930.59,False
2023-12-29,0.01,1.1230743467399522,16515.03,True
2023-12-29,0.05,1.1230743467399522,16515.03,True
2023-12-29,0.1,1.1230743467399522,16515.03,False
2023-12-29,0.5,0.03604824702680445,16695.531,False
2023-12-29,0.9,-1.125079814324958,16890.518,False
2024-01-02,0.01,1.0266068055624697,16580.547,True
2024-01-02,0.05,1.0266068055624697,16580.547,True
2024-01-02,0.1,1.0266068055624697,16580.547,False
2024-01-02,0.5,-0.044598557196105865,16759.113,False
2024-01-02,0.9,-1.1921072935793264,16952.533,False
2024-01-03,0.01,0.9678510832024225,16607.84,True
2024-01-03,0.05,0.9678510832024225,16607.84,True
2024-01-03,0.1,0.9678510832024225,16607.84,False
2024-01-03,0.5,-0.0848355940775076,16783.592,False
2024-01-03,0.9,-1.2081978910469662,16973.195,False
2024-01-04,0.01,1.3546301459989143,16315.867,True
2024-01-04,0.05,1.3546301459989143,16315.867,True
2024-01-04,0.1,1.3546301459989143,16315.867,False
2024-01-04,0.5,0.23701677980540237,16499.238,False
2024-01-04,0.9,-0.9522688232804888,16696.633,False
2024-01-05,0.01,1.38390053915019,16388.906,True
2024-01-05,0.05,1.38390053915019,16388.906,True
2024-01-05,0.1,1.38390053915019,16388.906,False
2024-01-05,0.5,0.2955921382884789,16568.242,False
2024-01-05,0.9,-0.873891898190151,16763.143,False
2024-01-08,0.01,1.2431600531428646,16389.195,True
2024-01-08,0.05,1.2431600531428646,16389.195,True
2024-01-08,0.1,1.2431600531428646,16389.195,False
2024-01-08,0.5,0.15633248566536773,16568.29,False
2024-01-08,0.9,-1.0066000314518182,16762.092,False
2024-01-09,0.01,1.215985951260856,16514.432,True
2024-01-09,0.05,1.215985951260856,16514.432,True
2024-01-09,0.1,1.215985951260856,16514.432,False
2024-01-09,0.5,0.12911960683258736,16694.9,False
2024-01-09,0.9,-1.027518936102237,16889.121,False
2024-01-10,0.01,1.044130974634249,16515.018,True
2024-01-10,0.05,1.044130974634249,16515.018,True
2024-01-10,0.1,1.044130974634249,16515.018,False
2024-01-10,0.5,-0.06221994353362789,16698.746,False
2024-01-10,0.9,-1.2787776404551068,16903.137,False
2024-01-11,0.01,1.0371812629035873,16517.602,True
2024-01-11,0.05,1.0371812629035873,16517.602,True
2024-01-11,0.1,1.0371812629035873,16517.602,False
2024-01-11,0.5,-0.08313509732496185,16703.691,False
2024-01-11,0.9,-1.316637343122078,16911.008,False
2024-01-12,0.01,1.246989880707696,16341.971,True
2024-01-12,0.05,1.246989880707696,16341.971,True
2024-01-12,0.1,1.246989880707696,16341.971,False
2024-01-12,0.5,0.06009775925331423,16537.088,False
2024-01-12,0.9,-1.2473581124606268,16754.723,False
2024-01-15,0.01,1.2448289865138047,16497.906,True
2024-01-15,0.05,1.2448289865138047,16497.906,True
2024-01-15,0.1,1.2448289865138047,16497.906,False
2024-01-15,0.5,0.11919079435048002,16684.662,False
2024-01-15,0.9,-1.1114430107065567,16891.258,False
2024-01-16,0.01,1.3676668547772186,16396.432,True
2024-01-16,0.05,1.3676668547772186,16396.432,True
2024-01-16,0.1,1.3676668547772186,16396.432,False
2024-01-16,0.5,0.22816473936980872,16584.338,False
2024-01-16,0.9,-1.046129755773126,16797.023,False
2024-01-17,0.01,1.347978150292004,16349.796,True
2024-01-17,0.05,1.347978150292004,16349.796,True
2024-01-17,0.1,1.347978150292004,16349.796,False
2024-01-17,0.5,0.17714597962111578,16542.35,False
2024-01-17,0.9,-1.1227645310578207,16758.79,False
2024-01-18,0.01,1.4718525539237401,16191.61,True
2024-01-18,0.05,1.4718525539237401,16191.61,True
2024-01-18,0.1,1.4718525539237401,16191.61,False
2024-01-18,0.5,0.23399448045320503,16393.285,False
2024-01-18,0.9,-1.1038191432959568,16614.07,False
2024-01-19,0.01,1.3413070624162688,16346.614,True
2024-01-19,0.05,1.3413070624162688,16346.614,True
2024-01-19,0.1,1.3413070624162688,16346.614,False
2024-01-19,0.5,0.22747974306903504,16529.705,False
2024-01-19,0.9,-1.0223444705798763,16737.594,False
2024-01-22,0.01,1.265466820389473,16346.951,True
2024-01-22,0.05,1.265466820389473,16346.951,True
2024-01-22,0.1,1.265466820389473,16346.951,False
2024-01-22,0.5,0.1263269677358553,16534.23,False
2024-01-22,0.9,-1.162871926102983,16748.77,False
2024-01-23,0.01,1.1222339764591274,16497.18,True
2024-01-23,0.05,1.1222339764591274,16497.18,True
2024-01-23,0.1,1.1222339764591274,16497.18,False
2024-01-23,0.5,-0.04138747348292971,16690.266,False
2024-01-23,0.9,-1.3376259821364158,16908.02,False
2024-01-24,0.01,0.8412878041241288,16487.795,True
2024-01-24,0.05,0.8412878041241288,16487.795,True
2024-01-24,0.1,0.8412878041241288,16487.795,False
2024-01-24,0.5,-0.2482857361278797,16668.424,False
2024-01-24,0.9,-1.5038003597121552,16879.018,False
2024-01-25,0.01,0.8160861380822249,16752.645,True
2024-01-25,0.05,0.8160861380822249,16752.645,True
2024-01-25,0.1,0.8160861380822249,16752.645,False
2024-01-25,0.5,-0.39493405381116314,16956.756,False
2024-01-25,0.9,-1.686770720006957,17177.23,False
2024-01-26,0.01,0.8655307290719614,16761.217,True
2024-01-26,0.05,0.8655307290719614,16761.217,True
2024-01-26,0.1,0.8655307290719614,16761.217,False
2024-01-26,0.5,-0.34699210697450644,16965.688,False
2024-01-26,0.9,-1.620729724861212,17183.168,False
2024-01-29,0.01,0.8039965794387017,16825.568,True
2024-01-29,0.05,0.8039965794387017,16825.568,True
2024-01-29,0.1,0.8039965794387017,16825.568,False
2024-01-29,0.5,-0.4048456625491117,17030.197,False
2024-01-29,0.9,-1.649903748462328,17243.559,False
2024-01-30,0.01,0.7339278456985961,16817.826,True
2024-01-30,0.05,0.7339278456985961,16817.826,True
2024-01-30,0.1,0.7339278456985961,16817.826,False
2024-01-30,0.5,-0.4640504448568484,17020.512,False
2024-01-30,0.9,-1.7355806939293865,17238.314,False
2024-01-31,0.01,0.794033430477831,16838.107,True
2024-01-31,0.05,0.794033430477831,16838.107,True
2024-01-31,0.1,0.794033430477831,16838.107,False
2024-01-31,0.5,-0.40960490835307534,17042.002,False
2024-01-31,0.9,-1.6950210093898619,17262.477,False
2024-02-01,0.01,0.7741164748520276,16773.41,True
2024-02-01,0.05,0.7741164748520276,16773.41,True
2024-02-01,0.1,0.7741164748520276,16773.41,False
2024-02-01,0.5,-0.4164528045482247,16974.303,False
2024-02-01,0.9,-1.7645126097890305,17204.676,False
2024-02-02,0.01,0.8603338566099097,16714.617,True
2024-02-02,0.05,0.8603338566099097,16714.617,True
2024-02-02,0.1,0.8603338566099097,16714.617,False
2024-02-02,0.5,-0.3455629864710658,16917.398,False
2024-02-02,0.9,-1.735057505398805,17154.105,False
2024-02-05,0.01,0.7809337158297963,16786.605,True
2024-02-05,0.05,0.7809337158297963,16786.605,True
2024-02-05,0.1,0.7809337158297963,16786.605,False
2024-02-05,0.5,-0.42019051587160333,16989.45,False
2024-02-05,0.9,-1.771922283143971,17220.66,False
2024-02-06,0.01,0.6616153739573365,16792.59,True
2024-02-06,0.05,0.6616153739573365,16792.59,True
2024-02-06,0.1,0.6616153739573365,16792.59,False
2024-02-06,0.5,-0.4900922248821482,16987.11,False
2024-02-06,0.9,-1.7836419862588615,17208.273,False
2024-02-07,0.01,0.6830506934027443,16917.291,True
2024-02-07,0.05,0.6830506934027443,16917.291,True
2024-02-07,0.1,0.6830506934027443,16917.291,False
2024-02-07,0.5,-0.5137782532402623,17120.979,False
2024-02-07,0.9,-1.8378144449250133,17349.174,False
2024-02-08,0.01,0.6639805142377929,16809.975,True
2024-02-08,0.05,0.6639805142377929,16809.975,True
2024-02-08,0.1,0.6639805142377929,16809.975,False
2024-02-08,0.5,-0.48989665833807233,17005.064,False
2024-02-08,0.9,-1.8020310992472897,17229.664,False
2024-02-09,0.01,0.7994585575979603,16828.752,True
2024-02-09,0.05,0.7994585575979603,16828.752,True
2024-02-09,0.1,0.7994585575979603,16828.752,False
2024-02-09,0.5,-0.3660446798335923,17026.04,False
2024-02-09,0.9,-1.6711045331788688,17249.695,False
2024-02-12,0.01,0.895478186670379,16775.604,True
2024-02-12,0.05,0.895478186670379,16775.604,True
2024-02-12,0.1,0.895478186670379,16775.604,False
2024-02-12,0.5,-0.25380946579586416,16969.516,False
2024-02-12,0.9,-1.5703444556106572,17194.402,False
2024-02-13,0.01,0.9059588121378784,16883.695,True
2024-02-13,0.05,0.9059588121378784,16883.695,True
2024-02-13,0.1,0.9059588121378784,16883.695,False
2024-02-13,0.5,-0.25879222290599635,17081.498,False
2024-02-13,0.9,-1.589163146838522,17310.264,False
2024-02-14,0.01,0.9777149899613362,16716.588,True
2024-02-14,0.05,0.9777149899613362,16716.588,True
2024-02-14,0.1,0.9777149899613362,16716.588,False
2024-02-14,0.5,-0.19940801449202747,16914.525,False
2024-02-14,0.9,-1.564502361254874,17147.008,False
2024-02-15,0.01,0.9944994359677742,16777.793,True
2024-02-15,0.05,0.9944994359677742,16777.793,True
2024-02-15,0.1,0.9944994359677742,16777.793,False
2024-02-15,0.5,-0.10263186701346358,16962.88,False
2024-02-15,0.9,-1.4240759848417148,17188.523,False
2024-02-16,0.01,0.9018876783741825,16893.639,True
2024-02-16,0.05,0.9018876783741825,16893.639,True
2024-02-16,0.1,0.9018876783741825,16893.639,False
2024-02-16,0.5,-0.18618286263565903,17078.457,False
2024-02-16,0.9,-1.4692452652426566,17298.996,False
2024-02-19,0.01,0.9259742015924216,16959.668,True
2024-02-19,0.05,0.9259742015924216,16959.668,True
2024-02-19,0.1,0.9259742015924216,16959.668,False
2024-02-19,0.5,-0.20910037896393266,17153.27,False
2024-02-19,0.9,-1.4972702865416285,17375.662,False
2024-02-20,0.01,0.9888482081191065,16924.076,True
2024-02-20,0.05,0.9888482081191065,16924.076,True
2024-02-20,0.1,0.9888482081191065,16924.076,False
2024-02-20,0.5,-0.14689983806204526,17117.387,False
2024-02-20,0.9,-1.433866654229757,17339.105,False
2024-02-21,0.01,0.9506730433937401,16906.934,True
2024-02-21,0.05,0.9506730433937401,16906.934,True
2024-02-21,0.1,0.9506730433937401,16906.934,False
2024-02-21,0.5,-0.18545480771531572,17100.113,False
2024-02-21,0.9,-1.497197428036657,17325.9,False
2024-02-22,0.01,0.8870903964062717,16966.938,True
2024-02-22,0.05,0.8870903964062717,16966.938,True
2024-02-22,0.1,0.8870903964062717,16966.938,False
2024-02-22,0.5,-0.2711144098282757,17164.592,False
2024-02-22,0.9,-1.610537564571279,17396.045,False
2024-02-23,0.01,1.081741072984636,17183.559,True
2024-02-23,0.05,1.081741072984636,17183.559,True
2024-02-23,0.1,1.081741072984636,17183.559,False
2024-02-23,0.5,-0.27292272805446155,17417.922,False
2024-02-23,0.9,-1.7419887091234458,17675.691,False
2024-02-26,0.01,1.1185701085700774,17225.568,True
2024-02-26,0.05,1.1185701085700774,17225.568,True
2024-02-26,0.1,1.1185701085700774,17225.568,False
2024-02-26,0.5,-0.2793588145664889,17468.06,False
2024-02-26,0.9,-1.7604898651032461,17728.71,False
2024-02-27,0.01,1.0296650870574893,17244.75,True
2024-02-27,0.05,1.0296650870574893,17244.75,True
2024-02-27,0.1,1.0296650870574893,17244.75,False
2024-02-27,0.5,-0.3076972169305213,17476.924,False
2024-02-27,0.9,-1.7575879127632483,17732.166,False
2024-02-28,0.01,1.1449417582801802,17356.625,True
2024-02-28,0.05,1.1449417582801802,17356.625,True
2024-02-28,0.1,1.1449417582801802,17356.625,False
2024-02-28,0.5,-0.19095281402563286,17590.047,False
2024-02-28,0.9,-1.6179588241667449,17842.857,False
2024-02-29,0.01,1.1725717550705128,17396.04,True
2024-02-29,0.05,1.1725717550705128,17396.04,True
2024-02-29,0.1,1.1725717550705128,17396.04,False
2024-02-29,0.5,-0.12083477261666449,17622.502,False
2024-02-29,0.9,-1.545690224377277,17875.395,False
2024-03-01,0.01,1.3032179396352987,17449.299,True
2024-03-01,0.05,1.3032179396352987,17449.299,True
2024-03-01,0.1,1.3032179396352987,17449.299,False
2024-03-01,0.5,-0.03504985416403651,17684.387,False
2024-03-01,0.9,-1.492774364729613,17944.064,False
2024-03-04,0.01,1.1669461733728717,17529.314,True
2024-03-04,0.05,1.1669461733728717,17529.314,True
2024-03-04,0.1,1.1669461733728717,17529.314,False
2024-03-04,0.5,-0.13944571633405867,17759.818,False
2024-03-04,0.9,-1.5468124947851807,18011.531,False
2024-03-05,0.01,1.1383099648079034,17515.648,True
2024-03-05,0.05,1.1383099648079034,17515.648,True
2024-03-05,0.1,1.1383099648079034,17515.648,False
2024-03-05,0.5,-0.10738741771955179,17735.205,False
2024-03-05,0.9,-1.4856658759179895,17981.338,False
2024-03-06,0.01,1.2125753249849067,17485.09,True
2024-03-06,0.05,1.2125753249849067,17485.09,True
2024-03-06,0.1,1.2125753249849067,17485.09,False
2024-03-06,0.5,-0.010119134889913076,17700.191,False
2024-03-06,0.9,-1.3739411008282572,17943.244,False
2024-03-07,0.01,1.188073934417274,17507.469,True
2024-03-07,0.05,1.188073934417274,17507.469,True
2024-03-07,0.1,1.188073934417274,17507.469,False
2024-03-07,0.5,-0.02814081337584688,17721.697,False
2024-03-07,0.9,-1.3732919793480092,17961.691,False
2024-03-08,0.01,1.0084458918522876,17663.818,True
2024-03-08,0.05,1.0084458918522876,17663.818,True
2024-03-08,0.1,1.0084458918522876,17663.818,False
2024-03-08,0.5,-0.2551053445125705,17888.426,False
2024-03-08,0.9,-1.6213463198270721,18134.502,False
2024-03-11,0.01,1.0192841669546382,17633.852,True
2024-03-11,0.05,1.0192841669546382,17633.852,True
2024-03-11,0.1,1.0192841669546382,17633.852,False
2024-03-11,0.5,-0.2252141841003304,17854.676,False
2024-03-11,0.9,-1.5566679218962498,18093.992,False
2024-03-12,0.01,1.0779332251430378,17556.004,True
2024-03-12,0.05,1.0779332251430378,17556.004,True
2024-03-12,0.1,1.0779332251430378,17556.004,False
2024-03-12,0.5,-0.21528434203475538,17784.516,False
2024-03-12,0.9,-1.5415739741090118,18021.96,False
2024-03-13,0.01,1.129715358444689,17763.297,True
2024-03-13,0.05,1.129715358444689,17763.297,True
2024-03-13,0.1,1.129715358444689,17763.297,False
2024-03-13,0.5,-0.29237063417080766,18017.71,False
2024-03-13,0.9,-1.6996365204028172,18273.06,False
2024-03-14,0.01,1.1043081023581744,17764.123,True
2024-03-14,0.05,1.1043081023581744,17764.123,True
2024-03-14,0.1,1.1043081023581744,17764.123,False
2024-03-14,0.5,-0.3102868653390974,18017.2,False
2024-03-14,0.9,-1.7616635374570804,18280.604,False
2024-03-15,0.01,1.1957572657861242,17728.773,True
2024-03-15,0.05,1.1957572657861242,17728.773,True
2024-03-15,0.1,1.1957572657861242,17728.773,False
2024-03-15,0.5,-0.21738052785325396,17981.084,False
2024-03-15,0.9,-1.6700347023095974,18244.193,False
2024-03-18,0.01,1.2192413895764662,17719.287,True
2024-03-18,0.05,1.2192413895764662,17719.287,True
2024-03-18,0.1,1.2192413895764662,17719.287,False
2024-03-18,0.5,-0.22684386363383144,17977.385,False
2024-03-18,0.9,-1.7207645048675113,18247.969,False
2024-03-19,0.01,1.231685421847689,17713.16,True
2024-03-19,0.05,1.231685421847689,17713.16,True
2024-03-19,0.1,1.231685421847689,17713.16,False
2024-03-19,0.5,-0.21329881349624202,17970.97,False
2024-03-19,0.9,-1.7123418907266947,18242.393,False
2024-03-20,0.01,1.2755065476612764,17759.516,True
2024-03-20,0.05,1.2755065476612764,17759.516,True
2024-03-20,0.1,1.2755065476612764,17759.516,False
2024-03-20,0.5,-0.17815523936521602,18019.564,False
2024-03-20,0.9,-1.6775104090697126,18291.777,False
2024-03-21,0.01,1.1562897431401638,17808.023,True
2024-03-21,0.05,1.1562897431401638,17808.023,True
2024-03-21,0.1,1.1562897431401638,17808.023,False
2024-03-21,0.5,-0.26525577791964766,18062.98,False
2024-03-21,0.9,-1.7295300329434986,18329.418,False
2024-03-22,0.01,1.298944468537124,17944.639,True
2024-03-22,0.05,1.298944468537124,17944.639,True
2024-03-22,0.1,1.298944468537124,17944.639,False
2024-03-22,0.5,-0.2512908284870194,18224.99,False
2024-03-22,0.9,-1.791020692874976,18507.777,False
2024-03-25,0.01,1.0548994735897421,18014.895,True
2024-03-25,0.05,1.0548994735897421,18014.895,True
2024-03-25,0.1,1.0548994735897421,18014.895,False
2024-03-25,0.5,-0.5579143430727184,18307.797,False
2024-03-25,0.9,-2.130217294099734,18597.926,False
2024-03-26,0.01,0.990159298350163,18081.387,True
2024-03-26,0.05,0.990159298350163,18081.387,True
2024-03-26,0.1,0.990159298350163,18081.387,False
2024-03-26,0.5,-0.6086176983324784,18372.791,False
2024-03-26,0.9,-2.168023652027981,18661.543,False
2024-03-27,0.01,1.1117918470481354,18181.086,True
2024-03-27,0.05,1.1117918470481354,18181.086,True
2024-03-27,0.1,1.1117918470481354,18181.086,False
2024-03-27,0.5,-0.5554521291047239,18486.75,False
2024-03-27,0.9,-2.167424000332241,18787.166,False
2024-03-28,0.01,1.2350872918907285,18250.285,True
2024-03-28,0.05,1.2350872918907285,18250.285,True
2024-03-28,0.1,1.2350872918907285,18250.285,False
2024-03-28,0.5,-0.45675406183853207,18561.678,False
2024-03-28,0.9,-2.104198856357777,18870.004,False
2024-04-02,0.01,1.1594546786634623,18279.316,True
2024-04-02,0.05,1.1594546786634623,18279.316,True
2024-04-02,0.1,1.1594546786634623,18279.316,False
2024-04-02,0.5,-0.538000577828026,18592.248,False
2024-04-02,0.9,-2.198051393571188,18903.465,False
2024-04-03,0.01,0.9235696141374079,18115.05,True
2024-04-03,0.05,0.9235696141374079,18115.05,True
2024-04-03,0.1,0.9235696141374079,18115.05,False
2024-04-03,0.5,-0.6396997642434618,18400.463,False
2024-04-03,0.9,-2.2727149202415173,18703.412,False
2024-04-04,0.01,1.2107638270659178,18146.672,True
2024-04-04,0.05,1.2107638270659178,18146.672,True
2024-04-04,0.1,1.2107638270659178,18146.672,False
2024-04-04,0.5,-0.35853365204478166,18433.693,False
2024-04-04,0.9,-1.9942055650764623,18737.688,False
2024-04-05,0.01,1.2469053796936553,18175.086,True
2024-04-05,0.05,1.2469053796936553,18175.086,True
2024-04-05,0.1,1.2469053796936553,18175.086,False
2024-04-05,0.5,-0.3303777265958971,18464.031,False
2024-04-05,0.9,-1.9636649031991784,18768.078,False
2024-04-08,0.01,1.439599505309344,17915.266,True
2024-04-08,0.05,1.439599505309344,17915.266,True
2024-04-08,0.1,1.439599505309344,17915.266,False
2024-04-08,0.5,-0.1203386703754491,18196.924,False
2024-04-08,0.9,-1.7520525704101682,18496.281,False
2024-04-09,0.01,1.303673143786447,18081.701,True
2024-04-09,0.05,1.303673143786447,18081.701,True
2024-04-09,0.1,1.303673143786447,18081.701,False
2024-04-09,0.5,-0.28033089077180945,18370.396,False
2024-04-09,0.9,-1.9518873382253605,18680.049,False
2024-04-10,0.01,1.396527658699113,17825.998,True
2024-04-10,0.05,1.396527658699113,17825.998,True
2024-04-10,0.1,1.396527658699113,17825.998,False
2024-04-10,0.5,-0.1822597009367452,18109.666,False
2024-04-10,0.9,-1.8428188336391884,18412.898,False
2024-04-11,0.01,1.4796461897077144,17831.496,True
2024-04-11,0.05,1.4796461897077144,17831.496,True
2024-04-11,0.1,1.4796461897077144,17831.496,False
2024-04-11,0.5,-0.08282939097931467,18112.297,False
2024-04-11,0.9,-1.7588341491117314,18418.418,False
2024-04-12,0.01,1.4669617436538929,17693.018,True
2024-04-12,0.05,1.4669617436538929,17693.018,True
2024-04-12,0.1,1.4669617436538929,17693.018,False
2024-04-12,0.5,-0.08635739687776788,17969.992,False
2024-04-12,0.9,-1.751346615635399,18271.695,False
2024-04-15,0.01,1.3993035461443104,17681.168,True
2024-04-15,0.05,1.3993035461443104,17681.168,True
2024-04-15,0.1,1.3993035461443104,17681.168,False
2024-04-15,0.5,-0.0953977363944199,17947.434,False
2024-04-15,0.9,-1.7196108438876014,18241.318,False
2024-04-16,0.01,1.236297699532811,17805.09,True
2024-04-16,0.05,1.236297699532811,17805.09,True
2024-04-16,0.1,1.236297699532811,17805.09,False
2024-04-16,0.5,-0.18489638932763486,18059.941,False
2024-04-16,0.9,-1.7361612465146954,18342.283,False
2024-04-17,0.01,1.457508614348111,17509.164,True
2024-04-17,0.05,1.457508614348111,17509.164,True
2024-04-17,0.1,1.457508614348111,17509.164,False
2024-04-17,0.5,-0.040953277675381254,17773.508,False
2024-04-17,0.9,-1.6511009372735312,18062.004,False
2024-04-18,0.01,1.3982721724951186,17523.275,True
2024-04-18,0.05,1.3982721724951186,17523.275,True
2024-04-18,0.1,1.3982721724951186,17523.275,False
2024-04-18,0.5,-0.06308014700351816,17781.232,False
2024-04-18,0.9,-1.627515846083958,18061.596,False
2024-04-19,0.01,1.1815942556673114,17627.875,True
2024-04-19,0.05,1.1815942556673114,17627.875,True
2024-04-19,0.1,1.1815942556673114,17627.875,False
2024-04-19,0.5,-0.22953573871037442,17878.39,False
2024-04-19,0.9,-1.739694376102478,18150.432,False
2024-04-22,0.01,1.2472510082518682,17517.504,True
2024-04-22,0.05,1.2472510082518682,17517.504,True
2024-04-22,0.1,1.2472510082518682,17517.504,False
2024-04-22,0.5,-0.17465277837702636,17768.365,False
2024-04-22,0.9,-1.7062384180852135,18042.598,False
2024-04-23,0.01,1.0754273061764945,17669.75,True
2024-04-23,0.05,1.0754273061764945,17669.75,True
2024-04-23,0.1,1.0754273061764945,17669.75,False
2024-04-23,0.5,-0.3429969608870065,17922.168,False
2024-04-23,0.9,-1.8634166354029897,18196.742,False
2024-04-24,0.01,0.6860843319638709,18013.637,True
2024-04-24,0.05,0.6860843319638709,18013.637,True
2024-04-24,0.1,0.6860843319638709,18013.637,False
2024-04-24,0.5,-0.9563046393500233,18311.934,False
2024-04-24,0.9,-2.5853876768532777,18612.693,False
2024-04-25,0.01,0.5817732308887111,17983.77,True
2024-04-25,0.05,0.5817732308887111,17983.77,True
2024-04-25,0.1,0.5817732308887111,17983.77,False
2024-04-25,0.5,-0.9594256135980442,18263.082,False
2024-04-25,0.9,-2.536684896905573,18553.422,False
2024-04-26,0.01,1.04129387403763,17731.676,True
2024-04-26,0.05,1.04129387403763,17731.676,True
2024-04-26,0.1,1.04129387403763,17731.676,False
2024-04-26,0.5,-0.3597214443975072,17981.848,False
2024-04-26,0.9,-1.9028057100864026,18261.475,False
2024-04-29,0.01,0.7954714575135241,18017.117,True
2024-04-29,0.05,0.7954714575135241,18017.117,True
2024-04-29,0.1,0.7954714575135241,18017.117,False
2024-04-29,0.5,-0.6611789401481297,18281.484,False
2024-04-29,0.9,-2.2011106563004814,18565.186,False
2024-04-30,0.01,0.9140909671485808,17953.457,True
2024-04-30,0.05,0.9140909671485808,17953.457,True
2024-04-30,0.1,0.9140909671485808,17953.457,False
2024-04-30,0.5,-0.5055125037307352,18210.143,False
2024-04-30,0.9,-2.018242808665301,18487.707,False
2024-05-02,0.01,1.001868320298552,17753.41,True
2024-05-02,0.05,1.001868320298552,17753.41,True
2024-05-02,0.1,1.001868320298552,17753.41,False
2024-05-02,0.5,-0.3837519792058388,18001.117,False
2024-05-02,0.9,-1.9333914313334286,18282.242,False
2024-05-03,0.01,1.1343358820077438,17694.64,True
2024-05-03,0.05,1.1343358820077438,17694.64,True
2024-05-03,0.1,1.1343358820077438,17694.64,False
2024-05-03,0.5,-0.2610795942051126,17943.285,False
2024-05-03,0.9,-1.8010558143258666,18221.746,False
2024-05-06,0.01,1.1219481286005033,17800.76,True
2024-05-06,0.05,1.1219481286005033,17800.76,True
2024-05-06,0.1,1.1219481286005033,17800.76,False
2024-05-06,0.5,-0.25354030337320715,18047.299,False
2024-05-06,0.9,-1.8019941153455357,18328.928,False
2024-05-07,0.01,1.1496885194053845,17967.45,True
2024-05-07,0.05,1.1496885194053845,17967.45,True
2024-05-07,0.1,1.1496885194053845,17967.45,False
2024-05-07,0.5,-0.34716174481989315,18238.418,False
2024-05-07,0.9,-1.9475327827477036,18532.648,False
2024-05-08,0.01,1.2487103261194394,18201.344,True
2024-05-08,0.05,1.2487103261194394,18201.344,True
2024-05-08,0.1,1.2487103261194394,18201.344,False
2024-05-08,0.5,-0.41717885652614184,18507.098,False
2024-05-08,0.9,-2.106535118659193,18822.404,False
2024-05-09,0.01,1.1609098582211528,18284.873,True
2024-05-09,0.05,1.1609098582211528,18284.873,True
2024-05-09,0.1,1.1609098582211528,18284.873,False
2024-05-09,0.5,-0.42478831340319695,18577.127,False
2024-05-09,0.9,-2.0467952955809126,18880.906,False
2024-05-10,0.01,1.5838210120728016,18392.969,True
2024-05-10,0.05,1.5838210120728016,18392.969,True
2024-05-10,0.1,1.5838210120728016,18392.969,False
2024-05-10,0.5,-0.10798408918751244,18706.79,False
2024-05-10,0.9,-1.7831016221808709,19022.79,False
2024-05-13,0.01,1.5683591763694023,18480.72,True
2024-05-13,0.05,1.5683591763694023,18480.72,True
2024-05-13,0.1,1.5683591763694023,18480.72,False
2024-05-13,0.5,-0.1263597972008892,18796.586,False
2024-05-13,0.9,-1.7830660580263156,19110.584,False
2024-05-14,0.01,1.426759398182226,18476.713,True
2024-05-14,0.05,1.426759398182226,18476.713,True
2024-05-14,0.1,1.426759398182226,18476.713,False
2024-05-14,0.5,-0.1523846075936604,18770.803,False
2024-05-14,0.9,-1.7233996005383228,19068.023,False
2024-05-15,0.01,1.4623444045089815,18444.713,True
2024-05-15,0.05,1.4623444045089815,18444.713,True
2024-05-15,0.1,1.4623444045089815,18444.713,False
2024-05-15,0.5,-0.08107071359931749,18731.6,False
2024-05-15,0.9,-1.6325694277010405,19024.486,False
2024-05-16,0.01,1.5388188566497445,18581.217,True
2024-05-16,0.05,1.5388188566497445,18581.217,True
2024-05-16,0.1,1.5388188566497445,18581.217,False
2024-05-16,0.5,-0.0686434786834408,18882.316,False
2024-05-16,0.9,-1.6327234401991524,19179.973,False
2024-05-17,0.01,1.3049069195360186,18495.875,True
2024-05-17,0.05,1.3049069195360186,18495.875,True
2024-05-17,0.1,1.3049069195360186,18495.875,False
2024-05-17,0.5,-0.27534761614004427,18790.479,False
2024-05-17,0.9,-1.8137317491877483,19081.783,False
2024-05-20,0.01,1.375434503737241,18448.914,True
2024-05-20,0.05,1.375434503737241,18448.914,True
2024-05-20,0.1,1.375434503737241,18448.914,False
2024-05-20,0.5,-0.14622793248444835,18731.791,False
2024-05-20,0.9,-1.675348476570356,19020.424,False
2024-05-21,0.01,1.3622433172024788,18515.016,True
2024-05-21,0.05,1.3622433172024788,18515.016,True
2024-05-21,0.1,1.3622433172024788,18515.016,False
2024-05-21,0.5,-0.1483959120150891,18796.834,False
2024-05-21,0.9,-1.6719890217688949,19085.414,False
2024-05-22,0.01,1.1516820184746515,18512.324,True
2024-05-22,0.05,1.1516820184746515,18512.324,True
2024-05-22,0.1,1.1516820184746515,18512.324,False
2024-05-22,0.5,-0.32592500658155427,18787.895,False
2024-05-22,0.9,-1.8013167771252825,19067.145,False
2024-05-23,0.01,1.4971735273189697,18402.607,True
2024-05-23,0.05,1.4971735273189697,18402.607,True
2024-05-23,0.1,1.4971735273189697,18402.607,False
2024-05-23,0.5,0.047835306902806164,18671.266,False
2024-05-23,0.9,-1.4085637745968558,18945.184,False
2024-05-24,0.01,1.5435303077139666,18405.03,True
2024-05-24,0.05,1.5435303077139666,18405.03,True
2024-05-24,0.1,1.5435303077139666,18405.03,False
2024-05-24,0.5,0.09856520894382748,18672.906,False
2024-05-24,0.9,-1.4082879453920356,18956.41,False
2024-05-27,0.01,1.6834239793305406,18381.314,True
2024-05-27,0.05,1.6834239793305406,18381.314,True
2024-05-27,0.1,1.6834239793305406,18381.314,False
2024-05-27,0.5,0.21981082534123764,18652.324,False
2024-05-27,0.9,-1.3073909326350648,18939.37,False
2024-05-28,0.01,1.5796475927516116,18480.467,True
2024-05-28,0.05,1.5796475927516116,18480.467,True
2024-05-28,0.1,1.5796475927516116,18480.467,False
2024-05-28,0.5,0.09743993545288594,18756.426,False
2024-05-28,0.9,-1.4587877764927657,19050.602,False
2024-05-29,0.01,1.7060829432623232,18361.912,True
2024-05-29,0.05,1.7060829432623232,18361.912,True
2024-05-29,0.1,1.7060829432623232,18361.912,False
2024-05-29,0.5,0.2472344704642874,18631.748,False
2024-05-29,0.9,-1.3162195563710275,18925.336,False
2024-05-30,0.01,1.8592802463979712,18132.992,True
2024-05-30,0.05,1.8592802463979712,18132.992,True
2024-05-30,0.1,1.8592802463979712,18132.992,False
2024-05-30,0.5,0.3867136750859225,18401.988,False
2024-05-30,0.9,-1.1809789373338127,18692.748,False
2024-05-31,0.01,1.8980183432244988,18149.027,True
2024-05-31,0.05,1.8980183432244988,18149.027,True
2024-05-31,0.1,1.8980183432244988,18149.027,False
2024-05-31,0.5,0.5140770299044174,18401.945,False
2024-05-31,0.9,-0.9914934733597033,18681.096,False
2024-06-03,0.01,2.0572014350445618,18121.287,True
2024-06-03,0.05,2.0572014350445618,18121.287,True
2024-06-03,0.1,2.0572014350445618,18121.287,False
2024-06-03,0.5,0.635723005985379,18380.717,False
2024-06-03,0.9,-0.8851899096733222,18662.408,False
2024-06-04,0.01,1.715871297896506,18291.592,True
2024-06-04,0.05,1.715871297896506,18291.592,True
2024-06-04,0.1,1.715871297896506,18291.592,False
2024-06-04,0.5,0.24321651165319608,18562.957,False
2024-06-04,0.9,-1.2726188606228281,18846.484,False
2024-06-05,0.01,1.8626103278655306,18065.988,True
2024-06-05,0.05,1.8626103278655306,18065.988,True
2024-06-05,0.1,1.8626103278655306,18065.988,False
2024-06-05,0.5,0.4493569821516546,18323.12,False
2024-06-05,0.9,-1.0644056563064104,18602.598,False
2024-06-06,0.01,1.684917451094289,18265.572,True
2024-06-06,0.05,1.684917451094289,18265.572,True
2024-06-06,0.1,1.684917451094289,18265.572,False
2024-06-06,0.5,0.21636529827872508,18535.791,False
2024-06-06,0.9,-1.3135054618256454,18821.545,False
2024-06-07,0.01,1.5295169170574687,18369.545,True
2024-06-07,0.05,1.5295169170574687,18369.545,True
2024-06-07,0.1,1.5295169170574687,18369.545,False
2024-06-07,0.5,0.04508790883100863,18644.262,False
2024-06-07,0.9,-1.4888250908178822,18932.453,False
2024-06-10,0.01,1.610797392720679,18260.744,True
2024-06-10,0.05,1.610797392720679,18260.744,True
2024-06-10,0.1,1.610797392720679,18260.744,False
2024-06-10,0.5,0.1805377708126356,18523.797,False
2024-06-10,0.9,-1.371589948345707,18813.553,False
2024-06-11,0.01,1.5603204610438737,18208.55,True
2024-06-11,0.05,1.5603204610438737,18208.55,True
2024-06-11,0.1,1.5603204610438737,18208.55,False
2024-06-11,0.5,0.17139341426712973,18463.219,False
2024-06-11,0.9,-1.3494428270621321,18746.16,False
2024-06-12,0.01,1.7121395464352727,18058.098,True
2024-06-12,0.05,1.7121395464352727,18058.098,True
2024-06-12,0.1,1.7121395464352727,18058.098,False
2024-06-12,0.5,0.32628044226129216,18310.1,False
2024-06-12,0.9,-1.2229115071804757,18595.967,False
2024-06-13,0.01,1.6165924922318782,18332.096,True
2024-06-13,0.05,1.6165924922318782,18332.096,True
2024-06-13,0.1,1.6165924922318782,18332.096,False
2024-06-13,0.5,0.2308669847528161,18587.896,False
2024-06-13,0.9,-1.2802900082500543,18870.922,False
2024-06-14,0.01,1.739774199153917,17950.646,True
2024-06-14,0.05,1.739774199153917,17950.646,True
2024-06-14,0.1,1.739774199153917,17950.646,False
2024-06-14,0.5,0.3607536464427959,18199.904,False
2024-06-14,0.9,-1.1796345023561943,18482.424,False
2024-06-17,0.01,2.361629462303181,17581.86,True
2024-06-17,0.05,2.361629462303181,17581.86,True
2024-06-17,0.1,2.361629462303181,17581.86,False
2024-06-17,0.5,0.6450594574899301,17886.27,False
2024-06-17,0.9,-1.1829783426030136,18216.244,False
2024-06-18,0.01,1.83473090228074,17739.73,True
2024-06-18,0.05,1.83473090228074,17739.73,True
2024-06-18,0.1,1.83473090228074,17739.73,False
2024-06-18,0.5,0.3354800011656041,18007.697,False
2024-06-18,0.9,-1.2795634325919707,18300.89,False
2024-06-19,0.01,1.370102173359911,17885.238,True
2024-06-19,0.05,1.370102173359911,17885.238,True
2024-06-19,0.1,1.370102173359911,17885.238,False
2024-06-19,0.5,-0.03859839207648838,18138.97,False
2024-06-19,0.9,-1.5763388452927412,18420.057,False
2024-06-20,0.01,1.2700777440631008,17839.885,True
2024-06-20,0.05,1.2700777440631008,17839.885,True
2024-06-20,0.1,1.2700777440631008,17839.885,False
2024-06-20,0.5,-0.1328412020517904,18091.928,False
2024-06-20,0.9,-1.6468215227954959,18367.92,False
2024-06-21,0.01,1.3002440830887145,18018.367,True
2024-06-21,0.05,1.3002440830887145,18018.367,True
2024-06-21,0.1,1.3002440830887145,18018.367,False
2024-06-21,0.5,-0.14824008409045764,18281.26,False
2024-06-21,0.9,-1.645163033162362,18556.975,False
2024-06-24,0.01,1.1204482395723445,17961.143,True
2024-06-24,0.05,1.1204482395723445,17961.143,True
2024-06-24,0.1,1.1204482395723445,17961.143,False
2024-06-24,0.5,-0.2501137952279286,18209.006,False
2024-06-24,0.9,-1.6764039039832188,18470.58,False
2024-06-25,0.01,1.3193761706720495,18085.385,True
2024-06-25,0.05,1.3193761706720495,18085.385,True
2024-06-25,0.1,1.3193761706720495,18085.385,False
2024-06-25,0.5,-0.11596546962701307,18346.844,False
2024-06-25,0.9,-1.537125708724428,18609.443,False
2024-06-26,0.01,1.1043309418422111,17977.982,True
2024-06-26,0.05,1.1043309418422111,17977.982,True
2024-06-26,0.1,1.1043309418422111,17977.982,False
2024-06-26,0.5,-0.27359296183710263,18227.42,False
2024-06-26,0.9,-1.68782472858959,18487.03,False
2024-06-27,0.01,1.406207298646444,17901.727,True
2024-06-27,0.05,1.406207298646444,17901.727,True
2024-06-27,0.1,1.406207298646444,17901.727,False
2024-06-27,0.5,0.04996147001835806,18146.172,False
2024-06-27,0.9,-1.350160308374394,18402.027,False
2024-06-28,0.01,1.1688953560144417,17998.928,True
2024-06-28,0.05,1.1688953560144417,17998.928,True
2024-06-28,0.1,1.1688953560144417,17998.928,False
2024-06-28,0.5,-0.19890537919136697,18246.809,False
2024-06-28,0.9,-1.5919497019180444,18502.773,False
2024-07-01,0.01,1.1637465868021906,18024.465,True
2024-07-01,0.05,1.1637465868021906,18024.465,True
2024-07-01,0.1,1.1637465868021906,18024.465,False
2024-07-01,0.5,-0.1925195762462237,18270.59,False
2024-07-01,0.9,-1.5889710087887101,18527.52,False
2024-07-02,0.01,1.1163308672364192,18087.611,True
2024-07-02,0.05,1.1163308672364192,18087.611,True
2024-07-02,0.1,1.1163308672364192,18087.611,False
2024-07-02,0.5,-0.25840019846690737,18337.984,False
2024-07-02,0.9,-1.6485576129499424,18594.691,False
2024-07-03,0.01,0.9834654735770177,17986.299,True
2024-07-03,0.05,0.9834654735770177,17986.299,True
2024-07-03,0.1,0.9834654735770177,17986.299,False
2024-07-03,0.5,-0.3481674242443028,18227.412,False
2024-07-03,0.9,-1.7428423541024287,18483.406,False
2024-07-04,0.01,0.9414743107847741,18202.35,True
2024-07-04,0.05,0.9414743107847741,18202.35,True
2024-07-04,0.1,0.9414743107847741,18202.35,False
2024-07-04,0.5,-0.4616994822406891,18459.56,False
2024-07-04,0.9,-1.8293328244585148,18713.754,False
2024-07-05,0.01,0.7807978319143217,18306.98,True
2024-07-05,0.05,0.7807978319143217,18306.98,True
2024-07-05,0.1,0.7807978319143217,18306.98,False
2024-07-05,0.5,-0.5951884316429877,18560.623,False
2024-07-05,0.9,-1.952186578107527,18814.207,False
2024-07-08,0.01,0.8096493436218899,18326.467,True
2024-07-08,0.05,0.8096493436218899,18326.467,True
2024-07-08,0.1,0.8096493436218899,18326.467,False
2024-07-08,0.5,-0.5657037842009125,18580.262,False
2024-07-08,0.9,-1.8867797653143397,18827.35,False
2024-07-09,0.01,0.9056193041031202,18305.52,True
2024-07-09,0.05,0.9056193041031202,18305.52,True
2024-07-09,0.1,0.9056193041031202,18305.52,False
2024-07-09,0.5,-0.4813044039992852,18561.172,False
2024-07-09,0.9,-1.8200738549551787,18811.334,False
2024-07-10,0.01,0.9409955475259869,18065.393,True
2024-07-10,0.05,0.9409955475259869,18065.393,True
2024-07-10,0.1,0.9409955475259869,18065.393,False
2024-07-10,0.5,-0.3780919664329574,18305.27,False
2024-07-10,0.9,-1.7647608927191698,18560.871,False
2024-07-11,0.01,1.022248214010254,18220.012,True
2024-07-11,0.05,1.022248214010254,18220.012,True
2024-07-11,0.1,1.022248214010254,18220.012,False
2024-07-11,0.5,-0.26846003601976426,18456.703,False
2024-07-11,0.9,-1.612668257793556,18706.475,False
2024-07-12,0.01,0.97749075148395,18354.27,True
2024-07-12,0.05,0.97749075148395,18354.27,True
2024-07-12,0.1,0.97749075148395,18354.27,False
2024-07-12,0.5,-0.33877256680842605,18597.457,False
2024-07-12,0.9,-1.6761701354046283,18847.85,False
2024-07-15,0.01,0.9947039914087374,18562.615,True
2024-07-15,0.05,0.9947039914087374,18562.615,True
2024-07-15,0.1,0.9947039914087374,18562.615,False
2024-07-15,0.5,-0.5144743836600183,18844.883,False
2024-07-15,0.9,-1.9435964035538706,19116.133,False
2024-07-16,0.01,0.7462003107595006,18452.682,True
2024-07-16,0.05,0.7462003107595006,18452.682,True
2024-07-16,0.1,0.7462003107595006,18452.682,False
2024-07-16,0.5,-0.5672674912313299,18696.65,False
2024-07-16,0.9,-1.9087077632072253,18949.145,False
2024-07-17,0.01,0.9403513435310817,18344.71,True
2024-07-17,0.05,0.9403513435310817,18344.71,True
2024-07-17,0.1,0.9403513435310817,18344.71,False
2024-07-17,0.5,-0.3787053102079586,18588.291,False
2024-07-17,0.9,-1.773856935121731,18849.443,False
2024-07-18,0.01,1.120525013016061,18231.86,True
2024-07-18,0.05,1.120525013016061,18231.86,True
2024-07-18,0.1,1.120525013016061,18231.86,False
2024-07-18,0.5,-0.16343804988702026,18467.459,False
2024-07-18,0.9,-1.568811880384587,18728.828,False
2024-07-19,0.01,1.410853821011399,18097.62,True
2024-07-19,0.05,1.410853821011399,18097.62,True
2024-07-19,0.1,1.410853821011399,18097.62,False
2024-07-19,0.5,0.13414490980049565,18330.154,False
2024-07-19,0.9,-1.2768282636896677,18590.621,False
2024-07-22,0.01,1.5672755091027033,17889.346,True
2024-07-22,0.05,1.5672755091027033,17889.346,True
2024-07-22,0.1,1.5672755091027033,17889.346,False
2024-07-22,0.5,0.1986273188087317,18135.871,False
2024-07-22,0.9,-1.2647290509478746,18403.215,False
2024-07-23,0.01,1.1905160467873346,18189.23,True
2024-07-23,0.05,1.1905160467873346,18189.23,True
2024-07-23,0.1,1.1905160467873346,18189.23,False
2024-07-23,0.5,-0.05942366435289846,18418.012,False
2024-07-23,0.9,-1.4343260334167476,18672.99,False
2024-07-24,0.01,1.0499867383602655,18363.865,True
2024-07-24,0.05,1.0499867383602655,18363.865,True
2024-07-24,0.1,1.0499867383602655,18363.865,False
2024-07-24,0.5,-0.28802221010542334,18611.227,False
2024-07-24,0.9,-1.6909768314943712,18874.174,False
2024-07-25,0.01,1.0183946543310725,18201.154,True
2024-07-25,0.05,1.0183946543310725,18201.154,True
2024-07-25,0.1,1.0183946543310725,18201.154,False
2024-07-25,0.5,-0.26345123425280176,18435.967,False
2024-07-25,0.9,-1.6549222446841483,18694.291,False
2024-07-26,0.01,1.068130455506681,18104.307,True
2024-07-26,0.05,1.068130455506681,18104.307,True
2024-07-26,0.1,1.068130455506681,18104.307,False
2024-07-26,0.5,-0.19935404227409853,18335.236,False
2024-07-26,0.9,-1.6031116305268611,18594.434,False
2024-07-29,0.01,1.092353046865856,18217.46,True
2024-07-29,0.05,1.092353046865856,18217.46,True
2024-07-29,0.1,1.092353046865856,18217.46,False
2024-07-29,0.5,-0.11522782614904602,18438.785,False
2024-07-29,0.9,-1.4397040893441726,18684.627,False
2024-07-30,0.01,1.1145243993756973,18117.615,True
2024-07-30,0.05,1.1145243993756973,18117.615,True
2024-07-30,0.1,1.1145243993756973,18117.615,False
2024-07-30,0.5,-0.08545221645827611,18336.332,False
2024-07-30,0.9,-1.4073151629087923,18580.322,False
2024-07-31,0.01,1.1215658667262876,18205.84,True
2024-07-31,0.05,1.1215658667262876,18205.84,True
2024-07-31,0.1,1.1215658667262876,18205.84,False
2024-07-31,0.5,-0.1171961566494571,18432.77,False
2024-07-31,0.9,-1.439749082975766,18678.172,False
2024-08-01,0.01,1.0461403894524202,18316.033,True
2024-08-01,0.05,1.0461403894524202,18316.033,True
2024-08-01,0.1,1.0461403894524202,18316.033,False
2024-08-01,0.5,-0.2000439844467843,18545.713,False
2024-08-01,0.9,-1.4988784992886266,18788.162,False
2024-08-02,0.01,1.2901654256493504,17851.248,True
2024-08-02,0.05,1.2901654256493504,17851.248,True
2024-08-02,0.1,1.2901654256493504,17851.248,False
2024-08-02,0.5,-0.07786547934111428,18097.137,False
2024-08-02,0.9,-1.5715432367085138,18369.479,False
2024-08-05,0.01,1.874379161853606,17333.266,True
2024-08-05,0.05,1.874379161853606,17333.266,True
2024-08-05,0.1,1.874379161853606,17333.266,False
2024-08-05,0.5,0.008781099363888073,17659.67,False
2024-08-05,0.9,-1.8854707176657433,17997.377,False
2024-08-06,0.01,2.392348037980851,16929.113,True
2024-08-06,0.05,2.392348037980851,16929.113,True
2024-08-06,0.1,2.392348037980851,16929.113,False
2024-08-06,0.5,0.1461377142233155,17313.68,False
2024-08-06,0.9,-2.020846338189795,17692.959,False
2024-08-07,0.01,2.045260464172785,17002.984,True
2024-08-07,0.05,2.045260464172785,17002.984,True
2024-08-07,0.1,2.045260464172785,17002.984,False
2024-08-07,0.5,0.067526698296025,17342.605,False
2024-08-07,0.9,-1.8276575835473787,17674.414,False
2024-08-08,0.01,1.4220110106449295,17366.434,True
2024-08-08,0.05,1.4220110106449295,17366.434,True
2024-08-08,0.1,1.4220110106449295,17366.434,False
2024-08-08,0.5,-0.2828032135516268,17665.037,False
2024-08-08,0.9,-1.9236541480771066,17957.285,False
2024-08-09,0.01,1.3743034205946776,17439.08,True
2024-08-09,0.05,1.3743034205946776,17439.08,True
2024-08-09,0.1,1.3743034205946776,17439.08,False
2024-08-09,0.5,-0.2651258158398489,17727.338,False
2024-08-09,0.9,-1.8604269975913375,18012.41,False
2024-08-12,0.01,1.3146484805229075,17491.412,True
2024-08-12,0.05,1.3146484805229075,17491.412,True
2024-08-12,0.1,1.3146484805229075,17491.412,False
2024-08-12,0.5,-0.24573833882751564,17766.486,False
2024-08-12,0.9,-1.730585432999638,18032.26,False
2024-08-13,0.01,1.4970211661898725,17463.078,True
2024-08-13,0.05,1.4970211661898725,17463.078,True
2024-08-13,0.1,1.4970211661898725,17463.078,False
2024-08-13,0.5,-0.08140183409217958,17740.906,False
2024-08-13,0.9,-1.5770401586449247,18008.24,False
2024-08-14,0.01,1.6373083971168971,17522.787,True
2024-08-14,0.05,1.6373083971168971,17522.787,True
2024-08-14,0.1,1.6373083971168971,17522.787,False
2024-08-14,0.5,0.10798864025593545,17792.826,False
2024-08-14,0.9,-1.3715400164362217,18058.033,False
2024-08-15,0.01,1.343153952053501,17646.975,True
2024-08-15,0.05,1.343153952053501,17646.975,True
2024-08-15,0.1,1.343153952053501,17646.975,False
2024-08-15,0.5,-0.15532689990210585,17913.402,False
2024-08-15,0.9,-1.61106577178021,18176.082,False
2024-08-16,0.01,1.0666233616686294,17990.324,True
2024-08-16,0.05,1.0666233616686294,17990.324,True
2024-08-16,0.1,1.0666233616686294,17990.324,False
2024-08-16,0.5,-0.399605718359295,18256.047,False
2024-08-16,0.9,-1.798174640183035,18513.164,False
2024-08-19,0.01,1.2193554453274016,18100.342,True
2024-08-19,0.05,1.2193554453274016,18100.342,True
2024-08-19,0.1,1.2193554453274016,18100.342,False
2024-08-19,0.5,-0.2279761856857411,18364.219,False
2024-08-19,0.9,-1.583609132116591,18614.865,False
2024-08-20,0.01,1.3175393879406516,18180.568,True
2024-08-20,0.05,1.3175393879406516,18180.568,True
2024-08-20,0.1,1.3175393879406516,18180.568,False
2024-08-20,0.5,-0.01742868212089027,18424.9,False
2024-08-20,0.9,-1.2713707404169035,18657.393,False
2024-08-21,0.01,1.1487522281015412,18147.844,True
2024-08-21,0.05,1.1487522281015412,18147.844,True
2024-08-21,0.1,1.1487522281015412,18147.844,False
2024-08-21,0.5,-0.1778597269520675,18390.2,False
2024-08-21,0.9,-1.3881426834987192,18614.125,False
2024-08-22,0.01,1.115723995200224,18244.254,True
2024-08-22,0.05,1.115723995200224,18244.254,True
2024-08-22,0.1,1.115723995200224,18244.254,False
2024-08-22,0.5,-0.255225078585325,18496.096,False
2024-08-22,0.9,-1.494327251441479,18726.707,False
2024-08-23,0.01,0.6298217684119337,18377.281,True
2024-08-23,0.05,0.6298217684119337,18377.281,True
2024-08-23,0.1,0.6298217684119337,18377.281,False
2024-08-23,0.5,-0.69649882891285,18622.646,False
2024-08-23,0.9,-1.8884486870344688,18845.947,False
2024-08-26,0.01,0.4721959804640602,18545.322,True
2024-08-26,0.05,0.4721959804640602,18545.322,True
2024-08-26,0.1,0.4721959804640602,18545.322,False
2024-08-26,0.5,-0.8626076712714412,18794.525,False
2024-08-26,0.9,-2.0799059056727267,19024.709,False
2024-08-27,0.01,0.7666181473880667,18474.844,True
2024-08-27,0.05,0.7666181473880667,18474.844,True
2024-08-27,0.1,0.7666181473880667,18474.844,False
2024-08-27,0.5,-0.5969402636650207,18728.484,False
2024-08-27,0.9,-1.8603943888817573,18966.611,False
2024-08-28,0.01,1.0847652507036545,18480.252,True
2024-08-28,0.05,1.0847652507036545,18480.252,True
2024-08-28,0.1,1.0847652507036545,18480.252,False
2024-08-28,0.5,-0.3268746454480003,18742.977,False
2024-08-28,0.9,-1.598721315922903,18982.88,False
2024-08-29,0.01,0.9290011412662119,18608.61,True
2024-08-29,0.05,0.9290011412662119,18608.61,True
2024-08-29,0.1,0.9290011412662119,18608.61,False
2024-08-29,0.5,-0.43399537584977166,18863.98,False
2024-08-29,0.9,-1.6417957431861352,19093.201,False
2024-08-30,0.01,0.9547942028222647,18732.854,True
2024-08-30,0.05,0.9547942028222647,18732.854,True
2024-08-30,0.1,0.9547942028222647,18732.854,False
2024-08-30,0.5,-0.48121006169963765,19003.799,False
2024-08-30,0.9,-1.7166069542568168,19240.027,False
2024-09-02,0.01,1.027069312787006,18713.727,True
2024-09-02,0.05,1.027069312787006,18713.727,True
2024-09-02,0.1,1.027069312787006,18713.727,False
2024-09-02,0.5,-0.3881163713987009,18980.443,False
2024-09-02,0.9,-1.6290183137117826,19217.44,False
2024-09-03,0.01,1.1352191713152617,18717.158,True
2024-09-03,0.05,1.1352191713152617,18717.158,True
2024-09-03,0.1,1.1352191713152617,18717.158,False
2024-09-03,0.5,-0.24139806131323174,18976.604,False
2024-09-03,0.9,-1.4495067762376281,19207.252,False
2024-09-04,0.01,1.5172151080519203,18464.822,True
2024-09-04,0.05,1.5172151080519203,18464.822,True
2024-09-04,0.1,1.5172151080519203,18464.822,False
2024-09-04,0.5,0.15170087710558036,18718.691,False
2024-09-04,0.9,-1.0848663146716424,18951.598,False
2024-09-05,0.01,2.0009928370117214,18223.525,True
2024-09-05,0.05,2.0009928370117214,18223.525,True
2024-09-05,0.1,2.0009928370117214,18223.525,False
2024-09-05,0.5,0.5821919603368949,18483.924,False
2024-09-05,0.9,-0.7238347870122813,18726.912,False
2024-09-06,0.01,1.9441769338392385,18218.828,True
2024-09-06,0.05,1.9441769338392385,18218.828,True
2024-09-06,0.1,1.9441769338392385,18218.828,False
2024-09-06,0.5,0.5614095632476778,18472.502,False
2024-09-06,0.9,-0.7465569736934056,18715.703,False
2024-09-09,0.01,1.9726464096688527,17944.406,True
2024-09-09,0.05,1.9726464096688527,17944.406,True
2024-09-09,0.1,1.9726464096688527,17944.406,False
2024-09-09,0.5,0.4537215291846701,18219.049,False
2024-09-09,0.9,-0.9623603884161159,18478.88,False
2024-09-10,0.01,1.3772109050178878,18191.295,True
2024-09-10,0.05,1.3772109050178878,18191.295,True
2024-09-10,0.1,1.3772109050178878,18191.295,False
2024-09-10,0.5,-0.0063854089931661105,18444.738,False
2024-09-10,0.9,-1.3067445451209425,18686.152,False
2024-09-11,0.01,1.7177425271638875,17954.838,True
2024-09-11,0.05,1.7177425271638875,17954.838,True
2024-09-11,0.1,1.7177425271638875,17954.838,False
2024-09-11,0.5,0.29760398515159986,18211.64,False
2024-09-11,0.9,-1.0530797555383322,18459.291,False
2024-09-12,0.01,1.679007376997113,18025.072,True
2024-09-12,0.05,1.679007376997113,18025.072,True
2024-09-12,0.1,1.679007376997113,18025.072,False
2024-09-12,0.5,0.30972472428830106,18273.584,False
2024-09-12,0.9,-0.988334016987096,18512.332,False
2024-09-13,0.01,1.2407514441101912,18290.043,True
2024-09-13,0.05,1.2407514441101912,18290.043,True
2024-09-13,0.1,1.2407514441101912,18290.043,False
2024-09-13,0.5,-0.1450523912549677,18545.271,False
2024-09-13,0.9,-1.462763344371659,18791.262,False
2024-09-16,0.01,1.1839067071006766,18479.322,True
2024-09-16,0.05,1.1839067071006766,18479.322,True
2024-09-16,0.1,1.1839067071006766,18479.322,False
2024-09-16,0.5,-0.25658260978026204,18747.441,False
2024-09-16,0.9,-1.597424710896708,19000.508,False
2024-09-17,0.01,1.2227826384068028,18406.654,True
2024-09-17,0.05,1.2227826384068028,18406.654,True
2024-09-17,0.1,1.2227826384068028,18406.654,False
2024-09-17,0.5,-0.14970729855663534,18661.025,False
2024-09-17,0.9,-1.456921843832442,18906.566,False
2024-09-18,0.01,1.425786800025345,18460.98,True
2024-09-18,0.05,1.425786800025345,18460.98,True
2024-09-18,0.1,1.425786800025345,18460.98,False
2024-09-18,0.5,0.011254573616604943,18723.973,False
2024-09-18,0.9,-1.3551521852470683,18981.574,False
2024-09-19,0.01,1.5898950397876144,18416.35,True
2024-09-19,0.05,1.5898950397876144,18416.35,True
2024-09-19,0.1,1.5898950397876144,18416.35,False
2024-09-19,0.5,0.1664174098319645,18680.377,False
2024-09-19,0.9,-1.2408237733868561,18945.113,False
2024-09-20,0.01,1.467898711472459,18725.482,True
2024-09-20,0.05,1.467898711472459,18725.482,True
2024-09-20,0.1,1.467898711472459,18725.482,False
2024-09-20,0.5,0.021442868714471795,18998.307,False
2024-09-20,0.9,-1.3693762521428823,19264.385,False
2024-09-23,0.01,1.5822226190882929,18426.148,True
2024-09-23,0.05,1.5822226190882929,18426.148,True
2024-09-23,0.1,1.5822226190882929,18426.148,False
2024-09-23,0.5,0.16091783106186566,18689.91,False
2024-09-23,0.9,-1.2495776209437508,18955.398,False
2024-09-24,0.01,1.381573418034676,18588.197,True
2024-09-24,0.05,1.381573418034676,18588.197,True
2024-09-24,0.1,1.381573418034676,18588.197,False
2024-09-24,0.5,0.0018653881987375819,18846.438,False
2024-09-24,0.9,-1.3714042150353192,19107.035,False
2024-09-25,0.01,1.0777180177571402,18793.0,True
2024-09-25,0.05,1.0777180177571402,18793.0,True
2024-09-25,0.1,1.0777180177571402,18793.0,False
2024-09-25,0.5,-0.35911188183307596,19064.973,False
2024-09-25,0.9,-1.7193741798541737,19326.078,False
2024-09-26,0.01,0.9828165409519696,18733.477,True
2024-09-26,0.05,0.9828165409519696,18733.477,True
2024-09-26,0.1,0.9828165409519696,18733.477,False
2024-09-26,0.5,-0.41910666102031496,18997.955,False
2024-09-26,0.9,-1.7460266069407082,19251.723,False
2024-09-27,0.01,1.288750945028576,18992.016,True
2024-09-27,0.05,1.288750945028576,18992.016,True
2024-09-27,0.1,1.288750945028576,18992.016,False
2024-09-27,0.5,-0.28616766591143794,19293.492,False
2024-09-27,0.9,-1.6871423940205041,19565.691,False
2024-09-30,0.01,1.1864195818452965,19243.957,True
2024-09-30,0.05,1.1864195818452965,19243.957,True
2024-09-30,0.1,1.1864195818452965,19243.957,False
2024-09-30,0.5,-0.6058238415255865,19591.965,False
2024-09-30,0.9,-2.1255372173080898,19891.98,False
2024-10-01,0.01,1.0550833686382983,19122.107,True
2024-10-01,0.05,1.0550833686382983,19122.107,True
2024-10-01,0.1,1.0550833686382983,19122.107,False
2024-10-01,0.5,-0.5512772243393892,19431.758,False
2024-10-01,0.9,-1.9493304561369547,19705.332,False
2024-10-02,0.01,1.0867274720964093,19005.477,True
2024-10-02,0.05,1.0867274720964093,19005.477,True
2024-10-02,0.1,1.0867274720964093,19005.477,False
2024-10-02,0.5,-0.39157247538093803,19288.521,False
2024-10-02,0.9,-1.7250150854504294,19547.445,False
2024-10-03,0.01,1.3152091338500187,18914.344,True
2024-10-03,0.05,1.3152091338500187,18914.344,True
2024-10-03,0.1,1.3152091338500187,18914.344,False
2024-10-03,0.5,-0.08557994787614984,19181.158,False
2024-10-03,0.9,-1.3808734513718568,19431.227,False
2024-10-04,0.01,1.5799144004582082,18717.344,True
2024-10-04,0.05,1.5799144004582082,18717.344,True
2024-10-04,0.1,1.5799144004582082,18717.344,False
2024-10-04,0.5,0.20123172243073661,18977.184,False
2024-10-04,0.9,-1.064143012856459,19218.842,False
2024-10-07,0.01,1.5007583819076693,18836.113,True
2024-10-07,0.05,1.5007583819076693,18836.113,True
2024-10-07,0.1,1.5007583819076693,18836.113,False
2024-10-07,0.5,0.10555199517461215,19100.758,False
2024-10-07,0.9,-1.1744046006656017,19346.81,False
2024-10-08,0.01,1.276305805853459,18861.822,True
2024-10-08,0.05,1.276305805853459,18861.822,True
2024-10-08,0.1,1.276305805853459,18861.822,False
2024-10-08,0.5,-0.14281355086673755,19131.402,False
2024-10-08,0.9,-1.4273246560350772,19378.732,False
2024-10-09,0.01,1.201852338780141,18838.691,True
2024-10-09,0.05,1.201852338780141,18838.691,True
2024-10-09,0.1,1.201852338780141,18838.691,False
2024-10-09,0.5,-0.169513528079914,19098.818,False
2024-10-09,0.9,-1.4619160558261877,19347.254,False
2024-10-10,0.01,1.0342158949047129,19056.818,True
2024-10-10,0.05,1.0342158949047129,19056.818,True
2024-10-10,0.1,1.0342158949047129,19056.818,False
2024-10-10,0.5,-0.4730880895820182,19346.238,False
2024-10-10,0.9,-1.8387255394030955,19612.25,False
2024-10-11,0.01,0.9549023869657857,19028.328,True
2024-10-11,0.05,0.9549023869657857,19028.328,True
2024-10-11,0.1,0.9549023869657857,19028.328,False
2024-10-11,0.5,-0.5400104711052622,19314.922,False
2024-10-11,0.9,-1.9217108037075932,19583.648,False
2024-10-14,0.01,0.8560743053695076,19208.684,True
2024-10-14,0.05,0.8560743053695076,19208.684,True
2024-10-14,0.1,0.8560743053695076,19208.684,False
2024-10-14,0.5,-0.648616703181345,19499.9,False
2024-10-14,0.9,-1.9869534932951731,19762.629,False
2024-10-15,0.01,0.9970301529873823,19314.752,True
2024-10-15,0.05,0.9970301529873823,19314.752,True
2024-10-15,0.1,0.9970301529873823,19314.752,False
2024-10-15,0.5,-0.551934682715508,19616.26,False
2024-10-15,0.9,-1.937017454002378,19889.852,False
2024-10-16,0.01,0.8643503171517017,19318.486,True
2024-10-16,0.05,0.8643503171517017,19318.486,True
2024-10-16,0.1,0.8643503171517017,19318.486,False
2024-10-16,0.5,-0.5754027170550291,19598.637,False
2024-10-16,0.9,-1.8969026174961392,19859.352,False
2024-10-17,0.01,0.8013550598207961,19277.707,True
2024-10-17,0.05,0.8013550598207961,19277.707,True
2024-10-17,0.1,0.8013550598207961,19277.707,False
2024-10-17,0.5,-0.5201433103323194,19534.152,False
2024-10-17,0.9,-1.7698055393611911,19779.795,False
2024-10-18,0.01,0.7606125084372258,19435.002,True
2024-10-18,0.05,0.7606125084372258,19435.002,True
2024-10-18,0.1,0.7606125084372258,19435.002,False
2024-10-18,0.5,-0.5903037388902574,19699.334,False
2024-10-18,0.9,-1.8550975782610453,19950.072,False
2024-10-21,0.01,0.8218026859469427,19496.486,True
2024-10-21,0.05,0.8218026859469427,19496.486,True
2024-10-21,0.1,0.8218026859469427,19496.486,False
2024-10-21,0.5,-0.513445610660648,19758.559,False
2024-10-21,0.9,-1.752897809827507,20004.98,False
2024-10-22,0.01,0.8895515642477267,19288.84,True
2024-10-22,0.05,0.8895515642477267,19288.84,True
2024-10-22,0.1,0.8895515642477267,19288.84,False
2024-10-22,0.5,-0.39420883232673726,19538.059,False
2024-10-22,0.9,-1.606712949347686,19776.4,False
2024-10-23,0.01,0.91269867509951,19245.453,True
2024-10-23,0.05,0.91269867509951,19245.453,True
2024-10-23,0.1,0.91269867509951,19245.453,False
2024-10-23,0.5,-0.3801386988880329,19495.88,False
2024-10-23,0.9,-1.6128456750116693,19737.695,False
2024-10-24,0.01,1.2245301596913278,19141.781,True
2024-10-24,0.05,1.2245301596913278,19141.781,True
2024-10-24,0.1,1.2245301596913278,19141.781,False
2024-10-24,0.5,-0.07574735125554785,19392.303,False
2024-10-24,0.9,-1.3235126196838596,19635.79,False
2024-10-25,0.01,1.367107582435012,19179.002,True
2024-10-25,0.05,1.367107582435012,19179.002,True
2024-10-25,0.1,1.367107582435012,19179.002,False
2024-10-25,0.5,0.11961163632892274,19419.758,False
2024-10-25,0.9,-1.0971339980964485,19657.49,False
2024-10-28,0.01,1.0400338657820751,19262.21,True
2024-10-28,0.05,1.0400338657820751,19262.21,True
2024-10-28,0.1,1.0400338657820751,19262.21,False
2024-10-28,0.5,-0.15102948466611665,19493.008,False
2024-10-28,0.9,-1.316368041760614,19721.496,False
2024-10-29,0.01,0.8277004297614324,19370.623,True
2024-10-29,0.05,0.8277004297614324,19370.623,True
2024-10-29,0.1,0.8277004297614324,19370.623,False
2024-10-29,0.5,-0.3822213647788285,19606.416,False
2024-10-29,0.9,-1.584037443269223,19843.47,False
2024-10-30,0.01,0.9246173876085512,19298.803,True
2024-10-30,0.05,0.9246173876085512,19298.803,True
2024-10-30,0.1,0.9246173876085512,19298.803,False
2024-10-30,0.5,-0.2821809021553491,19533.111,False
2024-10-30,0.9,-1.4867216076272303,19769.818,False
2024-10-31,0.01,1.3520941569292046,18998.715,True
2024-10-31,0.05,1.3520941569292046,18998.715,True
2024-10-31,0.1,1.3520941569292046,18998.715,False
2024-10-31,0.5,0.1269497867432072,19232.908,False
2024-10-31,0.9,-1.1532815446144344,19480.717,False
2024-11-01,0.01,1.556883089017809,18782.824,True
2024-11-01,0.05,1.556883089017809,18782.824,True
2024-11-01,0.1,1.556883089017809,18782.824,False
2024-11-01,0.5,0.1867996678484497,19041.936,False
2024-11-01,0.9,-1.20249353107849,19308.33,False
2024-11-04,0.01,1.4113262184695057,18985.129,True
2024-11-04,0.05,1.4113262184695057,18985.129,True
2024-11-04,0.1,1.4113262184695057,18985.129,False
2024-11-04,0.5,0.16813766516074002,19222.623,False
2024-11-04,0.9,-1.138440931108911,19475.43,False
2024-11-05,0.01,1.4180779311857798,18878.234,True
2024-11-05,0.05,1.4180779311857798,18878.234,True
2024-11-05,0.1,1.4180779311857798,18878.234,False
2024-11-05,0.5,0.1822809652284646,19112.979,False
2024-11-05,0.9,-1.057568316400288,19351.426,False
2024-11-06,0.01,1.3334912061170057,19001.193,True
2024-11-06,0.05,1.3334912061170057,19001.193,True
2024-11-06,0.1,1.3334912061170057,19001.193,False
2024-11-06,0.5,0.10880012991449939,19235.33,False
2024-11-06,0.9,-1.0931882950414262,19467.932,False
2024-11-07,0.01,1.472942278704751,18760.928,True
2024-11-07,0.05,1.472942278704751,18760.928,True
2024-11-07,0.1,1.472942278704751,18760.928,False
2024-11-07,0.5,0.2178687127838831,18997.875,False
2024-11-07,0.9,-1.0372737615529561,19237.828,False
2024-11-08,0.01,1.1747219675396232,19136.395,True
2024-11-08,0.05,1.1747219675396232,19136.395,True
2024-11-08,0.1,1.1747219675396232,19136.395,False
2024-11-08,0.5,-0.05396173930092422,19372.97,False
2024-11-08,0.9,-1.2339415923183399,19602.922,False
2024-11-11,0.01,0.8606784567040177,19050.807,True
2024-11-11,0.05,0.8606784567040177,19050.807,True
2024-11-11,0.1,0.8606784567040177,19050.807,False
2024-11-11,0.5,-0.35433026847188465,19283.688,False
2024-11-11,0.9,-1.5619787388725728,19517.979,False
2024-11-12,0.01,0.8404231993293173,19285.834,True
2024-11-12,0.05,0.8404231993293173,19285.834,True
2024-11-12,0.1,0.8404231993293173,19285.834,False
2024-11-12,0.5,-0.4225078860622978,19530.945,False
2024-11-12,0.9,-1.6097508143768746,19764.207,False
2024-11-13,0.01,1.061267141288691,18832.71,True
2024-11-13,0.05,1.061267141288691,18832.71,True
2024-11-13,0.1,1.061267141288691,18832.71,False
2024-11-13,0.5,-0.23110761705557814,19077.68,False
2024-11-13,0.9,-1.5220627574690608,19325.56,False
2024-11-14,0.01,0.9537202575361834,18822.734,True
2024-11-14,0.05,0.9537202575361834,18822.734,True
2024-11-14,0.1,0.9537202575361834,18822.734,False
2024-11-14,0.5,-0.3318470943543453,19066.275,False
2024-11-14,0.9,-1.6029683571174447,19310.178,False
2024-11-15,0.01,1.0646030594317533,19059.705,True
2024-11-15,0.05,1.0646030594317533,19059.705,True
2024-11-15,0.1,1.0646030594317533,19059.705,False
2024-11-15,0.5,-0.17794130729138186,19298.008,False
2024-11-15,0.9,-1.415942454192563,19538.402,False
2024-11-18,0.01,1.1220988604178381,18996.451,True
2024-11-18,0.05,1.1220988604178381,18996.451,True
2024-11-18,0.1,1.1220988604178381,18996.451,False
2024-11-18,0.5,-0.07582575197783502,19225.383,False
2024-11-18,0.9,-1.280188938284799,19458.326,False
2024-11-19,0.01,0.9546520840662678,19006.871,True
2024-11-19,0.05,0.9546520840662678,19006.871,True
2024-11-19,0.1,0.9546520840662678,19006.871,False
2024-11-19,0.5,-0.19147315058014783,19225.967,False
2024-11-19,0.9,-1.3528015075304232,19450.545,False
2024-11-20,0.01,0.8707339930497526,18895.066,True
2024-11-20,0.05,0.8707339930497526,18895.066,True
2024-11-20,0.1,0.8707339930497526,18895.066,False
2024-11-20,0.5,-0.3209557349193417,19121.584,False
2024-11-20,0.9,-1.5668581880524914,19361.31,False
2024-11-21,0.01,1.0068765108059308,18814.385,True
2024-11-21,0.05,1.0068765108059308,18814.385,True
2024-11-21,0.1,1.0068765108059308,18814.385,False
2024-11-21,0.5,-0.17719345655782137,19038.484,False
2024-11-21,0.9,-1.4370911067667465,19279.867,False
2024-11-22,0.01,1.1497016390910697,18927.307,True
2024-11-22,0.05,1.1497016390910697,18927.307,True
2024-11-22,0.1,1.1497016390910697,18927.307,False
2024-11-22,0.5,0.04612993080123838,19137.34,False
2024-11-22,0.9,-1.1818986618998357,19373.8,False
2024-11-25,0.01,1.1578865321849277,19100.146,True
2024-11-25,0.05,1.1578865321849277,19100.146,True
2024-11-25,0.1,1.1578865321849277,19100.146,False
2024-11-25,0.5,-0.005822031417568385,19323.715,False
2024-11-25,0.9,-1.2585175488627818,19567.305,False
2024-11-26,0.01,0.9798578917115812,19215.984,True
2024-11-26,0.05,0.9798578917115812,19215.984,True
2024-11-26,0.1,0.9798578917115812,19215.984,False
2024-11-26,0.5,-0.189263408577138,19441.96,False
2024-11-26,0.9,-1.4552601659097952,19689.66,False
2024-11-27,0.01,1.0953699374059656,19085.771,True
2024-11-27,0.05,1.0953699374059656,19085.771,True
2024-11-27,0.1,1.0953699374059656,19085.771,False
2024-11-27,0.5,-0.0479866609936321,19305.242,False
2024-11-27,0.9,-1.3073682670840576,19549.906,False
2024-11-28,0.01,1.1702851423137879,19037.646,True
2024-11-28,0.05,1.1702851423137879,19037.646,True
2024-11-28,0.1,1.1702851423137879,19037.646,False
2024-11-28,0.5,0.006337647448127788,19260.53,False
2024-11-28,0.9,-1.2706277167650186,19508.057,False
2024-11-29,0.01,1.1148205783494203,19210.371,True
2024-11-29,0.05,1.1148205783494203,19210.371,True
2024-11-29,0.1,1.1148205783494203,19210.371,False
2024-11-29,0.5,-0.05162565644364764,19435.762,False
2024-11-29,0.9,-1.2898293877118232,19677.912,False
2024-12-02,0.01,0.9463327786865785,19441.594,True
2024-12-02,0.05,0.9463327786865785,19441.594,True
2024-12-02,0.1,0.9463327786865785,19441.594,False
2024-12-02,0.5,-0.3140333316017043,19688.18,False
2024-12-02,0.9,-1.5541459546439873,19933.855,False
2024-12-03,0.01,0.996105498088364,19736.045,True
2024-12-03,0.05,0.996105498088364,19736.045,True
2024-12-03,0.1,0.996105498088364,19736.045,False
2024-12-03,0.5,-0.4719975887329569,20027.928,False
2024-12-03,0.9,-1.7795716350514992,20291.527,False
2024-12-04,0.01,0.9742012389415567,19822.693,True
2024-12-04,0.05,0.9742012389415567,19822.693,True
2024-12-04,0.1,0.9742012389415567,19822.693,False
2024-12-04,0.5,-0.4648266348283181,20110.01,False
2024-12-04,0.9,-1.739533109293658,20367.994,False
2024-12-05,0.01,1.3764435565211077,19955.564,True
2024-12-05,0.05,1.3764435565211077,19955.564,True
2024-12-05,0.1,1.3764435565211077,19955.564,False
2024-12-05,0.5,-0.2558108474822558,20283.963,False
2024-12-05,0.9,-1.64826218670814,20568.383,False
2024-12-06,0.01,1.5164812010095092,20052.393,True
2024-12-06,0.05,1.5164812010095092,20052.393,True
2024-12-06,0.1,1.5164812010095092,20052.393,False
2024-12-06,0.5,-0.23816302990437313,20407.346,False
2024-12-06,0.9,-1.6987946155878824,20707.61,False
2024-12-09,0.01,1.439954085312703,20093.184,True
2024-12-09,0.05,1.439954085312703,20093.184,True
2024-12-09,0.1,1.439954085312703,20093.184,False
2024-12-09,0.5,-0.20368399278929325,20426.172,False
2024-12-09,0.9,-1.6267020728941928,20718.918,False
2024-12-10,0.01,1.3056186824783096,20082.047,True
2024-12-10,0.05,1.3056186824783096,20082.047,True
2024-12-10,0.1,1.3056186824783096,20082.047,False
2024-12-10,0.5,-0.22266356268706525,20391.314,False
2024-12-10,0.9,-1.5689266861948377,20667.691,False
2024-12-11,0.01,1.107048399466546,20105.348,True
2024-12-11,0.05,1.107048399466546,20105.348,True
2024-12-11,0.1,1.107048399466546,20105.348,False
2024-12-11,0.5,-0.32926374986454215,20396.207,False
2024-12-11,0.9,-1.5940062350750888,20655.805,False
2024-12-12,0.01,1.2848008351810232,20138.748,True
2024-12-12,0.05,1.2848008351810232,20138.748,True
2024-12-12,0.1,1.2848008351810232,20138.748,False
2024-12-12,0.5,-0.18037468403670906,20435.988,False
2024-12-12,0.9,-1.487875020104732,20704.943,False
2024-12-13,0.01,1.382282346657346,20145.863,True
2024-12-13,0.05,1.382282346657346,20145.863,True
2024-12-13,0.1,1.382282346657346,20145.863,False
2024-12-13,0.5,-0.10358699660010395,20447.44,False
2024-12-13,0.9,-1.4370373107551964,20721.922,False
2024-12-16,0.01,1.355006757280143,20131.283,True
2024-12-16,0.05,1.355006757280143,20131.283,True
2024-12-16,0.1,1.355006757280143,20131.283,False
2024-12-16,0.5,-0.10445515689818435,20427.246,False
2024-12-16,0.9,-1.416116330390455,20696.947,False
2024-12-17,0.01,1.5008606662834454,20011.205,True
2024-12-17,0.05,1.5008606662834454,20011.205,True
2024-12-17,0.1,1.5008606662834454,20011.205,False
2024-12-17,0.5,0.025645864600679476,20308.602,False
2024-12-17,0.9,-1.3483010815865897,20589.557,False
2024-12-18,0.01,1.4015083579578222,19964.594,True
2024-12-18,0.05,1.4015083579578222,19964.594,True
2024-12-18,0.1,1.4015083579578222,19964.594,False
2024-12-18,0.5,-0.05722768209135003,20257.959,False
2024-12-18,0.9,-1.4415274045069333,20540.34,False
2024-12-19,0.01,1.692814854300862,19902.785,True
2024-12-19,0.05,1.692814854300862,19902.785,True
2024-12-19,0.1,1.692814854300862,19902.785,False
2024-12-19,0.5,0.27857614988737417,20186.258,False
2024-12-19,0.9,-1.07874064390062,20462.117,False
2024-12-20,0.01,2.1701387185290626,19541.154,True
2024-12-20,0.05,2.1701387185290626,19541.154,True
2024-12-20,0.1,2.1701387185290626,19541.154,False
2024-12-20,0.5,0.6618514247849407,19838.125,False
2024-12-20,0.9,-0.7979857116234137,20129.854,False
2024-12-23,0.01,2.0194003660815576,19487.225,True
2024-12-23,0.05,2.0194003660815576,19487.225,True
2024-12-23,0.1,2.0194003660815576,19487.225,False
2024-12-23,0.5,0.5299257655851409,19779.654,False
2024-12-23,0.9,-0.9256123452660467,20069.66,False
2024-12-27,0.01,1.8902520143798858,19477.102,True
2024-12-27,0.05,1.8902520143798858,19477.102,True
2024-12-27,0.1,1.8902520143798858,19477.102,False
2024-12-27,0.5,0.4575240675366435,19758.164,False
2024-12-27,0.9,-0.9518669545908696,20038.605,False
2024-12-30,0.01,1.4940950304458265,19687.955,True
2024-12-30,0.05,1.4940950304458265,19687.955,True
2024-12-30,0.1,1.4940950304458265,19687.955,False
2024-12-30,0.5,0.12197657123513149,19959.959,False
2024-12-30,0.9,-1.2225717308199238,20230.143,False
