date,level,var,q_price,clamped
2023-08-19,0.01,6.243219483789739,24472.953,True
2023-08-19,0.05,6.243219483789739,24472.953,True
2023-08-19,0.1,6.243219483789739,24472.953,False
2023-08-19,0.5,1.6373776170059862,25626.5,False
2023-08-19,0.9,-2.7030899710615075,26763.303,False
2023-08-20,0.01,4.617501566084175,24918.61,True
2023-08-20,0.05,4.617501566084175,24918.61,True
2023-08-20,0.1,4.617501566084175,24918.61,False
2023-08-20,0.5,0.46684510456309347,25974.66,False
2023-08-20,0.9,-3.4035170395262186,26999.682,False
2023-08-21,0.01,3.321402133527639,25334.01,True
2023-08-21,0.05,3.321402133527639,25334.01,True
2023-08-21,0.1,3.321402133527639,25334.01,False
2023-08-21,0.5,-0.5148455168247165,26324.768,False
2023-08-21,0.9,-4.075146363606868,27278.893,False
2023-08-22,0.01,3.0923633477934533,25328.65,True
2023-08-22,0.05,3.0923633477934533,25328.65,True
2023-08-22,0.1,3.0923633477934533,25328.65,False
2023-08-22,0.5,-0.62265933286736,26287.312,False
2023-08-22,0.9,-4.091759118165037,27215.248,False
2023-08-23,0.01,2.8660193281009017,25296.174,True
2023-08-23,0.05,2.8660193281009017,25296.174,True
2023-08-23,0.1,2.8660193281009017,25296.174,False
2023-08-23,0.5,-0.7613009969256043,26230.592,False
2023-08-23,0.9,-4.101205752430015,27121.463,False
2023-08-24,0.01,1.8767942195538603,25940.2,True
2023-08-24,0.05,1.8767942195538603,25940.2,True
2023-08-24,0.1,1.8767942195538603,25940.2,False
2023-08-24,0.5,-1.4314772655777641,26812.725,False
2023-08-24,0.9,-4.398923686493976,27620.3,False
2023-08-25,0.01,2.677455393210553,25471.182,True
2023-08-25,0.05,2.677455393210553,25471.182,True
2023-08-25,0.1,2.677455393210553,25471.182,False
2023-08-25,0.5,-0.685128564960182,26342.234,False
2023-08-25,0.9,-3.734705373313015,27157.936,False
2023-08-26,0.01,2.1311833040317234,25498.418,True
2023-08-26,0.05,2.1311833040317234,25498.418,True
2023-08-26,0.1,2.1311833040317234,25498.418,False
2023-08-26,0.5,-0.9904964535988655,26306.951,False
2023-08-26,0.9,-3.8629960368908938,27073.576,False
2023-08-27,0.01,2.0271394700546166,25486.543,True
2023-08-27,0.05,2.0271394700546166,25486.543,True
2023-08-27,0.1,2.0271394700546166,25486.543,False
2023-08-27,0.5,-1.017869028132723,26274.547,False
2023-08-27,0.9,-3.8375361246965527,27025.945,False
2023-08-28,0.01,1.8073209297375419,25622.404,True
2023-08-28,0.05,1.8073209297375419,25622.404,True
2023-08-28,0.1,1.8073209297375419,25622.404,False
2023-08-28,0.5,-1.0734944450975155,26371.273,False
2023-08-28,0.9,-3.76659817697284,27091.129,False
2023-08-29,0.01,1.5778666899732539,25697.463,True
2023-08-29,0.05,1.5778666899732539,25697.463,True
2023-08-29,0.1,1.5778666899732539,25697.463,False
2023-08-29,0.5,-1.3482637926978118,26460.514,False
2023-08-29,0.9,-4.087792745237784,27195.428,False
2023-08-30,0.01,2.917339214785029,26930.176,True
2023-08-30,0.05,2.917339214785029,26930.176,True
2023-08-30,0.1,2.917339214785029,26930.176,False
2023-08-30,0.5,-0.8632491383929356,27967.785,False
2023-08-30,0.9,-4.164822457656026,28906.574,False
2023-08-31,0.01,1.6224335889101278,26857.959,True
2023-08-31,0.05,1.6224335889101278,26857.959,True
2023-08-31,0.1,1.6224335889101278,26857.959,False
2023-08-31,0.5,-1.5066943412688096,27711.666,False
2023-08-31,0.9,-4.398484136578737,28524.729,False
2023-09-01,0.01,1.3992231421150736,25571.16,True
2023-09-01,0.05,1.3992231421150736,25571.16,True
2023-09-01,0.1,1.3992231421150736,25571.16,False
2023-09-01,0.5,-1.945881361871136,26441.01,False
2023-09-01,0.9,-5.279577880858039,27337.33,False
2023-09-02,0.01,2.0172163447750147,25285.482,True
2023-09-02,0.05,2.0172163447750147,25285.482,True
2023-09-02,0.1,2.0172163447750147,25285.482,False
2023-09-02,0.5,-1.5183944728237226,26195.47,False
2023-09-02,0.9,-5.050366606741292,27137.22,False
2023-09-03,0.01,2.751310913339136,25166.77,True
2023-09-03,0.05,2.751310913339136,25166.77,True
2023-09-03,0.1,2.751310913339136,25166.77,False
2023-09-03,0.5,-0.9450608682719279,26114.434,False
2023-09-03,0.9,-4.5515372827285825,27073.434,False
2023-09-04,0.01,3.2602103164611513,25136.557,True
2023-09-04,0.05,3.2602103164611513,25136.557,True
2023-09-04,0.1,3.2602103164611513,25136.557,False
2023-09-04,0.5,-0.26009250840402276,26037.2,False
2023-09-04,0.9,-3.69768681194892,26947.814,False
2023-09-05,0.01,3.0804467555501076,25029.4,True
2023-09-05,0.05,3.0804467555501076,25029.4,True
2023-09-05,0.1,3.0804467555501076,25029.4,False
2023-09-05,0.5,-0.38773226616374806,25912.693,False
2023-09-05,0.9,-3.749642077616111,26798.664,False
2023-09-06,0.01,3.032288314513866,25009.992,True
2023-09-06,0.05,3.032288314513866,25009.992,True
2023-09-06,0.1,3.032288314513866,25009.992,False
2023-09-06,0.5,-0.4417944193043727,25894.129,False
2023-09-06,0.9,-3.692819912274127,26749.787,False
2023-09-07,0.01,3.0592701801094195,24977.305,True
2023-09-07,0.05,3.0592701801094195,24977.305,True
2023-09-07,0.1,3.0592701801094195,24977.305,False
2023-09-07,0.5,-0.38954318185529085,25853.752,False
2023-09-07,0.9,-3.5937709699816445,26695.58,False
2023-09-08,0.01,3.1795788824368785,25418.992,True
2023-09-08,0.05,3.1795788824368785,25418.992,True
2023-09-08,0.1,3.1795788824368785,25418.992,False
2023-09-08,0.5,-0.18046256979841746,26287.592,False
2023-09-08,0.9,-3.1862731803642395,27089.742,False
2023-09-09,0.01,2.8826295899221237,25169.55,True
2023-09-09,0.05,2.8826295899221237,25169.55,True
2023-09-09,0.1,2.8826295899221237,25169.55,False
2023-09-09,0.5,-0.34862309531923885,25996.125,False
2023-09-09,0.9,-3.2040139945130717,26749.115,False
2023-09-10,0.01,2.9983876019179934,25130.75,True
2023-09-10,0.05,2.9983876019179934,25130.75,True
2023-09-10,0.1,2.9983876019179934,25130.75,False
2023-09-10,0.5,-0.23383881223831784,25956.303,False
2023-09-10,0.9,-3.092890287967048,26709.117,False
2023-09-11,0.01,2.861988235549818,25103.39,True
2023-09-11,0.05,2.861988235549818,25103.39,True
2023-09-11,0.1,2.861988235549818,25103.39,False
2023-09-11,0.5,-0.20111924878910728,25884.232,False
2023-09-11,0.9,-2.96132679367582,26608.643,False
2023-09-12,0.01,3.096543634296282,24395.422,True
2023-09-12,0.05,3.096543634296282,24395.422,True
2023-09-12,0.1,3.096543634296282,24395.422,False
2023-09-12,0.5,-0.1322003275039749,25195.941,False
2023-09-12,0.9,-3.0560474711664263,25943.508,False
2023-09-13,0.01,2.816865634793752,25115.807,True
2023-09-13,0.05,2.816865634793752,25115.807,True
2023-09-13,0.1,2.816865634793752,25115.807,False
2023-09-13,0.5,-0.29033907935525366,25908.457,False
2023-09-13,0.9,-3.018816758978037,26625.096,False
2023-09-14,0.01,2.948470734261742,25466.28,True
2023-09-14,0.05,2.948470734261742,25466.28,True
2023-09-14,0.1,2.948470734261742,25466.28,False
2023-09-14,0.5,-0.41077481823248807,26336.285,False
2023-09-14,0.9,-3.3118016200331897,27111.498,False
2023-09-15,0.01,2.6432143979902256,25847.363,True
2023-09-15,0.05,2.6432143979902256,25847.363,True
2023-09-15,0.1,2.6432143979902256,25847.363,False
2023-09-15,0.5,-0.8744788558001867,26772.775,False
2023-09-15,0.9,-3.9216642905203742,27601.148,False
2023-09-16,0.01,2.155841119397061,26041.191,True
2023-09-16,0.05,2.155841119397061,26041.191,True
2023-09-16,0.1,2.155841119397061,26041.191,False
2023-09-16,0.5,-1.1973190308241202,26929.2,False
2023-09-16,0.9,-4.134569051625707,27731.908,False
2023-09-17,0.01,2.332302382891912,25955.799,True
2023-09-17,0.05,2.332302382891912,25955.799,True
2023-09-17,0.1,2.332302382891912,25955.799,False
2023-09-17,0.5,-1.088601711503931,26859.084,False
2023-09-17,0.9,-4.212589539075242,27711.402,False
2023-09-18,0.01,2.3708442739375304,25912.502,True
2023-09-18,0.05,2.3708442739375304,25912.502,True
2023-09-18,0.1,2.3708442739375304,25912.502,False
2023-09-18,0.5,-0.9104500136560544,26776.871,False
2023-09-18,0.9,-4.0319827456483655,27625.902,False
2023-09-19,0.01,2.808442925263009,26013.355,True
2023-09-19,0.05,2.808442925263009,26013.355,True
2023-09-19,0.1,2.808442925263009,26013.355,False
2023-09-19,0.5,-0.7472707545480204,26954.957,False
2023-09-19,0.9,-4.050391072499388,27860.18,False
2023-09-20,0.01,2.539803181980326,26528.71,True
2023-09-20,0.05,2.539803181980326,26528.71,True
2023-09-20,0.1,2.539803181980326,26528.71,False
2023-09-20,0.5,-0.8896226694477763,27454.273,False
2023-09-20,0.9,-3.9607840538179873,28310.52,False
2023-09-21,0.01,2.7311281075943663,26401.025,True
2023-09-21,0.05,2.7311281075943663,26401.025,True
2023-09-21,0.1,2.7311281075943663,26401.025,False
2023-09-21,0.5,-0.5207275974077807,27273.66,False
2023-09-21,0.9,-3.6285990704881415,28134.6,False
2023-09-22,0.01,2.7677472228831634,25842.39,True
2023-09-22,0.05,2.7677472228831634,25842.39,True
2023-09-22,0.1,2.7677472228831634,25842.39,False
2023-09-22,0.5,-0.5956292207882553,26726.35,False
2023-09-22,0.9,-3.9123150888325555,27627.643,False
2023-09-23,0.01,2.6175582965710453,25892.86,True
2023-09-23,0.05,2.6175582965710453,25892.86,True
2023-09-23,0.1,2.6175582965710453,25892.86,False
2023-09-23,0.5,-0.6426048501436349,26750.92,False
2023-09-23,0.9,-3.8275627659961224,27616.639,False
2023-09-24,0.01,2.6512317065302144,25883.969,True
2023-09-24,0.05,2.6512317065302144,25883.969,True
2023-09-24,0.1,2.6512317065302144,25883.969,False
2023-09-24,0.5,-0.49747283883609833,26711.945,False
2023-09-24,0.9,-3.505597654890226,27527.682,False
2023-09-25,0.01,3.0766547006849247,25461.295,True
2023-09-25,0.05,3.0766547006849247,25461.295,True
2023-09-25,0.1,3.0766547006849247,25461.295,False
2023-09-25,0.5,-0.3091361084773036,26338.121,False
2023-09-25,0.9,-3.4222287351238134,27170.947,False
2023-09-26,0.01,3.284599298557797,25448.713,True
2023-09-26,0.05,3.284599298557797,25448.713,True
2023-09-26,0.1,3.284599298557797,25448.713,False
2023-09-26,0.5,-0.16392269934422468,26341.625,False
2023-09-26,0.9,-3.32856589016372,27188.574,False
2023-09-27,0.01,3.567325765938121,25298.48,True
2023-09-27,0.05,3.567325765938121,25298.48,True
2023-09-27,0.1,3.567325765938121,25298.48,False
2023-09-27,0.5,0.03954375043635153,26206.885,False
2023-09-27,0.9,-3.1486436655652033,27055.871,False
2023-09-28,0.01,3.375496600135988,25478.027,True
2023-09-28,0.05,3.375496600135988,25478.027,True
2023-09-28,0.1,3.375496600135988,25478.027,False
2023-09-28,0.5,0.0911433728527112,26328.709,False
2023-09-28,0.9,-2.944577230026924,27140.23,False
2023-09-29,0.01,2.820556384253453,26270.037,True
2023-09-29,0.05,2.820556384253453,26270.037,True
2023-09-29,0.1,2.820556384253453,26270.037,False
2023-09-29,0.5,-0.26149312628482885,27092.299,False
2023-09-29,0.9,-3.0556546938251063,27859.977,False
2023-09-30,0.01,2.532197455698454,26238.818,True
2023-09-30,0.05,2.532197455698454,26238.818,True
2023-09-30,0.1,2.532197455698454,26238.818,False
2023-09-30,0.5,-0.5245529149000258,27053.258,False
2023-09-30,0.9,-3.281915450163169,27809.594,False
2023-10-01,0.01,2.6367108316358143,26266.143,True
2023-10-01,0.05,2.6367108316358143,26266.143,True
2023-10-01,0.1,2.6367108316358143,26266.143,False
2023-10-01,0.5,-0.5130155143199873,27106.621,False
2023-10-01,0.9,-3.335832295226689,27882.693,False
2023-10-02,0.01,2.573215380658701,27272.854,True
2023-10-02,0.05,2.573215380658701,27272.854,True
2023-10-02,0.1,2.573215380658701,27272.854,False
2023-10-02,0.5,-0.8018060729790536,28209.027,False
2023-10-02,0.9,-3.6774819900613043,29032.004,False
2023-10-03,0.01,2.604795015118252,26822.924,True
2023-10-03,0.05,2.604795015118252,26822.924,True
2023-10-03,0.1,2.604795015118252,26822.924,False
2023-10-03,0.5,-0.5554375991804911,27684.127,False
2023-10-03,0.9,-3.4152328473847646,28487.266,False
2023-10-04,0.01,3.0196046329356148,26614.082,True
2023-10-04,0.05,3.0196046329356148,26614.082,True
2023-10-04,0.1,3.0196046329356148,26614.082,False
2023-10-04,0.5,-0.12082429976098363,27463.14,False
2023-10-04,0.9,-2.9908023291025447,28262.746,False
2023-10-05,0.01,2.9104822658780902,27001.959,True
2023-10-05,0.05,2.9104822658780902,27001.959,True
2023-10-05,0.1,2.9104822658780902,27001.959,False
2023-10-05,0.5,-0.3064512672050813,27884.717,False
2023-10-05,0.9,-3.2338189674581796,28713.07,False
2023-10-06,0.01,2.526917012975595,26731.814,True
2023-10-06,0.05,2.526917012975595,26731.814,True
2023-10-06,0.1,2.526917012975595,26731.814,False
2023-10-06,0.5,-0.6566223627619436,27596.523,False
2023-10-06,0.9,-3.568189424120946,28411.826,False
2023-10-07,0.01,2.5983041666063142,27229.812,True
2023-10-07,0.05,2.5983041666063142,27229.812,True
2023-10-07,0.1,2.5983041666063142,27229.812,False
2023-10-07,0.5,-0.4229316896705585,28065.043,False
2023-10-07,0.9,-3.232519127386145,28864.736,False
2023-10-08,0.01,2.287422382559769,27336.336,True
2023-10-08,0.05,2.287422382559769,27336.336,True
2023-10-08,0.1,2.287422382559769,27336.336,False
2023-10-08,0.5,-0.7616080893225072,28182.666,False
2023-10-08,0.9,-3.6433493746516192,29006.633,False
2023-10-09,0.01,2.0267466404819148,27374.615,True
2023-10-09,0.05,2.0267466404819148,27374.615,True
2023-10-09,0.1,2.0267466404819148,27374.615,False
2023-10-09,0.5,-0.8053055831208994,28160.96,False
2023-10-09,0.9,-3.528908693055198,28938.494,False
2023-10-10,0.01,1.8897103664954094,27067.32,True
2023-10-10,0.05,1.8897103664954094,27067.32,True
2023-10-10,0.1,1.8897103664954094,27067.32,False
2023-10-10,0.5,-0.971387461076024,27852.928,False
2023-10-10,0.9,-3.74327489636313,28635.78,False
2023-10-11,0.01,1.8198488509529005,26897.053,True
2023-10-11,0.05,1.8198488509529005,26897.053,True
2023-10-11,0.1,1.8198488509529005,26897.053,False
2023-10-11,0.5,-1.0947400477908658,27692.527,False
2023-10-11,0.9,-3.811294233205329,28455.121,False
2023-10-12,0.01,2.90860537823399,26102.94,True
2023-10-12,0.05,2.90860537823399,26102.94,True
2023-10-12,0.1,2.90860537823399,26102.94,False
2023-10-12,0.5,-0.35553048926926467,26969.033,False
2023-10-12,0.9,-3.330798332616515,27783.49,False
2023-10-13,0.01,2.684686320994966,26048.02,True
2023-10-13,0.05,2.684686320994966,26048.02,True
2023-10-13,0.1,2.684686320994966,26048.02,False
2023-10-13,0.5,-0.5327446138243798,26899.725,False
2023-10-13,0.9,-3.4361025555530653,27692.168,False
2023-10-14,0.01,2.473985610275671,26205.957,True
2023-10-14,0.05,2.473985610275671,26205.957,True
2023-10-14,0.1,2.473985610275671,26205.957,False
2023-10-14,0.5,-0.469799069046118,26988.871,False
2023-10-14,0.9,-3.1822340300568164,27730.945,False
2023-10-15,0.01,2.4934429297006826,26200.207,True
2023-10-15,0.05,2.4934429297006826,26200.207,True
2023-10-15,0.1,2.4934429297006826,26200.207,False
2023-10-15,0.5,-0.4151639974757062,26973.459,False
2023-10-15,0.9,-3.122609223564353,27713.727,False
2023-10-16,0.01,1.973451530739049,26628.924,True
2023-10-16,0.05,1.973451530739049,26628.924,True
2023-10-16,0.1,1.973451530739049,26628.924,False
2023-10-16,0.5,-0.7170752159030193,27355.107,False
2023-10-16,0.9,-3.2481775438370177,28056.33,False
2023-10-17,0.01,2.158799623652578,27910.387,True
2023-10-17,0.05,2.158799623652578,27910.387,True
2023-10-17,0.1,2.158799623652578,27910.387,False
2023-10-17,0.5,-0.7410921063818826,28731.607,False
2023-10-17,0.9,-3.4509814353048367,29520.848,False
2023-10-18,0.01,1.8983756378136885,27881.398,True
2023-10-18,0.05,1.8983756378136885,27881.398,True
2023-10-18,0.1,1.8983756378136885,27881.398,False
2023-10-18,0.5,-0.6706577457676587,28606.96,False
2023-10-18,0.9,-3.25822626182697,29356.846,False
2023-10-19,0.01,1.6864530922991579,27854.604,True
2023-10-19,0.05,1.6864530922991579,27854.604,True
2023-10-19,0.1,1.6864530922991579,27854.604,False
2023-10-19,0.5,-0.8171027513184203,28560.762,False
2023-10-19,0.9,-3.4255204940416983,29315.547,False
2023-10-20,0.01,2.167871044101822,28103.898,True
2023-10-20,0.05,2.167871044101822,28103.898,True
2023-10-20,0.1,2.167871044101822,28103.898,False
2023-10-20,0.5,-0.4017952430059874,28835.434,False
2023-10-20,0.9,-3.009549586082179,29597.281,False
2023-10-21,0.01,3.0144836759154106,28801.514,True
2023-10-21,0.05,3.0144836759154106,28801.514,True
2023-10-21,0.1,3.0144836759154106,28801.514,False
2023-10-21,0.5,0.1041557072070369,29652.049,False
2023-10-21,0.9,-2.781416145808049,30520.145,False
2023-10-22,0.01,3.1860999684730036,28980.207,True
2023-10-22,0.05,3.1860999684730036,28980.207,True
2023-10-22,0.1,3.1860999684730036,28980.207,False
2023-10-22,0.5,0.2999422625764938,29828.809,False
2023-10-22,0.9,-2.499167431627258,30675.545,False
2023-10-23,0.01,2.9495984142199414,29122.117,True
2023-10-23,0.05,2.9495984142199414,29122.117,True
2023-10-23,0.1,2.9495984142199414,29122.117,False
2023-10-23,0.5,0.2846095861838283,29908.652,False
2023-10-23,0.9,-2.300526023582992,30691.912,False
2023-10-24,0.01,5.630537894854219,31274.777,True
2023-10-24,0.05,5.630537894854219,31274.777,True
2023-10-24,0.1,5.630537894854219,31274.777,False
2023-10-24,0.5,0.6668286982709098,32866.34,False
2023-10-24,0.9,-4.216385391269186,34511.105,False
2023-10-25,0.01,4.949311850804593,32264.48,True
2023-10-25,0.05,4.949311850804593,32264.48,True
2023-10-25,0.1,4.949311850804593,32264.48,False
2023-10-25,0.5,-0.5793785523967824,34098.516,False
2023-10-25,0.9,-6.048456132760354,36015.33,False
2023-10-26,0.01,4.56387581341634,32963.547,True
2023-10-26,0.05,4.56387581341634,32963.547,True
2023-10-26,0.1,4.56387581341634,32963.547,False
2023-10-26,0.5,-0.722202032207747,34752.902,False
2023-10-26,0.9,-5.733451743980987,36538.832,False
2023-10-27,0.01,3.6377445534549606,32936.445,True
2023-10-27,0.05,3.6377445534549606,32936.445,True
2023-10-27,0.1,3.6377445534549606,32936.445,False
2023-10-27,0.5,-0.6622728723099801,34383.61,False
2023-10-27,0.9,-4.333139408749112,35669.24,False
2023-10-28,0.01,3.9988332870900214,32580.559,True
2023-10-28,0.05,3.9988332870900214,32580.559,True
2023-10-28,0.1,3.9988332870900214,32580.559,False
2023-10-28,0.5,0.15456173673814058,33857.43,False
2023-10-28,0.9,-3.1500889701285595,34994.992,False
2023-10-29,0.01,3.075328897555772,33057.164,True
2023-10-29,0.05,3.075328897555772,33057.164,True
2023-10-29,0.1,3.075328897555772,33057.164,False
2023-10-29,0.5,-0.8159193853635841,34368.855,False
2023-10-29,0.9,-4.115281899779146,35521.723,False
2023-10-30,0.01,2.669016703251788,33628.836,True
2023-10-30,0.05,2.669016703251788,33628.836,True
2023-10-30,0.1,2.669016703251788,33628.836,False
2023-10-30,0.5,-1.2327329823848858,34966.883,False
2023-10-30,0.9,-4.5369440498995255,36141.562,False
2023-10-31,0.01,2.7758590500940685,33557.797,True
2023-10-31,0.05,2.7758590500940685,33557.797,True
2023-10-31,0.1,2.7758590500940685,33557.797,False
2023-10-31,0.5,-0.8351681186020872,34791.723,False
2023-10-31,0.9,-3.935425661202405,35887.25,False
2023-11-01,0.01,3.1641203283795902,33588.023,True
2023-11-01,0.05,3.1641203283795902,33588.023,True
2023-11-01,0.1,3.1641203283795902,33588.023,False
2023-11-01,0.5,-0.2811945327053772,34765.402,False
2023-11-01,0.9,-3.3140142267658885,35835.926,False
2023-11-02,0.01,2.3393131342763005,34617.887,True
2023-11-02,0.05,2.3393131342763005,34617.887,True
2023-11-02,0.1,2.3393131342763005,34617.887,False
2023-11-02,0.5,-1.5403785669211862,35987.348,False
2023-11-02,0.9,-4.95885565093845,37238.836,False
2023-11-03,0.01,3.0904368840510017,33875.01,True
2023-11-03,0.05,3.0904368840510017,33875.01,True
2023-11-03,0.1,3.0904368840510017,33875.01,False
2023-11-03,0.5,-0.25070875278319066,35025.945,False
2023-11-03,0.9,-3.3025594160938225,36111.363,False
2023-11-04,0.01,3.267840394803908,33615.67,True
2023-11-04,0.05,3.267840394803908,33615.67,True
2023-11-04,0.1,3.267840394803908,33615.67,False
2023-11-04,0.5,0.01886254156237123,34725.773,False
2023-11-04,0.9,-3.0463999703986193,35806.69,False
2023-11-05,0.01,2.6617107631606336,34160.727,True
2023-11-05,0.05,2.6617107631606336,34160.727,True
2023-11-05,0.1,2.6617107631606336,34160.727,False
2023-11-05,0.5,-0.5442436260220204,35273.65,False
2023-11-05,0.9,-3.59319332490256,36365.688,False
2023-11-06,0.01,3.2850880701559926,33916.66,True
2023-11-06,0.05,3.2850880701559926,33916.66,True
2023-11-06,0.1,3.2850880701559926,33916.66,False
2023-11-06,0.5,0.07912734892560708,35021.633,False
2023-11-06,0.9,-3.004170226980841,36118.273,False
2023-11-07,0.01,3.1238547421126253,33959.773,True
2023-11-07,0.05,3.1238547421126253,33959.773,True
2023-11-07,0.1,3.1238547421126253,33959.773,False
2023-11-07,0.5,0.06016592705789677,35016.297,False
2023-11-07,0.9,-2.921128757202527,36075.953,False
2023-11-08,0.01,2.5001265933633325,34568.414,True
2023-11-08,0.05,2.5001265933633325,34568.414,True
2023-11-08,0.1,2.5001265933633325,34568.414,False
2023-11-08,0.5,-0.5052047071271083,35623.08,False
2023-11-08,0.9,-3.4833302930371803,36699.934,False
2023-11-09,0.01,2.4787161159582984,34782.348,True
2023-11-09,0.05,2.4787161159582984,34782.348,True
2023-11-09,0.1,2.4787161159582984,34782.348,False
2023-11-09,0.5,-0.6414157616280743,35884.71,False
2023-11-09,0.9,-3.707374156328807,37001.96,False
2023-11-10,0.01,2.12094741462481,35923.08,True
2023-11-10,0.05,2.12094741462481,35923.08,True
2023-11-10,0.1,2.12094741462481,35923.08,False
2023-11-10,0.5,-1.5563565001719186,37268.668,False
2023-11-10,0.9,-5.0245541466995975,38583.895,False
2023-11-11,0.01,2.1743256065947163,36511.4,True
2023-11-11,0.05,2.1743256065947163,36511.4,True
2023-11-11,0.1,2.1743256065947163,36511.4,False
2023-11-11,0.5,-1.75263490138799,37973.71,False
2023-11-11,0.9,-5.3442756186772815,39362.38,False
2023-11-12,0.01,1.9294496536039496,36428.36,True
2023-11-12,0.05,1.9294496536039496,36428.36,True
2023-11-12,0.1,1.9294496536039496,36428.36,False
2023-11-12,0.5,-1.7295971837743382,37785.977,False
2023-11-12,0.9,-5.0664045700700555,39068.094,False
2023-11-13,0.01,2.0597768783056547,36299.086,True
2023-11-13,0.05,2.0597768783056547,36299.086,True
2023-11-13,0.1,2.0597768783056547,36299.086,False
2023-11-13,0.5,-1.2498474749424526,37520.55,False
2023-11-13,0.9,-4.314136677422782,38688.086,False
2023-11-14,0.01,2.4934709426972934,35603.434,True
2023-11-14,0.05,2.4934709426972934,35603.434,True
2023-11-14,0.1,2.4934709426972934,35603.434,False
2023-11-14,0.5,-0.6274708187644314,36732.117,False
2023-11-14,0.9,-3.6074081775245617,37843.184,False
2023-11-15,0.01,2.983738812928756,34492.953,True
2023-11-15,0.05,2.983738812928756,34492.953,True
2023-11-15,0.1,2.983738812928756,34492.953,False
2023-11-15,0.5,-0.05006640826681713,35555.438,False
2023-11-15,0.9,-3.057806316741417,36641.098,False
2023-11-16,0.01,2.9317366357925185,36786.145,True
2023-11-16,0.05,2.9317366357925185,36786.145,True
2023-11-16,0.1,2.9317366357925185,36786.145,False
2023-11-16,0.5,-0.5529965734752751,38090.64,False
2023-11-16,0.9,-3.7921233951653948,39344.645,False
2023-11-17,0.01,2.2869349573131794,35337.316,True
2023-11-17,0.05,2.2869349573131794,35337.316,True
2023-11-17,0.1,2.2869349573131794,35337.316,False
2023-11-17,0.5,-0.7906968586452869,36441.777,False
2023-11-17,0.9,-3.7697210111258657,37543.72,False
2023-11-18,0.01,2.15175334157162,35817.625,True
2023-11-18,0.05,2.15175334157162,35817.625,True
2023-11-18,0.1,2.15175334157162,35817.625,False
2023-11-18,0.5,-1.017165416497658,36970.832,False
2023-11-18,0.9,-4.139610047582422,38143.438,False
2023-11-19,0.01,2.192363942684585,35792.34,True
2023-11-19,0.05,2.192363942684585,35792.34,True
2023-11-19,0.1,2.192363942684585,35792.34,False
2023-11-19,0.5,-0.9883687332696073,36949.098,False
2023-11-19,0.9,-4.085925223270208,38111.527,False
2023-11-20,0.01,2.2884992320501776,36540.67,True
2023-11-20,0.05,2.2884992320501776,36540.67,True
2023-11-20,0.1,2.2884992320501776,36540.67,False
2023-11-20,0.5,-1.0766870590807835,37791.258,False
2023-11-20,0.9,-4.228266625600944,39001.246,False
2023-11-21,0.01,2.0523638382155887,36715.633,True
2023-11-21,0.05,2.0523638382155887,36715.633,True
2023-11-21,0.1,2.0523638382155887,36715.633,False
2023-11-21,0.5,-1.264297454052262,37953.785,False
2023-11-21,0.9,-4.393673477006275,39160.28,False
2023-11-22,0.01,2.04996116140069,35087.117,True
2023-11-22,0.05,2.04996116140069,35087.117,True
2023-11-22,0.1,2.04996116140069,35087.117,False
2023-11-22,0.5,-1.2607982826378317,36268.21,False
2023-11-22,0.9,-4.425805260098568,37434.46,False
2023-11-23,0.01,2.2963980710036767,36582.54,True
2023-11-23,0.05,2.2963980710036767,36582.54,True
2023-11-23,0.1,2.2963980710036767,36582.54,False
2023-11-23,0.5,-1.0594872408864306,37831.04,False
2023-11-23,0.9,-4.225542565263229,39047.953,False
2023-11-24,0.01,1.7403396241701965,36646.27,True
2023-11-24,0.05,1.7403396241701965,36646.27,True
2023-11-24,0.1,1.7403396241701965,36646.27,False
2023-11-24,0.5,-1.502451093291623,37854.11,False
2023-11-24,0.9,-4.630268388362548,39056.83,False
2023-11-25,0.01,2.2573743246845557,36878.332,True
2023-11-25,0.05,2.2573743246845557,36878.332,True
2023-11-25,0.1,2.2573743246845557,36878.332,False
2023-11-25,0.5,-1.0787683131473764,38129.4,False
2023-11-25,0.9,-4.210089244942846,39342.242,False
2023-11-26,0.01,2.0827573779219084,37017.72,True
2023-11-26,0.05,2.0827573779219084,37017.72,True
2023-11-26,0.1,2.0827573779219084,37017.72,False
2023-11-26,0.5,-1.3672667262341165,38317.125,False
2023-11-26,0.9,-4.463302428219159,39521.992,False
2023-11-27,0.01,1.8632901708505463,36787.242,True
2023-11-27,0.05,1.8632901708505463,36787.242,True
2023-11-27,0.1,1.8632901708505463,36787.242,False
2023-11-27,0.5,-1.5400073472801674,38060.77,False
2023-11-27,0.9,-4.612085962198512,39248.17,False
2023-11-28,0.01,1.9327843496435175,36541.04,True
2023-11-28,0.05,1.9327843496435175,36541.04,True
2023-11-28,0.1,1.9327843496435175,36541.04,False
2023-11-28,0.5,-1.3802292139731454,37771.926,False
2023-11-28,0.9,-4.457029987497964,38952.156,False
2023-11-29,0.01,2.2490296717785325,36989.75,True
2023-11-29,0.05,2.2490296717785325,36989.75,True
2023-11-29,0.1,2.2490296717785325,36989.75,False
2023-11-29,0.5,-1.0497782281268806,38230.32,False
2023-11-29,0.9,-4.116494892193442,39420.9,False
2023-11-30,0.01,2.2907845966279523,37001.094,True
2023-11-30,0.05,2.2907845966279523,37001.094,True
2023-11-30,0.1,2.2907845966279523,37001.094,False
2023-11-30,0.5,-1.022104131785661,38247.43,False
2023-11-30,0.9,-4.093382744084946,39440.34,False
2023-12-01,0.01,2.274920759881153,36864.496,True
2023-12-01,0.05,2.274920759881153,36864.496,True
2023-12-01,0.1,2.274920759881153,36864.496,False
2023-12-01,0.5,-0.9256866720234556,38063.47,False
2023-12-01,0.9,-3.9849407570490616,39245.92,False
2023-12-02,0.01,2.338351367384563,37794.566,True
2023-12-02,0.05,2.338351367384563,37794.566,True
2023-12-02,0.1,2.338351367384563,37794.566,False
2023-12-02,0.5,-1.1663066762373049,39142.62,False
2023-12-02,0.9,-4.38999318807812,40425.016,False
2023-12-03,0.01,2.7515576318817585,38404.926,True
2023-12-03,0.05,2.7515576318817585,38404.926,True
2023-12-03,0.1,2.7515576318817585,38404.926,False
2023-12-03,0.5,-1.2027098042449031,39953.984,False
2023-12-03,0.9,-4.591416680653521,41331.11,False
2023-12-04,0.01,2.924220766773423,38826.26,True
2023-12-04,0.05,2.924220766773423,38826.26,True
2023-12-04,0.1,2.924220766773423,38826.26,False
2023-12-04,0.5,-1.1035117446809204,40422.0,False
2023-12-04,0.9,-4.666162153170812,41888.055,False
2023-12-05,0.01,3.3679876492311274,40589.758,True
2023-12-05,0.05,3.3679876492311274,40589.758,True
2023-12-05,0.1,3.3679876492311274,40589.758,False
2023-12-05,0.5,-1.6370761089419816,42673.0,False
2023-12-05,0.9,-5.742185550962662,44461.227,False
2023-12-06,0.01,3.85144734457707,42415.184,True
2023-12-06,0.05,3.85144734457707,42415.184,True
2023-12-06,0.1,3.85144734457707,42415.184,False
2023-12-06,0.5,-1.9481045531141088,44947.805,False
2023-12-06,0.9,-6.5267365621405515,47053.64,False
2023-12-07,0.01,3.482838021014306,42249.055,True
2023-12-07,0.05,3.482838021014306,42249.055,True
2023-12-07,0.1,3.482838021014306,42249.055,False
2023-12-07,0.5,-1.8015451997368381,44541.7,False
2023-12-07,0.9,-6.065965556189268,46482.227,False
2023-12-08,0.01,4.179441301195141,41520.562,True
2023-12-08,0.05,4.179441301195141,41520.562,True
2023-12-08,0.1,4.179441301195141,41520.562,False
2023-12-08,0.5,-0.6358564614311789,43568.82,False
2023-12-08,0.9,-4.565930034057356,45315.2,False
2023-12-09,0.01,3.8106598875391424,42515.227,True
2023-12-09,0.05,3.8106598875391424,42515.227,True
2023-12-09,0.1,3.8106598875391424,42515.227,False
2023-12-09,0.5,-1.1361585035858437,44671.266,False
2023-12-09,0.9,-5.094396989432144,46474.92,False
2023-12-10,0.01,3.871014889281536,42065.688,True
2023-12-10,0.05,3.871014889281536,42065.688,True
2023-12-10,0.1,3.871014889281536,42065.688,False
2023-12-10,0.5,-0.5325155655666348,43959.453,False
2023-12-10,0.9,-4.032578482676184,45525.305,False
2023-12-11,0.01,4.297844347847303,41937.977,True
2023-12-11,0.05,4.297844347847303,41937.977,True
2023-12-11,0.1,4.297844347847303,41937.977,False
2023-12-11,0.5,-0.06686081168315841,43808.98,False
2023-12-11,0.9,-3.630238978152874,45398.207,False
2023-12-12,0.01,4.500286196543343,39428.887,True
2023-12-12,0.05,4.500286196543343,39428.887,True
2023-12-12,0.1,4.500286196543343,39428.887,False
2023-12-12,0.5,0.013724584735642389,41238.17,False
2023-12-12,0.9,-3.6938957760167352,42795.824,False
2023-12-13,0.01,4.466774865554815,39639.477,True
2023-12-13,0.05,4.466774865554815,39639.477,True
2023-12-13,0.1,4.466774865554815,39639.477,False
2023-12-13,0.5,0.12405846218741688,41398.832,False
2023-12-13,0.9,-3.4591345064178625,42909.13,False
2023-12-14,0.01,3.745731920629386,41313.887,True
2023-12-14,0.05,3.745731920629386,41313.887,True
2023-12-14,0.1,3.745731920629386,41313.887,False
2023-12-14,0.5,-0.6543010682306106,43172.297,False
2023-12-14,0.9,-4.269631918161246,44761.676,False
2023-12-15,0.01,3.6126538696421413,41497.406,True
2023-12-15,0.05,3.6126538696421413,41497.406,True
2023-12-15,0.1,3.6126538696421413,41497.406,False
2023-12-15,0.5,-0.7018352965105612,43326.992,False
2023-12-15,0.9,-4.235890523027261,44885.57,False
2023-12-16,0.01,3.735427210220056,40392.395,True
2023-12-16,0.05,3.735427210220056,40392.395,True
2023-12-16,0.1,3.735427210220056,40392.395,False
2023-12-16,0.5,-0.4993095048844845,42139.64,False
2023-12-16,0.9,-4.093773944410476,43681.887,False
2023-12-17,0.01,3.868124282558206,40637.414,True
2023-12-17,0.05,3.868124282558206,40637.414,True
2023-12-17,0.1,3.868124282558206,40637.414,False
2023-12-17,0.5,-0.34833701993958827,42387.51,False
2023-12-17,0.9,-4.071054952164799,43995.22,False
2023-12-18,0.01,3.777148457810204,39831.4,True
2023-12-18,0.05,3.777148457810204,39831.4,True
2023-12-18,0.1,3.777148457810204,39831.4,False
2023-12-18,0.5,-0.3701488114104172,41518.06,False
2023-12-18,0.9,-4.104253134115725,43097.695,False
2023-12-19,0.01,4.610994741787048,40702.793,True
2023-12-19,0.05,4.610994741787048,40702.793,True
2023-12-19,0.1,4.610994741787048,40702.793,False
2023-12-19,0.5,0.4523198848667044,42431.18,False
2023-12-19,0.9,-3.2237770227788043,44020.016,False
2023-12-20,0.01,3.930883620517558,40641.156,True
2023-12-20,0.05,3.930883620517558,40641.156,True
2023-12-20,0.1,3.930883620517558,40641.156,False
2023-12-20,0.5,-0.0006006678964990915,42270.78,False
2023-12-20,0.9,-3.69967236789558,43863.688,False
2023-12-21,0.01,4.316749230300738,41807.984,True
2023-12-21,0.05,4.316749230300738,41807.984,True
2023-12-21,0.1,4.316749230300738,41807.984,False
2023-12-21,0.5,-0.03201284119830394,43666.227,False
2023-12-21,0.9,-3.728000066071549,45310.32,False
2023-12-22,0.01,3.7187840819070535,42267.715,True
2023-12-22,0.05,3.7187840819070535,42267.715,True
2023-12-22,0.1,3.7187840819070535,42267.715,False
2023-12-22,0.5,-0.8204704738530928,44230.566,False
2023-12-22,0.9,-4.5856415516261215,45927.67,False
2023-12-23,0.01,3.904122141525631,42313.27,True
2023-12-23,0.05,3.904122141525631,42313.27,True
2023-12-23,0.1,3.904122141525631,42313.27,False
2023-12-23,0.5,-0.4137931439530081,44180.34,False
2023-12-23,0.9,-4.195663551907454,45883.18,False
2023-12-24,0.01,3.7990886283329486,42109.008,True
2023-12-24,0.05,3.7990886283329486,42109.008,True
2023-12-24,0.1,3.7990886283329486,42109.008,False
2023-12-24,0.5,-0.465161812535023,43943.477,False
2023-12-24,0.9,-4.247427043876117,45637.367,False
2023-12-25,0.01,2.9406772312775855,41769.57,True
2023-12-25,0.05,2.9406772312775855,41769.57,True
2023-12-25,0.1,2.9406772312775855,41769.57,False
2023-12-25,0.5,-0.9654640054250204,43433.434,False
2023-12-25,0.9,-4.635799927924161,45057.203,False
2023-12-26,0.01,2.8492731342072886,42388.02,True
2023-12-26,0.05,2.8492731342072886,42388.02,True
2023-12-26,0.1,2.8492731342072886,42388.02,False
2023-12-26,0.5,-0.9507756124170841,44029.78,False
2023-12-26,0.9,-4.594712651701879,45663.79,False
2023-12-27,0.01,2.807352560565623,41343.305,True
2023-12-27,0.05,2.807352560565623,41343.305,True
2023-12-27,0.1,2.807352560565623,41343.305,False
2023-12-27,0.5,-1.1157231793983946,42997.47,False
2023-12-27,0.9,-4.919944708344979,44664.7,False
2023-12-28,0.01,4.095914229238351,41699.42,True
2023-12-28,0.05,4.095914229238351,41699.42,True
2023-12-28,0.1,4.095914229238351,41699.42,False
2023-12-28,0.5,0.15500204965922576,43375.57,False
2023-12-28,0.9,-3.6446488612673758,45055.402,False
2023-12-29,0.01,4.167646128616117,40887.79,True
2023-12-29,0.05,4.167646128616117,40887.79,True
2023-12-29,0.1,4.167646128616117,40887.79,False
2023-12-29,0.5,0.25283175988608114,42520.215,False
2023-12-29,0.9,-3.4417488579901714,44120.54,False
2023-12-30,0.01,3.7640537670886127,40544.21,True
2023-12-30,0.05,3.7640537670886127,40544.21,True
2023-12-30,0.1,3.7640537670886127,40544.21,False
2023-12-30,0.5,-0.16422681931908212,42168.598,False
2023-12-30,0.9,-3.8974542073831886,43772.6,False
2023-12-31,0.01,3.314200750343437,40782.637,True
2023-12-31,0.05,3.314200750343437,40782.637,True
2023-12-31,0.1,3.314200750343437,40782.637,False
2023-12-31,0.5,-0.49989893098463295,42368.17,False
2023-12-31,0.9,-4.098213118389187,43920.473,False
2024-01-01,0.01,3.3618498745487813,40867.914,True
2024-01-01,0.05,3.3618498745487813,40867.914,True
2024-01-01,0.1,3.3618498745487813,40867.914,False
2024-01-01,0.5,-0.29730560743962453,42391.03,False
2024-01-01,0.9,-3.837491100946021,43918.633,False
2024-01-02,0.01,4.20449487000388,42348.816,True
2024-01-02,0.05,4.20449487000388,42348.816,True
2024-01-02,0.1,4.20449487000388,42348.816,False
2024-01-02,0.5,0.18186064225848675,44087.082,False
2024-01-02,0.9,-3.5250085109831026,45752.0,False
2024-01-03,0.01,4.953214342488592,42785.355,True
2024-01-03,0.05,4.953214342488592,42785.355,True
2024-01-03,0.1,4.953214342488592,42785.355,False
2024-01-03,0.5,0.7778207468549709,44609.633,False
2024-01-03,0.9,-3.068548440082804,46358.91,False
2024-01-04,0.01,3.4849163043895883,41380.67,True
2024-01-04,0.05,3.4849163043895883,41380.67,True
2024-01-04,0.1,3.4849163043895883,41380.67,False
2024-01-04,0.5,-0.2826307957784702,42969.45,False
2024-01-04,0.9,-4.016081946992562,44604.016,False
2024-01-05,0.01,4.179944153682253,42371.29,True
2024-01-05,0.05,4.179944153682253,42371.29,True
2024-01-05,0.1,4.179944153682253,42371.29,False
2024-01-05,0.5,0.47189609699083945,43971.93,False
2024-01-05,0.9,-3.188002741111504,45611.07,False
2024-01-06,0.01,3.951809898905556,42451.5,True
2024-01-06,0.05,3.951809898905556,42451.5,True
2024-01-06,0.1,3.951809898905556,42451.5,False
2024-01-06,0.5,0.13381910504605618,44103.633,False
2024-01-06,0.9,-3.4746736312144493,45724.17,False
2024-01-07,0.01,3.726242039552319,42380.215,True
2024-01-07,0.05,3.726242039552319,42380.215,True
2024-01-07,0.1,3.726242039552319,42380.215,False
2024-01-07,0.5,-0.15219425447968352,44056.195,False
2024-01-07,0.9,-3.7712589042087776,45679.82,False
2024-01-08,0.01,3.424285929737858,42463.832,True
2024-01-08,0.05,3.424285929737858,42463.832,True
2024-01-08,0.1,3.424285929737858,42463.832,False
2024-01-08,0.5,-0.3475108039424931,44096.07,False
2024-01-08,0.9,-3.922222433941438,45700.89,False
2024-01-09,0.01,4.855164530425634,44744.484,True
2024-01-09,0.05,4.855164530425634,44744.484,True
2024-01-09,0.1,4.855164530425634,44744.484,False
2024-01-09,0.5,-0.2753172783617313,47100.0,False
2024-01-09,0.9,-4.431295239834544,49098.71,False
2024-01-10,0.01,3.9027653208178408,44373.69,True
2024-01-10,0.05,3.9027653208178408,44373.69,True
2024-01-10,0.1,3.9027653208178408,44373.69,False
2024-01-10,0.5,-0.7242139686712302,46475.094,False
2024-01-10,0.9,-4.654916563817385,48338.27,False
2024-01-11,0.01,4.011221350692148,44794.45,True
2024-01-11,0.05,4.011221350692148,44794.45,True
2024-01-11,0.1,4.011221350692148,44794.45,False
2024-01-11,0.5,-0.5275206990628633,46874.4,False
2024-01-11,0.9,-4.473757353215048,48761.156,False
2024-01-12,0.01,3.953597490320351,44571.125,True
2024-01-12,0.05,3.953597490320351,44571.125,True
2024-01-12,0.1,3.953597490320351,44571.125,False
2024-01-12,0.5,-0.5026201385672692,46602.23,False
2024-01-12,0.9,-4.489858526116205,48497.914,False
2024-01-13,0.01,2.456592527113556,41813.266,True
2024-01-13,0.05,2.456592527113556,41813.266,True
2024-01-13,0.1,2.456592527113556,41813.266,False
2024-01-13,0.5,-1.9880085779972845,43713.617,False
2024-01-13,0.9,-6.098782713377464,45548.03,False
2024-01-14,0.01,2.814021583519944,41653.594,True
2024-01-14,0.05,2.814021583519944,41653.594,True
2024-01-14,0.1,2.814021583519944,41653.594,False
2024-01-14,0.5,-1.494639383553811,43487.53,False
2024-01-14,0.9,-5.452648589660279,45243.29,False
2024-01-15,0.01,2.625042734209614,40713.375,True
2024-01-15,0.05,2.625042734209614,40713.375,True
2024-01-15,0.1,2.625042734209614,40713.375,False
2024-01-15,0.5,-1.703847185089948,42514.516,False
2024-01-15,0.9,-5.724467824309744,44258.69,False
2024-01-16,0.01,2.6723226155346405,41390.957,True
2024-01-16,0.05,2.6723226155346405,41390.957,True
2024-01-16,0.1,2.6723226155346405,41390.957,False
2024-01-16,0.5,-1.2493457925527753,43046.42,False
2024-01-16,0.9,-4.956763652187051,44672.285,False
2024-01-17,0.01,2.7140328064008017,41999.457,True
2024-01-17,0.05,2.7140328064008017,41999.457,True
2024-01-17,0.1,2.7140328064008017,41999.457,False
2024-01-17,0.5,-1.1913455509293818,43672.145,False
2024-01-17,0.9,-4.879505206774713,45312.914,False
2024-01-18,0.01,2.2993396992858384,41771.066,True
2024-01-18,0.05,2.2993396992858384,41771.066,True
2024-01-18,0.1,2.2993396992858384,41771.066,False
2024-01-18,0.5,-1.5509710693296055,43410.746,False
2024-01-18,0.9,-5.2158867117196746,45031.227,False
2024-01-19,0.01,3.1743864084520466,39972.812,True
2024-01-19,0.05,3.1743864084520466,39972.812,True
2024-01-19,0.1,3.1743864084520466,39972.812,False
2024-01-19,0.5,-0.8515402262221392,41614.92,False
2024-01-19,0.9,-4.709032154531957,43251.58,False
2024-01-20,0.01,3.039560232939058,40372.42,True
2024-01-20,0.05,3.039560232939058,40372.42,True
2024-01-20,0.1,3.039560232939058,40372.42,False
2024-01-20,0.5,-0.6750571335433273,41900.305,False
2024-01-20,0.9,-4.42771374742041,43502.555,False
2024-01-21,0.01,2.7033385706209945,40554.312,True
2024-01-21,0.05,2.7033385706209945,40554.312,True
2024-01-21,0.1,2.7033385706209945,40554.312,False
2024-01-21,0.5,-0.8596232719390728,42025.297,False
2024-01-21,0.9,-4.570779407516805,43614.223,False
2024-01-22,0.01,3.0553755246803473,40295.6,True
2024-01-22,0.05,3.0553755246803473,40295.6,True
2024-01-22,0.1,3.0553755246803473,40295.6,False
2024-01-22,0.5,-0.4571359234492752,41736.14,False
2024-01-22,0.9,-4.04728872012753,43261.754,False
2024-01-23,0.01,4.67321651642929,37703.58,True
2024-01-23,0.05,4.67321651642929,37703.58,True
2024-01-23,0.1,4.67321651642929,37703.58,False
2024-01-23,0.5,0.18789852676924246,39433.203,False
2024-01-23,0.9,-4.280071835029669,41235.02,False
2024-01-24,0.01,4.997749651121298,37903.113,True
2024-01-24,0.05,4.997749651121298,37903.113,True
2024-01-24,0.1,4.997749651121298,37903.113,False
2024-01-24,0.5,0.9608028448107762,39464.547,False
2024-01-24,0.9,-3.162996501437488,41126.008,False
2024-01-25,0.01,3.497646332917728,38699.55,True
2024-01-25,0.05,3.497646332917728,38699.55,True
2024-01-25,0.1,3.497646332917728,38699.55,False
2024-01-25,0.5,-0.6281080110096247,40329.594,False
2024-01-25,0.9,-4.631488111998624,41976.895,False
2024-01-26,0.01,2.7283990167017205,38858.984,True
2024-01-26,0.05,2.7283990167017205,38858.984,True
2024-01-26,0.1,2.7283990167017205,38858.984,False
2024-01-26,0.5,-1.1792596370347845,40407.52,False
2024-01-26,0.9,-4.989054802279727,41976.664,False
2024-01-27,0.01,2.2234374777185764,40897.36,True
2024-01-27,0.05,2.2234374777185764,40897.36,True
2024-01-27,0.1,2.2234374777185764,40897.36,False
2024-01-27,0.5,-1.755824924811375,42557.586,False
2024-01-27,0.9,-5.414413675212359,44143.426,False
2024-01-28,0.01,1.9762315512665833,41295.836,True
2024-01-28,0.05,1.9762315512665833,41295.836,True
2024-01-28,0.1,1.9762315512665833,41295.836,False
2024-01-28,0.5,-1.9977666709450836,42969.977,False
2024-01-28,0.9,-5.663147604699889,44574.21,False
2024-01-29,0.01,2.866250302763752,40847.85,True
2024-01-29,0.05,2.866250302763752,40847.85,True
2024-01-29,0.1,2.866250302763752,40847.85,False
2024-01-29,0.5,-1.0951500078348966,42498.477,False
2024-01-29,0.9,-4.773186273196907,44090.688,False
2024-01-30,0.01,3.2771068509319616,41892.637,True
2024-01-30,0.05,3.2771068509319616,41892.637,True
2024-01-30,0.1,3.2771068509319616,41892.637,False
2024-01-30,0.5,-0.9888421118384033,43718.42,False
2024-01-30,0.9,-4.701575121400924,45372.08,False
2024-01-31,0.01,3.335990239937301,41543.35,True
2024-01-31,0.05,3.335990239937301,41543.35,True
2024-01-31,0.1,3.335990239937301,41543.35,False
2024-01-31,0.5,-0.6457900111515992,43230.89,False
2024-01-31,0.9,-4.208022100884653,44798.633,False
2024-02-01,0.01,3.2589558142737145,41217.227,True
2024-02-01,0.05,3.2589558142737145,41217.227,True
2024-02-01,0.1,3.2589558142737145,41217.227,False
2024-02-01,0.5,-0.4752408297655988,42785.457,False
2024-02-01,0.9,-3.9003803490273423,44276.305,False
2024-02-02,0.01,2.7283896241985897,41916.387,True
2024-02-02,0.05,2.7283896241985897,41916.387,True
2024-02-02,0.1,2.7283896241985897,41916.387,False
2024-02-02,0.5,-0.9781072903049646,43499.168,False
2024-02-02,0.9,-4.362900621536989,44996.727,False
2024-02-03,0.01,2.555899617898388,42096.06,True
2024-02-03,0.05,2.555899617898388,42096.06,True
2024-02-03,0.1,2.555899617898388,42096.06,False
2024-02-03,0.5,-1.0845870838276321,43656.797,False
2024-02-03,0.9,-4.413502008308283,45134.555,False
2024-02-04,0.01,3.03010609408883,41709.08,True
2024-02-04,0.05,3.03010609408883,41709.08,True
2024-02-04,0.1,3.03010609408883,41709.08,False
2024-02-04,0.5,-0.4901553180044158,43203.496,False
2024-02-04,0.9,-3.7695240513502286,44643.785,False
2024-02-05,0.01,2.6392919834081847,41474.38,True
2024-02-05,0.05,2.6392919834081847,41474.38,True
2024-02-05,0.1,2.6392919834081847,41474.38,False
2024-02-05,0.5,-0.8798487272820535,42959.906,False
2024-02-05,0.9,-4.237931546147582,44427.03,False
2024-02-06,0.01,2.3331684036176936,41674.89,True
2024-02-06,0.05,2.3331684036176936,41674.89,True
2024-02-06,0.1,2.3331684036176936,41674.89,False
2024-02-06,0.5,-1.106937862251056,43133.496,False
2024-02-06,0.9,-4.457028283054319,44602.984,False
2024-02-07,0.01,2.286117927178493,42110.88,True
2024-02-07,0.05,2.286117927178493,42110.88,True
2024-02-07,0.1,2.286117927178493,42110.88,False
2024-02-07,0.5,-1.2483144724851312,43625.875,False
2024-02-07,0.9,-4.531524097046279,45081.977,False
2024-02-08,0.01,2.825675259858359,43083.46,True
2024-02-08,0.05,2.825675259858359,43083.46,True
2024-02-08,0.1,2.825675259858359,43083.46,False
2024-02-08,0.5,-1.254227025584214,44877.574,False
2024-02-08,0.9,-4.900703033335948,46544.227,False
2024-02-09,0.01,3.269722718016836,43844.285,True
2024-02-09,0.05,3.269722718016836,43844.285,True
2024-02-09,0.1,3.269722718016836,43844.285,False
2024-02-09,0.5,-0.9976027232158016,45755.758,False
2024-02-09,0.9,-4.785197330261366,47522.04,False
2024-02-10,0.01,4.088669729088087,45258.383,True
2024-02-10,0.05,4.088669729088087,45258.383,True
2024-02-10,0.1,4.088669729088087,45258.383,False
2024-02-10,0.5,-0.9173857598326535,47581.71,False
2024-02-10,0.9,-5.0626128101893295,49595.53,False
2024-02-11,0.01,4.409995394740793,45710.344,True
2024-02-11,0.05,4.409995394740793,45710.344,True
2024-02-11,0.1,4.409995394740793,45710.344,False
2024-02-11,0.5,-0.6366650714480176,48076.39,False
2024-02-11,0.9,-4.789564208631146,50114.992,False
2024-02-12,0.01,4.752671912015376,46052.355,True
2024-02-12,0.05,4.752671912015376,46052.355,True
2024-02-12,0.1,4.752671912015376,46052.355,False
2024-02-12,0.5,-0.06779902204620307,48326.67,False
2024-02-12,0.9,-3.9829752916478722,50256.273,False
2024-02-13,0.01,5.404392082289043,47329.945,True
2024-02-13,0.05,5.404392082289043,47329.945,True
2024-02-13,0.1,5.404392082289043,47329.945,False
2024-02-13,0.5,0.18061848352300616,49868.07,False
2024-02-13,0.9,-3.988486978613574,51991.07,False
2024-02-14,0.01,5.5786479223821175,47043.47,True
2024-02-14,0.05,5.5786479223821175,47043.47,True
2024-02-14,0.1,5.5786479223821175,47043.47,False
2024-02-14,0.5,0.6215964962069124,49434.203,False
2024-02-14,0.9,-3.308313821968092,51415.6,False
2024-02-15,0.01,5.801255013338437,48905.645,True
2024-02-15,0.05,5.801255013338437,48905.645,True
2024-02-15,0.1,5.801255013338437,48905.645,False
2024-02-15,0.5,0.2777596429265318,51682.94,False
2024-02-15,0.9,-4.064267292411931,53976.46,False
2024-02-16,0.01,5.401580466314403,49207.477,True
2024-02-16,0.05,5.401580466314403,49207.477,True
2024-02-16,0.1,5.401580466314403,49207.477,False
2024-02-16,0.5,0.06623598971849073,51904.164,False
2024-02-16,0.9,-4.112055399153343,54118.816,False
2024-02-17,0.01,5.742694185836855,49249.188,True
2024-02-17,0.05,5.742694185836855,49249.188,True
2024-02-17,0.1,5.742694185836855,49249.188,False
2024-02-17,0.5,0.7469443886479207,51772.047,False
2024-02-17,0.9,-3.1205569420568735,53813.555,False
2024-02-18,0.01,5.2914468988522705,49000.344,True
2024-02-18,0.05,5.2914468988522705,49000.344,True
2024-02-18,0.1,5.2914468988522705,49000.344,False
2024-02-18,0.5,0.6605984271068165,51322.836,False
2024-02-18,0.9,-3.0662189711680883,53271.633,False
2024-02-19,0.01,5.473948287847759,49346.07,True
2024-02-19,0.05,5.473948287847759,49346.07,True
2024-02-19,0.1,5.473948287847759,49346.07,False
2024-02-19,0.5,0.8816593351497198,51665.023,False
2024-02-19,0.9,-2.8569337093841343,53633.13,False
2024-02-20,0.01,6.078719067408287,48725.39,True
2024-02-20,0.05,6.078719067408287,48725.39,True
2024-02-20,0.1,6.078719067408287,48725.39,False
2024-02-20,0.5,1.6334075693474095,50940.25,False
2024-02-20,0.9,-2.0770371004378703,52865.863,False
2024-02-21,0.01,5.864709447420827,49306.703,True
2024-02-21,0.05,5.864709447420827,49306.703,True
2024-02-21,0.1,5.864709447420827,49306.703,False
2024-02-21,0.5,1.4500292459729986,51532.2,False
2024-02-21,0.9,-2.214152288103433,53455.453,False
2024-02-22,0.01,5.8503841900206455,48893.4,True
2024-02-22,0.05,5.8503841900206455,48893.4,True
2024-02-22,0.1,5.8503841900206455,48893.4,False
2024-02-22,0.5,1.6226849659352303,51004.78,False
2024-02-22,0.9,-2.009139534893184,52891.234,False
2024-02-23,0.01,6.393523967344453,48127.438,True
2024-02-23,0.05,6.393523967344453,48127.438,True
2024-02-23,0.1,6.393523967344453,48127.438,False
2024-02-23,0.5,2.187327188587914,50194.95,False
2024-02-23,0.9,-1.3977687005406727,52027.133,False
2024-02-24,0.01,6.735240955179372,47427.56,True
2024-02-24,0.05,6.735240955179372,47427.56,True
2024-02-24,0.1,6.735240955179372,47427.56,False
2024-02-24,0.5,2.369928356394352,49543.773,False
2024-02-24,0.9,-1.3906982400800316,51442.406,False
2024-02-25,0.01,5.775434760520902,48677.023,True
2024-02-25,0.05,5.775434760520902,48677.023,True
2024-02-25,0.1,5.775434760520902,48677.023,False
2024-02-25,0.5,1.5500124721800206,50777.906,False
2024-02-25,0.9,-2.1142708494938045,52673.062,False
2024-02-26,0.01,5.505192585347308,48962.2,True
2024-02-26,0.05,5.505192585347308,48962.2,True
2024-02-26,0.1,5.505192585347308,48962.2,False
2024-02-26,0.5,1.0592604934860945,51188.14,False
2024-02-26,0.9,-2.731016316374127,53165.55,False
2024-02-27,0.01,5.579306618699805,51563.734,True
2024-02-27,0.05,5.579306618699805,51563.734,True
2024-02-27,0.1,5.579306618699805,51563.734,False
2024-02-27,0.5,0.47788646679178326,54262.47,False
2024-02-27,0.9,-3.620291906635717,56532.438,False
2024-02-28,0.01,6.485535289819845,53500.582,True
2024-02-28,0.05,6.485535289819845,53500.582,True
2024-02-28,0.1,6.485535289819845,53500.582,False
2024-02-28,0.5,0.6230736645213506,56730.793,False
2024-02-28,0.9,-3.9948077343476185,59411.984,False
2024-02-29,0.01,8.892880593629801,57186.3,True
2024-02-29,0.05,8.892880593629801,57186.3,True
2024-02-29,0.1,8.892880593629801,57186.3,False
2024-02-29,0.5,0.7466233110941439,62039.85,False
2024-02-29,0.9,-6.457224454733085,66674.02,False
2024-03-01,0.01,7.806692057233835,56602.54,True
2024-03-01,0.05,7.806692057233835,56602.54,True
2024-03-01,0.1,7.806692057233835,56602.54,False
2024-03-01,0.5,0.660717604186511,60795.367,False
2024-03-01,0.9,-4.971232756334331,64317.586,False
2024-03-02,0.01,7.920767956965779,57685.656,True
2024-03-02,0.05,7.920767956965779,57685.656,True
2024-03-02,0.1,7.920767956965779,57685.656,False
2024-03-02,0.5,0.7699475490529808,61961.72,False
2024-03-02,0.9,-4.764591754684484,65487.688,False
2024-03-03,0.01,7.522806359197791,57534.664,True
2024-03-03,0.05,7.522806359197791,57534.664,True
2024-03-03,0.1,7.522806359197791,57534.664,False
2024-03-03,0.5,0.5973481973650846,61660.418,False
2024-03-03,0.9,-4.719883934717837,65027.777,False
2024-03-04,0.01,7.988205078490412,58317.71,True
2024-03-04,0.05,7.988205078490412,58317.71,True
2024-03-04,0.1,7.988205078490412,58317.71,False
2024-03-04,0.5,1.0535084649098434,62505.39,False
2024-03-04,0.9,-4.19793022678626,65875.54,False
2024-03-05,0.01,8.926566476272281,62495.17,True
2024-03-05,0.05,8.926566476272281,62495.17,True
2024-03-05,0.1,8.926566476272281,62495.17,False
2024-03-05,0.5,-0.4438989310938031,68634.41,False
2024-03-05,0.9,-8.811536867205987,74624.61,False
2024-03-06,0.01,7.569803787449658,59149.844,True
2024-03-06,0.05,7.569803787449658,59149.844,True
2024-03-06,0.1,7.569803787449658,59149.844,False
2024-03-06,0.5,0.7271165237055602,63338.973,False
2024-03-06,0.9,-4.4900669793498595,66731.2,False
2024-03-07,0.01,8.126506599610313,60947.12,True
2024-03-07,0.05,8.126506599610313,60947.12,True
2024-03-07,0.1,8.126506599610313,60947.12,False
2024-03-07,0.5,0.9662660150061098,65471.113,False
2024-03-07,0.9,-4.474738973160865,69132.09,False
2024-03-08,0.01,6.774380685785906,62541.855,True
2024-03-08,0.05,6.774380685785906,62541.855,True
2024-03-08,0.1,6.774380685785906,62541.855,False
2024-03-08,0.5,-0.4545094962951227,67230.36,False
2024-03-08,0.9,-5.9943444324778525,71059.91,False
2024-03-09,0.01,6.933639568459296,63724.86,True
2024-03-09,0.05,6.933639568459296,63724.86,True
2024-03-09,0.1,6.933639568459296,63724.86,False
2024-03-09,0.5,-0.18309977101924718,68425.266,False
2024-03-09,0.9,-5.703346594020358,72308.71,False
2024-03-10,0.01,7.738937204903122,63397.73,True
2024-03-10,0.05,7.738937204903122,63397.73,True
2024-03-10,0.1,7.738937204903122,63397.73,False
2024-03-10,0.5,0.895124263759035,67888.47,False
2024-03-10,0.9,-4.388224311515209,71571.695,False
2024-03-11,0.01,8.69033871961706,63274.973,True
2024-03-11,0.05,8.69033871961706,63274.973,True
2024-03-11,0.1,8.69033871961706,63274.973,False
2024-03-11,0.5,1.954298457515438,67684.03,False
2024-03-11,0.9,-3.3268244709347696,71354.58,False
2024-03-12,0.01,7.778186263066223,66726.6,True
2024-03-12,0.05,7.778186263066223,66726.6,True
2024-03-12,0.1,7.778186263066223,66726.6,False
2024-03-12,0.5,0.5718747070803326,71712.625,False
2024-03-12,0.9,-5.104501998746208,75901.055,False
2024-03-13,0.01,8.227782283295184,65835.414,True
2024-03-13,0.05,8.227782283295184,65835.414,True
2024-03-13,0.1,8.227782283295184,65835.414,False
2024-03-13,0.5,1.5473755357413725,70383.72,False
2024-03-13,0.9,-3.7036415025712905,74178.336,False
2024-03-14,0.01,7.376531500129156,67886.51,True
2024-03-14,0.05,7.376531500129156,67886.51,True
2024-03-14,0.1,7.376531500129156,67886.51,False
2024-03-14,0.5,0.5029039747512598,72716.88,False
2024-03-14,0.9,-4.885018829393566,76742.28,False
2024-03-15,0.01,7.563236586452803,66195.85,True
2024-03-15,0.05,7.563236586452803,66195.85,True
2024-03-15,0.1,7.563236586452803,66195.85,False
2024-03-15,0.5,1.193025512071167,70549.875,False
2024-03-15,0.9,-3.7785750064386336,74145.984,False
2024-03-16,0.01,8.868260635655654,63513.89,True
2024-03-16,0.05,8.868260635655654,63513.89,True
2024-03-16,0.1,8.868260635655654,63513.89,False
2024-03-16,0.5,2.3679374248320326,67779.64,False
2024-03-16,0.9,-2.8366697488572346,71400.72,False
2024-03-17,0.01,9.86995375867634,59176.47,True
2024-03-17,0.05,9.86995375867634,59176.47,True
2024-03-17,0.1,9.86995375867634,59176.47,False
2024-03-17,0.5,2.8465081385345354,63482.13,False
2024-03-17,0.9,-2.7653053669392413,67146.484,False
2024-03-18,0.01,8.265549660550253,62965.08,True
2024-03-18,0.05,8.265549660550253,62965.08,True
2024-03-18,0.1,8.265549660550253,62965.08,False
2024-03-18,0.5,1.929426441659844,67083.73,False
2024-03-18,0.9,-3.180910815882021,70601.04,False
2024-03-19,0.01,7.680076428229847,62555.02,True
2024-03-19,0.05,7.680076428229847,62555.02,True
2024-03-19,0.1,7.680076428229847,62555.02,False
2024-03-19,0.5,1.4686289626239337,66563.805,False
2024-03-19,0.9,-3.6189813248616343,70037.94,False
2024-03-20,0.01,10.353620509802266,55823.242,True
2024-03-20,0.05,10.353620509802266,55823.242,True
2024-03-20,0.1,10.353620509802266,55823.242,False
2024-03-20,0.5,3.149732343608459,59993.08,False
2024-03-20,0.9,-2.7666182517612827,63649.58,False
2024-03-21,0.01,7.723126900635633,62866.04,True
2024-03-21,0.05,7.723126900635633,62866.04,True
2024-03-21,0.1,7.723126900635633,62866.04,False
2024-03-21,0.5,1.173377220018435,67121.445,False
2024-03-21,0.9,-4.09670670812908,70753.67,False
2024-03-22,0.01,7.196751375310383,60943.742,True
2024-03-22,0.05,7.196751375310383,60943.742,True
2024-03-22,0.1,7.196751375310383,60943.742,False
2024-03-22,0.5,1.0823133080858829,64786.39,False
2024-03-22,0.9,-3.9720929039254678,68145.125,False
2024-03-23,0.01,8.66531413629605,58484.812,True
2024-03-23,0.05,8.66531413629605,58484.812,True
2024-03-23,0.1,8.66531413629605,58484.812,False
2024-03-23,0.5,2.3838419741791297,62276.355,False
2024-03-23,0.9,-2.895329228280085,65652.36,False
2024-03-24,0.01,7.368607984517442,59511.434,True
2024-03-24,0.05,7.368607984517442,59511.434,True
2024-03-24,0.1,7.368607984517442,59511.434,False
2024-03-24,0.5,1.2712101374721227,63252.992,False
2024-03-24,0.9,-3.845206529042379,66573.5,False
2024-03-25,0.01,6.832272289177767,62793.96,True
2024-03-25,0.05,6.832272289177767,62793.96,True
2024-03-25,0.1,6.832272289177767,62793.96,False
2024-03-25,0.5,0.9216902564408861,66617.33,False
2024-03-25,0.9,-3.9416894826504865,69937.26,False
2024-03-26,0.01,7.599891988841629,64839.03,True
2024-03-26,0.05,7.599891988841629,64839.03,True
2024-03-26,0.1,7.599891988841629,64839.03,False
2024-03-26,0.5,1.1606135335987668,69151.555,False
2024-03-26,0.9,-3.9100429964596324,72748.414,False
2024-03-27,0.01,7.506938411566735,64926.254,True
2024-03-27,0.05,7.506938411566735,64926.254,True
2024-03-27,0.1,7.506938411566735,64926.254,False
2024-03-27,0.5,1.2028935305588069,69151.0,False
2024-03-27,0.9,-3.705552933228521,72629.92,False
2024-03-28,0.01,7.334719741140752,64543.332,True
2024-03-28,0.05,7.334719741140752,64543.332,True
2024-03-28,0.1,7.334719741140752,64543.332,False
2024-03-28,0.5,1.4983433982638856,68422.42,False
2024-03-28,0.9,-3.168425791443725,71691.22,False
2024-03-29,0.01,6.756786431641702,66122.78,True
2024-03-29,0.05,6.756786431641702,66122.78,True
2024-03-29,0.1,6.756786431641702,66122.78,False
2024-03-29,0.5,0.8287819501713253,70161.055,False
2024-03-29,0.9,-3.7626445753269477,73457.55,False
2024-03-30,0.01,6.064363827685865,65780.234,True
2024-03-30,0.05,6.064363827685865,65780.234,True
2024-03-30,0.1,6.064363827685865,65780.234,False
2024-03-30,0.5,0.3989489718292705,69614.55,False
2024-03-30,0.9,-4.11503273105461,72828.94,False
2024-03-31,0.01,6.335830104046311,65369.58,True
2024-03-31,0.05,6.335830104046311,65369.58,True
2024-03-31,0.1,6.335830104046311,65369.58,False
2024-03-31,0.5,0.9509208091538237,68986.17,False
2024-03-31,0.9,-3.443643733839801,72085.414,False
2024-04-01,0.01,6.278164000584918,66992.89,True
2024-04-01,0.05,6.278164000584918,66992.89,True
2024-04-01,0.1,6.278164000584918,66992.89,False
2024-04-01,0.5,0.7823457920927405,70777.75,False
2024-04-01,0.9,-3.6056541792094112,73952.625,False
2024-04-02,0.01,6.6332435603489,65228.645,True
2024-04-02,0.05,6.6332435603489,65228.645,True
2024-04-02,0.1,6.6332435603489,65228.645,False
2024-04-02,0.5,1.1848835200113368,68881.13,False
2024-04-02,0.9,-3.084865066113397,71885.875,False
2024-04-03,0.01,7.90756797441529,60471.04,True
2024-04-03,0.05,7.90756797441529,60471.04,True
2024-04-03,0.1,7.90756797441529,60471.04,False
2024-04-03,0.5,2.1185598956618192,64075.023,False
2024-04-03,0.9,-2.62529115479838,67187.9,False
2024-04-04,0.01,7.097538951887226,61460.125,True
2024-04-04,0.05,7.097538951887226,61460.125,True
2024-04-04,0.1,7.097538951887226,61460.125,False
2024-04-04,0.5,1.5851130822527988,64943.188,False
2024-04-04,0.9,-2.949634189327459,67955.99,False
2024-04-05,0.01,6.053844254173874,64484.47,True
2024-04-05,0.05,6.053844254173874,64484.47,True
2024-04-05,0.1,6.053844254173874,64484.47,False
2024-04-05,0.5,0.7184723795508395,68018.39,False
2024-04-05,0.9,-3.56109546972607,70992.47,False
2024-04-06,0.01,5.490489920485645,64213.426,True
2024-04-06,0.05,5.490489920485645,64213.426,True
2024-04-06,0.1,5.490489920485645,64213.426,False
2024-04-06,0.5,0.24539431220647426,67671.375,False
2024-04-06,0.9,-4.011187658770003,70614.05,False
2024-04-07,0.01,5.6855067199382745,65088.29,True
2024-04-07,0.05,5.6855067199382745,65088.29,True
2024-04-07,0.1,5.6855067199382745,65088.29,False
2024-04-07,0.5,0.5792423654333495,68498.19,False
2024-04-07,0.9,-3.7347054305976077,71517.83,False
2024-04-08,0.01,6.463542760062666,65021.094,True
2024-04-08,0.05,6.463542760062666,65021.094,True
2024-04-08,0.1,6.463542760062666,65021.094,False
2024-04-08,0.5,1.2812163251071231,68479.54,False
2024-04-08,0.9,-3.0663173726252615,71522.375,False
2024-04-09,0.01,6.234253996306207,67302.03,True
2024-04-09,0.05,6.234253996306207,67302.03,True
2024-04-09,0.1,6.234253996306207,67302.03,False
2024-04-09,0.5,0.5344717999328388,71249.53,False
2024-04-09,0.9,-4.09786262855558,74627.69,False
2024-04-10,0.01,5.534336305807651,65416.586,True
2024-04-10,0.05,5.534336305807651,65416.586,True
2024-04-10,0.1,5.534336305807651,65416.586,False
2024-04-10,0.5,0.4767615943936901,68810.17,False
2024-04-10,0.9,-3.896048636548778,71885.87,False
2024-04-11,0.01,5.848078527208108,66578.234,True
2024-04-11,0.05,5.848078527208108,66578.234,True
2024-04-11,0.1,5.848078527208108,66578.234,False
2024-04-11,0.5,0.5637287499429178,70191.08,False
2024-04-11,0.9,-3.6748808541256497,73230.16,False
2024-04-12,0.01,5.361836179584108,66403.01,True
2024-04-12,0.05,5.361836179584108,66403.01,True
2024-04-12,0.1,5.361836179584108,66403.01,False
2024-04-12,0.5,0.0963246220684989,69993.16,False
2024-04-12,0.9,-4.096504791624285,72990.24,False
2024-04-13,0.01,6.1342922578729375,63197.758,True
2024-04-13,0.05,6.1342922578729375,63197.758,True
2024-04-13,0.1,6.1342922578729375,63197.758,False
2024-04-13,0.5,0.9372272296061049,66569.03,False
2024-04-13,0.9,-3.4441474292788037,69550.51,False
2024-04-14,0.01,8.376376903175567,58693.32,True
2024-04-14,0.05,8.376376903175567,58693.32,True
2024-04-14,0.1,8.376376903175567,58693.32,False
2024-04-14,0.5,2.372405790796131,62325.188,False
2024-04-14,0.9,-2.6575357998818143,65540.29,False
2024-04-15,0.01,6.330221520674471,61706.297,True
2024-04-15,0.05,6.330221520674471,61706.297,True
2024-04-15,0.1,6.330221520674471,61706.297,False
2024-04-15,0.5,1.1032333602799453,65017.46,False
2024-04-15,0.9,-3.4477609362960284,68044.766,False
2024-04-16,0.01,7.454663635677485,58869.938,True
2024-04-16,0.05,7.454663635677485,58869.938,True
2024-04-16,0.1,7.454663635677485,58869.938,False
2024-04-16,0.5,1.964667820514617,62192.258,False
2024-04-16,0.9,-2.8569549686116114,65264.402,False
2024-04-17,0.01,6.609359349175453,59730.664,True
2024-04-17,0.05,6.609359349175453,59730.664,True
2024-04-17,0.1,6.609359349175453,59730.664,False
2024-04-17,0.5,1.4156744029436568,62914.86,False
2024-04-17,0.9,-3.0978453447694774,65819.59,False
2024-04-18,0.01,7.823521346260022,56665.43,True
2024-04-18,0.05,7.823521346260022,56665.43,True
2024-04-18,0.1,7.823521346260022,56665.43,False
2024-04-18,0.5,2.0894696726445465,60009.617,False
2024-04-18,0.9,-2.821821207769166,63030.438,False
2024-04-19,0.01,6.640951023329715,59431.906,True
2024-04-19,0.05,6.640951023329715,59431.906,True
2024-04-19,0.1,6.640951023329715,59431.906,False
2024-04-19,0.5,1.466354831209001,62588.227,False
2024-04-19,0.9,-2.905130331745153,65384.945,False
2024-04-20,0.01,5.863284957135459,60207.867,True
2024-04-20,0.05,5.863284957135459,60207.867,True
2024-04-20,0.1,5.863284957135459,60207.867,False
2024-04-20,0.5,0.9705440915415453,63226.938,False
2024-04-20,0.9,-3.1483932345870795,65885.59,False
2024-04-21,0.01,5.318214071225389,61628.203,True
2024-04-21,0.05,5.318214071225389,61628.203,True
2024-04-21,0.1,5.318214071225389,61628.203,False
2024-04-21,0.5,0.49009296817853765,64676.688,False
2024-04-21,0.9,-3.5541296419182364,67345.97,False
2024-04-22,0.01,5.633951656987395,61369.844,True
2024-04-22,0.05,5.633951656987395,61369.844,True
2024-04-22,0.1,5.633951656987395,61369.844,False
2024-04-22,0.5,1.1057271154038715,64212.688,False
2024-04-22,0.9,-2.78749162862382,66761.93,False
2024-04-23,0.01,5.110104497138903,63508.004,True
2024-04-23,0.05,5.110104497138903,63508.004,True
2024-04-23,0.1,5.110104497138903,63508.004,False
2024-04-23,0.5,0.469269494871657,66524.766,False
2024-04-23,0.9,-3.470587498209262,69198.06,False
2024-04-24,0.01,5.178188297953242,63056.094,True
2024-04-24,0.05,5.178188297953242,63056.094,True
2024-04-24,0.1,5.178188297953242,63056.094,False
2024-04-24,0.5,0.6756078984437722,65960.13,False
2024-04-24,0.9,-3.2590029853477627,68607.14,False
2024-04-25,0.01,5.5765541231501725,60790.574,True
2024-04-25,0.05,5.5765541231501725,60790.574,True
2024-04-25,0.1,5.5765541231501725,60790.574,False
2024-04-25,0.5,1.1688299556849593,63529.984,False
2024-04-25,0.9,-2.7890566319966545,66094.85,False
2024-04-26,0.01,5.294925156823746,61156.266,True
2024-04-26,0.05,5.294925156823746,61156.266,True
2024-04-26,0.1,5.294925156823746,61156.266,False
2024-04-26,0.5,1.1170750149139081,63765.406,False
2024-04-26,0.9,-2.821077093731826,66326.69,False
2024-04-27,0.01,4.950169980193297,60676.164,True
2024-04-27,0.05,4.950169980193297,60676.164,True
2024-04-27,0.1,4.950169980193297,60676.164,False
2024-04-27,0.5,0.7307399051929241,63291.133,False
2024-04-27,0.9,-3.121997216247795,65777.16,False
2024-04-28,0.01,4.564965224541565,60589.164,True
2024-04-28,0.05,4.564965224541565,60589.164,True
2024-04-28,0.1,4.564965224541565,60589.164,False
2024-04-28,0.5,0.3916735072921843,63171.23,False
2024-04-28,0.9,-3.4615674148465834,65652.875,False
2024-04-29,0.01,5.347518630615333,59826.89,True
2024-04-29,0.05,5.347518630615333,59826.89,True
2024-04-29,0.1,5.347518630615333,59826.89,False
2024-04-29,0.5,1.1336476354351253,62401.79,False
2024-04-29,0.9,-2.773300697424814,64888.047,False
2024-04-30,0.01,5.631061640229969,60345.53,True
2024-04-30,0.05,5.631061640229969,60345.53,True
2024-04-30,0.1,5.631061640229969,60345.53,False
2024-04-30,0.5,1.3261547509556577,63000.08,False
2024-04-30,0.9,-2.5209066561938047,65470.953,False
2024-05-01,0.01,7.374012504812384,56326.367,True
2024-05-01,0.05,7.374012504812384,56326.367,True
2024-05-01,0.1,7.374012504812384,56326.367,False
2024-05-01,0.5,2.6186977179022755,59069.57,False
2024-05-01,0.9,-1.591674574723542,61609.72,False
2024-05-02,0.01,9.50564942121775,52971.63,True
2024-05-02,0.05,9.50564942121775,52971.63,True
2024-05-02,0.1,9.50564942121775,52971.63,False
2024-05-02,0.5,3.8730370924545845,56040.945,False
2024-05-02,0.9,-1.001995524182853,58840.65,False
2024-05-03,0.01,7.498272220634274,54852.33,True
2024-05-03,0.05,7.498272220634274,54852.33,True
2024-05-03,0.1,7.498272220634274,54852.33,False
2024-05-03,0.5,2.7003626967208603,57548.25,False
2024-05-03,0.9,-1.4312309220774744,59975.71,False
2024-05-04,0.01,6.285628016378414,59058.49,True
2024-05-04,0.05,6.285628016378414,59058.49,True
2024-05-04,0.1,6.285628016378414,59058.49,False
2024-05-04,0.5,1.5002536871793883,61953.37,False
2024-05-04,0.9,-2.4578685568455008,64454.74,False
2024-05-05,0.01,6.208667891054517,60045.297,True
2024-05-05,0.05,6.208667891054517,60045.297,True
2024-05-05,0.1,6.208667891054517,60045.297,False
2024-05-05,0.5,1.4015836190565054,63002.227,False
2024-05-05,0.9,-2.6689384805393574,65619.66,False
2024-05-06,0.01,5.9794803637291105,60314.625,True
2024-05-06,0.05,5.9794803637291105,60314.625,True
2024-05-06,0.1,5.9794803637291105,60314.625,False
2024-05-06,0.5,1.2864753461411198,63212.664,False
2024-05-06,0.9,-2.6968515921529126,65781.45,False
2024-05-07,0.01,5.295081425220504,59904.477,True
2024-05-07,0.05,5.295081425220504,59904.477,True
2024-05-07,0.1,5.295081425220504,59904.477,False
2024-05-07,0.5,0.8308787222498546,62639.324,False
2024-05-07,0.9,-2.9712756189954037,65066.824,False
2024-05-08,0.01,5.845413477449799,58795.54,True
2024-05-08,0.05,5.845413477449799,58795.54,True
2024-05-08,0.1,5.845413477449799,58795.54,False
2024-05-08,0.5,1.5157746791555475,61397.086,False
2024-05-08,0.9,-2.3112078972251737,63792.28,False
2024-05-09,0.01,5.812837253746215,57732.586,True
2024-05-09,0.05,5.812837253746215,57732.586,True
2024-05-09,0.1,5.812837253746215,57732.586,False
2024-05-09,0.5,1.3776888737635604,60350.742,False
2024-05-09,0.9,-2.6710552075313494,62844.33,False
2024-05-10,0.01,4.440581003500795,60311.43,True
2024-05-10,0.05,4.440581003500795,60311.43,True
2024-05-10,0.1,4.440581003500795,60311.43,False
2024-05-10,0.5,0.26802233786610047,62881.2,False
2024-05-10,0.9,-3.5617656378602445,65336.125,False
2024-05-11,0.01,4.813837303648227,57935.633,True
2024-05-11,0.05,4.813837303648227,57935.633,True
2024-05-11,0.1,4.813837303648227,57935.633,False
2024-05-11,0.5,0.5812741524706322,60440.43,False
2024-05-11,0.9,-3.40802057725143,62900.316,False
2024-05-12,0.01,4.903346008613328,57884.688,True
2024-05-12,0.05,4.903346008613328,57884.688,True
2024-05-12,0.1,4.903346008613328,57884.688,False
2024-05-12,0.5,0.7802934917019092,60321.188,False
2024-05-12,0.9,-3.225299054032767,62786.453,False
2024-05-13,0.01,4.6670211612650325,58646.477,True
2024-05-13,0.05,4.6670211612650325,58646.477,True
2024-05-13,0.1,4.6670211612650325,58646.477,False
2024-05-13,0.5,0.6374116904835319,61057.96,False
2024-05-13,0.9,-3.165288241447408,63424.523,False
2024-05-14,0.01,4.09797282610752,60375.867,True
2024-05-14,0.05,4.09797282610752,60375.867,True
2024-05-14,0.1,4.09797282610752,60375.867,False
2024-05-14,0.5,-0.1057829568252452,62968.023,False
2024-05-14,0.9,-3.961701646442284,65443.438,False
2024-05-15,0.01,4.011090951708124,59132.71,True
2024-05-15,0.05,4.011090951708124,59132.71,True
2024-05-15,0.1,4.011090951708124,59132.71,False
2024-05-15,0.5,0.015447792110292098,61543.28,False
2024-05-15,0.9,-3.7784129759310767,63923.004,False
2024-05-16,0.01,3.959266054410013,63695.047,True
2024-05-16,0.05,3.959266054410013,63695.047,True
2024-05-16,0.1,3.959266054410013,63695.047,False
2024-05-16,0.5,-0.7369528042689388,66757.66,False
2024-05-16,0.9,-4.708847533707937,69462.56,False
2024-05-17,0.01,4.065643227513433,62632.688,True
2024-05-17,0.05,4.065643227513433,62632.688,True
2024-05-17,0.1,4.065643227513433,62632.688,False
2024-05-17,0.5,-0.31055454874832567,65434.477,False
2024-05-17,0.9,-4.160429201232347,68002.74,False
2024-05-18,0.01,4.953394445252064,63811.45,True
2024-05-18,0.05,4.953394445252064,63811.45,True
2024-05-18,0.1,4.953394445252064,63811.45,False
2024-05-18,0.5,0.11148471370185045,66977.164,False
2024-05-18,0.9,-3.9197902984901667,69732.36,False
2024-05-19,0.01,5.373138025912472,63438.906,True
2024-05-19,0.05,5.373138025912472,63438.906,True
2024-05-19,0.1,5.373138025912472,63438.906,False
2024-05-19,0.5,0.8380427544223797,66382.16,False
2024-05-19,0.9,-3.076642803107758,69032.34,False
2024-05-20,0.01,4.950240062581035,63077.312,True
2024-05-20,0.05,4.950240062581035,63077.312,True
2024-05-20,0.1,4.950240062581035,63077.312,False
2024-05-20,0.5,0.4682530562701118,65968.74,False
2024-05-20,0.9,-3.4563580368937266,68609.234,False
2024-05-21,0.01,5.635257682212788,67533.25,True
2024-05-21,0.05,5.635257682212788,67533.25,True
2024-05-21,0.1,5.635257682212788,67533.25,False
2024-05-21,0.5,-0.13065837245326625,71541.61,False
2024-05-21,0.9,-4.741048225558556,74917.17,False
2024-05-22,0.01,4.395707083860711,67120.31,True
2024-05-22,0.05,4.395707083860711,67120.31,True
2024-05-22,0.1,4.395707083860711,67120.31,False
2024-05-22,0.5,-0.6359922460222223,70584.016,False
2024-05-22,0.9,-4.765633643848199,73559.91,False
2024-05-23,0.01,4.02498128770946,66395.42,True
2024-05-23,0.05,4.02498128770946,66395.42,True
2024-05-23,0.1,4.02498128770946,66395.42,False
2024-05-23,0.5,-0.5139432876579669,69478.5,False
2024-05-23,0.9,-4.456426450942436,72272.39,False
2024-05-24,0.01,3.8756562414282167,65347.21,True
2024-05-24,0.05,3.8756562414282167,65347.21,True
2024-05-24,0.1,3.8756562414282167,65347.21,False
2024-05-24,0.5,-0.4539201802989475,68238.61,False
2024-05-24,0.9,-4.4178404209855495,70997.86,False
2024-05-25,0.01,4.088177431969064,65781.125,True
2024-05-25,0.05,4.088177431969064,65781.125,True
2024-05-25,0.1,4.088177431969064,65781.125,False
2024-05-25,0.5,-0.2652628963627133,68708.12,False
2024-05-25,0.9,-4.315569200348017,71548.13,False
2024-05-26,0.01,3.712982206747448,66741.27,True
2024-05-26,0.05,3.712982206747448,66741.27,True
2024-05-26,0.1,3.712982206747448,66741.27,False
2024-05-26,0.5,-0.6790866842040879,69737.92,False
2024-05-26,0.9,-4.749029678691232,72634.766,False
2024-05-27,0.01,4.110986290363424,65758.44,True
2024-05-27,0.05,4.110986290363424,65758.44,True
2024-05-27,0.1,4.110986290363424,65758.44,False
2024-05-27,0.5,-0.3441040981292248,68754.27,False
2024-05-27,0.9,-4.532642649357756,71695.234,False
2024-05-28,0.01,3.6777493361366362,66888.76,True
2024-05-28,0.05,3.6777493361366362,66888.76,True
2024-05-28,0.1,3.6777493361366362,66888.76,False
2024-05-28,0.5,-0.7726669693342286,69932.82,False
2024-05-28,0.9,-5.003665981296096,72955.164,False
2024-05-29,0.01,4.103702103727474,65550.27,True
2024-05-29,0.05,4.103702103727474,65550.27,True
2024-05-29,0.1,4.103702103727474,65550.27,False
2024-05-29,0.5,-0.2697824871290429,68480.72,False
2024-05-29,0.9,-4.321919690247297,71312.64,False
2024-05-30,0.01,4.541237664779557,64577.85,True
2024-05-30,0.05,4.541237664779557,64577.85,True
2024-05-30,0.1,4.541237664779557,64577.85,False
2024-05-30,0.5,0.13249241795858285,67488.62,False
2024-05-30,0.9,-3.9523930991087113,70302.53,False
2024-05-31,0.01,4.279380396405025,65501.11,True
2024-05-31,0.05,4.279380396405025,65501.11,True
2024-05-31,0.1,4.279380396405025,65501.11,False
2024-05-31,0.5,0.03967318083897001,68337.875,False
2024-05-31,0.9,-3.9720134186631046,71135.11,False
2024-06-01,0.01,3.775459717174591,64990.805,True
2024-06-01,0.05,3.775459717174591,64990.805,True
2024-06-01,0.1,3.775459717174591,64990.805,False
2024-06-01,0.5,-0.5176705481132879,67841.7,False
2024-06-01,0.9,-4.4415298934653995,70556.63,False
2024-06-02,0.01,4.1949754400077675,64925.4,True
2024-06-02,0.05,4.1949754400077675,64925.4,True
2024-06-02,0.1,4.1949754400077675,64925.4,False
2024-06-02,0.5,-0.02503584349775726,67723.89,False
2024-06-02,0.9,-4.0124814101899515,70478.91,False
2024-06-03,0.01,4.3788897310123955,64848.85,True
2024-06-03,0.05,4.3788897310123955,64848.85,True
2024-06-03,0.1,4.3788897310123955,64848.85,False
2024-06-03,0.5,0.13294958921042094,67661.586,False
2024-06-03,0.9,-3.82894543812192,70396.08,False
2024-06-04,0.01,4.545052048440294,65747.57,True
2024-06-04,0.05,4.545052048440294,65747.57,True
2024-06-04,0.1,4.545052048440294,65747.57,False
2024-06-04,0.5,0.36732484002422117,68552.51,False
2024-06-04,0.9,-3.6128747530237058,71336.06,False
2024-06-05,0.01,4.100676215836113,67732.54,True
2024-06-05,0.05,4.100676215836113,67732.54,True
2024-06-05,0.1,4.100676215836113,67732.54,False
2024-06-05,0.5,-0.5585371945796875,70963.016,False
2024-06-05,0.9,-4.699139984898934,73962.99,False
2024-06-06,0.01,3.385872296934731,68716.336,True
2024-06-06,0.05,3.385872296934731,68716.336,True
2024-06-06,0.1,3.385872296934731,68716.336,False
2024-06-06,0.5,-1.2121843858220716,71949.72,False
2024-06-06,0.9,-5.347366879346992,74987.34,False
2024-06-07,0.01,3.0514129709429834,68630.68,True
2024-06-07,0.05,3.0514129709429834,68630.68,True
2024-06-07,0.1,3.0514129709429834,68630.68,False
2024-06-07,0.5,-1.3574461431863913,71724.2,False
2024-06-07,0.9,-5.442541193685887,74714.875,False
2024-06-08,0.01,3.117837138658007,67213.95,True
2024-06-08,0.05,3.117837138658007,67213.95,True
2024-06-08,0.1,3.117837138658007,67213.95,False
2024-06-08,0.5,-1.1651632946741934,70155.266,False
2024-06-08,0.9,-5.283325603580255,73104.69,False
2024-06-09,0.01,3.775136643206799,66738.16,True
2024-06-09,0.05,3.775136643206799,66738.16,True
2024-06-09,0.1,3.775136643206799,66738.16,False
2024-06-09,0.5,-0.3728749264520348,69564.68,False
2024-06-09,0.9,-4.506890863755418,72500.766,False
2024-06-10,0.01,3.6535653375317523,67149.28,True
2024-06-10,0.05,3.6535653375317523,67149.28,True
2024-06-10,0.1,3.6535653375317523,67149.28,False
2024-06-10,0.5,-0.4790556709751242,69982.445,False
2024-06-10,0.9,-4.672749046598219,72979.7,False
2024-06-11,0.01,3.3817991106859853,67200.82,True
2024-06-11,0.05,3.3817991106859853,67200.82,True
2024-06-11,0.1,3.3817991106859853,67200.82,False
2024-06-11,0.5,-0.6985100005657926,69999.53,False
2024-06-11,0.9,-4.909607564126953,73010.23,False
2024-06-12,0.01,4.171194969430086,64581.25,True
2024-06-12,0.05,4.171194969430086,64581.25,True
2024-06-12,0.1,4.171194969430086,64581.25,False
2024-06-12,0.5,-0.05346368903023525,67368.04,False
2024-06-12,0.9,-4.456373987540402,70400.46,False
2024-06-13,0.01,3.759770033730192,65723.11,True
2024-06-13,0.05,3.759770033730192,65723.11,True
2024-06-13,0.1,3.759770033730192,65723.11,False
2024-06-13,0.5,-0.3217076376058706,68461.08,False
2024-06-13,0.9,-4.604472271407911,71456.8,False
2024-06-14,0.01,4.106824372521809,64070.363,True
2024-06-14,0.05,4.106824372521809,64070.363,True
2024-06-14,0.1,4.106824372521809,64070.363,False
2024-06-14,0.5,0.050101380252356366,66722.96,False
2024-06-14,0.9,-4.146643008981806,69582.74,False
2024-06-15,0.01,4.5032342080662096,63104.4,True
2024-06-15,0.05,4.5032342080662096,63104.4,True
2024-06-15,0.1,4.5032342080662096,63104.4,False
2024-06-15,0.5,0.49890978320922375,65682.58,False
2024-06-15,0.9,-3.6898127350745193,68492.27,False
2024-06-16,0.01,4.08640533002982,63540.688,True
2024-06-16,0.05,4.08640533002982,63540.688,True
2024-06-16,0.1,4.08640533002982,63540.688,False
2024-06-16,0.5,0.2316297579718231,66037.86,False
2024-06-16,0.9,-3.8449600650668048,68785.58,False
2024-06-17,0.01,4.15897066839071,63924.39,True
2024-06-17,0.05,4.15897066839071,63924.39,True
2024-06-17,0.1,4.15897066839071,63924.39,False
2024-06-17,0.5,0.2876063929663448,66447.664,False
2024-06-17,0.9,-3.6801043171779035,69137.12,False
2024-06-18,0.01,3.8346357916437106,63988.902,True
2024-06-18,0.05,3.8346357916437106,63988.902,True
2024-06-18,0.1,3.8346357916437106,63988.902,False
2024-06-18,0.5,0.04482391410848512,66460.5,False
2024-06-18,0.9,-3.824338157516214,69082.36,False
2024-06-19,0.01,4.052294229144276,62553.82,True
2024-06-19,0.05,4.052294229144276,62553.82,True
2024-06-19,0.1,4.052294229144276,62553.82,False
2024-06-19,0.5,0.2123861751858028,65002.543,False
2024-06-19,0.9,-3.71678612646963,67607.445,False
2024-06-20,0.01,3.9721702255847866,62430.54,True
2024-06-20,0.05,3.9721702255847866,62430.54,True
2024-06-20,0.1,3.9721702255847866,62430.54,False
2024-06-20,0.5,0.22132931423094943,64816.68,False
2024-06-20,0.9,-3.595343611170803,67338.336,False
2024-06-21,0.01,2.9750184375009194,62928.4,True
2024-06-21,0.05,2.9750184375009194,62928.4,True
2024-06-21,0.1,2.9750184375009194,62928.4,False
2024-06-21,0.5,-0.8655420870000057,65392.21,False
2024-06-21,0.9,-4.706062514341305,67952.46,False
2024-06-22,0.01,3.4816171415645534,61903.016,True
2024-06-22,0.05,3.4816171415645534,61903.016,True
2024-06-22,0.1,3.4816171415645534,61903.016,False
2024-06-22,0.5,-0.4660871051355083,64395.64,False
2024-06-22,0.9,-4.445026547812887,67009.56,False
2024-06-23,0.01,2.8461179826900054,62449.652,True
2024-06-23,0.05,2.8461179826900054,62449.652,True
2024-06-23,0.1,2.8461179826900054,62449.652,False
2024-06-23,0.5,-1.0478892908866146,64929.414,False
2024-06-23,0.9,-4.975634136126477,67530.42,False
2024-06-24,0.01,2.8809448657410286,61386.562,True
2024-06-24,0.05,2.8809448657410286,61386.562,True
2024-06-24,0.1,2.8809448657410286,61386.562,False
2024-06-24,0.5,-1.0989649297061688,63878.96,False
2024-06-24,0.9,-5.073550056393151,66469.016,False
2024-06-25,0.01,5.348472974554652,57138.19,True
2024-06-25,0.05,5.348472974554652,57138.19,True
2024-06-25,0.1,5.348472974554652,57138.19,False
2024-06-25,0.5,0.3601964697899508,60060.688,False
2024-06-25,0.9,-4.363221293752023,62965.67,False
2024-06-26,0.01,3.5804713785961617,59630.89,True
2024-06-26,0.05,3.5804713785961617,59630.89,True
2024-06-26,0.1,3.5804713785961617,59630.89,False
2024-06-26,0.5,-0.483647512305546,62104.28,False
2024-06-26,0.9,-4.539132274810058,64674.68,False
2024-06-27,0.01,3.4039718745154186,58776.113,True
2024-06-27,0.05,3.4039718745154186,58776.113,True
2024-06-27,0.1,3.4039718745154186,58776.113,False
2024-06-27,0.5,-0.8037979094180868,61302.047,False
2024-06-27,0.9,-5.020336732334636,63942.14,False
2024-06-28,0.01,2.4233385824519105,60129.85,True
2024-06-28,0.05,2.4233385824519105,60129.85,True
2024-06-28,0.1,2.4233385824519105,60129.85,False
2024-06-28,0.5,-1.5323727078858032,62556.086,False
2024-06-28,0.9,-5.477999915329555,65073.656,False
2024-06-29,0.01,3.119267439202693,58467.633,True
2024-06-29,0.05,3.119267439202693,58467.633,True
2024-06-29,0.1,3.119267439202693,58467.633,False
2024-06-29,0.5,-0.9516190242290442,60896.895,False
2024-06-29,0.9,-5.092376512884699,63471.42,False
2024-06-30,0.01,3.3186146063368795,58899.92,True
2024-06-30,0.05,3.3186146063368795,58899.92,True
2024-06-30,0.1,3.3186146063368795,58899.92,False
2024-06-30,0.5,-0.5092556359962017,61198.242,False
2024-06-30,0.9,-4.3796608536198445,63613.297,False
2024-07-01,0.01,2.3758981909419017,61206.67,True
2024-07-01,0.05,2.3758981909419017,61206.67,True
2024-07-01,0.1,2.3758981909419017,61206.67,False
2024-07-01,0.5,-1.2952623791802576,63495.42,False
2024-07-01,0.9,-4.9150787467845225,65835.945,False
2024-07-02,0.01,1.831493143803297,61711.33,True
2024-07-02,0.05,1.831493143803297,61711.33,True
2024-07-02,0.1,1.831493143803297,61711.33,False
2024-07-02,0.5,-1.7419986269123098,63956.453,False
2024-07-02,0.9,-5.26649295947819,66250.79,False
2024-07-03,0.01,2.455338238125473,60524.54,True
2024-07-03,0.05,2.455338238125473,60524.54,True
2024-07-03,0.1,2.455338238125473,60524.54,False
2024-07-03,0.5,-1.0834745935709664,62704.74,False
2024-07-03,0.9,-4.729352489958484,65033.062,False
2024-07-04,0.01,2.993989928132155,58399.023,True
2024-07-04,0.05,2.993989928132155,58399.023,True
2024-07-04,0.1,2.993989928132155,58399.023,False
2024-07-04,0.5,-0.8324809648120362,60676.95,False
2024-07-04,0.9,-4.815736071338799,63142.65,False
2024-07-05,0.01,4.468870049621322,54487.5,True
2024-07-05,0.05,4.468870049621322,54487.5,True
2024-07-05,0.1,4.468870049621322,54487.5,False
2024-07-05,0.5,-0.7144777599933846,57386.254,False
2024-07-05,0.9,-5.807152577528939,60384.445,False
2024-07-06,0.01,5.0535078253138614,53870.086,True
2024-07-06,0.05,5.0535078253138614,53870.086,True
2024-07-06,0.1,5.0535078253138614,53870.086,False
2024-07-06,0.5,0.02146992312651554,56650.21,False
2024-07-06,0.9,-4.8440851401018765,59474.715,False
2024-07-07,0.01,2.8564656850325973,56661.68,True
2024-07-07,0.05,2.8564656850325973,56661.68,True
2024-07-07,0.1,2.8564656850325973,56661.68,False
2024-07-07,0.5,-1.4368952597618228,59147.348,False
2024-07-07,0.9,-5.597566747760436,61660.188,False
2024-07-08,0.01,3.355618492753572,54006.12,True
2024-07-08,0.05,3.355618492753572,54006.12,True
2024-07-08,0.1,3.355618492753572,54006.12,False
2024-07-08,0.5,-1.5553326150794895,56724.54,False
2024-07-08,0.9,-6.142426803342043,59387.15,False
2024-07-09,0.01,2.7730377983486054,55154.246,True
2024-07-09,0.05,2.7730377983486054,55154.246,True
2024-07-09,0.1,2.7730377983486054,55154.246,False
2024-07-09,0.5,-1.7928351591277845,57730.895,False
2024-07-09,0.9,-6.078225145309228,60258.664,False
2024-07-10,0.01,2.2413902798014878,56723.477,True
2024-07-10,0.05,2.2413902798014878,56723.477,True
2024-07-10,0.1,2.2413902798014878,56723.477,False
2024-07-10,0.5,-2.0627826778070895,59218.258,False
2024-07-10,0.9,-6.132497341743244,61677.984,False
2024-07-11,0.01,2.7012285593341443,56203.617,True
2024-07-11,0.05,2.7012285593341443,56203.617,True
2024-07-11,0.1,2.7012285593341443,56203.617,False
2024-07-11,0.5,-1.7019719167350493,58733.668,False
2024-07-11,0.9,-5.754832580819153,61162.957,False
2024-07-12,0.01,3.133952164663768,55575.62,True
2024-07-12,0.05,3.133952164663768,55575.62,True
2024-07-12,0.1,3.133952164663768,55575.62,False
2024-07-12,0.5,-1.2392935945123669,58060.008,False
2024-07-12,0.9,-5.400861612484981,60527.195,False
2024-07-13,0.01,2.748227577925671,56329.92,True
2024-07-13,0.05,2.748227577925671,56329.92,True
2024-07-13,0.1,2.748227577925671,56329.92,False
2024-07-13,0.5,-1.454531107700836,58747.785,False
2024-07-13,0.9,-5.449606089583074,61142.316,False
2024-07-14,0.01,2.174981371461558,57957.58,True
2024-07-14,0.05,2.174981371461558,57957.58,True
2024-07-14,0.1,2.174981371461558,57957.58,False
2024-07-14,0.5,-1.7675691938973497,60288.227,False
2024-07-14,0.9,-5.525271404137231,62596.78,False
2024-07-15,0.01,2.2887772233167034,59412.297,True
2024-07-15,0.05,2.2887772233167034,59412.297,True
2024-07-15,0.1,2.2887772233167034,59412.297,False
2024-07-15,0.5,-1.6206878553428887,61781.0,False
2024-07-15,0.9,-5.244303954412826,64060.76,False
2024-07-16,0.01,3.679352533225752,62526.727,True
2024-07-16,0.05,3.679352533225752,62526.727,True
2024-07-16,0.1,3.679352533225752,62526.727,False
2024-07-16,0.5,-0.7083344961244971,65331.28,False
2024-07-16,0.9,-4.5318605676625126,67877.61,False
2024-07-17,0.01,2.5125636501566384,63481.918,True
2024-07-17,0.05,2.5125636501566384,63481.918,True
2024-07-17,0.1,2.5125636501566384,63481.918,False
2024-07-17,0.5,-1.5571622301174255,66118.75,False
2024-07-17,0.9,-5.100112822025986,68503.3,False
2024-07-18,0.01,1.652275488017215,63068.08,True
2024-07-18,0.05,1.652275488017215,63068.08,True
2024-07-18,0.1,1.652275488017215,63068.08,False
2024-07-18,0.5,-2.0772536753876896,65464.633,False
2024-07-18,0.9,-5.426293192327302,67694.195,False
2024-07-19,0.01,1.6646304649568344,62917.95,True
2024-07-19,0.05,1.6646304649568344,62917.95,True
2024-07-19,0.1,1.6646304649568344,62917.95,False
2024-07-19,0.5,-2.0242268464388946,65282.242,False
2024-07-19,0.9,-5.307962336877865,67461.52,False
2024-07-20,0.01,1.6368821869156978,65627.08,True
2024-07-20,0.05,1.6368821869156978,65627.08,True
2024-07-20,0.1,1.6368821869156978,65627.08,False
2024-07-20,0.5,-2.074641875895951,68108.61,False
2024-07-20,0.9,-5.31928697911584,70354.734,False
2024-07-21,0.01,1.568203255784379,66118.6,True
2024-07-21,0.05,1.568203255784379,66118.6,True
2024-07-21,0.1,1.568203255784379,66118.6,False
2024-07-21,0.5,-2.1463267235603265,68620.78,False
2024-07-21,0.9,-5.375606487078595,70872.91,False
2024-07-22,0.01,1.6699840833329598,67025.805,True
2024-07-22,0.05,1.6699840833329598,67025.805,True
2024-07-22,0.1,1.6699840833329598,67025.805,False
2024-07-22,0.5,-1.8860248107297002,69452.13,False
2024-07-22,0.9,-4.9698493775737225,71627.28,False
2024-07-23,0.01,1.7583056124620577,66407.28,True
2024-07-23,0.05,1.7583056124620577,66407.28,True
2024-07-23,0.1,1.7583056124620577,66407.28,False
2024-07-23,0.5,-1.6694509204775072,68723.02,False
2024-07-23,0.9,-4.654393820745198,70805.29,False
2024-07-24,0.01,4.2073991293493,63211.375,True
2024-07-24,0.05,4.2073991293493,63211.375,True
2024-07-24,0.1,4.2073991293493,63211.375,False
2024-07-24,0.5,0.5069387035346623,65594.305,False
2024-07-24,0.9,-2.7458869883727424,67763.055,False
2024-07-25,0.01,4.4953194908932606,62498.52,True
2024-07-25,0.05,4.4953194908932606,62498.52,True
2024-07-25,0.1,4.4953194908932606,62498.52,False
2024-07-25,0.5,0.7935911584519157,64855.4,False
2024-07-25,0.9,-2.5575437266589707,67065.62,False
2024-07-26,0.01,4.12325353980281,63120.22,True
2024-07-26,0.05,4.12325353980281,63120.22,True
2024-07-26,0.1,4.12325353980281,63120.22,False
2024-07-26,0.5,0.5438490226125529,65420.47,False
2024-07-26,0.9,-2.714694974558183,67587.336,False
2024-07-27,0.01,2.877734645545195,65985.586,True
2024-07-27,0.05,2.877734645545195,65985.586,True
2024-07-27,0.1,2.877734645545195,65985.586,False
2024-07-27,0.5,-0.48697809671651465,68243.586,False
2024-07-27,0.9,-3.506353565052968,70335.54,False
2024-07-28,0.01,2.5381418463502223,66113.8,True
2024-07-28,0.05,2.5381418463502223,66113.8,True
2024-07-28,0.1,2.5381418463502223,66113.8,False
2024-07-28,0.5,-0.7982929617240003,68356.85,False
2024-07-28,0.9,-3.882491567986865,70497.96,False
2024-07-29,0.01,2.439120442309899,66611.164,True
2024-07-29,0.05,2.439120442309899,66611.164,True
2024-07-29,0.1,2.439120442309899,66611.164,False
2024-07-29,0.5,-0.8980527663043352,68871.6,False
2024-07-29,0.9,-4.02689999784666,71060.555,False
2024-07-30,0.01,2.79377314385259,64978.953,True
2024-07-30,0.05,2.79377314385259,64978.953,True
2024-07-30,0.1,2.79377314385259,64978.953,False
2024-07-30,0.5,-0.5518043731599199,67189.65,False
2024-07-30,0.9,-3.7889881846466884,69400.29,False
2024-07-31,0.01,3.5082509005948705,63918.785,True
2024-07-31,0.05,3.5082509005948705,63918.785,True
2024-07-31,0.1,3.5082509005948705,63918.785,False
2024-07-31,0.5,0.2408686800358184,66041.75,False
2024-07-31,0.9,-3.0448661896027174,68247.75,False
2024-08-01,0.01,3.979001672418867,62098.53,True
2024-08-01,0.05,3.979001672418867,62098.53,True
2024-08-01,0.1,3.979001672418867,62098.53,False
2024-08-01,0.5,0.4592173469370396,64323.188,False
2024-08-01,0.9,-2.8931693097605966,66516.1,False
2024-08-02,0.01,3.3679591820777235,63192.94,True
2024-08-02,0.05,3.3679591820777235,63192.94,True
2024-08-02,0.1,3.3679591820777235,63192.94,False
2024-08-02,0.5,0.0782721711674606,65306.363,False
2024-08-02,0.9,-3.0890114325010107,67407.91,False
2024-08-03,0.01,5.028444990043028,58403.203,True
2024-08-03,0.05,5.028444990043028,58403.203,True
2024-08-03,0.1,5.028444990043028,58403.203,False
2024-08-03,0.5,0.7856182330266317,60934.47,False
2024-08-03,0.9,-3.2692120101520805,63456.035,False
2024-08-04,0.01,6.044428490164475,57120.977,True
2024-08-04,0.05,6.044428490164475,57120.977,True
2024-08-04,0.1,6.044428490164475,57120.977,False
2024-08-04,0.5,1.707728325469169,59652.64,False
2024-08-04,0.9,-2.429538393403997,62172.395,False
2024-08-05,0.01,6.715343552601778,54342.38,True
2024-08-05,0.05,6.715343552601778,54342.38,True
2024-08-05,0.1,6.715343552601778,54342.38,False
2024-08-05,0.5,1.469453195493341,57269.22,False
2024-08-05,0.9,-3.301371437565749,60067.656,False
2024-08-06,0.01,9.296618920213865,49198.33,True
2024-08-06,0.05,9.296618920213865,49198.33,True
2024-08-06,0.1,9.296618920213865,49198.33,False
2024-08-06,0.5,2.0518048373527673,52894.945,False
2024-08-06,0.9,-4.3866942315009965,56412.613,False
2024-08-07,0.01,5.11724251950096,53239.035,True
2024-08-07,0.05,5.11724251950096,53239.035,True
2024-08-07,0.1,5.11724251950096,53239.035,False
2024-08-07,0.5,-0.10502831099853446,56093.2,False
2024-08-07,0.9,-4.662581345535672,58708.83,False
2024-08-08,0.01,4.883287813047183,52404.867,True
2024-08-08,0.05,4.883287813047183,52404.867,True
2024-08-08,0.1,4.883287813047183,52404.867,False
2024-08-08,0.5,-0.5300038035947421,55319.883,False
2024-08-08,0.9,-5.25233718526152,57994.938,False
2024-08-09,0.01,5.336222725230458,58503.465,True
2024-08-09,0.05,5.336222725230458,58503.465,True
2024-08-09,0.1,5.336222725230458,58503.465,False
2024-08-09,0.5,0.8231193343900409,61204.273,False
2024-08-09,0.9,-3.0661282358618567,63631.555,False
2024-08-10,0.01,5.103860313731917,57850.84,True
2024-08-10,0.05,5.103860313731917,57850.84,True
2024-08-10,0.1,5.103860313731917,57850.84,False
2024-08-10,0.5,0.7926264909537015,60399.47,False
2024-08-10,0.9,-2.9953652454844946,62731.28,False
2024-08-11,0.01,5.24409352166037,57832.113,True
2024-08-11,0.05,5.24409352166037,57832.113,True
2024-08-11,0.1,5.24409352166037,57832.113,False
2024-08-11,0.5,0.9196551211806538,60387.89,False
2024-08-11,0.9,-2.829729759805663,62695.047,False
2024-08-12,0.01,4.846412374639784,55941.555,True
2024-08-12,0.05,4.846412374639784,55941.555,True
2024-08-12,0.1,4.846412374639784,55941.555,False
2024-08-12,0.5,0.09013394681522637,58666.582,False
2024-08-12,0.9,-3.9990461842682907,61115.29,False
2024-08-13,0.01,5.420783521991149,56222.688,True
2024-08-13,0.05,5.420783521991149,56222.688,True
2024-08-13,0.1,5.420783521991149,56222.688,False
2024-08-13,0.5,0.8203016130713062,58869.62,False
2024-08-13,0.9,-3.2064530439971097,61288.53,False
2024-08-14,0.01,4.893408036069232,57715.09,True
2024-08-14,0.05,4.893408036069232,57715.09,True
2024-08-14,0.1,4.893408036069232,57715.09,False
2024-08-14,0.5,0.600949462743128,60246.426,False
2024-08-14,0.9,-3.1719808455121137,62562.906,False
2024-08-15,0.01,4.421662683266361,56196.688,True
2024-08-15,0.05,4.421662683266361,56196.688,True
2024-08-15,0.1,4.421662683266361,56196.688,False
2024-08-15,0.5,0.00907152599584478,58731.94,False
2024-08-15,0.9,-3.9557802321828235,61107.355,False
2024-08-16,0.01,3.9783623056534454,55315.1,True
2024-08-16,0.05,3.9783623056534454,55315.1,True
2024-08-16,0.1,3.9783623056534454,55315.1,False
2024-08-16,0.5,-0.5986907808610888,57905.74,False
2024-08-16,0.9,-4.73654792603408,60352.06,False
2024-08-17,0.01,4.365001069284881,56378.676,True
2024-08-17,0.05,4.365001069284881,56378.676,True
2024-08-17,0.1,4.365001069284881,56378.676,False
2024-08-17,0.5,0.15292689257638334,58804.11,False
2024-08-17,0.9,-3.5444474417298957,61019.01,False
2024-08-18,0.01,3.602085311037309,57374.617,True
2024-08-18,0.05,3.602085311037309,57374.617,True
2024-08-18,0.1,3.602085311037309,57374.617,False
2024-08-18,0.5,-0.3837277368045205,59707.65,False
2024-08-18,0.9,-3.932681725988707,61864.695,False
2024-08-19,0.01,3.7950191894443743,56306.074,True
2024-08-19,0.05,3.7950191894443743,56306.074,True
2024-08-19,0.1,3.7950191894443743,56306.074,False
2024-08-19,0.5,-0.3298411249213565,58677.188,False
2024-08-19,0.9,-3.978604876839004,60857.72,False
2024-08-20,0.01,3.6225199722060086,57376.86,True
2024-08-20,0.05,3.6225199722060086,57376.86,True
2024-08-20,0.1,3.6225199722060086,57376.86,False
2024-08-20,0.5,-0.255688403161618,59645.766,False
2024-08-20,0.9,-3.730841588892754,61754.984,False
2024-08-21,0.01,3.3535489988391487,57066.586,True
2024-08-21,0.05,3.3535489988391487,57066.586,True
2024-08-21,0.1,3.3535489988391487,57066.586,False
2024-08-21,0.5,-0.5679310056615248,59348.9,False
2024-08-21,0.9,-4.05767554380713,61456.586,False
2024-08-22,0.01,4.524797849773326,58468.83,True
2024-08-22,0.05,4.524797849773326,58468.83,True
2024-08-22,0.1,4.524797849773326,58468.83,False
2024-08-22,0.5,0.3960940423564022,60933.36,False
2024-08-22,0.9,-3.2041511530336604,63167.08,False
2024-08-23,0.01,3.575878670256776,58260.88,True
2024-08-23,0.05,3.575878670256776,58260.88,True
2024-08-23,0.1,3.575878670256776,58260.88,False
2024-08-23,0.5,-0.34662845328689895,60591.58,False
2024-08-23,0.9,-3.7828061383596143,62709.797,False
2024-08-24,0.01,4.164730587175864,61479.82,True
2024-08-24,0.05,4.164730587175864,61479.82,True
2024-08-24,0.1,4.164730587175864,61479.82,False
2024-08-24,0.5,-0.383007696927709,64340.312,False
2024-08-24,0.9,-3.920282789056975,66656.94,False
2024-08-25,0.01,3.238233804038406,62134.016,True
2024-08-25,0.05,3.238233804038406,62134.016,True
2024-08-25,0.1,3.238233804038406,62134.016,False
2024-08-25,0.5,-0.9950859956101022,64820.816,False
2024-08-25,0.9,-4.346854359097521,67030.28,False
2024-08-26,0.01,3.193635045726581,62311.426,True
2024-08-26,0.05,3.193635045726581,62311.426,True
2024-08-26,0.1,3.193635045726581,62311.426,False
2024-08-26,0.5,-0.8502562589376634,64882.875,False
2024-08-26,0.9,-4.166081652772319,67070.34,False
2024-08-27,0.01,3.4834091638051614,60727.98,True
2024-08-27,0.05,3.4834091638051614,60727.98,True
2024-08-27,0.1,3.4834091638051614,60727.98,False
2024-08-27,0.5,-0.5476406184100409,63225.965,False
2024-08-27,0.9,-4.0457783549266315,65476.836,False
2024-08-28,0.01,4.103096980254882,57112.03,True
2024-08-28,0.05,4.103096980254882,57112.03,True
2024-08-28,0.1,4.103096980254882,57112.03,False
2024-08-28,0.5,-0.6963526977979604,59919.938,False
2024-08-28,0.9,-4.978281837856132,62541.39,False
2024-08-29,0.01,3.809022946321556,56821.53,True
2024-08-29,0.05,3.809022946321556,56821.53,True
2024-08-29,0.1,3.809022946321556,56821.53,False
2024-08-29,0.5,-0.8414133846877678,59526.387,False
2024-08-29,0.9,-5.089780413875974,62109.773,False
2024-08-30,0.01,3.6139597020165217,57280.234,True
2024-08-30,0.05,3.6139597020165217,57280.234,True
2024-08-30,0.1,3.6139597020165217,57280.234,False
2024-08-30,0.5,-0.8728663907133635,59908.83,False
2024-08-30,0.9,-5.001303552352615,62433.89,False
2024-08-31,0.01,3.661620563778542,56993.9,True
2024-08-31,0.05,3.661620563778542,56993.9,True
2024-08-31,0.1,3.661620563778542,56993.9,False
2024-08-31,0.5,-0.8670305692421884,59634.29,False
2024-08-31,0.9,-5.038816902440429,62174.727,False
2024-09-01,0.01,4.0556459631872785,56626.137,True
2024-09-01,0.05,4.0556459631872785,56626.137,True
2024-09-01,0.1,4.0556459631872785,56626.137,False
2024-09-01,0.5,-0.5294678558719359,59282.953,False
2024-09-01,0.9,-4.796472673066722,61867.305,False
2024-09-02,0.01,5.034548173141075,54510.855,True
2024-09-02,0.05,5.034548173141075,54510.855,True
2024-09-02,0.1,5.034548173141075,54510.855,False
2024-09-02,0.5,-0.11402443392945258,57390.89,False
2024-09-02,0.9,-4.852429550203773,60175.76,False
2024-09-03,0.01,3.9653527924007794,56814.33,True
2024-09-03,0.05,3.9653527924007794,56814.33,True
2024-09-03,0.1,3.9653527924007794,56814.33,False
2024-09-03,0.5,-0.660789299123303,59504.383,False
2024-09-03,0.9,-4.917419785245662,62091.945,False
2024-09-04,0.01,4.235448033123482,55049.355,True
2024-09-04,0.05,4.235448033123482,55049.355,True
2024-09-04,0.1,4.235448033123482,55049.355,False
2024-09-04,0.5,-0.6024121139488929,57778.04,False
2024-09-04,0.9,-5.023307144272591,60389.65,False
2024-09-05,0.01,3.846607471754995,55783.945,True
2024-09-05,0.05,3.846607471754995,55783.945,True
2024-09-05,0.1,3.846607471754995,55783.945,False
2024-09-05,0.5,-0.633363753305429,58339.875,False
2024-09-05,0.9,-4.675651145058523,60746.453,False
2024-09-06,0.01,4.495853367793402,53691.51,True
2024-09-06,0.05,4.495853367793402,53691.51,True
2024-09-06,0.1,4.495853367793402,53691.51,False
2024-09-06,0.5,-0.19365555518591326,56269.35,False
2024-09-06,0.9,-4.467256363011485,58726.203,False
2024-09-07,0.01,5.535347583315735,51043.65,True
2024-09-07,0.05,5.535347583315735,51043.65,True
2024-09-07,0.1,5.535347583315735,51043.65,False
2024-09-07,0.5,-0.21098031614142174,54062.695,False
2024-09-07,0.9,-5.476787619875532,56985.82,False
2024-09-08,0.01,5.850222220747218,51063.26,True
2024-09-08,0.05,5.850222220747218,51063.26,True
2024-09-08,0.1,5.850222220747218,51063.26,False
2024-09-08,0.5,0.6846154795372166,53770.305,False
2024-09-08,0.9,-4.068719522242047,56387.906,False
2024-09-09,0.01,4.18936106643016,52591.516,True
2024-09-09,0.05,4.18936106643016,52591.516,True
2024-09-09,0.1,4.18936106643016,52591.516,False
2024-09-09,0.5,-0.7020521888131341,55227.938,False
2024-09-09,0.9,-5.056974890847555,57686.21,False
2024-09-10,0.01,4.269277451819496,54636.445,True
2024-09-10,0.05,4.269277451819496,54636.445,True
2024-09-10,0.1,4.269277451819496,54636.445,False
2024-09-10,0.5,-0.440877739289981,57271.477,False
2024-09-10,0.9,-4.5448150353760735,59670.758,False
2024-09-11,0.01,3.494458761822143,55668.992,True
2024-09-11,0.05,3.494458761822143,55668.992,True
2024-09-11,0.1,3.494458761822143,55668.992,False
2024-09-11,0.5,-1.068825507532279,58268.18,False
2024-09-11,0.9,-4.995826916087413,60601.895,False
2024-09-12,0.01,2.6664196677631193,55834.367,True
2024-09-12,0.05,2.6664196677631193,55834.367,True
2024-09-12,0.1,2.6664196677631193,55834.367,False
2024-09-12,0.5,-1.7745673351447584,58369.848,False
2024-09-12,0.9,-5.634521556707071,60666.945,False
2024-09-13,0.01,3.456886975220862,56151.96,True
2024-09-13,0.05,3.456886975220862,56151.96,True
2024-09-13,0.1,3.456886975220862,56151.96,False
2024-09-13,0.5,-1.098649078005627,58769.145,False
2024-09-13,0.9,-5.042952390823626,61133.5,False
2024-09-14,0.01,3.562117272951616,58451.656,True
2024-09-14,0.05,3.562117272951616,58451.656,True
2024-09-14,0.1,3.562117272951616,58451.656,False
2024-09-14,0.5,-0.9982286151096198,61178.97,False
2024-09-14,0.9,-4.9236848819240935,63628.28,False
2024-09-15,0.01,2.58831054636276,58471.93,True
2024-09-15,0.05,2.58831054636276,58471.93,True
2024-09-15,0.1,2.58831054636276,58471.93,False
2024-09-15,0.5,-1.642000394906512,60998.54,False
2024-09-15,0.9,-5.386354809327706,63325.84,False
2024-09-16,0.01,2.7689204382786174,57566.59,True
2024-09-16,0.05,2.7689204382786174,57566.59,True
2024-09-16,0.1,2.7689204382786174,57566.59,False
2024-09-16,0.5,-1.5424421160064052,60102.773,False
2024-09-16,0.9,-5.431959218288521,62486.54,False
2024-09-17,0.01,2.7245188383648435,56628.445,True
2024-09-17,0.05,2.7245188383648435,56628.445,True
2024-09-17,0.1,2.7245188383648435,56628.445,False
2024-09-17,0.5,-1.6628993900660718,59168.28,False
2024-09-17,0.9,-5.710562131015533,61612.344,False
2024-09-18,0.01,3.8133600716458402,58052.055,True
2024-09-18,0.05,3.8133600716458402,58052.055,True
2024-09-18,0.1,3.8133600716458402,58052.055,False
2024-09-18,0.5,-0.3675796474714504,60530.63,False
2024-09-18,0.9,-4.139897992542297,62857.652,False
2024-09-19,0.01,3.7467937519577568,59382.53,True
2024-09-19,0.05,3.7467937519577568,59382.53,True
2024-09-19,0.1,3.7467937519577568,59382.53,False
2024-09-19,0.5,-0.38131985903442367,61885.21,False
2024-09-19,0.9,-4.005268109424508,64169.03,False
2024-09-20,0.01,3.750886595398421,60623.36,True
2024-09-20,0.05,3.750886595398421,60623.36,True
2024-09-20,0.1,3.750886595398421,60623.36,False
2024-09-20,0.5,-0.6271519110157922,63336.43,False
2024-09-20,0.9,-4.28072653445156,65693.266,False
2024-09-21,0.01,2.104064390213065,61877.246,True
2024-09-21,0.05,2.104064390213065,61877.246,True
2024-09-21,0.1,2.104064390213065,61877.246,False
2024-09-21,0.5,-1.9792201175475175,64456.164,False
2024-09-21,0.9,-5.318064744278204,66644.586,False
2024-09-22,0.01,2.0077745442633277,62134.707,True
2024-09-22,0.05,2.0077745442633277,62134.707,True
2024-09-22,0.1,2.0077745442633277,62134.707,False
2024-09-22,0.5,-1.9085938061979744,64616.41,False
2024-09-22,0.9,-5.021533884789208,66659.516,False
2024-09-23,0.01,2.8847871128276408,61838.812,True
2024-09-23,0.05,2.8847871128276408,61838.812,True
2024-09-23,0.1,2.8847871128276408,61838.812,False
2024-09-23,0.5,-1.0866681258712576,64344.133,False
2024-09-23,0.9,-4.333603210717342,66467.63,False
2024-09-24,0.01,3.092625687553884,61401.223,True
2024-09-24,0.05,3.092625687553884,61401.223,True
2024-09-24,0.1,3.092625687553884,61401.223,False
2024-09-24,0.5,-0.6130096888152714,63719.21,False
2024-09-24,0.9,-3.6731029449254153,65699.22,False
2024-09-25,0.01,2.938014948789686,62440.25,True
2024-09-25,0.05,2.938014948789686,62440.25,True
2024-09-25,0.1,2.938014948789686,62440.25,False
2024-09-25,0.5,-0.8054320851555823,64821.97,False
2024-09-25,0.9,-3.9075480913030654,66864.336,False
2024-09-26,0.01,3.6600761198979974,60873.84,True
2024-09-26,0.05,3.6600761198979974,60873.84,True
2024-09-26,0.1,3.6600761198979974,60873.84,False
2024-09-26,0.5,-0.2935436451118623,63328.77,False
2024-09-26,0.9,-3.7029968609758996,65525.164,False
2024-09-27,0.01,3.0106537818397157,63247.89,True
2024-09-27,0.05,3.0106537818397157,63247.89,True
2024-09-27,0.1,3.0106537818397157,63247.89,False
2024-09-27,0.5,-0.6055994839635654,65576.95,False
2024-09-27,0.9,-3.7486641902209663,67670.81,False
2024-09-28,0.01,2.39520294353005,64233.566,True
2024-09-28,0.05,2.39520294353005,64233.566,True
2024-09-28,0.1,2.39520294353005,64233.566,False
2024-09-28,0.5,-1.2487601965410509,66617.38,False
2024-09-28,0.9,-4.3954018100863035,68746.92,False
2024-09-29,0.01,2.2742136487994067,64406.133,True
2024-09-29,0.05,2.2742136487994067,64406.133,True
2024-09-29,0.1,2.2742136487994067,64406.133,False
2024-09-29,0.5,-1.3966321502481744,66814.31,False
2024-09-29,0.9,-4.4841693948888866,68909.41,False
2024-09-30,0.01,2.5233029408618624,63999.848,True
2024-09-30,0.05,2.5233029408618624,63999.848,True
2024-09-30,0.1,2.5233029408618624,63999.848,False
2024-09-30,0.5,-1.1419295199274866,66389.11,False
2024-09-30,0.9,-4.358038625960276,68558.96,False
2024-10-01,0.01,3.789480665835611,60974.543,True
2024-10-01,0.05,3.789480665835611,60974.543,True
2024-10-01,0.1,3.789480665835611,60974.543,False
2024-10-01,0.5,-0.18390648565299095,63446.074,False
2024-10-01,0.9,-3.849652053257535,65815.0,False
2024-10-02,0.01,4.832136938870821,57967.176,True
2024-10-02,0.05,4.832136938870821,57967.176,True
2024-10-02,0.1,4.832136938870821,57967.176,False
2024-10-02,0.5,0.08642338344891297,60784.453,False
2024-10-02,0.9,-4.347392594542991,63540.164,False
2024-10-03,0.01,4.645170629353375,57880.703,True
2024-10-03,0.05,4.645170629353375,57880.703,True
2024-10-03,0.1,4.645170629353375,57880.703,False
2024-10-03,0.5,0.037405542983877285,60610.11,False
2024-10-03,0.9,-4.344184912135439,63324.836,False
2024-10-04,0.01,5.009561401005278,57790.605,True
2024-10-04,0.05,5.009561401005278,57790.605,True
2024-10-04,0.1,5.009561401005278,57790.605,False
2024-10-04,0.5,0.5239681910377777,60441.875,False
2024-10-04,0.9,-3.7109804132522553,63056.53,False
2024-10-05,0.01,4.875857102866531,59113.75,True
2024-10-05,0.05,4.875857102866531,59113.75,True
2024-10-05,0.1,4.875857102866531,59113.75,False
2024-10-05,0.5,0.651663819492281,61664.32,False
2024-10-05,0.9,-3.3677765627351057,64193.367,False
2024-10-06,0.01,4.408093202706018,59412.414,True
2024-10-06,0.05,4.408093202706018,59412.414,True
2024-10-06,0.1,4.408093202706018,59412.414,False
2024-10-06,0.5,0.1879522308306737,61973.36,False
2024-10-06,0.9,-3.76771872107848,64473.953,False
2024-10-07,0.01,3.894880791194989,60419.266,True
2024-10-07,0.05,3.894880791194989,60419.266,True
2024-10-07,0.1,3.894880791194989,60419.266,False
2024-10-07,0.5,-0.16372965207770968,62921.89,False
2024-10-07,0.9,-3.8840843636026983,65306.9,False
2024-10-08,0.01,4.377802772588783,59570.84,True
2024-10-08,0.05,4.377802772588783,59570.84,True
2024-10-08,0.1,4.377802772588783,59570.84,False
2024-10-08,0.5,0.28404186177073043,62060.133,False
2024-10-08,0.9,-3.4789855659701705,64439.97,False
2024-10-09,0.01,4.913578686263857,59152.855,True
2024-10-09,0.05,4.913578686263857,59152.855,True
2024-10-09,0.1,4.913578686263857,59152.855,False
2024-10-09,0.5,0.6310916827499157,61741.094,False
2024-10-09,0.9,-3.3393997416898746,64241.836,False
2024-10-10,0.01,5.467722453184226,57358.57,True
2024-10-10,0.05,5.467722453184226,57358.57,True
2024-10-10,0.1,5.467722453184226,57358.57,False
2024-10-10,0.5,1.1263648637167383,59903.555,False
2024-10-10,0.9,-2.8379178511062233,62326.0,False
2024-10-11,0.01,5.112851910959212,57270.21,True
2024-10-11,0.05,5.112851910959212,57270.21,True
2024-10-11,0.1,5.112851910959212,57270.21,False
2024-10-11,0.5,0.6978023418172832,59855.367,False
2024-10-11,0.9,-3.348978914101393,62327.26,False
2024-10-12,0.01,4.5321546596166,59678.156,True
2024-10-12,0.05,4.5321546596166,59678.156,True
2024-10-12,0.1,4.5321546596166,59678.156,False
2024-10-12,0.5,0.4931650217619759,62137.89,False
2024-10-12,0.9,-3.2431514462834405,64503.477,False
2024-10-13,0.01,4.107684728285765,60649.844,True
2024-10-13,0.05,4.107684728285765,60649.844,True
2024-10-13,0.1,4.107684728285765,60649.844,False
2024-10-13,0.5,0.1782713305207849,63080.47,False
2024-10-13,0.9,-3.4340417153825653,65400.79,False
2024-10-14,0.01,3.4634914582956338,60711.79,True
2024-10-14,0.05,3.4634914582956338,60711.79,True
2024-10-14,0.1,3.4634914582956338,60711.79,False
2024-10-14,0.5,-0.5023918424217664,63167.93,False
2024-10-14,0.9,-4.169959329187469,65527.664,False
2024-10-15,0.01,3.182874088921355,63977.062,True
2024-10-15,0.05,3.182874088921355,63977.062,True
2024-10-15,0.1,3.182874088921355,63977.062,False
2024-10-15,0.5,-1.133802354361156,66799.22,False
2024-10-15,0.9,-4.886054900916138,69353.31,False
2024-10-16,0.01,2.758116095808582,65217.305,True
2024-10-16,0.05,2.758116095808582,65217.305,True
2024-10-16,0.1,2.758116095808582,65217.305,False
2024-10-16,0.5,-1.6010152265068074,68123.086,False
2024-10-16,0.9,-5.472479074125112,70812.164,False
2024-10-17,0.01,2.8329222984109754,65724.18,True
2024-10-17,0.05,2.8329222984109754,65724.18,True
2024-10-17,0.1,2.8329222984109754,65724.18,False
2024-10-17,0.5,-1.4357245232318603,68590.45,False
2024-10-17,0.9,-5.214757858672478,71232.11,False
2024-10-18,0.01,3.3707900215299307,65165.793,True
2024-10-18,0.05,3.3707900215299307,65165.793,True
2024-10-18,0.1,3.3707900215299307,65165.793,False
2024-10-18,0.5,-0.8618307878336701,67983.22,False
2024-10-18,0.9,-4.662721864010206,70616.92,False
2024-10-19,0.01,3.2965601698141263,66200.09,True
2024-10-19,0.05,3.2965601698141263,66200.09,True
2024-10-19,0.1,3.2965601698141263,66200.09,False
2024-10-19,0.5,-0.8292456480422643,68988.51,False
2024-10-19,0.9,-4.564572297569016,71614.19,False
2024-10-20,0.01,3.8730571670816385,65765.625,True
2024-10-20,0.05,3.8730571670816385,65765.625,True
2024-10-20,0.1,3.8730571670816385,65765.625,False
2024-10-20,0.5,-0.11987651049899445,68444.734,False
2024-10-20,0.9,-3.8243448623094554,71027.8,False
2024-10-21,0.01,3.721663991991754,66480.89,True
2024-10-21,0.05,3.721663991991754,66480.89,True
2024-10-21,0.1,3.721663991991754,66480.89,False
2024-10-21,0.5,-0.2250015382919179,69157.13,False
2024-10-21,0.9,-3.8799992451823297,71731.586,False
2024-10-22,0.01,3.4538517564401308,65080.79,True
2024-10-22,0.05,3.4538517564401308,65080.79,True
2024-10-22,0.1,3.4538517564401308,65080.79,False
2024-10-22,0.5,-0.6625622896039811,67815.69,False
2024-10-22,0.9,-4.466633539909566,70445.14,False
2024-10-23,0.01,3.0336683909228346,65348.57,True
2024-10-23,0.05,3.0336683909228346,65348.57,True
2024-10-23,0.1,3.0336683909228346,65348.57,False
2024-10-23,0.5,-1.0521725243529847,68073.91,False
2024-10-23,0.9,-4.738428563339133,70630.11,False
2024-10-24,0.01,3.6310565704896227,64063.273,True
2024-10-24,0.05,3.6310565704896227,64063.273,True
2024-10-24,0.1,3.6310565704896227,64063.273,False
2024-10-24,0.5,-0.5201002188967554,66778.61,False
2024-10-24,0.9,-4.31533041624302,69361.72,False
2024-10-25,0.01,2.8925510103354988,66217.7,True
2024-10-25,0.05,2.8925510103354988,66217.7,True
2024-10-25,0.1,2.8925510103354988,66217.7,False
2024-10-25,0.5,-1.2036797697035664,68986.45,False
2024-10-25,0.9,-5.041819104988548,71685.72,False
2024-10-26,0.01,3.1308837888737098,64588.242,True
2024-10-26,0.05,3.1308837888737098,64588.242,True
2024-10-26,0.1,3.1308837888737098,64588.242,False
2024-10-26,0.5,-0.9185455266510976,67257.375,False
2024-10-26,0.9,-4.721531098075826,69864.42,False
2024-10-27,0.01,2.56613831925528,65316.883,True
2024-10-27,0.05,2.56613831925528,65316.883,True
2024-10-27,0.1,2.56613831925528,65316.883,False
2024-10-27,0.5,-1.562718406758023,68070.17,False
2024-10-27,0.9,-5.434815538008757,70757.61,False
2024-10-28,0.01,2.7836347910041024,66064.47,True
2024-10-28,0.05,2.7836347910041024,66064.47,True
2024-10-28,0.1,2.7836347910041024,66064.47,False
2024-10-28,0.5,-1.2358922100145984,68774.04,False
2024-10-28,0.9,-5.122544810764246,71499.67,False
2024-10-29,0.01,2.996901498208123,67843.77,True
2024-10-29,0.05,2.996901498208123,67843.77,True
2024-10-29,0.1,2.996901498208123,67843.77,False
2024-10-29,0.5,-1.0111982154256514,70618.25,False
2024-10-29,0.9,-4.8748372469693235,73400.08,False
2024-10-30,0.01,2.8288153426192215,70692.19,True
2024-10-30,0.05,2.8288153426192215,70692.19,True
2024-10-30,0.1,2.8288153426192215,70692.19,False
2024-10-30,0.5,-1.5292925026280253,73841.15,False
2024-10-30,0.9,-5.462638360667549,76803.45,False
2024-10-31,0.01,2.289478366005471,70702.16,True
2024-10-31,0.05,2.289478366005471,70702.16,True
2024-10-31,0.1,2.289478366005471,70702.16,False
2024-10-31,0.5,-1.716493869344838,73591.96,False
2024-10-31,0.9,-5.433018369928873,76378.484,False
2024-11-01,0.01,2.709979618003429,68337.92,True
2024-11-01,0.05,2.709979618003429,68337.92,True
2024-11-01,0.1,2.709979618003429,68337.92,False
2024-11-01,0.5,-1.2973550743018063,71132.06,False
2024-11-01,0.9,-5.314404450242552,74047.64,False
2024-11-02,0.01,2.9682446063137404,67450.37,True
2024-11-02,0.05,2.9682446063137404,67450.37,True
2024-11-02,0.1,2.9682446063137404,67450.37,False
2024-11-02,0.5,-1.082034154403353,70238.375,False
2024-11-02,0.9,-5.119935328525787,73132.57,False
2024-11-03,0.01,2.9733115019554677,67259.414,True
2024-11-03,0.05,2.9733115019554677,67259.414,True
2024-11-03,0.1,2.9733115019554677,67259.414,False
2024-11-03,0.5,-1.0721405243689288,70036.15,False
2024-11-03,0.9,-5.124767391203592,72932.75,False
2024-11-04,0.01,3.0010458020010082,66708.81,True
2024-11-04,0.05,3.0010458020010082,66708.81,True
2024-11-04,0.1,3.0010458020010082,66708.81,False
2024-11-04,0.5,-0.9344913035080206,69386.51,False
2024-11-04,0.9,-4.911459610127437,72201.59,False
2024-11-05,0.01,3.1873217328088876,65684.22,True
2024-11-05,0.05,3.1873217328088876,65684.22,True
2024-11-05,0.1,3.1873217328088876,65684.22,False
2024-11-05,0.5,-0.7724694126312677,68337.36,False
2024-11-05,0.9,-4.770840809790228,71125.1,False
2024-11-06,0.01,2.726254172266766,67494.19,True
2024-11-06,0.05,2.726254172266766,67494.19,True
2024-11-06,0.1,2.726254172266766,67494.19,False
2024-11-06,0.5,-0.943315228417057,70016.94,False
2024-11-06,0.9,-4.707604539130226,72702.81,False
2024-11-07,0.01,4.234608552378349,72502.93,True
2024-11-07,0.05,4.234608552378349,72502.93,True
2024-11-07,0.1,4.234608552378349,72502.93,False
2024-11-07,0.5,-0.3226831136621314,75883.55,False
2024-11-07,0.9,-4.543509687250253,79155.016,False
2024-11-08,0.01,3.3593385229481063,73397.31,True
2024-11-08,0.05,3.3593385229481063,73397.31,True
2024-11-08,0.1,3.3593385229481063,73397.31,False
2024-11-08,0.5,-0.9033754997816806,76593.67,False
2024-11-08,0.9,-4.773064309558615,79615.7,False
2024-11-09,0.01,3.2670259167120386,74085.125,True
2024-11-09,0.05,3.2670259167120386,74085.125,True
2024-11-09,0.1,3.2670259167120386,74085.125,False
2024-11-09,0.5,-0.9031922753763612,77239.96,False
2024-11-09,0.9,-4.686621079879864,80218.266,False
2024-11-10,0.01,2.870797894520022,74606.04,True
2024-11-10,0.05,2.870797894520022,74606.04,True
2024-11-10,0.1,2.870797894520022,74606.04,False
2024-11-10,0.5,-1.148392088030579,77665.67,False
2024-11-10,0.9,-4.871159303025722,80611.48,False
2024-11-11,0.01,3.735526385271605,77523.51,True
2024-11-11,0.05,3.735526385271605,77523.51,True
2024-11-11,0.1,3.735526385271605,77523.51,False
2024-11-11,0.5,-0.8160139327390764,81133.555,False
2024-11-11,0.9,-4.7112328831573285,84356.24,False
2024-11-12,0.01,6.65696847308686,82988.91,True
2024-11-12,0.05,6.65696847308686,82988.91,True
2024-11-12,0.1,6.65696847308686,82988.91,False
2024-11-12,0.5,0.020849837511544938,88682.99,False
2024-11-12,0.9,-5.937038526557916,94127.195,False
2024-11-13,0.01,6.329335855060203,82561.31,True
2024-11-13,0.05,6.329335855060203,82561.31,True
2024-11-13,0.1,6.329335855060203,82561.31,False
2024-11-13,0.5,0.9001927150993232,87167.59,False
2024-11-13,0.9,-3.515274669306738,91102.69,False
2024-11-14,0.01,6.575246526474272,84819.625,True
2024-11-14,0.05,6.575246526474272,84819.625,True
2024-11-14,0.1,6.575246526474272,84819.625,False
2024-11-14,0.5,1.1036922404959042,89589.89,False
2024-11-14,0.9,-3.311766154383162,93634.33,False
2024-11-15,0.01,5.85290946998325,82290.31,True
2024-11-15,0.05,5.85290946998325,82290.31,True
2024-11-15,0.1,5.85290946998325,82290.31,False
2024-11-15,0.5,1.074523985947102,86317.92,False
2024-11-15,0.9,-2.8067426765594505,89734.016,False
2024-11-16,0.01,5.140586998879961,86502.97,True
2024-11-16,0.05,5.140586998879961,86502.97,True
2024-11-16,0.1,5.140586998879961,86502.97,False
2024-11-16,0.5,-0.17819733855556458,91228.43,False
2024-11-16,0.9,-4.402286151454927,95164.55,False
2024-11-17,0.01,4.740605405591399,86365.625,True
2024-11-17,0.05,4.740605405591399,86365.625,True
2024-11-17,0.1,4.740605405591399,86365.625,False
2024-11-17,0.5,-0.4027427523442633,90923.93,False
2024-11-17,0.9,-4.499560843220113,94726.27,False
2024-11-18,0.01,4.6581734522324485,85756.66,True
2024-11-18,0.05,4.6581734522324485,85756.66,True
2024-11-18,0.1,4.6581734522324485,85756.66,False
2024-11-18,0.5,-0.13775402500687053,89969.7,False
2024-11-18,0.9,-3.9359098333687683,93452.62,False
2024-11-19,0.01,4.377944952532497,86664.25,True
2024-11-19,0.05,4.377944952532497,86664.25,True
2024-11-19,0.1,4.377944952532497,86664.25,False
2024-11-19,0.5,-0.5460214053132616,91038.375,False
2024-11-19,0.9,-4.4279619812188935,94641.92,False
2024-11-20,0.01,4.4766752050817775,88301.02,True
2024-11-20,0.05,4.4766752050817775,88301.02,True
2024-11-20,0.1,4.4766752050817775,88301.02,False
2024-11-20,0.5,-0.4933914400266159,92800.53,False
2024-11-20,0.9,-4.487361484061281,96581.97,False
2024-11-21,0.01,4.496869204093967,90191.14,True
2024-11-21,0.05,4.496869204093967,90191.14,True
2024-11-21,0.1,4.496869204093967,90191.14,False
2024-11-21,0.5,-0.7151652349300688,95016.59,False
2024-11-21,0.9,-4.951977283349567,99128.766,False
2024-11-22,0.01,4.701605468686373,93980.61,True
2024-11-22,0.05,4.701605468686373,93980.61,True
2024-11-22,0.1,4.701605468686373,93980.61,False
2024-11-22,0.5,-1.2203828061260729,99714.23,False
2024-11-22,0.9,-5.986191520334449,104581.48,False
2024-11-23,0.01,4.517297407934439,94625.15,True
2024-11-23,0.05,4.517297407934439,94625.15,True
2024-11-23,0.1,4.517297407934439,94625.15,False
2024-11-23,0.5,-1.2400597671919926,100232.94,False
2024-11-23,0.9,-5.912269314275212,105027.16,False
2024-11-24,0.01,5.110889994142333,92905.55,True
2024-11-24,0.05,5.110889994142333,92905.55,True
2024-11-24,0.1,5.110889994142333,92905.55,False
2024-11-24,0.5,-0.046555448874757155,97822.81,False
2024-11-24,0.9,-4.267340690630364,102040.08,False
2024-11-25,0.01,5.387047663660774,92873.47,True
2024-11-25,0.05,5.387047663660774,92873.47,True
2024-11-25,0.1,5.387047663660774,92873.47,False
2024-11-25,0.5,0.4183932902537136,97604.59,False
2024-11-25,0.9,-3.7779121480742175,101787.53,False
2024-11-26,0.01,5.640252432712342,87996.44,True
2024-11-26,0.05,5.640252432712342,87996.44,True
2024-11-26,0.1,5.640252432712342,87996.44,False
2024-11-26,0.5,0.7960293934643712,92364.12,False
2024-11-26,0.9,-3.3807430341732676,96303.66,False
2024-11-27,0.01,5.63884917004762,86941.94,True
2024-11-27,0.05,5.63884917004762,86941.94,True
2024-11-27,0.1,5.63884917004762,86941.94,False
2024-11-27,0.5,1.0279574802386597,91044.59,False
2024-11-27,0.9,-2.983873943147197,94771.41,False
2024-11-28,0.01,4.476806113796763,91761.22,True
2024-11-28,0.05,4.476806113796763,91761.22,True
2024-11-28,0.1,4.476806113796763,91761.22,False
2024-11-28,0.5,-0.3394322837015281,96288.81,False
2024-11-28,0.9,-4.44283652010221,100322.12,False
2024-11-29,0.01,4.402091858008947,91533.09,True
2024-11-29,0.05,4.402091858008947,91533.09,True
2024-11-29,0.1,4.402091858008947,91533.09,False
2024-11-29,0.5,-0.26175503610805523,95903.17,False
2024-11-29,0.9,-4.336770552156874,99891.96,False
2024-11-30,0.01,4.108238089401555,93538.7,True
2024-11-30,0.05,4.108238089401555,93538.7,True
2024-11-30,0.1,4.108238089401555,93538.7,False
2024-11-30,0.5,-0.5984346588871843,98046.516,False
2024-11-30,0.9,-4.732141669783245,102184.41,False
2024-12-01,0.01,3.710410621951755,92935.98,True
2024-12-01,0.05,3.710410621951755,92935.98,True
2024-12-01,0.1,3.710410621951755,92935.98,False
2024-12-01,0.5,-0.9533063793216532,97372.91,False
2024-12-01,0.9,-5.168220325463023,101564.81,False
2024-12-02,0.01,3.681026282652949,93764.0,True
2024-12-02,0.05,3.681026282652949,93764.0,True
2024-12-02,0.1,3.681026282652949,93764.0,False
2024-12-02,0.5,-0.9745867975028327,98232.5,False
2024-12-02,0.9,-5.19233173599831,102464.31,False
2024-12-03,0.01,3.701146818316229,92382.05,True
2024-12-03,0.05,3.701146818316229,92382.05,True
2024-12-03,0.1,3.701146818316229,92382.05,False
2024-12-03,0.5,-0.9223345859976109,96753.59,False
2024-12-03,0.9,-5.309034090095242,101092.35,False
2024-12-04,0.01,4.163253957653838,92087.41,True
2024-12-04,0.05,4.163253957653838,92087.41,True
2024-12-04,0.1,4.163253957653838,92087.41,False
2024-12-04,0.5,-0.32499295866284167,96314.67,False
2024-12-04,0.9,-4.684427067450947,100606.31,False
2024-12-05,0.01,3.9632271248236215,94930.664,True
2024-12-05,0.05,3.9632271248236215,94930.664,True
2024-12-05,0.1,3.9632271248236215,94930.664,False
2024-12-05,0.5,-0.7412283239001959,99503.35,False
2024-12-05,0.9,-5.18404193602049,104023.77,False
2024-12-06,0.01,3.8885353045747175,92909.586,True
2024-12-06,0.05,3.8885353045747175,92909.586,True
2024-12-06,0.1,3.8885353045747175,92909.586,False
2024-12-06,0.5,-0.6744204026620035,97247.22,False
2024-12-06,0.9,-5.168088578939729,101716.86,False
2024-12-07,0.01,4.434963424856585,95586.09,True
2024-12-07,0.05,4.434963424856585,95586.09,True
2024-12-07,0.1,4.434963424856585,95586.09,False
2024-12-07,0.5,-0.20941554011326863,100130.18,False
2024-12-07,0.9,-4.629612699482313,104655.41,False
2024-12-08,0.01,4.143491769212085,95867.625,True
2024-12-08,0.05,4.143491769212085,95867.625,True
2024-12-08,0.1,4.143491769212085,95867.625,False
2024-12-08,0.5,-0.4047640987261167,100328.61,False
2024-12-08,0.9,-4.660139573800143,104690.11,False
2024-12-09,0.01,4.0180843514949744,97248.91,True
2024-12-09,0.05,4.0180843514949744,97248.91,True
2024-12-09,0.1,4.0180843514949744,97248.91,False
2024-12-09,0.5,-0.5966632725214743,101841.86,False
2024-12-09,0.9,-4.929690323473673,106351.695,False
2024-12-10,0.01,3.342339056991287,94230.01,True
2024-12-10,0.05,3.342339056991287,94230.01,True
2024-12-10,0.1,3.342339056991287,94230.01,False
2024-12-10,0.5,-1.0101169320188153,98421.89,False
2024-12-10,0.9,-5.352341217192242,102789.734,False
2024-12-11,0.01,3.236520741198358,93596.6,True
2024-12-11,0.05,3.236520741198358,93596.6,True
2024-12-11,0.1,3.236520741198358,93596.6,False
2024-12-11,0.5,-0.8730407443343502,97523.14,False
2024-12-11,0.9,-5.11305952001216,101747.055,False
2024-12-12,0.01,3.8614201349718993,97340.78,True
2024-12-12,0.05,3.8614201349718993,97340.78,True
2024-12-12,0.1,3.8614201349718993,97340.78,False
2024-12-12,0.5,-0.683350835920167,101866.766,False
2024-12-12,0.9,-5.0378778684232,106400.58,False
2024-12-13,0.01,2.9493826043216265,97135.44,True
2024-12-13,0.05,2.9493826043216265,97135.44,True
2024-12-13,0.1,2.9493826043216265,97135.44,False
2024-12-13,0.5,-1.3328294076111502,101385.33,False
2024-12-13,0.9,-5.4788361510313885,105677.125,False
2024-12-14,0.01,3.071322116085764,98390.484,True
2024-12-14,0.05,3.071322116085764,98390.484,True
2024-12-14,0.1,3.071322116085764,98390.484,False
2024-12-14,0.5,-1.3623262317976066,102850.92,False
2024-12-14,0.9,-5.581769195328919,107283.516,False
2024-12-15,0.01,3.066634025838291,98311.414,True
2024-12-15,0.05,3.066634025838291,98311.414,True
2024-12-15,0.1,3.066634025838291,98311.414,False
2024-12-15,0.5,-1.236522245025143,102634.25,False
2024-12-15,0.9,-5.461534925294305,107063.47,False
2024-12-16,0.01,3.9481132027895076,100261.09,True
2024-12-16,0.05,3.9481132027895076,100261.09,True
2024-12-16,0.1,3.9481132027895076,100261.09,False
2024-12-16,0.5,-0.49100125142687273,104812.06,False
2024-12-16,0.9,-4.801694140004368,109428.984,False
2024-12-17,0.01,4.379863943008915,101485.99,True
2024-12-17,0.05,4.379863943008915,101485.99,True
2024-12-17,0.1,4.379863943008915,101485.99,False
2024-12-17,0.5,-0.41260774363389413,106468.11,False
2024-12-17,0.9,-4.915428428633716,111371.75,False
2024-12-18,0.01,4.274202793614365,101699.52,True
2024-12-18,0.05,4.274202793614365,101699.52,True
2024-12-18,0.1,4.274202793614365,101699.52,False
2024-12-18,0.5,-0.3205148731964122,106481.34,False
2024-12-18,0.9,-4.79234309484808,111351.08,False
2024-12-19,0.01,3.259627352371041,96833.13,True
2024-12-19,0.05,3.259627352371041,96833.13,True
2024-12-19,0.1,3.259627352371041,96833.13,False
2024-12-19,0.5,-1.1851262106216043,101234.21,False
2024-12-19,0.9,-5.699135122066027,105908.64,False
2024-12-20,0.01,3.8575323096637395,93801.82,True
2024-12-20,0.05,3.8575323096637395,93801.82,True
2024-12-20,0.1,3.8575323096637395,93801.82,False
2024-12-20,0.5,-0.5921446192051423,98069.95,False
2024-12-20,0.9,-5.121707447493044,102614.234,False
2024-12-21,0.01,3.858085123743887,94056.25,True
2024-12-21,0.05,3.858085123743887,94056.25,True
2024-12-21,0.1,3.858085123743887,94056.25,False
2024-12-21,0.5,-0.6196894592123512,98363.59,False
2024-12-21,0.9,-5.1492778851109575,102921.51,False
2024-12-22,0.01,3.9304385569927223,93477.49,True
2024-12-22,0.05,3.9304385569927223,93477.49,True
2024-12-22,0.1,3.9304385569927223,93477.49,False
2024-12-22,0.5,-0.3265836014042182,97542.766,False
2024-12-22,0.9,-4.786670684328772,101991.734,False
2024-12-23,0.01,3.961173275360751,91411.305,True
2024-12-23,0.05,3.961173275360751,91411.305,True
2024-12-23,0.1,3.961173275360751,91411.305,False
2024-12-23,0.5,-0.47490719589552355,95557.67,False
2024-12-23,0.9,-5.0028504575205,99983.92,False
2024-12-24,0.01,4.209288188344753,90783.34,True
2024-12-24,0.05,4.209288188344753,90783.34,True
2024-12-24,0.1,4.209288188344753,90783.34,False
2024-12-24,0.5,-0.06917665664836616,94751.766,False
2024-12-24,0.9,-4.412412168382512,98957.734,False
2024-12-25,0.01,3.4715346175713266,95309.3,True
2024-12-25,0.05,3.4715346175713266,95309.3,True
2024-12-25,0.1,3.4715346175713266,95309.3,False
2024-12-25,0.5,-0.7217445580790409,99390.86,False
2024-12-25,0.9,-5.0452248327155464,103782.25,False
2024-12-26,0.01,3.1773405537197723,96193.72,True
2024-12-26,0.05,3.1773405537197723,96193.72,True
2024-12-26,0.1,3.1773405537197723,96193.72,False
2024-12-26,0.5,-0.9181112243737539,100215.07,False
2024-12-26,0.9,-5.1741051484717735,104572.28,False
2024-12-27,0.01,3.8974887655717425,92133.72,True
2024-12-27,0.05,3.8974887655717425,92133.72,True
2024-12-27,0.1,3.8974887655717425,92133.72,False
2024-12-27,0.5,0.022788762221057402,95773.69,False
2024-12-27,0.9,-4.212224704686252,99916.83,False
2024-12-28,0.01,3.8517493429142196,90606.83,True
2024-12-28,0.05,3.8517493429142196,90606.83,True
2024-12-28,0.1,3.8517493429142196,90606.83,False
2024-12-28,0.5,-0.29156575714617006,94439.81,False
2024-12-28,0.9,-4.6271214324605205,98624.36,False
2024-12-29,0.01,3.601625644636819,91797.47,True
2024-12-29,0.05,3.601625644636819,91797.47,True
2024-12-29,0.1,3.601625644636819,91797.47,False
2024-12-29,0.5,-0.22590864735354366,95379.16,False
2024-12-29,0.9,-4.27941978251204,99324.79,False
2024-12-30,0.01,4.028461495504313,89837.28,True
2024-12-30,0.05,4.028461495504313,89837.28,True
2024-12-30,0.1,4.028461495504313,89837.28,False
2024-12-30,0.5,-0.03179449110187652,93559.97,False
2024-12-30,0.9,-4.301266435688762,97640.984,False
