date,level,var,q_price,clamped
2023-01-04,0.01,4.054125694586832,3672.205,True
2023-01-04,0.05,4.054125694586832,3672.205,True
2023-01-04,0.1,4.054125694586832,3672.205,False
2023-01-04,0.5,2.083966603457858,3745.2708,False
2023-01-04,0.9,-0.01402509728659892,3824.6763,False
2023-01-05,0.01,4.298157446835245,3690.8718,True
2023-01-05,0.05,4.298157446835245,3690.8718,True
2023-01-05,0.1,4.298157446835245,3690.8718,False
2023-01-05,0.5,2.48084808683885,3758.5596,False
2023-01-05,0.9,0.4339844376490495,3836.285,False
2023-01-06,0.01,4.132805618019729,3653.9265,True
2023-01-06,0.05,4.132805618019729,3653.9265,True
2023-01-06,0.1,4.132805618019729,3653.9265,False
2023-01-06,0.5,2.170438459972171,3726.3381,False
2023-01-06,0.9,0.015426266037502502,3807.5127,False
2023-01-09,0.01,4.014731570968185,3741.8005,True
2023-01-09,0.05,4.014731570968185,3741.8005,True
2023-01-09,0.1,4.014731570968185,3741.8005,False
2023-01-09,0.5,2.0653718280700937,3815.4573,False
2023-01-09,0.9,-0.05579401975713707,3897.254,False
2023-01-10,0.01,3.0279446316815246,3776.006,True
2023-01-10,0.05,3.0279446316815246,3776.006,True
2023-01-10,0.1,3.0279446316815246,3776.006,False
2023-01-10,0.5,1.1546710298288958,3847.4077,False
2023-01-10,0.9,-0.7747976775256069,3922.363,False
2023-01-11,0.01,3.1094766590403133,3799.257,True
2023-01-11,0.05,3.1094766590403133,3799.257,True
2023-01-11,0.1,3.1094766590403133,3799.257,False
2023-01-11,0.5,1.1725871810941302,3873.5618,False
2023-01-11,0.9,-0.7799323419065487,3949.937,False
2023-01-12,0.01,3.102787404855567,3848.3328,True
2023-01-12,0.05,3.102787404855567,3848.3328,True
2023-01-12,0.1,3.102787404855567,3848.3328,False
2023-01-12,0.5,1.016314448662309,3929.4707,False
2023-01-12,0.9,-1.0271234908643074,4010.593,False
2023-01-13,0.01,3.1017830352623035,3861.517,True
2023-01-13,0.05,3.1017830352623035,3861.517,True
2023-01-13,0.1,3.1017830352623035,3861.517,False
2023-01-13,0.5,1.001005413076449,3943.497,False
2023-01-13,0.9,-1.0711674439974161,4026.0657,False
2023-01-17,0.01,2.895958398422515,3884.939,True
2023-01-17,0.05,2.895958398422515,3884.939,True
2023-01-17,0.1,2.895958398422515,3884.939,False
2023-01-17,0.5,0.8360968444290913,3965.7932,False
2023-01-17,0.9,-1.1531234228615042,4045.4714,False
2023-01-18,0.01,2.8547172016065248,3878.65,True
2023-01-18,0.05,2.8547172016065248,3878.65,True
2023-01-18,0.1,2.8547172016065248,3878.65,False
2023-01-18,0.5,0.7648179508150417,3960.5627,False
2023-01-18,0.9,-1.2344900208821703,4040.5435,False
2023-01-19,0.01,3.1511705177784877,3806.9854,True
2023-01-19,0.05,3.1511705177784877,3806.9854,True
2023-01-19,0.1,3.1511705177784877,3806.9854,False
2023-01-19,0.5,0.9039835497666013,3893.504,False
2023-01-19,0.9,-1.2175546172148162,3976.9885,False
2023-01-20,0.01,2.8368338347027464,3789.8003,True
2023-01-20,0.05,2.8368338347027464,3789.8003,True
2023-01-20,0.1,2.8368338347027464,3789.8003,False
2023-01-20,0.5,0.5653064816328162,3876.8718,False
2023-01-20,0.9,-1.5457549024655028,3959.585,False
2023-01-23,0.01,2.9780106952672565,3856.0496,True
2023-01-23,0.05,2.9780106952672565,3856.0496,True
2023-01-23,0.1,2.9780106952672565,3856.0496,False
2023-01-23,0.5,0.9588584689530795,3934.7004,False
2023-01-23,0.9,-0.9555711121771578,4010.7532,False
2023-01-24,0.01,2.8995875379537934,3904.9258,True
2023-01-24,0.05,2.8995875379537934,3904.9258,True
2023-01-24,0.1,2.8995875379537934,3904.9258,False
2023-01-24,0.5,0.8324245271394451,3986.487,False
2023-01-24,0.9,-1.1599236500306631,4066.7083,False
2023-01-25,0.01,2.3552037517241575,3923.448,True
2023-01-25,0.05,2.3552037517241575,3923.448,True
2023-01-25,0.1,2.3552037517241575,3923.448,False
2023-01-25,0.5,0.4372649312326531,3999.4236,False
2023-01-25,0.9,-1.3514010001829828,4071.6035,False
2023-01-26,0.01,2.6382274051363708,3911.6484,True
2023-01-26,0.05,2.6382274051363708,3911.6484,True
2023-01-26,0.1,2.6382274051363708,3911.6484,False
2023-01-26,0.5,0.7315986324231396,3986.9446,False
2023-01-26,0.9,-1.0751074088837391,4059.6316,False
2023-01-27,0.01,2.610543833736828,3955.8022,True
2023-01-27,0.05,2.610543833736828,3955.8022,True
2023-01-27,0.1,2.610543833736828,3955.8022,False
2023-01-27,0.5,0.7386855327961722,4030.5466,False
2023-01-27,0.9,-1.0803397640882169,4104.534,False
2023-01-30,0.01,2.547220110775651,3968.1833,True
2023-01-30,0.05,2.547220110775651,3968.1833,True
2023-01-30,0.1,2.547220110775651,3968.1833,False
2023-01-30,0.5,0.6932624113012473,4042.438,False
2023-01-30,0.9,-1.1844044067789996,4119.0586,False
2023-01-31,0.01,2.3690273475984753,3923.7065,True
2023-01-31,0.05,2.3690273475984753,3923.7065,True
2023-01-31,0.1,2.3690273475984753,3923.7065,False
2023-01-31,0.5,0.4845043582882496,3998.3508,False
2023-01-31,0.9,-1.4621641593989965,4076.948,False
2023-02-01,0.01,2.5734603723320486,3973.0288,True
2023-02-01,0.05,2.5734603723320486,3973.0288,True
2023-02-01,0.1,2.5734603723320486,3973.0288,False
2023-02-01,0.5,0.7295790796166962,4046.9663,False
2023-02-01,0.9,-1.0929319198771295,4121.399,False
2023-02-02,0.01,1.9087402049465008,4041.3306,True
2023-02-02,0.05,1.9087402049465008,4041.3306,True
2023-02-02,0.1,1.9087402049465008,4041.3306,False
2023-02-02,0.5,0.1779884083390416,4111.885,False
2023-02-02,0.9,-1.479504750089543,4180.607,False
2023-02-03,0.01,1.9954320757951898,4097.182,True
2023-02-03,0.05,1.9954320757951898,4097.182,True
2023-02-03,0.1,1.9954320757951898,4097.182,False
2023-02-03,0.5,0.16728648864616835,4172.7734,False
2023-02-03,0.9,-1.4946477780899332,4242.7017,False
2023-02-06,0.01,1.9614627742996482,4056.135,True
2023-02-06,0.05,1.9614627742996482,4056.135,True
2023-02-06,0.1,1.9614627742996482,4056.135,False
2023-02-06,0.5,0.22517187518543508,4127.1763,False
2023-02-06,0.9,-1.3762599835936875,4193.8022,False
2023-02-07,0.01,1.8402225667688201,4036.119,True
2023-02-07,0.05,1.8402225667688201,4036.119,True
2023-02-07,0.1,1.8402225667688201,4036.119,False
2023-02-07,0.5,0.06218460139495905,4108.5244,False
2023-02-07,0.9,-1.6003350232870468,4177.4004,False
2023-02-08,0.01,1.795243130583401,4089.913,True
2023-02-08,0.05,1.795243130583401,4089.913,True
2023-02-08,0.1,1.795243130583401,4089.913,False
2023-02-08,0.5,0.09070852988794059,4160.2246,False
2023-02-08,0.9,-1.4905239376126878,4226.5303,False
2023-02-09,0.01,1.410821114826356,4060.172,True
2023-02-09,0.05,1.410821114826356,4060.172,True
2023-02-09,0.1,1.410821114826356,4060.172,False
2023-02-09,0.5,-0.3296795458751347,4131.458,False
2023-02-09,0.9,-1.966351813193343,4199.633,False
2023-02-10,0.01,1.5847471003597193,4017.3284,True
2023-02-10,0.05,1.5847471003597193,4017.3284,True
2023-02-10,0.1,1.5847471003597193,4017.3284,False
2023-02-10,0.5,-0.2747954630335353,4092.7312,False
2023-02-10,0.9,-2.04646999185388,4165.887,False
2023-02-13,0.01,1.3651061390849304,4035.0002,True
2023-02-13,0.05,1.3651061390849304,4035.0002,True
2023-02-13,0.1,1.3651061390849304,4035.0002,False
2023-02-13,0.5,-0.39641937070973593,4106.7075,False
2023-02-13,0.9,-2.0562655143627593,4175.4414,False
2023-02-14,0.01,1.3972309111880032,4079.8845,True
2023-02-14,0.05,1.3972309111880032,4079.8845,True
2023-02-14,0.1,1.3972309111880032,4079.8845,False
2023-02-14,0.5,-0.3145462621362121,4150.324,False
2023-02-14,0.9,-1.8860526223186722,4216.062,False
2023-02-15,0.01,1.421619181656597,4077.7458,True
2023-02-15,0.05,1.421619181656597,4077.7458,True
2023-02-15,0.1,1.421619181656597,4077.7458,False
2023-02-15,0.5,-0.30660812817270144,4148.831,False
2023-02-15,0.9,-1.944853617622155,4217.359,False
2023-02-16,0.01,1.5727702771509526,4082.8782,True
2023-02-16,0.05,1.5727702771509526,4082.8782,True
2023-02-16,0.1,1.5727702771509526,4082.8782,False
2023-02-16,0.5,-0.10118156421950752,4151.799,False
2023-02-16,0.9,-1.6921957566494272,4218.383,False
2023-02-17,0.01,1.5873922620526713,4025.9917,True
2023-02-17,0.05,1.5873922620526713,4025.9917,True
2023-02-17,0.1,1.5873922620526713,4025.9917,False
2023-02-17,0.5,-0.1732677752701127,4097.5034,False
2023-02-17,0.9,-1.876932626908387,4167.909,False
2023-02-21,0.01,1.7498743390476867,4008.332,True
2023-02-21,0.05,1.7498743390476867,4008.332,True
2023-02-21,0.1,1.7498743390476867,4008.332,False
2023-02-21,0.5,0.0019033033326204165,4079.0125,False
2023-02-21,0.9,-1.7168732979322505,4149.7275,False
2023-02-22,0.01,2.0410816613041227,3916.5781,True
2023-02-22,0.05,2.0410816613041227,3916.5781,True
2023-02-22,0.1,2.0410816613041227,3916.5781,False
2023-02-22,0.5,-0.010938072230938163,3997.7773,False
2023-02-22,0.9,-1.9919796093305804,4077.7646,False
2023-02-23,0.01,2.2094848026393166,3903.8354,True
2023-02-23,0.05,2.2094848026393166,3903.8354,True
2023-02-23,0.1,2.2094848026393166,3903.8354,False
2023-02-23,0.5,0.26409161348104,3980.524,False
2023-02-23,0.9,-1.6535097231947786,4057.591,False
2023-02-24,0.01,2.2015858208242247,3924.9507,True
2023-02-24,0.05,2.2015858208242247,3924.9507,True
2023-02-24,0.1,2.2015858208242247,3924.9507,False
2023-02-24,0.5,0.3283374051278557,3999.1677,False
2023-02-24,0.9,-1.4708034556271847,4071.7695,False
2023-02-27,0.01,2.1716542835750343,3884.754,True
2023-02-27,0.05,2.1716542835750343,3884.754,True
2023-02-27,0.1,2.1716542835750343,3884.754,False
2023-02-27,0.5,0.2525866337152179,3960.025,False
2023-02-27,0.9,-1.5593156534147339,4032.4307,False
2023-02-28,0.01,2.1002205818124158,3899.4763,True
2023-02-28,0.05,2.1002205818124158,3899.4763,True
2023-02-28,0.1,2.1002205818124158,3899.4763,False
2023-02-28,0.5,0.21158694545453774,3973.823,False
2023-02-28,0.9,-1.5558491121891764,4044.6821,False
2023-03-01,0.01,1.9053449178650337,3895.221,True
2023-03-01,0.05,1.9053449178650337,3895.221,True
2023-03-01,0.1,1.9053449178650337,3895.221,False
2023-03-01,0.5,0.016992251592626895,3969.4753,False
2023-03-01,0.9,-1.7533777535014865,4040.3755,False
2023-03-02,0.01,2.2364598576044297,3863.9995,True
2023-03-02,0.05,2.2364598576044297,3863.9995,True
2023-03-02,0.1,2.2364598576044297,3863.9995,False
2023-03-02,0.5,0.3088256495021129,3939.2058,False
2023-03-02,0.9,-1.5104968268134444,4011.5286,False
2023-03-03,0.01,2.08185979674604,3899.3208,True
2023-03-03,0.05,2.08185979674604,3899.3208,True
2023-03-03,0.1,2.08185979674604,3899.3208,False
2023-03-03,0.5,0.29443073246483925,3969.645,False
2023-03-03,0.9,-1.397181098016847,4037.3672,False
2023-03-06,0.01,2.064032701580769,3962.9924,True
2023-03-06,0.05,2.064032701580769,3962.9924,True
2023-03-06,0.1,2.064032701580769,3962.9924,False
2023-03-06,0.5,0.268558704567073,4034.7896,False
2023-03-06,0.9,-1.3749457456478285,4101.6494,False
2023-03-07,0.01,2.1948615223921704,3960.5308,True
2023-03-07,0.05,2.1948615223921704,3960.5308,True
2023-03-07,0.1,2.1948615223921704,3960.5308,False
2023-03-07,0.5,0.38714775486553943,4032.7769,False
2023-03-07,0.9,-1.2809166619487695,4100.6104,False
2023-03-08,0.01,2.0362739034410247,3906.0176,True
2023-03-08,0.05,2.0362739034410247,3906.0176,True
2023-03-08,0.1,2.0362739034410247,3906.0176,False
2023-03-08,0.5,0.20222941030974048,3978.3167,False
2023-03-08,0.9,-1.5049065729360813,4046.815,False
2023-03-09,0.01,2.032943206122296,3911.674,True
2023-03-09,0.05,2.032943206122296,3911.674,True
2023-03-09,0.1,2.032943206122296,3911.674,False
2023-03-09,0.5,0.23515707254742066,3982.6335,False
2023-03-09,0.9,-1.4133525979721804,4048.8318,False
2023-03-10,0.01,2.0720516009676384,3837.9658,True
2023-03-10,0.05,2.0720516009676384,3837.9658,True
2023-03-10,0.1,2.0720516009676384,3837.9658,False
2023-03-10,0.5,0.002068629526161007,3918.239,False
2023-03-10,0.9,-1.9286577286773405,3994.6245,False
2023-03-13,0.01,2.3535811152019237,3771.7656,True
2023-03-13,0.05,2.3535811152019237,3771.7656,True
2023-03-13,0.1,2.3535811152019237,3771.7656,False
2023-03-13,0.5,0.09663217990989745,3857.8604,False
2023-03-13,0.9,-1.891063531265183,3935.31,False
2023-03-14,0.01,2.527073753056856,3759.543,True
2023-03-14,0.05,2.527073753056856,3759.543,True
2023-03-14,0.1,2.527073753056856,3759.543,False
2023-03-14,0.5,0.32533312491775984,3843.2363,False
2023-03-14,0.9,-1.6629077458581658,3920.4138,False
2023-03-15,0.01,2.8980616982892817,3807.3367,True
2023-03-15,0.05,2.8980616982892817,3807.3367,True
2023-03-15,0.1,2.8980616982892817,3807.3367,False
2023-03-15,0.5,0.9452629093659972,3882.417,False
2023-03-15,0.9,-0.9603524782184155,3957.1104,False
2023-03-16,0.01,2.7068016879815984,3787.996,True
2023-03-16,0.05,2.7068016879815984,3787.996,True
2023-03-16,0.1,2.7068016879815984,3787.996,False
2023-03-16,0.5,0.7501589160780147,3862.8435,False
2023-03-16,0.9,-1.0863197127318822,3934.4392,False
2023-03-17,0.01,3.1393937210137572,3837.8826,True
2023-03-17,0.05,3.1393937210137572,3837.8826,True
2023-03-17,0.1,3.1393937210137572,3837.8826,False
2023-03-17,0.5,1.260897658050322,3910.6584,False
2023-03-17,0.9,-0.5518209508512604,3982.194,False
2023-03-20,0.01,2.878557245235675,3805.5044,True
2023-03-20,0.05,2.878557245235675,3805.5044,True
2023-03-20,0.1,2.878557245235675,3805.5044,False
2023-03-20,0.5,0.9263687366867027,3880.525,False
2023-03-20,0.9,-0.8748004265943691,3951.053,False
2023-03-21,0.01,2.9044104622716316,3838.451,True
2023-03-21,0.05,2.9044104622716316,3838.451,True
2023-03-21,0.1,2.9044104622716316,3838.451,False
2023-03-21,0.5,1.0298416166564945,3911.084,False
2023-03-21,0.9,-0.7318128654982474,3980.5942,False
2023-03-22,0.01,2.4960249664158507,3904.194,True
2023-03-22,0.05,2.4960249664158507,3904.194,True
2023-03-22,0.1,2.4960249664158507,3904.194,False
2023-03-22,0.5,0.6674556627035632,3976.2417,False
2023-03-22,0.9,-1.0320102209801423,4044.394,False
2023-03-23,0.01,2.1754181424376515,3852.2493,True
2023-03-23,0.05,2.1754181424376515,3852.2493,True
2023-03-23,0.1,2.1754181424376515,3852.2493,False
2023-03-23,0.5,0.3265561636491505,3924.1345,False
2023-03-23,0.9,-1.3815533337999923,3991.7388,False
2023-03-24,0.01,2.4474520300340514,3853.25,True
2023-03-24,0.05,2.4474520300340514,3853.25,True
2023-03-24,0.1,2.4474520300340514,3853.25,False
2023-03-24,0.5,0.6001854045260826,3925.0913,False
2023-03-24,0.9,-1.113246663167653,3992.9246,False
2023-03-27,0.01,2.2682304590120084,3881.9326,True
2023-03-27,0.05,2.2682304590120084,3881.9326,True
2023-03-27,0.1,2.2682304590120084,3881.9326,False
2023-03-27,0.5,0.53813184532355,3949.6782,False
2023-03-27,0.9,-1.0227215938976841,4011.8105,False
2023-03-28,0.01,2.274002269390382,3888.1016,True
2023-03-28,0.05,2.274002269390382,3888.1016,True
2023-03-28,0.1,2.274002269390382,3888.1016,False
2023-03-28,0.5,0.5833716153827987,3954.3938,False
2023-03-28,0.9,-0.9105505591956251,4013.9128,False
2023-03-29,0.01,2.188780784516877,3885.292,True
2023-03-29,0.05,2.188780784516877,3885.292,True
2023-03-29,0.1,2.188780784516877,3885.292,False
2023-03-29,0.5,0.5578991718864523,3949.176,False
2023-03-29,0.9,-0.9050100257437373,4007.3735,False
2023-03-30,0.01,2.0341621387650473,3946.7056,True
2023-03-30,0.05,2.0341621387650473,3946.7056,True
2023-03-30,0.1,2.0341621387650473,3946.7056,False
2023-03-30,0.5,0.3433473305205761,4014.0044,False
2023-03-30,0.9,-1.1507005707267168,4074.4258,False
2023-03-31,0.01,1.8635274540014395,3976.0408,True
2023-03-31,0.05,1.8635274540014395,3976.0408,True
2023-03-31,0.1,1.8635274540014395,3976.0408,False
2023-03-31,0.5,0.24243149984268178,4041.0215,False
2023-03-31,0.9,-1.1788702996703435,4098.8667,False
2023-04-03,0.01,2.259581298619355,4017.498,True
2023-04-03,0.05,2.259581298619355,4017.498,True
2023-04-03,0.1,2.259581298619355,4017.498,False
2023-04-03,0.5,0.4841148416229367,4089.4644,False
2023-04-03,0.9,-1.0954568109660257,4154.573,False
2023-04-04,0.01,2.070731053353321,4039.9805,True
2023-04-04,0.05,2.070731053353321,4039.9805,True
2023-04-04,0.1,2.070731053353321,4039.9805,False
2023-04-04,0.5,0.3951922610921206,4108.242,False
2023-04-04,0.9,-1.0819444899959416,4169.377,False
2023-04-05,0.01,1.9257162350583494,4022.3896,True
2023-04-05,0.05,1.9257162350583494,4022.3896,True
2023-04-05,0.1,1.9257162350583494,4022.3896,False
2023-04-05,0.5,0.2942872656908893,4088.5503,False
2023-04-05,0.9,-1.1296947629578178,4147.187,False
2023-04-06,0.01,1.7435262476873727,4019.6812,True
2023-04-06,0.05,1.7435262476873727,4019.6812,True
2023-04-06,0.1,1.7435262476873727,4019.6812,False
2023-04-06,0.5,0.11667166066275254,4085.6104,False
2023-04-06,0.9,-1.3165278145159605,4144.587,False
2023-04-10,0.01,1.803352974709338,4031.6555,True
2023-04-10,0.05,1.803352974709338,4031.6555,True
2023-04-10,0.1,1.803352974709338,4031.6555,False
2023-04-10,0.5,0.2212547101136104,4095.9475,False
2023-04-10,0.9,-1.1864161857391051,4154.0127,False
2023-04-11,0.01,1.8428862874770944,4034.0771,True
2023-04-11,0.05,1.8428862874770944,4034.0771,True
2023-04-11,0.1,1.8428862874770944,4034.0771,False
2023-04-11,0.5,0.3101010538752126,4096.387,False
2023-04-11,0.9,-1.0656752395442302,4153.134,False
2023-04-12,0.01,1.754948314430637,4037.4592,True
2023-04-12,0.05,1.754948314430637,4037.4592,True
2023-04-12,0.1,1.754948314430637,4037.4592,False
2023-04-12,0.5,0.23895121307477488,4099.1333,False
2023-04-12,0.9,-1.107684245204205,4154.707,False
2023-04-13,0.01,1.581552817012782,4027.7427,True
2023-04-13,0.05,1.581552817012782,4027.7427,True
2023-04-13,0.1,1.581552817012782,4027.7427,False
2023-04-13,0.5,0.08099038021701141,4088.6372,False
2023-04-13,0.9,-1.2389235236491227,4142.9614,False
2023-04-14,0.01,1.9569536692271559,4065.8694,True
2023-04-14,0.05,1.9569536692271559,4065.8694,True
2023-04-14,0.1,1.9569536692271559,4065.8694,False
2023-04-14,0.5,0.4056992662796596,4129.433,False
2023-04-14,0.9,-0.9611483405213159,4186.2637,False
2023-04-17,0.01,1.6747001233739451,4068.924,True
2023-04-17,0.05,1.6747001233739451,4068.924,True
2023-04-17,0.1,1.6747001233739451,4068.924,False
2023-04-17,0.5,0.18231390566045474,4130.1035,False
2023-04-17,0.9,-1.1550023786320438,4185.707,False
2023-04-18,0.01,1.7900047062871818,4077.672,True
2023-04-18,0.05,1.7900047062871818,4077.672,True
2023-04-18,0.1,1.7900047062871818,4077.672,False
2023-04-18,0.5,0.2896720330626617,4139.312,False
2023-04-18,0.9,-1.0274139519823136,4194.191,False
2023-04-19,0.01,1.6157295282591604,4088.278,True
2023-04-19,0.05,1.6157295282591604,4088.278,True
2023-04-19,0.1,1.6157295282591604,4088.278,False
2023-04-19,0.5,0.16907817278391613,4147.851,False
2023-04-19,0.9,-1.106862116530302,4201.1143,False
2023-04-20,0.01,1.6370525483824616,4087.062,True
2023-04-20,0.05,1.6370525483824616,4087.062,True
2023-04-20,0.1,1.6370525483824616,4087.062,False
2023-04-20,0.5,0.16087528450930644,4147.842,False
2023-04-20,0.9,-1.1630464004142738,4203.121,False
2023-04-21,0.01,1.5558566379016017,4066.0337,True
2023-04-21,0.05,1.5558566379016017,4066.0337,True
2023-04-21,0.1,1.5558566379016017,4066.0337,False
2023-04-21,0.5,0.10438406900067287,4125.4814,False
2023-04-21,0.9,-1.2307184190473202,4180.93,False
2023-04-24,0.01,1.395956720655985,4076.2188,True
2023-04-24,0.05,1.395956720655985,4076.2188,True
2023-04-24,0.1,1.395956720655985,4076.2188,False
2023-04-24,0.5,-0.027141952577742795,4134.642,False
2023-04-24,0.9,-1.331357655692333,4188.92,False
2023-04-25,0.01,1.1392677974442582,4090.1755,True
2023-04-25,0.05,1.1392677974442582,4090.1755,True
2023-04-25,0.1,1.1392677974442582,4090.1755,False
2023-04-25,0.5,-0.19811211660515543,4145.244,False
2023-04-25,0.9,-1.4329617808591786,4196.749,False
2023-04-26,0.01,1.241646241654516,4021.3872,True
2023-04-26,0.05,1.241646241654516,4021.3872,True
2023-04-26,0.1,1.241646241654516,4021.3872,False
2023-04-26,0.5,-0.27012071729331955,4082.643,False
2023-04-26,0.9,-1.6987423976302172,4141.387,False
2023-04-27,0.01,1.4203400644248927,3998.7883,True
2023-04-27,0.05,1.4203400644248927,3998.7883,True
2023-04-27,0.1,1.4203400644248927,3998.7883,False
2023-04-27,0.5,-0.03464086586732525,4057.3953,False
2023-04-27,0.9,-1.3947918611829906,4112.959,False
2023-04-28,0.01,1.9810734355008977,4054.232,True
2023-04-28,0.05,1.9810734355008977,4054.232,True
2023-04-28,0.1,1.9810734355008977,4054.232,False
2023-04-28,0.5,0.4811421078158675,4115.501,False
2023-04-28,0.9,-0.8788901584078798,4171.8555,False
2023-05-01,0.01,2.190762145532127,4079.13,True
2023-05-01,0.05,2.190762145532127,4079.13,True
2023-05-01,0.1,2.190762145532127,4079.13,False
2023-05-01,0.5,0.6039683423386992,4144.3735,False
2023-05-01,0.9,-0.8177762476544445,4203.717,False
2023-05-02,0.01,1.8002287307139364,4093.5103,True
2023-05-02,0.05,1.8002287307139364,4093.5103,True
2023-05-02,0.1,1.8002287307139364,4093.5103,False
2023-05-02,0.5,0.26151230586853796,4156.985,False
2023-05-02,0.9,-1.0988054388382325,4213.9194,False
2023-05-03,0.01,1.4535489733546056,4060.133,True
2023-05-03,0.05,1.4535489733546056,4060.133,True
2023-05-03,0.1,1.4535489733546056,4060.133,False
2023-05-03,0.5,-0.05772966185144805,4121.959,False
2023-05-03,0.9,-1.414523652638804,4178.2666,False
2023-05-04,0.01,1.3714341406629234,4035.031,True
2023-05-04,0.05,1.3714341406629234,4035.031,True
2023-05-04,0.1,1.3714341406629234,4035.031,False
2023-05-04,0.5,-0.09998752331238817,4094.8423,False
2023-05-04,0.9,-1.426434228256617,4149.52,False
2023-05-05,0.01,1.4924256270628682,4001.0593,True
2023-05-05,0.05,1.4924256270628682,4001.0593,True
2023-05-05,0.1,1.4924256270628682,4001.0593,False
2023-05-05,0.5,-0.012665448448201505,4061.7344,False
2023-05-05,0.9,-1.387044023779158,4117.9434,False
2023-05-08,0.01,1.840379806223516,4060.8235,True
2023-05-08,0.05,1.840379806223516,4060.8235,True
2023-05-08,0.1,1.840379806223516,4060.8235,False
2023-05-08,0.5,0.3464128180235192,4121.9463,False
2023-05-08,0.9,-1.0129796375034474,4178.3623,False
2023-05-09,0.01,1.703653668003327,4068.218,True
2023-05-09,0.05,1.703653668003327,4068.218,True
2023-05-09,0.1,1.703653668003327,4068.218,False
2023-05-09,0.5,0.18969303499947124,4130.278,False
2023-05-09,0.9,-1.1935398747601011,4187.806,False
2023-05-10,0.01,1.4147935221964678,4061.3025,True
2023-05-10,0.05,1.4147935221964678,4061.3025,True
2023-05-10,0.1,1.4147935221964678,4061.3025,False
2023-05-10,0.5,-0.07925915092906324,4122.436,False
2023-05-10,0.9,-1.4170710765891408,4177.957,False
2023-05-11,0.01,1.444644067956293,4078.2957,True
2023-05-11,0.05,1.444644067956293,4078.2957,True
2023-05-11,0.1,1.444644067956293,4078.2957,False
2023-05-11,0.5,-0.005392893218301963,4137.8633,False
2023-05-11,0.9,-1.2998056157629307,4191.7725,False
2023-05-12,0.01,1.5283448815704248,4067.97,True
2023-05-12,0.05,1.5283448815704248,4067.97,True
2023-05-12,0.1,1.5283448815704248,4067.97,False
2023-05-12,0.5,0.0890518871799316,4126.9434,False
2023-05-12,0.9,-1.2064395856700716,4180.7554,False
2023-05-15,0.01,1.4135233961177873,4066.1953,True
2023-05-15,0.05,1.4135233961177873,4066.1953,True
2023-05-15,0.1,1.4135233961177873,4066.1953,False
2023-05-15,0.5,0.001752300071491426,4124.008,False
2023-05-15,0.9,-1.2755328546669409,4177.021,False
2023-05-16,0.01,1.2315313442049625,4085.6526,True
2023-05-16,0.05,1.2315313442049625,4085.6526,True
2023-05-16,0.1,1.2315313442049625,4085.6526,False
2023-05-16,0.5,-0.12436926268501593,4141.4272,False
2023-05-16,0.9,-1.3454079173346125,4192.3057,False
2023-05-17,0.01,0.8498810142174724,4075.1187,True
2023-05-17,0.05,0.8498810142174724,4075.1187,True
2023-05-17,0.1,0.8498810142174724,4075.1187,False
2023-05-17,0.5,-0.47129641596930766,4129.3154,False
2023-05-17,0.9,-1.6691069688002502,4179.074,False
2023-05-18,0.01,1.4024711858032268,4100.8516,True
2023-05-18,0.05,1.4024711858032268,4100.8516,True
2023-05-18,0.1,1.4024711858032268,4100.8516,False
2023-05-18,0.5,0.04484894032799204,4156.9053,False
2023-05-18,0.9,-1.2061410313416152,4209.2344,False
2023-05-19,0.01,1.8092088946396956,4122.7812,True
2023-05-19,0.05,1.8092088946396956,4122.7812,True
2023-05-19,0.1,1.8092088946396956,4122.7812,False
2023-05-19,0.5,0.4332201711956918,4179.9023,False
2023-05-19,0.9,-0.7939685862342841,4231.5137,False
2023-05-22,0.01,1.599588881969001,4125.459,True
2023-05-22,0.05,1.599588881969001,4125.459,True
2023-05-22,0.1,1.599588881969001,4125.459,False
2023-05-22,0.5,0.2367924922369139,4182.0654,False
2023-05-22,0.9,-0.9570401713239753,4232.2915,False
2023-05-23,0.01,1.5215137356170456,4129.3213,True
2023-05-23,0.05,1.5215137356170456,4129.3213,True
2023-05-23,0.1,1.5215137356170456,4129.3213,False
2023-05-23,0.5,0.14564833525337129,4186.528,False
2023-05-23,0.9,-1.0666134832532248,4237.5884,False
2023-05-24,0.01,1.2420893114224394,4094.4067,True
2023-05-24,0.05,1.2420893114224394,4094.4067,True
2023-05-24,0.1,1.2420893114224394,4094.4067,False
2023-05-24,0.5,-0.14105231301417734,4151.4316,False
2023-05-24,0.9,-1.4112074358268913,4204.4976,False
2023-05-25,0.01,1.0870434721812299,4070.748,True
2023-05-25,0.05,1.0870434721812299,4070.748,True
2023-05-25,0.1,1.0870434721812299,4070.748,False
2023-05-25,0.5,-0.3118880935616357,4128.095,False
2023-05-25,0.9,-1.621719475032853,4182.522,False
2023-05-26,0.01,1.3015685023420334,4097.598,True
2023-05-26,0.05,1.3015685023420334,4097.598,True
2023-05-26,0.1,1.3015685023420334,4097.598,False
2023-05-26,0.5,-0.020934499673120315,4152.149,False
2023-05-26,0.9,-1.233553267156514,4202.805,False
2023-05-30,0.01,1.6639934603821633,4136.051,True
2023-05-30,0.05,1.6639934603821633,4136.051,True
2023-05-30,0.1,1.6639934603821633,4136.051,False
2023-05-30,0.5,0.30077364910025745,4192.8203,False
2023-05-30,0.9,-0.9280524572617496,4244.6606,False
2023-05-31,0.01,1.593819535027064,4139.023,True
2023-05-31,0.05,1.593819535027064,4139.023,True
2023-05-31,0.1,1.593819535027064,4139.023,False
2023-05-31,0.5,0.2530569457626212,4194.891,False
2023-05-31,0.9,-0.9660940765974851,4246.346,False
2023-06-01,0.01,1.3733241939464635,4122.82,True
2023-06-01,0.05,1.3733241939464635,4122.82,True
2023-06-01,0.1,1.3733241939464635,4122.82,False
2023-06-01,0.5,-0.026923026995306572,4180.9556,False
2023-06-01,0.9,-1.3338113081811969,4235.9546,False
2023-06-02,0.01,1.506751603675548,4157.8965,True
2023-06-02,0.05,1.506751603675548,4157.8965,True
2023-06-02,0.1,1.506751603675548,4157.8965,False
2023-06-02,0.5,0.10198788117207815,4216.7173,False
2023-06-02,0.9,-1.1784443819017436,4271.0566,False
2023-06-05,0.01,1.6077853062595775,4214.0693,True
2023-06-05,0.05,1.6077853062595775,4214.0693,True
2023-06-05,0.1,1.6077853062595775,4214.0693,False
2023-06-05,0.5,0.14185179644261606,4276.3,False
2023-06-05,0.9,-1.1767832132805776,4333.062,False
2023-06-06,0.01,1.4274473938139156,4213.2173,True
2023-06-06,0.05,1.4274473938139156,4213.2173,True
2023-06-06,0.1,1.4274473938139156,4213.2173,False
2023-06-06,0.5,0.025446750868905674,4272.7026,False
2023-06-06,0.9,-1.2532078501918116,4327.6865,False
2023-06-07,0.01,1.2100050319566222,4232.3276,True
2023-06-07,0.05,1.2100050319566222,4232.3276,True
2023-06-07,0.1,1.2100050319566222,4232.3276,False
2023-06-07,0.5,-0.1531313199306353,4290.415,False
2023-06-07,0.9,-1.389890905102602,4343.8066,False
2023-06-08,0.01,0.9318696830383928,4227.937,True
2023-06-08,0.05,0.9318696830383928,4227.937,True
2023-06-08,0.1,0.9318696830383928,4227.937,False
2023-06-08,0.5,-0.3734259835221874,4283.486,False
2023-06-08,0.9,-1.5807343088212633,4335.514,False
2023-06-09,0.01,1.0877381847383005,4247.4766,True
2023-06-09,0.05,1.0877381847383005,4247.4766,True
2023-06-09,0.1,1.0877381847383005,4247.4766,False
2023-06-09,0.5,-0.19680485972467182,4302.389,False
2023-06-09,0.9,-1.4003205792809137,4354.482,False
2023-06-12,0.01,1.1274044378236832,4250.6665,True
2023-06-12,0.05,1.1274044378236832,4250.6665,True
2023-06-12,0.1,1.1274044378236832,4250.6665,False
2023-06-12,0.5,-0.15419613721943398,4305.4937,False
2023-06-12,0.9,-1.3463941500772458,4357.131,False
2023-06-13,0.01,1.3326907945793234,4281.4893,True
2023-06-13,0.05,1.3326907945793234,4281.4893,True
2023-06-13,0.1,1.3326907945793234,4281.4893,False
2023-06-13,0.5,-0.0032859662797594734,4339.0728,False
2023-06-13,0.9,-1.2094185008680334,4391.7246,False
2023-06-14,0.01,1.193902273047603,4317.158,True
2023-06-14,0.05,1.193902273047603,4317.158,True
2023-06-14,0.1,1.193902273047603,4317.158,False
2023-06-14,0.5,-0.18126706295634978,4376.9365,False
2023-06-14,0.9,-1.3755727143476952,4429.524,False
2023-06-15,0.01,1.1223359523774843,4323.789,True
2023-06-15,0.05,1.1223359523774843,4323.789,True
2023-06-15,0.1,1.1223359523774843,4323.789,False
2023-06-15,0.5,-0.21776228442283335,4382.122,False
2023-06-15,0.9,-1.3781549432765756,4433.268,False
2023-06-16,0.01,1.19911315702729,4373.086,True
2023-06-16,0.05,1.19911315702729,4373.086,True
2023-06-16,0.1,1.19911315702729,4373.086,False
2023-06-16,0.5,-0.23569638698201378,4436.2837,False
2023-06-16,0.9,-1.455597317601053,4490.7334,False
2023-06-20,0.01,0.9234676846702634,4369.056,True
2023-06-20,0.05,0.9234676846702634,4369.056,True
2023-06-20,0.1,0.9234676846702634,4369.056,False
2023-06-20,0.5,-0.44320541559142473,4429.177,False
2023-06-20,0.9,-1.6417111768910253,4482.58,False
2023-06-21,0.01,0.7412633216410992,4356.2983,True
2023-06-21,0.05,0.7412633216410992,4356.2983,True
2023-06-21,0.1,0.7412633216410992,4356.2983,False
2023-06-21,0.5,-0.5463969707775341,4412.7554,False
2023-06-21,0.9,-1.6978834762555504,4463.8613,False
2023-06-22,0.01,0.7614027719747485,4332.5757,True
2023-06-22,0.05,0.7614027719747485,4332.5757,True
2023-06-22,0.1,0.7614027719747485,4332.5757,False
2023-06-22,0.5,-0.5839798305362551,4391.2593,False
2023-06-22,0.9,-1.8123248992349885,4445.5317,False
2023-06-23,0.01,0.9639911516717751,4339.852,True
2023-06-23,0.05,0.9639911516717751,4339.852,True
2023-06-23,0.1,0.9639911516717751,4339.852,False
2023-06-23,0.5,-0.35988872795121374,4397.6885,False
2023-06-23,0.9,-1.5841457260357696,4451.8584,False
2023-06-26,0.01,0.9311888175041539,4308.027,True
2023-06-26,0.05,0.9311888175041539,4308.027,True
2023-06-26,0.1,0.9311888175041539,4308.027,False
2023-06-26,0.5,-0.41686614927522103,4366.4946,False
2023-06-26,0.9,-1.6790152772525557,4421.9556,False
2023-06-27,0.01,0.9741245939356777,4286.8564,True
2023-06-27,0.05,0.9741245939356777,4286.8564,True
2023-06-27,0.1,0.9741245939356777,4286.8564,False
2023-06-27,0.5,-0.39789110261212585,4346.078,False
2023-06-27,0.9,-1.6594864896222399,4401.2554,False
2023-06-28,0.01,1.0489885177610383,4332.721,True
2023-06-28,0.05,1.0489885177610383,4332.721,True
2023-06-28,0.1,1.0489885177610383,4332.721,False
2023-06-28,0.5,-0.3447385965110567,4393.5303,False
2023-06-28,0.9,-1.6284688089965835,4450.295,False
2023-06-29,0.01,1.0800987338646155,4329.84,True
2023-06-29,0.05,1.0800987338646155,4329.84,True
2023-06-29,0.1,1.0800987338646155,4329.84,False
2023-06-29,0.5,-0.2714910050694753,4388.759,False
2023-06-29,0.9,-1.523014287645658,4444.0303,False
2023-06-30,0.01,1.1133494709720941,4347.7637,True
2023-06-30,0.05,1.1133494709720941,4347.7637,True
2023-06-30,0.1,1.1133494709720941,4347.7637,False
2023-06-30,0.5,-0.24063892213330812,4407.032,False
2023-06-30,0.9,-1.4801220795974745,4461.9966,False
2023-07-03,0.01,1.3243222592593589,4391.831,True
2023-07-03,0.05,1.3243222592593589,4391.831,True
2023-07-03,0.1,1.3243222592593589,4391.831,False
2023-07-03,0.5,-0.08179329783904497,4454.0215,False
2023-07-03,0.9,-1.3348076589944988,4510.182,False
2023-07-05,0.01,1.1032633380906331,4406.703,True
2023-07-05,0.05,1.1032633380906331,4406.703,True
2023-07-05,0.1,1.1032633380906331,4406.703,False
2023-07-05,0.5,-0.23533806157893492,4466.088,False
2023-07-05,0.9,-1.4360751297723269,4520.037,False
2023-07-06,0.01,1.0038482573174463,4402.404,True
2023-07-06,0.05,1.0038482573174463,4402.404,True
2023-07-06,0.1,1.0038482573174463,4402.404,False
2023-07-06,0.5,-0.2954973403344848,4459.9795,False
2023-07-06,0.9,-1.4639622026688253,4512.3984,False
2023-07-07,0.01,1.0182786742818635,4366.8955,True
2023-07-07,0.05,1.0182786742818635,4366.8955,True
2023-07-07,0.1,1.0182786742818635,4366.8955,False
2023-07-07,0.5,-0.3352670683490087,4426.4053,False
2023-07-07,0.9,-1.557721320630895,4480.848,False
2023-07-10,0.01,0.994466767497143,4355.421,True
2023-07-10,0.05,0.994466767497143,4355.421,True
2023-07-10,0.1,0.994466767497143,4355.421,False
2023-07-10,0.5,-0.39087460695868936,4416.178,False
2023-07-10,0.9,-1.611249388012137,4470.4023,False
2023-07-11,0.01,1.0418152850649791,4363.829,True
2023-07-11,0.05,1.0418152850649791,4363.829,True
2023-07-11,0.1,1.0418152850649791,4363.829,False
2023-07-11,0.5,-0.2813091612910487,4421.9517,False
2023-07-11,0.9,-1.4455213115468188,4473.7334,False
2023-07-12,0.01,0.8931265613628017,4399.788,True
2023-07-12,0.05,0.8931265613628017,4399.788,True
2023-07-12,0.1,0.8931265613628017,4399.788,False
2023-07-12,0.5,-0.4338871086409804,4458.563,False
2023-07-12,0.9,-1.596984003816219,4510.723,False
2023-07-13,0.01,0.7511393617097216,4438.694,True
2023-07-13,0.05,0.7511393617097216,4438.694,True
2023-07-13,0.1,0.7511393617097216,4438.694,False
2023-07-13,0.5,-0.5477610258459722,4496.724,False
2023-07-13,0.9,-1.6678058192634775,4547.3726,False
2023-07-14,0.01,0.8002104929248272,4474.094,True
2023-07-14,0.05,0.8002104929248272,4474.094,True
2023-07-14,0.1,0.8002104929248272,4474.094,False
2023-07-14,0.5,-0.5412561430844963,4534.517,False
2023-07-14,0.9,-1.6533700001208966,4585.2275,False
2023-07-17,0.01,0.8552032882041429,4467.0537,True
2023-07-17,0.05,0.8552032882041429,4467.0537,True
2023-07-17,0.1,0.8552032882041429,4467.0537,False
2023-07-17,0.5,-0.47120333662350805,4526.6997,False
2023-07-17,0.9,-1.5838510226122644,4577.347,False
2023-07-18,0.01,1.0247220086292885,4476.6807,True
2023-07-18,0.05,1.0247220086292885,4476.6807,True
2023-07-18,0.1,1.0247220086292885,4476.6807,False
2023-07-18,0.5,-0.25770329814870585,4534.4604,False
2023-07-18,0.9,-1.3434815272674752,4583.963,False
2023-07-19,0.01,0.9198427771175286,4513.2734,True
2023-07-19,0.05,0.9198427771175286,4513.2734,True
2023-07-19,0.1,0.9198427771175286,4513.2734,False
2023-07-19,0.5,-0.39574916332135646,4573.042,False
2023-07-19,0.9,-1.4933815436275881,4623.5137,False
2023-07-20,0.01,0.9253647889453301,4523.6655,True
2023-07-20,0.05,0.9253647889453301,4523.6655,True
2023-07-20,0.1,0.9253647889453301,4523.6655,False
2023-07-20,0.5,-0.3850620095780817,4583.335,False
2023-07-20,0.9,-1.4799899470448192,4633.795,False
2023-07-21,0.01,0.967092827118778,4491.225,True
2023-07-21,0.05,0.967092827118778,4491.225,True
2023-07-21,0.1,0.967092827118778,4491.225,False
2023-07-21,0.5,-0.40262682910091574,4553.1655,False
2023-07-21,0.9,-1.5673496474344044,4606.5073,False
2023-07-24,0.01,1.128357607371873,4485.4414,True
2023-07-24,0.05,1.128357607371873,4485.4414,True
2023-07-24,0.1,1.128357607371873,4485.4414,False
2023-07-24,0.5,-0.21835210745660372,4546.256,False
2023-07-24,0.9,-1.3660432333403476,4598.7334,False
2023-07-25,0.01,1.0830527862233539,4505.577,True
2023-07-25,0.05,1.0830527862233539,4505.577,True
2023-07-25,0.1,1.0830527862233539,4505.577,False
2023-07-25,0.5,-0.22035324854992838,4564.6875,False
2023-07-25,0.9,-1.3187562778920652,4615.1025,False
2023-07-26,0.01,0.7799610265625542,4531.974,True
2023-07-26,0.05,0.7799610265625542,4531.974,True
2023-07-26,0.1,0.7799610265625542,4531.974,False
2023-07-26,0.5,-0.49766074252424847,4590.247,False
2023-07-26,0.9,-1.5633256139662137,4639.4253,False
2023-07-27,0.01,0.5043971703947931,4543.7734,True
2023-07-27,0.05,0.5043971703947931,4543.7734,True
2023-07-27,0.1,0.5043971703947931,4543.7734,False
2023-07-27,0.5,-0.7178718706357735,4599.6514,False
2023-07-27,0.9,-1.761201063465366,4647.892,False
2023-07-28,0.01,0.898400340220781,4496.8286,True
2023-07-28,0.05,0.898400340220781,4496.8286,True
2023-07-28,0.1,0.898400340220781,4496.8286,False
2023-07-28,0.5,-0.37536740150342873,4554.474,False
2023-07-28,0.9,-1.4931206982775842,4605.6675,False
2023-07-31,0.01,0.7473613502526163,4548.112,True
2023-07-31,0.05,0.7473613502526163,4548.112,True
2023-07-31,0.1,0.7473613502526163,4548.112,False
2023-07-31,0.5,-0.5345217680538942,4606.7886,False
2023-07-31,0.9,-1.6410564638837162,4658.0474,False
2023-08-01,0.01,0.7528542480202584,4554.5415,True
2023-08-01,0.05,0.7528542480202584,4554.5415,True
2023-08-01,0.1,0.7528542480202584,4554.5415,False
2023-08-01,0.5,-0.5601957143371297,4614.7393,False
2023-08-01,0.9,-1.6764391091392192,4666.5396,False
2023-08-02,0.01,0.8272662867366927,4539.0244,True
2023-08-02,0.05,0.8272662867366927,4539.0244,True
2023-08-02,0.1,0.8272662867366927,4539.0244,False
2023-08-02,0.5,-0.46003421825977653,4597.833,False
2023-08-02,0.9,-1.5766730438796328,4649.462,False
2023-08-03,0.01,0.8684833722458072,4474.362,True
2023-08-03,0.05,0.8684833722458072,4474.362,True
2023-08-03,0.1,0.8684833722458072,4474.362,False
2023-08-03,0.5,-0.5667733150210902,4539.0435,False
2023-08-03,0.9,-1.8098910794071346,4595.8213,False
2023-08-04,0.01,0.8905276799799825,4461.9775,True
2023-08-04,0.05,0.8905276799799825,4461.9775,True
2023-08-04,0.1,0.8905276799799825,4461.9775,False
2023-08-04,0.5,-0.5329125203104212,4525.9453,False
2023-08-04,0.9,-1.7650606535382047,4582.0566,False
2023-08-07,0.01,1.2379984670799367,4422.9336,True
2023-08-07,0.05,1.2379984670799367,4422.9336,True
2023-08-07,0.1,1.2379984670799367,4422.9336,False
2023-08-07,0.5,-0.23921847502674126,4488.755,False
2023-08-07,0.9,-1.4939953647939177,4545.4336,False
2023-08-08,0.01,1.09126389828901,4469.4,True
2023-08-08,0.05,1.09126389828901,4469.4,True
2023-08-08,0.1,1.09126389828901,4469.4,False
2023-08-08,0.5,-0.31697867858018247,4532.785,False
2023-08-08,0.9,-1.5210147382463155,4587.6914,False
2023-08-09,0.01,1.1062699731769088,4449.879,True
2023-08-09,0.05,1.1062699731769088,4449.879,True
2023-08-09,0.1,1.1062699731769088,4449.879,False
2023-08-09,0.5,-0.2549183138629705,4510.8643,False
2023-08-09,0.9,-1.436083763293772,4564.461,False
2023-08-10,0.01,1.2025299540512862,4414.306,True
2023-08-10,0.05,1.2025299540512862,4414.306,True
2023-08-10,0.1,1.2025299540512862,4414.306,False
2023-08-10,0.5,-0.22807083353934585,4477.911,False
2023-08-10,0.9,-1.4685724889489082,4533.8057,False
2023-08-11,0.01,1.2043278622825788,4415.3335,True
2023-08-11,0.05,1.2043278622825788,4415.3335,True
2023-08-11,0.1,1.2043278622825788,4415.3335,False
2023-08-11,0.5,-0.24104016736338466,4479.6147,False
2023-08-11,0.9,-1.5077684464460124,4536.72,False
2023-08-14,0.01,1.2399615925506444,4409.039,True
2023-08-14,0.05,1.2399615925506444,4409.039,True
2023-08-14,0.1,1.2399615925506444,4409.039,False
2023-08-14,0.5,-0.21600141305327109,4473.7026,False
2023-08-14,0.9,-1.501246804976648,4531.572,False
2023-08-15,0.01,1.4075953873603844,4426.966,True
2023-08-15,0.05,1.4075953873603844,4426.966,True
2023-08-15,0.1,1.4075953873603844,4426.966,False
2023-08-15,0.5,-0.014615655589820267,4490.3765,False
2023-08-15,0.9,-1.2629392963355843,4546.782,False
2023-08-16,0.01,1.46956191518147,4373.1196,True
2023-08-16,0.05,1.46956191518147,4373.1196,True
2023-08-16,0.1,1.46956191518147,4373.1196,False
2023-08-16,0.5,-0.022948850347921802,4438.8784,False
2023-08-16,0.9,-1.3611703483340678,4498.6797,False
2023-08-17,0.01,1.6288582556628874,4333.171,True
2023-08-17,0.05,1.6288582556628874,4333.171,True
2023-08-17,0.1,1.6288582556628874,4333.171,False
2023-08-17,0.5,-0.019487976213185456,4405.1885,False
2023-08-17,0.9,-1.4931644240737143,4470.5874,False
2023-08-18,0.01,1.4847068177728093,4305.952,True
2023-08-18,0.05,1.4847068177728093,4305.952,True
2023-08-18,0.1,1.4847068177728093,4305.952,False
2023-08-18,0.5,-0.19807202740634786,4379.025,False
2023-08-18,0.9,-1.7396325378887003,4447.053,False
2023-08-21,0.01,1.459221650931481,4306.409,True
2023-08-21,0.05,1.459221650931481,4306.409,True
2023-08-21,0.1,1.459221650931481,4306.409,False
2023-08-21,0.5,-0.11875617218506546,4374.9023,False
2023-08-21,0.9,-1.5659338077198042,4438.6753,False
2023-08-22,0.01,1.3130163139185187,4342.378,True
2023-08-22,0.05,1.3130163139185187,4342.378,True
2023-08-22,0.1,1.3130163139185187,4342.378,False
2023-08-22,0.5,-0.17312127783356532,4407.3936,False
2023-08-22,0.9,-1.5214723855459582,4467.223,False
2023-08-23,0.01,1.1687155099593158,4336.5703,True
2023-08-23,0.05,1.1687155099593158,4336.5703,True
2023-08-23,0.1,1.1687155099593158,4336.5703,False
2023-08-23,0.5,-0.3299135078668723,4402.049,False
2023-08-23,0.9,-1.6762246024119483,4461.715,False
2023-08-24,0.01,1.2328813065799924,4381.655,True
2023-08-24,0.05,1.2328813065799924,4381.655,True
2023-08-24,0.1,1.2328813065799924,4381.655,False
2023-08-24,0.5,-0.16254349614596453,4443.226,False
2023-08-24,0.9,-1.4247144732575439,4499.6626,False
2023-08-25,0.01,1.1754150364357756,4325.1714,True
2023-08-25,0.05,1.1754150364357756,4325.1714,True
2023-08-25,0.1,1.1754150364357756,4325.1714,False
2023-08-25,0.5,-0.31153018475442257,4389.965,False
2023-08-25,0.9,-1.6841361568294146,4450.637,False
2023-08-28,0.01,1.1624908209721028,4354.7905,True
2023-08-28,0.05,1.1624908209721028,4354.7905,True
2023-08-28,0.1,1.1624908209721028,4354.7905,False
2023-08-28,0.5,-0.22293912131377963,4415.543,False
2023-08-28,0.9,-1.523922876097535,4473.364,False
2023-08-29,0.01,1.0657265759124002,4386.314,True
2023-08-29,0.05,1.0657265759124002,4386.314,True
2023-08-29,0.1,1.0657265759124002,4386.314,False
2023-08-29,0.5,-0.2590530119072245,4444.8096,False
2023-08-29,0.9,-1.4738390323439843,4499.134,False
2023-08-30,0.01,0.9550028665360369,4454.882,True
2023-08-30,0.05,0.9550028665360369,4454.882,True
2023-08-30,0.1,0.9550028665360369,4454.882,False
2023-08-30,0.5,-0.3968060750478448,4515.512,False
2023-08-30,0.9,-1.5900881323087175,4569.718,False
2023-08-31,0.01,0.96543530705297,4471.4917,True
2023-08-31,0.05,0.96543530705297,4471.4917,True
2023-08-31,0.1,0.96543530705297,4471.4917,False
2023-08-31,0.5,-0.32960439180816226,4529.776,False
2023-08-31,0.9,-1.4768435653494005,4582.0425,False
2023-09-01,0.01,0.9026951165609463,4467.153,True
2023-09-01,0.05,0.9026951165609463,4467.153,True
2023-09-01,0.1,0.9026951165609463,4467.153,False
2023-09-01,0.5,-0.3772681595365282,4524.698,False
2023-09-01,0.9,-1.492753101535886,4575.453,False
2023-09-05,0.01,0.8142444808776501,4479.15,True
2023-09-05,0.05,0.8142444808776501,4479.15,True
2023-09-05,0.1,0.8142444808776501,4479.15,False
2023-09-05,0.5,-0.44837333454410805,4536.063,False
2023-09-05,0.9,-1.5470155575225348,4586.173,False
2023-09-06,0.01,0.7929278425553037,4461.3145,True
2023-09-06,0.05,0.7929278425553037,4461.3145,True
2023-09-06,0.1,0.7929278425553037,4461.3145,False
2023-09-06,0.5,-0.4644387081492035,4517.7637,False
2023-09-06,0.9,-1.608000738940947,4569.7236,False
2023-09-07,0.01,0.8236948749096378,4428.849,True
2023-09-07,0.05,0.8236948749096378,4428.849,True
2023-09-07,0.1,0.8236948749096378,4428.849,False
2023-09-07,0.5,-0.4744501661811817,4486.717,False
2023-09-07,0.9,-1.675108251768688,4540.9116,False
2023-09-08,0.01,0.8488265581791884,4413.5176,True
2023-09-08,0.05,0.8488265581791884,4413.5176,True
2023-09-08,0.1,0.8488265581791884,4413.5176,False
2023-09-08,0.5,-0.4534929316505602,4471.3716,False
2023-09-08,0.9,-1.654287024513447,4525.387,False
2023-09-11,0.01,0.8750577405830579,4418.655,True
2023-09-11,0.05,0.8750577405830579,4418.655,True
2023-09-11,0.1,0.8750577405830579,4418.655,False
2023-09-11,0.5,-0.4337524315855459,4476.8667,False
2023-09-11,0.9,-1.6296004699768052,4530.7246,False
2023-09-12,0.01,0.7478671594606777,4454.025,True
2023-09-12,0.05,0.7478671594606777,4454.025,True
2023-09-12,0.1,0.7478671594606777,4454.025,False
2023-09-12,0.5,-0.49319341822563895,4509.6465,False
2023-09-12,0.9,-1.6427090092968812,4561.7847,False
2023-09-13,0.01,0.8355034055376825,4424.776,True
2023-09-13,0.05,0.8355034055376825,4424.776,True
2023-09-13,0.1,0.8355034055376825,4424.776,False
2023-09-13,0.5,-0.43445786496208916,4481.327,False
2023-09-13,0.9,-1.611291774560193,4534.3765,False
2023-09-14,0.01,0.8982860085690862,4427.4893,True
2023-09-14,0.05,0.8982860085690862,4427.4893,True
2023-09-14,0.1,0.8982860085690862,4427.4893,False
2023-09-14,0.5,-0.3838811064695284,4484.6226,False
2023-09-14,0.9,-1.5529037178438894,4537.3564,False
2023-09-15,0.01,0.8316440677216516,4467.789,True
2023-09-15,0.05,0.8316440677216516,4467.789,True
2023-09-15,0.1,0.8316440677216516,4467.789,False
2023-09-15,0.5,-0.43461737879992346,4524.7227,False
2023-09-15,0.9,-1.5766440015453993,4576.6924,False
2023-09-18,0.01,0.9726603090447055,4407.243,True
2023-09-18,0.05,0.9726603090447055,4407.243,True
2023-09-18,0.1,0.9726603090447055,4407.243,False
2023-09-18,0.5,-0.3663684722042714,4466.6543,False
2023-09-18,0.9,-1.582420368116632,4521.3027,False
2023-09-19,0.01,1.038049391612019,4407.539,True
2023-09-19,0.05,1.038049391612019,4407.539,True
2023-09-19,0.1,1.038049391612019,4407.539,False
2023-09-19,0.5,-0.26704206436630723,4465.4385,False
2023-09-19,0.9,-1.483477065704218,4520.0894,False
2023-09-20,0.01,0.9603153780738897,4401.4785,True
2023-09-20,0.05,0.9603153780738897,4401.4785,True
2023-09-20,0.1,0.9603153780738897,4401.4785,False
2023-09-20,0.5,-0.30976419694319507,4457.7373,False
2023-09-20,0.9,-1.5290778783443653,4512.424,False
2023-09-21,0.01,1.1639280297706243,4351.259,True
2023-09-21,0.05,1.1639280297706243,4351.259,True
2023-09-21,0.1,1.1639280297706243,4351.259,False
2023-09-21,0.5,-0.20867314359381017,4411.396,False
2023-09-21,0.9,-1.528220052820002,4469.992,False
2023-09-22,0.01,1.3716349065601114,4271.0137,True
2023-09-22,0.05,1.3716349065601114,4271.0137,True
2023-09-22,0.1,1.3716349065601114,4271.0137,False
2023-09-22,0.5,-0.2573862529065662,4341.159,False
2023-09-22,0.9,-1.7878453137525654,4408.11,False
2023-09-25,0.01,1.2039200536994061,4268.362,True
2023-09-25,0.05,1.2039200536994061,4268.362,True
2023-09-25,0.1,1.2039200536994061,4268.362,False
2023-09-25,0.5,-0.34184013191911955,4334.853,False
2023-09-25,0.9,-1.7905789532542193,4398.111,False
2023-09-26,0.01,0.9706105225299707,4295.544,True
2023-09-26,0.05,0.9706105225299707,4295.544,True
2023-09-26,0.1,0.9706105225299707,4295.544,False
2023-09-26,0.5,-0.44658272876155664,4356.8535,False
2023-09-26,0.9,-1.7753395709146758,4415.132,False
2023-09-27,0.01,0.9703828627039353,4232.2607,True
2023-09-27,0.05,0.9703828627039353,4232.2607,True
2023-09-27,0.1,0.9703828627039353,4232.2607,False
2023-09-27,0.5,-0.5970471672138555,4299.121,False
2023-09-27,0.9,-2.0702973551298216,4362.927,False
2023-09-28,0.01,0.901472154679984,4236.1494,True
2023-09-28,0.05,0.901472154679984,4236.1494,True
2023-09-28,0.1,0.901472154679984,4236.1494,False
2023-09-28,0.5,-0.5717446026389206,4299.019,False
2023-09-28,0.9,-1.9721103401939448,4359.6445,False
2023-09-29,0.01,1.0393275267101294,4255.2437,True
2023-09-29,0.05,1.0393275267101294,4255.2437,True
2023-09-29,0.1,1.0393275267101294,4255.2437,False
2023-09-29,0.5,-0.3678982668517679,4315.548,False
2023-09-29,0.9,-1.6959690065263247,4373.2437,False
2023-10-02,0.01,1.1594266384281455,4238.62,True
2023-10-02,0.05,1.1594266384281455,4238.62,True
2023-10-02,0.1,1.1594266384281455,4238.62,False
2023-10-02,0.5,-0.259594353420731,4299.196,False
2023-10-02,0.9,-1.6126519683495728,4357.7617,False
2023-10-03,0.01,1.1163663381363258,4240.782,True
2023-10-03,0.05,1.1163663381363258,4240.782,True
2023-10-03,0.1,1.1163663381363258,4240.782,False
2023-10-03,0.5,-0.30227684327658993,4301.3726,False
2023-10-03,0.9,-1.6458961253990434,4359.5566,False
2023-10-04,0.01,0.973166406664867,4188.49,True
2023-10-04,0.05,0.973166406664867,4188.49,True
2023-10-04,0.1,0.973166406664867,4188.49,False
2023-10-04,0.5,-0.611375121953538,4255.387,False
2023-10-04,0.9,-2.140208050963082,4320.945,False
2023-10-05,0.01,1.1233058246137575,4216.123,True
2023-10-05,0.05,1.1233058246137575,4216.123,True
2023-10-05,0.1,1.1233058246137575,4216.123,False
2023-10-05,0.5,-0.3055166795182935,4276.7964,False
2023-10-05,0.9,-1.6879669325287585,4336.3315,False
2023-10-06,0.01,1.116443249254157,4210.914,True
2023-10-06,0.05,1.116443249254157,4210.914,True
2023-10-06,0.1,1.116443249254157,4210.914,False
2023-10-06,0.5,-0.3230155756878251,4271.967,False
2023-10-06,0.9,-1.687469031832816,4330.6553,False
2023-10-09,0.01,1.1752980919870577,4258.1587,True
2023-10-09,0.05,1.1752980919870577,4258.1587,True
2023-10-09,0.1,1.1752980919870577,4258.1587,False
2023-10-09,0.5,-0.2196975439040445,4317.976,False
2023-10-09,0.9,-1.523299525126161,4374.634,False
2023-10-10,0.01,1.3167098678395375,4278.9463,True
2023-10-10,0.05,1.3167098678395375,4278.9463,True
2023-10-10,0.1,1.3167098678395375,4278.9463,False
2023-10-10,0.5,-0.07009252702801604,4338.7,False
2023-10-10,0.9,-1.3424873301800133,4394.2583,False
2023-10-11,0.01,1.0612966281077276,4312.231,True
2023-10-11,0.05,1.0612966281077276,4312.231,True
2023-10-11,0.1,1.0612966281077276,4312.231,False
2023-10-11,0.5,-0.2882122677402017,4370.8193,False
2023-10-11,0.9,-1.5165172634662054,4424.8374,False
2023-10-12,0.01,0.9221555379684385,4336.7734,True
2023-10-12,0.05,0.9221555379684385,4336.7734,True
2023-10-12,0.1,0.9221555379684385,4336.7734,False
2023-10-12,0.5,-0.375276910776894,4393.4067,False
2023-10-12,0.9,-1.5688438382616898,4446.159,False
2023-10-13,0.01,0.9450667930422589,4308.697,True
2023-10-13,0.05,0.9450667930422589,4308.697,True
2023-10-13,0.1,0.9450667930422589,4308.697,False
2023-10-13,0.5,-0.30171095232424266,4362.753,False
2023-10-13,0.9,-1.4758979658497893,4414.2817,False
2023-10-16,0.01,1.0641766667009676,4281.9688,True
2023-10-16,0.05,1.0641766667009676,4281.9688,True
2023-10-16,0.1,1.0641766667009676,4281.9688,False
2023-10-16,0.5,-0.265350235267013,4339.279,False
2023-10-16,0.9,-1.5047400076155932,4393.394,False
2023-10-17,0.01,1.1949270865633344,4321.679,True
2023-10-17,0.05,1.1949270865633344,4321.679,True
2023-10-17,0.1,1.1949270865633344,4321.679,False
2023-10-17,0.5,-0.08813608388196252,4377.4863,False
2023-10-17,0.9,-1.240345244774409,4428.216,False
2023-10-18,0.01,0.9435853079715685,4332.1294,True
2023-10-18,0.05,0.9435853079715685,4332.1294,True
2023-10-18,0.1,0.9435853079715685,4332.1294,False
2023-10-18,0.5,-0.32514053438262924,4387.4424,False
2023-10-18,0.9,-1.4217730931876165,4435.8213,False
2023-10-19,0.01,0.8394401683138526,4278.533,True
2023-10-19,0.05,0.8394401683138526,4278.533,True
2023-10-19,0.1,0.8394401683138526,4278.533,False
2023-10-19,0.5,-0.4858992373008399,4335.6157,False
2023-10-19,0.9,-1.6632520218838054,4386.963,False
2023-10-20,0.01,0.9437011719644244,4237.8184,True
2023-10-20,0.05,0.9437011719644244,4237.8184,True
2023-10-20,0.1,0.9437011719644244,4237.8184,False
2023-10-20,0.5,-0.4502625896995309,4297.3057,False
2023-10-20,0.9,-1.720722990593642,4352.2495,False
2023-10-23,0.01,1.2272084780658796,4172.6377,True
2023-10-23,0.05,1.2272084780658796,4172.6377,True
2023-10-23,0.1,1.2272084780658796,4172.6377,False
2023-10-23,0.5,-0.32334375804974563,4237.841,False
2023-10-23,0.9,-1.756152172921108,4298.998,False
2023-10-24,0.01,1.3831806192247003,4159.1123,True
2023-10-24,0.05,1.3831806192247003,4159.1123,True
2023-10-24,0.1,1.3831806192247003,4159.1123,False
2023-10-24,0.5,-0.10275506310801485,4221.3755,False
2023-10-24,0.9,-1.4892779700504395,4280.3135,False
2023-10-25,0.01,1.130427876582932,4199.9336,True
2023-10-25,0.05,1.130427876582932,4199.9336,True
2023-10-25,0.1,1.130427876582932,4199.9336,False
2023-10-25,0.5,-0.24393022692893754,4258.054,False
2023-10-25,0.9,-1.5130409806854477,4312.438,False
2023-10-26,0.01,0.9555680412473495,4146.953,True
2023-10-26,0.05,0.9555680412473495,4146.953,True
2023-10-26,0.1,0.9555680412473495,4146.953,False
2023-10-26,0.5,-0.5068824538269687,4208.046,False
2023-10-26,0.9,-1.893292560909731,4266.793,False
2023-10-27,0.01,1.157827255108808,4089.6042,True
2023-10-27,0.05,1.157827255108808,4089.6042,True
2023-10-27,0.1,1.157827255108808,4089.6042,False
2023-10-27,0.5,-0.42405888362406313,4154.8115,False
2023-10-27,0.9,-1.9051875892309025,4216.8076,False
2023-10-30,0.01,1.0504588168880828,4074.3452,True
2023-10-30,0.05,1.0504588168880828,4074.3452,True
2023-10-30,0.1,1.0504588168880828,4074.3452,False
2023-10-30,0.5,-0.5082896759195418,4138.3516,False
2023-10-30,0.9,-1.9293083588752389,4197.578,False
2023-10-31,0.01,1.0886418047440578,4121.704,True
2023-10-31,0.05,1.0886418047440578,4121.704,True
2023-10-31,0.1,1.0886418047440578,4121.704,False
2023-10-31,0.5,-0.35999423603961533,4181.847,False
2023-10-31,0.9,-1.6950329359188623,4238.051,False
2023-11-01,0.01,1.5103882617434106,4130.933,True
2023-11-01,0.05,1.5103882617434106,4130.933,True
2023-11-01,0.1,1.5103882617434106,4130.933,False
2023-11-01,0.5,0.07532320058431008,4190.642,False
2023-11-01,0.9,-1.2599675229667995,4246.9746,False
2023-11-02,0.01,1.5684273577405525,4171.9106,True
2023-11-02,0.05,1.5684273577405525,4171.9106,True
2023-11-02,0.1,1.5684273577405525,4171.9106,False
2023-11-02,0.5,0.15693590597460225,4231.2144,False
2023-11-02,0.9,-1.1801316096122354,4288.1685,False
2023-11-03,0.01,1.5523794812760379,4251.269,True
2023-11-03,0.05,1.5523794812760379,4251.269,True
2023-11-03,0.1,1.5523794812760379,4251.269,False
2023-11-03,0.5,0.11842609880975319,4312.6694,False
2023-11-03,0.9,-1.2418369308061294,4371.734,False
2023-11-06,0.01,1.4645571319414563,4294.9746,True
2023-11-06,0.05,1.4645571319414563,4294.9746,True
2023-11-06,0.1,1.4645571319414563,4294.9746,False
2023-11-06,0.5,0.0036971828031398916,4358.1787,False
2023-11-06,0.9,-1.3025992430657543,4415.483,False
2023-11-07,0.01,1.5515663947925855,4298.7617,True
2023-11-07,0.05,1.5515663947925855,4298.7617,True
2023-11-07,0.1,1.5515663947925855,4298.7617,False
2023-11-07,0.5,0.10886615625115131,4361.2295,False
2023-11-07,0.9,-1.1692012296694265,4417.3267,False
2023-11-08,0.01,1.4801786579643486,4314.0493,True
2023-11-08,0.05,1.4801786579643486,4314.0493,True
2023-11-08,0.1,1.4801786579643486,4314.0493,False
2023-11-08,0.5,0.0518595520233022,4376.11,False
2023-11-08,0.9,-1.1921841675037959,4430.8906,False
2023-11-09,0.01,1.4288195048651067,4320.603,True
2023-11-09,0.05,1.4288195048651067,4320.603,True
2023-11-09,0.1,1.4288195048651067,4320.603,False
2023-11-09,0.5,0.010751549472972915,4382.3086,False
2023-11-09,0.9,-1.2014194067224286,4435.753,False
2023-11-10,0.01,1.536423357358823,4281.067,True
2023-11-10,0.05,1.536423357358823,4281.067,True
2023-11-10,0.1,1.536423357358823,4281.067,False
2023-11-10,0.5,0.10004583974132725,4343.003,False
2023-11-10,0.9,-1.1599281836916338,4398.07,False
2023-11-13,0.01,1.5851193366372818,4345.805,True
2023-11-13,0.05,1.5851193366372818,4345.805,True
2023-11-13,0.1,1.5851193366372818,4345.805,False
2023-11-13,0.5,0.1733783299703816,4407.592,False
2023-11-13,0.9,-1.0124618583785157,4460.17,False
2023-11-14,0.01,1.5267278010774537,4344.709,True
2023-11-14,0.05,1.5267278010774537,4344.709,True
2023-11-14,0.1,1.5267278010774537,4344.709,False
2023-11-14,0.5,0.08231522143623954,4407.92,False
2023-11-14,0.9,-1.1320042494512634,4461.7725,False
2023-11-15,0.01,1.6798477358202244,4420.81,True
2023-11-15,0.05,1.6798477358202244,4420.81,True
2023-11-15,0.1,1.6798477358202244,4420.81,False
2023-11-15,0.5,0.18018450871773953,4487.607,False
2023-11-15,0.9,-1.0265151306361306,4542.087,False
2023-11-16,0.01,1.535735254560281,4434.256,True
2023-11-16,0.05,1.535735254560281,4434.256,True
2023-11-16,0.1,1.535735254560281,4434.256,False
2023-11-16,0.5,0.12097016081955266,4497.436,False
2023-11-16,0.9,-1.0047922030786658,4548.3525,False
2023-11-17,0.01,1.5432111443343663,4439.2026,True
2023-11-17,0.05,1.5432111443343663,4439.2026,True
2023-11-17,0.1,1.5432111443343663,4439.2026,False
2023-11-17,0.5,0.14983802870253143,4501.49,False
2023-11-17,0.9,-0.9804504656132936,4552.6587,False
2023-11-20,0.01,1.4647166868184658,4448.3843,True
2023-11-20,0.05,1.4647166868184658,4448.3843,True
2023-11-20,0.1,1.4647166868184658,4448.3843,False
2023-11-20,0.5,0.1179098129887711,4508.7007,False
2023-11-20,0.9,-0.9865383858960084,4558.773,False
2023-11-21,0.01,1.3398122378182604,4486.86,True
2023-11-21,0.05,1.3398122378182604,4486.86,True
2023-11-21,0.1,1.3398122378182604,4486.86,False
2023-11-21,0.5,0.004670982189750409,4547.1675,False
2023-11-21,0.9,-1.040202403515533,4594.9287,False
2023-11-22,0.01,1.3893580700534263,4475.574,True
2023-11-22,0.05,1.3893580700534263,4475.574,True
2023-11-22,0.1,1.3893580700534263,4475.574,False
2023-11-22,0.5,0.06480323952370913,4535.25,False
2023-11-22,0.9,-0.9810009062919782,4582.9287,False
2023-11-24,0.01,1.4316154856166294,4491.8516,True
2023-11-24,0.05,1.4316154856166294,4491.8516,True
2023-11-24,0.1,1.4316154856166294,4491.8516,False
2023-11-24,0.5,0.12446718656587163,4550.952,False
2023-11-24,0.9,-0.8923247079347363,4597.462,False
2023-11-27,0.01,1.2152543868187846,4504.2676,True
2023-11-27,0.05,1.2152543868187846,4504.2676,True
2023-11-27,0.1,1.2152543868187846,4504.2676,False
2023-11-27,0.5,-0.04064489672339786,4561.1934,False
2023-11-27,0.9,-1.0028657504148841,4605.294,False
2023-11-28,0.01,1.2481858418172784,4493.9854,True
2023-11-28,0.05,1.2481858418172784,4493.9854,True
2023-11-28,0.1,1.2481858418172784,4493.9854,False
2023-11-28,0.5,0.05145497256134338,4548.0894,False
2023-11-28,0.9,-0.8915869067970638,4591.1826,False
2023-11-29,0.01,1.3046205954398962,4495.852,True
2023-11-29,0.05,1.3046205954398962,4495.852,True
2023-11-29,0.1,1.3046205954398962,4495.852,False
2023-11-29,0.5,0.09774924420444547,4550.44,False
2023-11-29,0.9,-0.8557558304552992,4594.036,False
2023-11-30,0.01,1.2919502884619014,4492.167,True
2023-11-30,0.05,1.2919502884619014,4492.167,True
2023-11-30,0.1,1.2919502884619014,4492.167,False
2023-11-30,0.5,0.055876446462562186,4548.038,False
2023-11-30,0.9,-0.9361609072804077,4593.381,False
2023-12-01,0.01,1.2407473110494158,4511.475,True
2023-12-01,0.05,1.2407473110494158,4511.475,True
2023-12-01,0.1,1.2407473110494158,4511.475,False
2023-12-01,0.5,0.0466069901064695,4565.6714,False
2023-12-01,0.9,-0.9008719053748511,4609.1357,False
2023-12-04,0.01,1.1425624929319629,4542.432,True
2023-12-04,0.05,1.1425624929319629,4542.432,True
2023-12-04,0.1,1.1425624929319629,4542.432,False
2023-12-04,0.5,-0.07779283755981548,4598.2056,False
2023-12-04,0.9,-1.0385949716189873,4642.598,False
2023-12-05,0.01,1.4197573091642737,4505.3584,True
2023-12-05,0.05,1.4197573091642737,4505.3584,True
2023-12-05,0.1,1.4197573091642737,4505.3584,False
2023-12-05,0.5,0.22238837710842682,4559.6284,False
2023-12-05,0.9,-0.7897752979609419,4606.0137,False
2023-12-06,0.01,1.3890958804838454,4504.1763,True
2023-12-06,0.05,1.3890958804838454,4504.1763,True
2023-12-06,0.1,1.3890958804838454,4504.1763,False
2023-12-06,0.5,0.19809881547500113,4558.1416,False
2023-12-06,0.9,-0.8381973369594197,4605.623,False
2023-12-07,0.01,1.5702795512839014,4478.4604,True
2023-12-07,0.05,1.5702795512839014,4478.4604,True
2023-12-07,0.1,1.5702795512839014,4478.4604,False
2023-12-07,0.5,0.3332350918188896,4534.205,False
2023-12-07,0.9,-0.7470112190564896,4583.451,False
2023-12-08,0.01,1.3681612835505679,4523.279,True
2023-12-08,0.05,1.3681612835505679,4523.279,True
2023-12-08,0.1,1.3681612835505679,4523.279,False
2023-12-08,0.5,0.20558236664049725,4576.1724,False
2023-12-08,0.9,-0.8350468848771195,4624.042,False
2023-12-11,0.01,1.3055934593296872,4544.6465,True
2023-12-11,0.05,1.3055934593296872,4544.6465,True
2023-12-11,0.1,1.3055934593296872,4544.6465,False
2023-12-11,0.5,0.16159819490449645,4596.9355,False
2023-12-11,0.9,-0.864609577656795,4644.3525,False
2023-12-12,0.01,1.256792883036916,4564.709,True
2023-12-12,0.05,1.256792883036916,4564.709,True
2023-12-12,0.1,1.256792883036916,4564.709,False
2023-12-12,0.5,0.08374904964078102,4618.5703,False
2023-12-12,0.9,-0.9686677432634705,4667.4336,False
2023-12-13,0.01,1.1479688431118564,4590.697,True
2023-12-13,0.05,1.1479688431118564,4590.697,True
2023-12-13,0.1,1.1479688431118564,4590.697,False
2023-12-13,0.5,-0.05467313805099341,4646.2397,False
2023-12-13,0.9,-1.1082180012307385,4695.4487,False
2023-12-14,0.01,1.1532596527229504,4653.1167,True
2023-12-14,0.05,1.1532596527229504,4653.1167,True
2023-12-14,0.1,1.1532596527229504,4653.1167,False
2023-12-14,0.5,-0.22209481737660827,4717.5557,False
2023-12-14,0.9,-1.3341762163971715,4770.3115,False
2023-12-15,0.01,1.1820074446460573,4664.093,True
2023-12-15,0.05,1.1820074446460573,4664.093,True
2023-12-15,0.1,1.1820074446460573,4664.093,False
2023-12-15,0.5,-0.20069571166570765,4729.0312,False
2023-12-15,0.9,-1.3174248438752276,4782.1377,False
2023-12-18,0.01,1.1410755727880595,4665.6465,True
2023-12-18,0.05,1.1410755727880595,4665.6465,True
2023-12-18,0.1,1.1410755727880595,4665.6465,False
2023-12-18,0.5,-0.17765044778919972,4727.581,False
2023-12-18,0.9,-1.2711342031312614,4779.56,False
2023-12-19,0.01,0.9212253739891836,4697.0894,True
2023-12-19,0.05,0.9212253739891836,4697.0894,True
2023-12-19,0.1,0.9212253739891836,4697.0894,False
2023-12-19,0.5,-0.4025191475457674,4759.68,False
2023-12-19,0.9,-1.4868823468781556,4811.573,False
2023-12-20,0.01,0.8844375139768941,4726.383,True
2023-12-20,0.05,0.8844375139768941,4726.383,True
2023-12-20,0.1,0.8844375139768941,4726.383,False
2023-12-20,0.5,-0.3972796804739427,4787.3516,False
2023-12-20,0.9,-1.4590919039855532,4838.455,False
2023-12-21,0.01,1.2569230258984492,4639.665,True
2023-12-21,0.05,1.2569230258984492,4639.665,True
2023-12-21,0.1,1.2569230258984492,4639.665,False
2023-12-21,0.5,0.030995569191460737,4696.894,False
2023-12-21,0.9,-1.0135815582687875,4746.214,False
2023-12-22,0.01,1.187882712897947,4690.6978,True
2023-12-22,0.05,1.187882712897947,4690.6978,True
2023-12-22,0.1,1.187882712897947,4690.6978,False
2023-12-22,0.5,-0.03643893810787725,4748.48,False
2023-12-22,0.9,-1.057726918235884,4797.224,False
2023-12-26,0.01,1.0668484727832381,4704.175,True
2023-12-26,0.05,1.0668484727832381,4704.175,True
2023-12-26,0.1,1.0668484727832381,4704.175,False
2023-12-26,0.5,-0.12246179680120277,4760.456,False
2023-12-26,0.9,-1.1321365790414801,4808.7646,False
2023-12-27,0.01,0.9905744066072505,4727.686,True
2023-12-27,0.05,0.9905744066072505,4727.686,True
2023-12-27,0.1,0.9905744066072505,4727.686,False
2023-12-27,0.5,-0.23947933549777325,4786.198,False
2023-12-27,0.9,-1.2867672383958308,4836.587,False
2023-12-28,0.01,0.9088343703960796,4738.3203,True
2023-12-28,0.05,0.9088343703960796,4738.3203,True
2023-12-28,0.1,0.9088343703960796,4738.3203,False
2023-12-28,0.5,-0.36548249132197036,4799.088,False
2023-12-28,0.9,-1.4394189033339275,4850.905,False
2023-12-29,0.01,0.8713473834974946,4741.8516,True
2023-12-29,0.05,0.8713473834974946,4741.8516,True
2023-12-29,0.1,0.8713473834974946,4741.8516,False
2023-12-29,0.5,-0.3901711132438669,4802.05,False
2023-12-29,0.9,-1.4683576422920561,4854.105,False
2024-01-02,0.01,1.0336272830360242,4720.7817,True
2024-01-02,0.05,1.0336272830360242,4720.7817,True
2024-01-02,0.1,1.0336272830360242,4720.7817,False
2024-01-02,0.5,-0.21799179552342862,4780.2393,False
2024-01-02,0.9,-1.2780301535789638,4831.181,False
2024-01-03,0.01,1.077248797451116,4692.012,True
2024-01-03,0.05,1.077248797451116,4692.012,True
2024-01-03,0.1,1.077248797451116,4692.012,False
2024-01-03,0.5,-0.18008515400150843,4751.379,False
2024-01-03,0.9,-1.2684165482956045,4803.372,False
2024-01-04,0.01,1.183432668222715,4649.46,True
2024-01-04,0.05,1.183432668222715,4649.46,True
2024-01-04,0.1,1.183432668222715,4649.46,False
2024-01-04,0.5,-0.13198763062085195,4711.024,False
2024-01-04,0.9,-1.2769312997365676,4765.2725,False
2024-01-05,0.01,1.111964396480886,4636.8325,True
2024-01-05,0.05,1.111964396480886,4636.8325,True
2024-01-05,0.1,1.111964396480886,4636.8325,False
2024-01-05,0.5,-0.21743779520583445,4698.886,False
2024-01-05,0.9,-1.412021691691704,4755.355,False
2024-01-08,0.01,0.8871927496815346,4655.751,True
2024-01-08,0.05,0.8871927496815346,4655.751,True
2024-01-08,0.1,0.8871927496815346,4655.751,False
2024-01-08,0.5,-0.37584371378910897,4714.9277,False
2024-01-08,0.9,-1.5383129458096156,4770.057,False
2024-01-09,0.01,0.7988583706634081,4725.6377,True
2024-01-09,0.05,0.7988583706634081,4725.6377,True
2024-01-09,0.1,0.7988583706634081,4725.6377,False
2024-01-09,0.5,-0.486374896158139,4786.765,False
2024-01-09,0.9,-1.5983849478013876,4840.2915,False
2024-01-10,0.01,0.7636477976200652,4720.3154,True
2024-01-10,0.05,0.7636477976200652,4720.3154,True
2024-01-10,0.1,0.7636477976200652,4720.3154,False
2024-01-10,0.5,-0.5176842947471554,4781.1875,False
2024-01-10,0.9,-1.6217530441409747,4834.2676,False
2024-01-11,0.01,0.7397061331727328,4748.1973,True
2024-01-11,0.05,0.7397061331727328,4748.1973,True
2024-01-11,0.1,0.7397061331727328,4748.1973,False
2024-01-11,0.5,-0.5713851076667563,4810.8604,False
2024-01-11,0.9,-1.7198159186393305,4866.428,False
2024-01-12,0.01,0.598728602766671,4751.705,True
2024-01-12,0.05,0.598728602766671,4751.705,True
2024-01-12,0.1,0.598728602766671,4751.705,False
2024-01-12,0.5,-0.6984689756424894,4813.7456,False
2024-01-12,0.9,-1.8471479512939586,4869.359,False
2024-01-16,0.01,0.6516661030348769,4752.757,True
2024-01-16,0.05,0.6516661030348769,4752.757,True
2024-01-16,0.1,0.6516661030348769,4752.757,False
2024-01-16,0.5,-0.5976724297385595,4812.5073,False
2024-01-16,0.9,-1.7337957886905724,4867.495,False
2024-01-17,0.01,0.8737308911240342,4724.5195,True
2024-01-17,0.05,0.8737308911240342,4724.5195,True
2024-01-17,0.1,0.8737308911240342,4724.5195,False
2024-01-17,0.5,-0.3742708014199382,4783.851,False
2024-01-17,0.9,-1.5260002465545932,4839.2666,False
2024-01-18,0.01,1.0731813398316663,4688.6216,True
2024-01-18,0.05,1.0731813398316663,4688.6216,True
2024-01-18,0.1,1.0731813398316663,4688.6216,False
2024-01-18,0.5,-0.22769466286404952,4750.013,False
2024-01-18,0.9,-1.4135800437045196,4806.678,False
2024-01-19,0.01,0.9106571720620811,4737.5996,True
2024-01-19,0.05,0.9106571720620811,4737.5996,True
2024-01-19,0.1,0.9106571720620811,4737.5996,False
2024-01-19,0.5,-0.31043446614324394,4795.8047,False
2024-01-19,0.9,-1.4406370909803456,4850.3145,False
2024-01-22,0.01,0.9781100653846799,4792.702,True
2024-01-22,0.05,0.9781100653846799,4792.702,True
2024-01-22,0.1,0.9781100653846799,4792.702,False
2024-01-22,0.5,-0.3236506623489698,4855.4995,False
2024-01-22,0.9,-1.492479602688337,4912.585,False
2024-01-23,0.01,0.8762131338145265,4808.1157,True
2024-01-23,0.05,0.8762131338145265,4808.1157,True
2024-01-23,0.1,0.8762131338145265,4808.1157,False
2024-01-23,0.5,-0.45805406546731664,4872.6987,False
2024-01-23,0.9,-1.6518375329286632,4931.217,False
2024-01-24,0.01,0.8266783061610371,4824.5513,True
2024-01-24,0.05,0.8266783061610371,4824.5513,True
2024-01-24,0.1,0.8266783061610371,4824.5513,False
2024-01-24,0.5,-0.5195908512969847,4889.942,False
2024-01-24,0.9,-1.7652401785998189,4951.2344,False
2024-01-25,0.01,0.7797105359976934,4830.737,True
2024-01-25,0.05,0.7797105359976934,4830.737,True
2024-01-25,0.1,0.7797105359976934,4830.737,False
2024-01-25,0.5,-0.5655144956896614,4896.16,False
2024-01-25,0.9,-1.818120863173988,4957.8755,False
2024-01-26,0.01,0.8657334002191999,4851.9727,True
2024-01-26,0.05,0.8657334002191999,4851.9727,True
2024-01-26,0.1,0.8657334002191999,4851.9727,False
2024-01-26,0.5,-0.5066141817314929,4919.0176,False
2024-01-26,0.9,-1.7912407148228369,4982.616,False
2024-01-29,0.01,0.8111814395547359,4851.456,True
2024-01-29,0.05,0.8111814395547359,4851.456,True
2024-01-29,0.1,0.8111814395547359,4851.456,False
2024-01-29,0.5,-0.5117114137569071,4916.062,False
2024-01-29,0.9,-1.7672921277425897,4978.1763,False
2024-01-30,0.01,0.9844680703856962,4879.6543,True
2024-01-30,0.05,0.9844680703856962,4879.6543,True
2024-01-30,0.1,0.9844680703856962,4879.6543,False
2024-01-30,0.5,-0.4015942969753769,4947.7603,False
2024-01-30,0.9,-1.6812511798719227,5011.4814,False
2024-01-31,0.01,0.8309682275543472,4884.215,True
2024-01-31,0.05,0.8309682275543472,4884.215,True
2024-01-31,0.1,0.8309682275543472,4884.215,False
2024-01-31,0.5,-0.4977410521270106,4949.545,False
2024-01-31,0.9,-1.7457575580004068,5011.703,False
2024-02-01,0.01,0.9167344905329549,4801.431,True
2024-02-01,0.05,0.9167344905329549,4801.431,True
2024-02-01,0.1,0.9167344905329549,4801.431,False
2024-02-01,0.5,-0.4611930688986653,4868.0493,False
2024-02-01,0.9,-1.7538954093456744,4931.387,False
2024-02-02,0.01,0.9544927383937191,4859.5835,True
2024-02-02,0.05,0.9544927383937191,4859.5835,True
2024-02-02,0.1,0.9544927383937191,4859.5835,False
2024-02-02,0.5,-0.3907114593749179,4925.3965,False
2024-02-02,0.9,-1.6535506651853507,4987.9907,False
2024-02-05,0.01,0.9778896996109352,4910.3564,True
2024-02-05,0.05,0.9778896996109352,4910.3564,True
2024-02-05,0.1,0.9778896996109352,4910.3564,False
2024-02-05,0.5,-0.4904629565204245,4982.9897,False
2024-02-05,0.9,-1.8278088134642525,5050.077,False
2024-02-06,0.01,0.6705115619525195,4909.779,True
2024-02-06,0.05,0.6705115619525195,4909.779,True
2024-02-06,0.1,0.6705115619525195,4909.779,False
2024-02-06,0.5,-0.7826252469374148,4981.6455,False
2024-02-06,0.9,-2.11413003256007,5048.42,False
2024-02-07,0.01,0.7326902478921429,4918.0635,True
2024-02-07,0.05,0.7326902478921429,4918.0635,True
2024-02-07,0.1,0.7326902478921429,4918.0635,False
2024-02-07,0.5,-0.7002054750813901,4989.0415,False
2024-02-07,0.9,-2.0048001943450893,5054.5547,False
2024-02-08,0.01,0.8681959770140296,4951.881,True
2024-02-08,0.05,0.8681959770140296,4951.881,True
2024-02-08,0.1,0.8681959770140296,4951.881,False
2024-02-08,0.5,-0.7038691831727052,5030.343,False
2024-02-08,0.9,-2.046840330661377,5098.3545,False
2024-02-09,0.01,1.0197464669663945,4947.203,True
2024-02-09,0.05,1.0197464669663945,4947.203,True
2024-02-09,0.1,1.0197464669663945,4947.203,False
2024-02-09,0.5,-0.5621486952926146,5026.085,False
2024-02-09,0.9,-1.9125088836357818,5094.4155,False
2024-02-12,0.01,1.14754745042521,4969.257,True
2024-02-12,0.05,1.14754745042521,4969.257,True
2024-02-12,0.1,1.14754745042521,4969.257,False
2024-02-12,0.5,-0.4300227657053944,5048.272,False
2024-02-12,0.9,-1.7806715982822,5116.919,False
2024-02-13,0.01,1.1679526551382629,4963.5283,True
2024-02-13,0.05,1.1679526551382629,4963.5283,True
2024-02-13,0.1,1.1679526551382629,4963.5283,False
2024-02-13,0.5,-0.3830286951352681,5041.112,False
2024-02-13,0.9,-1.746065235731933,5110.2944,False
2024-02-14,0.01,1.0758873886412441,4900.165,True
2024-02-14,0.05,1.0758873886412441,4900.165,True
2024-02-14,0.1,1.0758873886412441,4900.165,False
2024-02-14,0.5,-0.43384263501725545,4974.7056,False
2024-02-14,0.9,-1.7965830950705968,5042.962,False
2024-02-15,0.01,1.132133568227162,4944.3257,True
2024-02-15,0.05,1.132133568227162,4944.3257,True
2024-02-15,0.1,1.132133568227162,4944.3257,False
2024-02-15,0.5,-0.3658567350380346,5018.9487,False
2024-02-15,0.9,-1.7265987671640135,5087.7104,False
2024-02-16,0.01,1.183161808974229,4970.571,True
2024-02-16,0.05,1.183161808974229,4970.571,True
2024-02-16,0.1,1.183161808974229,4970.571,False
2024-02-16,0.5,-0.3339856522600775,5046.5566,False
2024-02-16,0.9,-1.6895100396309994,5115.4297,False
2024-02-20,0.01,1.0751143487068717,4952.0425,True
2024-02-20,0.05,1.0751143487068717,4952.0425,True
2024-02-20,0.1,1.0751143487068717,4952.0425,False
2024-02-20,0.5,-0.3942699449958436,5025.344,False
2024-02-20,0.9,-1.7457960193248714,5093.724,False
2024-02-21,0.01,1.0609432486536314,4923.0015,True
2024-02-21,0.05,1.0609432486536314,4923.0015,True
2024-02-21,0.1,1.0609432486536314,4923.0015,False
2024-02-21,0.5,-0.3856694972302578,4994.736,False
2024-02-21,0.9,-1.7234313609945637,5062.0024,False
2024-02-22,0.01,1.0220114758070369,4931.1445,True
2024-02-22,0.05,1.0220114758070369,4931.1445,True
2024-02-22,0.1,1.0220114758070369,4931.1445,False
2024-02-22,0.5,-0.453925041600114,5004.465,False
2024-02-22,0.9,-1.8229095807272637,5073.4463,False
2024-02-23,0.01,1.198050115323634,5026.448,True
2024-02-23,0.05,1.198050115323634,5026.448,True
2024-02-23,0.1,1.198050115323634,5026.448,False
2024-02-23,0.5,-0.38801643376486994,5106.8066,False
2024-02-23,0.9,-1.8072852404160455,5179.8027,False
2024-02-26,0.01,1.442020468787061,5015.945,True
2024-02-26,0.05,1.442020468787061,5015.945,True
2024-02-26,0.1,1.442020468787061,5015.945,False
2024-02-26,0.5,-0.19072439040881015,5098.5146,False
2024-02-26,0.9,-1.6559153633229795,5173.7676,False
2024-02-27,0.01,1.2450534153089783,5006.8027,True
2024-02-27,0.05,1.2450534153089783,5006.8027,True
2024-02-27,0.1,1.2450534153089783,5006.8027,False
2024-02-27,0.5,-0.28515331250133974,5084.0063,False
2024-02-27,0.9,-1.726041599811726,5157.7915,False
2024-02-28,0.01,1.219342613588446,5016.6357,True
2024-02-28,0.05,1.219342613588446,5016.6357,True
2024-02-28,0.1,1.219342613588446,5016.6357,False
2024-02-28,0.5,-0.3420069204736375,5095.5776,False
2024-02-28,0.9,-1.8240786073397064,5171.66,False
2024-02-29,0.01,1.224734169725426,5008.0474,True
2024-02-29,0.05,1.224734169725426,5008.0474,True
2024-02-29,0.1,1.224734169725426,5008.0474,False
2024-02-29,0.5,-0.31792248617215163,5085.9033,False
2024-02-29,0.9,-1.823591078251861,5163.0596,False
2024-03-01,0.01,1.367871952131442,5027.034,True
2024-03-01,0.05,1.367871952131442,5027.034,True
2024-03-01,0.1,1.367871952131442,5027.034,False
2024-03-01,0.5,-0.1635792378593428,5104.6133,False
2024-03-01,0.9,-1.6750961622345986,5182.3564,False
2024-03-04,0.01,1.396866183107207,5065.821,True
2024-03-04,0.05,1.396866183107207,5065.821,True
2024-03-04,0.1,1.396866183107207,5065.821,False
2024-03-04,0.5,-0.23384488218284055,5149.107,False
2024-03-04,0.9,-1.717235227676708,5226.0576,False
2024-03-05,0.01,1.270384503313147,5066.1797,True
2024-03-05,0.05,1.270384503313147,5066.1797,True
2024-03-05,0.1,1.270384503313147,5066.1797,False
2024-03-05,0.5,-0.3518104215313549,5149.033,False
2024-03-05,0.9,-1.856036638212434,5227.072,False
2024-03-06,0.01,1.0983391202612234,5023.1743,True
2024-03-06,0.05,1.0983391202612234,5023.1743,True
2024-03-06,0.1,1.0983391202612234,5023.1743,False
2024-03-06,0.5,-0.4546198602646342,5101.791,False
2024-03-06,0.9,-1.9749511089194145,5179.9478,False
2024-03-07,0.01,1.3271606685748087,5037.459,True
2024-03-07,0.05,1.3271606685748087,5037.459,True
2024-03-07,0.1,1.3271606685748087,5037.459,False
2024-03-07,0.5,-0.2287390065625088,5116.4497,False
2024-03-07,0.9,-1.7739763620037117,5196.125,False
2024-03-08,0.01,1.7375350508050482,5068.523,True
2024-03-08,0.05,1.7375350508050482,5068.523,True
2024-03-08,0.1,1.7375350508050482,5068.523,False
2024-03-08,0.5,0.05134682782416172,5154.7124,False
2024-03-08,0.9,-1.5387233715584092,5237.331,False
2024-03-11,0.01,1.2953923113287997,5057.746,True
2024-03-11,0.05,1.2953923113287997,5057.746,True
2024-03-11,0.1,1.2953923113287997,5057.746,False
2024-03-11,0.5,-0.32701605494257086,5140.4727,False
2024-03-11,0.9,-1.8979978517544496,5221.866,False
2024-03-12,0.01,1.1536454276901527,5059.2363,True
2024-03-12,0.05,1.1536454276901527,5059.2363,True
2024-03-12,0.1,1.1536454276901527,5059.2363,False
2024-03-12,0.5,-0.5035508602533623,5143.7764,False
2024-03-12,0.9,-2.0700178329902537,5224.9863,False
2024-03-13,0.01,1.5366036795799896,5096.3545,True
2024-03-13,0.05,1.5366036795799896,5096.3545,True
2024-03-13,0.1,1.5366036795799896,5096.3545,False
2024-03-13,0.5,-0.18221981824398106,5184.709,False
2024-03-13,0.9,-1.7666390549880149,5267.5107,False
2024-03-14,0.01,1.539167159065539,5086.416,True
2024-03-14,0.05,1.539167159065539,5086.416,True
2024-03-14,0.1,1.539167159065539,5086.416,False
2024-03-14,0.5,-0.1489264180639622,5173.0083,False
2024-03-14,0.9,-1.7053926862540716,5254.1543,False
2024-03-15,0.01,1.5651345040244864,5070.4956,True
2024-03-15,0.05,1.5651345040244864,5070.4956,True
2024-03-15,0.1,1.5651345040244864,5070.4956,False
2024-03-15,0.5,-0.07933763915139345,5154.568,False
2024-03-15,0.9,-1.6218636921283163,5234.695,False
2024-03-18,0.01,1.227526658010557,5054.66,True
2024-03-18,0.05,1.227526658010557,5054.66,True
2024-03-18,0.1,1.227526658010557,5054.66,False
2024-03-18,0.5,-0.4193184886939894,5138.592,False
2024-03-18,0.9,-1.9517069928739972,5217.9414,False
2024-03-19,0.01,1.394197283248267,5078.125,True
2024-03-19,0.05,1.394197283248267,5078.125,True
2024-03-19,0.1,1.394197283248267,5078.125,False
2024-03-19,0.5,-0.2908336858829906,5164.418,False
2024-03-19,0.9,-1.84053203269121,5245.074,False
2024-03-20,0.01,1.4590937337017231,5103.499,True
2024-03-20,0.05,1.4590937337017231,5103.499,True
2024-03-20,0.1,1.4590937337017231,5103.499,False
2024-03-20,0.5,-0.2508827905776464,5191.518,False
2024-03-20,0.9,-1.8242691688464283,5273.8467,False
2024-03-21,0.01,1.7924131220638913,5131.8076,True
2024-03-21,0.05,1.7924131220638913,5131.8076,True
2024-03-21,0.1,1.7924131220638913,5131.8076,False
2024-03-21,0.5,-0.035311449167448154,5226.4653,False
2024-03-21,0.9,-1.6940887909970825,5313.884,False
2024-03-22,0.01,1.8624758707039293,5144.811,True
2024-03-22,0.05,1.8624758707039293,5144.811,True
2024-03-22,0.1,1.8624758707039293,5144.811,False
2024-03-22,0.5,-0.006064287880957843,5241.8477,False
2024-03-22,0.9,-1.6862145750803563,5330.6626,False
2024-03-25,0.01,1.747169946027502,5143.5244,True
2024-03-25,0.05,1.747169946027502,5143.5244,True
2024-03-25,0.1,1.747169946027502,5143.5244,False
2024-03-25,0.5,-0.06936284936209422,5237.812,False
2024-03-25,0.9,-1.739640222853344,5326.0327,False
2024-03-26,0.01,1.4324821056269543,5143.973,True
2024-03-26,0.05,1.4324821056269543,5143.973,True
2024-03-26,0.1,1.4324821056269543,5143.973,False
2024-03-26,0.5,-0.3478038566657746,5236.3706,False
2024-03-26,0.9,-1.9993785831031303,5323.5713,False
2024-03-27,0.01,1.3709473080149623,5132.7285,True
2024-03-27,0.05,1.3709473080149623,5132.7285,True
2024-03-27,0.1,1.3709473080149623,5132.7285,False
2024-03-27,0.5,-0.38175383087138354,5223.483,False
2024-03-27,0.9,-2.0480071388041603,5311.2485,False
2024-03-28,0.01,1.606504318514377,5164.8467,True
2024-03-28,0.05,1.606504318514377,5164.8467,True
2024-03-28,0.1,1.606504318514377,5164.8467,False
2024-03-28,0.5,-0.14227599326910645,5255.963,False
2024-03-28,0.9,-1.8158413582623711,5344.665,False
2024-04-01,0.01,1.6842890302588458,5166.593,True
2024-04-01,0.05,1.6842890302588458,5166.593,True
2024-04-01,0.1,1.6842890302588458,5166.593,False
2024-04-01,0.5,-0.037935694761068124,5256.3438,False
2024-04-01,0.9,-1.7403352354631036,5346.5938,False
2024-04-02,0.01,1.494891419711446,5165.9644,True
2024-04-02,0.05,1.494891419711446,5165.9644,True
2024-04-02,0.1,1.494891419711446,5165.9644,False
2024-04-02,0.5,-0.2563745094974168,5257.231,False
2024-04-02,0.9,-1.978109890631689,5348.5303,False
2024-04-03,0.01,1.4379209783782372,5131.49,True
2024-04-03,0.05,1.4379209783782372,5131.49,True
2024-04-03,0.1,1.4379209783782372,5131.49,False
2024-04-03,0.5,-0.2588964135542909,5219.305,False
2024-04-03,0.9,-1.9986432915037065,5310.9023,False
2024-04-04,0.01,1.3596770492280068,5141.1104,True
2024-04-04,0.05,1.3596770492280068,5141.1104,True
2024-04-04,0.1,1.3596770492280068,5141.1104,False
2024-04-04,0.5,-0.33134925933528075,5228.787,False
2024-04-04,0.9,-2.078448719186144,5320.942,False
2024-04-05,0.01,1.4545362127937693,5072.884,True
2024-04-05,0.05,1.4545362127937693,5072.884,True
2024-04-05,0.1,1.4545362127937693,5072.884,False
2024-04-05,0.5,-0.27121597787987545,5161.189,False
2024-04-05,0.9,-2.0499841384490893,5253.816,False
2024-04-08,0.01,1.2769094957777343,5138.3076,True
2024-04-08,0.05,1.2769094957777343,5138.3076,True
2024-04-08,0.1,1.2769094957777343,5138.3076,False
2024-04-08,0.5,-0.42908282767430606,5226.7188,False
2024-04-08,0.9,-2.1682746554195087,5318.4165,False
2024-04-09,0.01,1.1856491961269309,5141.0723,True
2024-04-09,0.05,1.1856491961269309,5141.0723,True
2024-04-09,0.1,1.1856491961269309,5141.0723,False
2024-04-09,0.5,-0.5043809827476837,5228.6963,False
2024-04-09,0.9,-2.2388549851412143,5320.1777,False
2024-04-10,0.01,1.385822906797506,5138.208,True
2024-04-10,0.05,1.385822906797506,5138.208,True
2024-04-10,0.1,1.385822906797506,5138.208,False
2024-04-10,0.5,-0.2904709065877508,5225.0654,False
2024-04-10,0.9,-2.0304287028306507,5316.775,False
2024-04-11,0.01,1.2376789384497224,5097.1616,True
2024-04-11,0.05,1.2376789384497224,5097.1616,True
2024-04-11,0.1,1.2376789384497224,5097.1616,False
2024-04-11,0.5,-0.44236424369819827,5183.5195,False
2024-04-11,0.9,-2.204235735082186,5275.656,False
2024-04-12,0.01,1.4231288786771095,5125.5947,True
2024-04-12,0.05,1.4231288786771095,5125.5947,True
2024-04-12,0.1,1.4231288786771095,5125.5947,False
2024-04-12,0.5,-0.2564780509375897,5212.4116,False
2024-04-12,0.9,-2.014891008876622,5304.878,False
2024-04-15,0.01,1.4172346303232606,5051.3115,True
2024-04-15,0.05,1.4172346303232606,5051.3115,True
2024-04-15,0.1,1.4172346303232606,5051.3115,False
2024-04-15,0.5,-0.3139715224532112,5139.5215,False
2024-04-15,0.9,-2.163705101797568,5235.4736,False
2024-04-16,0.01,1.5906019974476486,4981.9434,True
2024-04-16,0.05,1.5906019974476486,4981.9434,True
2024-04-16,0.1,1.5906019974476486,4981.9434,False
2024-04-16,0.5,-0.254388235541685,5074.713,False
2024-04-16,0.9,-2.156955105130224,5172.187,False
2024-04-17,0.01,1.461716970366532,4978.11,True
2024-04-17,0.05,1.461716970366532,4978.11,True
2024-04-17,0.1,1.461716970366532,4978.11,False
2024-04-17,0.5,-0.2684188050483163,5064.9873,False
2024-04-17,0.9,-2.075072359876747,5157.3257,False
2024-04-18,0.01,1.4016414852335397,4952.3076,True
2024-04-18,0.05,1.4016414852335397,4952.3076,True
2024-04-18,0.1,1.4016414852335397,4952.3076,False
2024-04-18,0.5,-0.30462564921087887,5037.532,False
2024-04-18,0.9,-2.0525475164960194,5126.3584,False
2024-04-19,0.01,1.305630802481668,4946.1187,True
2024-04-19,0.05,1.305630802481668,4946.1187,True
2024-04-19,0.1,1.305630802481668,4946.1187,False
2024-04-19,0.5,-0.36775161697445813,5029.5825,False
2024-04-19,0.9,-2.0640306083077875,5115.626,False
2024-04-22,0.01,1.3929712471111761,4898.5176,True
2024-04-22,0.05,1.3929712471111761,4898.5176,True
2024-04-22,0.1,1.3929712471111761,4898.5176,False
2024-04-22,0.5,-0.3245819455465739,4983.379,False
2024-04-22,0.9,-2.063390979850923,5070.788,False
2024-04-23,0.01,0.9215364800141587,4964.6377,True
2024-04-23,0.05,0.9215364800141587,4964.6377,True
2024-04-23,0.1,0.9215364800141587,4964.6377,False
2024-04-23,0.5,-0.638309887808559,5042.6855,False
2024-04-23,0.9,-2.234348414989,5123.8145,False
2024-04-24,0.01,0.6964937290026973,5035.3564,True
2024-04-24,0.05,0.6964937290026973,5035.3564,True
2024-04-24,0.1,0.6964937290026973,5035.3564,False
2024-04-24,0.5,-0.9706710466403611,5120.008,False
2024-04-24,0.9,-2.5632114538488895,5202.1987,False
2024-04-25,0.01,0.7535324979749406,5033.557,True
2024-04-25,0.05,0.7535324979749406,5033.557,True
2024-04-25,0.1,0.7535324979749406,5033.557,False
2024-04-25,0.5,-0.8408808738466925,5114.456,False
2024-04-25,0.9,-2.412789900061524,5195.486,False
2024-04-26,0.01,0.9157529821497121,5002.4,True
2024-04-26,0.05,0.9157529821497121,5002.4,True
2024-04-26,0.1,0.9157529821497121,5002.4,False
2024-04-26,0.5,-0.6017645405074886,5078.891,False
2024-04-26,0.9,-2.151165443059273,5158.1963,False
2024-04-29,0.01,1.0521693770156257,5046.581,True
2024-04-29,0.05,1.0521693770156257,5046.581,True
2024-04-29,0.1,1.0521693770156257,5046.581,False
2024-04-29,0.5,-0.48256155259286976,5124.63,False
2024-04-29,0.9,-1.9950232060192012,5202.727,False
2024-04-30,0.01,0.8105165051594022,5074.87,True
2024-04-30,0.05,0.8105165051594022,5074.87,True
2024-04-30,0.1,0.8105165051594022,5074.87,False
2024-04-30,0.5,-0.7225845204642809,5153.2725,False
2024-04-30,0.9,-2.198212051233242,5229.8794,False
2024-05-01,0.01,0.938200337469928,4988.666,True
2024-05-01,0.05,0.938200337469928,4988.666,True
2024-05-01,0.1,0.938200337469928,4988.666,False
2024-05-01,0.5,-0.49291235045753956,5060.5728,False
2024-05-01,0.9,-1.9752256018470546,5136.145,False
2024-05-02,0.01,1.157282524700083,4960.648,True
2024-05-02,0.05,1.157282524700083,4960.648,True
2024-05-02,0.1,1.157282524700083,4960.648,False
2024-05-02,0.5,-0.311714988002009,5034.0576,False
2024-05-02,0.9,-1.8459078029370322,5111.8853,False
2024-05-03,0.01,1.1397122120399321,5006.8105,True
2024-05-03,0.05,1.1397122120399321,5006.8105,True
2024-05-03,0.1,1.1397122120399321,5006.8105,False
2024-05-03,0.5,-0.30156531707653295,5079.495,False
2024-05-03,0.9,-1.8066288205816614,5156.523,False
2024-05-06,0.01,1.113914517325554,5070.988,True
2024-05-06,0.05,1.113914517325554,5070.988,True
2024-05-06,0.1,1.113914517325554,5070.988,False
2024-05-06,0.5,-0.3961684649660286,5148.145,False
2024-05-06,0.9,-1.9728940997800932,5229.9604,False
2024-05-07,0.01,1.3313199157170366,5112.225,True
2024-05-07,0.05,1.3313199157170366,5112.225,True
2024-05-07,0.1,1.3313199157170366,5112.225,False
2024-05-07,0.5,-0.33100184581168585,5197.917,False
2024-05-07,0.9,-2.0029897566415666,5285.556,False
2024-05-08,0.01,1.2599167761075727,5122.7495,True
2024-05-08,0.05,1.2599167761075727,5122.7495,True
2024-05-08,0.1,1.2599167761075727,5122.7495,False
2024-05-08,0.5,-0.4080361621606435,5208.911,False
2024-05-08,0.9,-2.0551343546844674,5295.4175,False
2024-05-09,0.01,1.176604346401667,5126.9893,True
2024-05-09,0.05,1.176604346401667,5126.9893,True
2024-05-09,0.1,1.176604346401667,5126.9893,False
2024-05-09,0.5,-0.4281625227101001,5209.929,False
2024-05-09,0.9,-2.037090114123667,5294.431,False
2024-05-10,0.01,1.2287931863998192,5150.402,True
2024-05-10,0.05,1.2287931863998192,5150.402,True
2024-05-10,0.1,1.2287931863998192,5150.402,False
2024-05-10,0.5,-0.3759300492361811,5233.7183,False
2024-05-10,0.9,-1.9564927465166262,5317.0977,False
2024-05-13,0.01,1.2731921573852074,5156.607,True
2024-05-13,0.05,1.2731921573852074,5156.607,True
2024-05-13,0.1,1.2731921573852074,5156.607,False
2024-05-13,0.5,-0.31373551407114725,5239.0913,False
2024-05-13,0.9,-1.8970750221733743,5322.704,False
2024-05-14,0.01,1.4332592061076799,5147.117,True
2024-05-14,0.05,1.4332592061076799,5147.117,True
2024-05-14,0.1,1.4332592061076799,5147.117,False
2024-05-14,0.5,-0.13219894265340643,5228.327,False
2024-05-14,0.9,-1.728763893959233,5312.4707,False
2024-05-15,0.01,1.5336449845397646,5166.8286,True
2024-05-15,0.05,1.5336449845397646,5166.8286,True
2024-05-15,0.1,1.5336449845397646,5166.8286,False
2024-05-15,0.5,-0.0749728120305254,5250.615,False
2024-05-15,0.9,-1.6884988808275592,5336.0225,False
2024-05-16,0.01,1.6193844520076268,5222.883,True
2024-05-16,0.05,1.6193844520076268,5222.883,True
2024-05-16,0.1,1.6193844520076268,5222.883,False
2024-05-16,0.5,-0.16441127284452525,5316.8843,False
2024-05-16,0.9,-1.82353809655224,5405.834,False
2024-05-17,0.01,1.5328253956874698,5216.524,True
2024-05-17,0.05,1.5328253956874698,5216.524,True
2024-05-17,0.1,1.5328253956874698,5216.524,False
2024-05-17,0.5,-0.22268671660540482,5308.909,False
2024-05-17,0.9,-1.8900382889393676,5398.1694,False
2024-05-20,0.01,1.4736592905498362,5225.691,True
2024-05-20,0.05,1.4736592905498362,5225.691,True
2024-05-20,0.1,1.4736592905498362,5225.691,False
2024-05-20,0.5,-0.2969044570430775,5319.039,False
2024-05-20,0.9,-1.9792974160470778,5409.283,False
2024-05-21,0.01,1.3852128106491073,5235.108,True
2024-05-21,0.05,1.3852128106491073,5235.108,True
2024-05-21,0.1,1.3852128106491073,5235.108,False
2024-05-21,0.5,-0.3824322544896392,5328.4688,False
2024-05-21,0.9,-2.062287282895877,5418.7354,False
2024-05-22,0.01,1.194777083289665,5258.2095,True
2024-05-22,0.05,1.194777083289665,5258.2095,True
2024-05-22,0.1,1.194777083289665,5258.2095,False
2024-05-22,0.5,-0.5636826650104221,5351.4907,False
2024-05-22,0.9,-2.204826528257932,5440.041,False
2024-05-23,0.01,1.2614891471056313,5240.483,True
2024-05-23,0.05,1.2614891471056313,5240.483,True
2024-05-23,0.1,1.2614891471056313,5240.483,False
2024-05-23,0.5,-0.4054882332332771,5328.5728,False
2024-05-23,0.9,-2.02084466883351,5415.347,False
2024-05-24,0.01,1.5917027584119665,5184.6553,True
2024-05-24,0.05,1.5917027584119665,5184.6553,True
2024-05-24,0.1,1.5917027584119665,5184.6553,False
2024-05-24,0.5,-0.029434323673480544,5269.3906,False
2024-05-24,0.9,-1.6527575770114842,5355.628,False
2024-05-28,0.01,1.6150142012314355,5219.7363,True
2024-05-28,0.05,1.6150142012314355,5219.7363,True
2024-05-28,0.1,1.6150142012314355,5219.7363,False
2024-05-28,0.5,-0.033876600138576976,5306.5176,False
2024-05-28,0.9,-1.683139990423145,5394.7617,False
2024-05-29,0.01,1.562690187072321,5223.7676,True
2024-05-29,0.05,1.562690187072321,5223.7676,True
2024-05-29,0.1,1.562690187072321,5223.7676,False
2024-05-29,0.5,-0.045798891046873666,5308.4707,False
2024-05-29,0.9,-1.6979890090973164,5396.9053,False
2024-05-30,0.01,1.851882509804546,5170.31,True
2024-05-30,0.05,1.851882509804546,5170.31,True
2024-05-30,0.1,1.851882509804546,5170.31,False
2024-05-30,0.5,0.2091793917618417,5255.9443,False
2024-05-30,0.9,-1.488708625816579,5345.9463,False
2024-05-31,0.01,1.9356433008920375,5135.1143,True
2024-05-31,0.05,1.9356433008920375,5135.1143,True
2024-05-31,0.1,1.9356433008920375,5135.1143,False
2024-05-31,0.5,0.26900814939366613,5221.415,False
2024-05-31,0.9,-1.4239878530658323,5310.566,False
2024-06-03,0.01,1.7144673603439409,5187.8,True
2024-06-03,0.05,1.7144673603439409,5187.8,True
2024-06-03,0.1,1.7144673603439409,5187.8,False
2024-06-03,0.5,0.1255096476528711,5270.89,False
2024-06-03,0.9,-1.4998437722309321,5357.2607,False
2024-06-04,0.01,1.5269302008854515,5203.339,True
2024-06-04,0.05,1.5269302008854515,5203.339,True
2024-06-04,0.1,1.5269302008854515,5203.339,False
2024-06-04,0.5,-0.074682816308269,5287.347,False
2024-06-04,0.9,-1.6754802198949936,5372.668,False
2024-06-05,0.01,1.4331025757523057,5216.0503,True
2024-06-05,0.05,1.4331025757523057,5216.0503,True
2024-06-05,0.1,1.4331025757523057,5216.0503,False
2024-06-05,0.5,-0.15089198228216988,5299.33,False
2024-06-05,0.9,-1.7401635642595683,5384.2236,False
2024-06-06,0.01,1.556327087316795,5271.3486,True
2024-06-06,0.05,1.556327087316795,5271.3486,True
2024-06-06,0.1,1.556327087316795,5271.3486,False
2024-06-06,0.5,-0.1321236215474832,5361.1084,False
2024-06-06,0.9,-1.7767085954216,5450.0054,False
2024-06-07,0.01,1.5933174010212645,5268.346,True
2024-06-07,0.05,1.5933174010212645,5268.346,True
2024-06-07,0.1,1.5933174010212645,5268.346,False
2024-06-07,0.5,-0.03102722860264861,5354.621,False
2024-06-07,0.9,-1.6655589224816827,5442.8633,False
2024-06-10,0.01,1.55946805229731,5264.2524,True
2024-06-10,0.05,1.55946805229731,5264.2524,True
2024-06-10,0.1,1.55946805229731,5264.2524,False
2024-06-10,0.5,-0.08840326445573034,5351.719,False
2024-06-10,0.9,-1.7188233588162252,5439.69,False
2024-06-11,0.01,1.5325282602180037,5279.2607,True
2024-06-11,0.05,1.5325282602180037,5279.2607,True
2024-06-11,0.1,1.5325282602180037,5279.2607,False
2024-06-11,0.5,-0.11562779701389711,5366.992,False
2024-06-11,0.9,-1.7472279553798467,5455.2783,False
2024-06-12,0.01,1.3802394580610011,5301.637,True
2024-06-12,0.05,1.3802394580610011,5301.637,True
2024-06-12,0.1,1.3802394580610011,5301.637,False
2024-06-12,0.5,-0.27036661719199423,5389.8726,False
2024-06-12,0.9,-1.8850329350184194,5477.6074,False
2024-06-13,0.01,1.52853799264646,5338.7974,True
2024-06-13,0.05,1.52853799264646,5338.7974,True
2024-06-13,0.1,1.52853799264646,5338.7974,False
2024-06-13,0.5,-0.17964862625250225,5430.7773,False
2024-06-13,0.9,-1.781896235238084,5518.4927,False
2024-06-14,0.01,1.5185848508215334,5351.8477,True
2024-06-14,0.05,1.5185848508215334,5351.8477,True
2024-06-14,0.1,1.5185848508215334,5351.8477,False
2024-06-14,0.5,-0.21037675741332543,5445.1836,False
2024-06-14,0.9,-1.8237028354458538,5533.7446,False
2024-06-17,0.01,1.4893096086338546,5351.306,True
2024-06-17,0.05,1.4893096086338546,5351.306,True
2024-06-17,0.1,1.4893096086338546,5351.306,False
2024-06-17,0.5,-0.20295077115851068,5442.635,False
2024-06-17,0.9,-1.831776433531988,5532.0117,False
2024-06-18,0.01,1.688790437345488,5381.5747,True
2024-06-18,0.05,1.688790437345488,5381.5747,True
2024-06-18,0.1,1.688790437345488,5381.5747,False
2024-06-18,0.5,-0.10044756405467711,5478.7305,False
2024-06-18,0.9,-1.7649017301291476,5570.6846,False
2024-06-20,0.01,1.5116569006420564,5404.7085,True
2024-06-20,0.05,1.5116569006420564,5404.7085,True
2024-06-20,0.1,1.5116569006420564,5404.7085,False
2024-06-20,0.5,-0.32452916134810794,5504.8657,False
2024-06-20,0.9,-2.0260049710135912,5599.331,False
2024-06-21,0.01,1.4048914615260422,5396.8154,True
2024-06-21,0.05,1.4048914615260422,5396.8154,True
2024-06-21,0.1,1.4048914615260422,5396.8154,False
2024-06-21,0.5,-0.3602728203296986,5492.924,False
2024-06-21,0.9,-2.077763792679146,5588.079,False
2024-06-24,0.01,1.6122419669639023,5377.2236,True
2024-06-24,0.05,1.6122419669639023,5377.2236,True
2024-06-24,0.1,1.6122419669639023,5377.2236,False
2024-06-24,0.5,-0.18803666362559465,5474.9053,False
2024-06-24,0.9,-1.9363049649748418,5571.463,False
2024-06-25,0.01,1.6334362308394543,5359.6055,True
2024-06-25,0.05,1.6334362308394543,5359.6055,True
2024-06-25,0.1,1.6334362308394543,5359.6055,False
2024-06-25,0.5,-0.14459072621019223,5455.753,False
2024-06-25,0.9,-1.8528857453510386,5549.754,False
2024-06-26,0.01,1.5511076213024995,5385.1196,True
2024-06-26,0.05,1.5511076213024995,5385.1196,True
2024-06-26,0.1,1.5511076213024995,5385.1196,False
2024-06-26,0.5,-0.2154959521946504,5481.0986,False
2024-06-26,0.9,-1.9023908033886088,5574.3433,False
2024-06-27,0.01,1.5337446792412608,5394.524,True
2024-06-27,0.05,1.5337446792412608,5394.524,True
2024-06-27,0.1,1.5337446792412608,5394.524,False
2024-06-27,0.5,-0.26444805891294676,5492.4053,False
2024-06-27,0.9,-1.974339516003151,5587.127,False
2024-06-28,0.01,1.4437515393404645,5404.28,True
2024-06-28,0.05,1.4437515393404645,5404.28,True
2024-06-28,0.1,1.4437515393404645,5404.28,False
2024-06-28,0.5,-0.34916517198475766,5502.048,False
2024-06-28,0.9,-2.0692059480498473,5597.504,False
2024-07-01,0.01,1.3074474756939558,5389.552,True
2024-07-01,0.05,1.3074474756939558,5389.552,True
2024-07-01,0.1,1.3074474756939558,5389.552,False
2024-07-01,0.5,-0.4683703063215526,5486.115,False
2024-07-01,0.9,-2.205391446633392,5582.2427,False
2024-07-02,0.01,1.379065285932084,5400.103,True
2024-07-02,0.05,1.379065285932084,5400.103,True
2024-07-02,0.1,1.379065285932084,5400.103,False
2024-07-02,0.5,-0.37658477902889076,5495.747,False
2024-07-02,0.9,-2.102982019425775,5591.449,False
2024-07-03,0.01,1.4780866012140266,5428.1807,True
2024-07-03,0.05,1.4780866012140266,5428.1807,True
2024-07-03,0.1,1.4780866012140266,5428.1807,False
2024-07-03,0.5,-0.3494014497795135,5528.292,False
2024-07-03,0.9,-2.1310944157233562,5627.672,False
2024-07-05,0.01,1.4118561530576266,5459.3945,True
2024-07-05,0.05,1.4118561530576266,5459.3945,True
2024-07-05,0.1,1.4118561530576266,5459.3945,False
2024-07-05,0.5,-0.44272936972294685,5561.5884,False
2024-07-05,0.9,-2.2341257768290292,5662.116,False
2024-07-08,0.01,1.375327374822544,5491.147,True
2024-07-08,0.05,1.375327374822544,5491.147,True
2024-07-08,0.1,1.375327374822544,5491.147,False
2024-07-08,0.5,-0.5220960931936846,5596.332,False
2024-07-08,0.9,-2.291626429170141,5696.242,False
2024-07-09,0.01,1.3439985189928418,5498.452,True
2024-07-09,0.05,1.3439985189928418,5498.452,True
2024-07-09,0.1,1.3439985189928418,5498.452,False
2024-07-09,0.5,-0.5030086709816536,5600.9526,False
2024-07-09,0.9,-2.2280948464639128,5698.412,False
2024-07-10,0.01,1.388688660297578,5500.0684,True
2024-07-10,0.05,1.388688660297578,5500.0684,True
2024-07-10,0.1,1.388688660297578,5500.0684,False
2024-07-10,0.5,-0.39753110670024483,5599.1943,False
2024-07-10,0.9,-2.082140517858476,5694.318,False
2024-07-11,0.01,1.4084203890875726,5555.117,True
2024-07-11,0.05,1.4084203890875726,5555.117,True
2024-07-11,0.1,1.4084203890875726,5555.117,False
2024-07-11,0.5,-0.4943107728104197,5661.828,False
2024-07-11,0.9,-2.190840524774425,5758.702,False
2024-07-12,0.01,1.244489691343014,5515.4717,True
2024-07-12,0.05,1.244489691343014,5515.4717,True
2024-07-12,0.1,1.244489691343014,5515.4717,False
2024-07-12,0.5,-0.530184814477663,5614.227,False
2024-07-12,0.9,-2.20891859055053,5709.2705,False
2024-07-15,0.01,1.1803493961201137,5549.459,True
2024-07-15,0.05,1.1803493961201137,5549.459,True
2024-07-15,0.1,1.1803493961201137,5549.459,False
2024-07-15,0.5,-0.6066911865479861,5649.5215,False
2024-07-15,0.9,-2.3150932699910713,5746.867,False
2024-07-16,0.01,1.1117487433012614,5568.962,True
2024-07-16,0.05,1.1117487433012614,5568.962,True
2024-07-16,0.1,1.1117487433012614,5568.962,False
2024-07-16,0.5,-0.670079389179528,5669.0806,False
2024-07-16,0.9,-2.3994252316494995,5767.971,False
2024-07-17,0.01,1.3604464712341777,5590.623,True
2024-07-17,0.05,1.3604464712341777,5590.623,True
2024-07-17,0.1,1.3604464712341777,5590.623,False
2024-07-17,0.5,-0.4969355331573338,5695.4326,False
2024-07-17,0.9,-2.275778000203936,5797.652,False
2024-07-18,0.01,1.2746760832765576,5517.4897,True
2024-07-18,0.05,1.2746760832765576,5517.4897,True
2024-07-18,0.1,1.2746760832765576,5517.4897,False
2024-07-18,0.5,-0.46526841394297636,5614.331,False
2024-07-18,0.9,-2.1929980603357144,5712.1743,False
2024-07-19,0.01,1.4432081415942473,5465.1445,True
2024-07-19,0.05,1.4432081415942473,5465.1445,True
2024-07-19,0.1,1.4432081415942473,5465.1445,False
2024-07-19,0.5,-0.28421122998990767,5560.3706,False
2024-07-19,0.9,-2.019060542769836,5657.6763,False
2024-07-22,0.01,1.7709626924557158,5408.3667,True
2024-07-22,0.05,1.7709626924557158,5408.3667,True
2024-07-22,0.1,1.7709626924557158,5408.3667,False
2024-07-22,0.5,0.03159026678795049,5503.261,False
2024-07-22,0.9,-1.7252988356411667,5600.802,False
2024-07-23,0.01,1.5018258613145739,5481.467,True
2024-07-23,0.05,1.5018258613145739,5481.467,True
2024-07-23,0.1,1.5018258613145739,5481.467,False
2024-07-23,0.5,-0.17243944301078054,5574.0137,False
2024-07-23,0.9,-1.8776256457431886,5669.876,False
2024-07-24,0.01,1.443304402602394,5476.13,True
2024-07-24,0.05,1.443304402602394,5476.13,True
2024-07-24,0.1,1.443304402602394,5476.13,False
2024-07-24,0.5,-0.22131103791686027,5568.0493,False
2024-07-24,0.9,-1.9475569523513623,5665.002,False
2024-07-25,0.01,1.9811298684543646,5320.6694,True
2024-07-25,0.05,1.9811298684543646,5320.6694,True
2024-07-25,0.1,1.9811298684543646,5320.6694,False
2024-07-25,0.5,0.1921003348604989,5416.7144,False
2024-07-25,0.9,-1.6756352707969737,5518.835,False
2024-07-26,0.01,2.184138787576865,5282.5723,True
2024-07-26,0.05,2.184138787576865,5282.5723,True
2024-07-26,0.1,2.184138787576865,5282.5723,False
2024-07-26,0.5,0.3170444378066395,5382.1294,False
2024-07-26,0.9,-1.6029761165089866,5486.466,False
2024-07-29,0.01,1.5895547858758727,5373.0107,True
2024-07-29,0.05,1.5895547858758727,5373.0107,True
2024-07-29,0.1,1.5895547858758727,5373.0107,False
2024-07-29,0.5,-0.07802693035630241,5463.3613,False
2024-07-29,0.9,-1.7800004600810122,5557.142,False
2024-07-30,0.01,1.4268832266418054,5386.1353,True
2024-07-30,0.05,1.4268832266418054,5386.1353,True
2024-07-30,0.1,1.4268832266418054,5386.1353,False
2024-07-30,0.5,-0.2662563605249464,5478.1064,False
2024-07-30,0.9,-1.9402428648027659,5570.581,False
2024-07-31,0.01,1.5314405735026588,5353.8184,True
2024-07-31,0.05,1.5314405735026588,5353.8184,True
2024-07-31,0.1,1.5314405735026588,5353.8184,False
2024-07-31,0.5,-0.09106823645412827,5441.393,False
2024-07-31,0.9,-1.7314211153065429,5531.387,False
2024-08-01,0.01,1.3301993943266845,5449.3286,True
2024-08-01,0.05,1.3301993943266845,5449.3286,True
2024-08-01,0.1,1.3301993943266845,5449.3286,False
2024-08-01,0.5,-0.3415656822263608,5541.1943,False
2024-08-01,0.9,-1.9228652064507616,5629.5137,False
2024-08-02,0.01,1.1241454157213178,5385.7944,True
2024-08-02,0.05,1.1241454157213178,5385.7944,True
2024-08-02,0.1,1.1241454157213178,5385.7944,False
2024-08-02,0.5,-0.47219529622455336,5472.46,False
2024-08-02,0.9,-2.039447540715052,5558.903,False
2024-08-05,0.01,1.6075174219511428,5261.3003,True
2024-08-05,0.05,1.6075174219511428,5261.3003,True
2024-08-05,0.1,1.6075174219511428,5261.3003,False
2024-08-05,0.5,-0.05573913499402717,5349.541,False
2024-08-05,0.9,-1.7780115592475436,5442.4727,False
2024-08-06,0.01,2.2764683669692207,5069.5986,True
2024-08-06,0.05,2.2764683669692207,5069.5986,True
2024-08-06,0.1,2.2764683669692207,5069.5986,False
2024-08-06,0.5,0.00901034453125477,5185.863,False
2024-08-06,0.9,-2.2216531936908277,5302.842,False
2024-08-07,0.01,2.053140986867521,5133.5415,True
2024-08-07,0.05,2.053140986867521,5133.5415,True
2024-08-07,0.1,2.053140986867521,5133.5415,False
2024-08-07,0.5,0.24693184699057236,5227.1064,False
2024-08-07,0.9,-1.570179937045057,5322.957,False
2024-08-08,0.01,2.0742014585051165,5092.7627,True
2024-08-08,0.05,2.0742014585051165,5092.7627,True
2024-08-08,0.1,2.0742014585051165,5092.7627,False
2024-08-08,0.5,0.17579293318337325,5190.3677,False
2024-08-08,0.9,-1.6870248395629925,5287.961,False
2024-08-09,0.01,1.1901888146705666,5256.3755,True
2024-08-09,0.05,1.1901888146705666,5256.3755,True
2024-08-09,0.1,1.1901888146705666,5256.3755,False
2024-08-09,0.5,-0.5027022696068046,5346.1177,False
2024-08-09,0.9,-2.142615952008557,5434.512,False
2024-08-12,0.01,1.2658402109536897,5276.938,True
2024-08-12,0.05,1.2658402109536897,5276.938,True
2024-08-12,0.1,1.2658402109536897,5276.938,False
2024-08-12,0.5,-0.3978246923781639,5365.463,False
2024-08-12,0.9,-1.9925804269077456,5451.715,False
2024-08-13,0.01,1.2977586300973987,5275.481,True
2024-08-13,0.05,1.2977586300973987,5275.481,True
2024-08-13,0.1,1.2977586300973987,5275.481,False
2024-08-13,0.5,-0.3129226341947486,5361.14,False
2024-08-13,0.9,-1.8407268970212616,5443.677,False
2024-08-14,0.01,1.20968121761865,5369.087,True
2024-08-14,0.05,1.20968121761865,5369.087,True
2024-08-14,0.1,1.20968121761865,5369.087,False
2024-08-14,0.5,-0.441112537957838,5458.455,False
2024-08-14,0.9,-1.9919225869323078,5543.765,False
2024-08-15,0.01,1.1112719048416821,5394.9233,True
2024-08-15,0.05,1.1112719048416821,5394.9233,True
2024-08-15,0.1,1.1112719048416821,5394.9233,False
2024-08-15,0.5,-0.47667012213266263,5481.2754,False
2024-08-15,0.9,-2.0236783965613836,5566.7305,False
2024-08-16,0.01,1.5247455079108327,5459.3413,True
2024-08-16,0.05,1.5247455079108327,5459.3413,True
2024-08-16,0.1,1.5247455079108327,5459.3413,False
2024-08-16,0.5,-0.21041022342372234,5554.896,False
2024-08-16,0.9,-1.7985425438420022,5643.8193,False
2024-08-19,0.01,1.606303398265112,5465.7446,True
2024-08-19,0.05,1.606303398265112,5465.7446,True
2024-08-19,0.1,1.606303398265112,5465.7446,False
2024-08-19,0.5,-0.11515020570525385,5560.6494,False
2024-08-19,0.9,-1.668017515625245,5647.673,False
2024-08-20,0.01,1.776440983903637,5509.5024,True
2024-08-20,0.05,1.776440983903637,5509.5024,True
2024-08-20,0.1,1.776440983903637,5509.5024,False
2024-08-20,0.5,0.06808173641899991,5604.433,False
2024-08-20,0.9,-1.4438824585918488,5689.814,False
2024-08-21,0.01,1.6390736986047836,5506.127,True
2024-08-21,0.05,1.6390736986047836,5506.127,True
2024-08-21,0.1,1.6390736986047836,5506.127,False
2024-08-21,0.5,-0.022225757965404914,5598.3643,False
2024-08-21,0.9,-1.467590720464661,5679.8687,False
2024-08-22,0.01,1.7145936402751836,5525.297,True
2024-08-22,0.05,1.7145936402751836,5525.297,True
2024-08-22,0.1,1.7145936402751836,5525.297,False
2024-08-22,0.5,0.12239601985568851,5613.9746,False
2024-08-22,0.9,-1.285306372351735,5693.5615,False
2024-08-23,0.01,1.6012096764009431,5482.153,True
2024-08-23,0.05,1.6012096764009431,5482.153,True
2024-08-23,0.1,1.6012096764009431,5482.153,False
2024-08-23,0.5,0.06024426420490764,5567.285,False
2024-08-23,0.9,-1.3444102320102993,5646.038,False
2024-08-26,0.01,1.2826103699360625,5562.8013,True
2024-08-26,0.05,1.2826103699360625,5562.8013,True
2024-08-26,0.1,1.2826103699360625,5562.8013,False
2024-08-26,0.5,-0.28560486630541515,5650.7256,False
2024-08-26,0.9,-1.6502535787908952,5728.3667,False
2024-08-27,0.01,1.298301031558251,5544.3877,True
2024-08-27,0.05,1.298301031558251,5544.3877,True
2024-08-27,0.1,1.298301031558251,5544.3877,False
2024-08-27,0.5,-0.26840610270376697,5631.936,False
2024-08-27,0.9,-1.6716845847957202,5711.525,False
2024-08-28,0.01,1.5828366980716995,5537.4536,True
2024-08-28,0.05,1.5828366980716995,5537.4536,True
2024-08-28,0.1,1.5828366980716995,5537.4536,False
2024-08-28,0.5,-0.0039576922701631476,5626.0225,False
2024-08-28,0.9,-1.4200137851337749,5706.257,False
2024-08-29,0.01,1.7831292665269942,5493.348,True
2024-08-29,0.05,1.7831292665269942,5493.348,True
2024-08-29,0.1,1.7831292665269942,5493.348,False
2024-08-29,0.5,0.21992621759016132,5579.895,False
2024-08-29,0.9,-1.2104184576214752,5660.2803,False
2024-08-30,0.01,1.8726718304629237,5488.2153,True
2024-08-30,0.05,1.8726718304629237,5488.2153,True
2024-08-30,0.1,1.8726718304629237,5488.2153,False
2024-08-30,0.5,0.28491518846219055,5576.0503,False
2024-08-30,0.9,-1.1535732586378131,5656.841,False
2024-09-03,0.01,1.4210633329477058,5568.7,True
2024-09-03,0.05,1.4210633329477058,5568.7,True
2024-09-03,0.1,1.4210633329477058,5568.7,False
2024-09-03,0.5,-0.2514660095270171,5662.6216,False
2024-09-03,0.9,-1.7046422474940544,5745.5103,False
2024-09-04,0.01,1.9733764273622796,5420.893,True
2024-09-04,0.05,1.9733764273622796,5420.893,True
2024-09-04,0.1,1.9733764273622796,5420.893,False
2024-09-04,0.5,0.2703494631901351,5514.003,False
2024-09-04,0.9,-1.2337419962194178,5597.5654,False
2024-09-05,0.01,2.035868480797493,5408.8247,True
2024-09-05,0.05,2.035868480797493,5408.8247,True
2024-09-05,0.1,2.035868480797493,5408.8247,False
2024-09-05,0.5,0.35984729386347175,5500.2417,False
2024-09-05,0.9,-1.1344764997357129,5583.0503,False
2024-09-06,0.01,1.9225174566754648,5398.6167,True
2024-09-06,0.05,1.9225174566754648,5398.6167,True
2024-09-06,0.1,1.9225174566754648,5398.6167,False
2024-09-06,0.5,0.30512343272614567,5486.6436,False
2024-09-06,0.9,-1.179996557020959,5568.735,False
2024-09-09,0.01,2.487241569643314,5275.5586,True
2024-09-09,0.05,2.487241569643314,5275.5586,True
2024-09-09,0.1,2.487241569643314,5275.5586,False
2024-09-09,0.5,0.7090341070693429,5370.208,False
2024-09-09,0.9,-0.967046853690589,5460.9756,False
2024-09-10,0.01,2.0199137396602147,5361.648,True
2024-09-10,0.05,2.0199137396602147,5361.648,True
2024-09-10,0.1,2.0199137396602147,5361.648,False
2024-09-10,0.5,0.39269450405244194,5449.6074,False
2024-09-10,0.9,-1.1384156946293336,5533.689,False
2024-09-11,0.01,1.8251300644523607,5396.1294,True
2024-09-11,0.05,1.8251300644523607,5396.1294,True
2024-09-11,0.1,1.8251300644523607,5396.1294,False
2024-09-11,0.5,0.19380241418686736,5484.88,False
2024-09-11,0.9,-1.3453945849385398,5569.956,False
2024-09-12,0.01,1.6353234667751515,5464.0405,True
2024-09-12,0.05,1.6353234667751515,5464.0405,True
2024-09-12,0.1,1.6353234667751515,5464.0405,False
2024-09-12,0.5,-0.011085238240891323,5554.7456,False
2024-09-12,0.9,-1.5414838403006057,5640.409,False
2024-09-13,0.01,1.5562636878093772,5509.349,True
2024-09-13,0.05,1.5562636878093772,5509.349,True
2024-09-13,0.1,1.5562636878093772,5509.349,False
2024-09-13,0.5,-0.14568641636733898,5603.918,False
2024-09-13,0.9,-1.718662505859474,5692.763,False
2024-09-16,0.01,1.4420939508470403,5545.4697,True
2024-09-16,0.05,1.4420939508470403,5545.4697,True
2024-09-16,0.1,1.4420939508470403,5545.4697,False
2024-09-16,0.5,-0.2333829962143931,5639.1655,False
2024-09-16,0.9,-1.8073268377923537,5728.625,False
2024-09-17,0.01,1.5091328069437062,5548.7173,True
2024-09-17,0.05,1.5091328069437062,5548.7173,True
2024-09-17,0.1,1.5091328069437062,5548.7173,False
2024-09-17,0.5,-0.09656787996412146,5638.532,False
2024-09-17,0.9,-1.6309381137449512,5725.7153,False
2024-09-18,0.01,1.325961900861628,5560.361,True
2024-09-18,0.05,1.325961900861628,5560.361,True
2024-09-18,0.1,1.325961900861628,5560.361,False
2024-09-18,0.5,-0.23589916011214096,5647.8877,False
2024-09-18,0.9,-1.7178940399659448,5732.2124,False
2024-09-19,0.01,1.5183790954118572,5533.5977,True
2024-09-19,0.05,1.5183790954118572,5533.5977,True
2024-09-19,0.1,1.5183790954118572,5533.5977,False
2024-09-19,0.5,0.023703083141525215,5616.928,False
2024-09-19,0.9,-1.4228656844360086,5698.7715,False
2024-09-20,0.01,1.8223181804042556,5610.4624,True
2024-09-20,0.05,1.8223181804042556,5610.4624,True
2024-09-20,0.1,1.8223181804042556,5610.4624,False
2024-09-20,0.5,0.2012101083343923,5702.1553,False
2024-09-20,0.9,-1.309379565447253,5788.9453,False
2024-09-23,0.01,1.835522440957901,5598.833,True
2024-09-23,0.05,1.835522440957901,5598.833,True
2024-09-23,0.1,1.835522440957901,5598.833,False
2024-09-23,0.5,0.28768554216206216,5686.168,False
2024-09-23,0.9,-1.2121812385043813,5772.0957,False
2024-09-24,0.01,1.9773728237676578,5606.603,True
2024-09-24,0.05,1.9773728237676578,5606.603,True
2024-09-24,0.1,1.9773728237676578,5606.603,False
2024-09-24,0.5,0.41662430950609347,5694.7944,False
2024-09-24,0.9,-1.1192859310874064,5782.9365,False
2024-09-25,0.01,1.5213892941795308,5646.37,True
2024-09-25,0.05,1.5213892941795308,5646.37,True
2024-09-25,0.1,1.5213892941795308,5646.37,False
2024-09-25,0.5,-0.1089939424908221,5739.182,False
2024-09-25,0.9,-1.6572778872291607,5828.7324,False
2024-09-26,0.01,1.6419840744864116,5629.0684,True
2024-09-26,0.05,1.6419840744864116,5629.0684,True
2024-09-26,0.1,1.6419840744864116,5629.0684,False
2024-09-26,0.5,0.048189008359323424,5719.503,False
2024-09-26,0.9,-1.4788664462826637,5807.513,False
2024-09-27,0.01,1.491557580415468,5660.3105,True
2024-09-27,0.05,1.491557580415468,5660.3105,True
2024-09-27,0.1,1.491557580415468,5660.3105,False
2024-09-27,0.5,-0.12751800709191094,5752.701,False
2024-09-27,0.9,-1.6648279332830098,5841.8213,False
2024-09-30,0.01,1.5208966135479478,5651.5586,True
2024-09-30,0.05,1.5208966135479478,5651.5586,True
2024-09-30,0.1,1.5208966135479478,5651.5586,False
2024-09-30,0.5,-0.03852293846978279,5740.381,False
2024-09-30,0.9,-1.5769962518954652,5829.378,False
2024-10-01,0.01,1.700708460066469,5665.3057,True
2024-10-01,0.05,1.700708460066469,5665.3057,True
2024-10-01,0.1,1.700708460066469,5665.3057,False
2024-10-01,0.5,0.10041849793660394,5756.6963,False
2024-10-01,0.9,-1.4939169368651573,5849.213,False
2024-10-02,0.01,1.8097658464998063,5606.3643,True
2024-10-02,0.05,1.8097658464998063,5606.3643,True
2024-10-02,0.1,1.8097658464998063,5606.3643,False
2024-10-02,0.5,0.21101628896087773,5696.7163,False
2024-10-02,0.9,-1.4041713928421176,5789.476,False
2024-10-03,0.01,1.9895513435184433,5597.0684,True
2024-10-03,0.05,1.9895513435184433,5597.0684,True
2024-10-03,0.1,1.9895513435184433,5597.0684,False
2024-10-03,0.5,0.34353412872034306,5689.9595,False
2024-10-03,0.9,-1.2964446883497283,5784.043,False
2024-10-04,0.01,2.038222156393562,5584.9385,True
2024-10-04,0.05,2.038222156393562,5584.9385,True
2024-10-04,0.1,2.038222156393562,5584.9385,False
2024-10-04,0.5,0.3958661756817113,5677.4204,False
2024-10-04,0.9,-1.2195286073254479,5769.878,False
2024-10-07,0.01,1.6368151251472167,5657.7017,True
2024-10-07,0.05,1.6368151251472167,5657.7017,True
2024-10-07,0.1,1.6368151251472167,5657.7017,False
2024-10-07,0.5,-0.1036548853008495,5757.034,False
2024-10-07,0.9,-1.7374393137538107,5851.8643,False
2024-10-08,0.01,1.6030284511313302,5605.3604,True
2024-10-08,0.05,1.6030284511313302,5605.3604,True
2024-10-08,0.1,1.6030284511313302,5605.3604,False
2024-10-08,0.5,-0.06978962363179406,5699.9165,False
2024-10-08,0.9,-1.7003955113285694,5793.6216,False
2024-10-09,0.01,1.4945252509681346,5665.817,True
2024-10-09,0.05,1.4945252509681346,5665.817,True
2024-10-09,0.1,1.4945252509681346,5665.817,False
2024-10-09,0.5,-0.32909758839264236,5770.088,False
2024-10-09,0.9,-2.020472458213253,5868.5117,False
2024-10-10,0.01,1.401938156818693,5711.406,True
2024-10-10,0.05,1.401938156818693,5711.406,True
2024-10-10,0.1,1.401938156818693,5711.406,False
2024-10-10,0.5,-0.5646433592901534,5824.837,False
2024-10-10,0.9,-2.3178597665332803,5927.8594,False
2024-10-11,0.01,1.3225698111719708,5704.108,True
2024-10-11,0.05,1.3225698111719708,5704.108,True
2024-10-11,0.1,1.3225698111719708,5704.108,False
2024-10-11,0.5,-0.613520583096164,5815.6206,False
2024-10-11,0.9,-2.3398366658005627,5916.888,False
2024-10-14,0.01,1.28249145079669,5740.9287,True
2024-10-14,0.05,1.28249145079669,5740.9287,True
2024-10-14,0.1,1.28249145079669,5740.9287,False
2024-10-14,0.5,-0.658193615693777,5853.43,False
2024-10-14,0.9,-2.3971488425632494,5956.109,False
2024-10-15,0.01,1.3500975383281082,5781.268,True
2024-10-15,0.05,1.3500975383281082,5781.268,True
2024-10-15,0.1,1.3500975383281082,5781.268,False
2024-10-15,0.5,-0.6784547502881957,5899.7417,False
2024-10-15,0.9,-2.4470384371797294,6005.0117,False
2024-10-16,0.01,1.444462840422284,5731.8643,True
2024-10-16,0.05,1.444462840422284,5731.8643,True
2024-10-16,0.1,1.444462840422284,5731.8643,False
2024-10-16,0.5,-0.4245507440244887,5840.001,False
2024-10-16,0.9,-2.149753708439868,5941.627,False
2024-10-17,0.01,1.4993358497879266,5755.5254,True
2024-10-17,0.05,1.4993358497879266,5755.5254,True
2024-10-17,0.1,1.4993358497879266,5755.5254,False
2024-10-17,0.5,-0.3786850247697437,5864.6367,False
2024-10-17,0.9,-2.089958903492579,5965.8604,False
2024-10-18,0.01,1.5036334773165152,5754.293,True
2024-10-18,0.05,1.5036334773165152,5754.293,True
2024-10-18,0.1,1.5036334773165152,5754.293,False
2024-10-18,0.5,-0.3467095636657867,5861.7583,False
2024-10-18,0.9,-2.0514794088020194,5962.5444,False
2024-10-21,0.01,1.4224426016977403,5781.839,True
2024-10-21,0.05,1.4224426016977403,5781.839,True
2024-10-21,0.1,1.4224426016977403,5781.839,False
2024-10-21,0.5,-0.40867704643742014,5888.6865,False
2024-10-21,0.9,-2.1076245938923486,5989.587,False
2024-10-22,0.01,1.3924310106460756,5773.032,True
2024-10-22,0.05,1.3924310106460756,5773.032,True
2024-10-22,0.1,1.3924310106460756,5773.032,False
2024-10-22,0.5,-0.36101389754574564,5875.152,False
2024-10-22,0.9,-2.0801412814083564,5977.0264,False
2024-10-23,0.01,1.304961516798302,5775.3403,True
2024-10-23,0.05,1.304961516798302,5775.3403,True
2024-10-23,0.1,1.304961516798302,5775.3403,False
2024-10-23,0.5,-0.4502477820175159,5877.6045,False
2024-10-23,0.9,-2.2175251982754474,5982.4014,False
2024-10-24,0.01,1.704617713972154,5699.4336,True
2024-10-24,0.05,1.704617713972154,5699.4336,True
2024-10-24,0.1,1.704617713972154,5699.4336,False
2024-10-24,0.5,-0.00951684655208593,5797.9717,False
2024-10-24,0.9,-1.7777196004851965,5901.4033,False
2024-10-25,0.01,1.6536829480202873,5714.573,True
2024-10-25,0.05,1.6536829480202873,5714.573,True
2024-10-25,0.1,1.6536829480202873,5714.573,False
2024-10-25,0.5,-0.03256157390831112,5811.752,False
2024-10-25,0.9,-1.7707266317472645,5913.653,False
2024-10-28,0.01,1.7209831589101012,5709.0186,True
2024-10-28,0.05,1.7209831589101012,5709.0186,True
2024-10-28,0.1,1.7209831589101012,5709.0186,False
2024-10-28,0.5,0.079308247883032,5803.5156,False
2024-10-28,0.9,-1.6330287343696102,5903.747,False
2024-10-29,0.01,1.5615860468825058,5733.287,True
2024-10-29,0.05,1.5615860468825058,5733.287,True
2024-10-29,0.1,1.5615860468825058,5733.287,False
2024-10-29,0.5,-0.07808920308872948,5828.0693,False
2024-10-29,0.9,-1.7620044880962078,5927.04,False
2024-10-30,0.01,1.4593123073185303,5748.4175,True
2024-10-30,0.05,1.4593123073185303,5748.4175,True
2024-10-30,0.1,1.4593123073185303,5748.4175,False
2024-10-30,0.5,-0.10060383223373423,5838.791,False
2024-10-30,0.9,-1.7441448663076033,5935.547,False
2024-10-31,0.01,1.4363400033662816,5730.7627,True
2024-10-31,0.05,1.4363400033662816,5730.7627,True
2024-10-31,0.1,1.4363400033662816,5730.7627,False
2024-10-31,0.5,-0.12771526741353753,5821.0996,False
2024-10-31,0.9,-1.775764828402786,5917.829,False
2024-11-01,0.01,1.773208486118585,5605.1724,True
2024-11-01,0.05,1.773208486118585,5605.1724,True
2024-11-01,0.1,1.773208486118585,5605.1724,False
2024-11-01,0.5,0.11326282941184909,5698.9917,False
2024-11-01,0.9,-1.607084175412569,5797.8823,False
2024-11-04,0.01,1.7491840853381704,5629.464,True
2024-11-04,0.05,1.7491840853381704,5629.464,True
2024-11-04,0.1,1.7491840853381704,5629.464,False
2024-11-04,0.5,0.19971206747665415,5717.37,False
2024-11-04,0.9,-1.4358372222024962,5811.6494,False
2024-11-05,0.01,1.740356655894199,5614.129,True
2024-11-05,0.05,1.740356655894199,5614.129,True
2024-11-05,0.1,1.740356655894199,5614.129,False
2024-11-05,0.5,0.18043397410627476,5702.3916,False
2024-11-05,0.9,-1.470477919546049,5797.3145,False
2024-11-06,0.01,1.356467183531756,5704.848,True
2024-11-06,0.05,1.356467183531756,5704.848,True
2024-11-06,0.1,1.356467183531756,5704.848,False
2024-11-06,0.5,-0.2714521413065152,5798.4785,False
2024-11-06,0.9,-1.8560556800657546,5891.0933,False
2024-11-07,0.01,1.7184910622066365,5828.0205,True
2024-11-07,0.05,1.7184910622066365,5828.0205,True
2024-11-07,0.1,1.7184910622066365,5828.0205,False
2024-11-07,0.5,-0.26616008748099357,5944.842,False
2024-11-07,0.9,-1.9949281268426913,6048.508,False
2024-11-08,0.01,1.6904818714285037,5872.9746,True
2024-11-08,0.05,1.6904818714285037,5872.9746,True
2024-11-08,0.1,1.6904818714285037,5872.9746,False
2024-11-08,0.5,-0.3879602158484684,5996.3184,False
2024-11-08,0.9,-2.1500940371461463,6102.918,False
2024-11-11,0.01,1.6051266753094988,5900.0723,True
2024-11-11,0.05,1.6051266753094988,5900.0723,True
2024-11-11,0.1,1.6051266753094988,5900.0723,False
2024-11-11,0.5,-0.5228647550040314,6026.9707,False
2024-11-11,0.9,-2.2711629706838994,6133.2666,False
2024-11-12,0.01,1.303924722676445,5923.605,True
2024-11-12,0.05,1.303924722676445,5923.605,True
2024-11-12,0.1,1.303924722676445,5923.605,False
2024-11-12,0.5,-0.7765784043423288,6048.1367,False
2024-11-12,0.9,-2.475459454663719,6151.765,False
2024-11-13,0.01,1.3264675535113146,5905.1387,True
2024-11-13,0.05,1.3264675535113146,5905.1387,True
2024-11-13,0.1,1.3264675535113146,5905.1387,False
2024-11-13,0.5,-0.6576904929163977,6023.476,False
2024-11-13,0.9,-2.336879138532146,6125.4756,False
2024-11-14,0.01,1.299327078069307,5908.1133,True
2024-11-14,0.05,1.299327078069307,5908.1133,True
2024-11-14,0.1,1.299327078069307,5908.1133,False
2024-11-14,0.5,-0.6830477987785696,6026.403,False
2024-11-14,0.9,-2.3830173714721634,6129.7256,False
2024-11-15,0.01,1.4248053244190892,5865.007,True
2024-11-15,0.05,1.4248053244190892,5865.007,True
2024-11-15,0.1,1.4248053244190892,5865.007,False
2024-11-15,0.5,-0.4678424258860964,5977.068,False
2024-11-15,0.9,-2.1448576063527898,6078.1494,False
2024-11-18,0.01,1.6547748663805157,5774.274,True
2024-11-18,0.05,1.6547748663805157,5774.274,True
2024-11-18,0.1,1.6547748663805157,5774.274,False
2024-11-18,0.5,-0.17646358271983406,5880.989,False
2024-11-18,0.9,-1.8877372969213224,5982.4946,False
2024-11-19,0.01,1.786337878930549,5789.275,True
2024-11-19,0.05,1.786337878930549,5789.275,True
2024-11-19,0.1,1.786337878930549,5789.275,False
2024-11-19,0.5,0.020780718749591656,5892.3955,False
2024-11-19,0.9,-1.6530776936124467,5991.856,False
2024-11-20,0.01,1.6944820713603532,5817.5625,True
2024-11-20,0.05,1.6944820713603532,5817.5625,True
2024-11-20,0.1,1.6944820713603532,5817.5625,False
2024-11-20,0.5,-0.07588322465182726,5921.4717,False
2024-11-20,0.9,-1.7622601343454731,6022.177,False
2024-11-21,0.01,1.4225024743360684,5833.5347,True
2024-11-21,0.05,1.4225024743360684,5833.5347,True
2024-11-21,0.1,1.4225024743360684,5833.5347,False
2024-11-21,0.5,-0.279830296929151,5933.691,False
2024-11-21,0.9,-1.9380000460104057,6032.902,False
2024-11-22,0.01,1.1215617004174734,5882.3643,True
2024-11-22,0.05,1.1215617004174734,5882.3643,True
2024-11-22,0.1,1.1215617004174734,5882.3643,False
2024-11-22,0.5,-0.614110302075469,5985.354,False
2024-11-22,0.9,-2.2754247636383456,6085.62,False
2024-11-25,0.01,1.1471487539690108,5901.254,True
2024-11-25,0.05,1.1471487539690108,5901.254,True
2024-11-25,0.1,1.1471487539690108,5901.254,False
2024-11-25,0.5,-0.59902638230892,6005.205,False
2024-11-25,0.9,-2.2347627692434564,6104.242,False
2024-11-26,0.01,1.0686614841122177,5923.726,True
2024-11-26,0.05,1.0686614841122177,5923.726,True
2024-11-26,0.1,1.0686614841122177,5923.726,False
2024-11-26,0.5,-0.6367641715680373,6025.617,False
2024-11-26,0.9,-2.252573268878868,6123.7705,False
2024-11-27,0.01,1.3476881672838474,5941.0215,True
2024-11-27,0.05,1.3476881672838474,5941.0215,True
2024-11-27,0.1,1.3476881672838474,5941.0215,False
2024-11-27,0.5,-0.3609107172095403,6043.402,False
2024-11-27,0.9,-2.0473685782596935,6146.1855,False
2024-11-29,0.01,1.4978758774164582,5909.556,True
2024-11-29,0.05,1.4978758774164582,5909.556,True
2024-11-29,0.1,1.4978758774164582,5909.556,False
2024-11-29,0.5,-0.15823318963228797,6008.2397,False
2024-11-29,0.9,-1.857329946200602,6111.1978,False
2024-12-02,0.01,1.435456115797769,5946.4062,True
2024-12-02,0.05,1.435456115797769,5946.4062,True
2024-12-02,0.1,1.435456115797769,5946.4062,False
2024-12-02,0.5,-0.3043126282894723,6050.765,False
2024-12-02,0.9,-2.0098242803508826,6154.8467,False
2024-12-03,0.01,1.3688656532311096,5964.9365,True
2024-12-03,0.05,1.3688656532311096,5964.9365,True
2024-12-03,0.1,1.3688656532311096,5964.9365,False
2024-12-03,0.5,-0.3966908403359194,6071.186,False
2024-12-03,0.9,-2.107955195323031,6175.974,False
2024-12-04,0.01,1.210837430196637,5977.0674,True
2024-12-04,0.05,1.210837430196637,5977.0674,True
2024-12-04,0.1,1.210837430196637,5977.0674,False
2024-12-04,0.5,-0.546150404705915,6083.0117,False
2024-12-04,0.9,-2.235736321822681,6186.6626,False
2024-12-05,0.01,1.1453751775846688,6017.175,True
2024-12-05,0.05,1.1453751775846688,6017.175,True
2024-12-05,0.1,1.1453751775846688,6017.175,False
2024-12-05,0.5,-0.6634431283641581,6127.005,False
2024-12-05,0.9,-2.345575217378974,6230.941,False
2024-12-06,0.01,1.1304043424632073,6006.823,True
2024-12-06,0.05,1.1304043424632073,6006.823,True
2024-12-06,0.1,1.1304043424632073,6006.823,False
2024-12-06,0.5,-0.6363260484270783,6113.8906,False
2024-12-06,0.9,-2.3222794992092157,6217.842,False
2024-12-09,0.01,1.1187774360212892,6022.513,True
2024-12-09,0.05,1.1187774360212892,6022.513,True
2024-12-09,0.1,1.1187774360212892,6022.513,False
2024-12-09,0.5,-0.6488949004096636,6129.918,False
2024-12-09,0.9,-2.373336363991309,6236.5415,False
2024-12-10,0.01,1.0314187278200821,5990.7407,True
2024-12-10,0.05,1.0314187278200821,5990.7407,True
2024-12-10,0.1,1.0314187278200821,5990.7407,False
2024-12-10,0.5,-0.6875259591897603,6094.6084,False
2024-12-10,0.9,-2.39863326895476,6199.791,False
2024-12-11,0.01,1.3402824881805004,5954.565,True
2024-12-11,0.05,1.3402824881805004,5954.565,True
2024-12-11,0.1,1.3402824881805004,5954.565,False
2024-12-11,0.5,-0.37790887730382183,6057.76,False
2024-12-11,0.9,-2.0794313696396434,6161.716,False
2024-12-12,0.01,1.2718880140898021,6007.296,True
2024-12-12,0.05,1.2718880140898021,6007.296,True
2024-12-12,0.1,1.2718880140898021,6007.296,False
2024-12-12,0.5,-0.44334266355559687,6111.2236,False
2024-12-12,0.9,-2.1057311546326325,6213.665,False
2024-12-13,0.01,1.4034321312493703,5966.918,True
2024-12-13,0.05,1.4034321312493703,5966.918,True
2024-12-13,0.1,1.4034321312493703,5966.918,False
2024-12-13,0.5,-0.30359035291642805,6069.649,False
2024-12-13,0.9,-1.9988025307313604,6173.4194,False
2024-12-16,0.01,1.356041851183443,5969.5884,True
2024-12-16,0.05,1.356041851183443,5969.5884,True
2024-12-16,0.1,1.356041851183443,5969.5884,False
2024-12-16,0.5,-0.28938211605093855,6068.626,False
2024-12-16,0.9,-1.949027720301471,6170.184,False
2024-12-17,0.01,1.3644093525992087,5991.7676,True
2024-12-17,0.05,1.3644093525992087,5991.7676,True
2024-12-17,0.1,1.3644093525992087,5991.7676,False
2024-12-17,0.5,-0.32902352511603217,6094.098,False
2024-12-17,0.9,-2.0109446820602965,6197.463,False
2024-12-18,0.01,1.4185431611720505,5965.3853,True
2024-12-18,0.05,1.4185431611720505,5965.3853,True
2024-12-18,0.1,1.4185431611720505,5965.3853,False
2024-12-18,0.5,-0.290877561288796,6068.2354,False
2024-12-18,0.9,-1.9649921088222129,6170.6797,False
2024-12-19,0.01,1.7349945899030879,5771.157,True
2024-12-19,0.05,1.7349945899030879,5771.157,True
2024-12-19,0.1,1.7349945899030879,5771.157,False
2024-12-19,0.5,-0.12508197357645404,5879.51,False
2024-12-19,0.9,-1.979230010347007,5989.5415,False
2024-12-20,0.01,1.6218066672468026,5772.695,True
2024-12-20,0.05,1.6218066672468026,5772.695,True
2024-12-20,0.1,1.6218066672468026,5772.695,False
2024-12-20,0.5,-0.13602844023623942,5875.0664,False
2024-12-20,0.9,-1.9547815490161484,5982.897,False
2024-12-23,0.01,1.5023312713340915,5842.415,True
2024-12-23,0.05,1.5023312713340915,5842.415,True
2024-12-23,0.1,1.5023312713340915,5842.415,False
2024-12-23,0.5,-0.09659939871095712,5936.582,False
2024-12-23,0.9,-1.8136609840418811,6039.397,False
2024-12-24,0.01,1.3469664703439563,5894.1406,True
2024-12-24,0.05,1.3469664703439563,5894.1406,True
2024-12-24,0.1,1.3469664703439563,5894.1406,False
2024-12-24,0.5,-0.3146929687576042,5992.8994,False
2024-12-24,0.9,-2.007608440174317,6095.218,False
2024-12-26,0.01,1.370840479592778,5957.8057,True
2024-12-26,0.05,1.370840479592778,5957.8057,True
2024-12-26,0.1,1.370840479592778,5957.8057,False
2024-12-26,0.5,-0.4033728419461797,6064.453,False
2024-12-26,0.9,-2.140396915103968,6170.7144,False
2024-12-27,0.01,1.2429224437309319,5963.0117,True
2024-12-27,0.05,1.2429224437309319,5963.0117,True
2024-12-27,0.1,1.2429224437309319,5963.0117,False
2024-12-27,0.5,-0.5040577051141615,6068.0996,False
2024-12-27,0.9,-2.2171500808278948,6172.9473,False
2024-12-30,0.01,1.345976016878311,5891.012,True
2024-12-30,0.05,1.345976016878311,5891.012,True
2024-12-30,0.1,1.345976016878311,5891.012,False
2024-12-30,0.5,-0.2724550991846409,5987.13,False
2024-12-30,0.9,-1.9648232002806207,6089.3164,False
