date,asof_utc,published_utc,headline
2023-01-04,2023-01-03 20:00:00+00:00,2023-01-03 18:53:52+00:00,Stock Market Adds To 2022 Losses; Beauty Retailer Hits High
2023-01-04,2023-01-03 20:00:00+00:00,2023-01-03 18:54:50+00:00,Dow futures extend declines on recession fears
2023-01-04,2023-01-03 20:00:00+00:00,2023-01-03 19:04:00+00:00,Will This Year's Market Be Something Different or More of the Same?
2023-01-04,2023-01-03 20:00:00+00:00,2023-01-03 19:20:23+00:00,How Financial Experts Are Approaching Stocks in the New Year — and What It Means for the Average Investor
2023-01-04,2023-01-03 20:00:00+00:00,2023-01-03 19:51:32+00:00,"US STOCKS-Wall St falls in 2023 trading kick-off; Apple, Tesla shares drag"
2023-01-05,2023-01-04 20:00:00+00:00,2023-01-04 19:19:00+00:00,How China’s reopening has the potential to shake financial markets
2023-01-05,2023-01-04 20:00:00+00:00,2023-01-04 19:19:00+00:00,"2022 was the ‘biggest outlier year’ in markets history as stocks and bonds both plunged, Deutsche Bank says"
2023-01-05,2023-01-04 20:00:00+00:00,2023-01-04 19:30:00+00:00,U.S. stocks trim gains in afternoon trade after FOMC meeting minutes show no Fed officials expect interest rate cuts this year
2023-01-05,2023-01-04 20:00:00+00:00,2023-01-04 19:30:07+00:00,ETF Asset Report of December
2023-01-05,2023-01-04 20:00:00+00:00,2023-01-04 19:55:13+00:00,US STOCKS-Wall St pares gains after Fed minutes confirm inflation focus
2023-01-06,2023-01-05 20:00:00+00:00,2023-01-05 19:19:00+00:00,"Dow down 300 points as stocks cut losses in afternoon trade after jobs data, hawkish Fed speaks hammer stocks"
2023-01-06,2023-01-05 20:00:00+00:00,2023-01-05 19:34:17+00:00,GLOBAL MARKETS-Stocks stall as firm Fed message reins in China rally
2023-01-06,2023-01-05 20:00:00+00:00,2023-01-05 19:40:57+00:00,"US STOCKS-Wall St drops as tight labor market, Fed officials' view fan rate fears"
2023-01-06,2023-01-05 20:00:00+00:00,2023-01-05 19:41:25+00:00,"Tech stocks: It's 'still too early' to get back in, says UBS strategist"
2023-01-06,2023-01-05 20:00:00+00:00,2023-01-05 19:45:00+00:00,Can Starbucks Stock Shake Off a Recession?
2023-01-09,2023-01-06 20:00:00+00:00,2023-01-06 18:36:00+00:00,The Fed delivered a message to the stock market: Big rallies will prolong pain
2023-01-09,2023-01-06 20:00:00+00:00,2023-01-06 18:45:00+00:00,ARK’s Cathie Wood Isn’t Backing Down. She Explains Exactly Why.
2023-01-09,2023-01-06 20:00:00+00:00,2023-01-06 18:45:00+00:00,Dow jumps more than 550 points after employment report shows wage gains cooled in December
2023-01-09,2023-01-06 20:00:00+00:00,2023-01-06 19:41:00+00:00,FDA approves treatment for people with mild forms of Alzheimer’s
2023-01-09,2023-01-06 20:00:00+00:00,2023-01-06 19:50:54+00:00,"US STOCKS-Wall St jumps as jobs, services data calm rate hike worries"
2023-01-10,2023-01-09 20:00:00+00:00,2023-01-09 18:41:00+00:00,U.S. stocks edge higher as investors look to extend ‘soft landing’ rally
2023-01-10,2023-01-09 20:00:00+00:00,2023-01-09 18:42:53+00:00,"Dow futures trade flat, Powell speech in focus"
2023-01-10,2023-01-09 20:00:00+00:00,2023-01-09 19:04:00+00:00,Morgan Stanley’s Mike Wilson warns U.S. stocks could slump another 22% if recession arrives in 2023
2023-01-10,2023-01-09 20:00:00+00:00,2023-01-09 19:44:11+00:00,The Power of the Plan in an Uncertain Market
2023-01-10,2023-01-09 20:00:00+00:00,2023-01-09 19:52:00+00:00,WSJ: Moderna may charge up to $130 per dose of its COVID shot
2023-01-11,2023-01-10 20:00:00+00:00,2023-01-10 19:35:00+00:00,‘A year of two halves’: Stifel’s Barry Bannister expects a near-term rally in U.S. stocks — and trouble later in 2023
2023-01-11,2023-01-10 20:00:00+00:00,2023-01-10 19:37:07+00:00,3 Top Picks From a Hot Industrial Products Sector
2023-01-11,2023-01-10 20:00:00+00:00,2023-01-10 19:55:02+00:00,US STOCKS-Wall St climbs; Powell comments avoid rate policy
2023-01-11,2023-01-10 20:00:00+00:00,2023-01-10 19:56:00+00:00,Boeing Is Returning to Normal. It Just Had Its Best Quarter of Plane Deliveries in Years.
2023-01-11,2023-01-10 20:00:00+00:00,2023-01-10 19:59:00+00:00,"Alaska Airlines to hire more than 3,500 people amid industry’s staffing constraints"
2023-01-12,2023-01-11 20:00:00+00:00,2023-01-11 18:19:00+00:00,10-Year Treasury Auction Sees Big Demand Boost As December Inflation Data Looms
2023-01-12,2023-01-11 20:00:00+00:00,2023-01-11 18:46:58+00:00,"Dow futures flat, CPI in focus as inflation expected to ease"
2023-01-12,2023-01-11 20:00:00+00:00,2023-01-11 18:55:36+00:00,Nasdaq Leads Stock Market Gains; Real Estate Stocks Boom As Mortgage Rates Fall; Tesla Climbs
2023-01-12,2023-01-11 20:00:00+00:00,2023-01-11 19:30:00+00:00,Carvana stock soars to lead NYSE gainers on heavy volume
2023-01-12,2023-01-11 20:00:00+00:00,2023-01-11 19:42:00+00:00,"Dow gains nearly 200 points, Nasdaq on pace for 4th day of gains as Wall Street awaits inflation data"
2023-01-13,2023-01-12 20:00:00+00:00,2023-01-12 18:55:00+00:00,A Winning Streak for Gold Could Help Miners’ Stocks. 2 to Consider.
2023-01-13,2023-01-12 20:00:00+00:00,2023-01-12 19:00:49+00:00,How Is The Consumer Price Index Impacting the Stock Market and What Does It Mean for Your Investments?
2023-01-13,2023-01-12 20:00:00+00:00,2023-01-12 19:35:19+00:00,"GLOBAL MARKETS-Stocks climb, dollar falls after U.S. inflation data"
2023-01-13,2023-01-12 20:00:00+00:00,2023-01-12 19:50:27+00:00,US STOCKS-Wall St gains; data suggests inflation may be on downward trend
2023-01-13,2023-01-12 20:00:00+00:00,2023-01-12 19:54:07+00:00,"Recession or Not, Should You Buy Supermarkets?"
2023-01-17,2023-01-13 20:00:00+00:00,2023-01-13 19:04:00+00:00,S&amp;P 500 turns higher amid bank earnings as U.S. stocks head for back-to-back weekly gains
2023-01-17,2023-01-13 20:00:00+00:00,2023-01-13 19:14:00+00:00,"American Airlines, Expedia, Wells Fargo Lead Gains Among Reader Favorites"
2023-01-17,2023-01-13 20:00:00+00:00,2023-01-13 19:20:23+00:00,"GLOBAL MARKETS-Stocks climb for sixth straight session, yen rises on BOJ speculation"
2023-01-17,2023-01-13 20:00:00+00:00,2023-01-13 19:21:00+00:00,Why the Fed is still seeing $2.2 trillion in daily demand for its overnight repo facility
2023-01-17,2023-01-13 20:00:00+00:00,2023-01-13 19:23:00+00:00,"Nelson’s Peltz’s hedge fund Trian won’t make bid for Wendy’s, backs new capital allocation strategy"
2023-01-18,2023-01-17 20:00:00+00:00,2023-01-17 19:30:00+00:00,Kroger’s Merger With Albertsons Could Help Its Stock in a Tough Time for Grocers. Here’s How.
2023-01-18,2023-01-17 20:00:00+00:00,2023-01-17 19:33:12+00:00,"US STOCKS-Goldman, Travelers drag Dow lower; Tesla keeps Nasdaq afloat"
2023-01-18,2023-01-17 20:00:00+00:00,2023-01-17 19:36:00+00:00,Walgreens lifts restrictions on purchases of children’s cold medicines
2023-01-18,2023-01-17 20:00:00+00:00,2023-01-17 19:41:00+00:00,Why U.S. investors can’t afford to ignore Wednesday’s BOJ meeting
2023-01-18,2023-01-17 20:00:00+00:00,2023-01-17 19:44:00+00:00,IQiyi stock pulls back sharply after large ADS offering
2023-01-19,2023-01-18 20:00:00+00:00,2023-01-18 18:52:14+00:00,"In 2022 inflation data trumped Fed comments for moving markets, report says"
2023-01-19,2023-01-18 20:00:00+00:00,2023-01-18 18:54:00+00:00,"Dow falls 400 points after weak economic data, hawkish Fed remarks ease inflation cheer"
2023-01-19,2023-01-18 20:00:00+00:00,2023-01-18 19:16:39+00:00,"Expert Advice: With Rates So High, Is a High-Yield Savings Account a Better Bet Than the Stock Market?"
2023-01-19,2023-01-18 20:00:00+00:00,2023-01-18 19:29:20+00:00,"US STOCKS-Wall St stumbles after weak data, hawkish Fed comments"
2023-01-19,2023-01-18 20:00:00+00:00,2023-01-18 19:49:00+00:00,"Dow falls 450 points after weak economic data, hawkish Fed remarks ease inflation cheer"
2023-01-20,2023-01-19 20:00:00+00:00,2023-01-19 19:23:00+00:00,"Netflix stock options priced for a big post-earnings move, but not quite as big as usual"
2023-01-20,2023-01-19 20:00:00+00:00,2023-01-19 19:37:47+00:00,US STOCKS-Wall St dips as tight labor market fuels Fed worry
2023-01-20,2023-01-19 20:00:00+00:00,2023-01-19 19:42:00+00:00,Roblox stock drops as another analyst joins skeptics with a downgrade
2023-01-20,2023-01-19 20:00:00+00:00,2023-01-19 19:46:00+00:00,J.B. Hunt stock rallies again after dividend increased by 5%
2023-01-20,2023-01-19 20:00:00+00:00,2023-01-19 19:49:00+00:00,Active vs. passive? Why active ETFs face competition from ‘quasi-active’ smart beta funds in U.S. stock market
2023-01-23,2023-01-20 20:00:00+00:00,2023-01-20 19:23:05+00:00,3 Options Trading Myths to Ignore
2023-01-23,2023-01-20 20:00:00+00:00,2023-01-20 19:36:07+00:00,Making Sense of the Early Q4 Results: Is An Earnings Cliff Coming?
2023-01-23,2023-01-20 20:00:00+00:00,2023-01-20 19:37:00+00:00,Genius Group CEO on why his company is fighting back against naked short sellers — and it’s not alone
2023-01-23,2023-01-20 20:00:00+00:00,2023-01-20 19:38:50+00:00,"US STOCKS-Wall Street climbs on Alphabet, Netflix lift"
2023-01-23,2023-01-20 20:00:00+00:00,2023-01-20 19:57:00+00:00,"S&amp;P 500 rises sharply, Nasdaq erases weekly losses as Netflix, Alphabet jump"
2023-01-24,2023-01-23 20:00:00+00:00,2023-01-23 18:45:35+00:00,"Dow futures remain flat, earnings in focus"
2023-01-24,2023-01-23 20:00:00+00:00,2023-01-23 18:53:36+00:00,Stock Market Gains As Weak Economic Reading Fuels Rate Hopes; Tech-Heavy Nasdaq Leads
2023-01-24,2023-01-23 20:00:00+00:00,2023-01-23 19:26:41+00:00,"US STOCKS-Wall Street surges, powered by tech rebound"
2023-01-24,2023-01-23 20:00:00+00:00,2023-01-23 19:45:00+00:00,The Debt Ceiling Could Mess With Markets. Strategies for 3 Kinds of Risk Takers.
2023-01-24,2023-01-23 20:00:00+00:00,2023-01-23 19:53:00+00:00,Rivian’s chief lobbyist to depart; stock is up nearly 11%
2023-01-25,2023-01-24 20:00:00+00:00,2023-01-24 19:11:07+00:00,Find Strong Stocks to Buy in 2023 Utilizing New Analyst Coverage
2023-01-25,2023-01-24 20:00:00+00:00,2023-01-24 19:24:00+00:00,"U.S. stocks narrow losses in afternoon trade as investors weigh earnings reports, await big tech results"
2023-01-25,2023-01-24 20:00:00+00:00,2023-01-24 19:24:36+00:00,Waratah Hedge Fund Snaps Perfect Streak With First Annual Loss
2023-01-25,2023-01-24 20:00:00+00:00,2023-01-24 19:26:03+00:00,"US STOCKS-Wall Street totters after mixed earnings, trade halt glitch"
2023-01-25,2023-01-24 20:00:00+00:00,2023-01-24 19:46:07+00:00,What's Going On With Chip Stocks?
2023-01-26,2023-01-25 20:00:00+00:00,2023-01-25 18:55:06+00:00,Have Stocks Bottomed?
2023-01-26,2023-01-25 20:00:00+00:00,2023-01-25 19:08:08+00:00,"'Imminent' earnings recession could tank US stocks, Morgan Stanley warns"
2023-01-26,2023-01-25 20:00:00+00:00,2023-01-25 19:20:35+00:00,US STOCKS-Wall Street dips as weak corporate guidance fuels recession fears
2023-01-26,2023-01-25 20:00:00+00:00,2023-01-25 19:32:00+00:00,"BlackRock hikes dividend, increases stock buybacks"
2023-01-26,2023-01-25 20:00:00+00:00,2023-01-25 19:59:06+00:00,"Fossil Fuel Profits Roar Back, Producing 10% of S&amp;P 500 Earnings"
2023-01-27,2023-01-26 20:00:00+00:00,2023-01-26 19:05:49+00:00,"The Fed's New Key Inflation Rate Rose In Q4, But S&amp;P 500 Rallies"
2023-01-27,2023-01-26 20:00:00+00:00,2023-01-26 19:15:00+00:00,AMC CEO Adam Aron touts ‘vote of confidence’ in the company by its bank lenders
2023-01-27,2023-01-26 20:00:00+00:00,2023-01-26 19:29:43+00:00,US STOCKS-Wall Street gains as solid GDP data offsets signs of economic weakness
2023-01-27,2023-01-26 20:00:00+00:00,2023-01-26 19:36:00+00:00,The Economy Isn’t as Strong as It Looks. Get Ready for Another Stock Market Tumble.
2023-01-27,2023-01-26 20:00:00+00:00,2023-01-26 19:36:00+00:00,The US Economy Isn’t as Strong as It Looks. Get Ready for Another Stock Market Tumble.
2023-01-30,2023-01-27 20:00:00+00:00,2023-01-27 19:03:00+00:00,"Lucid stock rockets on heavy volume, has been halted 9 times for volatility"
2023-01-30,2023-01-27 20:00:00+00:00,2023-01-27 19:27:00+00:00,"Exxon’s Q4 comes hot on the heels of Chevron’s giant profit, here’s what to expect"
2023-01-30,2023-01-27 20:00:00+00:00,2023-01-27 19:39:07+00:00,Will This Week's Big Tech Earnings Be a Train Wreck?
2023-01-30,2023-01-27 20:00:00+00:00,2023-01-27 19:46:00+00:00,"S&amp;P 500 nears first ‘golden cross’ in 2.5 years, but this doesn’t guarantee more gains ahead"
2023-01-30,2023-01-27 20:00:00+00:00,2023-01-27 19:58:58+00:00,"GLOBAL MARKETS-Stocks, dollar edge up on Fed soft landing hopes"
2023-01-31,2023-01-30 20:00:00+00:00,2023-01-30 19:24:00+00:00,"Dow sheds about 200 points, Nasdaq leads stock market lower as Fed decision, tech earnings loom"
2023-01-31,2023-01-30 20:00:00+00:00,2023-01-30 19:36:00+00:00,Morgan Stanley’s Mike Wilson warns the stock market’s January rally could end this week
2023-01-31,2023-01-30 20:00:00+00:00,2023-01-30 19:46:06+00:00,"GLOBAL MARKETS-Stocks fall, U.S. yields climb with central banks on tap"
2023-01-31,2023-01-30 20:00:00+00:00,2023-01-30 19:59:00+00:00,UPS stock falls a day ahead of earnings report; both profit and revenue expectations were beat the past 10 quarters
2023-01-31,2023-01-30 20:00:00+00:00,2023-01-30 19:59:25+00:00,Millionaire by 65: This Deposit at Birth Ensures Your Child Retires With Seven Figures
2023-02-01,2023-01-31 20:00:00+00:00,2023-01-31 19:11:35+00:00,US STOCKS-Wall Street rises after encouraging inflation data with Fed on deck
2023-02-01,2023-01-31 20:00:00+00:00,2023-01-31 19:25:17+00:00,"GLOBAL MARKETS-Stocks up, yields dip after U.S. data; Fed on deck"
2023-02-01,2023-01-31 20:00:00+00:00,2023-01-31 19:48:00+00:00,"Gold settles higher, posts a third-monthly gain ahead of an expected Fed interest rate hike"
2023-02-01,2023-01-31 20:00:00+00:00,2023-01-31 19:51:00+00:00,"McDonald’s still eyeing ‘mild to moderate’ US recession, says CEO"
2023-02-01,2023-01-31 20:00:00+00:00,2023-01-31 19:58:00+00:00,The Worst-Performing S&amp;P 500 Stocks in January
2023-02-02,2023-02-01 20:00:00+00:00,2023-02-01 19:33:25+00:00,"US STOCKS-Wall Street down but off session lows after Fed rate hike, trading choppy"
2023-02-02,2023-02-01 20:00:00+00:00,2023-02-01 19:37:00+00:00,Odds of Fed hike in May improve after latest rate decision
2023-02-02,2023-02-01 20:00:00+00:00,2023-02-01 19:44:00+00:00,"WestRock stock leads S&amp;P 500 lowers after paper and packaging company misses on earnings, pulls guidance"
2023-02-02,2023-02-01 20:00:00+00:00,2023-02-01 19:49:34+00:00,"Stock Market Volatile After Fed's Decision, Powell Comments; Medical Equipment Stock Gaps Up On Earnings"
2023-02-02,2023-02-01 20:00:00+00:00,2023-02-01 19:53:18+00:00,"GLOBAL MARKETS-Stocks rise, dollar falls after Fed hikes as expected"
2023-02-03,2023-02-02 20:00:00+00:00,2023-02-02 19:23:00+00:00,Align Tech stock surges 30% to lead S&amp;P 500 as Invisalign sales return to growth
2023-02-03,2023-02-02 20:00:00+00:00,2023-02-02 19:24:00+00:00,"Apple, Alphabet and Amazon stock rallies ahead of earnings are adding a total of more than $230 billion to their market caps"
2023-02-03,2023-02-02 20:00:00+00:00,2023-02-02 19:32:45+00:00,"GLOBAL MARKETS-Stocks rally, U.S. yields flat on hopes for central banks pause"
2023-02-03,2023-02-02 20:00:00+00:00,2023-02-02 19:36:48+00:00,"US STOCKS-Nasdaq, S&amp;P 500 jump on Meta rise, Fed relief"
2023-02-03,2023-02-02 20:00:00+00:00,2023-02-02 19:43:27+00:00,Stock Buybacks Race to Record $132 Billion Start as Companies Snub All Warnings
2023-02-06,2023-02-03 20:00:00+00:00,2023-02-03 19:11:45+00:00,Why Beazer Homes Stock Was Falling Today
2023-02-06,2023-02-03 20:00:00+00:00,2023-02-03 19:15:22+00:00,Annuity Sales Hit a Record in 2022
2023-02-06,2023-02-03 20:00:00+00:00,2023-02-03 19:26:29+00:00,US STOCKS-Wall Street sinks after stunning jobs growth raises questions about Fed
2023-02-06,2023-02-03 20:00:00+00:00,2023-02-03 19:40:16+00:00,"GLOBAL MARKETS-Stocks stumble, U.S. bond yields jump on strong jobs report"
2023-02-06,2023-02-03 20:00:00+00:00,2023-02-03 19:45:07+00:00,"Making Sense of Apple, Amazon and Big Tech Earnings"
2023-02-07,2023-02-06 20:00:00+00:00,2023-02-06 19:09:17+00:00,Stock Market On The Defensive Ahead Of Powell Comments; C3.ai Up 150%
2023-02-07,2023-02-06 20:00:00+00:00,2023-02-06 19:10:07+00:00,Hedge Funds Cut Risky Bets at Fastest Pace in Two Years
2023-02-07,2023-02-06 20:00:00+00:00,2023-02-06 19:27:07+00:00,US STOCKS-Wall St edges lower as Fed fears mount
2023-02-07,2023-02-06 20:00:00+00:00,2023-02-06 19:30:00+00:00,"Look for stocks to lose 30% from here, says strategist David Rosenberg. And don’t even think about turning bullish until 2024."
2023-02-07,2023-02-06 20:00:00+00:00,2023-02-06 19:34:24+00:00,Nearly 10% of S&amp;P 500 CEOs are alumni of Procter &amp; Gamble
2023-02-08,2023-02-07 20:00:00+00:00,2023-02-07 18:40:20+00:00,"Instant view: Stocks climb, dollar and U.S. Treasury yields fall as Powell speaks"
2023-02-08,2023-02-07 20:00:00+00:00,2023-02-07 18:47:00+00:00,Dow down 250 points as stocks erase Powell-inspired bump
2023-02-08,2023-02-07 20:00:00+00:00,2023-02-07 18:55:00+00:00,Biden targets stock buybacks — do they help you as an investor?
2023-02-08,2023-02-07 20:00:00+00:00,2023-02-07 19:25:00+00:00,Fed Chair Jerome Powell Sticks to the Script. More Rate Hikes Are Coming.
2023-02-08,2023-02-07 20:00:00+00:00,2023-02-07 19:57:56+00:00,US STOCKS-Wall Street gains as investors digest Powell comments
2023-02-09,2023-02-08 20:00:00+00:00,2023-02-08 18:46:25+00:00,‘Big Short’ investor Michael Burry compares stock market to dot com bubble in a cryptic tweet
2023-02-09,2023-02-08 20:00:00+00:00,2023-02-08 19:12:00+00:00,Bayer’s stock rallies after naming Roche exec as new CEO
2023-02-09,2023-02-08 20:00:00+00:00,2023-02-08 19:28:45+00:00,"US STOCKS-Wall St eases after recent strong gains, Alphabet shares fall"
2023-02-09,2023-02-08 20:00:00+00:00,2023-02-08 19:37:00+00:00,Consumer Stocks Outperform After Earnings: The Case for Caution
2023-02-09,2023-02-08 20:00:00+00:00,2023-02-08 19:54:07+00:00,These 3 Tech Companies Boast Strong Growth Outlooks
2023-02-10,2023-02-09 20:00:00+00:00,2023-02-09 18:48:00+00:00,"Trump has regained access to Facebook, Instagram accounts: WSJ"
2023-02-10,2023-02-09 20:00:00+00:00,2023-02-09 18:48:37+00:00,"Dow futures steady, Lyft tanks 30% after earnings"
2023-02-10,2023-02-09 20:00:00+00:00,2023-02-09 18:50:00+00:00,Lucid Stock Was Having a Better Year Than Tesla. Then It Cut Prices.
2023-02-10,2023-02-09 20:00:00+00:00,2023-02-09 19:00:00+00:00,This Fund Might Just Be 'Stacked' in Your Favor
2023-02-10,2023-02-09 20:00:00+00:00,2023-02-09 19:34:00+00:00,Dow falls over 150 points as rebound loses steam despite robust corporate earnings
2023-02-13,2023-02-10 20:00:00+00:00,2023-02-10 19:00:31+00:00,20 Most Expensive Countries in Latin America
2023-02-13,2023-02-10 20:00:00+00:00,2023-02-10 19:08:00+00:00,Options Traders Helped Tesla Stock Soar. Now It’s Falling.
2023-02-13,2023-02-10 20:00:00+00:00,2023-02-10 19:19:00+00:00,"Newell Brands warns of surprise loss as weaker consumer demand, margin pressure persist"
2023-02-13,2023-02-10 20:00:00+00:00,2023-02-10 19:27:41+00:00,"US STOCKS-Nasdaq falls as Treasury yields rise, Lyft plunges"
2023-02-13,2023-02-10 20:00:00+00:00,2023-02-10 19:55:04+00:00,JPMorgan’s Best Performing 15 Stock Picks for 2023
2023-02-14,2023-02-13 20:00:00+00:00,2023-02-13 18:12:01+00:00,US STOCKS-Wall St climbs higher on lift from battered growth stocks
2023-02-14,2023-02-13 20:00:00+00:00,2023-02-13 18:45:00+00:00,"‘A different animal’: The bear market is ‘over,’ but that doesn’t unleash bulls to send stocks on a 2023 tear, according to Wells Fargo"
2023-02-14,2023-02-13 20:00:00+00:00,2023-02-13 19:13:00+00:00,"Twilio to cut 17% of its staff, the 2nd round of layoffs in 5 months"
2023-02-14,2023-02-13 20:00:00+00:00,2023-02-13 19:17:00+00:00,"Stocks could suffer if U.S. inflation cools less rapidly as once thought, Deutsche Bank warns"
2023-02-14,2023-02-13 20:00:00+00:00,2023-02-13 19:40:33+00:00,US STOCKS-Wall Street rallies as investors eye inflation data
2023-02-15,2023-02-14 20:00:00+00:00,2023-02-14 18:48:40+00:00,"Dow futures fall, Airbnb pops 9.4% after earnings"
2023-02-15,2023-02-14 20:00:00+00:00,2023-02-14 18:50:33+00:00,Analysis-U.S. stock rally faces uphill climb after mixed inflation data
2023-02-15,2023-02-14 20:00:00+00:00,2023-02-14 19:16:02+00:00,"Invest in the Dow, S&amp;P 500, and Nasdaq With These 3 ETFs"
2023-02-15,2023-02-14 20:00:00+00:00,2023-02-14 19:16:25+00:00,Here's What Happens to the Stock Market When Inflation Rises
2023-02-15,2023-02-14 20:00:00+00:00,2023-02-14 19:39:26+00:00,"S&amp;P 500 Stocks Are Missing Estimates, But Investors Don't Care; Meta, Tesla Surge Despite Mixed Results"
2023-02-16,2023-02-15 20:00:00+00:00,2023-02-15 18:53:40+00:00,Stock Market Climbs Out Of Morning Hole; This Advertising Stock Soars
2023-02-16,2023-02-15 20:00:00+00:00,2023-02-15 19:00:00+00:00,Australia Set to Reveal Gender Pay Gaps as Progress Remains Slow
2023-02-16,2023-02-15 20:00:00+00:00,2023-02-15 19:11:38+00:00,7 Hot Healthcare Stocks With the Potential to Outperform
2023-02-16,2023-02-15 20:00:00+00:00,2023-02-15 19:23:00+00:00,The Stock Market is Playing a ‘Game of Chicken’ With Bonds. It Won’t End Well.
2023-02-16,2023-02-15 20:00:00+00:00,2023-02-15 19:47:23+00:00,"IBD 50 ETF Off To Good Start In 2023, But Don't Overlook Its Lesser-Known Cousin"
2023-02-17,2023-02-16 20:00:00+00:00,2023-02-16 19:18:00+00:00,Arch Resources stock charges higher after quarterly profit more than doubles expectations
2023-02-17,2023-02-16 20:00:00+00:00,2023-02-16 19:38:00+00:00,"Tesla recalls 362,758 EVs, says self-driving software ‘may cause’ crashes"
2023-02-17,2023-02-16 20:00:00+00:00,2023-02-16 19:43:34+00:00,US STOCKS-Wall Street dips as price and jobs data fuel rate-hike worries
2023-02-17,2023-02-16 20:00:00+00:00,2023-02-16 19:45:00+00:00,"Bed Bath &amp; Beyond falls toward 8th-straight loss, the longest such streak in 3 months"
2023-02-17,2023-02-16 20:00:00+00:00,2023-02-16 19:52:17+00:00,"GLOBAL MARKETS-Stocks ease, dollar rises as data fuels inflation, rate hike"
2023-02-21,2023-02-17 20:00:00+00:00,2023-02-17 19:16:07+00:00,"A Tale of Two Investors, Which One Are You?"
2023-02-21,2023-02-17 20:00:00+00:00,2023-02-17 19:16:42+00:00,US STOCKS-Wall Street drops as investors fret about interest rates
2023-02-21,2023-02-17 20:00:00+00:00,2023-02-17 19:29:00+00:00,"Home Depot ‘one of the best long-term stories in retail,’ analyst says"
2023-02-21,2023-02-17 20:00:00+00:00,2023-02-17 19:41:07+00:00,"Previewing Walmart, Target and Retail Sector Earnings"
2023-02-21,2023-02-17 20:00:00+00:00,2023-02-17 19:48:00+00:00,"Deere’s stock is having its best day in 2 years, but demand for lawn tractors has ‘softened considerably’"
2023-02-22,2023-02-21 20:00:00+00:00,2023-02-21 19:02:00+00:00,"Nordson stock sinks to pace the S&amp;P 500’s losers, after earnings miss, guidance cuts"
2023-02-22,2023-02-21 20:00:00+00:00,2023-02-21 19:14:00+00:00,‘Not a time to buy’: S&amp;P 500 exiting ‘best era’ in decades for earnings growth amid ‘dried up’ liquidity
2023-02-22,2023-02-21 20:00:00+00:00,2023-02-21 19:18:07+00:00,Finding 'Strong Buy' Stocks as Interest Rate and Inflation Worries Return
2023-02-22,2023-02-21 20:00:00+00:00,2023-02-21 19:19:46+00:00,Energy Stocks Go From Leaders to Laggards as Traders Buy Growth
2023-02-22,2023-02-21 20:00:00+00:00,2023-02-21 19:50:14+00:00,"US stocks are in 'death zone' and could sink 26%, Morgan Stanley warns"
2023-02-23,2023-02-22 20:00:00+00:00,2023-02-22 19:29:00+00:00,U.S. stocks waver after Fed minutes show most officials backed quarter-percentage-point hike
2023-02-23,2023-02-22 20:00:00+00:00,2023-02-22 19:38:00+00:00,No ‘soft landing’ is in the cards from Fed rate hikes. Look for recession and a buying opportunity once stock prices decline.
2023-02-23,2023-02-22 20:00:00+00:00,2023-02-22 19:47:50+00:00,Stock Market Remains Little Changed After Fed Minutes; Comfy-Chair Stock Pops
2023-02-23,2023-02-22 20:00:00+00:00,2023-02-22 19:56:24+00:00,Explainer: The rise of 0DTE stock options and how they could be a risk to markets
2023-02-23,2023-02-22 20:00:00+00:00,2023-02-22 20:00:00+00:00,Tesla and California make up: Tesla announces its engineering headquarters in Silicon Valley
2023-02-24,2023-02-23 20:00:00+00:00,2023-02-23 18:48:51+00:00,"Stock Market Improves, Tries To Bounce Off Day's Lows; Pizza Stocks Burn Investors"
2023-02-24,2023-02-23 20:00:00+00:00,2023-02-23 18:56:00+00:00,Humana to exit employer business lines as they’re no longer a strategic fit
2023-02-24,2023-02-23 20:00:00+00:00,2023-02-23 18:58:02+00:00,"Dow futures retreat, Carvana down 3.8% after earnings"
2023-02-24,2023-02-23 20:00:00+00:00,2023-02-23 19:34:33+00:00,"US STOCKS-S&amp;P, Dow dip as resilient economic data stokes fears of rate hikes"
2023-02-24,2023-02-23 20:00:00+00:00,2023-02-23 19:59:00+00:00,"Exxon Mobil has reduced its workforce for three straight years, while net income, revenue and the stock price have increased sharply"
2023-02-27,2023-02-24 20:00:00+00:00,2023-02-24 19:25:49+00:00,US STOCKS-Wall St heads for big weekly drop as investors sweat rate hikes
2023-02-27,2023-02-24 20:00:00+00:00,2023-02-24 19:43:07+00:00,Breaking Down Retail Earnings and Consumer Spending Trends
2023-02-27,2023-02-24 20:00:00+00:00,2023-02-24 19:50:00+00:00,Ford extends electric F-150 production halt
2023-02-27,2023-02-24 20:00:00+00:00,2023-02-24 19:54:00+00:00,Bitcoin drops 4% as cryptos react to hot inflation data
2023-02-27,2023-02-24 20:00:00+00:00,2023-02-24 19:58:07+00:00,Buyers Can't Get Enough of These 3 S&amp;P 500 Stocks in 2023
2023-02-28,2023-02-27 20:00:00+00:00,2023-02-27 18:42:02+00:00,"Dow futures tick higher, Zoom lifts 7.2% after earnings"
2023-02-28,2023-02-27 20:00:00+00:00,2023-02-27 19:01:00+00:00,AMC stock soars more than 13% a day before quarterly results
2023-02-28,2023-02-27 20:00:00+00:00,2023-02-27 19:06:08+00:00,JPMorgan Says Quants to Sell $50 Billion of Stocks If Chart Test Fails
2023-02-28,2023-02-27 20:00:00+00:00,2023-02-27 19:35:39+00:00,US STOCKS-Wall Street bounces modestly after prior week's selloff
2023-02-28,2023-02-27 20:00:00+00:00,2023-02-27 19:48:00+00:00,These 3 Stocks Pushed the S&amp;P Higher Monday
2023-03-01,2023-02-28 20:00:00+00:00,2023-02-28 19:45:00+00:00,Small ETFs Gaining Traction in 2023
2023-03-01,2023-02-28 20:00:00+00:00,2023-02-28 19:54:00+00:00,"Bed Bath &amp; Beyond stock plunges more than 50% in February, the second-worst monthly performance in its history"
2023-03-01,2023-02-28 20:00:00+00:00,2023-02-28 19:57:00+00:00,Dow sheds 130 points as stocks head for February decline
2023-03-01,2023-02-28 20:00:00+00:00,2023-02-28 19:57:24+00:00,US STOCKS-Wall Street poised for February decline as Fed worries persist
2023-03-01,2023-02-28 20:00:00+00:00,2023-02-28 20:00:00+00:00,10-year Treasury yield knocks on door of 4% as threats to markets and economy grow
2023-03-02,2023-03-01 20:00:00+00:00,2023-03-01 18:56:02+00:00,"Dow futures trade higher, Salesforce jumps 15.4% after earnings"
2023-03-02,2023-03-01 20:00:00+00:00,2023-03-01 19:13:35+00:00,"GLOBAL MARKETS-US stocks, Treasuries dip as inflation worries linger"
2023-03-02,2023-03-01 20:00:00+00:00,2023-03-01 19:30:11+00:00,US STOCKS-Stocks fall as manufacturing data lifts Treasury yields
2023-03-02,2023-03-01 20:00:00+00:00,2023-03-01 19:36:08+00:00,Ten-year US Treasury yield hits 4% on rate expectations
2023-03-02,2023-03-01 20:00:00+00:00,2023-03-01 19:45:00+00:00,Sarepta’s stock still up after Tuesday’s announcement that its Duchenne drug candidate won’t require a FDA AdCom meeting
2023-03-03,2023-03-02 20:00:00+00:00,2023-03-02 18:51:00+00:00,Ford to resume electric F-150 production on March 13
2023-03-03,2023-03-02 20:00:00+00:00,2023-03-02 19:25:56+00:00,"Investors step into U.S. bank stocks, but with some caution"
2023-03-03,2023-03-02 20:00:00+00:00,2023-03-02 19:35:00+00:00,"Nvidia, AMD, and 3 More Chip Stocks to Buy for a Turnaround, According to an Analyst"
2023-03-03,2023-03-02 20:00:00+00:00,2023-03-02 19:45:33+00:00,US STOCKS-Stocks gain as yields cool from earlier highs
2023-03-03,2023-03-02 20:00:00+00:00,2023-03-02 19:56:00+00:00,"Dow, S&amp;P 500 and Nasdaq push higher as stocks look past rising Treasury yields"
2023-03-06,2023-03-03 20:00:00+00:00,2023-03-03 17:36:46+00:00,US STOCKS-Wall Street set for weekly gain as yields pull back
2023-03-06,2023-03-03 20:00:00+00:00,2023-03-03 17:40:16+00:00,How the 10 Highest-Paid Women in Business Made Their Way to the Top
2023-03-06,2023-03-03 20:00:00+00:00,2023-03-03 17:52:22+00:00,S&amp;P 500 Price Forecast – Stock Markets End the Week On a Positive Note
2023-03-06,2023-03-03 20:00:00+00:00,2023-03-03 19:00:07+00:00,Should You Buy the Dip in Tesla With ETFs?
2023-03-06,2023-03-03 20:00:00+00:00,2023-03-03 19:15:00+00:00,How to invest in the stock market and never lose money—Part II
2023-03-07,2023-03-06 20:00:00+00:00,2023-03-06 19:41:00+00:00,GE’s stock climbs toward a near 2-year high after longtime skeptical analyst hands off coverage
2023-03-07,2023-03-06 20:00:00+00:00,2023-03-06 19:49:22+00:00,"US STOCKS-Wall St pares gains with Powell testimony, upcoming data in focus"
2023-03-07,2023-03-06 20:00:00+00:00,2023-03-06 19:53:00+00:00,"Dow, S&amp;P 500 gains belie bad market breadth"
2023-03-07,2023-03-06 20:00:00+00:00,2023-03-06 19:54:40+00:00,"GLOBAL MARKETS-Wall St pares gains, Treasury yields turn higher ahead of Powell testimony"
2023-03-07,2023-03-06 20:00:00+00:00,2023-03-06 19:59:02+00:00,Wall Street edges higher as traders await interest rate hints
2023-03-08,2023-03-07 20:00:00+00:00,2023-03-07 18:47:00+00:00,Stocks Hammered As Powell Testimony Points to 50-Basis-Point March Rate Hike to Combat Sticky Inflation
2023-03-08,2023-03-07 20:00:00+00:00,2023-03-07 18:48:00+00:00,"Joby Aviation stock knocked down by Deutsche’s call to sell, as ‘important risks’ are being overlooked"
2023-03-08,2023-03-07 20:00:00+00:00,2023-03-07 19:10:00+00:00,Fed’s Powell puts stock investors on notice: Hot data may mean bigger rate hike
2023-03-08,2023-03-07 20:00:00+00:00,2023-03-07 19:13:45+00:00,Fed Chair Powell: Rate Hikes Will Go 'Higher Than Previously Anticipated’
2023-03-08,2023-03-07 20:00:00+00:00,2023-03-07 19:55:32+00:00,US STOCKS-Wall Street sinks as Powell flags sharper rate hikes
2023-03-09,2023-03-08 20:00:00+00:00,2023-03-08 18:28:00+00:00,Fund of Women-Run Firms Is Beating the S&amp;P 500 Since Launching
2023-03-09,2023-03-08 20:00:00+00:00,2023-03-08 18:50:02+00:00,"Dow futures flat, Asana pops 28.2% after earnings"
2023-03-09,2023-03-08 20:00:00+00:00,2023-03-08 18:53:31+00:00,Stock Market Falls To Session Lows; Jack Daniel's Parent Sells Off
2023-03-09,2023-03-08 20:00:00+00:00,2023-03-08 19:20:00+00:00,Fed may stutter-step at end of interest rate hiking cycle for first time since 1990. What it means for financial markets.
2023-03-09,2023-03-08 20:00:00+00:00,2023-03-08 19:20:07+00:00,5 Long/Short ETFs to Protect Your Portfolio Against Volatility
2023-03-10,2023-03-09 20:00:00+00:00,2023-03-09 13:08:33+00:00,Dow Jones Futures Fall With Market Rally Stuck At Key Levels; Tesla Extends Slide
2023-03-10,2023-03-09 20:00:00+00:00,2023-03-09 14:46:15+00:00,Stocks trade higher at the open following Fed Chair Powell’s testimony
2023-03-10,2023-03-09 20:00:00+00:00,2023-03-09 15:26:01+00:00,S&amp;P 500 Forecast – Stock Markets Attempt to Recover on Thursday
2023-03-10,2023-03-09 20:00:00+00:00,2023-03-09 16:20:58+00:00,Why Friday's Jobs Report Won't Save The S&amp;P 500 From Fed Hawks
2023-03-10,2023-03-09 20:00:00+00:00,2023-03-09 18:39:11+00:00,Construction jobs hold the key to understanding Friday's February jobs report
2023-03-13,2023-03-10 20:00:00+00:00,2023-03-10 19:17:00+00:00,Renaissance IPO ETF tumbles 3.6% to put its weekly losses close to 10% as Silicon Valley Bank collapse weighs
2023-03-13,2023-03-10 20:00:00+00:00,2023-03-10 19:38:00+00:00,The Stock Market Is Getting Hit by Higher Rates and Tumbling Banks. Why the Next Move Could Be Higher.
2023-03-13,2023-03-10 20:00:00+00:00,2023-03-10 19:45:00+00:00,Apple downgraded to sell by LightShed amid iPhone concerns
2023-03-13,2023-03-10 20:00:00+00:00,2023-03-10 19:51:00+00:00,What is a stock-trading halt and why do exchanges order them?
2023-03-13,2023-03-10 20:00:00+00:00,2023-03-10 19:54:04+00:00,"GLOBAL MARKETS-Wall Street tumbles, Treasury yields slide after jobs report as bank jitters spread"
2023-03-14,2023-03-13 20:00:00+00:00,2023-03-13 08:45:32+00:00,FTSE 100 slips at the open as HSBC buys Silicon Valley Bank UK arm for £1
2023-03-14,2023-03-13 20:00:00+00:00,2023-03-13 10:18:10+00:00,"Dow Jones Futures Fall; Regulators Protect All SVB Deposits, But Bank Stocks Keep Tumbling"
2023-03-14,2023-03-13 20:00:00+00:00,2023-03-13 11:04:10+00:00,"Dow Jones Futures Rise; Regulators Protect All SVB Deposits, But Bank Stocks Keep Tumbling"
2023-03-14,2023-03-13 20:00:00+00:00,2023-03-13 11:43:51+00:00,"Stock market news today: Stocks rise, bond yields, bank stocks fall on SVB fallout"
2023-03-14,2023-03-13 20:00:00+00:00,2023-03-13 19:23:22+00:00,"Inflation data arrives at critical moment for Fed after bank failures, jobs data"
2023-03-15,2023-03-14 20:00:00+00:00,2023-03-13 21:03:13+00:00,"What to know from today – SVB fallout, regional bank contagion"
2023-03-15,2023-03-14 20:00:00+00:00,2023-03-14 11:23:56+00:00,"Stock market news today: Futures march higher, regional banks rally ahead of CPI"
2023-03-15,2023-03-14 20:00:00+00:00,2023-03-14 13:45:03+00:00,Stocks trade higher at the open following February CPI report
2023-03-16,2023-03-15 20:00:00+00:00,2023-03-15 18:50:16+00:00,"Fortinet, IBD Stock Of The Day, Helps Companies Protect Valuable Data"
2023-03-16,2023-03-15 20:00:00+00:00,2023-03-15 18:55:51+00:00,GLOBAL MARKETS-Global sell-off resumes after Credit Suisse renews worries; gold rallies
2023-03-16,2023-03-15 20:00:00+00:00,2023-03-15 19:00:27+00:00,What's a Butterfly Portfolio? Graham Stephan Has the Answer
2023-03-16,2023-03-15 20:00:00+00:00,2023-03-15 19:30:09+00:00,Credit Suisse Seeks Help From Real SNB (Swiss National Bank) After Saudi National Bank Rules Out Additional Assistance
2023-03-16,2023-03-15 20:00:00+00:00,2023-03-15 19:36:00+00:00,Swiss National Bank to provide liquidity to Credit Suisse ‘if necessary’
2023-03-17,2023-03-16 20:00:00+00:00,2023-03-16 19:16:00+00:00,FDA committee says benefits outweigh risks for Pfizer’s Paxlovid
2023-03-17,2023-03-16 20:00:00+00:00,2023-03-16 19:35:00+00:00,Virgin Orbit’s stock plummets after company announces ‘operational pause’
2023-03-17,2023-03-16 20:00:00+00:00,2023-03-16 19:36:00+00:00,"Markets, investors in a ‘wait-and-see mode’ amid financial system distress: Strategist"
2023-03-17,2023-03-16 20:00:00+00:00,2023-03-16 19:43:00+00:00,The Yield Curve Inversion Is Shrinking. Wall Street Should Be Smiling.
2023-03-17,2023-03-16 20:00:00+00:00,2023-03-16 19:51:00+00:00,U.S. stocks up sharply as First Republic gets rescue from banks
2023-03-20,2023-03-17 20:00:00+00:00,2023-03-17 18:51:28+00:00,"GLOBAL MARKETS-Global equities fall, gold rallies as banking worries linger"
2023-03-20,2023-03-17 20:00:00+00:00,2023-03-17 19:08:00+00:00,This Bond Yield Fell to a Key Level. What it Means for Stocks.
2023-03-20,2023-03-17 20:00:00+00:00,2023-03-17 19:11:23+00:00,Stock Market Not Feeling Lucky On St. Patrick's Day; Nvidia Rises Again
2023-03-20,2023-03-17 20:00:00+00:00,2023-03-17 19:14:00+00:00,Here's Why I'll Have the Last Laugh in This Market
2023-03-20,2023-03-17 20:00:00+00:00,2023-03-17 19:51:27+00:00,Is A Recession Priced Into The Market?
2023-03-21,2023-03-20 20:00:00+00:00,2023-03-20 16:33:51+00:00,Federal Reserve Rate Hike Odds Grow As Bank-Crisis Fears Ebb; S&amp;P 500 Rises
2023-03-21,2023-03-20 20:00:00+00:00,2023-03-20 16:51:00+00:00,Foot Locker stock falls as weak guidance overshadows plan to expand sneaker line and relaunch core brand
2023-03-21,2023-03-20 20:00:00+00:00,2023-03-20 18:01:29+00:00,Why I never invest in bank shares
2023-03-21,2023-03-20 20:00:00+00:00,2023-03-20 18:23:00+00:00,The Stock Market Is Extra Volatile Now. What It Means for Investment Returns.
2023-03-21,2023-03-20 20:00:00+00:00,2023-03-20 18:52:02+00:00,Dow futures tick higher following relief rally
2023-03-22,2023-03-21 20:00:00+00:00,2023-03-21 16:20:00+00:00,Why Big Banks’ Stocks Look Too Cheap to Ignore
2023-03-22,2023-03-21 20:00:00+00:00,2023-03-21 17:08:57+00:00,GLOBAL MARKETS-Global shares jump but bank 'whack-a-mole' not over
2023-03-22,2023-03-21 20:00:00+00:00,2023-03-21 17:51:00+00:00,Stocks Could Be Headed for Another Tumble. It Won’t Look Like the Last One.
2023-03-22,2023-03-21 20:00:00+00:00,2023-03-21 18:48:02+00:00,"Dow futures steady, Gamestop surges 47.4% after earnings"
2023-03-22,2023-03-21 20:00:00+00:00,2023-03-21 19:24:35+00:00,Bitcoin and the Liquidity Question: More Complex Than It Seems
2023-03-23,2023-03-22 20:00:00+00:00,2023-03-22 18:19:00+00:00,"Fed Hikes Rates Despite Ongoing Banking Crisis, Cites High Inflation Risk"
2023-03-23,2023-03-22 20:00:00+00:00,2023-03-22 18:25:43+00:00,"Federal Reserve Hikes Key Rate, Signals It's Almost Done; S&amp;P 500 Rises"
2023-03-23,2023-03-22 20:00:00+00:00,2023-03-22 18:29:50+00:00,"The Fed’s job ‘isn’t done yet’ as inflation persists during bank crisis, strategist explains"
2023-03-23,2023-03-22 20:00:00+00:00,2023-03-22 19:01:35+00:00,Warren Buffett Loves This Investing Strategy. Should You Try It?
2023-03-23,2023-03-22 20:00:00+00:00,2023-03-22 19:26:02+00:00,"Dow futures lift, Fed hikes 0.25%"
2023-03-24,2023-03-23 20:00:00+00:00,2023-03-23 16:11:25+00:00,Stocks rally after Fed signals rate hikes near end: Stock market news today
2023-03-24,2023-03-23 20:00:00+00:00,2023-03-23 17:06:09+00:00,US STOCKS-Nasdaq leads Wall Street rally as hopes of Fed rate-hike pause grow
2023-03-24,2023-03-23 20:00:00+00:00,2023-03-23 17:29:10+00:00,"Analysis-Fed pause before European peers to lift Treasuries, European stocks"
2023-03-24,2023-03-23 20:00:00+00:00,2023-03-23 18:22:35+00:00,US STOCKS-Wall Street rallies on hopes of Fed policy pause
2023-03-24,2023-03-23 20:00:00+00:00,2023-03-23 19:11:17+00:00,Is It Time To Buy Gold Stocks And ETFs As Banking Crisis Rocks Investors? Here's What Charts Show
2023-03-27,2023-03-24 20:00:00+00:00,2023-03-24 16:05:04+00:00,Should Value Investors Consider Crescent Point Energy (CPG) Stock?
2023-03-27,2023-03-24 20:00:00+00:00,2023-03-24 17:00:05+00:00,4 Inflation-Proof Sector ETFs to Play
2023-03-27,2023-03-24 20:00:00+00:00,2023-03-24 18:12:00+00:00,Microsoft and Other Growth Stocks Worth a Look—And How to Find More
2023-03-27,2023-03-24 20:00:00+00:00,2023-03-24 18:39:44+00:00,US STOCKS-Wall Street recovers as Fed officials calm bank fears
2023-03-27,2023-03-24 20:00:00+00:00,2023-03-24 19:32:07+00:00,"2 Highly-Ranked, Market-Beating Value Stocks to Buy Amid Bank Fears"
2023-03-28,2023-03-27 20:00:00+00:00,2023-03-27 17:41:46+00:00,12 Best Consumer Cyclical Dividend Stocks To Buy Now
2023-03-28,2023-03-27 20:00:00+00:00,2023-03-27 18:03:00+00:00,5 Lessons Advisors Can Learn From Silicon Valley Bank’s Failure
2023-03-28,2023-03-27 20:00:00+00:00,2023-03-27 18:58:36+00:00,"US STOCKS-Dow, S&amp;P 500 up as SVB deal lifts bank shares; Nasdaq dips"
2023-03-28,2023-03-27 20:00:00+00:00,2023-03-27 19:34:02+00:00,US equities mixed as bank stocks advance
2023-03-28,2023-03-27 20:00:00+00:00,2023-03-27 19:56:53+00:00,Check Out These Sweet Defensive Stocks Hitting New Highs
2023-03-29,2023-03-28 20:00:00+00:00,2023-03-28 17:33:00+00:00,The Price of Oil Has Tumbled. Its Next Move Is Key.
2023-03-29,2023-03-28 20:00:00+00:00,2023-03-28 17:40:25+00:00,Stock Market Weakens; Warren Buffett Makes A Quick $450 Million; Micron Stock Slides Ahead Of Earnings
2023-03-29,2023-03-28 20:00:00+00:00,2023-03-28 17:49:00+00:00,Goldman: Banks Won’t Tank the Economy or Stock Market. Probably.
2023-03-29,2023-03-28 20:00:00+00:00,2023-03-28 18:57:15+00:00,US STOCKS-Wall Street falls with tech shares as yields up
2023-03-29,2023-03-28 20:00:00+00:00,2023-03-28 19:16:00+00:00,The Regulatory Crackdown on Crypto Continues. Coinbase Stock Is Holding Up.
2023-03-30,2023-03-29 20:00:00+00:00,2023-03-29 19:08:03+00:00,US equities rise in broad-based rally
2023-03-30,2023-03-29 20:00:00+00:00,2023-03-29 19:27:25+00:00,GLOBAL MARKETS-Shares rally as bank support cheers investors
2023-03-30,2023-03-29 20:00:00+00:00,2023-03-29 19:40:00+00:00,Walt Disney’s Layoffs Include the Man Who Sold It Marvel
2023-03-30,2023-03-29 20:00:00+00:00,2023-03-29 19:49:31+00:00,Why Carnival Stock Was Climbing Today
2023-03-30,2023-03-29 20:00:00+00:00,2023-03-29 20:00:00+00:00,Warning: A Fed Pivot Is Not As Bullish As You Think
2023-03-31,2023-03-30 20:00:00+00:00,2023-03-30 18:20:10+00:00,Why Kohl's Stock Was Climbing on Thursday
2023-03-31,2023-03-30 20:00:00+00:00,2023-03-30 18:35:49+00:00,"Stocks could end the year 14% higher—and it’s because the banking crisis, according to veteran investment strategist Ed Yardeni"
2023-03-31,2023-03-30 20:00:00+00:00,2023-03-30 18:58:23+00:00,US STOCKS-Wall St edges up with tech-focused shares; regional banks fall
2023-03-31,2023-03-30 20:00:00+00:00,2023-03-30 19:13:54+00:00,Stock Market Rangebound; Chip Stock Up 13% This Week; Health Stock Sinks On Deal News
2023-03-31,2023-03-30 20:00:00+00:00,2023-03-30 19:48:06+00:00,Investors giving ‘an eye toward big tech’ in search for quality in S&amp;P stocks: Analyst
2023-04-03,2023-03-31 20:00:00+00:00,2023-03-31 18:49:00+00:00,"The Best—and Worst—Stocks This Quarter in the Nasdaq-100, S&amp;P 500, and Dow"
2023-04-03,2023-03-31 20:00:00+00:00,2023-03-31 18:50:03+00:00,"GLOBAL MARKETS-Inflation data spurs rise in stocks, drop in U.S. yields"
2023-04-03,2023-03-31 20:00:00+00:00,2023-03-31 19:14:16+00:00,"RPT-GLOBAL MARKETS-Inflation data spurs rise in stocks, drop in U.S. yields"
2023-04-03,2023-03-31 20:00:00+00:00,2023-03-31 19:31:00+00:00,Trump’s Indictment Boosts Conservative Media Stocks
2023-04-03,2023-03-31 20:00:00+00:00,2023-03-31 19:32:00+00:00,Tesla Deliveries Are Coming. There Are 2 Key Numbers to Watch.
2023-04-04,2023-04-03 20:00:00+00:00,2023-04-03 17:28:37+00:00,"Oil surges, Dow gains, tech sinks: Stock market news today"
2023-04-04,2023-04-03 20:00:00+00:00,2023-04-03 17:53:42+00:00,We're moving closer to a recession: Strategist
2023-04-04,2023-04-03 20:00:00+00:00,2023-04-03 18:29:00+00:00,The WWE and UFC Merger Is Landing With a Thud
2023-04-04,2023-04-03 20:00:00+00:00,2023-04-03 18:34:43+00:00,Stock ETFs See Lowest Quarterly Inflow Since Start of Pandemic
2023-04-04,2023-04-03 20:00:00+00:00,2023-04-03 18:45:00+00:00,Small-Cap Stocks Look Ready to Rally. Take a Look at These Two.
2023-04-05,2023-04-04 20:00:00+00:00,2023-04-04 16:06:13+00:00,US STOCKS-Wall St slips on recession worries after weak economic data
2023-04-05,2023-04-04 20:00:00+00:00,2023-04-04 16:12:30+00:00,Stock Market Slides On New Bank Fears After JPMorgan Predicts Crisis
2023-04-05,2023-04-04 20:00:00+00:00,2023-04-04 16:29:00+00:00,A New Boeing Rating Drags Down the Stock. Production Is What It’s All About.
2023-04-05,2023-04-04 20:00:00+00:00,2023-04-04 16:51:00+00:00,Innovator ETFs Issuer Lives Up to Name With New 'Barrier' Funds
2023-04-05,2023-04-04 20:00:00+00:00,2023-04-04 18:59:06+00:00,Rising Oil Prices? 3 Stocks Worth Considering
2023-04-06,2023-04-05 20:00:00+00:00,2023-04-05 17:51:52+00:00,Fed's stress test gives management 'false sense of security': Bair
2023-04-06,2023-04-05 20:00:00+00:00,2023-04-05 18:46:20+00:00,"Analysts 'still in La La Land' over market downturn, says strategist"
2023-04-06,2023-04-05 20:00:00+00:00,2023-04-05 18:46:43+00:00,"GLOBAL MARKETS-S&amp;P 500 dips, Treasury yields fall as weak data fuels recession fears"
2023-04-06,2023-04-05 20:00:00+00:00,2023-04-05 19:05:46+00:00,Stock Market Sees Mixed Results; Footwear Stock Stumbles On Downgrade
2023-04-06,2023-04-05 20:00:00+00:00,2023-04-05 19:33:29+00:00,Aggressive Fed tightening could push economy ‘deeper into more protracted recession’: Strategist
2023-04-10,2023-04-06 20:00:00+00:00,2023-04-06 18:29:25+00:00,US STOCKS-S&amp;P 500 climbs as investors eye upcoming jobs data
2023-04-10,2023-04-06 20:00:00+00:00,2023-04-06 18:59:52+00:00,"GLOBAL MARKETS-Wall Street rebounds, bond yields steady ahead of jobs report, holiday weekend"
2023-04-10,2023-04-06 20:00:00+00:00,2023-04-06 19:00:24+00:00,This 1 Tip Helped Me Stop Worrying About My Brokerage Account
2023-04-10,2023-04-06 20:00:00+00:00,2023-04-06 19:35:40+00:00,Real estate markets have ‘a lot of room for error’ following bank failure risks: Strategist
2023-04-10,2023-04-06 20:00:00+00:00,2023-04-06 19:45:29+00:00,US stocks rise as investors await crucial jobs report
2023-04-11,2023-04-10 20:00:00+00:00,2023-04-10 16:52:07+00:00,"Hedge Funds Boost S&amp;P Shorts to Decade High Before CPI, Earnings"
2023-04-11,2023-04-10 20:00:00+00:00,2023-04-10 18:24:26+00:00,"US STOCKS-Wall St fluctuates as investors weigh jobs report, earnings on tap"
2023-04-11,2023-04-10 20:00:00+00:00,2023-04-10 18:46:06+00:00,Building a Defensive Portfolio: 3 Utilities Stocks to Consider
2023-04-11,2023-04-10 20:00:00+00:00,2023-04-10 19:23:56+00:00,Equity market has ‘become a liquidity play’ following Fed’s rate hike push: Strategist
2023-04-11,2023-04-10 20:00:00+00:00,2023-04-10 19:25:17+00:00,"Markets remain even, tech stocks drag Nasdaq lower ahead of the closing bell"
2023-04-12,2023-04-11 20:00:00+00:00,2023-04-11 18:00:13+00:00,I'm a Boring Investor. Here's Why I'm Happy About That
2023-04-12,2023-04-11 20:00:00+00:00,2023-04-11 18:19:25+00:00,"Tech: Find companies at the vortex of innovative trends, equity portfolio manager says"
2023-04-12,2023-04-11 20:00:00+00:00,2023-04-11 18:37:06+00:00,3 Quarterly Reports Investors Can't Ignore This Week
2023-04-12,2023-04-11 20:00:00+00:00,2023-04-11 19:30:35+00:00,"Inflation Data Will Shatter the Stock Market Calm, Goldman Partner Warns"
2023-04-12,2023-04-11 20:00:00+00:00,2023-04-11 19:35:00+00:00,US stocks mixed as investors await inflation data and earnings
2023-04-13,2023-04-12 20:00:00+00:00,2023-04-12 18:24:02+00:00,"US STOCKS-Wall St gains after Fed minutes, inflation data"
2023-04-13,2023-04-12 20:00:00+00:00,2023-04-12 18:26:06+00:00,Can El Nino Boost Agricultural ETFs?
2023-04-13,2023-04-12 20:00:00+00:00,2023-04-12 18:33:39+00:00,Slowing US inflation shifts investor focus to earnings season
2023-04-13,2023-04-12 20:00:00+00:00,2023-04-12 19:24:40+00:00,"GLOBAL MARKETS-Dollar falls, stocks rise after cooler U.S. inflation data"
2023-04-13,2023-04-12 20:00:00+00:00,2023-04-12 19:42:33+00:00,Obscure Stock Market Measure Signals Bullish Times Ahead
2023-04-14,2023-04-13 20:00:00+00:00,2023-04-13 18:53:00+00:00,This Manager Sees a Margin of Safety in Stocks Such as KKR and Exor
2023-04-14,2023-04-13 20:00:00+00:00,2023-04-13 19:02:00+00:00,Should You Be an Active or Passive Investor?
2023-04-14,2023-04-13 20:00:00+00:00,2023-04-13 19:38:40+00:00,"S&amp;P 500 Earnings Could Go From Bad to Even Worse in 2023, BofA Says"
2023-04-14,2023-04-13 20:00:00+00:00,2023-04-13 19:38:54+00:00,"Banks likely to ‘play the conservative card’ ahead of earnings, Fed meeting: Strategist"
2023-04-14,2023-04-13 20:00:00+00:00,2023-04-13 19:40:41+00:00,11 Best 5% Dividend Stocks To Buy According To Analysts
2023-04-17,2023-04-14 20:00:00+00:00,2023-04-14 18:23:11+00:00,"US STOCKS-Wall St slides as rate hike expectations firm, banks surge"
2023-04-17,2023-04-14 20:00:00+00:00,2023-04-14 19:11:00+00:00,Stock Market Closes Off Session Lows; Boeing Drags Dow As Banks End Mixed After Earnings
2023-04-17,2023-04-14 20:00:00+00:00,2023-04-14 19:11:00+00:00,Stock Market Stuck In The Red; Banks Kick Off Earnings; ServiceNow Gets Sold
2023-04-17,2023-04-14 20:00:00+00:00,2023-04-14 19:21:21+00:00,"GLOBAL MARKETS-Dollar, yields gain as expectations of Fed rate hike increase"
2023-04-17,2023-04-14 20:00:00+00:00,2023-04-14 19:32:46+00:00,"There’s ‘somewhat of a disconnect’ between Fed’s rate hike rhetoric, market expectations: Strategist"
2023-04-18,2023-04-17 20:00:00+00:00,2023-04-17 18:20:48+00:00,"GLOBAL MARKETS-Stocks weaker as U.S. yields, dollar rise"
2023-04-18,2023-04-17 20:00:00+00:00,2023-04-17 18:28:46+00:00,Morgan Stanley warns stock market is still 'far from out of the woods'
2023-04-18,2023-04-17 20:00:00+00:00,2023-04-17 18:39:39+00:00,"US STOCKS-Wall St slips as investors await earnings, Fed cues"
2023-04-18,2023-04-17 20:00:00+00:00,2023-04-17 19:14:32+00:00,"IBD Stock Of The Day: FND Stock, A Soft-Landing Play, Nears Buy Point"
2023-04-18,2023-04-17 20:00:00+00:00,2023-04-17 19:50:48+00:00,US stocks retreat after mixed bag of earnings
2023-04-19,2023-04-18 20:00:00+00:00,2023-04-18 18:21:57+00:00,"US STOCKS-Wall St treads water as J&amp;J, Goldman disappoint, tech supports"
2023-04-19,2023-04-18 20:00:00+00:00,2023-04-18 18:39:00+00:00,"The S&amp;P 500 Is Flirting With 4200, Again. How to Know If This Rally Is Real."
2023-04-19,2023-04-18 20:00:00+00:00,2023-04-18 18:40:12+00:00,"GLOBAL MARKETS-Stocks gain, US yields slip as earnings season advances"
2023-04-19,2023-04-18 20:00:00+00:00,2023-04-18 19:32:07+00:00,Find 'Strong Buy' Stocks that Boast Impressive Return on Equity
2023-04-19,2023-04-18 20:00:00+00:00,2023-04-18 19:55:00+00:00,"Blackstone, Airbnb, Dell Get Boost From S&amp;P 500 Dual-Class Stock Move"
2023-04-20,2023-04-19 20:00:00+00:00,2023-04-19 17:55:18+00:00,Stock Market Climbs From Day's Depths; Tech Products Distributor Plunges Over 13%
2023-04-20,2023-04-19 20:00:00+00:00,2023-04-19 18:00:00+00:00,Giving diversity a true seat at the boardroom table
2023-04-20,2023-04-19 20:00:00+00:00,2023-04-19 18:41:59+00:00,US STOCKS-S&amp;P 500 little changed as investors digest mixed earnings
2023-04-20,2023-04-19 20:00:00+00:00,2023-04-19 18:45:25+00:00,"GLOBAL MARKETS-Stocks dip, yields rise on rate hike expectations"
2023-04-20,2023-04-19 20:00:00+00:00,2023-04-19 19:13:18+00:00,Stock Market Holds Near Session Highs; This Airline Stock Takes Off
2023-04-21,2023-04-20 20:00:00+00:00,2023-04-20 18:17:18+00:00,Explainer-Looming US debt ceiling fight is starting to worry investors
2023-04-21,2023-04-20 20:00:00+00:00,2023-04-20 18:17:41+00:00,US STOCKS-Wall St slips on downbeat earnings led by Tesla
2023-04-21,2023-04-20 20:00:00+00:00,2023-04-20 18:33:21+00:00,"GLOBAL MARKETS-Stocks dip as Tesla stumbles, US yields retreat after data"
2023-04-21,2023-04-20 20:00:00+00:00,2023-04-20 18:46:28+00:00,"Coca-Cola May Say Revenue, Sales Growth Fell to Two-Year Lows"
2023-04-21,2023-04-20 20:00:00+00:00,2023-04-20 19:45:26+00:00,US stocks retreat and bonds rise as investors sour on economic outlook
2023-04-24,2023-04-21 20:00:00+00:00,2023-04-21 17:43:11+00:00,Top 10 Oil and Gas Stocks To Invest In According to Hedge Funds
2023-04-24,2023-04-21 20:00:00+00:00,2023-04-21 18:07:17+00:00,"Stocks end week lower amid earnings, strong economic data: Stock market news today"
2023-04-24,2023-04-21 20:00:00+00:00,2023-04-21 18:22:31+00:00,Tech earnings to test markets' 'most crowded' trade
2023-04-24,2023-04-21 20:00:00+00:00,2023-04-21 19:00:49+00:00,Mismatch grows between investor nerves and market moves
2023-04-24,2023-04-21 20:00:00+00:00,2023-04-21 19:17:06+00:00,Thinking Of Buying Healthpeak Properties? Here Are The Properties And Tenants You'd Be Adding To Your Portfolio
2023-04-25,2023-04-24 20:00:00+00:00,2023-04-24 19:21:00+00:00,Big Swings in One-Day Volatility Index Leave Traders Bewildered
2023-04-25,2023-04-24 20:00:00+00:00,2023-04-24 19:33:47+00:00,"Bitcoin Drops to $27.3K, Ether Edges Toward $1.8K Amid Investors' Interest Rate Concerns"
2023-04-25,2023-04-24 20:00:00+00:00,2023-04-24 19:39:49+00:00,"Investors Buy Up Earnings Wins, Sending Stocks Higher Than Usual"
2023-04-25,2023-04-24 20:00:00+00:00,2023-04-24 19:42:07+00:00,"Earnings: 'We're still seeing a contraction compared to last year,' strategist explains"
2023-04-25,2023-04-24 20:00:00+00:00,2023-04-24 19:49:11+00:00,"Wall Street Headlines, International Investing, and Stocks to Watch"
2023-04-26,2023-04-25 20:00:00+00:00,2023-04-25 18:27:55+00:00,Bitcoin Begins to Test Inflection Point While Momentum Slows
2023-04-26,2023-04-25 20:00:00+00:00,2023-04-25 18:47:00+00:00,Can Nike Stock Sprint to New 2023 Highs? Here's the Level to Watch.
2023-04-26,2023-04-25 20:00:00+00:00,2023-04-25 18:54:47+00:00,US STOCKS-Wall St falls as weak earnings fan fears of economic slowdown
2023-04-26,2023-04-25 20:00:00+00:00,2023-04-25 19:04:24+00:00,Southwest's Losses Expected To Shrink in Q1 as It Shakes Off Disastrous Holiday Season
2023-04-26,2023-04-25 20:00:00+00:00,2023-04-25 19:44:24+00:00,US stocks retreat as First Republic reignites bank worries
2023-04-27,2023-04-26 20:00:00+00:00,2023-04-26 17:55:56+00:00,Stock Market Parses Through Earnings Reports; Chipotle Rises Above The Rest
2023-04-27,2023-04-26 20:00:00+00:00,2023-04-26 18:15:00+00:00,The Fed’s Balance Sheet Is Shrinking Again. What That Means for Stocks.
2023-04-27,2023-04-26 20:00:00+00:00,2023-04-26 18:37:24+00:00,UPDATE 1-Refinitiv data shows smaller decline in U.S. earnings view
2023-04-27,2023-04-26 20:00:00+00:00,2023-04-26 19:04:28+00:00,"Caterpillar Earnings: S&amp;P 500 Bellwether Could Show How Much Bank Crisis Is Hitting Construction, Economy"
2023-04-27,2023-04-26 20:00:00+00:00,2023-04-26 19:21:57+00:00,US tech stocks a bright spot on Wall Street as bank concerns linger
2023-04-28,2023-04-27 20:00:00+00:00,2023-04-27 18:20:45+00:00,Stocks Soar as Meta Revs Up the Market
2023-04-28,2023-04-27 20:00:00+00:00,2023-04-27 18:30:52+00:00,"One-Day VIX Shows Market’s Receding Fear of Inflation Data, Fed Decisions"
2023-04-28,2023-04-27 20:00:00+00:00,2023-04-27 18:32:46+00:00,CORRECTED-US STOCKS-Wall St rallies as Meta earnings offset economy worries
2023-04-28,2023-04-27 20:00:00+00:00,2023-04-27 18:38:15+00:00,US stocks rally on Big Tech gains
2023-04-28,2023-04-27 20:00:00+00:00,2023-04-27 19:28:18+00:00,S&amp;P 500 won't 'have as much breathing room' as margins narrow in 2023: Strategist
2023-05-01,2023-04-28 20:00:00+00:00,2023-04-28 17:45:00+00:00,Why This Might Be the Year to ‘Sell in May and Go Away’
2023-05-01,2023-04-28 20:00:00+00:00,2023-04-28 18:00:06+00:00,3 Software &amp; Services Stocks Looking Relatively Stable In 2023
2023-05-01,2023-04-28 20:00:00+00:00,2023-04-28 18:00:19+00:00,Apple Rising As Investors Bet On A Sunny March-Quarter Report
2023-05-01,2023-04-28 20:00:00+00:00,2023-04-28 18:01:00+00:00,The S&amp;P 500’s Best and Worst Performers in April
2023-05-01,2023-04-28 20:00:00+00:00,2023-04-28 18:22:48+00:00,"US STOCKS-Wall St climbs as strong earnings offset worries, Fed meeting in focus"
2023-05-02,2023-05-01 20:00:00+00:00,2023-05-01 17:56:00+00:00,Charting the S&amp;P 500: Remaining at Resistance
2023-05-02,2023-05-01 20:00:00+00:00,2023-05-01 17:57:41+00:00,U.S. economy is slowing down: Economist
2023-05-02,2023-05-01 20:00:00+00:00,2023-05-01 18:00:41+00:00,Don’t Buy Stocks on This Day of the Week
2023-05-02,2023-05-01 20:00:00+00:00,2023-05-01 18:18:12+00:00,Stocks rise as JPMorgan Chase takes over First Republic: Stock market news today
2023-05-02,2023-05-01 20:00:00+00:00,2023-05-01 19:16:36+00:00,"GLOBAL MARKETS-Wall St stocks mixed, dollar gains with data; Fed, earnings in the wings"
2023-05-03,2023-05-02 20:00:00+00:00,2023-05-02 19:13:44+00:00,Dow Jones Dives As PacWest Plunges; Carl Icahn Stock Craters Amid Short-Seller Attack
2023-05-03,2023-05-02 20:00:00+00:00,2023-05-02 19:15:00+00:00,"US STOCKS-Indexes fall as regional banks tumble, investors worry ahead of Fed meeting"
2023-05-03,2023-05-02 20:00:00+00:00,2023-05-02 19:24:07+00:00,New Media vs. Old Media: Winners &amp; Losers
2023-05-03,2023-05-02 20:00:00+00:00,2023-05-02 19:33:13+00:00,"Stock Market Rally in Sight If Fed Hikes Then Pauses, JPMorgan Says"
2023-05-03,2023-05-02 20:00:00+00:00,2023-05-02 19:44:28+00:00,Portfolio diversification is 'really key' in this environment for clients: Guggenheim co-president
2023-05-04,2023-05-03 20:00:00+00:00,2023-05-03 18:57:00+00:00,WATCH LIVE: Fed Opens Door to Rate Pause After 10th Straight Hike
2023-05-04,2023-05-03 20:00:00+00:00,2023-05-03 18:57:00+00:00,Fed Opens Door to Rate Pause After 10th Straight Hike
2023-05-04,2023-05-03 20:00:00+00:00,2023-05-03 19:06:11+00:00,Markets Waver After Powell Says Fed 'Prepared to Do More'
2023-05-04,2023-05-03 20:00:00+00:00,2023-05-03 19:39:43+00:00,Stocks Falter. Fed Doesn’t See Prospect of Rate Cuts.
2023-05-04,2023-05-03 20:00:00+00:00,2023-05-03 19:51:40+00:00,Stocks Turn Negative After Powell Dismisses Rate Cuts in 2023
2023-05-05,2023-05-04 20:00:00+00:00,2023-05-04 18:40:14+00:00,US STOCKS-Wall Street drops as PacWest fuels fears of deeper bank crisis
2023-05-05,2023-05-04 20:00:00+00:00,2023-05-04 19:01:25+00:00,How Would a Biden vs. Trump Rematch Affect Stock Market Performance?
2023-05-05,2023-05-04 20:00:00+00:00,2023-05-04 19:27:00+00:00,Chart of the Day: This Stock Is Entering a Flashing Yellow Light
2023-05-05,2023-05-04 20:00:00+00:00,2023-05-04 19:27:10+00:00,Stock Market Off Lows Ahead Of Apple And Jobs; Prostate Cancer Stock Jumps 15% After Earnings
2023-05-05,2023-05-04 20:00:00+00:00,2023-05-04 19:30:17+00:00,"GLOBAL MARKETS-Stocks sag, dollar gains as investors eye central bank news, weakening economy"
2023-05-08,2023-05-05 20:00:00+00:00,2023-05-05 18:01:00+00:00,Experts Weigh In: Should You Play the Lottery?
2023-05-08,2023-05-05 20:00:00+00:00,2023-05-05 18:29:00+00:00,Forget Home Depot and Lowe’s. Here’s the Home Improvement Stock to Buy Now.
2023-05-08,2023-05-05 20:00:00+00:00,2023-05-05 18:40:26+00:00,"Stocks Set to Snap 4-Day Losing Streak, but Still Down on the Week"
2023-05-08,2023-05-05 20:00:00+00:00,2023-05-05 19:00:12+00:00,What if the relative decline of US stocks isn’t temporary?
2023-05-08,2023-05-05 20:00:00+00:00,2023-05-05 19:31:57+00:00,Investors try to survive in 'zombie apocalypse market' amid consumer staples shakeup: Strategist
2023-05-09,2023-05-08 20:00:00+00:00,2023-05-08 19:14:18+00:00,Top 5 ETFs of 2021
2023-05-09,2023-05-08 20:00:00+00:00,2023-05-08 19:24:40+00:00,"Markets aren't 'going back to retest the lows' amid debt limit, financial conditions: Portfolio Manager"
2023-05-09,2023-05-08 20:00:00+00:00,2023-05-08 19:25:00+00:00,Peltz Isn’t Exploring Activist Campaign Against Estee Lauder: Report
2023-05-09,2023-05-08 20:00:00+00:00,2023-05-08 19:30:12+00:00,"Fast-Money Quants, Human Traders Most Split on Stocks Since 2019"
2023-05-09,2023-05-08 20:00:00+00:00,2023-05-08 19:36:10+00:00,Wall Street subdued as US regional bank rally loses steam
2023-05-10,2023-05-09 20:00:00+00:00,2023-05-09 17:25:42+00:00,"Buyback Bonanza Powers $2.2 Billion Into US Stocks, BofA Says"
2023-05-10,2023-05-09 20:00:00+00:00,2023-05-09 18:13:00+00:00,"Honeywell, CSX, and Other Big Manufacturers Crushed Earnings. What’s Next."
2023-05-10,2023-05-09 20:00:00+00:00,2023-05-09 18:14:25+00:00,Shares of data analytics firm Palantir surge 22% on profit forecast
2023-05-10,2023-05-09 20:00:00+00:00,2023-05-09 19:24:36+00:00,Why Warner Music Group Stock Fell on Tuesday
2023-05-10,2023-05-09 20:00:00+00:00,2023-05-09 19:34:57+00:00,"Markets need 'Fed to be done, inflation back below 3%' to begin trading to upside: Strategist"
2023-05-11,2023-05-10 20:00:00+00:00,2023-05-10 18:14:56+00:00,Analysis: Inflation may not be cooling fast enough to justify stock valuations
2023-05-11,2023-05-10 20:00:00+00:00,2023-05-10 18:30:44+00:00,US Treasuries rally and stocks waver after inflation dips
2023-05-11,2023-05-10 20:00:00+00:00,2023-05-10 18:47:51+00:00,US STOCKS-Nasdaq leads Wall St gains on signs of easing inflation
2023-05-11,2023-05-10 20:00:00+00:00,2023-05-10 19:06:07+00:00,2 Great Stocks to Play the Internet Services Industry
2023-05-11,2023-05-10 20:00:00+00:00,2023-05-10 19:11:14+00:00,"GLOBAL MARKETS-Stocks mixed as U.S. inflation data trends lower, bond yields slide"
2023-05-12,2023-05-11 20:00:00+00:00,2023-05-11 16:46:39+00:00,"US STOCKS-Dow, S&amp;P 500 weighed down by Disney; PacWest leads regional banks lower"
2023-05-12,2023-05-11 20:00:00+00:00,2023-05-11 18:47:35+00:00,"Rao's is the 'driver of the momentum of the business', Sovos Brands CEO explains"
2023-05-12,2023-05-11 20:00:00+00:00,2023-05-11 19:00:41+00:00,Millennials: How and Where To Start Investing
2023-05-12,2023-05-11 20:00:00+00:00,2023-05-11 19:32:37+00:00,"Inflation: April CPI print is 'pretty good news' for Fed's disinflationary outlook, strategist says"
2023-05-12,2023-05-11 20:00:00+00:00,2023-05-11 19:38:02+00:00,"Dow futures little changed, Tesla lifts as Elon Musk leaves Twitter"
2023-05-15,2023-05-12 20:00:00+00:00,2023-05-12 18:21:06+00:00,Investors Are Diving Into These 3 Construction Stocks
2023-05-15,2023-05-12 20:00:00+00:00,2023-05-12 18:43:49+00:00,US STOCKS-Indexes drop with tech-related shares; consumer sentiment falls
2023-05-15,2023-05-12 20:00:00+00:00,2023-05-12 19:11:00+00:00,It May Be Time to Nibble on Small Caps. Just Don’t Gorge.
2023-05-15,2023-05-12 20:00:00+00:00,2023-05-12 19:16:05+00:00,"Dow, S&amp;P 500 on Track to End Week Lower"
2023-05-15,2023-05-12 20:00:00+00:00,2023-05-12 19:52:56+00:00,First Solar Shares Soar on Purchase of Swedish Solar Tech Firm
2023-05-16,2023-05-15 20:00:00+00:00,2023-05-15 19:31:19+00:00,Debt print shows consumers are likely to 'hang on in second half of 2023: Strategist
2023-05-16,2023-05-15 20:00:00+00:00,2023-05-15 19:38:19+00:00,"Debt ceiling agreement is 'still pretty far apart' in select areas, expert explains"
2023-05-16,2023-05-15 20:00:00+00:00,2023-05-15 19:46:54+00:00,"Elon Musk, other CEO's median pay packages fell in 2022"
2023-05-16,2023-05-15 20:00:00+00:00,2023-05-15 19:52:52+00:00,Focus shifts to retailers as U.S. quarterly results hit final leg
2023-05-16,2023-05-15 20:00:00+00:00,2023-05-15 19:54:00+00:00,U.S. sustainable funds faced continued outflows in April -Morningstar
2023-05-17,2023-05-16 20:00:00+00:00,2023-05-16 17:58:51+00:00,"Stocks Are Mixed, With Eyes on Debt-Ceiling Talks"
2023-05-17,2023-05-16 20:00:00+00:00,2023-05-16 18:23:23+00:00,More than 70% of investors think debt ceiling standoff gets resolved before 'X-date'
2023-05-17,2023-05-16 20:00:00+00:00,2023-05-16 18:58:57+00:00,Large Cap Stocks Are Winning In 2023
2023-05-17,2023-05-16 20:00:00+00:00,2023-05-16 18:58:59+00:00,US stocks fluctuate as investors await debt ceiling talks
2023-05-17,2023-05-16 20:00:00+00:00,2023-05-16 19:51:07+00:00,Technology ETF (XLK) Hits New 52-Week High
2023-05-18,2023-05-17 20:00:00+00:00,2023-05-17 17:57:52+00:00,The Wall Street ‘Fear Gauge’ Is Going Up — Here’s What That Means for You
2023-05-18,2023-05-17 20:00:00+00:00,2023-05-17 18:22:15+00:00,Dow Soars 400 Points as Stocks Keep Climbing
2023-05-18,2023-05-17 20:00:00+00:00,2023-05-17 19:00:07+00:00,"US STOCKS-Wall St rallies on debt ceiling hopes, regional bank rebound"
2023-05-18,2023-05-17 20:00:00+00:00,2023-05-17 19:01:07+00:00,Stocks Now Headed for New Highs?
2023-05-18,2023-05-17 20:00:00+00:00,2023-05-17 19:20:31+00:00,Stock Market Holds Gains; Chip Equipment Maker Breaks Out
2023-05-19,2023-05-18 20:00:00+00:00,2023-05-18 18:47:04+00:00,US stocks lifted by progress in Washington on debt ceiling deal
2023-05-19,2023-05-18 20:00:00+00:00,2023-05-18 19:11:51+00:00,"US STOCKS-Debt ceiling optimism helps lift S&amp;P 500, Nasdaq"
2023-05-19,2023-05-18 20:00:00+00:00,2023-05-18 19:27:32+00:00,Target Stock Is Worst Performer in S&amp;P 500
2023-05-19,2023-05-18 20:00:00+00:00,2023-05-18 19:31:58+00:00,Bath &amp; Body Works entices loyal customers
2023-05-19,2023-05-18 20:00:00+00:00,2023-05-18 19:45:24+00:00,ETFs to play around the debt default risk
2023-05-22,2023-05-19 20:00:00+00:00,2023-05-19 18:52:02+00:00,An Ugly Day For Ulta Beauty
2023-05-22,2023-05-19 20:00:00+00:00,2023-05-19 18:56:57+00:00,US STOCKS-Wall St retreats on debt ceiling jitters
2023-05-22,2023-05-19 20:00:00+00:00,2023-05-19 19:00:14+00:00,First-quarter U.S. earnings estimate brightens -Refinitiv
2023-05-22,2023-05-19 20:00:00+00:00,2023-05-19 19:16:21+00:00,Stock Market Holds Losses As Debt Talks Stall; Warren Buffett's Berkshire Buys More OXY
2023-05-22,2023-05-19 20:00:00+00:00,2023-05-19 19:35:58+00:00,"Debt ceiling: 'More noise means more volatility' in markets, strategist says"
2023-05-23,2023-05-22 20:00:00+00:00,2023-05-22 18:46:33+00:00,Game Theory Offers Clue to Market Calm Amid Debt Impasse
2023-05-23,2023-05-22 20:00:00+00:00,2023-05-22 19:08:25+00:00,US stocks climb on debt ceiling talk optimism
2023-05-23,2023-05-22 20:00:00+00:00,2023-05-22 19:14:43+00:00,"GLOBAL MARKETS-Global shares rise on hopes of US debt ceiling deal, gold eases"
2023-05-23,2023-05-22 20:00:00+00:00,2023-05-22 19:39:47+00:00,"Bank of America lifts year-end S&amp;P 500 target to 4,300"
2023-05-23,2023-05-22 20:00:00+00:00,2023-05-22 19:50:56+00:00,Debt limit: Investment opportunities as markets await deal
2023-05-24,2023-05-23 20:00:00+00:00,2023-05-23 08:26:17+00:00,European and Asian stocks fall on US debt ceiling jitters
2023-05-24,2023-05-23 20:00:00+00:00,2023-05-23 08:48:38+00:00,Citi Says Buyers Plow $21 Billion Into US Stocks
2023-05-24,2023-05-23 20:00:00+00:00,2023-05-23 09:06:00+00:00,"This Stock Market Indicator Is 14 for 14 Since 1985, and It Has a Very Clear Message for Where Stocks Are Headed"
2023-05-24,2023-05-23 20:00:00+00:00,2023-05-23 09:18:00+00:00,2 Growth Stocks Brilliant Money Managers Are Buying Hand Over Fist
2023-05-24,2023-05-23 20:00:00+00:00,2023-05-23 10:17:03+00:00,U.S. Stocks Fall as Investors Seek More Debt Ceiling Progress
2023-06-01,2023-05-31 20:00:00+00:00,2023-05-31 19:08:29+00:00,Stocks Pare Some Losses After Comments From Fed Officials
2023-06-01,2023-05-31 20:00:00+00:00,2023-05-31 19:28:29+00:00,Stocks move lower in last trading day of May
2023-06-01,2023-05-31 20:00:00+00:00,2023-05-31 19:30:00+00:00,"Neutral Is a Position, and Las Vegas IS an Indicator"
2023-06-01,2023-05-31 20:00:00+00:00,2023-05-31 19:35:10+00:00,JOLTS data surprise: What it could mean for June Fed meeting
2023-06-01,2023-05-31 20:00:00+00:00,2023-05-31 19:42:14+00:00,U.S. banks sink on concerns about office real estate loans
2023-06-02,2023-06-01 20:00:00+00:00,2023-06-01 18:42:00+00:00,"Stick With Greece, Sell South Africa"
2023-06-02,2023-06-01 20:00:00+00:00,2023-06-01 18:50:28+00:00,"US STOCKS-Wall Street rises on hopes of Fed rate hike pause, debt ceiling deal cheer"
2023-06-02,2023-06-01 20:00:00+00:00,2023-06-01 19:05:45+00:00,Stocks Rising As Debt Deal Progresses
2023-06-02,2023-06-01 20:00:00+00:00,2023-06-01 19:16:01+00:00,Dow Jones Rallies As Schumer Makes Debt-Ceiling Push Despite Snag; Dollar General Stock Craters
2023-06-02,2023-06-01 20:00:00+00:00,2023-06-01 19:42:00+00:00,Momentum Building: 4 Stocks That Could Move Higher After a Strong Week
2023-06-05,2023-06-02 20:00:00+00:00,2023-06-02 19:24:49+00:00,Surging US megacap stocks leave some wondering when to cash out
2023-06-05,2023-06-02 20:00:00+00:00,2023-06-02 19:34:13+00:00,Stock Market Holds Friday Afternoon Gains; Cathie Wood Adds More Of This Stock
2023-06-05,2023-06-02 20:00:00+00:00,2023-06-02 19:36:47+00:00,Tech stocks have powered market gains: Can it last?
2023-06-05,2023-06-02 20:00:00+00:00,2023-06-02 19:37:59+00:00,Another boost to U.S. earnings puts Q1 view at flat vs year ago -Refinitiv
2023-06-05,2023-06-02 20:00:00+00:00,2023-06-02 19:55:52+00:00,10 Stocks Jim Cramer and Hedge Funds Have In Common
2023-06-06,2023-06-05 20:00:00+00:00,2023-06-05 19:15:02+00:00,Dow Jones Falls As Apple Unveils These Products; This Stock Soars After Cathie Wood Sells It
2023-06-06,2023-06-05 20:00:00+00:00,2023-06-05 19:20:00+00:00,Large-Cap Blend ETF (OEF) Hits New 52-Week High
2023-06-06,2023-06-05 20:00:00+00:00,2023-06-05 19:20:00+00:00,2 Super Stocks to Buy Hand Over Fist in June
2023-06-06,2023-06-05 20:00:00+00:00,2023-06-05 19:22:17+00:00,How Apple's stock reacted to Vision Pro announcement
2023-06-06,2023-06-05 20:00:00+00:00,2023-06-05 19:33:09+00:00,"Fed funds rate of 5% is 'quite restrictive', says strategist"
2023-06-07,2023-06-06 20:00:00+00:00,2023-06-06 17:28:02+00:00,The VIX Is Flirting With Its Early 2020 Low. What It Means.
2023-06-07,2023-06-06 20:00:00+00:00,2023-06-06 18:00:00+00:00,Will S&amp;P 500 ETFs to Slump Ahead Except the Super Seven?
2023-06-07,2023-06-06 20:00:00+00:00,2023-06-06 18:03:55+00:00,GLOBAL MARKETS-Stocks edge up as Aussie hike provides rates reminder
2023-06-07,2023-06-06 20:00:00+00:00,2023-06-06 19:44:00+00:00,The S&amp;P 500 Has Broken Above 4200. Meets Its Next Challenge.
2023-06-07,2023-06-06 20:00:00+00:00,2023-06-06 19:46:12+00:00,S&amp;P 500: Market expectations becoming 'much more sensible' as AI hype continues
2023-06-08,2023-06-07 20:00:00+00:00,2023-06-07 17:55:03+00:00,Stock Market Turns Lower As Investors Focus On Rate Outlook. Restaurant Stock Soars 18%.
2023-06-08,2023-06-07 20:00:00+00:00,2023-06-07 18:15:25+00:00,The S&amp;P 500 Pulls Back From Bull-Market Territory
2023-06-08,2023-06-07 20:00:00+00:00,2023-06-07 19:14:03+00:00,"Stock Market Remains Lower, But This Index Runs Away. AI-Focused Stock Up 230% This Year."
2023-06-08,2023-06-07 20:00:00+00:00,2023-06-07 19:14:03+00:00,Stock Market Remains Lower But This Index Runs Away. AI-Focused Stock Up 230% This Year.
2023-06-08,2023-06-07 20:00:00+00:00,2023-06-07 19:28:28+00:00,Wall Street strategists get more bullish as stocks rise. They're still not optimistic enough.
2023-06-09,2023-06-08 20:00:00+00:00,2023-06-08 18:19:59+00:00,US STOCKS-Wall Street climbs amid thin volumes ahead of eventful week
2023-06-09,2023-06-08 20:00:00+00:00,2023-06-08 18:50:56+00:00,It Only Takes $1 To Become A Millionaire With Stocks — Here's How
2023-06-09,2023-06-08 20:00:00+00:00,2023-06-08 19:09:42+00:00,S&amp;P 500 Enters New Bull Market
2023-06-09,2023-06-08 20:00:00+00:00,2023-06-08 19:09:42+00:00,S&amp;P 500 Heads Into Close on Track to Start a New Bull Market
2023-06-09,2023-06-08 20:00:00+00:00,2023-06-08 19:30:46+00:00,Fed's worst case scenario has not played out for markets: Strategist
2023-06-12,2023-06-09 20:00:00+00:00,2023-06-09 18:06:19+00:00,Stocks pop after S&amp;P 500 enters bull market: Stock market news today
2023-06-12,2023-06-09 20:00:00+00:00,2023-06-09 18:21:00+00:00,2 Stocks to Buy as the S&amp;P 500 Enters a New Bull Market
2023-06-12,2023-06-09 20:00:00+00:00,2023-06-09 18:47:00+00:00,Breaking Down The Big 7 Tech Players' Outsized Roles
2023-06-12,2023-06-09 20:00:00+00:00,2023-06-09 19:17:00+00:00,Debunking the Bear Market Myth
2023-06-12,2023-06-09 20:00:00+00:00,2023-06-09 19:51:40+00:00,US stocks rise as Tesla rallies on GM charger deal
2023-06-13,2023-06-12 20:00:00+00:00,2023-06-12 19:16:00+00:00,Low VIX Readings and Insider Selling Are Just 2 of the Issues Facing This Market
2023-06-13,2023-06-12 20:00:00+00:00,2023-06-12 19:26:00+00:00,AutoZone Stock Got Smacked After Earnings. It Could Be Time to Buy.
2023-06-13,2023-06-12 20:00:00+00:00,2023-06-12 19:29:14+00:00,"Rallying U.S. stocks are pulling in sidelined investors, Deutsche Bank says"
2023-06-13,2023-06-12 20:00:00+00:00,2023-06-12 19:31:54+00:00,S&amp;P 500 on course for highest close in more than a year
2023-06-13,2023-06-12 20:00:00+00:00,2023-06-12 19:35:42+00:00,Stock market price action 'screams melt-up': Strategist
2023-06-14,2023-06-13 20:00:00+00:00,2023-06-13 18:45:50+00:00,Stock market: Where to invest in a slowing economy
2023-06-14,2023-06-13 20:00:00+00:00,2023-06-13 18:49:09+00:00,15 Most Profitable Hedge Funds in the World
2023-06-14,2023-06-13 20:00:00+00:00,2023-06-13 19:00:10+00:00,New Poll Shows Americans Want to Invest in Gold More Than Stocks. Here's Why We Wouldn't Recommend It
2023-06-14,2023-06-13 20:00:00+00:00,2023-06-13 19:12:40+00:00,US stocks rise after weaker inflation data bolsters Fed pause hopes
2023-06-14,2023-06-13 20:00:00+00:00,2023-06-13 19:13:00+00:00,Here's an Option: Risk Hedging in the S&amp;P 500
2023-06-15,2023-06-14 20:00:00+00:00,2023-06-14 18:59:24+00:00,Stocks fall in response to Fed's rate hike skip
2023-06-15,2023-06-14 20:00:00+00:00,2023-06-14 19:29:52+00:00,Powell Says Nearly All Officials Expect ‘Some’ Further Fed Hikes
2023-06-15,2023-06-14 20:00:00+00:00,2023-06-14 19:31:11+00:00,"Stock Market Recovers From Post-Fed Slide As Nasdaq, S&amp;P 500 Turn Positive"
2023-06-15,2023-06-14 20:00:00+00:00,2023-06-14 19:51:48+00:00,"Fed: Something is going to 'break' between future rate hikes and falling inflation, says strategist"
2023-06-15,2023-06-14 20:00:00+00:00,2023-06-14 19:55:21+00:00,US stocks edge lower in choppy trade as Fed holds interest rates steady
2023-06-16,2023-06-15 20:00:00+00:00,2023-06-15 18:18:39+00:00,US STOCKS-S&amp;P 500 surges to 14-month high as traders bet US rates near peak
2023-06-16,2023-06-15 20:00:00+00:00,2023-06-15 18:21:00+00:00,Stocks Just Can’t Compete With Bonds Right Now
2023-06-16,2023-06-15 20:00:00+00:00,2023-06-15 19:14:33+00:00,Dow Jones Jumps As Market Shrugs Off Powell; Cava Stock Explodes On Trading Debut
2023-06-16,2023-06-15 20:00:00+00:00,2023-06-15 19:33:48+00:00,"Stocks surge after digesting Fed rate pause, Cava shares soar in debut"
2023-06-16,2023-06-15 20:00:00+00:00,2023-06-15 19:45:28+00:00,Cava IPO is 'right thing at the right time' for company: Strategist
2023-06-20,2023-06-16 20:00:00+00:00,2023-06-16 18:04:06+00:00,Fear of missing out on stocks' rally drives bullish options trading
2023-06-20,2023-06-16 20:00:00+00:00,2023-06-16 18:37:43+00:00,Bitcoin Recrosses $26.3K to Hit Highest Level in a Week Amid BlackRock Optimism
2023-06-20,2023-06-16 20:00:00+00:00,2023-06-16 19:20:31+00:00,Dow Wavers As Richmond Fed Chief Warns Against This; Virgin Galactic Fades
2023-06-20,2023-06-16 20:00:00+00:00,2023-06-16 19:22:47+00:00,US stocks set for best week since March despite global central bank moves
2023-06-20,2023-06-16 20:00:00+00:00,2023-06-16 19:36:34+00:00,"Fed has 'gone a bit too far', may have increased chance of recession: Strategist"
2023-06-21,2023-06-20 20:00:00+00:00,2023-06-20 18:42:41+00:00,Housing Rebound Lifts IBD Stock Of The Day Meritage Homes To Buy Point
2023-06-21,2023-06-20 20:00:00+00:00,2023-06-20 19:00:00+00:00,Strong Housing Starts Add Fuel to Homebuilder Stock Rally
2023-06-21,2023-06-20 20:00:00+00:00,2023-06-20 19:00:00+00:00,Costco Stock Breaks Out. Bulls Take Note.
2023-06-21,2023-06-20 20:00:00+00:00,2023-06-20 19:20:49+00:00,Dow Jones Dips As Nike Stock Slides On Analyst Call; These Warren Buffett Stocks Are Near Entries
2023-06-21,2023-06-20 20:00:00+00:00,2023-06-20 19:56:35+00:00,15 Stocks That Pay Dividends Monthly
2023-06-22,2023-06-21 20:00:00+00:00,2023-06-21 18:59:00+00:00,How Nike Shows the Next Big Risk for the Stock Market
2023-06-22,2023-06-21 20:00:00+00:00,2023-06-21 19:09:24+00:00,US stocks slip after Jay Powell says Fed has further to go on rates
2023-06-22,2023-06-21 20:00:00+00:00,2023-06-21 19:18:00+00:00,The Latest Nintendo Direct Lacked Sizzle. What Investors Really Wanted to Hear.
2023-06-22,2023-06-21 20:00:00+00:00,2023-06-21 19:42:05+00:00,Big Tech Shares Weigh on S&amp;P 500
2023-06-22,2023-06-21 20:00:00+00:00,2023-06-21 19:54:00+00:00,3 Picks from a Strengthening E-commerce Industry
2023-06-23,2023-06-22 20:00:00+00:00,2023-06-22 16:45:26+00:00,US stocks and Treasury yields rise as Fed chair warns of more rate rises
2023-06-23,2023-06-22 20:00:00+00:00,2023-06-22 18:23:57+00:00,"US STOCKS-Nasdaq, S&amp;P 500 gain as Powell wraps up testimony"
2023-06-23,2023-06-22 20:00:00+00:00,2023-06-22 18:43:00+00:00,US government bonds under pressure as Fed chair warns of more rate rises
2023-06-23,2023-06-22 20:00:00+00:00,2023-06-22 18:58:06+00:00,"GLOBAL MARKETS-Dollar, yields gain after Powell comments, Bank of England rate hike"
2023-06-23,2023-06-22 20:00:00+00:00,2023-06-22 18:59:44+00:00,NRG Energy Stock Rises. What to Know.
2023-06-26,2023-06-23 20:00:00+00:00,2023-06-23 19:18:12+00:00,Global stocks slide as economic data fuels recession fears
2023-06-26,2023-06-23 20:00:00+00:00,2023-06-23 19:26:45+00:00,"Canadian Stock Payouts Hit Record Levels Versus US, CIBC Says"
2023-06-26,2023-06-23 20:00:00+00:00,2023-06-23 19:45:00+00:00,Finding Great Deals on Great Stocks in the New Bull Market
2023-06-26,2023-06-23 20:00:00+00:00,2023-06-23 19:51:55+00:00,"Fed's rate hike messaging full of 'contradictions', strategist explains"
2023-06-26,2023-06-23 20:00:00+00:00,2023-06-23 19:53:00+00:00,What’s Driving the Rise of the ‘Forever CEO’—and Why It Matters to Investors
2023-06-27,2023-06-26 20:00:00+00:00,2023-06-26 16:52:45+00:00,Stocks Are Mixed. Inflation Data and More Earnings Are Coming.
2023-06-27,2023-06-26 20:00:00+00:00,2023-06-26 16:56:00+00:00,The Stock Rally Evaporated. Why New Bulls Are Taking a Breather.
2023-06-27,2023-06-26 20:00:00+00:00,2023-06-26 17:10:00+00:00,The Bull Case for Oil Prices (5 Catalysts)
2023-06-27,2023-06-26 20:00:00+00:00,2023-06-26 19:35:20+00:00,"Russia turmoil: Putin has to recognize there is 'unhappiness' here, expert says"
2023-06-27,2023-06-26 20:00:00+00:00,2023-06-26 19:55:43+00:00,IPO market outlook brightens following Cava's debut
2023-06-28,2023-06-27 20:00:00+00:00,2023-06-27 18:43:15+00:00,Wall Street advances as tech stocks rally
2023-06-28,2023-06-27 20:00:00+00:00,2023-06-27 19:07:02+00:00,"GLOBAL MARKETS-Wall Street rallies, dollar softens after solid economic data"
2023-06-28,2023-06-27 20:00:00+00:00,2023-06-27 19:07:10+00:00,US STOCKS-Wall Street rebounds as upbeat economic data allays slowdown fears
2023-06-28,2023-06-27 20:00:00+00:00,2023-06-27 19:47:58+00:00,Tech stocks soared in the first half of the year: What history tells us about what lies ahead for the second half
2023-06-28,2023-06-27 20:00:00+00:00,2023-06-27 19:52:30+00:00,"Stocks could retest October, June lows if investors price in slower growth: Strategist"
2023-06-29,2023-06-28 20:00:00+00:00,2023-06-28 18:44:50+00:00,"US STOCKS-S&amp;P 500, Dow decline with continuation of Fed hikes in focus"
2023-06-29,2023-06-28 20:00:00+00:00,2023-06-28 18:51:02+00:00,Wall Street shares waver as central bankers warn of more rate rises
2023-06-29,2023-06-28 20:00:00+00:00,2023-06-28 18:51:10+00:00,"GLOBAL MARKETS-U.S. stocks mixed, dollar strengthens as Powell hints at two more rate hikes"
2023-06-29,2023-06-28 20:00:00+00:00,2023-06-28 19:39:00+00:00,How to Avoid the Most Common Investing Mistakes
2023-06-29,2023-06-28 20:00:00+00:00,2023-06-28 19:45:00+00:00,6 Stocks You Probably Didn’t Know Have Outperformed Apple This Year
2023-06-30,2023-06-29 20:00:00+00:00,2023-06-29 18:33:12+00:00,"US STOCKS-Wall St edges higher, rally in banks offsets jitters about hawkish Fed"
2023-06-30,2023-06-29 20:00:00+00:00,2023-06-29 18:51:58+00:00,"GLOBAL MARKETS-Wall Street mixed, Treasury yields rise on solid U.S. economic data"
2023-06-30,2023-06-29 20:00:00+00:00,2023-06-29 18:55:01+00:00,US bond yields rise as ‘scorcher’ data points to strong economy
2023-06-30,2023-06-29 20:00:00+00:00,2023-06-29 18:57:19+00:00,Micron Technology Worst Performer in Nasdaq 100 Thursday
2023-06-30,2023-06-29 20:00:00+00:00,2023-06-29 19:25:21+00:00,"Dow Jones Gains As Inflation Report Looms; Cathie Wood Buys These Chip Stocks, Sells Tesla"
2023-07-03,2023-06-30 20:00:00+00:00,2023-06-30 19:06:10+00:00,Stocks on Track to Hit New 2023 Closing Highs
2023-07-03,2023-06-30 20:00:00+00:00,2023-06-30 19:19:25+00:00,Nasdaq on course for best start to year in four decades
2023-07-03,2023-06-30 20:00:00+00:00,2023-06-30 19:27:48+00:00,"GLOBAL MARKETS-Wall St jumps, dollar dips as cooler inflation data closes book on strong quarter"
2023-07-03,2023-06-30 20:00:00+00:00,2023-06-30 19:45:22+00:00,Future Fed rate hikes could cause recession to 'start as soon as Q4': Strategist
2023-07-03,2023-06-30 20:00:00+00:00,2023-06-30 19:51:33+00:00,Friday's ETF Winners And Losers: Large-Cap Fund Flows - VOO and SPY Add More Than $1.5 Billion Each
2023-07-05,2023-07-03 20:00:00+00:00,2023-07-03 18:00:00+00:00,The Nasdaq Had Its Best First Half in 40 Years. This Is Not 1983
2023-07-05,2023-07-03 20:00:00+00:00,2023-07-03 18:29:05+00:00,"While Tesla's Electric Pickup Know-How Is Still In The Works, Worksport Opens Its R&amp;D Center In The U.S."
2023-07-05,2023-07-03 20:00:00+00:00,2023-07-03 18:50:28+00:00,S&amp;P 500: Tesla Stock Leads Top Performers Monday
2023-07-05,2023-07-03 20:00:00+00:00,2023-07-03 19:10:03+00:00,"Dow futures steady amid public holidays, Tesla surges"
2023-07-05,2023-07-03 20:00:00+00:00,2023-07-03 19:48:15+00:00,GLOBAL MARKETS-Stocks edge higher with Treasury yields in holiday-shortened session
2023-07-06,2023-07-05 20:00:00+00:00,2023-07-05 19:33:10+00:00,Fed aims to strike tone of being 'vigilant on inflation' after June pause: Strategist
2023-07-06,2023-07-05 20:00:00+00:00,2023-07-05 19:40:00+00:00,Finding Top-Ranked Value Stocks to Buy in July
2023-07-06,2023-07-05 20:00:00+00:00,2023-07-05 19:54:25+00:00,"Student debt, rent prices 'creating less financial buffer' for consumers: Economist"
2023-07-06,2023-07-05 20:00:00+00:00,2023-07-05 19:54:26+00:00,16 Low-Cost ETFs to Buy
2023-07-06,2023-07-05 20:00:00+00:00,2023-07-05 19:55:58+00:00,Stocks slip amid China headwinds and Fed minutes
2023-07-07,2023-07-06 20:00:00+00:00,2023-07-06 18:40:00+00:00,"This Stock Strategist Sees Parallels With 1945. That’s Good, and Bad."
2023-07-07,2023-07-06 20:00:00+00:00,2023-07-06 18:57:00+00:00,"Finra Fines Hightower Over Alts Disclosures, Supervision"
2023-07-07,2023-07-06 20:00:00+00:00,2023-07-06 19:08:36+00:00,Stocks Pare Some Losses in the Afternoon
2023-07-07,2023-07-06 20:00:00+00:00,2023-07-06 19:39:14+00:00,"June jobs report: Wall Street expects slowing job additions, falling unemployment"
2023-07-07,2023-07-06 20:00:00+00:00,2023-07-06 19:51:13+00:00,Stocks slide amid Fed's expected July rate hike
2023-07-10,2023-07-07 20:00:00+00:00,2023-07-07 18:32:00+00:00,The Q2 Earnings Season Kicks Off
2023-07-10,2023-07-07 20:00:00+00:00,2023-07-07 18:33:18+00:00,"As earnings loom, investors weigh recession resilience"
2023-07-10,2023-07-07 20:00:00+00:00,2023-07-07 19:29:00+00:00,Nvidia Stock Isn't Sign of Bull Market - Watch Small Caps For the Real Story
2023-07-10,2023-07-07 20:00:00+00:00,2023-07-07 19:41:18+00:00,"Jobs report: Rising wages are taking workers 'off the sidelines,' economist says"
2023-07-10,2023-07-07 20:00:00+00:00,2023-07-07 19:51:25+00:00,"Fed rate hikes: 'It's a tug of war,' says strategist"
2023-07-11,2023-07-10 20:00:00+00:00,2023-07-10 18:59:33+00:00,Retirement Savings 2023: Here’s How Much the Average American Lost In Retirement Savings in the Past Year
2023-07-11,2023-07-10 20:00:00+00:00,2023-07-10 19:10:03+00:00,"US STOCKS-Wall St edges up; consumer prices, earnings eyed this week"
2023-07-11,2023-07-10 20:00:00+00:00,2023-07-10 19:37:51+00:00,"Tech rally is 'frothy', time for a pullback: Strategist"
2023-07-11,2023-07-10 20:00:00+00:00,2023-07-10 19:40:00+00:00,Breaking Out: 3 Software Stocks Showing Relative Strength
2023-07-11,2023-07-10 20:00:00+00:00,2023-07-10 19:52:00+00:00,Why Biotech Stocks Keep Falling on Good News
2023-07-12,2023-07-11 20:00:00+00:00,2023-07-11 18:52:18+00:00,"US STOCKS-Wall St edges up with key inflation data, earnings ahead"
2023-07-12,2023-07-11 20:00:00+00:00,2023-07-11 19:11:00+00:00,How to Find the Best Cheap Stocks Under $10 to Buy in July
2023-07-12,2023-07-11 20:00:00+00:00,2023-07-11 19:19:51+00:00,Billionaire investor Howard Marks looks back on 5 times he outwitted the market from 2000 to 2020—here are 3 key lessons he learned
2023-07-12,2023-07-11 20:00:00+00:00,2023-07-11 19:20:53+00:00,US stocks drift higher ahead of inflation data
2023-07-12,2023-07-11 20:00:00+00:00,2023-07-11 19:21:04+00:00,Newell Brands Set to Be S&amp;P 500 Winner
2023-07-13,2023-07-12 20:00:00+00:00,2023-07-12 18:00:12+00:00,Investing? Here's Why Stock Prices Don't Matter
2023-07-13,2023-07-12 20:00:00+00:00,2023-07-12 18:43:25+00:00,Analysis-US stock investors count on earnings to propel rally after upbeat CPI report
2023-07-13,2023-07-12 20:00:00+00:00,2023-07-12 19:38:02+00:00,Fed's interest rate bias will be 'higher for longer': Strategist
2023-07-13,2023-07-12 20:00:00+00:00,2023-07-12 19:47:00+00:00,Travel Surge to Europe Isn’t Only Reason to Invest There
2023-07-13,2023-07-12 20:00:00+00:00,2023-07-12 19:57:54+00:00,How the stock market is getting a boost from short sellers
2023-07-14,2023-07-13 20:00:00+00:00,2023-07-13 16:59:00+00:00,"Despite Fed Warnings, Job Market Gets Good News (Thanks, Biden?)"
2023-07-14,2023-07-13 20:00:00+00:00,2023-07-13 17:18:12+00:00,Has America Entered an Earnings Recession? What That Could Mean for Your Wallet
2023-07-14,2023-07-13 20:00:00+00:00,2023-07-13 18:33:17+00:00,US STOCKS-Wall St extends recent gains after producer prices data
2023-07-14,2023-07-13 20:00:00+00:00,2023-07-13 19:15:22+00:00,Dow Jones Gains Amid Disney TV Shock; This Cathie Wood Stock Hits Buy Zone As She Loads Up
2023-07-14,2023-07-13 20:00:00+00:00,2023-07-13 19:45:50+00:00,Pound hits fresh 15-month high as rally continues
2023-07-17,2023-07-14 20:00:00+00:00,2023-07-14 19:09:27+00:00,"Jamie Dimon leads big banks’ earnings triumph, saying the economy remains ‘resilient’—but a ‘soft landing’ isn’t guaranteed"
2023-07-17,2023-07-14 20:00:00+00:00,2023-07-14 19:12:00+00:00,Stocks Are Staying Strong and Investors Seem ‘Fearless.’ What’s Next for the S&amp;P 500.
2023-07-17,2023-07-14 20:00:00+00:00,2023-07-14 19:28:00+00:00,"Stocks mixed after bank earnings, U.S. dollar sell-off"
2023-07-17,2023-07-14 20:00:00+00:00,2023-07-14 19:41:36+00:00,Dollar set for biggest weekly drop since November after fall in inflation
2023-07-17,2023-07-14 20:00:00+00:00,2023-07-14 19:43:25+00:00,Consumer Staples See Gains
2023-07-18,2023-07-17 20:00:00+00:00,2023-07-17 18:53:58+00:00,US STOCKS-Stocks gain as fresh earnings awaited
2023-07-18,2023-07-17 20:00:00+00:00,2023-07-17 19:17:20+00:00,Wall Street rises as investors brace for busy week of corporate earnings
2023-07-18,2023-07-17 20:00:00+00:00,2023-07-17 19:20:11+00:00,GLOBAL MARKETS-Global shares dip after China data; US stocks gain
2023-07-18,2023-07-17 20:00:00+00:00,2023-07-17 19:22:07+00:00,JPMorgan’s Kolanovic Sees ‘Modestly Wider’ Path to Soft Landing
2023-07-18,2023-07-17 20:00:00+00:00,2023-07-17 19:38:00+00:00,3 Software &amp; Services Stocks with Improving Prospects in 2023
2023-07-19,2023-07-18 20:00:00+00:00,2023-07-18 18:01:00+00:00,5 Stocks to Watch From the Soft Multiline Insurance Industry
2023-07-19,2023-07-18 20:00:00+00:00,2023-07-18 18:11:30+00:00,Analyzing Mutual Fund Performance
2023-07-19,2023-07-18 20:00:00+00:00,2023-07-18 18:19:43+00:00,This Ratio Spread Bets S&amp;P 500 Hesitates Making All-Time High
2023-07-19,2023-07-18 20:00:00+00:00,2023-07-18 19:17:00+00:00,Find Great Momentum Stocks to Buy as the Market Rips Higher
2023-07-19,2023-07-18 20:00:00+00:00,2023-07-18 19:22:00+00:00,China’s Economic Recovery Is Sputtering. Why It Might Not Be as Bad as It Looks.
2023-07-20,2023-07-19 20:00:00+00:00,2023-07-19 17:43:11+00:00,"GLOBAL MARKETS-Global stocks rise, dollar gains as UK inflation bolsters sentiment"
2023-07-20,2023-07-19 20:00:00+00:00,2023-07-19 17:52:25+00:00,Tech Stocks Dip in Afternoon Trading
2023-07-20,2023-07-19 20:00:00+00:00,2023-07-19 19:02:35+00:00,US stocks mixed as investors prepare for looming wave of tech earnings
2023-07-20,2023-07-19 20:00:00+00:00,2023-07-19 19:04:13+00:00,‘Night Effect’ ETFs to Shut Down With Overnight Stock Returns Elusive
2023-07-20,2023-07-19 20:00:00+00:00,2023-07-19 19:22:01+00:00,Dow Jones Rises As Cisco Gets Upgrade; Software Leader Surges As $69 Bil Takeover Deal Gets Clearance For Now
2023-07-21,2023-07-20 20:00:00+00:00,2023-07-20 17:01:00+00:00,"Q2 Earnings Season Scorecard and Analyst Reports for TJX Companies, MSCI &amp; Others"
2023-07-21,2023-07-20 20:00:00+00:00,2023-07-20 17:33:27+00:00,Stock market rally broadens as transportation stocks join the 52-week high club
2023-07-21,2023-07-20 20:00:00+00:00,2023-07-20 17:45:51+00:00,"Nasdaq falls as Tesla, Netflix sink; Dow eyes 9th day of gains: Stock market news today"
2023-07-21,2023-07-20 20:00:00+00:00,2023-07-20 19:02:00+00:00,"US STOCKS-Nasdaq, S&amp;P fall as Tesla, Netflix weigh; Dow poised for ninth straight climb"
2023-07-21,2023-07-20 20:00:00+00:00,2023-07-20 19:02:40+00:00,"GLOBAL MARKETS-Dollar gains, stocks slip as US data suggests rates to stay higher"
2023-07-24,2023-07-21 20:00:00+00:00,2023-07-21 18:38:00+00:00,A Winning Strategy for Q2 Earnings Season
2023-07-24,2023-07-21 20:00:00+00:00,2023-07-21 19:02:09+00:00,The US Money Supply Has Fallen — But What Does That Mean for the Economy?
2023-07-24,2023-07-21 20:00:00+00:00,2023-07-21 19:17:00+00:00,Nasdaq Slides in Late Trading
2023-07-24,2023-07-21 20:00:00+00:00,2023-07-21 19:26:16+00:00,US stocks mixed ahead of busy week of central bank meetings and earnings
2023-07-24,2023-07-21 20:00:00+00:00,2023-07-21 19:54:47+00:00,"America has avoided a recession. But don’t thank the Fed—thank the corporate sector, says top strategist"
2023-07-25,2023-07-24 20:00:00+00:00,2023-07-24 18:53:14+00:00,11 Best Recession Dividend Stocks to Buy
2023-07-25,2023-07-24 20:00:00+00:00,2023-07-24 19:09:16+00:00,US stocks edge up as investors prepare for earnings and Federal Reserve meeting
2023-07-25,2023-07-24 20:00:00+00:00,2023-07-24 19:16:50+00:00,‘We Were Wrong’: Morgan Stanley’s Wilson Offers Stocks Mea Culpa
2023-07-25,2023-07-24 20:00:00+00:00,2023-07-24 19:35:00+00:00,Yellow Avoids Strike in Summer of  Labor Strife
2023-07-25,2023-07-24 20:00:00+00:00,2023-07-24 20:00:00+00:00,Becton Dickinson Shares Jump After FDA Decision on Its Infusion System
2023-07-26,2023-07-25 20:00:00+00:00,2023-07-25 18:33:56+00:00,Companies are beating earnings estimates. Here's why Wall Street isn't cheering.
2023-07-26,2023-07-25 20:00:00+00:00,2023-07-25 18:33:56+00:00,Companies are beating earnings estimates. Why Wall Street isn't cheering
2023-07-26,2023-07-25 20:00:00+00:00,2023-07-25 19:07:26+00:00,US stocks tick higher ahead of Federal Reserve meeting
2023-07-26,2023-07-25 20:00:00+00:00,2023-07-25 19:19:56+00:00,Stocks Head Higher in Afternoon Trading
2023-07-26,2023-07-25 20:00:00+00:00,2023-07-25 19:24:00+00:00,Why Falling Inflation Is Bad News for the Stock Market
2023-07-27,2023-07-26 20:00:00+00:00,2023-07-26 18:50:08+00:00,"Dow Rises as Powell Speaks, on Pace for 13th Daily Gain"
2023-07-27,2023-07-26 20:00:00+00:00,2023-07-26 18:56:47+00:00,Fed's rate hike is a 'good compromise' between hawks and doves: Strategist
2023-07-27,2023-07-26 20:00:00+00:00,2023-07-26 19:15:58+00:00,Fed raises interest rates to highest level in 22 years
2023-07-27,2023-07-26 20:00:00+00:00,2023-07-26 19:23:26+00:00,"Stocks drift after Fed interest rate decision, Powell comments: Stock market news today"
2023-07-27,2023-07-26 20:00:00+00:00,2023-07-26 19:31:16+00:00,Markets Pare Earlier Gains
2023-07-28,2023-07-27 20:00:00+00:00,2023-07-27 18:49:11+00:00,Analysts Are Cutting Price Targets of These 10 Stocks
2023-07-28,2023-07-27 20:00:00+00:00,2023-07-27 19:06:09+00:00,"Stocks erase gains, Dow set to end historic winning streak: Stock market news today"
2023-07-28,2023-07-27 20:00:00+00:00,2023-07-27 19:21:44+00:00,Dow Jones index set to end 13 day winning streak
2023-07-28,2023-07-27 20:00:00+00:00,2023-07-27 19:25:11+00:00,"Dow Jones Sees Win Streak Under Threat, Microsoft Stock Near New Buy Point; New IPO Cava Up 137% Since IPO"
2023-07-28,2023-07-27 20:00:00+00:00,2023-07-27 19:35:30+00:00,Treasury yields jump with US GDP in focus
2023-07-31,2023-07-28 20:00:00+00:00,2023-07-28 18:37:56+00:00,Enphase Is S&amp;P 500’s Worst Performer Today
2023-07-31,2023-07-28 20:00:00+00:00,2023-07-28 18:39:00+00:00,"Crocs, Microsoft, and 2 More Stocks to Buy After Earnings"
2023-07-31,2023-07-28 20:00:00+00:00,2023-07-28 18:39:00+00:00,"Crocs, Microsoft and 2 More Stocks to Buy After Earnings"
2023-07-31,2023-07-28 20:00:00+00:00,2023-07-28 18:47:00+00:00,GM Is Next Up to Face Labor Strife. It Could Present a Buying Opportunity in the Stock.
2023-07-31,2023-07-28 20:00:00+00:00,2023-07-28 19:48:00+00:00,How Value Investors can use the Power of Compounding
2023-08-01,2023-07-31 20:00:00+00:00,2023-07-31 18:02:16+00:00,US stocks head for longest monthly winning streak in two years
2023-08-01,2023-07-31 20:00:00+00:00,2023-07-31 18:10:52+00:00,"GLOBAL MARKETS-Wall Street little changed ahead of earnings, economic data"
2023-08-01,2023-07-31 20:00:00+00:00,2023-07-31 18:45:00+00:00,"Hedge Fund Manager Says 'I Remain Short, and Wrong'"
2023-08-01,2023-07-31 20:00:00+00:00,2023-07-31 18:49:47+00:00,US STOCKS-Wall St poised to end strong month with muted session
2023-08-01,2023-07-31 20:00:00+00:00,2023-07-31 19:55:55+00:00,Fed 'should be done' with rate hikes: Strategist
2023-08-02,2023-08-01 20:00:00+00:00,2023-08-01 18:59:52+00:00,Bitcoin Has Been More Stable Than Gold and Stocks; Violent Price Action Could Ensue
2023-08-02,2023-08-01 20:00:00+00:00,2023-08-01 19:23:48+00:00,"Stocks could have a record year thanks to a resilient economy, strategist says"
2023-08-02,2023-08-01 20:00:00+00:00,2023-08-01 19:30:00+00:00,Top S&amp;P 500 ETFs for Q3 2023
2023-08-02,2023-08-01 20:00:00+00:00,2023-08-01 19:53:43+00:00,August Is Usually a Slow Month. That's Not Bad.
2023-08-02,2023-08-01 20:00:00+00:00,2023-08-01 19:58:02+00:00,10 Best Sectors To Invest In Long-Term
2023-08-03,2023-08-02 20:00:00+00:00,2023-08-02 18:06:50+00:00,Bonds Are Useless Hedge for Stock Losses as Correlation Jumps
2023-08-03,2023-08-02 20:00:00+00:00,2023-08-02 18:18:22+00:00,"US STOCKS-Wall Street drops, investors step back after Fitch downgrades US"
2023-08-03,2023-08-02 20:00:00+00:00,2023-08-02 18:50:17+00:00,"GLOBAL MARKETS-Stocks drop, Treasury yields rise after Fitch downgrades US"
2023-08-03,2023-08-02 20:00:00+00:00,2023-08-02 19:19:33+00:00,Stock Market Shaken By Fitch Downgrade; This Solar Stock Gets Burned
2023-08-03,2023-08-02 20:00:00+00:00,2023-08-02 19:48:27+00:00,Don't Sweat The U.S. Credit Rating Downgrade As S&amp;P 500 Slides
2023-08-04,2023-08-03 20:00:00+00:00,2023-08-03 18:54:49+00:00,"US STOCKS-Wall Street near unchanged, trading choppy as Treasury yields surge"
2023-08-04,2023-08-03 20:00:00+00:00,2023-08-03 19:03:46+00:00,Treasury yields continue to climb as investors weigh outlook
2023-08-04,2023-08-03 20:00:00+00:00,2023-08-03 19:09:46+00:00,"CEO pay averaged $16.7 million last year at S&amp;P 500 companies, a decline"
2023-08-04,2023-08-03 20:00:00+00:00,2023-08-03 19:40:03+00:00,"Dow futures trade higher as Apple, Amazon report"
2023-08-04,2023-08-03 20:00:00+00:00,2023-08-03 19:50:27+00:00,"Earnings, inflation, recession concerns: Strategist's biggest takeaways"
2023-08-07,2023-08-04 20:00:00+00:00,2023-08-04 18:08:10+00:00,Billionaire Ray Dalio says the $73 trillion great wealth transfer isn’t just from boomers to millennials—it’s from the government to you and me
2023-08-07,2023-08-04 20:00:00+00:00,2023-08-04 18:12:50+00:00,US STOCKS-U.S. stocks rises on Amazon boost; bond yields fall
2023-08-07,2023-08-04 20:00:00+00:00,2023-08-04 18:49:55+00:00,Stocks Slide Before the Close
2023-08-07,2023-08-04 20:00:00+00:00,2023-08-04 18:50:21+00:00,"Stocks flip to losses as Amazon surges, labor market cools: Stock market news today"
2023-08-07,2023-08-04 20:00:00+00:00,2023-08-04 19:10:09+00:00,GLOBAL MARKETS-Wall St dips on slowing but strong US labor market
2023-08-08,2023-08-07 20:00:00+00:00,2023-08-07 17:59:13+00:00,Options bets on earnings-fueled volatility in US stocks paying off
2023-08-08,2023-08-07 20:00:00+00:00,2023-08-07 18:01:00+00:00,3 Stocks to Watch From the Growing Waste Removal Industry
2023-08-08,2023-08-07 20:00:00+00:00,2023-08-07 18:18:15+00:00,The Dow Jumps 400 Points. Investors Await Inflation Report.
2023-08-08,2023-08-07 20:00:00+00:00,2023-08-07 19:37:13+00:00,Investors not pricing in 'inevitable' recession: Strategist
2023-08-08,2023-08-07 20:00:00+00:00,2023-08-07 19:42:25+00:00,"GLOBAL MARKETS-Stocks rise, dollar steady ahead of key inflation data this week"
2023-08-09,2023-08-08 20:00:00+00:00,2023-08-08 17:20:53+00:00,Why the economy could be headed for a bumpy landing
2023-08-09,2023-08-08 20:00:00+00:00,2023-08-08 17:49:28+00:00,Stock Market Trims Some Losses; This Stock Logs Its Best Day In 23 Years
2023-08-09,2023-08-08 20:00:00+00:00,2023-08-08 18:35:00+00:00,How to Find Great Value Stocks to Buy Now
2023-08-09,2023-08-08 20:00:00+00:00,2023-08-08 19:13:10+00:00,"GLOBAL MARKETS-Global stocks fall, dollar rallies on weak China data"
2023-08-09,2023-08-08 20:00:00+00:00,2023-08-08 19:55:41+00:00,Moody's downgrades surprising as regional bank woes put on back burner: Strategist
2023-08-10,2023-08-09 20:00:00+00:00,2023-08-09 11:20:45+00:00,"CORRECTED-US STOCKS-Futures rise after selloff, all eyes on CPI data"
2023-08-10,2023-08-09 20:00:00+00:00,2023-08-09 11:28:13+00:00,Dow Jones Futures Rise After Market Rally Holds Support; Two Big AI Losers
2023-08-10,2023-08-09 20:00:00+00:00,2023-08-09 11:37:00+00:00,"China's Economic Woes, Crude Oil, Bond Auctions, Prime Day 2, Trading Lilly"
2023-08-10,2023-08-09 20:00:00+00:00,2023-08-09 12:00:20+00:00,Should You Sell Your Stock if Everyone Else Is?
2023-08-10,2023-08-09 20:00:00+00:00,2023-08-09 12:26:18+00:00,The CPI Inflation Rate Is Expected To Rise In July. Why The Federal Reserve Won't Care.
2023-08-11,2023-08-10 20:00:00+00:00,2023-08-10 18:38:23+00:00,Analysis-US stock gains may grow elusive as boost from inflation slowdown wanes
2023-08-11,2023-08-10 20:00:00+00:00,2023-08-10 18:55:46+00:00,The Market Perks Up. Bond Yields Climb After Lackluster Auction.
2023-08-11,2023-08-10 20:00:00+00:00,2023-08-10 19:04:10+00:00,Treasury yields advance as investors assess Fed’s interest rate path
2023-08-11,2023-08-10 20:00:00+00:00,2023-08-10 19:10:22+00:00,"GLOBAL MARKETS-Shares, dollar gains after moderate US CPI data"
2023-08-11,2023-08-10 20:00:00+00:00,2023-08-10 19:20:56+00:00,Dow Jones Off Session Lows As Disney Jumps; Cathie Wood Loads Up On This Stock Despite 23% Plunge
2023-08-14,2023-08-11 20:00:00+00:00,2023-08-11 18:27:35+00:00,"US STOCKS-S&amp;P 500, Nasdaq drop; big tech weighs after US producer price data"
2023-08-14,2023-08-11 20:00:00+00:00,2023-08-11 18:37:40+00:00,US stocks fall and bond yields rise after stronger-than-forecast inflation data
2023-08-14,2023-08-11 20:00:00+00:00,2023-08-11 19:00:51+00:00,Bonds are no longer the safe option
2023-08-14,2023-08-11 20:00:00+00:00,2023-08-11 19:32:14+00:00,Nasdaq Headed to Its First 2-Week Losing Streak of the Year
2023-08-14,2023-08-11 20:00:00+00:00,2023-08-11 19:39:34+00:00,Nasdaq on pace for worst two-week performance of 2023
2023-08-15,2023-08-14 20:00:00+00:00,2023-08-14 16:34:57+00:00,US shares rise as investors await consumer spending data
2023-08-15,2023-08-14 20:00:00+00:00,2023-08-14 16:40:38+00:00,"US STOCKS-S&amp;P 500, Nasdaq gain as Nvidia leads megacap growth stocks higher"
2023-08-15,2023-08-14 20:00:00+00:00,2023-08-14 18:22:00+00:00,"U.S. Steel Stock Has a Rich History. Apple, Tesla Investors, Beware."
2023-08-15,2023-08-14 20:00:00+00:00,2023-08-14 18:41:40+00:00,"US STOCKS-S&amp;P 500, Nasdaq gain as Nvidia jumps 6%, leading megacap stocks higher"
2023-08-15,2023-08-14 20:00:00+00:00,2023-08-14 19:10:03+00:00,"Dow futures steady, key retail sales report ahead"
2023-08-16,2023-08-15 20:00:00+00:00,2023-08-15 19:03:02+00:00,Surging Earnings Estimates Signal Upside for MercadoLibre (MELI) Stock
2023-08-16,2023-08-15 20:00:00+00:00,2023-08-15 19:03:02+00:00,Can Emcor Group (EME) Run Higher on Rising Earnings Estimates?
2023-08-16,2023-08-15 20:00:00+00:00,2023-08-15 19:03:02+00:00,"Can Janus International Group, Inc. (JBI) Run Higher on Rising Earnings Estimates?"
2023-08-16,2023-08-15 20:00:00+00:00,2023-08-15 19:08:52+00:00,US stocks hit five-week low after strong retail sales data
2023-08-16,2023-08-15 20:00:00+00:00,2023-08-15 19:32:00+00:00,Discover Stock Is S&amp;P 500’s Worst Performer. It’s More Than Just a CEO Resignation.
2023-08-17,2023-08-16 20:00:00+00:00,2023-08-16 19:27:20+00:00,Stock Market Worsens After Fed Minutes; IonQ Embarks On New AI Endeavor
2023-08-17,2023-08-16 20:00:00+00:00,2023-08-16 19:27:20+00:00,Stock Market Uneven After Fed Minutes; IonQ Embarks On New AI Endeavor
2023-08-17,2023-08-16 20:00:00+00:00,2023-08-16 19:34:45+00:00,"Fed: Core inflation proving to be 'structural rather than cyclical,' strategist says"
2023-08-17,2023-08-16 20:00:00+00:00,2023-08-16 19:38:08+00:00,Consumer Staples and Utilities Hold Gains
2023-08-17,2023-08-16 20:00:00+00:00,2023-08-16 19:52:58+00:00,How stocks could move in H2 2023 after a big first half
2023-08-18,2023-08-17 20:00:00+00:00,2023-08-17 18:37:39+00:00,Why ExxonMobil Stock Sloshed Higher Today
2023-08-18,2023-08-17 20:00:00+00:00,2023-08-17 18:43:46+00:00,S&amp;P 500 Slips to Low of the Day
2023-08-18,2023-08-17 20:00:00+00:00,2023-08-17 19:14:50+00:00,Dow Jones Falls As Walmart Tumbles; Cathie Wood Piles Into This Stock After 50% Plunge
2023-08-18,2023-08-17 20:00:00+00:00,2023-08-17 19:24:00+00:00,Should We Start Shopping Amid This Summer Slump?
2023-08-18,2023-08-17 20:00:00+00:00,2023-08-17 19:30:00+00:00,This Technical Indicator Is Pointing to a Potential Rally Ahead
2023-08-21,2023-08-18 20:00:00+00:00,2023-08-18 18:17:57+00:00,12 Best NASDAQ ETFs
2023-08-21,2023-08-18 20:00:00+00:00,2023-08-18 18:28:45+00:00,China's Debt Crisis Mounts As Everything Goes Wrong; S&amp;P 500 Risk Limited
2023-08-21,2023-08-18 20:00:00+00:00,2023-08-18 18:32:53+00:00,These IBD 50 Energy Stocks Outperform S&amp;P 500 By A Wide Margin
2023-08-21,2023-08-18 20:00:00+00:00,2023-08-18 18:45:59+00:00,S&amp;P 500 Aims for a Comeback as It Pares Losses
2023-08-21,2023-08-18 20:00:00+00:00,2023-08-18 19:15:00+00:00,Boycotts Hurt Target and Bud Light Sales. Why They’ll Likely Ebb Soon.
2023-08-22,2023-08-21 20:00:00+00:00,2023-08-21 18:44:32+00:00,The strong US economy is adding 'upside risks' to inflation
2023-08-22,2023-08-21 20:00:00+00:00,2023-08-21 18:46:18+00:00,US STOCKS-Nasdaq gains more than 1% as Nvidia jumps; investors await Jackson Hole meet
2023-08-22,2023-08-21 20:00:00+00:00,2023-08-21 18:50:03+00:00,"Dow futures slip, Zoom lifts 4% after earnings"
2023-08-22,2023-08-21 20:00:00+00:00,2023-08-21 18:57:06+00:00,"S&amp;P 500: Cybersecurity Giant Soars On Earnings; Tesla, Nvidia Are Big Winners"
2023-08-22,2023-08-21 20:00:00+00:00,2023-08-21 19:09:44+00:00,Strategists See Dip-Buying Opportunity Arising From Stock Rally’s Pause
2023-08-23,2023-08-22 20:00:00+00:00,2023-08-22 16:50:37+00:00,"US STOCKS-Wall St slips as higher Treasury yields weigh, Nvidia drops"
2023-08-23,2023-08-22 20:00:00+00:00,2023-08-22 16:57:30+00:00,Markets Mixed Midday as Bank Stocks Face Pressure After Downgrades
2023-08-23,2023-08-22 20:00:00+00:00,2023-08-22 17:51:09+00:00,Toronto equity forecasts reduced as downside risks lurk - Reuters poll
2023-08-23,2023-08-22 20:00:00+00:00,2023-08-22 18:13:55+00:00,Stocks Tick Lower as Fed Jitters Set In
2023-08-23,2023-08-22 20:00:00+00:00,2023-08-22 19:56:21+00:00,"Stock market is 'delusional,' betting on no landing: Strategist"
2023-08-24,2023-08-23 20:00:00+00:00,2023-08-23 18:26:47+00:00,IBD 50 Stocks To Watch: Auto Leader Allison Transmission Sees Buy Point With RS Line At New High
2023-08-24,2023-08-23 20:00:00+00:00,2023-08-23 18:56:06+00:00,Bank of America Disputes Goldman Logic on Zero-Day Option Threat to Stocks
2023-08-24,2023-08-23 20:00:00+00:00,2023-08-23 19:02:48+00:00,"US STOCKS-Indexes jump, AI chip maker Nvidia up ahead of results"
2023-08-24,2023-08-23 20:00:00+00:00,2023-08-23 19:13:07+00:00,US stocks rise and bond yields fall ahead of Jackson Hole conference
2023-08-24,2023-08-23 20:00:00+00:00,2023-08-23 19:47:27+00:00,Cash yielding more than stocks for first time in two decades
2023-08-25,2023-08-24 20:00:00+00:00,2023-08-24 17:38:20+00:00,"Analysis-U.S. stocks may not be ready for hawkish Powell at Jackson Hole, options data show"
2023-08-25,2023-08-24 20:00:00+00:00,2023-08-24 18:06:15+00:00,Fed Chair Powell At Jackson Hole: Here's The Real Risk For The S&amp;P 500
2023-08-25,2023-08-24 20:00:00+00:00,2023-08-24 18:36:39+00:00,America Is A Nation On The Move. Here's How Investors Can Profit From It
2023-08-25,2023-08-24 20:00:00+00:00,2023-08-24 19:10:47+00:00,US stocks drop after Federal Reserve official warns more rate rises may be needed
2023-08-25,2023-08-24 20:00:00+00:00,2023-08-24 19:19:05+00:00,Retail Trader Enthusiasm Wanes as Institutional Interest Gears Up
2023-08-28,2023-08-25 20:00:00+00:00,2023-08-25 17:31:09+00:00,"Insurance Broker Giant, IBD Stock Of The Day, Defies S&amp;P 500 Pullback, Builds Possible Base"
2023-08-28,2023-08-25 20:00:00+00:00,2023-08-25 18:52:08+00:00,US STOCKS-Indexes rise in volatile trade as investors mull Powell speech
2023-08-28,2023-08-25 20:00:00+00:00,2023-08-25 18:55:56+00:00,Analysis-Powell's 'higher for longer' mantra fans investor caution over economy
2023-08-28,2023-08-25 20:00:00+00:00,2023-08-25 19:34:23+00:00,Economic data investors need to watch ahead of Fed's September meeting
2023-08-28,2023-08-25 20:00:00+00:00,2023-08-25 19:41:03+00:00,Treasury yields and dollar rise after Jay Powell warns on inflation
2023-08-29,2023-08-28 20:00:00+00:00,2023-08-28 16:48:40+00:00,"How September could look slippery for stocks, strategist explains"
2023-08-29,2023-08-28 20:00:00+00:00,2023-08-28 17:17:30+00:00,"AI Is the Stock Market’s ‘New Growth Thing,’ Citi’s Chronert Says"
2023-08-29,2023-08-28 20:00:00+00:00,2023-08-28 18:24:14+00:00,Boston Scientific Leads the S&amp;P 500
2023-08-29,2023-08-28 20:00:00+00:00,2023-08-28 18:26:00+00:00,Earnings crushers: Morningstar cites cheap stocks with strong profits
2023-08-29,2023-08-28 20:00:00+00:00,2023-08-28 18:45:15+00:00,"GLOBAL MARKETS-US stocks advance, crude rises, crucial data in the wings"
2023-08-30,2023-08-29 20:00:00+00:00,2023-08-29 18:07:19+00:00,US STOCKS-Wall Street rallies as jobs data fuels interest rate optimism
2023-08-30,2023-08-29 20:00:00+00:00,2023-08-29 18:58:03+00:00,"Dow futures extend gains after positive session, HP drops 6.5% after earnings"
2023-08-30,2023-08-29 20:00:00+00:00,2023-08-29 19:18:27+00:00,US stocks and Treasuries rally after weak jobs data
2023-08-30,2023-08-29 20:00:00+00:00,2023-08-29 19:53:02+00:00,Stocks in September: Why investors shouldn't get their hopes up
2023-08-30,2023-08-29 20:00:00+00:00,2023-08-29 19:59:28+00:00,"Fed has hiked interest rates 'too much,' strategist explains"
2023-08-31,2023-08-30 20:00:00+00:00,2023-08-30 17:00:00+00:00,Time to Buy the Dip in China ETFs?
2023-08-31,2023-08-30 20:00:00+00:00,2023-08-30 17:05:00+00:00,4 Top Stocks to Watch From the Promising Furniture Industry
2023-08-31,2023-08-30 20:00:00+00:00,2023-08-30 17:55:05+00:00,"What's Next for the S&amp;P 500, According to History"
2023-08-31,2023-08-30 20:00:00+00:00,2023-08-30 18:00:44+00:00,Stock Market Holds On To Gains; Auto Retailer Stock Adds To 900% Rally
2023-08-31,2023-08-30 20:00:00+00:00,2023-08-30 19:37:00+00:00,Tom Lee: 4 Reasons We See the S&amp;P 500 Gaining 2%-3% in September
2023-09-01,2023-08-31 20:00:00+00:00,2023-08-31 17:41:00+00:00,3 Storage Devices Stocks to Watch for in a Thriving Industry
2023-09-01,2023-08-31 20:00:00+00:00,2023-08-31 17:52:50+00:00,Fed's inflation fight: How oil prices could complicate things
2023-09-01,2023-08-31 20:00:00+00:00,2023-08-31 17:53:43+00:00,"S&amp;P 500, Nasdaq post August losses, breaking 5-month winning streak"
2023-09-01,2023-08-31 20:00:00+00:00,2023-08-31 19:45:22+00:00,"Growth Stock Trumps S&amp;P 500 With Triple Gains, Nears Buy Point"
2023-09-01,2023-08-31 20:00:00+00:00,2023-08-31 19:57:00+00:00,The Stock Market’s Debt Problem Is Hiding in Plain Sight
2023-09-05,2023-09-01 20:00:00+00:00,2023-09-01 18:12:15+00:00,Labor Day Sale: Tesla Leads Top 5 Stocks Near Buy Points
2023-09-05,2023-09-01 20:00:00+00:00,2023-09-01 18:58:00+00:00,Handicapping Q3 Earnings: What to Expect
2023-09-05,2023-09-01 20:00:00+00:00,2023-09-01 19:03:39+00:00,"GLOBAL MARKETS-Wall Street mixed, benchmark Treasury yields up before US holiday weekend"
2023-09-05,2023-09-01 20:00:00+00:00,2023-09-01 19:49:06+00:00,US stocks mixed and Treasuries slip as investors weigh jobs data
2023-09-05,2023-09-01 20:00:00+00:00,2023-09-01 20:00:00+00:00,Top 25 Stocks in the S&amp;P 500 by Index Weight
2023-09-06,2023-09-05 20:00:00+00:00,2023-09-05 18:27:17+00:00,Tesla Is the Top Gainer in the S&amp;P 500
2023-09-06,2023-09-05 20:00:00+00:00,2023-09-05 18:32:00+00:00,"Blackstone Stock Soars on S&amp;P Inclusion. KKR, Apollo Could Be Next."
2023-09-06,2023-09-05 20:00:00+00:00,2023-09-05 18:55:00+00:00,This Strategist Has Been Right About Stocks. How He Sees 2023 Ending.
2023-09-06,2023-09-05 20:00:00+00:00,2023-09-05 19:14:31+00:00,"Dow Jones Falls As Oil Stocks Pop On Saudi, Russia Cuts; 3 Warren Buffett Stocks Are Near Entries"
2023-09-06,2023-09-05 20:00:00+00:00,2023-09-05 19:16:10+00:00,Airbnb and Blackstone Shares Set For Price Bump On S&amp;P 500 Inclusion
2023-09-07,2023-09-06 20:00:00+00:00,2023-09-06 17:22:29+00:00,Airbnb: From Air Mattress to S&amp;P500 Star
2023-09-07,2023-09-06 20:00:00+00:00,2023-09-06 17:51:01+00:00,"'This Market Can Go Higher So Easily': Jim Cramer Praises Jerome Powell, Says The Fed Chair 'Is Winning In So Many Places' — Is He Right?"
2023-09-07,2023-09-06 20:00:00+00:00,2023-09-06 18:30:00+00:00,"Doug Kass: Investors, Like Ostriches, May Have Their Heads in the Sand"
2023-09-07,2023-09-06 20:00:00+00:00,2023-09-06 18:46:36+00:00,"US STOCKS-Wall St slides as economic data stokes inflation worries, Apple drags"
2023-09-07,2023-09-06 20:00:00+00:00,2023-09-06 19:27:54+00:00,US Treasuries and stocks fall after robust services sector data
2023-09-08,2023-09-07 20:00:00+00:00,2023-09-07 17:27:00+00:00,"Banks Are Resilient, but FDIC Says Inflation and Higher Interest Rates Pose Risks"
2023-09-08,2023-09-07 20:00:00+00:00,2023-09-07 18:05:00+00:00,5 Reasons to Worry About Stocks and 5 Reasons They’re Wrong
2023-09-08,2023-09-07 20:00:00+00:00,2023-09-07 18:43:17+00:00,Stocks Remain Mixed in Midday Trading
2023-09-08,2023-09-07 20:00:00+00:00,2023-09-07 19:03:45+00:00,Nasdaq dragged lower as Apple’s 2-day valuation wipeout hits $200bn
2023-09-08,2023-09-07 20:00:00+00:00,2023-09-07 19:22:10+00:00,Airbnb Stock's Hot Growth Sees It Book Its Way Into S&amp;P 500
2023-09-11,2023-09-08 20:00:00+00:00,2023-09-08 17:04:21+00:00,Stocks rise as Fed officials hint at rate respite: Stock market news today
2023-09-11,2023-09-08 20:00:00+00:00,2023-09-08 18:26:19+00:00,"US STOCKS-Wall St rises as megacaps gain, yields slip ahead of US inflation data"
2023-09-11,2023-09-08 20:00:00+00:00,2023-09-08 18:50:54+00:00,Energy Stocks on Track to End Week on a High
2023-09-11,2023-09-08 20:00:00+00:00,2023-09-08 19:10:19+00:00,Markets Dip Ahead of the Close
2023-09-11,2023-09-08 20:00:00+00:00,2023-09-08 19:38:23+00:00,US shares steady after Apple and data feed midweek sell-off
2023-09-12,2023-09-11 20:00:00+00:00,2023-09-11 17:00:00+00:00,Earnings Estimates are Climbing. That's Good For Stocks.
2023-09-12,2023-09-11 20:00:00+00:00,2023-09-11 17:03:00+00:00,Top 3 Stocks to Buy on Prospering Wood Industry Trends
2023-09-12,2023-09-11 20:00:00+00:00,2023-09-11 17:39:57+00:00,Stocks Inch Up. A Busy Week Lies Ahead.
2023-09-12,2023-09-11 20:00:00+00:00,2023-09-11 19:11:06+00:00,Dow Jones Fights For Key Level; Tesla Rockets Past Entry As Elon Musk Boasts Of These Value Drivers
2023-09-12,2023-09-11 20:00:00+00:00,2023-09-11 19:12:35+00:00,Big tech stocks lead Wall Street stocks higher
2023-09-13,2023-09-12 20:00:00+00:00,2023-09-12 17:48:56+00:00,Oracle Stock On Track for Worst Day Since 2002
2023-09-13,2023-09-12 20:00:00+00:00,2023-09-12 18:01:44+00:00,The CPI Inflation Rate Is Heating Up Again. Here's Why The Fed Will Stay Cool.
2023-09-13,2023-09-12 20:00:00+00:00,2023-09-12 18:49:47+00:00,"SocGen equity strategists upbeat on S&amp;P 500 near-term, cautious into 2024"
2023-09-13,2023-09-12 20:00:00+00:00,2023-09-12 18:53:34+00:00,Looking For High Yield? These 2 Stocks Are Paying Over 7%
2023-09-13,2023-09-12 20:00:00+00:00,2023-09-12 19:03:24+00:00,"GLOBAL MARKETS-Wall Street mixed, crude surges as inflation data eyed"
2023-09-14,2023-09-13 20:00:00+00:00,2023-09-13 18:31:11+00:00,‘Higher for longer’ rates remain a threat to U.S. stocks after inflation data
2023-09-14,2023-09-13 20:00:00+00:00,2023-09-13 18:42:53+00:00,Dow Wobbles in Late Afternoon Trading
2023-09-14,2023-09-13 20:00:00+00:00,2023-09-13 19:28:14+00:00,Oil ETFs Power Higher With Rising Oil Prices
2023-09-14,2023-09-13 20:00:00+00:00,2023-09-13 19:38:06+00:00,"Inflation: Economy ‘too resilient’ for Fed to cut rates, strategist says"
2023-09-14,2023-09-13 20:00:00+00:00,2023-09-13 19:52:00+00:00,Why Ford and GM Should Lift Their Dividends
2023-09-15,2023-09-14 20:00:00+00:00,2023-09-14 17:36:52+00:00,Stock Market Indexes Reclaim Key Level; Arm IPO Off To Good Start
2023-09-15,2023-09-14 20:00:00+00:00,2023-09-14 18:13:36+00:00,UPDATE 1-New ETF looks to tap hot market for zero-day options
2023-09-15,2023-09-14 20:00:00+00:00,2023-09-14 18:57:25+00:00,Euro slips to six-month low after European Central Bank raises interest rates
2023-09-15,2023-09-14 20:00:00+00:00,2023-09-14 19:07:29+00:00,"GLOBAL MARKETS-Wall Street rallies, dollar surges as data bolsters Fed pause bets"
2023-09-15,2023-09-14 20:00:00+00:00,2023-09-14 19:20:15+00:00,Stocks Extend Their Gains Heading Into the Close
2023-09-18,2023-09-15 20:00:00+00:00,2023-09-15 16:58:52+00:00,Rise in oil prices 'largely ignored' by the market: Analyst
2023-09-18,2023-09-15 20:00:00+00:00,2023-09-15 17:49:53+00:00,High Volume and Volatility. It's a Triple-Witching Day.
2023-09-18,2023-09-15 20:00:00+00:00,2023-09-15 18:14:00+00:00,Can the Stock Market Rally Keep Going?
2023-09-18,2023-09-15 20:00:00+00:00,2023-09-15 18:52:04+00:00,"GLOBAL MARKETS-Wall Street slides, Treasury yields rise as focus turns to the Fed"
2023-09-18,2023-09-15 20:00:00+00:00,2023-09-15 19:01:56+00:00,"Despite Today's Drop, Dow Is Set to End Week Higher"
2023-09-19,2023-09-18 20:00:00+00:00,2023-09-18 15:17:58+00:00,"GLOBAL MARKETS-Stocks drift lower, US yields rise but growth outlook dims"
2023-09-19,2023-09-18 20:00:00+00:00,2023-09-18 15:50:00+00:00,Higher Oil Prices Might Not Be as Bad as You Think
2023-09-19,2023-09-18 20:00:00+00:00,2023-09-18 16:08:27+00:00,S&amp;P 500 Pushes Into Positive Territory. Thank Energy Stocks.
2023-09-19,2023-09-18 20:00:00+00:00,2023-09-18 17:20:46+00:00,Crude oil moves higher as investors look ahead to central bank meetings
2023-09-19,2023-09-18 20:00:00+00:00,2023-09-18 19:46:49+00:00,US stocks mixed as oil rises and traders await central bank meetings
2023-09-20,2023-09-19 20:00:00+00:00,2023-09-19 17:27:00+00:00,"Stocks slump, oil extends surge, as Fed kicks-off key rate meeting"
2023-09-20,2023-09-19 20:00:00+00:00,2023-09-19 17:37:56+00:00,How Blackstone celebrated S&amp;P 500 inclusion
2023-09-20,2023-09-19 20:00:00+00:00,2023-09-19 18:04:00+00:00,Find Top-Ranked Stocks to Buy that are Efficiently Generating Profits
2023-09-20,2023-09-19 20:00:00+00:00,2023-09-19 18:22:36+00:00,Wall Street stocks slip ahead of central bank decisions
2023-09-20,2023-09-19 20:00:00+00:00,2023-09-19 18:23:06+00:00,Energy Stocks Fail to Lure Retail Investors Despite Oil Rally
2023-09-21,2023-09-20 20:00:00+00:00,2023-09-20 19:14:01+00:00,Stocks Whipsaw After Fed Decision
2023-09-21,2023-09-20 20:00:00+00:00,2023-09-20 19:28:02+00:00,"Stocks slip as Fed leaves interest rates unchanged, hints at one more hike: Stock market news today"
2023-09-21,2023-09-20 20:00:00+00:00,2023-09-20 19:41:04+00:00,Stock Market Skittish After Fed Leaves Rates Alone; Cloud Stock In Buy Zone
2023-09-21,2023-09-20 20:00:00+00:00,2023-09-20 19:53:00+00:00,"Buy U.S. Stocks, BofA Says. Just Not the Market-Cap S&amp;P 500."
2023-09-21,2023-09-20 20:00:00+00:00,2023-09-20 19:59:04+00:00,"GLOBAL MARKETS-Stocks waver, short-end U.S. yields rise after hawkish Fed statement"
2023-09-22,2023-09-21 20:00:00+00:00,2023-09-21 17:47:30+00:00,Stock Market Trims Losses; Energy Stock Outshines On A Rough Day
2023-09-22,2023-09-21 20:00:00+00:00,2023-09-21 17:54:45+00:00,Everything Selloff Snowballs While Traders Adjust to Fed’s Reality
2023-09-22,2023-09-21 20:00:00+00:00,2023-09-21 18:31:16+00:00,"US STOCKS-US stocks slide, Treasury yields spike on hawkish Fed outlook"
2023-09-22,2023-09-21 20:00:00+00:00,2023-09-21 18:52:23+00:00,12 Best Growth ETFs to Buy
2023-09-22,2023-09-21 20:00:00+00:00,2023-09-21 19:15:58+00:00,Raymond James Shares Drop After Reporting a Decline in Client Assets as Stock Prices Fell
2023-09-25,2023-09-22 20:00:00+00:00,2023-09-22 18:22:00+00:00,"Deere Stock Is Dropping Again. Downgrades, Problems Are Growing."
2023-09-25,2023-09-22 20:00:00+00:00,2023-09-22 18:23:31+00:00,S&amp;P 500 Dips Ahead of Market Close
2023-09-25,2023-09-22 20:00:00+00:00,2023-09-22 18:35:09+00:00,"US STOCKS-Wall St falls, reversing early gains as rebound loses steam"
2023-09-25,2023-09-22 20:00:00+00:00,2023-09-22 19:30:08+00:00,US stocks steady after worries over Fed interest rates spur sell-off
2023-09-25,2023-09-22 20:00:00+00:00,2023-09-22 19:50:00+00:00,Analyzing the Fed &amp; Current Earnings Expectations
2023-09-26,2023-09-25 20:00:00+00:00,2023-09-25 18:04:00+00:00,Morningstar's bullish on biotech; Pfizer's among the picks
2023-09-26,2023-09-25 20:00:00+00:00,2023-09-25 18:17:09+00:00,Hedge Funds Cut Stock Leverage at Fastest Pace Since 2020 Crash
2023-09-26,2023-09-25 20:00:00+00:00,2023-09-25 18:20:00+00:00,5 Property &amp; Casualty Insurers to Buy With Improving Pricing
2023-09-26,2023-09-25 20:00:00+00:00,2023-09-25 18:20:17+00:00,"US STOCKS-S&amp;P 500 edges up, helped by energy as investor eye rate outlook"
2023-09-26,2023-09-25 20:00:00+00:00,2023-09-25 19:58:47+00:00,Markets have to 'catch up' to Fed's interest rates: Strategist
2023-09-27,2023-09-26 20:00:00+00:00,2023-09-26 18:44:33+00:00,"Stock losses accelerate amid Fed fallout, shutdown worries: Stock market news today"
2023-09-27,2023-09-26 20:00:00+00:00,2023-09-26 19:22:00+00:00,How to Find Great Value Stocks to Buy in October
2023-09-27,2023-09-26 20:00:00+00:00,2023-09-26 19:32:00+00:00,Treasury Capitulation Is a Necessary Evil
2023-09-27,2023-09-26 20:00:00+00:00,2023-09-26 19:33:26+00:00,15 Best Dividend Aristocrat Stocks To Buy Now
2023-09-27,2023-09-26 20:00:00+00:00,2023-09-26 19:56:00+00:00,Tap Into Energy Momentum With These 3 Stocks
2023-09-28,2023-09-27 20:00:00+00:00,2023-09-27 18:00:00+00:00,4 Country ETFs Beating the S&amp;P 500 in Q3
2023-09-28,2023-09-27 20:00:00+00:00,2023-09-27 18:11:43+00:00,US STOCKS-Wall Street slide deepens as elevated yields keep market on edge
2023-09-28,2023-09-27 20:00:00+00:00,2023-09-27 18:29:14+00:00,"Bond Yields Soar, Weighing on Stocks"
2023-09-28,2023-09-27 20:00:00+00:00,2023-09-27 19:08:09+00:00,The Fed's Key Inflation Rate Keeps Sinking; S&amp;P 500 Gloom May Lift
2023-09-28,2023-09-27 20:00:00+00:00,2023-09-27 19:36:32+00:00,Dow Jones Reverses As Shutdown Threat Looms; Chip Giant Teeters On China Risk
2023-09-29,2023-09-28 20:00:00+00:00,2023-09-28 17:00:00+00:00,Top ETF Stories of Q3
2023-09-29,2023-09-28 20:00:00+00:00,2023-09-28 17:42:13+00:00,US stocks rally as oil price retreats from recent high
2023-09-29,2023-09-28 20:00:00+00:00,2023-09-28 18:19:18+00:00,"US STOCKS-Wall St gains as investors digest economic data, Treasury yields steady"
2023-09-29,2023-09-28 20:00:00+00:00,2023-09-28 18:21:35+00:00,Traders wary of volatility as JP Morgan fund's big options trade looms
2023-09-29,2023-09-28 20:00:00+00:00,2023-09-28 18:24:56+00:00,Markets Rise Midday as Consumer Spending Slows and Oil Prices Fall
2023-10-02,2023-09-29 20:00:00+00:00,2023-09-29 19:22:56+00:00,Q3 2023 in review: Where the market could go from here
2023-10-02,2023-09-29 20:00:00+00:00,2023-09-29 19:24:57+00:00,"GLOBAL MARKETS-Global stock index waver as data boost fades, shutdown and quarter-end in focus"
2023-10-02,2023-09-29 20:00:00+00:00,2023-09-29 19:27:48+00:00,Government bonds rally after investors welcome inflation figures
2023-10-02,2023-09-29 20:00:00+00:00,2023-09-29 19:28:00+00:00,Shutdowns Come and Go. Why Deficits Pose the Real and Present Danger.
2023-10-02,2023-09-29 20:00:00+00:00,2023-09-29 19:54:47+00:00,"What August PCE data, Fed's rate outlook could mean for markets"
2023-10-03,2023-10-02 20:00:00+00:00,2023-10-02 18:50:09+00:00,Utilities Have Their Worst Day in 3 Years
2023-10-03,2023-10-02 20:00:00+00:00,2023-10-02 18:53:37+00:00,"US STOCKS-Dow, S&amp;P 500 fall; focus on outlook for higher interest rates"
2023-10-03,2023-10-02 20:00:00+00:00,2023-10-02 18:58:39+00:00,The 10-Year Treasury Yield Surged To A 16-Year High. Here's Why.
2023-10-03,2023-10-02 20:00:00+00:00,2023-10-02 19:22:49+00:00,"GLOBAL MARKETS-Global stock index dips while bond yields, dollar climb"
2023-10-03,2023-10-02 20:00:00+00:00,2023-10-02 19:48:59+00:00,"Falling Yields, Valuations Could Lift Mega-Cap Tech Stocks in Q4"
2023-10-04,2023-10-03 20:00:00+00:00,2023-10-03 17:06:00+00:00,Here's Why Investors Should Add Paylocity (PCTY) to Portfolio
2023-10-04,2023-10-03 20:00:00+00:00,2023-10-03 18:39:28+00:00,Stocks Fall Further as Bond Yields Soar
2023-10-04,2023-10-03 20:00:00+00:00,2023-10-03 18:43:19+00:00,US STOCKS-Indexes fall at least 1% as data adds to rate worries
2023-10-04,2023-10-03 20:00:00+00:00,2023-10-03 19:26:00+00:00,Find Top Stocks to Buy in October Still Trading Near their Highs
2023-10-04,2023-10-03 20:00:00+00:00,2023-10-03 20:00:00+00:00,"It's a tough slog, but there are reasons to buy stocks this month"
2023-10-05,2023-10-04 20:00:00+00:00,2023-10-04 18:09:15+00:00,Dow Turns Lower in Afternoon Trading
2023-10-05,2023-10-04 20:00:00+00:00,2023-10-04 18:46:07+00:00,"US STOCKS-S&amp;P 500, Nasdaq edge up after recent weakness; Dow down"
2023-10-05,2023-10-04 20:00:00+00:00,2023-10-04 19:31:02+00:00,Dow Jones Falters But Nasdaq Rallies; Tesla Gains As Chip Giant Plans Spinoff
2023-10-05,2023-10-04 20:00:00+00:00,2023-10-04 19:55:38+00:00,What Should Investors Do Amid the Rout in the Stock and Bond Market?
2023-10-05,2023-10-04 20:00:00+00:00,2023-10-04 19:59:59+00:00,Is it time to buy long bonds?
2023-10-06,2023-10-05 20:00:00+00:00,2023-10-05 18:54:18+00:00,Markets Shrug Off Earlier Losses
2023-10-06,2023-10-05 20:00:00+00:00,2023-10-05 19:07:00+00:00,"Think the Fed Messed Up? This Expert, and Some Data, Agree."
2023-10-06,2023-10-05 20:00:00+00:00,2023-10-05 19:14:17+00:00,Soaring Treasury yields ignite turbulence throughout markets
2023-10-06,2023-10-05 20:00:00+00:00,2023-10-05 19:34:44+00:00,"GLOBAL MARKET-Dollar slips, stocks gain amid still tight U.S. labor market"
2023-10-06,2023-10-05 20:00:00+00:00,2023-10-05 20:00:00+00:00,10 Dirt-cheap stocks to buy now
2023-10-09,2023-10-06 20:00:00+00:00,2023-10-06 17:13:27+00:00,Relentless Selling in Utilities Sector Presents Buy Signal
2023-10-09,2023-10-06 20:00:00+00:00,2023-10-06 17:55:00+00:00,Rivian Stock Downgraded. Its Bond Sale Is a Canary in the Coal Mine.
2023-10-09,2023-10-06 20:00:00+00:00,2023-10-06 18:45:48+00:00,Stocks Rise Ahead of Market Close
2023-10-09,2023-10-06 20:00:00+00:00,2023-10-06 18:47:03+00:00,"US STOCKS-Indexes up more than 1%, tech rallies on strong jobs, slower wage growth"
2023-10-09,2023-10-06 20:00:00+00:00,2023-10-06 19:45:00+00:00,Fourth-Quarter Expectations: Don't Count Out a Rally Just Yet
2023-10-10,2023-10-09 20:00:00+00:00,2023-10-09 17:43:10+00:00,"Stocks reverse losses, oil surges with focus on Middle East conflict: Stock market news today"
2023-10-10,2023-10-09 20:00:00+00:00,2023-10-09 18:11:52+00:00,Stocks Dig Out Of The Hole In Wake Of Attacks On Israel; Travel Stocks Get Hit
2023-10-10,2023-10-09 20:00:00+00:00,2023-10-09 18:17:07+00:00,Stocks Head Higher After Dovish Rumblings By Fed Officials
2023-10-10,2023-10-09 20:00:00+00:00,2023-10-09 18:48:56+00:00,US STOCKS-Wall Street turns positive as investors digest news of Mideast conflict
2023-10-10,2023-10-09 20:00:00+00:00,2023-10-09 19:15:00+00:00,Stocks Turn Positive Despite Israel-Hamas War
2023-10-11,2023-10-10 20:00:00+00:00,2023-10-10 18:30:14+00:00,Which Powerball Payout Option Is the Best?
2023-10-11,2023-10-10 20:00:00+00:00,2023-10-10 18:42:01+00:00,Fed Rate-Hike Odds Dive Ahead Of CPI Inflation Data; 10-Year Treasury Yield Falls
2023-10-11,2023-10-10 20:00:00+00:00,2023-10-10 18:57:20+00:00,US STOCKS-Wall Street gains as bond yields fall and Fed officials sound dovish
2023-10-11,2023-10-10 20:00:00+00:00,2023-10-10 19:24:37+00:00,Truist Financial Is S&amp;P 500's Best Performer Tuesday
2023-10-11,2023-10-10 20:00:00+00:00,2023-10-10 19:59:31+00:00,Can this rally in stocks continue?
2023-10-12,2023-10-11 20:00:00+00:00,2023-10-11 18:41:15+00:00,"Stocks waver after inflation data surprise, Fed minutes: Stock market news today"
2023-10-12,2023-10-11 20:00:00+00:00,2023-10-11 19:07:53+00:00,The Fed May Be Done. This Is What It Means For The 10-Year Treasury Yield And S&amp;P 500.
2023-10-12,2023-10-11 20:00:00+00:00,2023-10-11 19:10:27+00:00,"US STOCKS-S&amp;P 500, Nasdaq turn positive after Fed minutes"
2023-10-12,2023-10-11 20:00:00+00:00,2023-10-11 19:15:01+00:00,Don't Sweat A Hot CPI Inflation Report; Federal Reserve Rate-Hike Odds Dive
2023-10-12,2023-10-11 20:00:00+00:00,2023-10-11 20:00:00+00:00,Put some profit from this stock in your pocket
2023-10-13,2023-10-12 20:00:00+00:00,2023-10-12 17:53:28+00:00,Dow Drops 250 Points as Bond Yields Jump
2023-10-13,2023-10-12 20:00:00+00:00,2023-10-12 18:23:20+00:00,"US STOCKS-Wall Street falls as Treasury yields rise, investors digest inflation data,"
2023-10-13,2023-10-12 20:00:00+00:00,2023-10-12 19:17:20+00:00,Stock Market Crumbles In Afternoon Action; Pharmacy Stock Leads The Dow
2023-10-13,2023-10-12 20:00:00+00:00,2023-10-12 19:30:03+00:00,Dow futures steady as CPI snaps stock rally
2023-10-13,2023-10-12 20:00:00+00:00,2023-10-12 19:53:27+00:00,Could equities be in trouble if Treasury yields run higher?
2023-10-16,2023-10-13 20:00:00+00:00,2023-10-13 17:00:00+00:00,4 Top-Ranked Sector ETFs to Buy for Q4
2023-10-16,2023-10-13 20:00:00+00:00,2023-10-13 17:40:00+00:00,Can the Stock Market Go Up Without Banks? We’re About to Find Out.
2023-10-16,2023-10-13 20:00:00+00:00,2023-10-13 17:51:16+00:00,Dow Wavers in Afternoon Trading
2023-10-16,2023-10-13 20:00:00+00:00,2023-10-13 19:03:37+00:00,"REFILE-US STOCKS-S&amp;P 500, Nasdaq down with data, geopolitics offsetting strong bank results"
2023-10-16,2023-10-13 20:00:00+00:00,2023-10-13 19:22:00+00:00,Stocks Mixed Ahead of the Close
2023-10-17,2023-10-16 20:00:00+00:00,2023-10-16 17:09:14+00:00,"Lululemon, Hubbell Shares Rise Ahead of Joining the S&amp;P 500"
2023-10-17,2023-10-16 20:00:00+00:00,2023-10-16 17:42:05+00:00,Stocks Gain as Concerns About Conflict in Middle East Ease
2023-10-17,2023-10-16 20:00:00+00:00,2023-10-16 19:35:25+00:00,Lululemon Athletica Surges Into Buy Zone; LULU Stock To Join S&amp;P 500 Index
2023-10-17,2023-10-16 20:00:00+00:00,2023-10-16 19:47:26+00:00,Why Lululemon Stock Popped Today
2023-10-17,2023-10-16 20:00:00+00:00,2023-10-16 20:00:00+00:00,Don't ignore this reason why stocks could rally
2023-10-18,2023-10-17 20:00:00+00:00,2023-10-17 17:02:00+00:00,War and Bear Markets Go Hand in Hand. Here’s Why.
2023-10-18,2023-10-17 20:00:00+00:00,2023-10-17 17:07:54+00:00,S&amp;P 500 Giant Eyes Breakout On Top Of 55% YTD Gain
2023-10-18,2023-10-17 20:00:00+00:00,2023-10-17 18:21:17+00:00,Stocks seesaw after hot retail sales report: Stock market news today
2023-10-18,2023-10-17 20:00:00+00:00,2023-10-17 19:21:42+00:00,Stock Market Gives Back Gains; Nvidia Sinks On New Restrictions
2023-10-18,2023-10-17 20:00:00+00:00,2023-10-17 19:31:00+00:00,These 3 Buy-Rated Stocks Are Long-Term Outperformers
2023-10-19,2023-10-18 20:00:00+00:00,2023-10-18 17:11:00+00:00,Albemarle Stock Is Plunging. A Downgrade to Sell Slammed the Price.
2023-10-19,2023-10-18 20:00:00+00:00,2023-10-18 17:45:05+00:00,Layoffs lurk on Wall Street as macroeconomic outlook remains murky
2023-10-19,2023-10-18 20:00:00+00:00,2023-10-18 17:59:49+00:00,UPDATE 1-Layoffs lurk on Wall Street as macroeconomic outlook remains murky
2023-10-19,2023-10-18 20:00:00+00:00,2023-10-18 18:53:47+00:00,"US STOCKS-Wall St declines as yields rise again, investors assess latest earnings"
2023-10-19,2023-10-18 20:00:00+00:00,2023-10-18 18:54:09+00:00,"GLOBAL MARKETS-Wall Street slides, crude jumps on mounting Middle East tensions"
2023-10-20,2023-10-19 20:00:00+00:00,2023-10-19 18:56:01+00:00,"Stocks Fall, 10-Year Treasury Yield Near 5%"
2023-10-20,2023-10-19 20:00:00+00:00,2023-10-19 19:00:23+00:00,GLOBAL MARKETS-U.S. stocks dip following Powell remarks as benchmark Treasury yields near 5%
2023-10-20,2023-10-19 20:00:00+00:00,2023-10-19 19:23:29+00:00,Dow Jones Dives Despite Powell Pledge; Tesla Sinks After Elon Musk Warning
2023-10-20,2023-10-19 20:00:00+00:00,2023-10-19 19:58:30+00:00,10-year Treasury yields move higher after Powell speech
2023-10-20,2023-10-19 20:00:00+00:00,2023-10-19 20:00:00+00:00,Harvard’s Endowment Gains 2.9%. Venture Capital Dents Returns at the Biggest Funds.
2023-10-23,2023-10-20 20:00:00+00:00,2023-10-20 17:29:00+00:00,"If the Fed Messed Up, It Will Show in These Numbers"
2023-10-23,2023-10-20 20:00:00+00:00,2023-10-20 17:37:00+00:00,A ‘Soft Landing’ Is Still Possible. What It Would Mean for a Slumping Stock Market.
2023-10-23,2023-10-20 20:00:00+00:00,2023-10-20 18:41:00+00:00,Selling Into the Netflix Pop
2023-10-23,2023-10-20 20:00:00+00:00,2023-10-20 19:57:16+00:00,Should equity investors be neutral on Treasury yields spike?
2023-10-23,2023-10-20 20:00:00+00:00,2023-10-20 20:00:00+00:00,"S&amp;P 500 enters danger zone, but it's not all bad news"
2023-10-24,2023-10-23 20:00:00+00:00,2023-10-23 17:33:03+00:00,"GLOBAL MARKETS-10-yr Treasury yields pull back from 5%, helping weary stocks"
2023-10-24,2023-10-23 20:00:00+00:00,2023-10-23 17:34:38+00:00,Strategist Who Called First-Half Rally Sees S&amp;P 500 Stalling Out
2023-10-24,2023-10-23 20:00:00+00:00,2023-10-23 18:31:41+00:00,Stocks won't have 'sustainable rally' until bond yield hits pre-financial crisis level
2023-10-24,2023-10-23 20:00:00+00:00,2023-10-23 19:33:46+00:00,"Bill Ackman, Bill Gross comment on U.S. economy, bond market"
2023-10-24,2023-10-23 20:00:00+00:00,2023-10-23 19:44:00+00:00,Tech Stocks Are More Appealing as Earnings Season Starts Up
2023-10-25,2023-10-24 20:00:00+00:00,2023-10-24 16:50:05+00:00,"WRAPUP 1-US, European bellwethers best expectations, boost investor confidence"
2023-10-25,2023-10-24 20:00:00+00:00,2023-10-24 16:55:31+00:00,"US, European bellwethers best expectations, boost investor confidence"
2023-10-25,2023-10-24 20:00:00+00:00,2023-10-24 17:23:00+00:00,This Leading Retailer Has Quietly Entered A Bullish Phase
2023-10-25,2023-10-24 20:00:00+00:00,2023-10-24 18:14:00+00:00,Johnson &amp; Johnson Stock Skirts a 52-Week Low. Here’s What’s Ailing Healthcare.
2023-10-25,2023-10-24 20:00:00+00:00,2023-10-24 18:14:00+00:00,Johnson &amp; Johnson Shares Skirt a 52-Week Low. Here’s What’s Ailing Healthcare.
2023-10-26,2023-10-25 20:00:00+00:00,2023-10-25 17:04:00+00:00,5 Consumer Staples Stocks to Buy Now
2023-10-26,2023-10-25 20:00:00+00:00,2023-10-25 17:38:55+00:00,Top Dividend Stocks: Western Midstream's Jaw-Dropping 8.3% Yield Entices
2023-10-26,2023-10-25 20:00:00+00:00,2023-10-25 17:49:18+00:00,Third-quarter US earnings estimate improves slightly -LSEG
2023-10-26,2023-10-25 20:00:00+00:00,2023-10-25 19:48:11+00:00,Is low volatility giving investors 'false sense of security'
2023-10-26,2023-10-25 20:00:00+00:00,2023-10-25 19:52:00+00:00,It's Trash Day in the Stock Market
2023-10-27,2023-10-26 20:00:00+00:00,2023-10-26 17:21:00+00:00,Why Is the Stock Market Down Again Today? Big Tech Is No Longer the Market Savior It Used to Be.
2023-10-27,2023-10-26 20:00:00+00:00,2023-10-26 17:21:16+00:00,GLOBAL MARKETS-Stocks struggle on mixed earnings and data signals
2023-10-27,2023-10-26 20:00:00+00:00,2023-10-26 18:36:00+00:00,Q3 Earnings Season Scorecard - Earnings Growth Turns Positive
2023-10-27,2023-10-26 20:00:00+00:00,2023-10-26 19:12:45+00:00,"GLOBAL MARKETS-Stocks and Treasury yields decline amid mixed earnings, economic data"
2023-10-27,2023-10-26 20:00:00+00:00,2023-10-26 19:21:55+00:00,Dow Jones Dips As Magnificent 7 Get Hit; Meta Stock Plunges On This Israel-Hamas Warning
2023-10-30,2023-10-27 20:00:00+00:00,2023-10-27 18:56:00+00:00,Market Correction: 5 Reasons to Keep a Long-term Perspective
2023-10-30,2023-10-27 20:00:00+00:00,2023-10-27 19:01:35+00:00,Stock market news today: Dow down over 400 points as S&amp;P 500 moves closer to correction territory
2023-10-30,2023-10-27 20:00:00+00:00,2023-10-27 19:19:07+00:00,Stock Market Mixed With Nasdaq Slightly Ahead; This Is How Bad October Is Going For Stocks
2023-10-30,2023-10-27 20:00:00+00:00,2023-10-27 19:27:25+00:00,Stocks Slide. S&amp;P on Pace to Enter Correction Territory.
2023-10-30,2023-10-27 20:00:00+00:00,2023-10-27 20:00:00+00:00,Time to Finally Buy These 3 Beaten-Down Tech Stocks Before Earnings?
2023-10-31,2023-10-30 20:00:00+00:00,2023-10-30 18:18:44+00:00,"US STOCKS-Wall Street jumps as earnings gather momentum, Fed meeting nears"
2023-10-31,2023-10-30 20:00:00+00:00,2023-10-30 18:20:16+00:00,Wall Street's biggest bull lowers S&amp;P 500 target
2023-10-31,2023-10-30 20:00:00+00:00,2023-10-30 18:27:30+00:00,ON Semi Is the Worst Peformer in S&amp;P 500
2023-10-31,2023-10-30 20:00:00+00:00,2023-10-30 18:45:15+00:00,All S&amp;P 500 Sectors Gaining Monday
2023-10-31,2023-10-30 20:00:00+00:00,2023-10-30 19:50:14+00:00,Dow Gains Over 500 Points in Afternoon Trading
2023-11-01,2023-10-31 20:00:00+00:00,2023-10-31 17:20:50+00:00,Stock market news today: US stocks waver in countdown to Fed
2023-11-01,2023-10-31 20:00:00+00:00,2023-10-31 18:48:02+00:00,US STOCKS-Wall St up slightly before Fed decision; investors assess earnings
2023-11-01,2023-10-31 20:00:00+00:00,2023-10-31 19:16:55+00:00,Advantages of Exchange-Traded Funds (ETFs)
2023-11-01,2023-10-31 20:00:00+00:00,2023-10-31 19:40:45+00:00,"GLOBAL MARKETS-Yen slides after minor BOJ policy tweak, stocks advance"
2023-11-01,2023-10-31 20:00:00+00:00,2023-10-31 20:00:00+00:00,October was frightfully bad; will November be better?
2023-11-02,2023-11-01 20:00:00+00:00,2023-11-01 19:20:30+00:00,"Fed Rate Hike Odds Fall, S&amp;P 500 Rises As Powell Talks 8% Mortgages"
2023-11-02,2023-11-01 20:00:00+00:00,2023-11-01 19:23:33+00:00,Dow Rallies After Fed Decision
2023-11-02,2023-11-01 20:00:00+00:00,2023-11-01 19:53:00+00:00,Let’s Pretend You Just Came Into a 100 Grand. Top Pros Tell You How to Grow It.
2023-11-02,2023-11-01 20:00:00+00:00,2023-11-01 20:00:00+00:00,Mac-Attack: A macro flood sets the tone for stocks
2023-11-02,2023-11-01 20:00:00+00:00,2023-11-01 20:00:00+00:00,Top 25 Stocks in the S&amp;P 500 by Index Weight for November 2023
2023-11-03,2023-11-02 20:00:00+00:00,2023-11-02 18:05:35+00:00,Stock market news today: Dow rises more than 500 points as investors bet on end to Fed hikes
2023-11-03,2023-11-02 20:00:00+00:00,2023-11-02 18:42:41+00:00,"US STOCKS-US indexes up more than 1% on strong earnings, bets of peak US interest rates"
2023-11-03,2023-11-02 20:00:00+00:00,2023-11-02 19:09:44+00:00,"GLOBAL MARKETS-Stocks rally, dollar falls; investors bet Fed may be done hiking rates"
2023-11-03,2023-11-02 20:00:00+00:00,2023-11-02 19:20:03+00:00,"Dow futures trade steady, Apple slips 2.9% after earnings"
2023-11-03,2023-11-02 20:00:00+00:00,2023-11-02 19:51:59+00:00,"Stocks: We have income in fixed income again, advisor says"
2023-11-06,2023-11-03 20:00:00+00:00,2023-11-03 18:52:32+00:00,Dow Crosses 300 Points
2023-11-06,2023-11-03 20:00:00+00:00,2023-11-03 18:53:49+00:00,Stock investors see green light in falling Treasury yields
2023-11-06,2023-11-03 20:00:00+00:00,2023-11-03 19:27:56+00:00,"GLOBAL MARKETS-Stocks jump, dollar and yields fall after US jobs market softens"
2023-11-06,2023-11-03 20:00:00+00:00,2023-11-03 19:56:26+00:00,Summers Warns Against Investor Rush to Declare Fed’s Job Is Done
2023-11-06,2023-11-03 20:00:00+00:00,2023-11-03 20:00:00+00:00,Here's when to buy Apple stock
2023-11-07,2023-11-06 20:00:00+00:00,2023-11-06 18:35:39+00:00,"Stocks Turn Lower, Giving Back Earlier Gains"
2023-11-07,2023-11-06 20:00:00+00:00,2023-11-06 18:49:53+00:00,Top S&amp;P Dividend Stocks To Invest In To Stay Ahead Of Inflation
2023-11-07,2023-11-06 20:00:00+00:00,2023-11-06 19:03:00+00:00,Housing Stocks &amp; ETFs Will Likely Surge: Here's Why
2023-11-07,2023-11-06 20:00:00+00:00,2023-11-06 19:11:00+00:00,"If You Invested $10,000 in Alphabet In 2004, This Is How Much You Would Have Now"
2023-11-07,2023-11-06 20:00:00+00:00,2023-11-06 19:55:33+00:00,Stocks Flatten Out in Afternoon Trading
2023-11-08,2023-11-07 20:00:00+00:00,2023-11-07 17:49:00+00:00,How Ray Dalio and Bridgewater Contributed to GE’s Turnaround
2023-11-08,2023-11-07 20:00:00+00:00,2023-11-07 18:18:00+00:00,These 4 Stocks Have Been the Most Popular During Wall Street’s Recent Rally
2023-11-08,2023-11-07 20:00:00+00:00,2023-11-07 19:00:00+00:00,Inside the Dividend Monarchs ETF (KNGS)
2023-11-08,2023-11-07 20:00:00+00:00,2023-11-07 19:01:04+00:00,Nasdaq Gains Over 1%. Tech Leads the Way.
2023-11-08,2023-11-07 20:00:00+00:00,2023-11-07 19:06:00+00:00,How Bridgewater’s Ray Dalio Inadvertently Contributed to GE’s Turnaround
2023-11-09,2023-11-08 20:00:00+00:00,2023-11-08 18:50:49+00:00,16 Best Consistent Dividend Stocks to Invest In
2023-11-09,2023-11-08 20:00:00+00:00,2023-11-08 19:17:00+00:00,"Amazon, Nvidia, and 7 Other Stocks for Falling Bond Yields"
2023-11-09,2023-11-08 20:00:00+00:00,2023-11-08 19:19:26+00:00,13 Best Affordable Dividend Stocks To Buy
2023-11-09,2023-11-08 20:00:00+00:00,2023-11-08 19:36:55+00:00,Can things get worse for banks?
2023-11-09,2023-11-08 20:00:00+00:00,2023-11-08 19:40:04+00:00,"US STOCKS-Wall St little changed as investors eye yields, Fed comments"
2023-11-10,2023-11-09 20:00:00+00:00,2023-11-09 19:21:00+00:00,This Helpful Table Helps Us Analyze and Compare AAP Portfolio Stocks
2023-11-10,2023-11-09 20:00:00+00:00,2023-11-09 19:28:38+00:00,Stock market news today: Stocks slide as bond yields jump
2023-11-10,2023-11-09 20:00:00+00:00,2023-11-09 19:30:47+00:00,Jay Powell warns Fed against risk of being ‘misled’ in inflation fight
2023-11-10,2023-11-09 20:00:00+00:00,2023-11-09 19:33:19+00:00,Fed's Powell leans hawkish in IMF remarks
2023-11-10,2023-11-09 20:00:00+00:00,2023-11-09 19:53:26+00:00,"US STOCKS-Wall St falls after Powell, Treasury auction"
2023-11-13,2023-11-10 20:00:00+00:00,2023-11-10 18:41:50+00:00,Dow Up 300 Points as Wall Street Heads for Another Winning Week
2023-11-13,2023-11-10 20:00:00+00:00,2023-11-10 18:42:00+00:00,‘Tis the Season for Tax-Loss Selling. Short These Stocks.
2023-11-13,2023-11-10 20:00:00+00:00,2023-11-10 19:08:02+00:00,"US STOCKS-Wall St roars back, helped by tech, calming Treasury yields"
2023-11-13,2023-11-10 20:00:00+00:00,2023-11-10 19:32:49+00:00,Investors wary of lingering Treasury volatility as US stocks rally
2023-11-13,2023-11-10 20:00:00+00:00,2023-11-10 19:47:33+00:00,US company earnings set for biggest quarterly gain in over a year
2023-11-14,2023-11-13 20:00:00+00:00,2023-11-13 19:09:56+00:00,12 Tech Stocks with Low PE Ratios
2023-11-14,2023-11-13 20:00:00+00:00,2023-11-13 19:33:04+00:00,"US STOCKS-Wall Street wavers after rally, focus on inflation data"
2023-11-14,2023-11-13 20:00:00+00:00,2023-11-13 19:41:09+00:00,Morgan Stanley’s 15 Stock Picks for 2023
2023-11-14,2023-11-13 20:00:00+00:00,2023-11-13 19:56:00+00:00,2 Long-Term Bets as Outlook Weakens for Semiconductors
2023-11-14,2023-11-13 20:00:00+00:00,2023-11-13 19:56:11+00:00,10 Healthcare Focused Hedge Funds and 10 Top Stock Picks
2023-11-15,2023-11-14 20:00:00+00:00,2023-11-14 18:27:11+00:00,Stocks Have Best CPI Day in a Year
2023-11-15,2023-11-14 20:00:00+00:00,2023-11-14 18:38:35+00:00,Goldilocks hopes return to Wall St after benign inflation report
2023-11-15,2023-11-14 20:00:00+00:00,2023-11-14 18:46:27+00:00,Stocks soar as Wall Street celebrates a cooler-than-expected inflation report that may signal an end to Fed rate hikes: ‘The immaculate disinflation continues’
2023-11-15,2023-11-14 20:00:00+00:00,2023-11-14 19:00:00+00:00,Loyal ETF Investors Rewarded With No Tax Bills
2023-11-15,2023-11-14 20:00:00+00:00,2023-11-14 19:48:59+00:00,"US STOCKS-Wall St jumps, led by Nasdaq; data supports view Fed may be done hiking rates"
2023-11-16,2023-11-15 20:00:00+00:00,2023-11-15 18:27:10+00:00,Stock market news today: Dow leads as stocks on pace to extend recent rally
2023-11-16,2023-11-15 20:00:00+00:00,2023-11-15 18:27:10+00:00,Stock market news today: Stocks mixed as market rally stalls
2023-11-16,2023-11-15 20:00:00+00:00,2023-11-15 18:40:02+00:00,Stock Market Gains Thin Out As Small-Cap Rally Hits Critical Level; Target Has Best Day In More Than 4 Years
2023-11-16,2023-11-15 20:00:00+00:00,2023-11-15 19:45:00+00:00,"Equity Markets Are Convinced the Fed Will Soon Cut Rates, But Will They?"
2023-11-16,2023-11-15 20:00:00+00:00,2023-11-15 19:47:44+00:00,"US STOCKS-Wall St edges higher on easing producer prices, Target's upbeat forecast"
2023-11-17,2023-11-16 20:00:00+00:00,2023-11-16 18:31:00+00:00,Goldman Sachs predicts these 7 stocks will lead the way in 2024
2023-11-17,2023-11-16 20:00:00+00:00,2023-11-16 18:50:06+00:00,S&amp;P 500 Rally Sputters With Index Near Key Technical Levels
2023-11-17,2023-11-16 20:00:00+00:00,2023-11-16 19:05:50+00:00,Wal-Mart Shares on Pace for Worst Day of the Year
2023-11-17,2023-11-16 20:00:00+00:00,2023-11-16 19:44:26+00:00,UPDATE 1-Billionaire Asness says he is 'more a bond guy' at this moment
2023-11-17,2023-11-16 20:00:00+00:00,2023-11-16 19:59:18+00:00,"US STOCKS-Wall St dips, rally takes breather as Cisco, Walmart drop"
2023-11-20,2023-11-17 20:00:00+00:00,2023-11-17 18:11:00+00:00,The Stock Market Has Seen Strong ‘Breadth.’ More Gains Could Be Ahead.
2023-11-20,2023-11-17 20:00:00+00:00,2023-11-17 18:23:00+00:00,"Hightower Investment Strategist Stephanie Link: Bonds Are Back, but Don’t Forget Stocks"
2023-11-20,2023-11-17 20:00:00+00:00,2023-11-17 18:55:02+00:00,Stocks Inch Into the Green
2023-11-20,2023-11-17 20:00:00+00:00,2023-11-17 19:39:05+00:00,"US STOCKS-Wall St indexes rise slightly, traders assess Fed comments"
2023-11-20,2023-11-17 20:00:00+00:00,2023-11-17 19:41:00+00:00,Why Stocks Are Poised To Finish The Year Strong
2023-11-21,2023-11-20 20:00:00+00:00,2023-11-20 17:34:37+00:00,Top 5 ETFs of 2023
2023-11-21,2023-11-20 20:00:00+00:00,2023-11-20 17:48:50+00:00,"S&amp;P 500 to Flirt With Record High in Bumpy 2024 Ride, SocGen Says"
2023-11-21,2023-11-20 20:00:00+00:00,2023-11-20 17:58:09+00:00,Citadel Stock Holdings: 12 Biggest Energy Stocks
2023-11-21,2023-11-20 20:00:00+00:00,2023-11-20 17:58:28+00:00,"Big Tech rally nears peak, but are there risks in 2024?"
2023-11-21,2023-11-20 20:00:00+00:00,2023-11-20 18:00:00+00:00,Making Heads and Tails Out of Headwinds and Tailwinds
2023-11-22,2023-11-21 20:00:00+00:00,2023-11-21 18:34:22+00:00,"With inflation cooling and AI hitting its stride, stocks are on the cusp of record-setting ‘Roaring 2020s,’ Ed Yardeni says"
2023-11-22,2023-11-21 20:00:00+00:00,2023-11-21 18:48:38+00:00,"Eurozone property debts worse than pre-financial crisis, warn ECB"
2023-11-22,2023-11-21 20:00:00+00:00,2023-11-21 19:06:37+00:00,Europe's 'SPY' Pulls In €1 Bln After Fee Cut
2023-11-22,2023-11-21 20:00:00+00:00,2023-11-21 19:14:00+00:00,"A TIPS Auction Saw Its Highest Yield Since 2009, Thanks to Slowing Inflation"
2023-11-22,2023-11-21 20:00:00+00:00,2023-11-21 19:26:40+00:00,Stocks Shrug Off Latest Fed Minutes
2023-11-24,2023-11-22 20:00:00+00:00,2023-11-22 17:58:13+00:00,Dow Up Over 100 Points in Midday Trading
2023-11-24,2023-11-22 20:00:00+00:00,2023-11-22 18:09:00+00:00,A Winning Stock Selection Process to Be Thankful For
2023-11-24,2023-11-22 20:00:00+00:00,2023-11-22 18:09:12+00:00,"Electrification Leader Enters EV Space, Breaks Out Today"
2023-11-24,2023-11-22 20:00:00+00:00,2023-11-22 18:47:36+00:00,"RBC joins Bank of America in calling for the S&amp;P 500 to reach 5,000 in 2024"
2023-11-24,2023-11-22 20:00:00+00:00,2023-11-22 19:46:00+00:00,Rate Hikes Haven’t Hurt Main Street. Wall Street Might Not Be So Lucky.
2023-11-27,2023-11-24 20:00:00+00:00,2023-11-24 18:31:41+00:00,Wall Street Throws Caution to the Wind to Keep Up With Stock Rally
2023-11-27,2023-11-24 20:00:00+00:00,2023-11-24 18:36:55+00:00,"S&amp;P 500 Gains and Losses Today: China Woes Drag Nvidia, Apple Shares"
2023-11-27,2023-11-24 20:00:00+00:00,2023-11-24 18:42:00+00:00,4 ETFs to Implement Buffett's Investing Philosophy
2023-11-27,2023-11-24 20:00:00+00:00,2023-11-24 19:44:17+00:00,"Dow Jones Futures: Market Rally Looks Great, But Beware This; 8 Stocks Near Buy Points"
2023-11-27,2023-11-24 20:00:00+00:00,2023-11-24 19:44:33+00:00,US retail ETFs deliver solid Black Friday gains
2023-11-28,2023-11-27 20:00:00+00:00,2023-11-27 18:03:00+00:00,Here's Why I See the S&amp;P Hitting Up to 4700
2023-11-28,2023-11-27 20:00:00+00:00,2023-11-27 18:29:55+00:00,S&amp;P 500 Briefly Turns Positive as Tech Leads Gains
2023-11-28,2023-11-27 20:00:00+00:00,2023-11-27 18:52:00+00:00,"We're Adjusting Our Outlook Table for Amazon, Other Stocks"
2023-11-28,2023-11-27 20:00:00+00:00,2023-11-27 19:18:00+00:00,A Recession Could Be Coming. It May Not Slow Markets.
2023-11-28,2023-11-27 20:00:00+00:00,2023-11-27 19:27:32+00:00,"US STOCKS-Wall St pauses amid Cyber Monday madness; data, Fed speakers on tap"
2023-11-29,2023-11-28 20:00:00+00:00,2023-11-28 18:33:16+00:00,Why Stocks Jumped on the Latest Comments From Fed’s Waller
2023-11-29,2023-11-28 20:00:00+00:00,2023-11-28 19:23:00+00:00,Newmont Leads the S&amp;P 500. A Gold Rally Is Helping.
2023-11-29,2023-11-28 20:00:00+00:00,2023-11-28 19:35:40+00:00,Stock market news today: Stocks waver as Wall Street rally loses steam
2023-11-29,2023-11-28 20:00:00+00:00,2023-11-28 19:40:33+00:00,US STOCKS-Wall St moves sideways after mixed Fed statements
2023-11-29,2023-11-28 20:00:00+00:00,2023-11-28 19:57:29+00:00,Insiders Are Buying Up Stocks in Sign November’s Equity Rally Has Room to Run
2023-11-30,2023-11-29 20:00:00+00:00,2023-11-29 19:08:36+00:00,"Stock market news today: US stocks move higher amid revived hopes for Fed rate cut, GDP data"
2023-11-30,2023-11-29 20:00:00+00:00,2023-11-29 19:11:00+00:00,2 Stocks to Buy from the Rebounding Semiconductor Market
2023-11-30,2023-11-29 20:00:00+00:00,2023-11-29 19:20:00+00:00,3 Keys to a 'Winning' Investment Performance in 2024
2023-11-30,2023-11-29 20:00:00+00:00,2023-11-29 19:30:34+00:00,Analysis-Rate cut hopes buoy U.S. stocks ahead of uncertain 2024
2023-11-30,2023-11-29 20:00:00+00:00,2023-11-29 19:34:54+00:00,"US STOCKS-Wall Street modestly higher on mixed Fed messages, strong GDP data"
2023-12-01,2023-11-30 20:00:00+00:00,2023-11-30 18:44:14+00:00,Why Fed rate cut direction may matter more than timing
2023-12-01,2023-11-30 20:00:00+00:00,2023-11-30 18:59:00+00:00,Uber Could be Added to S&amp;P 500 as Soon as Friday
2023-12-01,2023-11-30 20:00:00+00:00,2023-11-30 19:26:55+00:00,US STOCKS-Dow touches 2023 peak as investors eye end of robust November
2023-12-01,2023-11-30 20:00:00+00:00,2023-11-30 19:33:00+00:00,Stocks Had a Huge November. Here’s What Might Lie Ahead.
2023-12-01,2023-11-30 20:00:00+00:00,2023-11-30 19:53:51+00:00,Stock market news today: US stocks split as best month of 2023 comes to close
2023-12-04,2023-12-01 20:00:00+00:00,2023-12-01 18:00:00+00:00,Goldilocks Hasn't Made It to Wall Street Yet
2023-12-04,2023-12-01 20:00:00+00:00,2023-12-01 19:05:03+00:00,"GLOBAL MARKETS-Shares gain, dollar falls with Fed comments inspiring dovish bets"
2023-12-04,2023-12-01 20:00:00+00:00,2023-12-01 19:25:00+00:00,Apple Stock Has Tough Decembers. Why This Time Could Be Different.
2023-12-04,2023-12-01 20:00:00+00:00,2023-12-01 19:37:38+00:00,US STOCKS-Wall St rallies as Powell cements peak rate bets
2023-12-04,2023-12-01 20:00:00+00:00,2023-12-01 19:56:39+00:00,Analysis-Bullish investors take heart in Powell's 'balanced' outlook
2023-12-05,2023-12-04 20:00:00+00:00,2023-12-04 18:44:39+00:00,Nasdaq Heads to Biggest Loss in More Than a Month
2023-12-05,2023-12-04 20:00:00+00:00,2023-12-04 18:45:00+00:00,Stocks Waver to Begin December: Here's What to Expect
2023-12-05,2023-12-04 20:00:00+00:00,2023-12-04 19:11:12+00:00,Why The Trade Desk (TTD) Shares Are Trading Lower Today
2023-12-05,2023-12-04 20:00:00+00:00,2023-12-04 19:17:49+00:00,"The Fed puts doubts on rate cuts, does the market believe it?"
2023-12-05,2023-12-04 20:00:00+00:00,2023-12-04 19:37:52+00:00,US STOCKS-Wall Street slides from recent highs as megacaps weigh
2023-12-06,2023-12-05 20:00:00+00:00,2023-12-05 19:22:34+00:00,Markets outpacing the Fed may be in for a Christmas season scolding
2023-12-06,2023-12-05 20:00:00+00:00,2023-12-05 19:32:05+00:00,ETF Fee War Returns to Europe
2023-12-06,2023-12-05 20:00:00+00:00,2023-12-05 19:44:14+00:00,"GLOBAL MARKETS-Stocks, US yields fall as investors gauge economic sturdiness"
2023-12-06,2023-12-05 20:00:00+00:00,2023-12-05 19:55:05+00:00,Stocks Wobble in Afternoon Trading
2023-12-06,2023-12-05 20:00:00+00:00,2023-12-05 19:55:36+00:00,Did Santa Claus Come Early This Year?
2023-12-07,2023-12-06 20:00:00+00:00,2023-12-06 18:27:32+00:00,November’s Stock Rally Embarrassed Strategists But Vindicated Analysts
2023-12-07,2023-12-06 20:00:00+00:00,2023-12-06 19:06:28+00:00,S&amp;P 500 Wavers. It’s All About Oil Today.
2023-12-07,2023-12-06 20:00:00+00:00,2023-12-06 19:23:55+00:00,JPMorgan Launches Global Equity Version of JEPI
2023-12-07,2023-12-06 20:00:00+00:00,2023-12-06 19:37:11+00:00,"GLOBAL MARKETS-Stocks edge up, 10-year Treasury yield falls as rate cut timing weighed"
2023-12-07,2023-12-06 20:00:00+00:00,2023-12-06 19:42:12+00:00,US STOCKS-S&amp;P 500 flat as investors weigh fresh employment data
2023-12-08,2023-12-07 20:00:00+00:00,2023-12-07 18:34:05+00:00,Amazon Is No Longer Offering Venmo Option for Customers at Checkout
2023-12-08,2023-12-07 20:00:00+00:00,2023-12-07 18:36:54+00:00,Dow trails S&amp;P 500 by most since 2000
2023-12-08,2023-12-07 20:00:00+00:00,2023-12-07 19:21:22+00:00,Wall Street bull gives highest 2024 S&amp;P forecast yet
2023-12-08,2023-12-07 20:00:00+00:00,2023-12-07 19:29:02+00:00,"Dow, S&amp;P 500 Set to Snap Losing Streaks"
2023-12-08,2023-12-07 20:00:00+00:00,2023-12-07 19:37:19+00:00,US STOCKS-Alphabet and AMD fuel AI rally on Nasdaq
2023-12-11,2023-12-08 20:00:00+00:00,2023-12-08 18:22:00+00:00,"Lululemon Stock Has Reached Its Peak, Analyst Says. The Market Seems to Disagree."
2023-12-11,2023-12-08 20:00:00+00:00,2023-12-08 18:36:18+00:00,"FDA approves first CRISPR gene-editing therapy, Lululemon stock rises: Yahoo Finance Live"
2023-12-11,2023-12-08 20:00:00+00:00,2023-12-08 19:01:00+00:00,4 Things That Could Cause Stocks to Plunge
2023-12-11,2023-12-08 20:00:00+00:00,2023-12-08 19:05:00+00:00,Gold Prices Are Near Record Highs. They May Keep Climbing for the Next 10 Years.
2023-12-11,2023-12-08 20:00:00+00:00,2023-12-08 19:57:04+00:00,"GLOBAL MARKETS-Stocks advance, Treasury yields jump after US payrolls report"
2023-12-12,2023-12-11 20:00:00+00:00,2023-12-11 17:20:04+00:00,Earnings Estimates Rising for Datadog (DDOG): Will It Gain?
2023-12-12,2023-12-11 20:00:00+00:00,2023-12-11 18:38:31+00:00,Stocks Push Higher Even as 10-Year Yield Rises
2023-12-12,2023-12-11 20:00:00+00:00,2023-12-11 19:23:00+00:00,2 Small-Cap Stocks to Ring in the New Year
2023-12-12,2023-12-11 20:00:00+00:00,2023-12-11 19:29:16+00:00,"Stock market news today: Stocks tick higher with CPI data, Fed on the horizon"
2023-12-12,2023-12-11 20:00:00+00:00,2023-12-11 19:45:06+00:00,"US STOCKS-S&amp;P 500, Dow hit fresh yearly highs ahead of inflation data, Fed policy"
2023-12-13,2023-12-12 20:00:00+00:00,2023-12-12 17:54:56+00:00,13 Best Dividend Growth Stocks With 10%+ Yearly Increases
2023-12-13,2023-12-12 20:00:00+00:00,2023-12-12 18:07:43+00:00,Risky Exchange-Traded Notes in Spotlight With Arrival of  ‘XXXX’
2023-12-13,2023-12-12 20:00:00+00:00,2023-12-12 18:48:42+00:00,Billionaire Paul Singer’s Recent Activist Targets and Top Stock Picks
2023-12-13,2023-12-12 20:00:00+00:00,2023-12-12 19:50:00+00:00,Why are US stocks sluggish? Blame a record $5 trillion options expiration
2023-12-13,2023-12-12 20:00:00+00:00,2023-12-12 19:51:32+00:00,"US STOCKS-Wall St rises modestly after inflation data, Fed on tap"
2023-12-14,2023-12-13 20:00:00+00:00,2023-12-13 19:25:42+00:00,The Federal Reserve Tees Up Three Rate Cuts For 2024; S&amp;P 500 Rallies
2023-12-14,2023-12-13 20:00:00+00:00,2023-12-13 19:28:12+00:00,US STOCKS-Indexes gain after Fed says it sees lower borrowing costs in 2024
2023-12-14,2023-12-13 20:00:00+00:00,2023-12-13 19:35:00+00:00,Fed meets markets with first hints of 2024 interest rate cuts as inflation slows
2023-12-14,2023-12-13 20:00:00+00:00,2023-12-13 19:51:02+00:00,The Dow Is Headed for Record Closing High
2023-12-14,2023-12-13 20:00:00+00:00,2023-12-13 20:00:00+00:00,"Interest rates to fall by 1 percentage point within 12 months, City predicts"
2023-12-15,2023-12-14 20:00:00+00:00,2023-12-14 19:03:24+00:00,"Stock market news today: Fed-fueled rally fizzles, oil jumps"
2023-12-15,2023-12-14 20:00:00+00:00,2023-12-14 19:04:31+00:00,"The Fed took 'the lid off' market concerns, fueling stock market rally"
2023-12-15,2023-12-14 20:00:00+00:00,2023-12-14 19:04:31+00:00,The Fed took 'the lid off' on the stock market rally
2023-12-15,2023-12-14 20:00:00+00:00,2023-12-14 19:24:18+00:00,Tesla Stock Makes Decisive Move From Key Level. Is This A Buy Signal?
2023-12-15,2023-12-14 20:00:00+00:00,2023-12-14 19:59:52+00:00,"US STOCKS-Wall St subdued, day after rally on Fed statement"
2023-12-18,2023-12-15 20:00:00+00:00,2023-12-15 18:18:01+00:00,The Wall Street bull who called this year’s stock market rally says small-cap stocks could surge 50% over the next year
2023-12-18,2023-12-15 20:00:00+00:00,2023-12-15 18:24:14+00:00,Here's Why The IBD 50 Is Suddenly Beating The S&amp;P 500
2023-12-18,2023-12-15 20:00:00+00:00,2023-12-15 18:27:00+00:00,These Stocks Are Way Behind the S&amp;P 500. Now They Could Catch Up.
2023-12-18,2023-12-15 20:00:00+00:00,2023-12-15 18:44:00+00:00,"Why Stocks Are Poised To Finish The Year Strong, And Soar Next Year"
2023-12-18,2023-12-15 20:00:00+00:00,2023-12-15 19:29:38+00:00,US stocks head for longest weekly winning streak in six years
2023-12-19,2023-12-18 20:00:00+00:00,2023-12-18 17:42:58+00:00,"2024 recession 'could still materialize,' advisor says"
2023-12-19,2023-12-18 20:00:00+00:00,2023-12-18 17:45:24+00:00,Tech Stocks Lead Gains Monday
2023-12-19,2023-12-18 20:00:00+00:00,2023-12-18 18:41:53+00:00,Octopus Energy achieves £6.2bn valuation after raising £625m from investors
2023-12-19,2023-12-18 20:00:00+00:00,2023-12-18 19:27:39+00:00,US STOCKS-Wall St builds on rally as Fed euphoria lingers
2023-12-19,2023-12-18 20:00:00+00:00,2023-12-18 19:30:25+00:00,12 High Growth Utility Stocks to Buy
2023-12-20,2023-12-19 20:00:00+00:00,2023-12-19 18:25:01+00:00,Midday Movers: Solar Stocks Surge as Enphase Energy Cuts Costs and Jobs
2023-12-20,2023-12-19 20:00:00+00:00,2023-12-19 18:30:00+00:00,Investors Are Into Stocks Right Now—as the Jump in the Equal-Weight S&amp;P 500 Shows
2023-12-20,2023-12-19 20:00:00+00:00,2023-12-19 18:30:11+00:00,"Dow hits record intraday high, FedEx earnings on tap: Yahoo Finance Live"
2023-12-20,2023-12-19 20:00:00+00:00,2023-12-19 19:42:00+00:00,PODCAST: The Year in Review and Ahead With 'Sarge' Guilfoyle
2023-12-20,2023-12-19 20:00:00+00:00,2023-12-19 19:42:54+00:00,US STOCKS-Wall Street advances as rate-cut fever lingers
2023-12-21,2023-12-20 20:00:00+00:00,2023-12-20 19:27:47+00:00,13 Most Profitable Oil Stocks in the World
2023-12-21,2023-12-20 20:00:00+00:00,2023-12-20 19:29:00+00:00,There’s More to the Rally Than 7 Stocks. What That Means for 2024
2023-12-21,2023-12-20 20:00:00+00:00,2023-12-20 19:30:00+00:00,Is the VIX at a Turning Point?
2023-12-21,2023-12-20 20:00:00+00:00,2023-12-20 19:43:50+00:00,Stocks Turn Lower in Afternoon Trading
2023-12-21,2023-12-20 20:00:00+00:00,2023-12-20 19:55:00+00:00,Everything Is Bubblicious
2023-12-22,2023-12-21 20:00:00+00:00,2023-12-21 18:15:00+00:00,The #0dte Boom Is Set to Hit New Heights in 2024
2023-12-22,2023-12-21 20:00:00+00:00,2023-12-21 18:21:06+00:00,Britain's largest oil producer strikes £8.8bn takeover of German rival
2023-12-22,2023-12-21 20:00:00+00:00,2023-12-21 18:24:07+00:00,Stock Market Trims Gains As Small Caps Still Lead; This Stock Boosts The Dow
2023-12-22,2023-12-21 20:00:00+00:00,2023-12-21 18:38:00+00:00,Markets Bounce Back Following Elevated Selling: What to Do Now
2023-12-22,2023-12-21 20:00:00+00:00,2023-12-21 19:30:00+00:00,My 2024 Market Forecast: I'm Not Running in This '5K Race'
2023-12-26,2023-12-22 20:00:00+00:00,2023-12-22 19:16:18+00:00,Wall Street awaits 'Santa Rally' with US stocks near records
2023-12-26,2023-12-22 20:00:00+00:00,2023-12-22 19:21:00+00:00,3 Things We Learned From Elon Musk and Cathie Wood’s Conversation on X
2023-12-26,2023-12-22 20:00:00+00:00,2023-12-22 19:37:03+00:00,Stocks Lose Gains in Afternoon Trading
2023-12-26,2023-12-22 20:00:00+00:00,2023-12-22 19:40:36+00:00,US STOCKS-Wall Street turns negative ahead of long holiday weekend
2023-12-26,2023-12-22 20:00:00+00:00,2023-12-22 19:58:58+00:00,13 Most Promising Low-Cost Stocks According to Analysts
2023-12-27,2023-12-26 20:00:00+00:00,2023-12-26 18:29:44+00:00,"GLOBAL MARKETS-Global stocks edge up, dollar holds near 5-month low"
2023-12-27,2023-12-26 20:00:00+00:00,2023-12-26 19:00:00+00:00,ETFs to Secure Your Portfolio Amid Potential Economic Fluctuations
2023-12-27,2023-12-26 20:00:00+00:00,2023-12-26 19:06:02+00:00,20 Countries with Highest Income Tax Rates in the World
2023-12-27,2023-12-26 20:00:00+00:00,2023-12-26 19:38:03+00:00,Dow futures remain steady as investors eye fresh record highs
2023-12-27,2023-12-26 20:00:00+00:00,2023-12-26 19:41:48+00:00,"US STOCKS-Wall Street gains on final stretch of 2023, rate cuts in view"
2023-12-28,2023-12-27 20:00:00+00:00,2023-12-27 17:01:44+00:00,US STOCKS-Wall St wavers heading into year end due to lack of catalysts
2023-12-28,2023-12-27 20:00:00+00:00,2023-12-27 17:39:55+00:00,2024 will bring a 'stock picker's market': Analyst
2023-12-28,2023-12-27 20:00:00+00:00,2023-12-27 18:21:00+00:00,3 Media Stocks to Watch From a Challenging Industry
2023-12-28,2023-12-27 20:00:00+00:00,2023-12-27 18:22:00+00:00,4 Film &amp; Television Production Stocks to Watch on Solid Industry Trends
2023-12-28,2023-12-27 20:00:00+00:00,2023-12-27 19:21:51+00:00,REFILE-US STOCKS-Wall St wavers as S&amp;P 500 hovers near all-time closing high
2023-12-29,2023-12-28 20:00:00+00:00,2023-12-28 17:35:28+00:00,"Midday Movers: AMD Higher on Graphics Card Report, Boeing Falls on Inspection Issue"
2023-12-29,2023-12-28 20:00:00+00:00,2023-12-28 19:00:45+00:00,Penn Entertainment Stock Up 7% on Potential Board Shake-Up
2023-12-29,2023-12-28 20:00:00+00:00,2023-12-28 19:06:15+00:00,What it will take to keep the S&amp;P 500 rally going
2023-12-29,2023-12-28 20:00:00+00:00,2023-12-28 19:21:11+00:00,US STOCKS-Wall St inches higher as S&amp;P 500 flirts with bull market confirmation
2023-12-29,2023-12-28 20:00:00+00:00,2023-12-28 19:26:00+00:00,What to expect from the stock market during an election year
2024-01-02,2023-12-29 20:00:00+00:00,2023-12-29 18:48:00+00:00,Building a Successful Portfolio for 2024
2024-01-02,2023-12-29 20:00:00+00:00,2023-12-29 18:48:19+00:00,Stock Market Turns Sour On Last Trading Day Of Year; Ride-Share Stocks Take A Hit
2024-01-02,2023-12-29 20:00:00+00:00,2023-12-29 19:09:43+00:00,History shows strong 2023 could keep US stocks on path for 2024 gains
2024-01-02,2023-12-29 20:00:00+00:00,2023-12-29 19:17:54+00:00,Uber Has Cruised To 155% Gains This Year. Is It A Buy Heading Into 2024?
2024-01-02,2023-12-29 20:00:00+00:00,2023-12-29 19:49:53+00:00,S&amp;P 500 Is Having Its Worst Final Trading Day in 6 Years
2024-01-03,2024-01-02 20:00:00+00:00,2024-01-02 19:11:53+00:00,Wall Street May Be Less Bullish Than It Seems
2024-01-03,2024-01-02 20:00:00+00:00,2024-01-02 19:19:53+00:00,"US STOCKS-S&amp;P, Nasdaq start 2024 in subdued fashion as Apple weighs"
2024-01-03,2024-01-02 20:00:00+00:00,2024-01-02 19:20:56+00:00,How the S&amp;P 500 Starts Isn’t Always How It Ends
2024-01-03,2024-01-02 20:00:00+00:00,2024-01-02 19:32:00+00:00,Here Are Barron’s 12 Best Income Investments for the New Year
2024-01-03,2024-01-02 20:00:00+00:00,2024-01-02 19:41:38+00:00,3 Major Indexes on Pace for Losses
2024-01-04,2024-01-03 20:00:00+00:00,2024-01-03 18:13:17+00:00,Wall Street Sees Another Challenging Year for Energy Stocks
2024-01-04,2024-01-03 20:00:00+00:00,2024-01-03 18:20:24+00:00,Members of Congress outperformed the S&amp;P 500—sometimes by huge amounts
2024-01-04,2024-01-03 20:00:00+00:00,2024-01-03 19:30:14+00:00,Stocks and Yields Waver After Fed Minutes Release
2024-01-04,2024-01-03 20:00:00+00:00,2024-01-03 19:49:07+00:00,Markets Regain Ground in Afternoon Trading
2024-01-04,2024-01-03 20:00:00+00:00,2024-01-03 19:50:13+00:00,"10-Year Treasury Yield Eases On Job Openings Data, Fed Minutes"
2024-01-05,2024-01-04 20:00:00+00:00,2024-01-04 19:41:43+00:00,Why Wall Street is cooling on Apple stock
2024-01-05,2024-01-04 20:00:00+00:00,2024-01-04 19:41:43+00:00,Wall Street doesn't love Apple as much as you think
2024-01-05,2024-01-04 20:00:00+00:00,2024-01-04 19:54:12+00:00,UPDATE 1-Bridgewater's Pure Alpha down 7.6% in 2023 -source
2024-01-05,2024-01-04 20:00:00+00:00,2024-01-04 19:54:20+00:00,"Stock market news today: Dow edges up, Nasdaq slumps as stocks try to shake off dismal 2024 start"
2024-01-05,2024-01-04 20:00:00+00:00,2024-01-04 19:59:40+00:00,S&amp;P 500 Aims For a Dramatic Finish
2024-01-08,2024-01-05 20:00:00+00:00,2024-01-05 17:29:16+00:00,"US STOCKS-S&amp;P 500, Nasdaq climb as fresh data boosts rate-cut bets again"
2024-01-08,2024-01-05 20:00:00+00:00,2024-01-05 18:26:40+00:00,Small cap stocks on path to see gains from broadening market
2024-01-08,2024-01-05 20:00:00+00:00,2024-01-05 18:44:57+00:00,S&amp;P 500's Weekly Winning Streak in Jeopardy
2024-01-08,2024-01-05 20:00:00+00:00,2024-01-05 19:16:39+00:00,"US STOCKS-Wall Street fights to hold gains amid topsy-turvy trade, contrasting rate-bet data"
2024-01-08,2024-01-05 20:00:00+00:00,2024-01-05 20:00:00+00:00,Here's Why Investors Track the Start to the Trading Year
2024-01-09,2024-01-08 20:00:00+00:00,2024-01-08 18:11:52+00:00,Market volatility ticks up: Where do Fed rate cuts fit in?
2024-01-09,2024-01-08 20:00:00+00:00,2024-01-08 18:23:45+00:00,Tech Stocks Return to Rally Mode as Boeing Weighs on Dow
2024-01-09,2024-01-08 20:00:00+00:00,2024-01-08 19:01:42+00:00,"HubSpot Has No Upside Despite Growing TAM, Improving Profitability"
2024-01-09,2024-01-08 20:00:00+00:00,2024-01-08 19:04:20+00:00,Why AMD (AMD) Stock Is Up Today
2024-01-09,2024-01-08 20:00:00+00:00,2024-01-08 19:11:22+00:00,BlackRock Says Last Year’s Risk Rally Has Legs ‘Well Into 2024’
2024-01-10,2024-01-09 20:00:00+00:00,2024-01-09 17:44:30+00:00,"US STOCKS-S&amp;P 500, Dow drop as Treasury yields tick up; inflation data eyed"
2024-01-10,2024-01-09 20:00:00+00:00,2024-01-09 18:31:52+00:00,"We didn't mean to rip people off at the pump, say Asda owners"
2024-01-10,2024-01-09 20:00:00+00:00,2024-01-09 18:51:00+00:00,Presidential Cycle Takes Center Stage as 2024 Election Ramps Up
2024-01-10,2024-01-09 20:00:00+00:00,2024-01-09 19:58:23+00:00,This Indicator Gives Bad Omen For Stocks In 2024
2024-01-10,2024-01-09 20:00:00+00:00,2024-01-09 19:59:01+00:00,BlackRock announces cuts of roughly 600 jobs
2024-01-11,2024-01-10 20:00:00+00:00,2024-01-10 16:37:44+00:00,"Q1 2024 will be choppy, but 'a good sign' for risk assets"
2024-01-11,2024-01-10 20:00:00+00:00,2024-01-10 17:10:11+00:00,"GLOBAL MARKETS-Stocks rise, Treasury yields slip in run-up to US inflation data"
2024-01-11,2024-01-10 20:00:00+00:00,2024-01-10 18:28:38+00:00,"Inflation to fall below 2pc by spring, say economists"
2024-01-11,2024-01-10 20:00:00+00:00,2024-01-10 18:29:22+00:00,CPI Preview: Will Inflation Data Deliver Another Head Fake For S&amp;P 500?
2024-01-11,2024-01-10 20:00:00+00:00,2024-01-10 19:02:00+00:00,Why S&amp;P 500 Pain Could Turn to Gains
2024-01-12,2024-01-11 20:00:00+00:00,2024-01-11 16:47:00+00:00,Anatomy of a Rally: How S&amp;P 500 Got Back to Record Levels
2024-01-12,2024-01-11 20:00:00+00:00,2024-01-11 19:05:00+00:00,Choppy H1 24'? These 3 Data Points Say Yes
2024-01-12,2024-01-11 20:00:00+00:00,2024-01-11 19:35:43+00:00,"US STOCKS-Wall Street dips as inflation, labor market data dent rate cut hopes"
2024-01-12,2024-01-11 20:00:00+00:00,2024-01-11 19:42:16+00:00,Regional bank ETF's options draw defensive plays with earnings ahead
2024-01-12,2024-01-11 20:00:00+00:00,2024-01-11 19:44:56+00:00,Stock market news today: US stocks wobble as inflation jumps more than expected
2024-01-16,2024-01-12 20:00:00+00:00,2024-01-12 18:09:00+00:00,5 Stocks to Watch From the Thriving Securities and Exchanges Industry
2024-01-16,2024-01-12 20:00:00+00:00,2024-01-12 18:18:03+00:00,"Citi to cut 20,000 jobs"
2024-01-16,2024-01-12 20:00:00+00:00,2024-01-12 19:13:54+00:00,"Stock Market Rally Rebounds; Nvidia, Tesla, JPMorgan, Bitcoin ETFs In Focus: Weekly Review"
2024-01-16,2024-01-12 20:00:00+00:00,2024-01-12 19:49:33+00:00,Fourth-quarter US earnings seen up 4.4% as reporting period kicks off
2024-01-16,2024-01-12 20:00:00+00:00,2024-01-12 19:57:56+00:00,"Real Estate, Energy Stocks Boost S&amp;P 500's Gains"
2024-01-17,2024-01-16 20:00:00+00:00,2024-01-16 18:24:55+00:00,Wall Street Forecasters Are Rushing to Lift Stock Outlooks
2024-01-17,2024-01-16 20:00:00+00:00,2024-01-16 18:48:00+00:00,"Q4 Earnings Season Scorecard and Analyst Reports for Apple, AbbVie &amp; Toyota"
2024-01-17,2024-01-16 20:00:00+00:00,2024-01-16 18:59:01+00:00,SCHD vs. SPHD: Which Dividend ETF is Better?
2024-01-17,2024-01-16 20:00:00+00:00,2024-01-16 19:32:11+00:00,US STOCKS-Wall Street falls as banks weigh; Apple loses ground
2024-01-17,2024-01-16 20:00:00+00:00,2024-01-16 19:49:00+00:00,Why Stocks Look Ready for a Big Drop
2024-01-18,2024-01-17 20:00:00+00:00,2024-01-17 17:29:44+00:00,Stocks Fall On China Weakness; Nvidia Falls As Cathie Wood Sells AMD Shares
2024-01-18,2024-01-17 20:00:00+00:00,2024-01-17 17:45:33+00:00,Davos 2024: Wall Street weighs in on a second Donald Trump presidency
2024-01-18,2024-01-17 20:00:00+00:00,2024-01-17 17:57:05+00:00,S&amp;P 500 Wobble Pushes ‘Fear Gauge’ to Highest Since November
2024-01-18,2024-01-17 20:00:00+00:00,2024-01-17 18:11:35+00:00,"S&amp;P 500 Slumps, Heads for Second Worst Day This Year"
2024-01-18,2024-01-17 20:00:00+00:00,2024-01-17 19:44:35+00:00,Safety Stocks Are the Play of the Day
2024-01-19,2024-01-18 20:00:00+00:00,2024-01-18 16:41:00+00:00,3 Shipping Stocks to Watch From a Challenging Industry
2024-01-19,2024-01-18 20:00:00+00:00,2024-01-18 17:23:33+00:00,Market got 'ahead of itself' pricing in rate cuts: Strategist
2024-01-19,2024-01-18 20:00:00+00:00,2024-01-18 18:21:54+00:00,Stock market today: Tech leads stock gains as chipmakers shine
2024-01-19,2024-01-18 20:00:00+00:00,2024-01-18 18:33:00+00:00,4 Stocks to Buy on a Dip
2024-01-19,2024-01-18 20:00:00+00:00,2024-01-18 18:52:55+00:00,US semiconductor index jumps as TSMC signals strong AI chip demand
2024-01-22,2024-01-19 20:00:00+00:00,2024-01-19 19:22:09+00:00,"Stock market today: Dow, S&amp;P 500 hit record highs as tech stocks soar"
2024-01-22,2024-01-19 20:00:00+00:00,2024-01-19 19:22:09+00:00,Stock market today: Stocks climb as S&amp;P sets intraday record and eyes all-time close
2024-01-22,2024-01-19 20:00:00+00:00,2024-01-19 19:32:00+00:00,Week’s Best: Wealth Management’s Demographic Time Bomb
2024-01-22,2024-01-19 20:00:00+00:00,2024-01-19 19:37:00+00:00,Why Stocks Are Poised To Soar Again In 2024
2024-01-22,2024-01-19 20:00:00+00:00,2024-01-19 19:42:04+00:00,S&amp;P 500 Aims to Mark Record Close
2024-01-23,2024-01-22 20:00:00+00:00,2024-01-22 18:22:00+00:00,Lockheed Martin Earnings Are Coming as Global Conflict Rises
2024-01-23,2024-01-22 20:00:00+00:00,2024-01-22 18:43:33+00:00,Dow Jones Flirts With Key Level; This Chip Stock Falls On Downgrade
2024-01-23,2024-01-22 20:00:00+00:00,2024-01-22 18:51:00+00:00,RTX Earnings Are Coming. One Update Looms Large.
2024-01-23,2024-01-22 20:00:00+00:00,2024-01-22 19:16:08+00:00,"Fed’s Watchdog Clears Ex-Officials Kaplan, Rosengren in Probe of 2020 Trades"
2024-01-23,2024-01-22 20:00:00+00:00,2024-01-22 19:35:40+00:00,S&amp;P 500 Equal Weight Index Is Ahead of the Traditional Index
2024-01-24,2024-01-23 20:00:00+00:00,2024-01-23 18:32:53+00:00,Trump or Biden will 'dictate' tax policy debate: Expert
2024-01-24,2024-01-23 20:00:00+00:00,2024-01-23 18:56:00+00:00,Stocks Could Surge in a Dull 2024
2024-01-24,2024-01-23 20:00:00+00:00,2024-01-23 19:02:03+00:00,"Dow futures tick higher, Netflix surges on record subscribers"
2024-01-24,2024-01-23 20:00:00+00:00,2024-01-23 19:23:46+00:00,Stock Market-Interest Rate Rhymes
2024-01-24,2024-01-23 20:00:00+00:00,2024-01-23 19:53:03+00:00,"Dow Falls, S&amp;P 500 and Nasdaq Extending Streaks"
2024-01-25,2024-01-24 20:00:00+00:00,2024-01-24 17:23:00+00:00,2 Network Software Stocks to Buy From a Prospering Industry
2024-01-25,2024-01-24 20:00:00+00:00,2024-01-24 18:32:00+00:00,Global Threats Are Rising. Defense Stocks Aren’t. What Gives?
2024-01-25,2024-01-24 20:00:00+00:00,2024-01-24 19:08:49+00:00,Ed Yardeni Is Getting Nervous About the Speed of S&amp;P 500’s Rally
2024-01-25,2024-01-24 20:00:00+00:00,2024-01-24 19:25:42+00:00,US STOCKS-S&amp;P 500 hits record high as Netflix and chipmakers leap
2024-01-25,2024-01-24 20:00:00+00:00,2024-01-24 19:40:45+00:00,Stock market today: Tech stocks lead rally as S&amp;P 500 heads for another record close
2024-01-26,2024-01-25 20:00:00+00:00,2024-01-25 17:03:30+00:00,US STOCKS-Wall St climbs after strong GDP data; Tesla drops to 8-month low
2024-01-26,2024-01-25 20:00:00+00:00,2024-01-25 17:10:43+00:00,Stock market today: S&amp;P 500 hits fresh record as Tesla slides on earnings gloom
2024-01-26,2024-01-25 20:00:00+00:00,2024-01-25 17:46:00+00:00,Where Are Stocks Headed? The Indicator to Watch.
2024-01-26,2024-01-25 20:00:00+00:00,2024-01-25 18:30:51+00:00,15 Stocks That Will Outperform the S&amp;P 500 in 2024
2024-01-26,2024-01-25 20:00:00+00:00,2024-01-25 19:58:00+00:00,"Bitcoin ETFs Make the Crypto More Like the S&amp;P 500, Analyst Says. Why That’s a Bad Thing."
2024-01-29,2024-01-26 20:00:00+00:00,2024-01-26 18:38:00+00:00,What Rate Cuts Do to Stocks Depends on This Factor
2024-01-29,2024-01-26 20:00:00+00:00,2024-01-26 18:38:00+00:00,How Rate Cuts Affect the Stock Market Depends on This One Thing
2024-01-29,2024-01-26 20:00:00+00:00,2024-01-26 18:50:03+00:00,"Fed, earnings and economic data to test U.S. stocks at record highs"
2024-01-29,2024-01-26 20:00:00+00:00,2024-01-26 19:19:24+00:00,BlackRock’s Model Portfolios Shift Billions Into Value Stocks
2024-01-29,2024-01-26 20:00:00+00:00,2024-01-26 19:27:00+00:00,Oil Has Had a Wild Ride. Exxon Can Thrive Even With Low Oil Prices.
2024-01-30,2024-01-29 20:00:00+00:00,2024-01-29 18:47:17+00:00,Strong US economic outlook buffers stocks against rising yields -Goldman
2024-01-30,2024-01-29 20:00:00+00:00,2024-01-29 18:47:17+00:00,Goldman: Strong US economic outlook buffers stocks against rising yields
2024-01-30,2024-01-29 20:00:00+00:00,2024-01-29 19:05:15+00:00,Paddy Power owner plans to quit FTSE 100 in fresh blow to London
2024-01-30,2024-01-29 20:00:00+00:00,2024-01-29 19:25:00+00:00,It’s an Election Year. What Not to Do With Your Investments.
2024-01-30,2024-01-29 20:00:00+00:00,2024-01-29 19:33:00+00:00,Earnings Season Needs the Rest of the Magnificent Seven to Ride In
2024-01-31,2024-01-30 20:00:00+00:00,2024-01-30 17:20:15+00:00,"Dow Turns Up, Led by Financial Stocks"
2024-01-31,2024-01-30 20:00:00+00:00,2024-01-30 17:22:38+00:00,"US STOCKS-S&amp;P 500 lackluster after mixed earnings, jobs data"
2024-01-31,2024-01-30 20:00:00+00:00,2024-01-30 17:30:19+00:00,Brushstrokes Of Wealth: The Art Of Investing In Creativity
2024-01-31,2024-01-30 20:00:00+00:00,2024-01-30 17:37:00+00:00,4 Accident &amp; Health Insurers to Watch as Underwriting Exposure Increases
2024-01-31,2024-01-30 20:00:00+00:00,2024-01-30 18:00:00+00:00,4 Best-Performing ETF Areas of Last Week
2024-02-01,2024-01-31 20:00:00+00:00,2024-01-30 20:34:49+00:00,"GLOBAL MARKETS-Stocks meander, yields mixed after strong US labor data"
2024-02-01,2024-01-31 20:00:00+00:00,2024-01-30 21:01:26+00:00,"Nasdaq Closes Lower. Microsoft, Alphabet Report Earnings After the Bell."
2024-02-01,2024-01-31 20:00:00+00:00,2024-01-30 21:01:35+00:00,Stock market today: Nasdaq falls ahead of Big Tech earnings
2024-02-01,2024-01-31 20:00:00+00:00,2024-01-30 21:13:09+00:00,"Dow hits yet another record high, S&amp;P 500 pulls back"
2024-02-01,2024-01-31 20:00:00+00:00,2024-01-30 21:34:29+00:00,"US STOCKS-Nasdaq ends lower ahead of big tech earnings, focus on Fed"
2024-04-05,2024-04-04 20:00:00+00:00,2024-04-04 12:36:54+00:00,Stock Futures Remain Higher After Jobless Claims: Markets Wrap
2024-04-05,2024-04-04 20:00:00+00:00,2024-04-04 17:56:05+00:00,"Rich Dad, Poor Dad's Robert Kiyosaki Cautions Boomers Are At Risk Of Going Broke As Their Retirement Accounts Full Of 'Fake Assets' Plunge"
2024-04-08,2024-04-05 20:00:00+00:00,2024-04-05 16:51:00+00:00,3 Stocks to Tap Growth and Value in the Software &amp; Services Industry
2024-04-08,2024-04-05 20:00:00+00:00,2024-04-05 17:00:17+00:00,"As Gold Prices Top Record Highs, Is It Time To Buy Gold Stocks? Here's What Charts Show"
2024-04-08,2024-04-05 20:00:00+00:00,2024-04-05 17:10:41+00:00,"Stocks Soar After Robust Jobs Data; AMD, Amazon.com Lead Tech Rally, But Tesla Sinks On This News"
2024-04-08,2024-04-05 20:00:00+00:00,2024-04-05 17:54:09+00:00,US economy has Wall Street 'borderline speechless' after blowout March jobs report
2024-04-08,2024-04-05 20:00:00+00:00,2024-04-05 18:47:43+00:00,US stocks' lofty valuations in spotlight as earnings season nears
2024-04-09,2024-04-08 20:00:00+00:00,2024-04-08 15:56:00+00:00,US STOCKS-Wall St gains as bond yields ease from highs
2024-04-09,2024-04-08 20:00:00+00:00,2024-04-08 16:41:48+00:00,Wall Street just gave its highest S&amp;P 500 forecast yet
2024-04-09,2024-04-08 20:00:00+00:00,2024-04-08 17:06:46+00:00,Wells Fargo Is Wall Street’s Biggest Believer in S&amp;P 500 Rally
2024-04-09,2024-04-08 20:00:00+00:00,2024-04-08 17:47:58+00:00,"Stocks Are Little Changed Amid Light Trading Volume, Eclipse Mania"
2024-04-09,2024-04-08 20:00:00+00:00,2024-04-08 18:35:42+00:00,"US STOCKS-Wall St bides time as investors await CPI, earnings"
2024-04-10,2024-04-09 20:00:00+00:00,2024-04-09 15:47:29+00:00,"GLOBAL MARKETS-Equities lose ground with Treasury yields, dollar; US inflation data in focus"
2024-04-10,2024-04-09 20:00:00+00:00,2024-04-09 16:20:03+00:00,Why Murphy Oil (MUR) Might be Well Poised for a Surge
2024-04-10,2024-04-09 20:00:00+00:00,2024-04-09 18:29:00+00:00,Find Top-Ranked Stocks to Buy in April and Beyond
2024-04-10,2024-04-09 20:00:00+00:00,2024-04-09 19:05:28+00:00,GLOBAL MARKETS-Equities lose ground with Treasury yields; US inflation data in focus
2024-04-10,2024-04-09 20:00:00+00:00,2024-04-09 19:58:02+00:00,Inflation expected to remain elevated as rate cut debate takes center stage
2024-04-11,2024-04-10 20:00:00+00:00,2024-04-10 18:37:42+00:00,Stocks Shrug Off Fed Minutes After CPI Selloff
2024-04-11,2024-04-10 20:00:00+00:00,2024-04-10 18:57:04+00:00,"AI will change work, for better and worse"
2024-04-11,2024-04-10 20:00:00+00:00,2024-04-10 19:07:00+00:00,KKR Sees Profits Growing Fourfold in 10 Years. Here’s How It Gets There.
2024-04-11,2024-04-10 20:00:00+00:00,2024-04-10 19:14:29+00:00,"GLOBAL MARKETS-Stocks sink, yields jump as hot US inflation dims hopes for rate cuts"
2024-04-11,2024-04-10 20:00:00+00:00,2024-04-10 19:27:00+00:00,3 Buy-Rated Stocks Flexing Relative Strength
2024-04-12,2024-04-11 20:00:00+00:00,2024-04-11 16:13:15+00:00,"Stock market today: Dow falls after PPI inflation data, tech leads Nasdaq higher"
2024-04-12,2024-04-11 20:00:00+00:00,2024-04-11 16:27:11+00:00,"US STOCKS-S&amp;P 500, Dow subdued after bond yields rebound"
2024-04-12,2024-04-11 20:00:00+00:00,2024-04-11 16:36:31+00:00,Heart And Lung Transplants Drive Medical Stock Higher As S&amp;P 500 Fizzles
2024-04-12,2024-04-11 20:00:00+00:00,2024-04-11 17:00:00+00:00,ETF Strategies to Play Hot inflation Data
2024-04-12,2024-04-11 20:00:00+00:00,2024-04-11 17:32:03+00:00,"World risks ‘tepid Twenties’ as debt levels and inflation soar, warns IMF"
2024-04-15,2024-04-12 20:00:00+00:00,2024-04-12 17:15:00+00:00,GE Aerospace Is Shining Bright. 2 Other Stocks That Could Brighten.
2024-04-15,2024-04-12 20:00:00+00:00,2024-04-12 18:38:30+00:00,"Three IBD 50 Energy Stocks Rally, As Sector Leaves S&amp;P 500 Behind"
2024-04-15,2024-04-12 20:00:00+00:00,2024-04-12 19:21:00+00:00,Jamie Dimon Is Worried About Inflation. Maybe He Was Thinking About 1967.
2024-04-15,2024-04-12 20:00:00+00:00,2024-04-12 19:37:59+00:00,20 Biggest Gig Economy Companies In The World
2024-04-15,2024-04-12 20:00:00+00:00,2024-04-12 19:50:09+00:00,"Surging US energy shares reflect robust growth, inflation worries"
2024-04-16,2024-04-15 20:00:00+00:00,2024-04-15 18:00:33+00:00,Britishvolt’s gigafactory site sold off in electric car blow
2024-04-16,2024-04-15 20:00:00+00:00,2024-04-15 18:19:14+00:00,"U.S. GDP growth isn’t cooling off after all—expect more jobs, more inflation, and fewer rate cuts, Wells Fargo says"
2024-04-16,2024-04-15 20:00:00+00:00,2024-04-15 18:51:49+00:00,"US STOCKS-Stocks fall as Treasury yields, Middle east tensions weigh"
2024-04-16,2024-04-15 20:00:00+00:00,2024-04-15 19:28:25+00:00,Jittery Investors Snap Up Options Across Markets
2024-04-16,2024-04-15 20:00:00+00:00,2024-04-15 19:31:29+00:00,"HEDGE FLOW-Trend hedge funds could sell up to $42 bln in US shares, says Goldman"
2024-04-17,2024-04-16 20:00:00+00:00,2024-04-16 17:40:05+00:00,Stocks Waver After Powell Cites Lack of Progress on Inflation
2024-04-17,2024-04-16 20:00:00+00:00,2024-04-16 18:19:49+00:00,Stocks Whipsaw and Yields Retreat After Powell Remarks
2024-04-17,2024-04-16 20:00:00+00:00,2024-04-16 18:38:00+00:00,Bull Market Corrections: What to Know &amp; What to Do
2024-04-17,2024-04-16 20:00:00+00:00,2024-04-16 18:40:00+00:00,Can Oil &amp; Energy ETFs Continue to Soar?
2024-04-17,2024-04-16 20:00:00+00:00,2024-04-16 18:57:39+00:00,"US STOCKS-Wall Street stocks mixed on higher Treasury yields, rate expectations"
2024-04-18,2024-04-17 20:00:00+00:00,2024-04-17 18:06:01+00:00,Dow Rebounds With Help From UnitedHealth
2024-04-18,2024-04-17 20:00:00+00:00,2024-04-17 18:54:00+00:00,5 Signs a Market Bounce May Be Imminent
2024-04-18,2024-04-17 20:00:00+00:00,2024-04-17 19:03:14+00:00,"US STOCKS-S&amp;P 500, Nasdaq dip as interest rate concerns, earnings weigh"
2024-04-18,2024-04-17 20:00:00+00:00,2024-04-17 19:25:28+00:00,What Went Wrong With US Inflation
2024-04-18,2024-04-17 20:00:00+00:00,2024-04-17 20:00:00+00:00,"Cathie Wood's Bullish Ethereum (ETH) Prediction: How Much $1,000 And $10,000 Invested Could Be Worth"
2024-04-19,2024-04-18 20:00:00+00:00,2024-04-18 17:29:57+00:00,Stocks Fall After 2-Year Treasury Yield Reaches 5%
2024-04-19,2024-04-18 20:00:00+00:00,2024-04-18 17:47:00+00:00,Why the Stock Market Will Continue to Fall and What to Do Now
2024-04-19,2024-04-18 20:00:00+00:00,2024-04-18 18:59:05+00:00,"US STOCKS-S&amp;P 500, Nasdaq slip as investors digest earnings, data"
2024-04-19,2024-04-18 20:00:00+00:00,2024-04-18 19:01:07+00:00,"REFILE-GLOBAL MARKETS-Wall St wavers, gold climbs amid economic, geopolitical crosswinds"
2024-04-19,2024-04-18 20:00:00+00:00,2024-04-18 19:01:41+00:00,96% Of S&amp;P 500 Stocks Show Upside Potential Vs. Street Estimates: Which Offers The Best Opportunity?
2024-04-22,2024-04-19 20:00:00+00:00,2024-04-19 17:56:51+00:00,"Fed Chair Powell ‘backed himself into a corner’ by predicting rate cuts this year and is now in a ‘tricky situation,’ according to this chief investment officer"
2024-04-22,2024-04-19 20:00:00+00:00,2024-04-19 18:37:29+00:00,"US STOCKS-Nasdaq, S&amp;P stumble as Netflix, chip stocks drag; AmEx boosts Dow"
2024-04-22,2024-04-19 20:00:00+00:00,2024-04-19 19:01:05+00:00,"GLOBAL MARKETS-Wall St indexes split, Treasuries dip amid earnings, geopolitical crosscurrents"
2024-04-22,2024-04-19 20:00:00+00:00,2024-04-19 19:17:11+00:00,Why the Dow and Nasdaq Are Going in Different Directions
2024-04-22,2024-04-19 20:00:00+00:00,2024-04-19 19:19:29+00:00,"Indexes Mostly Lower As Nvidia, SMCI Flash Sell Signals; Tesla Earnings Loom As Bitcoin's Halving Arrives"
2024-04-23,2024-04-22 20:00:00+00:00,2024-04-22 18:18:52+00:00,Equities Rise Intraday as Investors Look Ahead to This Week's Key Earnings
2024-04-23,2024-04-22 20:00:00+00:00,2024-04-22 18:31:33+00:00,FTSE 100 Hits Record as London Stocks Catch Up With Global Peers
2024-04-23,2024-04-22 20:00:00+00:00,2024-04-22 18:37:03+00:00,Stocks Rally as Bond Yields Ease. The Dow Adds 450 Points.
2024-04-23,2024-04-22 20:00:00+00:00,2024-04-22 19:13:32+00:00,US STOCKS-Wall St stocks advance with major corporate earnings in view after market rout
2024-04-23,2024-04-22 20:00:00+00:00,2024-04-22 19:59:47+00:00,"Top Cryptocurrencies Rise; Bitcoin Zooms Past $66,000"
2024-04-24,2024-04-23 20:00:00+00:00,2024-04-23 18:48:02+00:00,"Palantir (PLTR) Stock Trades Up, Here Is Why"
2024-04-24,2024-04-23 20:00:00+00:00,2024-04-23 18:48:02+00:00,Why Shopify (SHOP) Stock Is Up Today
2024-04-24,2024-04-23 20:00:00+00:00,2024-04-23 18:48:06+00:00,"Roku (ROKU) Stock Trades Up, Here Is Why"
2024-04-24,2024-04-23 20:00:00+00:00,2024-04-23 19:10:43+00:00,"US STOCKS-S&amp;P 500 gains as investors digest positive earnings, megacap results outlook"
2024-04-24,2024-04-23 20:00:00+00:00,2024-04-23 19:20:24+00:00,Dow Gains 250 Points Ahead Of Key Inflation Report; Tesla Faces A Reckoning From Investors
2024-04-25,2024-04-24 20:00:00+00:00,2024-04-24 17:57:24+00:00,US Equity Indexes Mixed as Quarterly Earnings Roll in While Treasury Yields Jump Following Strong Durable Goods Report
2024-04-25,2024-04-24 20:00:00+00:00,2024-04-24 18:31:10+00:00,"Tesla Rally Buoys S&amp;P 500, Nasdaq Intraday as Investors Await Meta Results"
2024-04-25,2024-04-24 20:00:00+00:00,2024-04-24 18:34:04+00:00,"'How Is Turning $100,000 Into $1 Million Easy?' 26-Year-Old Asks Strangers Why Net Worth Explodes From There  — Here's What They Said"
2024-04-25,2024-04-24 20:00:00+00:00,2024-04-24 18:41:25+00:00,Stocks Waver Before the Close
2024-04-25,2024-04-24 20:00:00+00:00,2024-04-24 19:47:23+00:00,"Tesla Rally Boosts S&amp;P 500, Nasdaq Ahead of Meta Results"
2024-04-26,2024-04-25 20:00:00+00:00,2024-04-25 18:36:00+00:00,Ford Stock Falls Despite Strong Earnings. Wall Street Likes the Results.
2024-04-26,2024-04-25 20:00:00+00:00,2024-04-25 18:44:14+00:00,"Meta Selloff, GDP Report Weigh on Equity Markets Intraday"
2024-04-26,2024-04-25 20:00:00+00:00,2024-04-25 19:04:23+00:00,"GLOBAL MARKETS-Equities fall amid earnings gloom, as persistent inflation lifts Treasury yields"
2024-04-26,2024-04-25 20:00:00+00:00,2024-04-25 19:45:27+00:00,UPDATE 1-S&amp;P 500 first-qtr earnings outlook improves this week -LSEG
2024-04-26,2024-04-25 20:00:00+00:00,2024-04-25 19:49:54+00:00,"Meta Selloff, GDP Report Drag Equity Markets Lower"
2024-04-29,2024-04-26 20:00:00+00:00,2024-04-26 17:34:09+00:00,"In-Line Inflation Data, Tech Earnings Lift US Equity Indexes"
2024-04-29,2024-04-26 20:00:00+00:00,2024-04-26 18:42:26+00:00,US STOCKS-Wall Street shares lifted by rally in megacap tech stocks
2024-04-29,2024-04-26 20:00:00+00:00,2024-04-26 19:18:55+00:00,GLOBAL MARKETS-Global stocks gain on Big Tech lift; yen slides to fresh 34-yr low
2024-04-29,2024-04-26 20:00:00+00:00,2024-04-26 19:34:09+00:00,"With inflation still high and economic growth slowing sharply we could be heading toward stagflation, a scenario ‘nobody is really prepared for,’ UBS exec says"
2024-04-29,2024-04-26 20:00:00+00:00,2024-04-26 19:52:07+00:00,S&amp;P 500 Q1 earnings estimated growth improves; stocks up for week
2024-04-30,2024-04-29 20:00:00+00:00,2024-04-29 18:50:56+00:00,Stock Market About To Start Its Worst Time Of The Year; Why 2024 Could Be Different
2024-04-30,2024-04-29 20:00:00+00:00,2024-04-29 19:01:54+00:00,REFILE-GLOBAL MARKETS-US stocks gain at top of data-heavy week amid suspected yen intervention
2024-04-30,2024-04-29 20:00:00+00:00,2024-04-29 19:10:54+00:00,US STOCKS-Wall Street stocks gain as investors focus on Fed moves
2024-04-30,2024-04-29 20:00:00+00:00,2024-04-29 19:35:55+00:00,"S&amp;P 500 Companies' Latest Quarterly Results Mixed so Far, Oppenheimer Says"
2024-04-30,2024-04-29 20:00:00+00:00,2024-04-29 19:36:13+00:00,20 Countries with the Largest Urban Population in the World
2024-05-01,2024-04-30 20:00:00+00:00,2024-04-30 17:59:21+00:00,Taxpayer to fork out £85bn to cover Bank of England losses
2024-05-01,2024-04-30 20:00:00+00:00,2024-04-30 18:07:46+00:00,"Surging Wage Growth Drags US Equity Indexes Lower, Treasury Yields Higher Ahead of Fed Policy Statement"
2024-05-01,2024-04-30 20:00:00+00:00,2024-04-30 18:16:00+00:00,"Semiconductor Valuations Going Through the Roof, 2 Stocks with Equally Strong Prospects"
2024-05-01,2024-04-30 20:00:00+00:00,2024-04-30 18:59:24+00:00,"GLOBAL MARKETS-Stocks set for monthly drop, dollar rebounds as data, Fed loom large"
2024-05-01,2024-04-30 20:00:00+00:00,2024-04-30 19:01:18+00:00,Pot Stocks Surge on Report DEA Set to Reclassify Marijuana
2024-05-02,2024-05-01 20:00:00+00:00,2024-05-01 18:01:39+00:00,"Fed holds interest rates at 23-year high, citing 'lack of further progress' on inflation"
2024-05-02,2024-05-01 20:00:00+00:00,2024-05-01 18:04:12+00:00,"Fed Cites Lack of Progress on Inflation, Holds Rates Steady"
2024-05-02,2024-05-01 20:00:00+00:00,2024-05-01 18:25:22+00:00,Instant view: FOMC holds rates in place and will slow balance sheet drawdown
2024-05-02,2024-05-01 20:00:00+00:00,2024-05-01 18:29:40+00:00,Stocks Turn Higher After Fed Keeps Rates Steady
2024-05-02,2024-05-01 20:00:00+00:00,2024-05-01 18:53:23+00:00,"GLOBAL MARKETS-Stocks, dollar lower after Fed holds rates steady"
2024-05-03,2024-05-02 20:00:00+00:00,2024-05-02 18:38:04+00:00,US STOCKS-Wall Street gains as Fed signals dovish bias; jobs report eyed
2024-05-03,2024-05-02 20:00:00+00:00,2024-05-02 18:45:33+00:00,Stocks Rally in Afternoon Trading. Dow Rises 300 Points.
2024-05-03,2024-05-02 20:00:00+00:00,2024-05-02 18:59:00+00:00,Earnings Season: 3 Companies Boosting Guidance
2024-05-03,2024-05-02 20:00:00+00:00,2024-05-02 19:25:00+00:00,"Survive the Market ""Chop"" with 3 Fool-Proof Methods"
2024-05-03,2024-05-02 20:00:00+00:00,2024-05-02 19:31:46+00:00,"GLOBAL MARKETS-Stocks rally after Fed, US data; yen strengthens"
2024-05-06,2024-05-03 20:00:00+00:00,2024-05-03 18:22:47+00:00,US STOCKS-Wall St rallies as soft jobs data makes case for Fed policy easing
2024-05-06,2024-05-03 20:00:00+00:00,2024-05-03 18:35:23+00:00,US small caps struggle as elevated interest rates take a toll
2024-05-06,2024-05-03 20:00:00+00:00,2024-05-03 18:51:35+00:00,Stocks Climb on Rate Cut Hopes
2024-05-06,2024-05-03 20:00:00+00:00,2024-05-03 19:24:04+00:00,"This week in Bidenomics: No stag, no 'flation, just consternation"
2024-05-06,2024-05-03 20:00:00+00:00,2024-05-03 19:42:00+00:00,These 3 Companies Shattered Quarterly Records
2024-05-07,2024-05-06 20:00:00+00:00,2024-05-06 19:38:18+00:00,GLOBAL MARKETS-Global shares rally on rate cut hopes; yen weakens
2024-05-07,2024-05-06 20:00:00+00:00,2024-05-06 19:43:17+00:00,Equity Markets Higher as Traders Parse Fed Official's Remarks
2024-05-07,2024-05-06 20:00:00+00:00,2024-05-06 19:45:00+00:00,International Markets and Agco (AGCO): A Deep Dive for Investors
2024-05-07,2024-05-06 20:00:00+00:00,2024-05-06 19:52:19+00:00,"S&amp;P 500 Companies' Quarterly Earnings, Revenue up so Far Annually, Oppenheimer Says"
2024-05-07,2024-05-06 20:00:00+00:00,2024-05-06 19:56:00+00:00,Global Payments (GPN) Reliance on International Sales: What Investors Need to Know
2024-05-08,2024-05-07 20:00:00+00:00,2024-05-07 17:55:01+00:00,"US Equity Indexes Rise, Treasury Yields Decline in Midday Trading"
2024-05-08,2024-05-07 20:00:00+00:00,2024-05-07 18:12:23+00:00,"US STOCKS-Wall Street maintains upward momentum, despite Disney earnings drag"
2024-05-08,2024-05-07 20:00:00+00:00,2024-05-07 18:33:29+00:00,Equity Markets Mixed Intraday as Traders Parse Corporate Earnings
2024-05-08,2024-05-07 20:00:00+00:00,2024-05-07 18:50:44+00:00,15 Best S&amp;P 500 Dividend Stocks To Buy Now
2024-05-08,2024-05-07 20:00:00+00:00,2024-05-07 19:18:00+00:00,How to Find Top-Ranked Stocks to Buy in May Generating Profits Efficiently
2024-05-09,2024-05-08 20:00:00+00:00,2024-05-08 17:38:00+00:00,3 Stocks to Buy From the Booming Consulting Services Industry
2024-05-09,2024-05-08 20:00:00+00:00,2024-05-08 18:14:41+00:00,"Equity Markets Mixed Intraday After Fed Official's Remarks, Corporate Earnings"
2024-05-09,2024-05-08 20:00:00+00:00,2024-05-08 18:23:33+00:00,"US STOCKS-Dow up, set to extend hot streak on investor rate-cut hopes"
2024-05-09,2024-05-08 20:00:00+00:00,2024-05-08 18:30:05+00:00,Why Technical Factors Matter More for the Stock Market This Week
2024-05-09,2024-05-08 20:00:00+00:00,2024-05-08 19:07:48+00:00,"GLOBAL MARKETS-Stocks ease, dollar gains as market awaits CPI data"
2024-05-10,2024-05-09 20:00:00+00:00,2024-05-09 17:55:11+00:00,Goldman Sees Delayed Trump-Biden Election Call as a Trading Risk
2024-05-10,2024-05-09 20:00:00+00:00,2024-05-09 18:07:03+00:00,Equity Markets Rise Intraday as Traders Analyze Jobless Claims Data
2024-05-10,2024-05-09 20:00:00+00:00,2024-05-09 18:22:54+00:00,Investors Flock To Lower-Cost Vanguard S&amp;P 500 ETF: Is It Time To Switch From SPY To VOO?
2024-05-10,2024-05-09 20:00:00+00:00,2024-05-09 19:08:19+00:00,"GLOBAL MARKETS-Stocks gain as European shares hit new highs, dollar slips"
2024-05-10,2024-05-09 20:00:00+00:00,2024-05-09 19:36:50+00:00,Hunt urges Bailey not to cut interest rates too quickly
2024-05-13,2024-05-10 20:00:00+00:00,2024-05-10 18:00:15+00:00,Equity Markets Mixed Intraday After Consumer Sentiment Survey
2024-05-13,2024-05-10 20:00:00+00:00,2024-05-10 18:23:54+00:00,US STOCKS-Wall St mixed but headed for weekly gains ahead of inflation data
2024-05-13,2024-05-10 20:00:00+00:00,2024-05-10 19:28:26+00:00,"Stocks Pause On Dismal Consumer Confidence; Yields, Dollar Rise As Inflation Expectations Kick Higher, Bitcoin Sinks: What's Driving Markets Friday? (CORRECTED)"
2024-05-13,2024-05-10 20:00:00+00:00,2024-05-10 19:45:31+00:00,Mogo Inc. (NASDAQ:MOGO) Q1 2024 Earnings Call Transcript
2024-05-13,2024-05-10 20:00:00+00:00,2024-05-10 19:54:46+00:00,"Consumer Sentiment Survey, Fed Officials' Comments Leave Equities Mixed"
2024-05-14,2024-05-13 20:00:00+00:00,2024-05-13 18:48:26+00:00,"US STOCKS-S&amp;P 500 edges down, investors and consumers wary of inflation"
2024-05-14,2024-05-13 20:00:00+00:00,2024-05-13 19:06:31+00:00,Goldman’s Rubner Sees FOMO in the Market Ahead of Key Inflation Data
2024-05-14,2024-05-13 20:00:00+00:00,2024-05-13 19:09:00+00:00,Insiders Are Buying These 3 Stocks
2024-05-14,2024-05-13 20:00:00+00:00,2024-05-13 19:29:39+00:00,"S&amp;P 500 Companies' Quarterly Profits 'More Resilient' Than Forecast, Oppenheimer Says"
2024-05-14,2024-05-13 20:00:00+00:00,2024-05-13 19:48:56+00:00,Equities Mixed as Markets Parse Consumer Inflation Survey
2024-05-15,2024-05-14 20:00:00+00:00,2024-05-14 19:00:11+00:00,5 REITs That Just Received Price Target Increases
2024-05-15,2024-05-14 20:00:00+00:00,2024-05-14 19:01:04+00:00,"US STOCKS-Wall St edges up after 'mixed' producer inflation data, all eyes on CPI"
2024-05-15,2024-05-14 20:00:00+00:00,2024-05-14 19:10:00+00:00,Institutional vs. Retail Stocks: Understanding the Difference
2024-05-15,2024-05-14 20:00:00+00:00,2024-05-14 19:50:40+00:00,"Equities Rise After Fed Chair Powell's Comments, PPI Data"
2024-05-15,2024-05-14 20:00:00+00:00,2024-05-14 19:58:56+00:00,"Wall Street Trades Flat On Mixed Producer Inflation; Meme Stocks See Wild Ride, Bitcoin Drops: What's Driving Markets Tuesday?"
2024-05-16,2024-05-15 20:00:00+00:00,2024-05-15 16:20:09+00:00,"Why WisdomTree, Inc. (WT) Might be Well Poised for a Surge"
2024-05-16,2024-05-15 20:00:00+00:00,2024-05-15 16:20:10+00:00,Earnings Estimates Rising for Hims &amp; Hers Health (HIMS): Will It Gain?
2024-05-16,2024-05-15 20:00:00+00:00,2024-05-15 18:49:27+00:00,GameStop and AMC shares tank after hopes of a 2021-style meme stock revival are shattered
2024-05-16,2024-05-15 20:00:00+00:00,2024-05-15 18:55:42+00:00,"US STOCKS-S&amp;P 500, Nasdaq at record highs as inflation data fuels rate-cut bets"
2024-05-16,2024-05-15 20:00:00+00:00,2024-05-15 19:36:36+00:00,"Wall Street Jumps To All-Time Highs On Soft Inflation, Bond Yields Tumble, Bitcoin Soars, Meme Stocks Face Carnage: What's Driving Markets Wednesday?"
2024-05-17,2024-05-16 20:00:00+00:00,2024-05-16 18:01:07+00:00,US Equity Indexes Trade Mixed as Investors Weigh Macro Data; Dow Touches Record High
2024-05-17,2024-05-16 20:00:00+00:00,2024-05-16 18:32:47+00:00,"Equity Markets Fall Intraday After Fed Official's Comments, Macro Data"
2024-05-17,2024-05-16 20:00:00+00:00,2024-05-16 18:41:28+00:00,"From US Stores to Factory Floors, Second Quarter Starts Out Slow"
2024-05-17,2024-05-16 20:00:00+00:00,2024-05-16 18:45:29+00:00,David Tepper Scoops Up Alibaba as Hedge Funds Hunt for Bargains in China
2024-05-17,2024-05-16 20:00:00+00:00,2024-05-16 19:04:08+00:00,This Financials Index Can Hit a Record Level Today
2024-05-20,2024-05-17 20:00:00+00:00,2024-05-17 16:45:00+00:00,Faraday Future Stock Doubled  Again. It’s Been a Week for the Ages.
2024-05-20,2024-05-17 20:00:00+00:00,2024-05-17 17:03:25+00:00,A Busy Week Ends With a Whimper
2024-05-20,2024-05-17 20:00:00+00:00,2024-05-17 17:54:00+00:00,US Equity Indexes Trade Close to Record Highs
2024-05-20,2024-05-17 20:00:00+00:00,2024-05-17 18:39:02+00:00,Equity Markets Mixed Intraday
2024-05-20,2024-05-17 20:00:00+00:00,2024-05-17 19:48:57+00:00,Equity Markets Mixed as Investors Weigh Fed Governor's Remarks
2024-05-21,2024-05-20 20:00:00+00:00,2024-05-20 17:14:49+00:00,US Equity Indexes Mixed as Fed Officials Reiterate Restrictive Policy Needs More Time to Ease Inflation
2024-05-21,2024-05-20 20:00:00+00:00,2024-05-20 18:05:23+00:00,Equity Markets Mixed Intraday After Fed Officials' Comments
2024-05-21,2024-05-20 20:00:00+00:00,2024-05-20 18:06:49+00:00,Wall Street’s biggest bear just turned bullish on stocks—but he warns ‘uncertainty’ still reigns
2024-05-21,2024-05-20 20:00:00+00:00,2024-05-20 19:07:00+00:00,Wall Street Is Chasing a Hot Stock Market. You Don’t Need To.
2024-05-21,2024-05-20 20:00:00+00:00,2024-05-20 19:43:00+00:00,Gold Price Hits Record High: 3 Best Gold Mining Stocks to Buy Now
2024-05-22,2024-05-21 20:00:00+00:00,2024-05-21 16:51:10+00:00,US Equity Indexes Slightly Higher in Midday Trading
2024-05-22,2024-05-21 20:00:00+00:00,2024-05-21 16:52:26+00:00,What Nvidia says about AI chip demand could matter for more than just the tech trade
2024-05-22,2024-05-21 20:00:00+00:00,2024-05-21 17:38:37+00:00,"US Equity Indexes Little Changed as Fed Officials Pepper Views on Policy Path, Investors Brace for Nvdia's Earnings"
2024-05-22,2024-05-21 20:00:00+00:00,2024-05-21 18:18:19+00:00,Equity Markets Eke Out Gains Intraday as Traders Parse Fed Governor's Remarks
2024-05-22,2024-05-21 20:00:00+00:00,2024-05-21 19:50:06+00:00,Equity Markets Higher as Traders Parse Fed Governor's Remarks
2024-05-23,2024-05-22 20:00:00+00:00,2024-05-22 17:16:37+00:00,"US Equity Indexes Ease Ahead of Fed Policy Minutes, Nvidia's Earnings"
2024-05-23,2024-05-22 20:00:00+00:00,2024-05-22 17:46:50+00:00,Stocks Falling Ahead of Fed Minutes
2024-05-23,2024-05-22 20:00:00+00:00,2024-05-22 17:56:38+00:00,Equity Markets Mostly Unchanged Ahead of Fed Meeting Minutes
2024-05-23,2024-05-22 20:00:00+00:00,2024-05-22 18:13:53+00:00,"Bank of England will cut interest rates in August, says Goldman Sachs"
2024-05-23,2024-05-22 20:00:00+00:00,2024-05-22 18:51:56+00:00,Some Fed officials willing to raise rates if needed: meeting minutes
2024-05-24,2024-05-23 20:00:00+00:00,2024-05-23 16:22:00+00:00,3 Coal Stocks to Watch Amid Ongoing Industry Challenges
2024-05-24,2024-05-23 20:00:00+00:00,2024-05-23 18:02:28+00:00,Nvidia Rally Helps Lift Nasdaq Intraday
2024-05-24,2024-05-23 20:00:00+00:00,2024-05-23 18:49:36+00:00,"Applied Materials, Inc. (NASDAQ:AMAT): The Best Dividend Stock of 2024?"
2024-05-24,2024-05-23 20:00:00+00:00,2024-05-23 19:00:00+00:00,Options Alert: Asymmetric Trade Setup in the Russell 2000
2024-05-24,2024-05-23 20:00:00+00:00,2024-05-23 19:40:51+00:00,"Analysis-Nvidia's split of soaring stock could boost retail investor appeal, Dow chances"
2024-05-28,2024-05-24 20:00:00+00:00,2024-05-24 18:42:00+00:00,How Vernova Became GE’s Best-Performing Stock
2024-05-28,2024-05-24 20:00:00+00:00,2024-05-24 18:49:30+00:00,Equity Markets Rise Intraday as Traders Analyze Macro Data
2024-05-28,2024-05-24 20:00:00+00:00,2024-05-24 19:14:57+00:00,Nasdaq Leads As Microsoft Nears Buy Point; Two Software Leaders Crater On Earnings
2024-05-28,2024-05-24 20:00:00+00:00,2024-05-24 19:44:51+00:00,Equity Markets Mostly Higher as Traders Analyze Macro Data
2024-05-28,2024-05-24 20:00:00+00:00,2024-05-24 19:56:00+00:00,3 Big Winners from Earnings Season
2024-05-29,2024-05-28 20:00:00+00:00,2024-05-28 15:22:00+00:00,3 Medical Info Systems Stocks to Buy as GenAI Transforms Healthcare
2024-05-29,2024-05-28 20:00:00+00:00,2024-05-28 16:24:54+00:00,"Nvidia Helps Nasdaq Composite Surpass Record 17,000 Level"
2024-05-29,2024-05-28 20:00:00+00:00,2024-05-28 18:02:44+00:00,Dow Slips as Bond Yields Rise
2024-05-29,2024-05-28 20:00:00+00:00,2024-05-28 19:00:10+00:00,"Small Cap Stocks At Lowest Valuation In Decades, But Analyst Holds Off Buying, Citing $600B Debt Concerns"
2024-05-29,2024-05-28 20:00:00+00:00,2024-05-28 19:11:57+00:00,SSE’s wind farm fined record £33m for pushing up household bills
2024-05-30,2024-05-29 20:00:00+00:00,2024-05-29 16:19:09+00:00,Surging Treasury Yields Curb Risk Appetite for US Equities
2024-05-30,2024-05-29 20:00:00+00:00,2024-05-29 17:15:53+00:00,Stocks sink as bond sell-off fuels jitters
2024-05-30,2024-05-29 20:00:00+00:00,2024-05-29 17:29:23+00:00,"Surging Treasury Yields Embolden Policy Hawks, Curb Risk Appetite for US Equities"
2024-05-30,2024-05-29 20:00:00+00:00,2024-05-29 18:14:34+00:00,Equities Fall Intraday as Markets Await Thursday's GDP Report
2024-05-30,2024-05-29 20:00:00+00:00,2024-05-29 18:47:23+00:00,"Best Buy Q1 earnings preview: Sales expected to decline, but an electronics replacement cycle may be coming"
2024-05-31,2024-05-30 20:00:00+00:00,2024-05-30 16:59:00+00:00,3 Transport-Service Stocks to Buy Despite Industry Woes
2024-05-31,2024-05-30 20:00:00+00:00,2024-05-30 17:15:00+00:00,Big  Tech Is Weighing on the S&amp;P 500 Today
2024-05-31,2024-05-30 20:00:00+00:00,2024-05-30 17:24:07+00:00,"US Equity Indexes Drop as Investors Assess Q1 GDP Estimate, Keep Eye Out for Fed's Inflation Gauge"
2024-05-31,2024-05-30 20:00:00+00:00,2024-05-30 18:17:30+00:00,Equity Markets Fall Intraday as Traders Parse GDP Report
2024-05-31,2024-05-30 20:00:00+00:00,2024-05-30 19:57:21+00:00,"Tech, Blue Chip Stocks Drop; Small Caps, Real Estate Rebound As Yields Ease; Solar Industry Shines: What's Driving Markets Thursday?"
2024-06-03,2024-05-31 20:00:00+00:00,2024-05-31 17:23:18+00:00,US Equity Indexes Mixed After Fed's Preferred Inflation Data Meets Market Expectations
2024-06-03,2024-05-31 20:00:00+00:00,2024-05-31 17:50:00+00:00,Investors May Be Too Optimistic. The Stock Market Drop Could Just Be Getting Started.
2024-06-03,2024-05-31 20:00:00+00:00,2024-05-31 17:57:37+00:00,Struggling Dow transport stocks could be economic warning signal
2024-06-03,2024-05-31 20:00:00+00:00,2024-05-31 18:25:00+00:00,"Commodities in 2024: Big Moves, Greater Opportunities"
2024-06-03,2024-05-31 20:00:00+00:00,2024-05-31 19:44:41+00:00,Tech Stocks Crumble As Wall Street's 5-Week Rally Ends; Bonds Offer Safe Haven As Growth Worries Reemerge: What's Driving Markets Friday?
2024-06-04,2024-06-03 20:00:00+00:00,2024-06-03 16:02:27+00:00,"Hedge Funds Sell Software Stocks as AI Splits Tech, Goldman Says"
2024-06-04,2024-06-03 20:00:00+00:00,2024-06-03 16:30:27+00:00,Technical issues briefly halt trading for some NYSE stocks in the latest glitch to hit Wall Street
2024-06-04,2024-06-03 20:00:00+00:00,2024-06-03 16:30:45+00:00,"Technology Helps Boost Nasdaq, Crude Oil Slumps After Manufacturing Sinks Deeper into Contraction"
2024-06-04,2024-06-03 20:00:00+00:00,2024-06-03 16:44:35+00:00,4 CEOs Who Bought Their Own Stock in May
2024-06-04,2024-06-03 20:00:00+00:00,2024-06-03 16:59:40+00:00,"CEO pay is rising, widening the gap between top executives and workers. What to know, by the numbers"
2024-06-05,2024-06-04 20:00:00+00:00,2024-06-04 16:55:48+00:00,Bad News Is Good News?
2024-06-05,2024-06-04 20:00:00+00:00,2024-06-04 17:00:21+00:00,"Stocks Dip Even With Traders Hopeful For September Rate Cut; Bonds Extend Rally, Oil Plummets: What's Driving Markets Tuesday?"
2024-06-05,2024-06-04 20:00:00+00:00,2024-06-04 17:46:40+00:00,"Stock market could plunge 10% as economy faces stagflation threat, Stifel warns"
2024-06-05,2024-06-04 20:00:00+00:00,2024-06-04 18:44:00+00:00,Health Care Stocks Show Relative Strength as S&amp;P 500 Stalls
2024-06-05,2024-06-04 20:00:00+00:00,2024-06-04 19:59:35+00:00,US stock futures edge higher as cooling labor data boosts rate cut hopes
2024-06-06,2024-06-05 20:00:00+00:00,2024-06-05 17:20:13+00:00,"US Equity Indexes Rise After Services Index Switches to Expansion, Pace of Job Additions Slow"
2024-06-06,2024-06-05 20:00:00+00:00,2024-06-05 18:08:28+00:00,This Wall Street Pro Expects This Index To Outperform In 2024
2024-06-06,2024-06-05 20:00:00+00:00,2024-06-05 18:38:00+00:00,3 Business Services Stocks to Consider Amid Industry Woes
2024-06-06,2024-06-05 20:00:00+00:00,2024-06-05 18:51:00+00:00,Seven Stocks That Can Withstand a Manufacturing Recession
2024-06-06,2024-06-05 20:00:00+00:00,2024-06-05 19:36:46+00:00,"S&amp;P 500 Unlikely to Gain 'Meaningful Upside Ground' Through 2024-End, Wells Fargo Investment Says"
2024-06-07,2024-06-06 20:00:00+00:00,2024-06-06 16:14:50+00:00,"S&amp;P 500, Nasdaq Composite Touch Another Record High in Midday Trading"
2024-06-07,2024-06-06 20:00:00+00:00,2024-06-06 16:49:23+00:00,US economy adds more jobs than expected in May as unemployment rate ticks higher
2024-06-07,2024-06-06 20:00:00+00:00,2024-06-06 16:49:23+00:00,May jobs report expected to show more signs of cooling labor market
2024-06-07,2024-06-06 20:00:00+00:00,2024-06-06 17:23:34+00:00,"US Equity Indexes Mixed After Jobless Claims Increase, European Central Bank Kicks Off Policy Easing"
2024-06-07,2024-06-06 20:00:00+00:00,2024-06-06 18:11:52+00:00,Jobless Claims Data Leave Equity Markets Mixed Intraday
2024-06-10,2024-06-07 20:00:00+00:00,2024-06-07 16:21:51+00:00,US Benchmark Stock Indexes Rise After Blockbuster Jobs Report
2024-06-10,2024-06-07 20:00:00+00:00,2024-06-07 16:42:00+00:00,3 Value Picks From the Undervalued P&amp;C Insurance Industry
2024-06-10,2024-06-07 20:00:00+00:00,2024-06-07 18:08:20+00:00,"Inflation, Fed meeting to give clues for US market direction"
2024-06-10,2024-06-07 20:00:00+00:00,2024-06-07 18:15:55+00:00,Stocks Turn Lower in Choppy Trading
2024-06-10,2024-06-07 20:00:00+00:00,2024-06-07 19:43:17+00:00,"Equities Drag, Yields Soar as Markets Analyze Jobs Report"
2024-06-11,2024-06-10 20:00:00+00:00,2024-06-10 17:22:49+00:00,"Market Stays Flat As Investors Anticipate Key Economic Events; Energy Stocks Lead Gains, Regional Banks Decline: What's Driving Markets Monday?"
2024-06-11,2024-06-10 20:00:00+00:00,2024-06-10 17:32:13+00:00,"Equity Markets Mixed as Traders Await This Week's Fed Decision, Inflation Data"
2024-06-11,2024-06-10 20:00:00+00:00,2024-06-10 17:40:31+00:00,Consumer expectations for stocks hit three-year high in May
2024-06-11,2024-06-10 20:00:00+00:00,2024-06-10 18:43:00+00:00,Will the Equity Bull Market Continue?
2024-06-11,2024-06-10 20:00:00+00:00,2024-06-10 19:46:10+00:00,"Equity Higher as Traders Await This Week's Fed Decision, Inflation Data"
2024-06-12,2024-06-11 20:00:00+00:00,2024-06-11 17:35:41+00:00,"Stocks Ease Ahead Of Wednesday's Key Events, Apple Jumps To Record Highs, Bitcoin Tumbles To $66,500: What's Driving Markets Tuesday?"
2024-06-12,2024-06-11 20:00:00+00:00,2024-06-11 18:13:36+00:00,Equity Markets Mixed as Fed Meeting Gets Underway
2024-06-12,2024-06-11 20:00:00+00:00,2024-06-11 18:25:00+00:00,Time to Ride General Motors (GM) Stock for Higher Highs?
2024-06-12,2024-06-11 20:00:00+00:00,2024-06-11 18:41:29+00:00,Why This Fed Meeting Matters So Much For The S&amp;P 500; CPI On Tap
2024-06-12,2024-06-11 20:00:00+00:00,2024-06-11 19:19:25+00:00,Consumer prices expected to remain stable as Fed weighs 'bumpy' inflation impact on rate path
2024-06-13,2024-06-12 20:00:00+00:00,2024-06-12 18:06:17+00:00,"Federal Reserve holds interest rates steady, lowers forecast to 1 rate cut in 2024"
2024-06-13,2024-06-12 20:00:00+00:00,2024-06-12 18:07:21+00:00,"Fed 'dot plot' suggests central bank will cut interest rates one time in 2024, down from 3 cuts in March"
2024-06-13,2024-06-12 20:00:00+00:00,2024-06-12 19:48:12+00:00,Wall Street’s Rate-Cut Dreams Have to Wait as Fed Stays on Hold
2024-06-13,2024-06-12 20:00:00+00:00,2024-06-12 19:50:01+00:00,"Fed Officials Dial Back Rate Forecasts, Signal Just One ‘24 Cut"
2024-06-13,2024-06-12 20:00:00+00:00,2024-06-12 19:54:13+00:00,"Equity Markets Mixed After CPI Report, Fed Decision"
2024-06-14,2024-06-13 20:00:00+00:00,2024-06-13 17:27:26+00:00,"Surprise Drop in Wholesale Price Inflation, Increase in Jobless Claims Leave US Indexes Mixed"
2024-06-14,2024-06-13 20:00:00+00:00,2024-06-13 18:10:37+00:00,JPMorgan Asset Management Sees Stocks Powering On In Second Half
2024-06-14,2024-06-13 20:00:00+00:00,2024-06-13 19:19:54+00:00,Is The Stock Market Closed On Juneteenth? Wall Street Holidays 2024
2024-06-14,2024-06-13 20:00:00+00:00,2024-06-13 19:49:41+00:00,Economic Data Leave Equity Markets Mixed
2024-06-14,2024-06-13 20:00:00+00:00,2024-06-13 19:54:10+00:00,US stock futures steady as Wall St extends record run amid softer inflation
2024-06-17,2024-06-14 20:00:00+00:00,2024-06-14 17:13:00+00:00,Brown &amp; Brown (BRO) Rises 27% YTD: Can It Retain the Upside?
2024-06-17,2024-06-14 20:00:00+00:00,2024-06-14 17:17:20+00:00,US Equity Indexes Decline After Michigan Consumer Sentiment Unexpectedly Drops
2024-06-17,2024-06-14 20:00:00+00:00,2024-06-14 17:40:00+00:00,Why Stocks Are On Pace For A Historic Bull Market This Year
2024-06-17,2024-06-14 20:00:00+00:00,2024-06-14 17:49:00+00:00,Carnival and Norwegian Stocks Are Sinking the S&amp;P 500. Pricing May Be an Issue.
2024-06-17,2024-06-14 20:00:00+00:00,2024-06-14 20:00:00+00:00,"Top S&amp;P 500 Stocks of 2024: SMCI, CEG, NVDA Ride AI Wave"
2024-06-18,2024-06-17 20:00:00+00:00,2024-06-17 16:58:39+00:00,"Exchange-Traded Funds, US Equities Rise After Midday Trading"
2024-06-18,2024-06-17 20:00:00+00:00,2024-06-17 17:42:07+00:00,"US Equity Indexes, Treasury Yields Rise After Empire State Manufacturing Index Improves More Than Forecast"
2024-06-18,2024-06-17 20:00:00+00:00,2024-06-17 17:49:07+00:00,Big Reshuffle of $71 Billion ETF Looms as Nvidia Surpasses Apple
2024-06-18,2024-06-17 20:00:00+00:00,2024-06-17 18:09:48+00:00,"The raging bull market hasn’t peaked just yet, BofA says, as Wall Street keeps raising forecasts for this year"
2024-06-18,2024-06-17 20:00:00+00:00,2024-06-17 19:48:27+00:00,"Technology, Consumer Discretionary Stocks Push US Equity Indexes Higher"
2024-06-20,2024-06-18 20:00:00+00:00,2024-06-18 16:50:00+00:00,5 Top Stocks to Buy From the Promising School Industry
2024-06-20,2024-06-18 20:00:00+00:00,2024-06-18 16:52:24+00:00,"Slowing Retail Sales Growth, Stronger Industrial Production Set Stage for Mixed Trading in US Equities"
2024-06-20,2024-06-18 20:00:00+00:00,2024-06-18 17:00:00+00:00,"Is S&amp;P 500 Racing Toward 6,000 Mark? ETFs in Focus"
2024-06-20,2024-06-18 20:00:00+00:00,2024-06-18 17:23:40+00:00,Equity Markets Mixed as Traders Parse Economic Data
2024-06-20,2024-06-18 20:00:00+00:00,2024-06-18 18:46:00+00:00,Trump’s Media Stock Is Falling in Otherwise Quiet Trading
2024-06-21,2024-06-20 20:00:00+00:00,2024-06-20 18:06:13+00:00,Dow Surges 300 Points In Afternoon Trading
2024-06-21,2024-06-20 20:00:00+00:00,2024-06-20 18:12:34+00:00,7 Best Stocks For Magnificent Earnings Growth Next Year
2024-06-21,2024-06-20 20:00:00+00:00,2024-06-20 19:00:00+00:00,"Questor: war, a pandemic and inflation haven’t stopped this company soaring"
2024-06-21,2024-06-20 20:00:00+00:00,2024-06-20 19:01:00+00:00,Dow Picks Up Steam As Cava And A Health Stock Plunge; Nvidia Flashes Red (Live Coverage)
2024-06-21,2024-06-20 20:00:00+00:00,2024-06-20 19:46:36+00:00,Macro Data Leave Equity Markets Mixed
2024-06-24,2024-06-21 20:00:00+00:00,2024-06-21 15:10:11+00:00,"Nvidia is carrying the S&amp;P 500 like no company since possibly IBM 4 decades ago, expert says: ‘It’s unheard of’"
2024-06-24,2024-06-21 20:00:00+00:00,2024-06-21 16:19:00+00:00,May U.S. Housing Starts &amp; Permits Decline Amid High Rates
2024-06-24,2024-06-21 20:00:00+00:00,2024-06-21 18:06:00+00:00,Do Not Fear... The Bull Market Is Here (To Stay)
2024-06-24,2024-06-21 20:00:00+00:00,2024-06-21 18:15:27+00:00,Nvidia and Chip Stocks Are Leading the Market Lower
2024-06-24,2024-06-21 20:00:00+00:00,2024-06-21 19:41:53+00:00,Rally in U.S. big tech stocks may be getting stretched
2024-06-25,2024-06-24 20:00:00+00:00,2024-06-24 15:40:00+00:00,Don't Overlook Accenture (ACN) International Revenue Trends While Assessing the Stock
2024-06-25,2024-06-24 20:00:00+00:00,2024-06-24 16:03:00+00:00,Top Wall Street Stories of 1H &amp; Predictions for 2H
2024-06-25,2024-06-24 20:00:00+00:00,2024-06-24 16:05:24+00:00,Dow Jones Up As Nvidia Dives Again; Cathie Wood Loads Up On This Stock Amid 50% Plunge (Live Coverage)
2024-06-25,2024-06-24 20:00:00+00:00,2024-06-24 16:54:58+00:00,"Nvidia stock falls 5%, extends slide into correction territory"
2024-06-25,2024-06-24 20:00:00+00:00,2024-06-24 17:02:46+00:00,Britain snubs GSK in favour of US pharma giant for RSV vaccine
2024-06-26,2024-06-25 20:00:00+00:00,2024-06-25 17:35:00+00:00,5 Stocks to Watch From the Prospering Securities and Exchanges Industry
2024-06-26,2024-06-25 20:00:00+00:00,2024-06-25 17:46:32+00:00,Equity Markets Mixed as Consumer Confidence Falls
2024-06-26,2024-06-25 20:00:00+00:00,2024-06-25 19:15:07+00:00,Dow Jones Falls While Nasdaq Jumps; Nvidia Pops As Pool Dives (Live Coverage)
2024-06-26,2024-06-25 20:00:00+00:00,2024-06-25 19:51:16+00:00,"Equity Markets Mixed After Fed Officials' Comments, Macro Data"
2024-06-26,2024-06-25 20:00:00+00:00,2024-06-25 19:54:29+00:00,US stock futures steady after Nvidia rebound boosts Wall Street
2024-06-27,2024-06-26 20:00:00+00:00,2024-06-26 17:29:26+00:00,US Equity Indexes Gyrate Before Micron Technology Results; New-Home Sales Slump
2024-06-27,2024-06-26 20:00:00+00:00,2024-06-26 17:41:16+00:00,"US value stocks offer opportunities for bargain-hunters, BofA's Subramanian says"
2024-06-27,2024-06-26 20:00:00+00:00,2024-06-26 18:08:46+00:00,Equity Markets Mixed Intraday as Traders Parse New-Home Sales Data
2024-06-27,2024-06-26 20:00:00+00:00,2024-06-26 18:36:07+00:00,Magnificent 7 Stocks Are Surging. Elon Musk and Jeff Bezos Just Got Richer.
2024-06-27,2024-06-26 20:00:00+00:00,2024-06-26 19:26:00+00:00,Should VW Have Simply Bought Rivian? No Way.
2024-06-28,2024-06-27 20:00:00+00:00,2024-06-27 17:34:23+00:00,"US Equity Indexes Choppy, Treasury Yields Decline in Midday Trading"
2024-06-28,2024-06-27 20:00:00+00:00,2024-06-27 17:41:20+00:00,"Labour could cut taxes by £16bn, say economists"
2024-06-28,2024-06-27 20:00:00+00:00,2024-06-27 18:03:00+00:00,Top Health Care Stocks Beating the S&amp;P 500 This Year
2024-06-28,2024-06-27 20:00:00+00:00,2024-06-27 18:17:08+00:00,"Equity Markets Rise Intraday After Macro Data, Fed Official's Comments"
2024-06-28,2024-06-27 20:00:00+00:00,2024-06-27 19:55:22+00:00,"Equity Markets Mixed After Macro Data, Fed Official's Comments"
2024-07-01,2024-06-28 20:00:00+00:00,2024-06-28 16:02:42+00:00,Goldman’s Rubner Sees Market Correction Ahead of ‘Unloved Rally’
2024-07-01,2024-06-28 20:00:00+00:00,2024-06-28 16:04:26+00:00,US Equity Indexes Advance as Inflation Rate in May Meets Expectations
2024-07-01,2024-06-28 20:00:00+00:00,2024-06-28 17:53:47+00:00,Equities Mostly Rise Intraday as Fed's Preferred Inflation Measure Cools
2024-07-01,2024-06-28 20:00:00+00:00,2024-06-28 19:17:00+00:00,Q2 Earnings Growth Forecasted to Hit Two-Year High
2024-07-01,2024-06-28 20:00:00+00:00,2024-06-28 19:46:23+00:00,Equity Markets Lower as Traders Parse Consumer Spending Report
2024-07-02,2024-07-01 20:00:00+00:00,2024-07-01 13:26:00+00:00,"Stock Market News for Jul 1, 2024"
2024-07-02,2024-07-01 20:00:00+00:00,2024-07-01 16:25:50+00:00,"Apollo’s chief economist calls the S&amp;P 500 ‘vulnerable’ as it hovers just below all-time high of 5,523—here’s what has him worried"
2024-07-02,2024-07-01 20:00:00+00:00,2024-07-01 16:32:15+00:00,"Stocks could fall 30% as US heads for a deep recession, analyst warns"
2024-07-02,2024-07-01 20:00:00+00:00,2024-07-01 17:13:34+00:00,Schonfeld's flagship hedge fund ends H1 up 10.3% - source
2024-07-02,2024-07-01 20:00:00+00:00,2024-07-01 18:50:24+00:00,Bank of America data shows today marks beginning of the S&amp;P 500’s ‘strongest’ average 10-day period of the year…over 96 years
2024-07-03,2024-07-02 20:00:00+00:00,2024-07-02 15:57:00+00:00,"The Zacks Analyst Blog Highlights XHB, ITB and IVV"
2024-07-03,2024-07-02 20:00:00+00:00,2024-07-02 16:00:00+00:00,Top-Ranked ETFs That Outperformed the Market in 1H
2024-07-03,2024-07-02 20:00:00+00:00,2024-07-02 16:50:52+00:00,US Equity Indexes Mixed in Midday Trading
2024-07-03,2024-07-02 20:00:00+00:00,2024-07-02 19:00:00+00:00,Best Performing ETFs by Sector in the Past 30 Days
2024-07-03,2024-07-02 20:00:00+00:00,2024-07-02 19:48:28+00:00,Equity Markets Higher After Fed Chair Powell's Comments
2024-07-05,2024-07-03 20:00:00+00:00,2024-07-03 16:10:13+00:00,"US Equity Indexes Mixed, Treasury Yields Dive After ISM Services Enters Contraction"
2024-07-05,2024-07-03 20:00:00+00:00,2024-07-03 16:53:34+00:00,"Piper Sandler Drops S&amp;P 500 Target, Says Practice is ‘Poor Form’"
2024-07-05,2024-07-03 20:00:00+00:00,2024-07-03 16:57:00+00:00,Hottest ETFs of 1H 2024
2024-07-05,2024-07-03 20:00:00+00:00,2024-07-03 17:24:00+00:00,"How major US stock indexes fared Wednesday, 7/3/2024"
2024-07-05,2024-07-03 20:00:00+00:00,2024-07-03 19:00:00+00:00,Stocks Often Pop in July: Time to Buy These 4 ETFs?
2024-07-08,2024-07-05 20:00:00+00:00,2024-07-05 17:46:52+00:00,Equity Markets Mixed Intraday After Jobs Report
2024-07-08,2024-07-05 20:00:00+00:00,2024-07-05 18:39:00+00:00,"Jobs Data Signal It’s Time to Cut Rates, Says This Economist"
2024-07-08,2024-07-05 20:00:00+00:00,2024-07-05 18:45:00+00:00,"Buy 5 Growth Stocks for a Strong July: STX, ANF, BV, GPS, MU"
2024-07-08,2024-07-05 20:00:00+00:00,2024-07-05 18:59:50+00:00,Dow Turns Higher
2024-07-08,2024-07-05 20:00:00+00:00,2024-07-05 19:31:00+00:00,3 Key Things to Know About the Q2 Earnings Season
2024-07-09,2024-07-08 20:00:00+00:00,2024-07-08 16:42:00+00:00,4 Stocks to Watch From the Prospering Water Supply Industry
2024-07-09,2024-07-08 20:00:00+00:00,2024-07-08 17:05:59+00:00,Pound hits one-month high after Reeves speech
2024-07-09,2024-07-08 20:00:00+00:00,2024-07-08 17:40:53+00:00,Equities Mixed Intraday as Markets Parse Inflation Survey
2024-07-09,2024-07-08 20:00:00+00:00,2024-07-08 19:13:05+00:00,Stocks Mixed As Nasdaq Tries to Stay Positive; Chipotle Sinks (Live Coverage)
2024-07-09,2024-07-08 20:00:00+00:00,2024-07-08 19:46:52+00:00,Equities Mixed as Markets Weigh Inflation Survey
2024-07-10,2024-07-09 20:00:00+00:00,2024-07-09 17:45:55+00:00,"US Stocks Shake Off Early Jitters From Powell Remarks Before Congress, Led by Rate-Sensitive Equities"
2024-07-10,2024-07-09 20:00:00+00:00,2024-07-09 17:47:10+00:00,"S&amp;P 500 Hits Record Highs, Eyes 6th Straight Gain As Powell Keeps Bears At Bay; Tesla Targets 10th Consecutive Win, Bank Stocks Rally: What's Driving Markets Tuesday?"
2024-07-10,2024-07-09 20:00:00+00:00,2024-07-09 18:22:31+00:00,Equity Markets Mostly Rise Intraday After Fed Chair Powell's Comments
2024-07-10,2024-07-09 20:00:00+00:00,2024-07-09 19:00:00+00:00,Can Tesla ETFs Maintain New-Found Winning Momentum?
2024-07-10,2024-07-09 20:00:00+00:00,2024-07-09 19:46:00+00:00,Equity Markets Mixed After Fed Chair Powell's Comments
2024-07-11,2024-07-10 20:00:00+00:00,2024-07-10 17:24:00+00:00,"JPMorgan, Citi Stage Breakouts Ahead of Bank Earnings Slate"
2024-07-11,2024-07-10 20:00:00+00:00,2024-07-10 18:06:24+00:00,The Stock Market Is Finally Rallying Across the Board
2024-07-11,2024-07-10 20:00:00+00:00,2024-07-10 18:10:21+00:00,"US Stocks Extend Rally, Carrying Major Aggregates to New Records"
2024-07-11,2024-07-10 20:00:00+00:00,2024-07-10 18:21:00+00:00,FTAI Aviation Stock Is Falling Fast. What It Means for Small Caps Funds.
2024-07-11,2024-07-10 20:00:00+00:00,2024-07-10 18:46:07+00:00,Equity Markets Rise Intraday After Fed Chair Powell's Remarks
2024-07-12,2024-07-11 20:00:00+00:00,2024-07-11 18:12:54+00:00,Equity Markets Largely Fall Intraday After Consumer Inflation Report
2024-07-12,2024-07-11 20:00:00+00:00,2024-07-11 18:24:26+00:00,Big Tech Suffers Worst Drop in a Year as Rate Bets Spur Rotation
2024-07-12,2024-07-11 20:00:00+00:00,2024-07-11 19:00:00+00:00,ETF in Focus as S&amp;P 500 Earnings Improves Beyond AI
2024-07-12,2024-07-11 20:00:00+00:00,2024-07-11 19:18:43+00:00,Canada’s Stock Rally Is the Opposite of Tech-Driven Surge in US
2024-07-12,2024-07-11 20:00:00+00:00,2024-07-11 19:56:26+00:00,Equity Markets Mostly Lower After Consumer Inflation Report
2024-07-15,2024-07-12 20:00:00+00:00,2024-07-12 17:26:53+00:00,US Equity Indexes Climb as Investors Parse Wholesale Inflation Print
2024-07-15,2024-07-12 20:00:00+00:00,2024-07-12 17:40:51+00:00,"Dow Reaches Record Highs Above 40,000, Small Caps Ride The Rate-Cut Wave, EV Stocks Rally: What's Driving Markets Friday?"
2024-07-15,2024-07-12 20:00:00+00:00,2024-07-12 17:47:00+00:00,Tech Stocks Have Fallen Out of Favor. Why They’ll Bounce Back Soon.
2024-07-15,2024-07-12 20:00:00+00:00,2024-07-12 18:06:37+00:00,Equities Rise Intraday as Markets Weigh PPI Data
2024-07-15,2024-07-12 20:00:00+00:00,2024-07-12 18:48:00+00:00,Welcome to the Everything Rally. How Stock Investors Can Play It.
2024-07-16,2024-07-15 20:00:00+00:00,2024-07-15 17:03:28+00:00,3rd-Quarter 2024 Investor Conference and Events Highlights
2024-07-16,2024-07-15 20:00:00+00:00,2024-07-15 18:00:42+00:00,"S&amp;P 500, Dow Hit Fresh Records as Dem, GOP Presidency Hopefuls Urge Unity After Assassination Attempt on Trump"
2024-07-16,2024-07-15 20:00:00+00:00,2024-07-15 18:29:20+00:00,Equity Markets Rise Intraday After Fed Chair Powell's Comments
2024-07-16,2024-07-15 20:00:00+00:00,2024-07-15 19:00:00+00:00,Can Small-Cap ETFs Turn Around Ahead?
2024-07-16,2024-07-15 20:00:00+00:00,2024-07-15 19:27:37+00:00,Dow Jumps 300 Points Higher
2024-07-17,2024-07-16 20:00:00+00:00,2024-07-16 15:04:00+00:00,AmEx (AXP) Stock: Hold Tight Before the Q2 Earnings Wave
2024-07-17,2024-07-16 20:00:00+00:00,2024-07-16 15:07:00+00:00,Bet On These 3 Retail REIT Stocks Amid Promising Industry Prospects
2024-07-17,2024-07-16 20:00:00+00:00,2024-07-16 15:20:00+00:00,5 Stocks to Watch From the Promising Homebuilding Industry
2024-07-17,2024-07-16 20:00:00+00:00,2024-07-16 15:39:40+00:00,Riskiest Stocks Begin an Epic Rotation With Rate Cuts in Sight
2024-07-17,2024-07-16 20:00:00+00:00,2024-07-16 19:00:00+00:00,Time to Buy High-Dividend ETFs?
2024-07-18,2024-07-17 20:00:00+00:00,2024-07-17 15:59:27+00:00,"Nasdaq Composite Sinks 450 Points as Trade Restrictions Talk, Trump's Taiwan Remarks Spook Technology Investors"
2024-07-18,2024-07-17 20:00:00+00:00,2024-07-17 16:40:43+00:00,"Nasdaq Composite Sinks Almost 500 Points as Trade Restrictions Talk, Trump Remark on Taiwan Hit Technology Investors"
2024-07-18,2024-07-17 20:00:00+00:00,2024-07-17 16:58:01+00:00,"Exchange-Traded Funds Lower, US Equities Mixed After Midday Trading"
2024-07-18,2024-07-17 20:00:00+00:00,2024-07-17 17:09:25+00:00,China trade war fears wipe £260bn off world’s biggest companies
2024-07-18,2024-07-17 20:00:00+00:00,2024-07-17 19:19:32+00:00,"Nasdaq, S&amp;P 500 Futures Plunge After Trump's Comments And ASML's Weak Forecast Deepens Tech Sell-Off: AI Narrative May Be Priced In, Says Analyst"
2024-07-19,2024-07-18 20:00:00+00:00,2024-07-18 17:51:02+00:00,House purchases delayed by ‘global payments issue’
2024-07-19,2024-07-18 20:00:00+00:00,2024-07-18 18:13:03+00:00,Equity Markets Fall Intraday Ahead of Netflix Results
2024-07-19,2024-07-18 20:00:00+00:00,2024-07-18 18:30:13+00:00,How To Make Money Like A Senator – This ETF Outperformed Both S&amp;P 500 and Dow Jones
2024-07-19,2024-07-18 20:00:00+00:00,2024-07-18 19:10:09+00:00,Dow Slides 500 Points
2024-07-19,2024-07-18 20:00:00+00:00,2024-07-18 19:45:27+00:00,Small cap debate continues as rally in Russell 2000 stalls
2024-07-22,2024-07-19 20:00:00+00:00,2024-07-19 17:48:00+00:00,Market Rotation Should Begin A New Leg Up... And Not Just For Small-Caps
2024-07-22,2024-07-19 20:00:00+00:00,2024-07-19 18:41:10+00:00,Equity Markets Fall Intraday Amid Major Global Tech Outage
2024-07-22,2024-07-19 20:00:00+00:00,2024-07-19 19:27:56+00:00,"Fed Policy Easing to Help Boost Financials Sector, Wells Fargo Investment Says"
2024-07-22,2024-07-19 20:00:00+00:00,2024-07-19 19:50:58+00:00,The Poorest Country by GDP Per Capita in 2024
2024-07-22,2024-07-19 20:00:00+00:00,2024-07-19 19:57:35+00:00,"Top Cryptocurrencies Soar; Bitcoin Zooms Past $67,000"
2024-07-23,2024-07-22 20:00:00+00:00,2024-07-22 17:08:55+00:00,Investors Rotate Out of Tech Just Ahead of Big Tech Earnings
2024-07-23,2024-07-22 20:00:00+00:00,2024-07-22 17:47:14+00:00,"US Equity Indexes Climb as Mega-cap Technology, Communication Services Heavyweights Advance in Midday Trading"
2024-07-23,2024-07-22 20:00:00+00:00,2024-07-22 18:00:00+00:00,5 Top-Performing ETFs of Last Week
2024-07-23,2024-07-22 20:00:00+00:00,2024-07-22 18:23:10+00:00,Equity Markets Rise Intraday as Investors Await This Week's Major Earnings
2024-07-23,2024-07-22 20:00:00+00:00,2024-07-22 20:00:00+00:00,"Top Cryptocurrencies Rise; Bitcoin Crosses $68,000 Level"
2024-07-24,2024-07-23 20:00:00+00:00,2024-07-23 15:16:17+00:00,Homebuilder Stocks Stage a Wild Rally Amid Fed Cut Hopes
2024-07-24,2024-07-23 20:00:00+00:00,2024-07-23 16:31:00+00:00,Realty Income (O) Up 8.4% in a Month: Should You Take the Bait?
2024-07-24,2024-07-23 20:00:00+00:00,2024-07-23 16:34:22+00:00,Wells Fargo: High expectations for Q2 earnings amid economic uncertainties
2024-07-24,2024-07-23 20:00:00+00:00,2024-07-23 17:47:13+00:00,William Blair Commentary: Market-Rotation Update
2024-07-24,2024-07-23 20:00:00+00:00,2024-07-23 18:13:30+00:00,"Equity Markets Mixed Intraday Ahead of Alphabet, Tesla Earnings"
2024-07-25,2024-07-24 20:00:00+00:00,2024-07-24 15:55:00+00:00,3 Gas Distribution Stocks to Buy From a Flourishing Industry
2024-07-25,2024-07-24 20:00:00+00:00,2024-07-24 16:20:05+00:00,Surging Earnings Estimates Signal Upside for Meritage Hospitality Group (MHGU) Stock
2024-07-25,2024-07-24 20:00:00+00:00,2024-07-24 17:00:00+00:00,What Lies Ahead of REIT ETFs This Earnings Season?
2024-07-25,2024-07-24 20:00:00+00:00,2024-07-24 19:48:31+00:00,"Tesla, Alphabet Sell-Offs Weigh on Nasdaq, S&amp;P 500"
2024-07-25,2024-07-24 20:00:00+00:00,2024-07-24 19:51:29+00:00,Paul Krugman: Fed cutting rates 'shouldn’t matter much' in presidential election
2024-07-26,2024-07-25 20:00:00+00:00,2024-07-25 17:49:29+00:00,"Industrials, Energy Push US Equity Indexes Higher Ahead of Fed's Preferred Inflation Print"
2024-07-26,2024-07-25 20:00:00+00:00,2024-07-25 18:30:02+00:00,"Compared to Estimates, Waste Connections (WCN) Q2 Earnings: A Look at Key Metrics"
2024-07-26,2024-07-25 20:00:00+00:00,2024-07-25 18:39:00+00:00,Builders FirstSource (BLDR) Dips 18% in 3 Months: Buy or Red Flag?
2024-07-26,2024-07-25 20:00:00+00:00,2024-07-25 18:40:38+00:00,"Equities Rise Intraday as Markets Assess Earnings, GDP Report"
2024-07-26,2024-07-25 20:00:00+00:00,2024-07-25 19:40:40+00:00,Tech-led selloff drives record volume in NDX options
2024-07-29,2024-07-26 20:00:00+00:00,2024-07-26 17:19:00+00:00,Has the Recent Selling Bout Come to a Screeching Halt?
2024-07-29,2024-07-26 20:00:00+00:00,2024-07-26 17:24:13+00:00,"Soft Inflation Print, Strong Earnings Help Lift US Equity Indexes"
2024-07-29,2024-07-26 20:00:00+00:00,2024-07-26 17:31:59+00:00,Foreign investor that loaded Thames Water with debt takes control of UK gas network
2024-07-29,2024-07-26 20:00:00+00:00,2024-07-26 18:00:00+00:00,Small-Cap ETFs to Rally on Upbeat U.S. Q2 GDP Growth Data?
2024-07-29,2024-07-26 20:00:00+00:00,2024-07-26 18:04:25+00:00,"Equity Markets Rise Intraday After Earnings, Macro Data"
2024-07-30,2024-07-29 20:00:00+00:00,2024-07-29 17:11:36+00:00,Reeves tax raid means ‘game over’ for North Sea oil and gas
2024-07-30,2024-07-29 20:00:00+00:00,2024-07-29 17:17:53+00:00,"Hedge Funds Selling Industrials at a Record Pace, Goldman Says"
2024-07-30,2024-07-29 20:00:00+00:00,2024-07-29 17:31:07+00:00,"Wall Street Rises Ahead Of Big Tech Earnings, Fed Meeting; Tesla Rebounds, Oil Prices Drop To 7-Week Lows: What's Driving Markets Monday?"
2024-07-30,2024-07-29 20:00:00+00:00,2024-07-29 17:39:05+00:00,"S&amp;P 500 Companies' Latest Quarterly Results More Positive Than Negative so Far, Oppenheimer Says"
2024-07-30,2024-07-29 20:00:00+00:00,2024-07-29 18:22:39+00:00,"Equities Mostly Rise Intraday as Markets Await This Week's Earnings, Fed Decision"
2024-07-31,2024-07-30 20:00:00+00:00,2024-07-30 16:20:06+00:00,Why Gorman-Rupp (GRC) Might be Well Poised for a Surge
2024-07-31,2024-07-30 20:00:00+00:00,2024-07-30 16:29:00+00:00,4 Agriculture - Products Stocks to Watch in a Promising Industry
2024-07-31,2024-07-30 20:00:00+00:00,2024-07-30 17:30:51+00:00,"US Equity Indexes Mixed Ahead of Fed's Signal on Rate Cuts, Post-Bell Mega-cap Tech Earnings"
2024-07-31,2024-07-30 20:00:00+00:00,2024-07-30 17:33:00+00:00,Tech Stocks Are Slumping Again. This Technical Reading Suggests It’s Time to Buy.
2024-07-31,2024-07-30 20:00:00+00:00,2024-07-30 18:36:51+00:00,Nvidia slumps as Big Tech sell-off deepens
2024-08-01,2024-07-31 20:00:00+00:00,2024-07-31 18:08:48+00:00,"Fed holds rates steady, stays on track for September cut"
2024-08-01,2024-07-31 20:00:00+00:00,2024-07-31 18:08:48+00:00,"Fed holds rates steady, Powell says September cut 'could be on the table'"
2024-08-01,2024-07-31 20:00:00+00:00,2024-07-31 19:19:11+00:00,Powell Says Fed Could Cut Rates ‘As Soon As’ September Meeting
2024-08-01,2024-07-31 20:00:00+00:00,2024-07-31 19:25:36+00:00,Stocks Soar as Fed Puts Wall Street’s Rate Cut Wish on the Table
2024-08-01,2024-07-31 20:00:00+00:00,2024-07-31 19:47:00+00:00,Time to Buy AMD's Stock After Exceeding Q2 Expectations?
2024-08-02,2024-08-01 20:00:00+00:00,2024-08-01 17:22:40+00:00,Dow Drops 600 Points in Afternoon Trading
2024-08-02,2024-08-01 20:00:00+00:00,2024-08-01 18:09:33+00:00,August Is Usually Tough for Markets. Just Look at Today.
2024-08-02,2024-08-01 20:00:00+00:00,2024-08-01 18:24:00+00:00,Fed Rate Cut Hopes Aren’t Enough. What’s Moving the Stock Market Now.
2024-08-02,2024-08-01 20:00:00+00:00,2024-08-01 18:35:45+00:00,Stocks Sink as Economic Jitters Fuel Rush to Bonds: Markets Wrap
2024-08-02,2024-08-01 20:00:00+00:00,2024-08-01 19:41:57+00:00,Instant View: Wall Street slides after early rally flips into risk-off move
2024-08-05,2024-08-02 20:00:00+00:00,2024-08-02 17:45:00+00:00,How to Make the Most of Today's Market
2024-08-05,2024-08-02 20:00:00+00:00,2024-08-02 18:08:00+00:00,3 Stocks to Watch From the Transport Equipment &amp; Leasing Industry
2024-08-05,2024-08-02 20:00:00+00:00,2024-08-02 18:14:54+00:00,"Equities Slump Intraday as Intel, Amazon Plunge, Markets Assess Jobs Data"
2024-08-05,2024-08-02 20:00:00+00:00,2024-08-02 19:01:31+00:00,"Unemployment rise spurs fears of slowdown, yet recession signals have been wrong — so far"
2024-08-05,2024-08-02 20:00:00+00:00,2024-08-02 19:43:13+00:00,"Equities Lower as Intel, Amazon Plunge, Markets Assess Jobs Data"
2024-08-06,2024-08-05 20:00:00+00:00,2024-08-05 17:37:16+00:00,"The Stock Market Isn’t Crashing, Yet. Here’s When the Circuit Breakers Kick In."
2024-08-06,2024-08-05 20:00:00+00:00,2024-08-05 17:55:13+00:00,Dow Jones Plunges 900 Points In Broad Sell-Off; Nvidia Plummets As Apple Slides On Warren Buffett Cut (Live Coverage)
2024-08-06,2024-08-05 20:00:00+00:00,2024-08-05 18:17:32+00:00,"Bank stocks offer ‘places to hide’ amid market tumult, says Well Fargo"
2024-08-06,2024-08-05 20:00:00+00:00,2024-08-05 18:45:00+00:00,"2 Top Recession-Proof Dividend Stocks to Buy Now: ATO, KMB"
2024-08-06,2024-08-05 20:00:00+00:00,2024-08-05 18:51:12+00:00,Unwind of 2024's winning trades batters global markets as growth fears spike
2024-08-07,2024-08-06 20:00:00+00:00,2024-08-06 18:45:00+00:00,"2 Top S&amp;P 500 Stocks to Buy on Market Dip: AAPL, MU"
2024-08-07,2024-08-06 20:00:00+00:00,2024-08-06 19:02:25+00:00,Wall Street economists say investor fears about recession are overblown
2024-08-07,2024-08-06 20:00:00+00:00,2024-08-06 19:07:59+00:00,David Einhorn’s Greenlight Capital Trails the Market Again
2024-08-07,2024-08-06 20:00:00+00:00,2024-08-06 19:19:49+00:00,Selling from US volatility-linked funds may be drying up after $150 billion dump
2024-08-07,2024-08-06 20:00:00+00:00,2024-08-06 19:59:57+00:00,"Some of most profitable airline stocks on sale after recent battering, BofA"
2024-08-08,2024-08-07 20:00:00+00:00,2024-08-07 17:17:38+00:00,Traders spurn zero-day options in this week's market tumble
2024-08-08,2024-08-07 20:00:00+00:00,2024-08-07 17:49:44+00:00,Equity Markets Rise Intraday as Traders Parse Corporate Earnings
2024-08-08,2024-08-07 20:00:00+00:00,2024-08-07 17:53:00+00:00,Market Bottom or More Downside &amp; Volatility Ahead?
2024-08-08,2024-08-07 20:00:00+00:00,2024-08-07 18:01:36+00:00,US Equity Indexes Off Session Highs as Fear Index Fluctuates
2024-08-08,2024-08-07 20:00:00+00:00,2024-08-07 18:16:20+00:00,Analysis-Traders lose billions on big volatility short after stocks rout
2024-08-09,2024-08-08 20:00:00+00:00,2024-08-08 17:45:21+00:00,"So, Are We Getting A Recession? Top Economists And Money Managers Weigh In: 'Time Is On Your Side'"
2024-08-09,2024-08-08 20:00:00+00:00,2024-08-08 17:58:22+00:00,Technology Pushes US Equity Indexes Higher as Jobless Claims Slump More Than Forecast
2024-08-09,2024-08-08 20:00:00+00:00,2024-08-08 18:11:39+00:00,Equities Rise Intraday After Jobless Claims Drop to One-Month Low
2024-08-09,2024-08-08 20:00:00+00:00,2024-08-08 18:45:00+00:00,"3 Stocks to Play the Bull &amp; Bear Tug O' War: PPC, NEM, NOW"
2024-08-09,2024-08-08 20:00:00+00:00,2024-08-08 19:49:49+00:00,"Wall Street’s Fear Gauge Is Flashing Buy Sign, UBS Wealth CIO Says"
2024-08-12,2024-08-09 20:00:00+00:00,2024-08-09 17:35:13+00:00,"US Equity Indexes Rise, Treasury Yields Mixed in Choppy Trading"
2024-08-12,2024-08-09 20:00:00+00:00,2024-08-09 18:22:41+00:00,"If You Invested $1000 In Netflix Stock 20 Years Ago, How Much Would You Have Now?"
2024-08-12,2024-08-09 20:00:00+00:00,2024-08-09 18:45:56+00:00,Equities Rise Intraday as Markets Weigh Fed Official's Comments
2024-08-12,2024-08-09 20:00:00+00:00,2024-08-09 19:00:00+00:00,Will Homebuilding ETFs Have Their Moment Now?
2024-08-12,2024-08-09 20:00:00+00:00,2024-08-09 19:22:24+00:00,Hennessy Japan Fund Commentary- Japan: Land of Opportunity Potential
2024-08-13,2024-08-12 20:00:00+00:00,2024-08-12 18:36:43+00:00,Robinhood CEO: We're seeing 'more buying than selling' in August despite volatility
2024-08-13,2024-08-12 20:00:00+00:00,2024-08-12 18:44:59+00:00,"Wall Street’s Fear Gauge Spike ‘Isn’t That Surprising’ in Panicked Market, Cboe Says"
2024-08-13,2024-08-12 20:00:00+00:00,2024-08-12 19:00:00+00:00,Stay Clam Amid Market Selloff: Buy These Index ETFs
2024-08-13,2024-08-12 20:00:00+00:00,2024-08-12 19:26:15+00:00,Dow Jones Dips But Starbucks Pops On Activist Move; Donald Trump Stock Dives After Loss (Live Coverage)
2024-08-13,2024-08-12 20:00:00+00:00,2024-08-12 19:29:59+00:00,"S&amp;P 500 Results Shrug Off Earnings Recession Fears, Oppenheimer Says"
2024-08-14,2024-08-13 20:00:00+00:00,2024-08-13 17:43:18+00:00,US Equity Indexes Jump as Cooler-Than-Forecast Producer Price Inflation Sends Treasury Yields Lower
2024-08-14,2024-08-13 20:00:00+00:00,2024-08-13 18:15:16+00:00,Equities Rise Intraday After Producer Prices Report
2024-08-14,2024-08-13 20:00:00+00:00,2024-08-13 18:16:00+00:00,How AI Power Demand is Boosting Utility ETFs
2024-08-14,2024-08-13 20:00:00+00:00,2024-08-13 19:09:35+00:00,Inflation expected to hold steady in July as investors eye rate cuts
2024-08-14,2024-08-13 20:00:00+00:00,2024-08-13 19:59:44+00:00,"Top Cryptocurrencies Rise; Bitcoin Soars Above $60,000 Level"
2024-08-15,2024-08-14 20:00:00+00:00,2024-08-14 15:47:00+00:00,What to Expect From the U.S. Upstream Oil &amp; Gas Industry
2024-08-15,2024-08-14 20:00:00+00:00,2024-08-14 16:09:44+00:00,Tech stocks in focus as investors eye latest filings from funds
2024-08-15,2024-08-14 20:00:00+00:00,2024-08-14 16:20:04+00:00,"Why SharkNinja, Inc. (SN) Might be Well Poised for a Surge"
2024-08-15,2024-08-14 20:00:00+00:00,2024-08-14 17:04:26+00:00,Julian Robertson's Tiger Management Makes Monumental Increase in Vanguard S&amp;P 500 ETF Holdings
2024-08-15,2024-08-14 20:00:00+00:00,2024-08-14 19:47:50+00:00,Equities Mixed After Consumer Inflation Report
2024-08-16,2024-08-15 20:00:00+00:00,2024-08-15 16:27:11+00:00,Goldman Buyback Desk Flooded With Record Orders During Stock Swoon
2024-08-16,2024-08-15 20:00:00+00:00,2024-08-15 16:36:38+00:00,US Equity Indexes Advance With Treasury Yields Following Strong Retail Sales
2024-08-16,2024-08-15 20:00:00+00:00,2024-08-15 17:14:35+00:00,Strong Retail Sales Growth Lift US Equity Indexes as Bets Favoring Sharp Economic Slowdown Taper
2024-08-16,2024-08-15 20:00:00+00:00,2024-08-15 17:48:10+00:00,"Equities Rise Intraday as Markets Analyze Macro Data, Corporate Earnings"
2024-08-16,2024-08-15 20:00:00+00:00,2024-08-15 17:49:41+00:00,Quants Are Poised to Unleash a Wave of Cash in Stock Market
2024-08-19,2024-08-16 20:00:00+00:00,2024-08-16 17:36:18+00:00,"US Equity Indexes Rise, Volatility Extends Decline in Midday Trading"
2024-08-19,2024-08-16 20:00:00+00:00,2024-08-16 18:22:31+00:00,Equity Markets Rise Intraday as Consumer Sentiment Grows
2024-08-19,2024-08-16 20:00:00+00:00,2024-08-16 18:58:09+00:00,The Stock Market Nears Its Best Week Since 2023
2024-08-19,2024-08-16 20:00:00+00:00,2024-08-16 19:00:00+00:00,Momentum ETFs to Play as Wall Street Rallies?
2024-08-19,2024-08-16 20:00:00+00:00,2024-08-16 19:45:50+00:00,Equity Markets Higher as Consumer Sentiment Grows
2024-08-20,2024-08-19 20:00:00+00:00,2024-08-19 18:00:10+00:00,"S&amp;P 500 Companies Log 'Fairly Robust' Earnings Rise as Season Winds Down, Oppenheimer Says"
2024-08-20,2024-08-19 20:00:00+00:00,2024-08-19 18:20:36+00:00,"Equities Rise Intraday as Markets Await This Week's Earnings, Jackson Hole Symposium"
2024-08-20,2024-08-19 20:00:00+00:00,2024-08-19 18:39:55+00:00,Canadian dollar climbs to 5-week high ahead of inflation data
2024-08-20,2024-08-19 20:00:00+00:00,2024-08-19 19:36:48+00:00,"S&amp;P 500 Seen Remaining Range-Bound Until November Election, Wells Fargo Investment Says"
2024-08-20,2024-08-19 20:00:00+00:00,2024-08-19 19:38:48+00:00,Nvidia Stock Heads for Best 6-Day Stretch in a Year
2024-08-21,2024-08-20 20:00:00+00:00,2024-08-20 18:02:49+00:00,Equities Fall Intraday as Markets Await Wednesday's Fed Meeting Minutes
2024-08-21,2024-08-20 20:00:00+00:00,2024-08-20 18:17:54+00:00,Americans think they'll be out of work and are looking for jobs at highest rate in 10 years: NY Fed survey
2024-08-21,2024-08-20 20:00:00+00:00,2024-08-20 18:45:00+00:00,"3 Profitable S&amp;P 500 Stocks With Room to Run: NOW, BSX, COO"
2024-08-21,2024-08-20 20:00:00+00:00,2024-08-20 19:00:00+00:00,Top-Performing Inverse/Leveraged ETFs of Last Week
2024-08-21,2024-08-20 20:00:00+00:00,2024-08-20 19:48:07+00:00,Equities Lower as Markets Await Wednesday's FOMC Meeting Minutes
2024-08-22,2024-08-21 20:00:00+00:00,2024-08-21 17:55:56+00:00,Equity Markets Higher Ahead of Fed Meeting Minutes
2024-08-22,2024-08-21 20:00:00+00:00,2024-08-21 18:04:21+00:00,Fed Minutes Move the Market
2024-08-22,2024-08-21 20:00:00+00:00,2024-08-21 18:40:54+00:00,"That huge negative revision to job growth  frightened some investors, but most experts aren’t worried"
2024-08-22,2024-08-21 20:00:00+00:00,2024-08-21 18:45:00+00:00,"Jackson Hole Event is Bullish for Stocks: HCA, RCL, GM to Gain"
2024-08-22,2024-08-21 20:00:00+00:00,2024-08-21 19:00:00+00:00,Time for Low-Volatility &amp; Equal-Weight ETFs as Market Rally Falters?
2024-08-23,2024-08-22 20:00:00+00:00,2024-08-22 16:20:03+00:00,Why CarGurus (CARG) Might be Well Poised for a Surge
2024-08-23,2024-08-22 20:00:00+00:00,2024-08-22 16:38:28+00:00,US Equity Indexes Drop as Volatility Heads for Third Consecutive Day of Gains
2024-08-23,2024-08-22 20:00:00+00:00,2024-08-22 17:01:00+00:00,5 Building Products Stocks Riding the Industry Wave
2024-08-23,2024-08-22 20:00:00+00:00,2024-08-22 18:21:23+00:00,Equities Fall Intraday as Traders Analyze Fed Officials' Remarks
2024-08-23,2024-08-22 20:00:00+00:00,2024-08-22 18:45:00+00:00,On the Rise: 4 Must-Buy Non-U.S. Stocks With Solid Earnings
2024-08-26,2024-08-23 20:00:00+00:00,2024-08-23 17:20:55+00:00,Real Estate Among Top Gainers as US Equity Indexes Advance After Powell Signals Rate Cuts
2024-08-26,2024-08-23 20:00:00+00:00,2024-08-23 17:59:40+00:00,Equities Rise Intraday After Fed Chair Indicates 'Time Has Come' for Rate Cuts
2024-08-26,2024-08-23 20:00:00+00:00,2024-08-23 18:07:34+00:00,"Loeb’s Third Point Adds Apple Shares, Still Can’t Beat S&amp;P 500"
2024-08-26,2024-08-23 20:00:00+00:00,2024-08-23 19:23:06+00:00,'Super Bowl' Nvidia earnings stand to test searing AI trade
2024-08-26,2024-08-23 20:00:00+00:00,2024-08-23 19:54:57+00:00,Why Apple Stock And This 'Recession-Proof' Leader Strengthen Market's Bull Case
2024-08-27,2024-08-26 20:00:00+00:00,2024-08-26 17:34:44+00:00,Investors are betting the Powell pivot will relieve regional bank woes
2024-08-27,2024-08-26 20:00:00+00:00,2024-08-26 17:46:40+00:00,Dow Jones Up As Carl Icahn Stock Dives On This; Elon Musk Teases 'AI Supercluster' But Tesla Falls (Live Coverage)
2024-08-27,2024-08-26 20:00:00+00:00,2024-08-26 18:55:07+00:00,Jim Cramer on NVIDIA Corporation (NVDA): ‘It’s The King’
2024-08-27,2024-08-26 20:00:00+00:00,2024-08-26 19:44:54+00:00,Equity Markets Mixed Ahead of Close
2024-08-27,2024-08-26 20:00:00+00:00,2024-08-26 19:51:39+00:00,"Annual Jobs Growth Downgrade Likely Supported Fed's Rate Cut Signal, Oppenheimer Says"
2024-08-28,2024-08-27 20:00:00+00:00,2024-08-27 18:24:46+00:00,Jim Cramer Says BJ’s Wholesale Club Holdings Inc. (BJ)’s Stock ‘Gets Pulverized’
2024-08-28,2024-08-27 20:00:00+00:00,2024-08-27 18:26:53+00:00,Jim Cramer Praises Crane Company (CR)’s Transformation
2024-08-28,2024-08-27 20:00:00+00:00,2024-08-27 18:27:00+00:00,Why Gold Prices Are Set to Soar
2024-08-28,2024-08-27 20:00:00+00:00,2024-08-27 18:30:05+00:00,Jim Cramer on Healthpeak Properties Inc. (PEAK): ‘I Endorse It’
2024-08-28,2024-08-27 20:00:00+00:00,2024-08-27 19:00:00+00:00,Time to Buy Financial &amp; Bank ETFs?
2024-08-29,2024-08-28 20:00:00+00:00,2024-08-28 16:41:48+00:00,"Buffett's Berkshire hits $1 trillion market cap, first non-tech firm to do so"
2024-08-29,2024-08-28 20:00:00+00:00,2024-08-28 17:21:06+00:00,"No good reason to raise taxes, Reeves told"
2024-08-29,2024-08-28 20:00:00+00:00,2024-08-28 17:23:59+00:00,US Equity Indexes Drop in Thin Trading as Investors Tread Cautiously Ahead of Nvidia's Earnings
2024-08-29,2024-08-28 20:00:00+00:00,2024-08-28 18:06:17+00:00,Equity Markets Down Ahead of Nvidia Results
2024-08-29,2024-08-28 20:00:00+00:00,2024-08-28 19:38:19+00:00,Jim Cramer Says HCA Healthcare Inc. (HCA) Is ‘The Best’
2024-08-30,2024-08-29 20:00:00+00:00,2024-08-29 15:35:36+00:00,Costco Wholesale Corporation (COST): A Beginner Stock You Should Check Out
2024-08-30,2024-08-29 20:00:00+00:00,2024-08-29 16:30:00+00:00,BNY Mellon Stock Touches All-Time High: Should You Still Invest?
2024-08-30,2024-08-29 20:00:00+00:00,2024-08-29 16:44:20+00:00,US Equity Indexes Rise in Midday Trading
2024-08-30,2024-08-29 20:00:00+00:00,2024-08-29 17:47:27+00:00,"Energy, Industrials Help Push US Equity Indexes Higher After Nvidia Results Fail to Derail Risk Appetite"
2024-08-30,2024-08-29 20:00:00+00:00,2024-08-29 18:19:20+00:00,"Equities Rise Intraday as Traders Parse Macro Data, Corporate Earnings"
2024-09-03,2024-08-30 20:00:00+00:00,2024-08-30 18:03:54+00:00,Struggling US tech giant soars as it explores breakup
2024-09-03,2024-08-30 20:00:00+00:00,2024-08-30 18:05:33+00:00,"Majority of S&amp;P 500 Companies Deliver Quarterly Earnings Beat, UBS Says"
2024-09-03,2024-08-30 20:00:00+00:00,2024-08-30 18:46:25+00:00,Why the Dow Is Lagging Behind Today
2024-09-03,2024-08-30 20:00:00+00:00,2024-08-30 19:27:07+00:00,Options Trader Spends $9 Million Betting on September Volatility Spike
2024-09-03,2024-08-30 20:00:00+00:00,2024-08-30 19:41:02+00:00,Invesco Sharpens Tech-Stock Concentration With ‘Mega’ QQQ Fund
2024-09-04,2024-09-03 20:00:00+00:00,2024-09-03 15:10:00+00:00,5 Leveraged ETFs With Double-Digit Gains in August
2024-09-04,2024-09-03 20:00:00+00:00,2024-09-03 17:00:00+00:00,Top ETF Stories of August
2024-09-04,2024-09-03 20:00:00+00:00,2024-09-03 17:01:31+00:00,Get a Load of the Profit Margin on These Companies
2024-09-04,2024-09-03 20:00:00+00:00,2024-09-03 17:40:07+00:00,"S&amp;P 500 Companies Log 'Better-Than-Expected' Earnings Season, Oppenheimer Says"
2024-09-04,2024-09-03 20:00:00+00:00,2024-09-03 19:00:00+00:00,Wall Street Surges in August: Best-Performing ETFs
2024-09-05,2024-09-04 20:00:00+00:00,2024-09-04 17:43:32+00:00,US Equity Indexes Mixed Amid Surprise Drop in Job Openings
2024-09-05,2024-09-04 20:00:00+00:00,2024-09-04 18:11:57+00:00,"Equities Mostly Fall Intraday After Fed Official's Comments, Macro Data"
2024-09-05,2024-09-04 20:00:00+00:00,2024-09-04 18:23:35+00:00,"Contract Research Giant IQVIA's Data Assets Are Biggest Differentiator, Provides Best Exposure To AI And Data Opportunities: Analyst"
2024-09-05,2024-09-04 20:00:00+00:00,2024-09-04 18:51:29+00:00,Rob Arnott Is Launching an ETF Made Up of Stock-Index Rejects
2024-09-05,2024-09-04 20:00:00+00:00,2024-09-04 19:03:03+00:00,"Storm clouds gathering for Q3 earnings amid macro headwinds, and tech slowdown"
2024-09-06,2024-09-05 20:00:00+00:00,2024-09-05 16:37:52+00:00,"S&amp;P 500 Earnings Could Face Major Swings Under Harris Or Trump Tax Plans, Goldman Sachs Warns"
2024-09-06,2024-09-05 20:00:00+00:00,2024-09-05 16:39:10+00:00,"Stock market today: Dow slumps, Nasdaq whipsaws amid more soft labor market data"
2024-09-06,2024-09-05 20:00:00+00:00,2024-09-05 17:35:06+00:00,"S&amp;P 500 Falls Below 5,500 Points On Cooling Jobs Data, Tesla Leads Tech Gains, Natural Gas Spikes: What's Driving Markets Thursday?"
2024-09-06,2024-09-05 20:00:00+00:00,2024-09-05 18:26:56+00:00,August jobs report set to be the 'pivotal' factor in the size of the Fed's coming interest rate cut
2024-09-06,2024-09-05 20:00:00+00:00,2024-09-05 19:45:07+00:00,The US economy may be on 'thinner' ice than investors think
2024-09-09,2024-09-06 20:00:00+00:00,2024-09-06 16:55:00+00:00,4 Insurance Stocks to Add for Better Returns in Sluggish September
2024-09-09,2024-09-06 20:00:00+00:00,2024-09-06 17:20:10+00:00,US Equity Indexes Sink as Volatility Soars Amid Weaker-Than-Expected Gains in Nonfarm Payrolls
2024-09-09,2024-09-06 20:00:00+00:00,2024-09-06 18:10:24+00:00,Weak Jobs Report Drags Equities Down Intraday
2024-09-09,2024-09-06 20:00:00+00:00,2024-09-06 18:45:00+00:00,4 Utility Stocks With Upside to Navigate Market Volatility
2024-09-09,2024-09-06 20:00:00+00:00,2024-09-06 19:31:31+00:00,Economic worries back on Wall Street's radar after jobs data
2024-09-10,2024-09-09 20:00:00+00:00,2024-09-09 18:38:00+00:00,Brian Niccol Just Started at Starbucks. Some Investors Worry He’ll Have Too Much Power.
2024-09-10,2024-09-09 20:00:00+00:00,2024-09-09 18:45:00+00:00,4 Low-Beta Stocks With Upside to Counter a Volatile September
2024-09-10,2024-09-09 20:00:00+00:00,2024-09-09 19:02:22+00:00,"Stock market today: Dow, S&amp;P 500 surge as stocks rebound from deep losses"
2024-09-10,2024-09-09 20:00:00+00:00,2024-09-09 19:34:37+00:00,"S&amp;P 500 Unlikely to Hit 'Meaningful New Highs' in Coming Months, Wells Fargo Investment Says"
2024-09-10,2024-09-09 20:00:00+00:00,2024-09-09 19:56:52+00:00,Sector Update: Tech Stocks Gain Late Afternoon
2024-09-11,2024-09-10 20:00:00+00:00,2024-09-10 16:41:18+00:00,Stock market today: Stocks fall in whipsaw trading action as inflation report looms
2024-09-11,2024-09-10 20:00:00+00:00,2024-09-10 17:19:04+00:00,BMW suffers £3.7bn slump over major problems with brakes
2024-09-11,2024-09-10 20:00:00+00:00,2024-09-10 18:19:47+00:00,Equities Mixed Intraday as Traders Await Wednesday's CPI Report
2024-09-11,2024-09-10 20:00:00+00:00,2024-09-10 18:52:39+00:00,"Stock market today: Nasdaq rises, Dow falls in whipsaw trading action as inflation report looms"
2024-09-11,2024-09-10 20:00:00+00:00,2024-09-10 19:54:52+00:00,Inflation: Consumer price increases expected to slow in August as investors eye September rate cut
2024-09-12,2024-09-11 20:00:00+00:00,2024-09-11 18:00:00+00:00,4 Stocks Announce Dividend Hikes Amid Market Volatility
2024-09-12,2024-09-11 20:00:00+00:00,2024-09-11 18:01:06+00:00,Equity Markets Mixed Intraday After CPI Report
2024-09-12,2024-09-11 20:00:00+00:00,2024-09-11 18:07:02+00:00,"Consumer Staple Stocks Poised for Outperformance as Fed Rate Cuts Loom, Oppenheimer Says"
2024-09-12,2024-09-11 20:00:00+00:00,2024-09-11 18:11:43+00:00,What a bigger-than-expected Fed rate cut would mean for the stock market
2024-09-12,2024-09-11 20:00:00+00:00,2024-09-11 18:22:35+00:00,Putin threatens to cut off West’s nuclear industry from Russian uranium
2024-09-13,2024-09-12 20:00:00+00:00,2024-09-12 17:51:37+00:00,Warren Buffett’s insurance guru Ajit Jain just sold more than half of his Berkshire stake
2024-09-13,2024-09-12 20:00:00+00:00,2024-09-12 18:03:30+00:00,US Equity Indexes Rise as Market Prices in Gradual Monetary Policy Easing Following Hot Inflation Print
2024-09-13,2024-09-12 20:00:00+00:00,2024-09-12 18:21:55+00:00,Equities Rise Intraday as Traders Analyze Macro Data
2024-09-13,2024-09-12 20:00:00+00:00,2024-09-12 18:36:37+00:00,Canadian household wealth surpasses $17 trillion for the first time with financial assets hitting new high
2024-09-13,2024-09-12 20:00:00+00:00,2024-09-12 19:00:00+00:00,Real Estate ETFs Are Hitting 52-Week Highs Lately: Here's Why
2024-09-16,2024-09-13 20:00:00+00:00,2024-09-13 17:55:47+00:00,Equities Rise Intraday With Next Week's Fed Decision in Focus
2024-09-16,2024-09-13 20:00:00+00:00,2024-09-13 17:57:00+00:00,Stocks Are About To Enter The Best Quarter Of The Year! Are You Ready?
2024-09-16,2024-09-13 20:00:00+00:00,2024-09-13 19:00:00+00:00,ETF Strategies to Follow Amid Likely Fed Rate Cut
2024-09-16,2024-09-13 20:00:00+00:00,2024-09-13 19:00:00+00:00,5 Stocks to Benefit From Relative Price Strength Trends
2024-09-16,2024-09-13 20:00:00+00:00,2024-09-13 19:34:54+00:00,Nvidia's stock market dominance fuels big swings in the S&amp;P 500
2024-09-17,2024-09-16 20:00:00+00:00,2024-09-16 17:13:51+00:00,iPhone fears wipe $116bn off Apple
2024-09-17,2024-09-16 20:00:00+00:00,2024-09-16 17:44:55+00:00,US Equity Indexes Mixed as Bigger Rate-Cut Bets Surge Ahead of Fed Policy Decision Before Elections
2024-09-17,2024-09-16 20:00:00+00:00,2024-09-16 18:00:00+00:00,S&amp;P 500 on Track to Hit New High: 4 Tech Stocks With Growth Potential
2024-09-17,2024-09-16 20:00:00+00:00,2024-09-16 19:00:00+00:00,5 Stocks That Led the SPY ETF to Log Its Best Week in 2024
2024-09-17,2024-09-16 20:00:00+00:00,2024-09-16 19:49:53+00:00,Equities Mixed as Markets Await Fed Decision
2024-09-18,2024-09-17 20:00:00+00:00,2024-09-17 18:21:04+00:00,"Equities Mixed Intraday as Traders Weigh Macro Data, Await Fed Decision"
2024-09-18,2024-09-17 20:00:00+00:00,2024-09-17 18:21:45+00:00,Citi Wealth chief investment strategist shares predictions ahead of Fed rate cuts
2024-09-18,2024-09-17 20:00:00+00:00,2024-09-17 19:53:07+00:00,"Equities Mixed as Traders Assess Macro Data, Await Fed Decision"
2024-09-18,2024-09-17 20:00:00+00:00,2024-09-17 19:57:25+00:00,"Top Cryptocurrencies Firmer; Bitcoin Hovers Near $60,000 Level"
2024-09-18,2024-09-17 20:00:00+00:00,2024-09-17 20:00:00+00:00,Which Industries Perform Best and Worst After Interest Rate Cuts?
2024-09-19,2024-09-18 20:00:00+00:00,2024-09-18 18:09:46+00:00,Gold Rises to Record After  Fed Makes First Rate Cut Since 2020
2024-09-19,2024-09-18 20:00:00+00:00,2024-09-18 18:25:11+00:00,Fed 'dot plot' suggests central bank will slash interest rates two more times in 2024 after mega 50 basis point cut
2024-09-19,2024-09-18 20:00:00+00:00,2024-09-18 18:55:38+00:00,"S&amp;P 500, Gold Strike All-Time Highs, Small Caps Rally After Fed Slashes Interest Rates For First Time In 4 Years (UPDATED)"
2024-09-19,2024-09-18 20:00:00+00:00,2024-09-18 19:11:05+00:00,Wall Street Reacts to ‘Dovish’ First Fed Rate Cut in 4 Years
2024-09-19,2024-09-18 20:00:00+00:00,2024-09-18 19:52:12+00:00,Equity Markets Down After Fed Rate Cut
2024-09-20,2024-09-19 20:00:00+00:00,2024-09-19 18:19:23+00:00,Equities Rally Intraday as Markets Weigh Fed Policy Move
2024-09-20,2024-09-19 20:00:00+00:00,2024-09-19 18:55:03+00:00,"Nvidia, AMD stocks lead tech rally after Fed rate cut"
2024-09-20,2024-09-19 20:00:00+00:00,2024-09-19 19:01:00+00:00,Semiconductor Market Still Overvalued: 2 Stocks to Watch
2024-09-20,2024-09-19 20:00:00+00:00,2024-09-19 19:17:14+00:00,Dow Jones At Record High As Nasdaq Rallies 2.6%; Nvidia Clears Trendline Entry As Tesla Jumps (Live Coverage)
2024-09-20,2024-09-19 20:00:00+00:00,2024-09-19 19:22:31+00:00,"BMO raises S&amp;P 500 target for 2024 to 6,100 from 5,600"
2024-09-23,2024-09-20 20:00:00+00:00,2024-09-20 19:00:00+00:00,Don't Overlook These 3 Energy Stocks With Stellar EPS Growth
2024-09-23,2024-09-20 20:00:00+00:00,2024-09-20 19:05:00+00:00,"Post-Fed Rate Cut: Buy, Hold, or Sell NVIDIA Stock?"
2024-09-23,2024-09-20 20:00:00+00:00,2024-09-20 19:20:41+00:00,"Investor focus turns to data, election, earnings after Fed cut"
2024-09-23,2024-09-20 20:00:00+00:00,2024-09-20 19:30:02+00:00,Magnificent Seven stocks are riding high again after Fed cut
2024-09-23,2024-09-20 20:00:00+00:00,2024-09-20 19:51:19+00:00,Equities Mixed as Markets Parse Fed Governors' Comments
2024-09-24,2024-09-23 20:00:00+00:00,2024-09-23 14:42:00+00:00,Fed's Favorite Inflation Metric to Release on Friday
2024-09-24,2024-09-23 20:00:00+00:00,2024-09-23 14:50:41+00:00,Data shows US economy pacing for 'healthy' growth — but new 'headwinds' loom
2024-09-24,2024-09-23 20:00:00+00:00,2024-09-23 15:00:18+00:00,"Buffett Said, You've Got To Be Prepared To Have A Stock Go Down 50% Or More. Will These Current Losers Be Long-Term Winners?"
2024-09-24,2024-09-23 20:00:00+00:00,2024-09-23 17:15:53+00:00,Yardeni Says Fed Cut Raises Odds of ‘Outright Melt-Up’ in Stocks
2024-09-24,2024-09-23 20:00:00+00:00,2024-09-23 19:53:50+00:00,"Top Cryptocurrencies Rise; Bitcoin Tops $63,000"
2024-09-25,2024-09-24 20:00:00+00:00,2024-09-24 17:13:00+00:00,These Hospital Stocks Are Trouncing the S&amp;P 500 This Year
2024-09-25,2024-09-24 20:00:00+00:00,2024-09-24 17:52:30+00:00,Stock market today: Stocks tick higher as S&amp;P 500 eyes fresh record
2024-09-25,2024-09-24 20:00:00+00:00,2024-09-24 17:54:42+00:00,Nasdaq Leads As Nvidia Rallies; Metal Stocks Make A Move (Live Coverage)
2024-09-25,2024-09-24 20:00:00+00:00,2024-09-24 19:05:00+00:00,Vistra Surpasses NVIDIA as S&amp;P 500's Top Stock in 2024: Buy Now?
2024-09-25,2024-09-24 20:00:00+00:00,2024-09-24 19:56:01+00:00,"Top Cryptocurrencies Mixed; Bitcoin Tops $64,000"
2024-09-26,2024-09-25 20:00:00+00:00,2024-09-25 17:58:31+00:00,Equities Mostly Fall Intraday as Traders Weigh Macro Data
2024-09-26,2024-09-25 20:00:00+00:00,2024-09-25 18:00:00+00:00,S&amp;P 500 Hits New All-Time High on Tech Rally: 5 Stocks Set to Gain
2024-09-26,2024-09-25 20:00:00+00:00,2024-09-25 18:30:24+00:00,"If You Invested $1,000 In Bitcoin When Jamie Dimon Said He Would Fire Employees 'In A Second' For Holding BTC, Here's How Much You'd Have Today"
2024-09-26,2024-09-25 20:00:00+00:00,2024-09-25 18:31:41+00:00,"Stock market today: Stock rally loses steam as S&amp;P 500, Dow slip from records"
2024-09-26,2024-09-25 20:00:00+00:00,2024-09-25 19:05:00+00:00,NVIDIA &amp; 2 Other S&amp;P 500 Stocks Show Strong Earnings Growth
2024-09-27,2024-09-26 20:00:00+00:00,2024-09-26 17:18:36+00:00,"Europe facing gas shortage this winter, warn experts"
2024-09-27,2024-09-26 20:00:00+00:00,2024-09-26 18:07:17+00:00,Equities Rise Intraday as Markets Assess Economic Data
2024-09-27,2024-09-26 20:00:00+00:00,2024-09-26 18:42:38+00:00,"Yellen, Bernanke see the US economy avoiding a recession"
2024-09-27,2024-09-26 20:00:00+00:00,2024-09-26 19:05:00+00:00,"The S&amp;P 500 to Hit 6,000 Soon? Buy 3 Momentum Stocks Now"
2024-09-27,2024-09-26 20:00:00+00:00,2024-09-26 19:05:00+00:00,"NVIDIA Stock Post 3-Month Split: Buy, Hold, or Sell?"
2024-09-30,2024-09-27 20:00:00+00:00,2024-09-27 17:30:00+00:00,Stocks Head for Third Consecutive Winning Week Amid String of Record Closes
2024-09-30,2024-09-27 20:00:00+00:00,2024-09-27 17:40:43+00:00,"US Equity Indexes Mixed, Treasury Yields Decline as Investors Weigh Easing Inflation"
2024-09-30,2024-09-27 20:00:00+00:00,2024-09-27 18:17:20+00:00,Equity Markets Mixed Intraday After Macro Data
2024-09-30,2024-09-27 20:00:00+00:00,2024-09-27 19:00:00+00:00,4 Relative Price Strength Stocks Presenting Ideal Buying Opportunity
2024-09-30,2024-09-27 20:00:00+00:00,2024-09-27 19:00:00+00:00,4 Reasons to Buy Small-Cap ETFs Now
2024-10-01,2024-09-30 20:00:00+00:00,2024-09-30 19:00:00+00:00,9 Top Global ETF Trends So Far This Year
2024-10-01,2024-09-30 20:00:00+00:00,2024-09-30 19:00:00+00:00,"Lowe's Stock Breaks 52-Week Record: Buy, Hold or Take Profits?"
2024-10-01,2024-09-30 20:00:00+00:00,2024-09-30 19:15:00+00:00,The Dow drops 350 points after Fed chair Jerome Powell signals a slow approach to interest rate cuts
2024-10-01,2024-09-30 20:00:00+00:00,2024-09-30 19:24:00+00:00,Gold Rally Continues: 3 Top Ranked Mining Stocks to Buy Now
2024-10-01,2024-09-30 20:00:00+00:00,2024-09-30 19:49:59+00:00,Equity Markets Lower After Fed Chair Powell's Comments
2024-10-02,2024-10-01 20:00:00+00:00,2024-10-01 18:00:00+00:00,Time to Buy These 4 Stocks With Risking Dividend Yields?
2024-10-02,2024-10-01 20:00:00+00:00,2024-10-01 18:00:00+00:00,5 Momentum Stocks for October After a Surprisingly Strong September
2024-10-02,2024-10-01 20:00:00+00:00,2024-10-01 18:22:09+00:00,Here's how AI is set to disrupt healthcare — albeit slowly
2024-10-02,2024-10-01 20:00:00+00:00,2024-10-01 18:23:59+00:00,Dow Off Lows in Afternoon Trading
2024-10-02,2024-10-01 20:00:00+00:00,2024-10-01 19:00:00+00:00,Oil Prices Fall 17% in Q3: 3 Reasons for the Slide
2024-10-03,2024-10-02 20:00:00+00:00,2024-10-02 17:14:00+00:00,Middle East Tensions Rise: Correction Ahead?
2024-10-03,2024-10-02 20:00:00+00:00,2024-10-02 17:15:17+00:00,S&amp;P Records First Positive September Since 2019 Amid Improving Investor Sentiment: Fear Index Moves To 'Extreme Greed' Zone
2024-10-03,2024-10-02 20:00:00+00:00,2024-10-02 18:00:00+00:00,Top-Performing Sector ETFs of the Third Quarter of 2024
2024-10-03,2024-10-02 20:00:00+00:00,2024-10-02 18:03:03+00:00,US Equity Indexes Choppy as Investors Weigh Risk of Full-Scale War in Middle East
2024-10-03,2024-10-02 20:00:00+00:00,2024-10-02 18:24:45+00:00,"Equities Rise Intraday After Macro Data, Fed Official's Comments"
2024-10-04,2024-10-03 20:00:00+00:00,2024-10-03 19:44:18+00:00,ServiceNow Inc. (NOW): A Good Breakout Stock to Invest In Right Now
2024-10-04,2024-10-03 20:00:00+00:00,2024-10-03 19:45:42+00:00,Jim Cramer On GE Vernova Inc. (GEV): ‘Ugly Duckling Into Dynamite Squad’
2024-10-04,2024-10-03 20:00:00+00:00,2024-10-03 19:47:49+00:00,Jim Cramer Says Erie Indemnity Company (ERIE) Is ‘Truly Emblematic Of The Eclectic Non-tech Group Of Winners’
2024-10-04,2024-10-03 20:00:00+00:00,2024-10-03 19:49:59+00:00,Cramer on Palantir Technologies Inc. (PLTR): It ‘Put Up Some Good Numbers’
2024-10-04,2024-10-03 20:00:00+00:00,2024-10-03 19:50:47+00:00,"Equities Lower, Oil Rising Amid Elevated Middle East Tensions"
2024-10-07,2024-10-04 20:00:00+00:00,2024-10-04 18:00:23+00:00,Is IONQ Inc. (IONQ) The Most Active US Stock To Buy Now?
2024-10-07,2024-10-04 20:00:00+00:00,2024-10-04 18:23:00+00:00,"Is The TJX Companies, Inc. (NYSE:TJX) The Top Goldman Sachs Fund Manager Stock Pick?"
2024-10-07,2024-10-04 20:00:00+00:00,2024-10-04 19:02:00+00:00,3 Semi Equipment Stocks to Keep Your Sights On
2024-10-07,2024-10-04 20:00:00+00:00,2024-10-04 19:05:00+00:00,3 Best Earnings Acceleration Stocks to Buy in a Strong Q4
2024-10-07,2024-10-04 20:00:00+00:00,2024-10-04 19:58:49+00:00,"Top Cryptocurrencies Rise; Bitcoin Tops $62,000"
2024-10-08,2024-10-07 20:00:00+00:00,2024-10-07 18:11:19+00:00,"Equities Fall, Oil Jumps Intraday Amid Continued Middle East Uncertainty"
2024-10-08,2024-10-07 20:00:00+00:00,2024-10-07 18:51:48+00:00,"The S&amp;P 500 will jump 10% over the next year to 6,300, Goldman Sachs says"
2024-10-08,2024-10-07 20:00:00+00:00,2024-10-07 18:58:28+00:00,"Stock market today: Dow, S&amp;P 500, Nasdaq slide as 10-year Treasury yield, oil jump"
2024-10-08,2024-10-07 20:00:00+00:00,2024-10-07 19:05:00+00:00,3 Profitable S&amp;P 500 Stocks for the Best Quarter of the Year
2024-10-08,2024-10-07 20:00:00+00:00,2024-10-07 19:11:11+00:00,"Michael Dell Sells $1.2B in Stock, Cuts Stake After S&amp;P 500 Inclusion and AI Growth"
2024-10-09,2024-10-08 20:00:00+00:00,2024-10-08 19:52:57+00:00,General Motors Company (GM): Dirt Cheap Stock to Invest In Now
2024-10-09,2024-10-08 20:00:00+00:00,2024-10-08 19:53:54+00:00,"Charter Communications, Inc. (CHTR): Dirt Cheap Stock to Invest In Now"
2024-10-09,2024-10-08 20:00:00+00:00,2024-10-08 19:55:14+00:00,Vale S.A. (VALE): Dirt Cheap Stock to Invest In Now
2024-10-09,2024-10-08 20:00:00+00:00,2024-10-08 19:56:08+00:00,"Equitable Holdings, Inc. (EQH): Dirt Cheap Stock to Invest In Now"
2024-10-09,2024-10-08 20:00:00+00:00,2024-10-08 19:57:10+00:00,"Prudential Financial, Inc. (PRU): Dirt Cheap Stock to Invest in Now"
2024-10-10,2024-10-09 20:00:00+00:00,2024-10-09 17:44:00+00:00,How to Play Goldman Sachs Stock Ahead of Its Q3 Earnings Release?
2024-10-10,2024-10-09 20:00:00+00:00,2024-10-09 17:58:04+00:00,Equity Markets Rise Ahead of Fed Meeting Minutes
2024-10-10,2024-10-09 20:00:00+00:00,2024-10-09 18:00:00+00:00,Sector ETFs to Win If Kamala Harris Wins Presidential Election
2024-10-10,2024-10-09 20:00:00+00:00,2024-10-09 18:07:50+00:00,Stocks Hold Steady After Fed Minutes Released
2024-10-10,2024-10-09 20:00:00+00:00,2024-10-09 19:13:01+00:00,Inflation expected to slow in September but 'upside risks' loom amid start of Fed easing
2024-10-11,2024-10-10 20:00:00+00:00,2024-10-10 18:00:39+00:00,Bank Earnings to Give Stock Market Key Read on Health of Economy
2024-10-11,2024-10-10 20:00:00+00:00,2024-10-10 18:18:38+00:00,Why strong earnings and cash flow are key to navigating value traps
2024-10-11,2024-10-10 20:00:00+00:00,2024-10-10 18:22:13+00:00,Equities Fall Intraday After Hotter-Than-Expected Inflation Report
2024-10-11,2024-10-10 20:00:00+00:00,2024-10-10 18:55:21+00:00,'It was too big a cut': Trump and his allies slam Fed after inflation report
2024-10-11,2024-10-10 20:00:00+00:00,2024-10-10 19:00:57+00:00,Why pro trader Tom Sosnoff says to bet on yourself instead of passive index funds
2024-10-14,2024-10-11 20:00:00+00:00,2024-10-11 17:00:00+00:00,Stocks Beating the S&amp;P 500 in 2024 (Excluding NVIDIA)
2024-10-14,2024-10-11 20:00:00+00:00,2024-10-11 17:40:13+00:00,"Mega-Cap Bank Earnings Help Push S&amp;P 500, Dow to New Record Highs"
2024-10-14,2024-10-11 20:00:00+00:00,2024-10-11 18:00:00+00:00,Will the Fed Opt for a Hefty Rate Cut? ETF Strategies to Follow
2024-10-14,2024-10-11 20:00:00+00:00,2024-10-11 18:02:34+00:00,Bank Earnings Help Lift Equity Markets Higher Intraday
2024-10-14,2024-10-11 20:00:00+00:00,2024-10-11 18:49:58+00:00,Health of US consumer in focus as earnings season heats up
2024-10-15,2024-10-14 20:00:00+00:00,2024-10-14 17:48:46+00:00,Reeves cuts funding for National Wealth Fund by £1bn
2024-10-15,2024-10-14 20:00:00+00:00,2024-10-14 18:22:49+00:00,Equities Rise Intraday as Traders Await Major Corporate Earnings
2024-10-15,2024-10-14 20:00:00+00:00,2024-10-14 18:51:24+00:00,Apple Inc. (AAPL): Most Promising Growth Stock According to Hedge Funds
2024-10-15,2024-10-14 20:00:00+00:00,2024-10-14 19:00:00+00:00,Lands' End Up 13% in a Month: Is Now the Moment to Invest In LE Stock?
2024-10-15,2024-10-14 20:00:00+00:00,2024-10-14 19:04:14+00:00,Meta Platforms Inc (META): Most Promising Growth Stock According to Hedge Funds
2024-10-16,2024-10-15 20:00:00+00:00,2024-10-15 17:21:19+00:00,"US Equity Indexes Decline Amid Sell-Off in Energy, Technology"
2024-10-16,2024-10-15 20:00:00+00:00,2024-10-15 17:33:37+00:00,Tech bubble fears spark $160bn Nvidia slump
2024-10-16,2024-10-15 20:00:00+00:00,2024-10-15 17:49:11+00:00,S&amp;P’s Furious Rally Has Wall Street in Mad Dash to Lift Outlooks
2024-10-16,2024-10-15 20:00:00+00:00,2024-10-15 18:16:49+00:00,Equities Fall Intraday as Earnings Season Gathers Steam; Oil Tumbles
2024-10-16,2024-10-15 20:00:00+00:00,2024-10-15 18:59:00+00:00,How to Find Great Cheap Stocks Under $10 to Buy in October
2024-10-17,2024-10-16 20:00:00+00:00,2024-10-16 16:27:00+00:00,"US Equity Indexes Traded Mixed, Crude Oil Declined in Midday Trading"
2024-10-17,2024-10-16 20:00:00+00:00,2024-10-16 17:05:16+00:00,"Goldman’s Trading Desk Sees S&amp;P 500 Reaching 6,270 by Year-End"
2024-10-17,2024-10-16 20:00:00+00:00,2024-10-16 18:23:21+00:00,Equities Rise Intraday as Markets Assess Corporate Earnings
2024-10-17,2024-10-16 20:00:00+00:00,2024-10-16 19:00:00+00:00,Grab These 5 Relative Price Strength Stocks for Strong Returns
2024-10-17,2024-10-16 20:00:00+00:00,2024-10-16 19:05:00+00:00,Bull Market Completes 2 Years on AI Surge; NVIDIA &amp; PLTR Stocks Shine
2024-10-18,2024-10-17 20:00:00+00:00,2024-10-17 17:35:04+00:00,"Loeb’s Third Point Trails S&amp;P 500 Again, Sees No Recession Signs"
2024-10-18,2024-10-17 20:00:00+00:00,2024-10-17 18:00:00+00:00,5 Small-Cap ETFs Hover Around an All-Time High: Here's Why
2024-10-18,2024-10-17 20:00:00+00:00,2024-10-17 18:06:50+00:00,US Equity Indexes Rise on Retail Sales Boost; Taiwan Semiconductor Lifts Chip Stocks
2024-10-18,2024-10-17 20:00:00+00:00,2024-10-17 18:38:10+00:00,Equity Markets Rise Ahead of Netflix Earnings
2024-10-18,2024-10-17 20:00:00+00:00,2024-10-17 19:38:00+00:00,"Bull Market Turns Two: 5 Stocks Turn $25,000 Into $212,787"
2024-10-21,2024-10-18 20:00:00+00:00,2024-10-18 17:31:00+00:00,AXS Stock Trades at a Discount to Industry: Should You Buy or Hold?
2024-10-21,2024-10-18 20:00:00+00:00,2024-10-18 17:57:51+00:00,US Equity Indexes Rise Amid Gains in Communication Services; Crude Oil Drops
2024-10-21,2024-10-18 20:00:00+00:00,2024-10-18 18:00:00+00:00,Time to Buy Amazon ETFs Following Cathie Wood's Investment?
2024-10-21,2024-10-18 20:00:00+00:00,2024-10-18 18:01:00+00:00,Q4 Is The Best Quarter Of The Year For Stocks!
2024-10-21,2024-10-18 20:00:00+00:00,2024-10-18 18:23:03+00:00,Equity Markets Rise Intraday Amid Netflix Rally
2024-10-22,2024-10-21 20:00:00+00:00,2024-10-21 16:11:13+00:00,TSX Down 91 Points at Midday With Miners The Biggest Decliner
2024-10-22,2024-10-21 20:00:00+00:00,2024-10-21 16:44:35+00:00,US Equity Indexes Fall Amid Surge in 10-Year Yield to Highest in About 12 Weeks
2024-10-22,2024-10-21 20:00:00+00:00,2024-10-21 17:40:07+00:00,US Equity Indexes Retreat as 10-Year Yield Surging to Highest in About 12 Weeks Hits Real Estate
2024-10-22,2024-10-21 20:00:00+00:00,2024-10-21 18:14:58+00:00,Nvidia and Super Micro Computer Are Leading Tech Stocks Higher
2024-10-22,2024-10-21 20:00:00+00:00,2024-10-21 18:15:40+00:00,Equities Mostly Fall Intraday as Markets Await This Week's Major Earnings
2024-10-23,2024-10-22 20:00:00+00:00,2024-10-22 08:15:37+00:00,FTSE 100 LIVE: European stocks mixed as UK government borrows £16.6bn in September
2024-10-23,2024-10-22 20:00:00+00:00,2024-10-22 11:06:00+00:00,Disney Must Get Iger’s Replacement Right. Why the First Steps Look Promising and 5 Other Things to Know Today.
2024-10-24,2024-10-23 20:00:00+00:00,2024-10-22 20:04:07+00:00,Nasdaq Posts Fifth Day of Gains
2024-10-24,2024-10-23 20:00:00+00:00,2024-10-23 09:00:00+00:00,"The presidential election could lead to a spike in stock market volatility, strategist says"
2024-10-24,2024-10-23 20:00:00+00:00,2024-10-23 13:32:40+00:00,Stocks Open Lower on Big Day for Earnings. Yields Are Rising.
2024-10-25,2024-10-24 20:00:00+00:00,2024-10-24 16:49:44+00:00,Stocks Are Wavering—Along With the Market's Fear Gauge
2024-10-28,2024-10-25 20:00:00+00:00,2024-10-25 13:33:19+00:00,Stocks Open Higher to End a Bumpy Week
2024-10-28,2024-10-25 20:00:00+00:00,2024-10-25 16:43:00+00:00,"Where the Stock Market Is Headed Next, According to Our Exclusive Investor Survey"
2024-10-28,2024-10-25 20:00:00+00:00,2024-10-25 18:15:00+00:00,The Stock Market Enters the Danger Zone
2024-10-29,2024-10-28 20:00:00+00:00,2024-10-25 23:01:00+00:00,Randomness Rules as Markets Search for Meaning
2024-10-29,2024-10-28 20:00:00+00:00,2024-10-26 13:00:00+00:00,"Goldman says the party's over, Tesla stock soars, and Microsoft's Bitcoin bet: Markets news roundup"
2024-10-29,2024-10-28 20:00:00+00:00,2024-10-27 07:00:00+00:00,Intel Stock Needs an Nvidia-Like Run to Save the CEO’s Stock Awards
2024-10-29,2024-10-28 20:00:00+00:00,2024-10-28 18:00:23+00:00,Dow Leads Stocks Higher Ahead of Tech Earnings
2024-10-30,2024-10-29 20:00:00+00:00,2024-10-29 06:15:00+00:00,What the Election Means for Tesla and Other Car Stocks
2024-10-30,2024-10-29 20:00:00+00:00,2024-10-29 11:07:48+00:00,Dow Futures Falling as Markets Brace for Big Tech Earnings
2024-10-30,2024-10-29 20:00:00+00:00,2024-10-29 12:22:56+00:00,Stock Futures Falling as Markets Brace for Big Tech Earnings
2024-10-30,2024-10-29 20:00:00+00:00,2024-10-29 14:16:58+00:00,Stocks Recoup Early Losses After Latest Economic Data
2024-10-30,2024-10-29 20:00:00+00:00,2024-10-29 16:14:14+00:00,Stocks Are Drifting Higher Ahead of Big Tech Earnings
2024-10-31,2024-10-30 20:00:00+00:00,2024-10-30 07:00:00+00:00,Small-Cap Stocks Can’t Get Out of Their Own Way. These Are the Ones to Buy.
2024-10-31,2024-10-30 20:00:00+00:00,2024-10-30 12:44:30+00:00,Stock Futures Little Changed After Latest Economic Data
2024-10-31,2024-10-30 20:00:00+00:00,2024-10-30 13:35:25+00:00,Stocks Are Wobbling After Mixed Economic Data
2024-10-31,2024-10-30 20:00:00+00:00,2024-10-30 18:32:59+00:00,Nasdaq Slips While Dow Hangs On
2024-11-01,2024-10-31 20:00:00+00:00,2024-10-31 04:01:00+00:00,Amazon Earnings Could be Mixed. Here’s the Bright Spot.
2024-11-01,2024-10-31 20:00:00+00:00,2024-10-31 05:30:00+00:00,Election Brings One Certainty for Tech Stocks—More Uncertainty
2024-11-01,2024-10-31 20:00:00+00:00,2024-10-31 13:53:16+00:00,The Dow falls 250 points and the Nasdaq sinks 340 as Microsoft and Meta lead a tech stock selloff
2024-11-04,2024-11-01 20:00:00+00:00,2024-11-01 08:42:41+00:00,Apple Stock Slips in Premarket as Investors Fret About Weak Sales Guidance
2024-11-04,2024-11-01 20:00:00+00:00,2024-11-01 10:51:00+00:00,The Stocks Selloff Was a Halloween Fright. Why Markets Could Face More Shocks and 5 Other Things to Know Today.
2024-11-04,2024-11-01 20:00:00+00:00,2024-11-01 12:40:52+00:00,Stock Futures Hold Gains After Weaker-Than-Expected Jobs Report
2024-11-04,2024-11-01 20:00:00+00:00,2024-11-01 14:21:26+00:00,Stocks Are Rallying to Start November
2024-11-04,2024-11-01 20:00:00+00:00,2024-11-01 18:39:41+00:00,Stocks Pare Gains in First November Session
2024-11-06,2024-11-05 20:00:00+00:00,2024-11-05 17:35:42+00:00,The Stock Market Is Rallying Broadly as Americans Go to the Polls
2024-11-07,2024-11-06 20:00:00+00:00,2024-11-05 23:21:58+00:00,Australia Shares Set to Follow U.S. Stocks Higher
2024-11-07,2024-11-06 20:00:00+00:00,2024-11-06 15:04:20+00:00,Here’s Why the Dow Is Up More Than the S&amp;P 500 and Nasdaq
2024-11-08,2024-11-07 20:00:00+00:00,2024-11-07 06:15:00+00:00,What Trump’s Win Means for Dividend Stock Investors
2024-11-08,2024-11-07 20:00:00+00:00,2024-11-07 14:50:55+00:00,Stock Markets Rising as Attention Turns From Trump to Fed
2024-11-08,2024-11-07 20:00:00+00:00,2024-11-07 19:05:07+00:00,Stocks Hold Steady After Fed Decision
2024-11-11,2024-11-08 20:00:00+00:00,2024-11-08 14:41:56+00:00,Stock Markets Subdued at Open as the Trump Rally Falters
2024-11-12,2024-11-11 20:00:00+00:00,2024-11-11 00:03:00+00:00,Stocks Poised for Higher Open After Last Week’s Records
2024-11-12,2024-11-11 20:00:00+00:00,2024-11-11 11:53:00+00:00,Trump Has Ignited Stock Markets. Why That Could Change When He Takes Office and 5 Other Things to Know Today.
2024-11-12,2024-11-11 20:00:00+00:00,2024-11-11 14:47:35+00:00,Stocks Rising as Markets Chase Fresh Records. The Trump Rally Rolls On.
2024-11-12,2024-11-11 20:00:00+00:00,2024-11-11 14:53:00+00:00,Cisco Systems Reports Earnings Wednesday. J.P. Morgan Is a New Bull.
2024-11-13,2024-11-12 20:00:00+00:00,2024-11-12 14:32:43+00:00,Stocks Pause After Record-Setting Rally
2024-11-13,2024-11-12 20:00:00+00:00,2024-11-12 18:25:00+00:00,The Dow slumps 330 points as the market's post-election Trump rally loses steam
2024-11-14,2024-11-13 20:00:00+00:00,2024-11-12 21:59:00+00:00,Cathie Wood’s ARK Innovation ETF Is a Trump Trade Winner but It Still Lags the Market
2024-11-15,2024-11-14 20:00:00+00:00,2024-11-14 12:15:00+00:00,AirBnB and 5 More High-Quality Stocks for a Market Rally
2024-11-19,2024-11-18 20:00:00+00:00,2024-11-18 12:09:53+00:00,Stock Futures Waver Ahead of Nvidia Earnings
2024-11-19,2024-11-18 20:00:00+00:00,2024-11-18 19:41:00+00:00,Palantir Stock Is Having a Bad Day. It’s Still Having a Terrific Year.
2024-11-21,2024-11-20 20:00:00+00:00,2024-11-20 08:38:50+00:00,"Stock Futures Rise as Markets Focus on Nvidia Earnings, Downplay Nuclear Fears"
2024-11-21,2024-11-20 20:00:00+00:00,2024-11-20 14:01:00+00:00,Comcast Is Spinning Off Most of Its Cable TV Networks. It’s a Win for Shareholders.
2024-11-21,2024-11-20 20:00:00+00:00,2024-11-20 20:00:00+00:00,Why the Gold Rally’s Next Big Obstacle Might Be Stocks Like Nvidia
2024-11-22,2024-11-21 20:00:00+00:00,2024-11-21 13:27:36+00:00,Stock Futures Rising as Investors Assess Nvidia Fallout
2024-11-25,2024-11-22 20:00:00+00:00,2024-11-21 23:05:00+00:00,Texas Pacific Land Will Join S&amp;P 500. It Replaces Marathon Oil.
2024-11-25,2024-11-22 20:00:00+00:00,2024-11-22 11:25:08+00:00,"Stock Futures Dropping With Big Tech Weakness, Russia Concerns in Focus"
2024-11-25,2024-11-22 20:00:00+00:00,2024-11-22 13:55:00+00:00,Texas Pacific Land Stock Is Joining the S&amp;P 500. This Stock Is Being Kicked Out.
2024-11-25,2024-11-22 20:00:00+00:00,2024-11-22 14:33:03+00:00,Dow Opens Higher to End the Week
2024-11-26,2024-11-25 20:00:00+00:00,2024-11-24 07:00:00+00:00,Thanksgiving Travel Set to Break Records. It’s Not Just Airline Stocks Getting a Lift.
2024-11-26,2024-11-25 20:00:00+00:00,2024-11-24 23:26:00+00:00,Stocks Poised to Extend Gains
2024-11-27,2024-11-26 20:00:00+00:00,2024-11-25 21:06:58+00:00,Dow Notches Another Record as Bond Yields Fall
2024-11-29,2024-11-27 20:00:00+00:00,2024-11-27 14:33:55+00:00,Dow Opens Up Ahead of PCE Inflation Data. S&amp;P 500 Falling after Record High.
2024-11-29,2024-11-27 20:00:00+00:00,2024-11-27 15:11:44+00:00,Stocks Hold Steady After Inflation Report
2024-11-29,2024-11-27 20:00:00+00:00,2024-11-27 16:53:30+00:00,Dow Wavers While Nasdaq Drops 1%
2024-12-02,2024-11-29 20:00:00+00:00,2024-11-28 12:55:00+00:00,"Thanksgiving Travel Surge Helps Airlines. Here’s the Latest on Delays, Cancellations."
2024-12-02,2024-11-29 20:00:00+00:00,2024-11-28 15:42:00+00:00,Super Micro Stock Just Joined an Exclusive Club. Check Out These 6 Other Members.
2024-12-03,2024-12-02 20:00:00+00:00,2024-12-02 08:00:00+00:00,"World’s Biggest Hedge Fund Sold Nvidia, Bought Super Micro, Palantir, and AMD"
2024-12-03,2024-12-02 20:00:00+00:00,2024-12-02 14:32:11+00:00,Stocks Open Higher to Start December
2024-12-05,2024-12-04 20:00:00+00:00,2024-12-04 10:54:04+00:00,Stock Futures Building on Record Highs as Focus Turns to Fed Rate Cuts
2024-12-06,2024-12-05 20:00:00+00:00,2024-12-05 13:50:00+00:00,The Stock Market Is at Record Highs. Alphabet and 4 More Picks From a Star Value Manager.
2024-12-06,2024-12-05 20:00:00+00:00,2024-12-05 15:12:00+00:00,TD Bank’s Profit Is Slammed by Money-Laundering Fines Against U.S. Business
2024-12-06,2024-12-05 20:00:00+00:00,2024-12-05 15:58:00+00:00,Jack Daniels Maker Is Leading the S&amp;P 500. Here’s Why.
2024-12-06,2024-12-05 20:00:00+00:00,2024-12-05 16:52:00+00:00,The Best-Performing GE Stock Keeps Getting New Buy Ratings
2024-12-06,2024-12-05 20:00:00+00:00,2024-12-05 19:58:00+00:00,Verint Systems Stock Jumps After Earnings Beat. CEO Cites Strong AI Demand.
2024-12-09,2024-12-06 20:00:00+00:00,2024-12-06 16:18:16+00:00,Why the Dow Is Falling When the S&amp;P 500 Is Rising
2024-12-09,2024-12-06 20:00:00+00:00,2024-12-06 18:15:00+00:00,The Magnificent 7 Stocks Had a Big Week. Why They Can Stay on Top.
2024-12-10,2024-12-09 20:00:00+00:00,2024-12-09 10:49:43+00:00,Stock Futures Falling as Markets Assess Syria Fallout Ahead of Inflation Data
2024-12-10,2024-12-09 20:00:00+00:00,2024-12-09 16:20:59+00:00,Stocks Are Edging Lower Ahead of Inflation Data
2024-12-11,2024-12-10 20:00:00+00:00,2024-12-09 21:47:00+00:00,"These Stocks Moved the Most Today: Super Micro, Tesla, Nvidia, Palantir, AMD, AppLovin, Hershey, Comcast, and More"
2024-12-11,2024-12-10 20:00:00+00:00,2024-12-10 09:15:14+00:00,Stock Futures Fall as Rally Pauses Ahead of Inflation Data
2024-12-11,2024-12-10 20:00:00+00:00,2024-12-10 10:48:45+00:00,Stock Rally Stalls as Market Braces for Inflation Data
2024-12-11,2024-12-10 20:00:00+00:00,2024-12-10 13:24:45+00:00,Stock Futures Mostly Higher as Investors Look Ahead to Inflation Data
2024-12-11,2024-12-10 20:00:00+00:00,2024-12-10 14:32:03+00:00,Stocks Are Mixed Ahead of CPI Data
2024-12-12,2024-12-11 20:00:00+00:00,2024-12-11 09:06:59+00:00,Stock Futures Waver Ahead of Key CPI Inflation Report
2024-12-12,2024-12-11 20:00:00+00:00,2024-12-11 10:38:16+00:00,Dow Futures Falling Ahead of Key CPI Inflation Report
2024-12-12,2024-12-11 20:00:00+00:00,2024-12-11 16:31:00+00:00,MicroStrategy Stock Could Get Added to the Nasdaq 100 Because of a Quirk
2024-12-16,2024-12-13 20:00:00+00:00,2024-12-13 16:04:57+00:00,Now Even the Nasdaq Is Struggling
2024-12-16,2024-12-13 20:00:00+00:00,2024-12-13 17:41:14+00:00,Major Indexes Set to Post Weekly Losses
2024-12-17,2024-12-16 20:00:00+00:00,2024-12-16 14:46:48+00:00,Stocks Rising as Dow Tries to Snap 7-Day Losing Streak
2024-12-19,2024-12-18 20:00:00+00:00,2024-12-18 08:30:00+00:00,Nvidia Stock Looks Dead in the Water. Here’s When It Comes Back to Life.
2024-12-19,2024-12-18 20:00:00+00:00,2024-12-18 14:34:23+00:00,Dow Opens Higher as It Bids to Snap Longest Losing Streak Since 1978
2024-12-20,2024-12-19 20:00:00+00:00,2024-12-19 05:05:00+00:00,"Healthcare Stocks Had a Dismal Year. Therein Lies Opportunity, Says This Analyst"
2024-12-20,2024-12-19 20:00:00+00:00,2024-12-19 07:30:00+00:00,Farewell to the Smooth Ride for Stocks. How to Prepare Your Portfolio for a Bumpy 2025.
2024-12-20,2024-12-19 20:00:00+00:00,2024-12-19 11:53:00+00:00,Stock Market’s Fed Reaction Is Overdone. But New Year Cheer Is Still Unlikely.
2024-12-20,2024-12-19 20:00:00+00:00,2024-12-19 15:25:58+00:00,The Dow Is Already Losing Steam
2024-12-20,2024-12-19 20:00:00+00:00,2024-12-19 16:33:09+00:00,Stocks Are Rising and the VIX Is Falling
2024-12-23,2024-12-20 20:00:00+00:00,2024-12-20 00:04:00+00:00,MicroStrategy Stock’s Momentum Is Fading Fast. A S&amp;P 500 Addition Seems Unlikely.
2024-12-23,2024-12-20 20:00:00+00:00,2024-12-20 14:52:32+00:00,Dow Heads for Worst Week in Nearly 2 Years as Political Clouds Gather
2024-12-24,2024-12-23 20:00:00+00:00,2024-12-23 14:32:44+00:00,Stocks Open Mixed to Begin Holiday-Shortened Week
2024-12-24,2024-12-23 20:00:00+00:00,2024-12-23 15:23:06+00:00,Stocks Turn Lower After Disappointing Consumer Confidence Reading
2024-12-26,2024-12-24 20:00:00+00:00,2024-12-23 21:05:54+00:00,Stocks End Higher as Tech Fuels Pre-Holiday Rally
2024-12-26,2024-12-24 20:00:00+00:00,2024-12-24 18:02:33+00:00,The Dow Rose Nearly 400 Points. Let the Santa Claus Rally Begin.
2024-12-27,2024-12-26 20:00:00+00:00,2024-12-25 07:30:00+00:00,How to Prepare for a ‘Lost Decade’ in Stocks
2024-12-27,2024-12-26 20:00:00+00:00,2024-12-26 18:26:28+00:00,December Is Merry and Bright for Broadcom Stock
2024-12-27,2024-12-26 20:00:00+00:00,2024-12-26 19:21:15+00:00,Stocks Yawn After the Holiday. Apple and Toyota Are Exceptions.
2024-12-30,2024-12-27 20:00:00+00:00,2024-12-27 15:41:00+00:00,Warren Buffett’s Berkshire Hathaway Just Bought More of This Internet Stock
