date,asof_utc,published_utc,headline
2023-01-13,2023-01-12 15:30:00+00:00,2023-01-12 03:35:50+00:00,European stocks higher; ASOS soars despite revenue drop
2023-01-13,2023-01-12 15:30:00+00:00,2023-01-12 09:07:23+00:00,Wall Street mixed as inflation falls and FTSE 100 hits new four and a half year high
2023-01-13,2023-01-12 15:30:00+00:00,2023-01-12 09:07:23+00:00,Wall Street higher and FTSE 100 climbs as US inflation cools
2023-01-13,2023-01-12 15:30:00+00:00,2023-01-12 09:07:23+00:00,FTSE 100 and European stocks rally ahead of key US inflation figures
2023-01-13,2023-01-12 15:30:00+00:00,2023-01-12 09:07:23+00:00,FTSE 100 and European stocks higher ahead of key US inflation figures
2023-01-16,2023-01-13 15:30:00+00:00,2023-01-13 03:48:36+00:00,European stocks higher; U.K. GDP surprises to the upside
2023-01-16,2023-01-13 15:30:00+00:00,2023-01-13 09:16:51+00:00,Wall Street mixed as FTSE 100 touches four-year high
2023-01-16,2023-01-13 15:30:00+00:00,2023-01-13 09:16:51+00:00,Wall Street opens lower after FTSE 100 touched four-year high
2023-01-16,2023-01-13 15:30:00+00:00,2023-01-13 09:16:51+00:00,FTSE 100 nears all-time high as UK economy grows
2023-01-17,2023-01-16 15:30:00+00:00,2023-01-14 08:30:00+00:00,European Assets Are Now All the Rage as US Markets Sputter
2023-01-17,2023-01-16 15:30:00+00:00,2023-01-16 01:59:25+00:00,"European stock futures mixed; German ZEW sentiment data, BOJ, Davos in focus"
2023-01-17,2023-01-16 15:30:00+00:00,2023-01-16 03:30:58+00:00,European stocks higher; German inflation data offers hope
2023-01-17,2023-01-16 15:30:00+00:00,2023-01-16 08:40:49+00:00,FTSE 100 continues rally towards record high
2023-01-18,2023-01-17 15:30:00+00:00,2023-01-17 04:15:07+00:00,European stocks slip; Ocado struggles with in-store shopping return
2023-01-18,2023-01-17 15:30:00+00:00,2023-01-17 08:49:31+00:00,FTSE 100 dips into the red as annual Davos meeting raises concerns on global outlook
2023-01-19,2023-01-18 15:30:00+00:00,2023-01-18 03:50:12+00:00,European stocks largely unchanged; U.K. CPI remained elevated
2023-01-19,2023-01-18 15:30:00+00:00,2023-01-18 08:56:52+00:00,Wall Street dips as FTSE 100 closes in the red despite inflation ease
2023-01-19,2023-01-18 15:30:00+00:00,2023-01-18 08:56:52+00:00,Wall Street opens higher while FTSE 100 dips despite inflation ease
2023-01-19,2023-01-18 15:30:00+00:00,2023-01-18 08:56:52+00:00,FTSE 100 struggles to take off as inflation eases to 10.5%
2023-01-19,2023-01-18 15:30:00+00:00,2023-01-18 08:56:52+00:00,FTSE 100 flat as inflation eases to 10.5%
2023-01-20,2023-01-19 15:30:00+00:00,2023-01-19 04:07:58+00:00,European stocks lower on recession fears; Boohoo slumps
2023-01-20,2023-01-19 15:30:00+00:00,2023-01-19 08:51:31+00:00,Wall Street lower as FTSE 100 closes in the red amid global recession fears
2023-01-20,2023-01-19 15:30:00+00:00,2023-01-19 08:51:31+00:00,FTSE 100 in the red as Keir Starmer tells Davos the UK is ‘open for business’
2023-01-23,2023-01-20 15:30:00+00:00,2023-01-20 04:05:20+00:00,European stocks edge higher; Ericsson slumps on weak 5G sales
2023-01-23,2023-01-20 15:30:00+00:00,2023-01-20 07:15:00+00:00,Linde to be removed from DAX index after delisting from Frankfurt Stock Exchange
2023-01-23,2023-01-20 15:30:00+00:00,2023-01-20 08:43:48+00:00,Wall Street opens mixed amid recession fears as FTSE 100 holds on to small gains
2023-01-23,2023-01-20 15:30:00+00:00,2023-01-20 08:43:48+00:00,FTSE 100 holds on to small gains despite surprise fall in retail sales
2023-01-23,2023-01-20 15:30:00+00:00,2023-01-20 13:00:01+00:00,Winning Europe ETFs to Start 2023
2023-01-24,2023-01-23 15:30:00+00:00,2023-01-23 03:18:31+00:00,"European shares inch higher ahead of ECB speeches, Eurozone data this week"
2023-01-24,2023-01-23 15:30:00+00:00,2023-01-23 08:55:56+00:00,FTSE 100 opens higher amid global markets rally
2023-01-25,2023-01-24 15:30:00+00:00,2023-01-24 03:24:45+00:00,"European shares choppy with Fed rate path, Eurozone PMI data in focus"
2023-01-26,2023-01-25 15:30:00+00:00,2023-01-25 03:53:06+00:00,"European stocks muted amid corporate earnings, German economic data"
2023-01-27,2023-01-26 15:30:00+00:00,2023-01-26 03:45:08+00:00,European stocks steady ahead of key U.S. growth data
2023-01-27,2023-01-26 15:30:00+00:00,2023-01-26 09:01:25+00:00,FTSE 100 pushes higher as earnings roll in
2023-01-30,2023-01-27 15:30:00+00:00,2023-01-27 04:02:37+00:00,European stocks edge higher ahead of fresh U.S. inflation data
2023-01-30,2023-01-27 15:30:00+00:00,2023-01-27 08:44:19+00:00,FTSE lower as Jeremy Hunt flogs Brexit benefits and UK faces recession
2023-01-30,2023-01-27 15:30:00+00:00,2023-01-27 11:53:00+00:00,"Investors beware. It’s the market relationship with data that may pivot when the Fed pauses, says Citi."
2023-01-31,2023-01-30 15:30:00+00:00,2023-01-30 04:08:56+00:00,European stocks edge lower as key Federal Reserve rate decision looms
2023-01-31,2023-01-30 15:30:00+00:00,2023-01-30 08:04:37+00:00,UPDATE 1-Commerzbank meets important criteria for DAX membership
2023-01-31,2023-01-30 15:30:00+00:00,2023-01-30 09:00:18+00:00,FTSE 100 opens lower ahead of Bank of England interest rate decision
2023-02-01,2023-01-31 15:30:00+00:00,2023-01-31 04:27:46+00:00,"European stocks lose ground as traders weigh Fed decision, Eurozone growth data"
2023-02-01,2023-01-31 15:30:00+00:00,2023-01-31 09:00:59+00:00,FTSE 100 lower as IMF warns UK to be worst-performing major economy this year
2023-02-01,2023-01-31 15:30:00+00:00,2023-01-31 12:38:50+00:00,GLOBAL MARKETS-World stocks waver as investors catch central bank jitters
2023-02-02,2023-02-01 15:30:00+00:00,2023-02-01 04:10:14+00:00,European shares hover near flatline ahead of key Fed decision
2023-02-02,2023-02-01 15:30:00+00:00,2023-02-01 08:56:43+00:00,FTSE 100 and European stocks higher as central banks prepare to hike interest rates
2023-02-03,2023-02-02 15:30:00+00:00,2023-02-02 04:19:22+00:00,"European shares rise amid Powell inflation comments, ECB and BoE rate decisions"
2023-02-03,2023-02-02 15:30:00+00:00,2023-02-02 09:07:54+00:00,FTSE 100 higher as Bank of England set to raise interest rates to 4%
2023-02-06,2023-02-03 15:30:00+00:00,2023-02-03 04:21:21+00:00,European stocks edge mostly lower ahead of key U.S. labor market data
2023-02-07,2023-02-06 15:30:00+00:00,2023-02-06 03:56:39+00:00,European stocks lower; sentiment weak despite strong German factory orders
2023-02-07,2023-02-06 15:30:00+00:00,2023-02-06 08:49:07+00:00,FTSE 100 retreats after record close
2023-02-08,2023-02-07 15:30:00+00:00,2023-02-07 03:50:46+00:00,European stocks mixed; German industrial production weighs while BP shines
2023-02-08,2023-02-07 15:30:00+00:00,2023-02-07 09:04:00+00:00,FTSE 100 opens higher as BP shares hit two-month record high
2023-02-08,2023-02-07 15:30:00+00:00,2023-02-07 09:26:45+00:00,European stocks eke out gains as investors await Powell comments
2023-02-09,2023-02-08 15:30:00+00:00,2023-02-07 17:14:24+00:00,US stocks dip as investors await Jay Powell comments
2023-02-09,2023-02-08 15:30:00+00:00,2023-02-07 20:16:47+00:00,US stocks tick up after Powell comments
2023-02-09,2023-02-08 15:30:00+00:00,2023-02-07 21:23:15+00:00,US stocks rise after Jay Powell’s comments
2023-02-10,2023-02-09 15:30:00+00:00,2023-02-09 08:28:35+00:00,Siemens closes in on all-time high after guidance upgrade
2023-02-10,2023-02-09 15:30:00+00:00,2023-02-09 09:01:21+00:00,FTSE and European stocks higher as earnings roll in
2023-02-10,2023-02-09 15:30:00+00:00,2023-02-09 09:58:37+00:00,UPDATE 1-European shares hit fresh nine-month high on earnings boost
2023-02-13,2023-02-10 15:30:00+00:00,2023-02-10 03:40:55+00:00,European stocks fall; slowdown fears grow despite U.K. avoiding recession
2023-02-13,2023-02-10 15:30:00+00:00,2023-02-10 08:46:51+00:00,FTSE 100 lower at the open as UK growth flatlines
2023-02-14,2023-02-13 15:30:00+00:00,2023-02-13 00:31:24+00:00,11 Most Profitable European Stocks
2023-02-14,2023-02-13 15:30:00+00:00,2023-02-13 03:58:04+00:00,European stocks edge higher; U.S. inflation data in focus
2023-02-14,2023-02-13 15:30:00+00:00,2023-02-13 08:57:25+00:00,FTSE 100 higher ahead of key inflation data
2023-02-15,2023-02-14 15:30:00+00:00,2023-02-14 04:00:42+00:00,European stocks edge higher; U.K. jobs data helps ahead of U.S. CPI
2023-02-15,2023-02-14 15:30:00+00:00,2023-02-14 09:29:11+00:00,FTSE 100 hits record high as 2023 rally continues
2023-02-16,2023-02-15 15:30:00+00:00,2023-02-15 03:36:40+00:00,European stocks mixed; Barclays reports slump in profit
2023-02-16,2023-02-15 15:30:00+00:00,2023-02-15 08:43:08+00:00,FTSE 100 opens lower as inflation remains in double digits and Barclays disappoints
2023-02-17,2023-02-16 15:30:00+00:00,2023-02-16 03:37:54+00:00,European stocks higher; positive corporate earnings boost sentiment
2023-02-17,2023-02-16 15:30:00+00:00,2023-02-16 05:05:07+00:00,Analysis-Germany's oldest companies face fresh break-up calls
2023-02-17,2023-02-16 15:30:00+00:00,2023-02-16 08:53:51+00:00,FTSE 100 opens at new record high as Centrica shares jump
2023-02-20,2023-02-17 15:30:00+00:00,2023-02-17 03:54:42+00:00,European stocks slump; hawkish central bank talk weighs
2023-02-20,2023-02-17 15:30:00+00:00,2023-02-17 08:44:05+00:00,FTSE and European stocks lower as markets come down from record highs
2023-02-20,2023-02-17 15:30:00+00:00,2023-02-17 11:16:19+00:00,"GLOBAL MARKETS-Global shares sink, dollar soars as rate-hike outlook looms"
2023-02-20,2023-02-17 15:30:00+00:00,2023-02-17 13:07:20+00:00,"GLOBAL MARKETS-Global shares sink, dollar soars on rate-hike outlook"
2023-02-21,2023-02-20 15:30:00+00:00,2023-02-20 03:45:48+00:00,"European stocks edge higher; Eurozone PMI, inflation data in focus"
2023-02-21,2023-02-20 15:30:00+00:00,2023-02-20 08:50:50+00:00,"FTSE 100 opens higher as it remains above the 8,000 mark"
2023-02-22,2023-02-21 15:30:00+00:00,2023-02-21 04:38:39+00:00,European stocks slip after disappointing Eurozone manufacturing PMI data
2023-02-22,2023-02-21 15:30:00+00:00,2023-02-21 09:12:16+00:00,FTSE 100 lower even as UK public finances improve in January
2023-02-23,2023-02-22 15:30:00+00:00,2023-02-22 03:58:15+00:00,European stocks lower; German inflation remains high ahead of Fed minutes
2023-02-23,2023-02-22 15:30:00+00:00,2023-02-22 09:00:14+00:00,FTSE and European stocks open lower after Wall Street posts worst day of 2023
2023-02-27,2023-02-24 15:30:00+00:00,2023-02-24 03:37:32+00:00,European stocks edge higher; consumer confidence starting to return
2023-02-27,2023-02-24 15:30:00+00:00,2023-02-24 08:57:31+00:00,FTSE 100 higher as consumer confidence improves
2023-02-28,2023-02-27 15:30:00+00:00,2023-02-27 03:51:30+00:00,European stocks higher; positive start to week ahead of inflation data
2023-02-28,2023-02-27 15:30:00+00:00,2023-02-27 05:44:00+00:00,Commerzbank rises as Germany's No. 2 lender returns to DAX index
2023-02-28,2023-02-27 15:30:00+00:00,2023-02-27 08:15:46+00:00,Germany's Commerzbank makes DAX comeback
2023-02-28,2023-02-27 15:30:00+00:00,2023-02-27 08:49:02+00:00,FTSE higher as Sunak and Von der Leyen meet to seal Brexit deal
2023-02-28,2023-02-27 15:30:00+00:00,2023-02-27 09:37:20+00:00,"UPDATE 1-European shares kicks off week on solid footing, all sectors rise"
2023-03-01,2023-02-28 15:30:00+00:00,2023-02-28 04:01:04+00:00,European stocks lower as inflation concerns mount
2023-03-01,2023-02-28 15:30:00+00:00,2023-02-28 08:44:54+00:00,FTSE 100 lower amid renewed interest rate hike fears
2023-03-02,2023-03-01 15:30:00+00:00,2023-03-01 03:04:23+00:00,Puma raises dividend after record sales in 2022 but sees 2023 profit falling
2023-03-02,2023-03-01 15:30:00+00:00,2023-03-01 04:03:09+00:00,European stocks edge higher; Chinese data hints at global recovery
2023-03-02,2023-03-01 15:30:00+00:00,2023-03-01 09:17:40+00:00,FTSE and global markets higher as China factory bounce boosts demand outlook
2023-03-03,2023-03-02 15:30:00+00:00,2023-03-02 04:20:17+00:00,European stocks lower; AB Inbev slips on weak 4Q sales
2023-03-03,2023-03-02 15:30:00+00:00,2023-03-02 08:39:15+00:00,Wall Street mixed as FTSE bounces back to close higher
2023-03-03,2023-03-02 15:30:00+00:00,2023-03-02 08:39:15+00:00,FTSE and European stocks lower as Fed hints at higher interest rates
2023-03-06,2023-03-03 15:30:00+00:00,2023-03-03 04:10:18+00:00,European stocks higher; Lufthansa soars after returning to profit
2023-03-06,2023-03-03 15:30:00+00:00,2023-03-03 08:49:53+00:00,FTSE 100 higher despite Arm's $70bn snub
2023-03-06,2023-03-03 15:30:00+00:00,2023-03-03 08:49:53+00:00,FTSE 100 pushes higher despite Arm's $70bn snub
2023-03-06,2023-03-03 15:30:00+00:00,2023-03-03 08:49:53+00:00,Wall Street pushes higher as FTSE finishes week flat
2023-03-06,2023-03-03 15:30:00+00:00,2023-03-03 08:49:53+00:00,Wall Street opens higher as FTSE retreats into negative territory
2023-03-07,2023-03-06 15:30:00+00:00,2023-03-06 03:49:28+00:00,"European stocks edge higher; Chinese growth target, Eurozone retail sales in focus"
2023-03-07,2023-03-06 15:30:00+00:00,2023-03-06 09:10:59+00:00,FTSE 100 in the red amid China’s lacklustre GDP target
2023-03-08,2023-03-07 15:30:00+00:00,2023-03-07 09:35:56+00:00,FTSE 100 pushes higher ahead of Powell testimony
2023-03-09,2023-03-08 15:30:00+00:00,2023-03-08 04:07:52+00:00,"European stocks largely lower; Powell speech, German industrial output  in focus"
2023-03-09,2023-03-08 15:30:00+00:00,2023-03-08 09:20:32+00:00,Markets mixed as Powell says no call made yet on size of March rate rise
2023-03-09,2023-03-08 15:30:00+00:00,2023-03-08 09:20:32+00:00,Wall Street and FTSE edge higher ahead of more Powell testimony
2023-03-09,2023-03-08 15:30:00+00:00,2023-03-08 09:20:32+00:00,FTSE 100 struggles for gains after Powell's hawkish tone
2023-03-09,2023-03-08 15:30:00+00:00,2023-03-08 09:20:32+00:00,FTSE 100 starts in the red after Powell's hawkish tone
2023-03-10,2023-03-09 15:30:00+00:00,2023-03-08 18:53:31+00:00,Stock Market Falls To Session Lows; Jack Daniel's Parent Sells Off
2023-03-10,2023-03-09 15:30:00+00:00,2023-03-08 20:15:31+00:00,Stock Market Claws Back From Session Lows; Onsemi Pops On Price Target Hike
2023-03-10,2023-03-09 15:30:00+00:00,2023-03-08 21:27:31+00:00,"Stock Market Closes Mixed, Off Lows; Beige Book Data Shows Resilient Economy"
2023-03-10,2023-03-09 15:30:00+00:00,2023-03-09 08:40:27+00:00,FTSE 100 opens in the red amid US interest rate hike fears
2023-03-10,2023-03-09 15:30:00+00:00,2023-03-09 08:40:27+00:00,FTSE 100 leads European losses amid US interest rate hike fears
2023-03-13,2023-03-10 15:30:00+00:00,2023-03-10 03:59:24+00:00,European stocks sharply lower; banking sector hit hard
2023-03-13,2023-03-10 15:30:00+00:00,2023-03-10 08:58:23+00:00,FTSE 100 lower at the open as bank shares plummet
2023-03-14,2023-03-13 15:30:00+00:00,2023-03-10 18:55:31+00:00,Stock Market Loses The Fight; Bank Shutdown Affects Whole Sector
2023-03-14,2023-03-13 15:30:00+00:00,2023-03-10 20:18:31+00:00,Stock Market Trying To Bounce But Still Down Sharply; Bank Shutdown Affects Whole Sector
2023-03-14,2023-03-13 15:30:00+00:00,2023-03-10 21:26:31+00:00,Stock Market Sinks As Nasdaq Falls 1.8%; Bank Shutdown Hits Sector And Beyond
2023-03-14,2023-03-13 15:30:00+00:00,2023-03-13 08:45:32+00:00,FTSE 100 slips at the open as HSBC buys Silicon Valley Bank UK arm for £1
2023-03-15,2023-03-14 15:30:00+00:00,2023-03-14 10:44:29+00:00,US and European stocks steady as investors consider Fed rate hike shift
2023-03-15,2023-03-14 15:30:00+00:00,2023-03-14 10:44:29+00:00,FTSE 100 lower as investors consider Fed rate hike shift
2023-03-16,2023-03-15 15:30:00+00:00,2023-03-15 05:20:34+00:00,European stocks move lower as recovery in bank shares loses steam
2023-03-16,2023-03-15 15:30:00+00:00,2023-03-15 08:54:47+00:00,FTSE lower as Jeremy Hunt to unveil UK's 'budget of growth'
2023-03-17,2023-03-16 15:30:00+00:00,2023-03-16 07:20:00+00:00,"European stock futures rise as Credit Suisse gets lifeline, Saudi National Bank head says ‘everything is fine’"
2023-03-17,2023-03-16 15:30:00+00:00,2023-03-16 10:23:09+00:00,"European stocks hold firm, euro inches higher after ECB raises rates"
2023-03-20,2023-03-17 15:30:00+00:00,2023-03-17 05:16:31+00:00,European stocks higher; sentiment surges on banking support
2023-03-21,2023-03-20 15:30:00+00:00,2023-03-20 05:10:14+00:00,European stocks lower; banking sector slumps after Swiss consolidation
2023-03-22,2023-03-21 15:30:00+00:00,2023-03-21 04:56:42+00:00,European stocks higher; confidence returns ahead of Fed meeting
2023-03-23,2023-03-22 15:30:00+00:00,2023-03-22 04:49:02+00:00,European stocks edge lower; U.K. inflation shock weighs ahead of Fed decision
2023-03-23,2023-03-22 15:30:00+00:00,2023-03-22 09:00:05+00:00,FTSE lower as traders price in Bank of England rate increase
2023-03-24,2023-03-23 15:30:00+00:00,2023-03-23 08:47:57+00:00,Wall Street higher after Fed signals rate hikes nearing end but FTSE closes in red
2023-03-24,2023-03-23 15:30:00+00:00,2023-03-23 08:47:57+00:00,Wall Street higher after Fed signals rate hikes nearing end
2023-03-24,2023-03-23 15:30:00+00:00,2023-03-23 08:47:57+00:00,FTSE 100 in the red as Bank of England hikes interest rate
2023-03-24,2023-03-23 15:30:00+00:00,2023-03-23 08:47:57+00:00,FTSE 100 in the red ahead of Bank of England decision
2023-03-24,2023-03-23 15:30:00+00:00,2023-03-23 08:47:57+00:00,FTSE 100 opens in the red ahead of Bank of England decision
2023-03-27,2023-03-24 15:30:00+00:00,2023-03-24 05:18:24+00:00,"European stocks fall; Deutsche Bank, UBS drag banking sector lower"
2023-03-27,2023-03-24 15:30:00+00:00,2023-03-24 09:12:31+00:00,FTSE lower as Bank of England warns interest rates will rise again if firms hike prices
2023-03-28,2023-03-27 15:30:00+00:00,2023-03-24 17:52:07+00:00,Stock Market Overcomes Bank Gloom As S&amp;P 500 Turns Positive; Drug Stock Pops
2023-03-28,2023-03-27 15:30:00+00:00,2023-03-24 19:16:07+00:00,Stock Market Tries Hard To Post Gains As Deutsche Bank Pares Losses; Snack Stock Taps Buy Point
2023-03-28,2023-03-27 15:30:00+00:00,2023-03-24 20:34:07+00:00,Stock Market Ekes Out Gains Across Major Indexes; Deutsche Bank Pares Losses
2023-03-28,2023-03-27 15:30:00+00:00,2023-03-27 02:18:40+00:00,"European stock futures higher; IFO, banking sector in focus"
2023-03-28,2023-03-27 15:30:00+00:00,2023-03-27 04:17:13+00:00,"European stocks higher; German Ifo rises, banking confidence improves"
2023-03-29,2023-03-28 15:30:00+00:00,2023-03-28 04:06:33+00:00,European stocks higher; UBS rises as confidence returns
2023-03-30,2023-03-29 15:30:00+00:00,2023-03-28 16:19:25+00:00,Nasdaq Leads Stock Market Lower; Warren Buffett Books $450 Million Profit; Micron Stock Sinks Ahead Of Earnings
2023-03-30,2023-03-29 15:30:00+00:00,2023-03-28 17:40:25+00:00,Stock Market Weakens; Warren Buffett Makes A Quick $450 Million; Micron Stock Slides Ahead Of Earnings
2023-03-30,2023-03-29 15:30:00+00:00,2023-03-29 04:13:53+00:00,European stocks higher; UBS leads banking sector with CEO reappointment
2023-03-30,2023-03-29 15:30:00+00:00,2023-03-29 07:40:44+00:00,FTSE and European markets open slightly higher in third day of gains
2023-03-30,2023-03-29 15:30:00+00:00,2023-03-29 09:51:14+00:00,Global stocks rise as anxiety over banks starts to fade
2023-03-31,2023-03-30 15:30:00+00:00,2023-03-30 08:06:08+00:00,European stocks gain on easing Spanish inflation and fading banking concerns
2023-03-31,2023-03-30 15:30:00+00:00,2023-03-30 12:59:06+00:00,Global stocks rise as investors switch focus to interest rate outlook
2023-04-03,2023-03-31 15:30:00+00:00,2023-03-30 20:54:44+00:00,Wall Street stocks notch back-to-back gains boosted by tech
2023-04-03,2023-03-31 15:30:00+00:00,2023-03-31 03:55:51+00:00,European stocks edge higher; Eurozone inflation release due
2023-04-04,2023-04-03 15:30:00+00:00,2023-04-03 02:10:21+00:00,European stock futures lower; oil prices surge on OPEC+ cut
2023-04-04,2023-04-03 15:30:00+00:00,2023-04-03 04:12:05+00:00,European stocks higher; energy giants lead way after surprise OPEC+ cut
2023-04-05,2023-04-04 15:30:00+00:00,2023-04-04 03:58:26+00:00,European stocks edge higher; euro zone PPI data in focus
2023-04-05,2023-04-04 15:30:00+00:00,2023-04-04 08:07:59+00:00,FTSE 100 and European markets open higher despite oil price concerns
2023-04-06,2023-04-05 15:30:00+00:00,2023-04-04 16:12:30+00:00,Stock Market Slides On New Bank Fears After JPMorgan Predicts Crisis
2023-04-11,2023-04-06 15:30:00+00:00,2023-04-05 17:50:46+00:00,Stock Market Posts Mixed Results; Health Care Stocks Lead The Day
2023-04-11,2023-04-06 15:30:00+00:00,2023-04-05 19:05:46+00:00,Stock Market Sees Mixed Results; Footwear Stock Stumbles On Downgrade
2023-04-11,2023-04-06 15:30:00+00:00,2023-04-05 20:05:46+00:00,Stock Market Closes With Mixed Results; FedEx Raises Dividend; Nvidia Gets Hit
2023-04-11,2023-04-06 15:30:00+00:00,2023-04-06 03:59:27+00:00,European stocks edge higher; German industrial production growth helps
2023-04-12,2023-04-11 15:30:00+00:00,2023-04-11 03:45:44+00:00,"European stocks higher; euro zone retail sales, BMW deliveries in focus"
2023-04-12,2023-04-11 15:30:00+00:00,2023-04-11 08:27:06+00:00,FTSE 100 and European markets open higher after Easter break
2023-04-12,2023-04-11 15:30:00+00:00,2023-04-11 14:52:47+00:00,Stock Market Quiet Ahead Of Inflation Numbers; Warren Buffett Wants To Buy These Japanese Stocks
2023-04-13,2023-04-12 15:30:00+00:00,2023-04-11 16:19:47+00:00,Stock Market Mixed Ahead Of Inflation Numbers; Warren Buffett Targets This Group Market
2023-04-13,2023-04-12 15:30:00+00:00,2023-04-11 17:35:47+00:00,Dow Jones Hits 2-Month High; Warren Buffett Targets This Group; Solar Stock Pops
2023-04-13,2023-04-12 15:30:00+00:00,2023-04-12 04:03:06+00:00,European stocks edge higher; Volvo shines ahead of key U.S. inflation data
2023-04-13,2023-04-12 15:30:00+00:00,2023-04-12 07:31:17+00:00,FTSE 100 and European markets edge higher as investors focus on inflation data
2023-04-14,2023-04-13 15:30:00+00:00,2023-04-13 08:32:39+00:00,US stocks and FTSE higher even as central banks indicate no let up on interest rates policy
2023-04-14,2023-04-13 15:30:00+00:00,2023-04-13 08:32:39+00:00,FTSE 100 muted as central banks indicate no let up on interest rates policy
2023-04-14,2023-04-13 15:30:00+00:00,2023-04-13 08:32:39+00:00,FTSE 100 lower as central banks indicate no let up on interest rates policy
2023-04-14,2023-04-13 15:30:00+00:00,2023-04-13 08:32:39+00:00,FTSE 100 muted as UK economy flatlined in February
2023-04-18,2023-04-17 15:30:00+00:00,2023-04-17 14:59:08+00:00,Stock Market Limps Out Of The Gate; Bank Stocks Volatile After First Reports; Moderna Tumbles
2023-04-19,2023-04-18 15:30:00+00:00,2023-04-17 16:17:08+00:00,"Stock Market Slides After Mixed Bank Earnings, Meta Downgrade, Google's AI Trauma"
2023-04-24,2023-04-21 15:30:00+00:00,2023-04-21 04:37:38+00:00,JPMorgan Is Cautious on Equities in Asia: Batra
2023-04-25,2023-04-24 15:30:00+00:00,2023-04-24 03:45:19+00:00,European stocks edge lower; Philips shines on proposed litigation deal
2023-04-25,2023-04-24 15:30:00+00:00,2023-04-24 05:35:49+00:00,Nuvama's Kehair On Wealth Opportunity In India
2023-04-27,2023-04-26 15:30:00+00:00,2023-04-26 08:02:31+00:00,FTSE 100 in the red as Wall Street banking fears reignite
2023-04-28,2023-04-27 15:30:00+00:00,2023-04-26 17:55:56+00:00,Stock Market Parses Through Earnings Reports; Chipotle Rises Above The Rest
2023-04-28,2023-04-27 15:30:00+00:00,2023-04-26 20:49:56+00:00,"Stock Market Closes Mixed, Near Day's Lows; Solar Stock Loses 25%"
2023-04-28,2023-04-27 15:30:00+00:00,2023-04-27 07:37:16+00:00,FTSE and European stocks lower as jitters over banking sector persist
2023-05-02,2023-04-28 15:30:00+00:00,2023-04-28 04:01:45+00:00,"European stocks mixed; corporate earnings, growth and inflation data eyed"
2023-05-03,2023-05-02 15:30:00+00:00,2023-05-02 03:42:20+00:00,European stocks edge higher; strong HSBC results boost tone
2023-05-03,2023-05-02 15:30:00+00:00,2023-05-02 08:26:13+00:00,FTSE and European stocks mixed as JPMorgan Chase takes over First Republic
2023-05-03,2023-05-02 15:30:00+00:00,2023-05-02 09:54:39+00:00,"Eurozone Inflation Comes in Mixed Ahead of ECB Call, European Markets Slip"
2023-05-04,2023-05-03 15:30:00+00:00,2023-05-03 04:10:15+00:00,European stocks edge higher; banking sector leads ahead of Fed
2023-05-05,2023-05-04 15:30:00+00:00,2023-05-04 03:57:53+00:00,European stocks fall; investors cautiously await ECB decision
2023-05-05,2023-05-04 15:30:00+00:00,2023-05-04 07:59:09+00:00,FTSE and European stocks open lower ahead of ECB rate decision
2023-05-08,2023-05-05 15:30:00+00:00,2023-05-04 20:18:10+00:00,Stock Market Limps Near Lows Ahead Of Apple Earnings; Shopify Stock Gains Over 23%
2023-05-08,2023-05-05 15:30:00+00:00,2023-05-05 07:41:36+00:00,FTSE 100 and European stocks open higher with interest rates still in focus
2023-05-08,2023-05-05 15:30:00+00:00,2023-05-05 07:41:36+00:00,FTSE 100 and European stocks rise with interest rates still in focus
2023-05-09,2023-05-08 15:30:00+00:00,2023-05-08 08:26:52+00:00,"UPDATE 1-European shares edge higher as energy, bank stocks gain; US inflation data eyed"
2023-05-10,2023-05-09 15:30:00+00:00,2023-05-08 16:11:38+00:00,Stock Market Stuck In Neutral Ahead Of Inflation Report; Buffett Scolded About Apple 'Concentration Risk'
2023-05-10,2023-05-09 15:30:00+00:00,2023-05-08 17:41:38+00:00,Stock Market Sleepy And Dopey Ahead Of Inflation Report; Walt Disney Earnings On Tap
2023-05-10,2023-05-09 15:30:00+00:00,2023-05-09 03:57:13+00:00,European stocks lower; Chinese trade data disappoints
2023-05-11,2023-05-10 15:30:00+00:00,2023-05-10 05:16:27+00:00,European stocks lower; Italian industrial production disappoints
2023-05-11,2023-05-10 15:30:00+00:00,2023-05-10 07:47:40+00:00,European markets and FTSE 100 higher ahead of US inflation data
2023-05-11,2023-05-10 15:30:00+00:00,2023-05-10 07:47:40+00:00,European markets and FTSE 100 open higher ahead of US inflation data
2023-05-15,2023-05-12 15:30:00+00:00,2023-05-12 08:18:57+00:00,Wall Street higher on gains in Tesla as FTSE 100 climbs UK economy growth
2023-05-15,2023-05-12 15:30:00+00:00,2023-05-12 08:18:57+00:00,FTSE 100 bounces back as UK economy grows
2023-05-17,2023-05-16 15:30:00+00:00,2023-05-16 03:57:12+00:00,European stocks edge higher; caution remains over global growth concerns
2023-05-18,2023-05-17 15:30:00+00:00,2023-05-16 16:13:27+00:00,Stock Market Mixed Ahead Of Debt Ceiling Talks. Horizon Therapeutics Plunges 15% On FTC Roadblock.
2023-05-18,2023-05-17 15:30:00+00:00,2023-05-17 04:00:36+00:00,European stocks retreat on U.S. debt ceiling concerns; Commerzbank slumps
2023-05-18,2023-05-17 15:30:00+00:00,2023-05-17 08:02:15+00:00,FTSE and European stocks lower with shares hit by US deadlock
2023-05-19,2023-05-18 15:30:00+00:00,2023-05-17 20:19:31+00:00,Stock Market Posts Over 1% Gain; Olive Garden Parent Breaks Out
2023-05-19,2023-05-18 15:30:00+00:00,2023-05-18 04:20:33+00:00,European stocks surge higher on U.S. debt ceiling optimism; BT Group slumps
2023-05-19,2023-05-18 15:30:00+00:00,2023-05-18 08:31:19+00:00,UPDATE 1-German DAX climbs to 1-1/2-year high on US debt ceiling optimism
2023-05-19,2023-05-18 15:30:00+00:00,2023-05-18 09:53:23+00:00,"Asian, European Stocks Head Higher Following U.S. Advance"
2023-05-19,2023-05-18 15:30:00+00:00,2023-05-18 12:06:13+00:00,"GLOBAL MARKETS-Wall Street set to open higher, European shares boosted by debt deal hopes"
2023-05-22,2023-05-19 15:30:00+00:00,2023-05-19 03:27:22+00:00,"European stocks rise; Smiths Group earnings, G7 meeting eyed"
2023-05-22,2023-05-19 15:30:00+00:00,2023-05-19 08:49:21+00:00,UPDATE 1-German shares near record levels as Wall St rally lifts Europe
2023-05-22,2023-05-19 15:30:00+00:00,2023-05-19 15:21:53+00:00,Germany’s Dax stock market powers to record high
2023-05-23,2023-05-22 15:30:00+00:00,2023-05-19 17:59:21+00:00,Stock Market Pulls Back As Debt Talks Stall; Warren Buffett's Berkshire Tops Buy Point
2023-05-23,2023-05-22 15:30:00+00:00,2023-05-19 19:16:21+00:00,Stock Market Holds Losses As Debt Talks Stall; Warren Buffett's Berkshire Buys More OXY
2023-05-23,2023-05-22 15:30:00+00:00,2023-05-19 20:27:21+00:00,"Stock Market Down For The Day, Gains For The Week; Warren Buffett's Berkshire Buys More OXY"
2023-05-23,2023-05-22 15:30:00+00:00,2023-05-22 07:47:12+00:00,FTSE 100 and European stocks open mixed as US debt concerns linger
2023-05-24,2023-05-23 15:30:00+00:00,2023-05-23 08:51:40+00:00,"UPDATE 1-European shares hit by slide in Julius Baer, Vivendi"
2023-05-24,2023-05-23 15:30:00+00:00,2023-05-23 09:00:10+00:00,Asian and European Markets Feel the U.S. Debt Ceiling Pressure
2023-05-25,2023-05-24 15:30:00+00:00,2023-05-24 07:43:48+00:00,US stocks and FTSE lower with focus lingering on US debt talks and inflation data
2023-05-25,2023-05-24 15:30:00+00:00,2023-05-24 09:22:39+00:00,International Markets Succumb to U.S. Debt Limit Worries
2023-05-26,2023-05-25 15:30:00+00:00,2023-05-24 20:38:07+00:00,Stock Market Closes Down In Afternoon Trading. Payment Stocks Fall Below Key Level.
2023-05-26,2023-05-25 15:30:00+00:00,2023-05-25 03:21:53+00:00,European stocks fall; Germany enters recession after 1Q GDP falls
2023-05-26,2023-05-25 15:30:00+00:00,2023-05-25 07:27:13+00:00,Fresenius shares rise; Kabi raises 2023 outlook
2023-05-26,2023-05-25 15:30:00+00:00,2023-05-25 09:39:29+00:00,UPDATE 2-European shares slip as macro gloom weighs; luxury stocks rebound
2023-05-29,2023-05-26 15:30:00+00:00,2023-05-26 03:45:33+00:00,"European stocks mixed; U.K. retail sales impress, but U.S. debt talks continue"
2023-05-29,2023-05-26 15:30:00+00:00,2023-05-26 09:05:47+00:00,UPDATE 2-European shares log best day in two months on tech advance; notch weekly losses
2023-05-30,2023-05-29 15:30:00+00:00,2023-05-28 14:00:00+00:00,ETFs in Focus as Germany Slips Into Recession
2023-05-31,2023-05-30 15:30:00+00:00,2023-05-30 03:26:23+00:00,European stocks lower; U.S. debt agreement needs to get through Congress
2023-05-31,2023-05-30 15:30:00+00:00,2023-05-30 08:28:37+00:00,UPDATE 2-European stocks slide amid US debt deal doubts
2023-06-01,2023-05-31 15:30:00+00:00,2023-05-31 03:16:35+00:00,"European stocks lower; Chinese manufacturing data, European inflation in focus"
2023-06-02,2023-06-01 15:30:00+00:00,2023-06-01 07:41:35+00:00,FTSE 100 higher after US debt deal
2023-06-02,2023-06-01 15:30:00+00:00,2023-06-01 07:41:35+00:00,FTSE and global markets higher as Eurozone inflation falls
2023-06-02,2023-06-01 15:30:00+00:00,2023-06-01 07:41:35+00:00,Wall Street struggles amid debt deal jitters while FTSE pushes higher
2023-06-02,2023-06-01 15:30:00+00:00,2023-06-01 07:41:35+00:00,Wall Street bounces back amid debt deal as FTSE closes higher
2023-06-02,2023-06-01 15:30:00+00:00,2023-06-01 07:41:35+00:00,FTSE and global markets push higher as Eurozone inflation falls
2023-06-05,2023-06-02 15:30:00+00:00,2023-06-02 03:32:18+00:00,European stocks rise; French industrial production beat helps sentiment
2023-06-06,2023-06-05 15:30:00+00:00,2023-06-02 19:34:13+00:00,Stock Market Holds Friday Afternoon Gains; Cathie Wood Adds More Of This Stock
2023-06-06,2023-06-05 15:30:00+00:00,2023-06-02 20:42:13+00:00,Stock Market Surge Underscores Bullish Week For Indexes; Dow Gains 700 Points
2023-06-06,2023-06-05 15:30:00+00:00,2023-06-05 03:45:46+00:00,European stocks edged higher; Lagarde speech could provide ECB  clues
2023-06-06,2023-06-05 15:30:00+00:00,2023-06-05 07:58:35+00:00,Wall Street and FTSE mixed as oil prices rise on Saudi supply cut
2023-06-06,2023-06-05 15:30:00+00:00,2023-06-05 14:53:16+00:00,Stock Market Sleeps In Monday; Industrial Stock Jumps 50% On Deal News
2023-06-07,2023-06-06 15:30:00+00:00,2023-06-05 16:31:16+00:00,Stock Market Mixed As Nasdaq Extends Advance; Cloud Stock Continues Rally
2023-06-07,2023-06-06 15:30:00+00:00,2023-06-06 03:18:16+00:00,European stocks drift lower; weak German factory orders hit sentiment
2023-06-07,2023-06-06 15:30:00+00:00,2023-06-06 07:55:11+00:00,Wall Street and FTSE stocks down on interest rate uncertainty
2023-06-07,2023-06-06 15:30:00+00:00,2023-06-06 07:55:11+00:00,FTSE 100 down as Europe wakes up to Kakhovka dam blast in Ukraine
2023-06-07,2023-06-06 15:30:00+00:00,2023-06-06 09:14:05+00:00,GLOBAL MARKETS-World stocks tread water as traders eye Fed pause prospects
2023-06-08,2023-06-07 15:30:00+00:00,2023-06-07 03:38:49+00:00,European stocks edge lower on global economic concerns
2023-06-08,2023-06-07 15:30:00+00:00,2023-06-07 08:33:24+00:00,FTSE falls as OECD warns UK has highest core inflation in G7
2023-06-09,2023-06-08 15:30:00+00:00,2023-06-08 08:08:05+00:00,FTSE in the red as eurozone falls into recession
2023-06-09,2023-06-08 15:30:00+00:00,2023-06-08 08:08:05+00:00,FTSE in the red as eurozone falls into recession and UK jobs market cools
2023-06-09,2023-06-08 15:30:00+00:00,2023-06-08 08:59:48+00:00,GLOBAL MARKETS-Shares stall as bond markets reprice rate expectations
2023-06-09,2023-06-08 15:30:00+00:00,2023-06-08 12:31:25+00:00,GLOBAL MARKETS-Shares struggle as bond markets reprice rate expectations
2023-06-09,2023-06-08 15:30:00+00:00,2023-06-08 15:29:05+00:00,European Recession in Focus Ahead of the ECB
2023-06-12,2023-06-09 15:30:00+00:00,2023-06-09 03:32:03+00:00,European stocks weaken after weak Chinese data raises recovery doubts
2023-06-13,2023-06-12 15:30:00+00:00,2023-06-12 03:24:06+00:00,European stocks trade higher; UBS gains after completing Credit Suisse takeover
2023-06-13,2023-06-12 15:30:00+00:00,2023-06-12 08:03:33+00:00,Wall Street and FTSE higher ahead of inflation data and interest rate decisions
2023-06-13,2023-06-12 15:30:00+00:00,2023-06-12 08:03:33+00:00,FTSE rises as UBS completes Credit Suisse takeover
2023-06-13,2023-06-12 15:30:00+00:00,2023-06-12 14:58:04+00:00,"Stock Market Upbeat Ahead Of CPI, Fed Decision; This IPO Stock Breaks Out"
2023-06-14,2023-06-13 15:30:00+00:00,2023-06-12 16:21:04+00:00,"Stock Market Holds Gains Ahead Of CPI, Fed Decision; Cruise Line Stocks Sail Higher"
2023-06-14,2023-06-13 15:30:00+00:00,2023-06-13 03:52:39+00:00,European stocks gain after China rate cut; tech stocks lead the way
2023-06-14,2023-06-13 15:30:00+00:00,2023-06-13 08:15:29+00:00,FTSE shrugs off UK wage growth jumping to record high
2023-06-14,2023-06-13 15:30:00+00:00,2023-06-13 09:29:39+00:00,"Stock market today: Global markets higher ahead of US inflation, Fed rates decision"
2023-06-15,2023-06-14 15:30:00+00:00,2023-06-14 03:32:34+00:00,European stocks edge higher ahead of Fed meeting; U.K. returns to growth
2023-06-15,2023-06-14 15:30:00+00:00,2023-06-14 08:48:27+00:00,"Asian Markets Mixed, European Stocks Rise on Fed Day"
2023-06-16,2023-06-15 15:30:00+00:00,2023-06-14 18:14:11+00:00,"Stock Market Falls After Fed Leaves Rates Unchanged, For Now; Health Insurance Stocks Sell Off"
2023-06-16,2023-06-15 15:30:00+00:00,2023-06-14 19:31:11+00:00,"Stock Market Recovers From Post-Fed Slide As Nasdaq, S&amp;P 500 Turn Positive"
2023-06-16,2023-06-15 15:30:00+00:00,2023-06-14 20:31:11+00:00,"Stock Market Closes Mixed As S&amp;P 500 Ekes Out Gain, Small Caps Tumble After Fed Decision"
2023-06-16,2023-06-15 15:30:00+00:00,2023-06-15 08:09:22+00:00,China Stocks Rise as Its Central Bank Cuts Rate. European Shares Slip on ECB Day.
2023-06-16,2023-06-15 15:30:00+00:00,2023-06-15 14:56:53+00:00,"Stock Market Gets Some Good News, Reverses Higher; Homebuilder Climbs On Upbeat Report"
2023-06-19,2023-06-16 15:30:00+00:00,2023-06-15 16:13:53+00:00,"Stock Market Adds To Gains As S&amp;P 500, Nasdaq Try To Extend Win Streaks; Domino's Impresses Wall Street"
2023-06-19,2023-06-16 15:30:00+00:00,2023-06-15 17:48:53+00:00,"Stock Market Holds Gains As S&amp;P 500, Nasdaq Try To Extend Win Streaks; Domino's Sizzles On Upgrade"
2023-06-19,2023-06-16 15:30:00+00:00,2023-06-16 09:29:39+00:00,Asian and European Stocks Rally to Close Week
2023-06-20,2023-06-19 15:30:00+00:00,2023-06-16 16:02:24+00:00,"UPDATE 2-European shares rise on defensive boost, post best week in 2 months"
2023-06-20,2023-06-19 15:30:00+00:00,2023-06-19 06:01:16+00:00,"China/U.S. talks, Goldman cuts China growth, BoE - what's moving markets"
2023-06-20,2023-06-19 15:30:00+00:00,2023-06-19 07:29:49+00:00,"European shares slide, Germany's DAX retreats from record high"
2023-06-21,2023-06-20 15:30:00+00:00,2023-06-20 10:30:21+00:00,U.K. Stocks Outperform as Food Inflation Cools
2023-06-22,2023-06-21 15:30:00+00:00,2023-06-21 07:53:02+00:00,LIVE: FTSE slumps as UK inflation makes 0.5% interest rate rise likely
2023-06-23,2023-06-22 15:30:00+00:00,2023-06-22 07:37:09+00:00,LIVE: FTSE 100 plunges at the open as Bank of England set to increase interest rate
2023-06-26,2023-06-23 15:30:00+00:00,2023-06-23 07:36:46+00:00,LIVE: FTSE and European markets sink at the open as central banks get hawkish
2023-06-26,2023-06-23 15:30:00+00:00,2023-06-23 08:49:36+00:00,"UPDATE 1-European shares set for worst week in three months, Siemens Energy plunges"
2023-06-26,2023-06-23 15:30:00+00:00,2023-06-23 14:29:45+00:00,"Stock Market Slides, Set To End Win Streak; PMI Mixed As Prices Index Shows This Trend"
2023-06-27,2023-06-26 15:30:00+00:00,2023-06-26 07:42:10+00:00,Wall Street flat as FTSE closes lower amid concerns over rate hikes
2023-06-27,2023-06-26 15:30:00+00:00,2023-06-26 07:42:10+00:00,LIVE: Wall Street flat and FTSE lower amid concerns over rate hikes
2023-06-27,2023-06-26 15:30:00+00:00,2023-06-26 07:42:10+00:00,LIVE: FTSE lower amid concerns over mortgage rates and price rises
2023-06-27,2023-06-26 15:30:00+00:00,2023-06-26 07:42:10+00:00,LIVE: FTSE 100 and European stocks mixed as Primark owner ABF lifts profit outlook
2023-06-27,2023-06-26 15:30:00+00:00,2023-06-26 07:42:10+00:00,LIVE: FTSE 100 and European stocks mixed as Primark-owner ABF lifts profit outlook
2023-06-28,2023-06-27 15:30:00+00:00,2023-06-27 10:01:32+00:00,GLOBAL MARKETS-European stocks lack momentum as China boost fades
2023-06-28,2023-06-27 15:30:00+00:00,2023-06-27 12:11:44+00:00,GLOBAL MARKETS-European shares fall on economic outlook; China boost fades
2023-06-29,2023-06-28 15:30:00+00:00,2023-06-28 07:39:30+00:00,LIVE: FTSE and European stocks open higher after Wall Street rally
2023-06-29,2023-06-28 15:30:00+00:00,2023-06-28 14:51:33+00:00,Stock Market Mixed; Powell Sees More Rate Hikes; Nvidia Feels The Heat On Potential Chip Ban
2023-06-29,2023-06-28 15:30:00+00:00,2023-06-28 14:51:33+00:00,Stock Market Indexes Remain Mixed; Cruise Line Stocks Sail Higher
2023-06-30,2023-06-29 15:30:00+00:00,2023-06-28 17:44:33+00:00,Stock Market Pulls Back From Day's Highs; Network Stock Jumps On Analyst's Coverage
2023-06-30,2023-06-29 15:30:00+00:00,2023-06-29 08:06:58+00:00,LIVE: FTSE lower as central bankers warn of more rate hikes
2023-07-03,2023-06-30 15:30:00+00:00,2023-06-30 08:15:42+00:00,LIVE: FTSE rises ahead of quarter end as UK avoids recession
2023-07-03,2023-06-30 15:30:00+00:00,2023-06-30 08:15:42+00:00,LIVE: FTSE rises ahead of quarter end despite annual fall in UK house prices
2023-07-04,2023-07-03 15:30:00+00:00,2023-07-03 03:30:06+00:00,European stocks post small gains; manufacturing PMIs in focus
2023-07-05,2023-07-04 15:30:00+00:00,2023-07-04 03:37:44+00:00,European stocks largely flat; Ryanair reports record June numbers
2023-07-05,2023-07-04 15:30:00+00:00,2023-07-04 05:54:10+00:00,"Global stocks muted, Meta to unveil Twitter rival - what's moving markets"
2023-07-05,2023-07-04 15:30:00+00:00,2023-07-04 08:02:40+00:00,LIVE: FTSE muted as UK banks summoned by FCA
2023-07-06,2023-07-05 15:30:00+00:00,2023-07-05 03:23:13+00:00,European stocks lower; sentiment hit by signs of global slowdown
2023-07-07,2023-07-06 15:30:00+00:00,2023-07-06 03:45:28+00:00,European stocks slump; hawkish Fed minutes increase growth concerns
2023-07-07,2023-07-06 15:30:00+00:00,2023-07-06 08:09:25+00:00,LIVE: FTSE slips to lowest level since March amid interest rate fears
2023-07-10,2023-07-07 15:30:00+00:00,2023-07-07 03:42:48+00:00,European stocks lower; caution ahead of key U.S. payrolls release
2023-07-10,2023-07-07 15:30:00+00:00,2023-07-07 11:48:31+00:00,European Stocks Find Footing as Market Awaits U.S. Jobs Data
2023-07-11,2023-07-10 15:30:00+00:00,2023-07-10 03:47:38+00:00,European stocks drift lower; weak Chinese inflation data weighs
2023-07-12,2023-07-11 15:30:00+00:00,2023-07-11 03:41:06+00:00,European stocks largely higher; FTSE underperforms after wage growth
2023-07-12,2023-07-11 15:30:00+00:00,2023-07-11 09:00:04+00:00,Trending tickers: Centrica | Begbies Traynor | Intel | H&amp;T Group
2023-07-12,2023-07-11 15:30:00+00:00,2023-07-11 14:00:43+00:00,Global Markets Today While US was Sleeping
2023-07-13,2023-07-12 15:30:00+00:00,2023-07-12 04:05:33+00:00,"European stocks rise, helped by U.K. banking gains; U.S. CPI due"
2023-07-13,2023-07-12 15:30:00+00:00,2023-07-12 07:31:12+00:00,LIVE: FTSE 100 higher despite mortgage misery warning from Bank of England
2023-07-14,2023-07-13 15:30:00+00:00,2023-07-13 03:39:37+00:00,European stocks mixed; weak U.K. economy dilutes positive sentiment
2023-07-17,2023-07-14 15:30:00+00:00,2023-07-14 03:27:26+00:00,European stocks mixed; Telecoms sector weighs
2023-07-17,2023-07-14 15:30:00+00:00,2023-07-14 08:11:38+00:00,LIVE: FTSE 100 moves higher ahead of bank earnings
2023-07-17,2023-07-14 15:30:00+00:00,2023-07-14 10:13:17+00:00,GLOBAL MARKETS-World stocks hit new 2023 highs after rally on inflation data
2023-07-17,2023-07-14 15:30:00+00:00,2023-07-14 12:08:20+00:00,GLOBAL MARKETS-World stocks set for best week since November 2022
2023-07-17,2023-07-14 15:30:00+00:00,2023-07-14 13:55:31+00:00,GLOBAL MARKETS-Wall Street climbs as inflation pull-back party continues
2023-07-18,2023-07-17 15:30:00+00:00,2023-07-14 15:40:27+00:00,"GLOBAL MARKETS-Wall St climbs on cooler inflation, positive earnings"
2023-07-18,2023-07-17 15:30:00+00:00,2023-07-14 18:14:12+00:00,"GLOBAL MARKETS-Wall St climbs again on cooler inflation, positive earnings"
2023-07-18,2023-07-17 15:30:00+00:00,2023-07-17 03:43:06+00:00,European stocks fall after underwhelming Chinese growth data; earnings to ramp up
2023-07-18,2023-07-17 15:30:00+00:00,2023-07-17 10:06:31+00:00,Global Shares Slip After China GDP Data
2023-07-19,2023-07-18 15:30:00+00:00,2023-07-18 08:54:49+00:00,GLOBAL MARKETS-World stocks near 15-month high; China data weighs on markets
2023-07-19,2023-07-18 15:30:00+00:00,2023-07-18 11:34:58+00:00,GLOBAL MARKETS-World stocks near 15-month high; China data dampens mood
2023-07-20,2023-07-19 15:30:00+00:00,2023-07-18 15:44:40+00:00,"GLOBAL MARKETS-Global shares rise, US shares mixed as Fed seen on target for rate hike"
2023-07-20,2023-07-19 15:30:00+00:00,2023-07-18 20:25:43+00:00,"GLOBAL MARKETS-Global shares rise, dollar rebounds as Fed seen on target for rate hike"
2023-07-20,2023-07-19 15:30:00+00:00,2023-07-19 03:06:35+00:00,European stocks gain after U.K. CPI grows more slowly than expected
2023-07-20,2023-07-19 15:30:00+00:00,2023-07-19 09:36:35+00:00,U.K. Inflation Figures Make a Splash Across the Atlantic
2023-07-21,2023-07-20 15:30:00+00:00,2023-07-20 03:53:44+00:00,European stocks mixed; corporate earnings in focus
2023-07-24,2023-07-21 15:30:00+00:00,2023-07-21 03:56:49+00:00,"European stocks mixed; U.K. retail sales, corporate earnings in focus"
2023-07-24,2023-07-21 15:30:00+00:00,2023-07-21 08:27:45+00:00,LIVE: FTSE muted as UK government borrowing falls but debt still highest since 1961
2023-07-24,2023-07-21 15:30:00+00:00,2023-07-21 08:51:35+00:00,"UPDATE 1-European shares flat as energy firms counter tech, healthcare drag"
2023-07-25,2023-07-24 15:30:00+00:00,2023-07-24 03:54:25+00:00,"European stocks lower; German PMI disappoints, Philips slumps"
2023-07-28,2023-07-27 15:30:00+00:00,2023-07-27 08:08:25+00:00,"LIVE: FTSE 100 ticks up after Fed rate rise as Shell, Barclays, Amazon report earnings"
2023-07-28,2023-07-27 15:30:00+00:00,2023-07-27 08:08:25+00:00,FTSE 100 and European stocks rally after as ECB hikes interest rates
2023-07-28,2023-07-27 15:30:00+00:00,2023-07-27 08:08:25+00:00,LIVE: FTSE 100 and European stocks rally after as ECB hikes interest rates
2023-07-28,2023-07-27 15:30:00+00:00,2023-07-27 08:08:25+00:00,LIVE: FTSE 100 ticks up after as ECB hikes interest rates
2023-07-31,2023-07-28 15:30:00+00:00,2023-07-28 04:20:46+00:00,European stocks mixed; strong AstraZeneca numbers help U.K. outperform
2023-07-31,2023-07-28 15:30:00+00:00,2023-07-28 07:57:39+00:00,LIVE: FTSE 100 rises as NatWest Coutts row continues to play out
2023-07-31,2023-07-28 15:30:00+00:00,2023-07-28 14:34:21+00:00,UK economy left behind as US heads for 'immaculate soft landing'
2023-08-01,2023-07-31 15:30:00+00:00,2023-07-31 04:17:45+00:00,"European stocks mixed; key eurozone growth, inflation data due"
2023-08-01,2023-07-31 15:30:00+00:00,2023-07-31 10:14:00+00:00,"Stocks Mixed, Jobs Data On Deck, Johnson &amp; Johnson Talc Plans, Walmart In India, Yellow Bankruptcy - 5 Things To Know"
2023-08-02,2023-08-01 15:30:00+00:00,2023-08-01 04:24:58+00:00,European stocks weaken; manufacturing PMI data disappoints
2023-08-03,2023-08-02 15:30:00+00:00,2023-08-02 03:48:17+00:00,European stocks weaken after U.S. downgrade; risk sentiment hit hard
2023-08-04,2023-08-03 15:30:00+00:00,2023-08-03 04:12:52+00:00,European stocks retreat; BOE rate decision in focus
2023-08-07,2023-08-04 15:30:00+00:00,2023-08-04 04:12:39+00:00,"European stocks higher; German factory orders jump, Maersk warns of demand hit"
2023-08-07,2023-08-04 15:30:00+00:00,2023-08-04 11:39:41+00:00,GLOBAL MARKETS-World stocks set for worst week since March; US payrolls in focus
2023-08-08,2023-08-07 15:30:00+00:00,2023-08-07 03:55:12+00:00,European stocks mixed; German industrial production slumps
2023-08-09,2023-08-08 15:30:00+00:00,2023-08-08 04:11:31+00:00,"European stocks edge lower; Italian banks, Chinese trade data weigh"
2023-08-09,2023-08-08 15:30:00+00:00,2023-08-08 09:38:23+00:00,UPDATE 2-Europe stocks dip as Italian banks hit by windfall tax; Novo Nordisk jumps
2023-08-09,2023-08-08 15:30:00+00:00,2023-08-08 12:15:58+00:00,"GLOBAL MARKETS-Global stocks fall, dollar rallies as weak China data disappoints"
2023-08-10,2023-08-09 15:30:00+00:00,2023-08-09 08:20:16+00:00,FTSE 100 and European markets in the green despite UK growth warnings
2023-08-10,2023-08-09 15:30:00+00:00,2023-08-09 08:20:16+00:00,LIVE: FTSE 100 and European markets in the green despite UK growth warnings
2023-08-11,2023-08-10 15:30:00+00:00,2023-08-10 09:10:21+00:00,GLOBAL MARKETS-Luxury sector lifts European shares as markets await U.S. CPI test
2023-08-11,2023-08-10 15:30:00+00:00,2023-08-10 11:28:01+00:00,GLOBAL MARKETS-Luxury sector lifts Europe as markets set for U.S. CPI test
2023-08-11,2023-08-10 15:30:00+00:00,2023-08-10 13:03:59+00:00,"GLOBAL MARKETS-Wall Street futures higher, dollar down after US CPI"
2023-08-14,2023-08-11 15:30:00+00:00,2023-08-10 19:50:42+00:00,"Fed rate hikes: 'We believe they're done,' strategist says"
2023-08-14,2023-08-11 15:30:00+00:00,2023-08-11 04:03:14+00:00,European stocks weaken; U.K. GDP grows slightly more than expected
2023-08-14,2023-08-11 15:30:00+00:00,2023-08-11 07:21:28+00:00,LIVE: FTSE 100 falls as UK economy registers slight growth in Q2 and US inflation ticks up
2023-08-14,2023-08-11 15:30:00+00:00,2023-08-11 07:21:28+00:00,LIVE: FTSE 100 falls as UK economy registers slight growth in Q2
2023-08-14,2023-08-11 15:30:00+00:00,2023-08-11 12:06:32+00:00,Global Markets Today While US Was Sleeping
2023-08-15,2023-08-14 15:30:00+00:00,2023-08-14 04:07:28+00:00,"European stocks mixed; German wholesale prices slip, Chinese property woes rise"
2023-08-17,2023-08-16 15:30:00+00:00,2023-08-16 04:05:31+00:00,"European stocks edge higher, helped by sharp drop in U.K. inflation data"
2023-08-17,2023-08-16 15:30:00+00:00,2023-08-16 08:12:21+00:00,LIVE: FTSE pulls back as UK inflation falls less than expected
2023-08-17,2023-08-16 15:30:00+00:00,2023-08-16 09:07:14+00:00,"GLOBAL MARKETS-Global stocks slip on China data, European shares recover some ground"
2023-08-17,2023-08-16 15:30:00+00:00,2023-08-16 12:11:56+00:00,"GLOBAL MARKETS-Global stocks slip as concerns about China mount, US futures flat"
2023-08-18,2023-08-17 15:30:00+00:00,2023-08-17 04:14:38+00:00,"European stocks lower on  hawkish Fed minutes, China's woes; BAE slumps"
2023-08-18,2023-08-17 15:30:00+00:00,2023-08-17 08:01:15+00:00,LIVE: FTSE 100 extends losses as dust settles on UK inflation read
2023-08-18,2023-08-17 15:30:00+00:00,2023-08-17 08:01:15+00:00,LIVE: FTSE 100 extends losses as US Treasury yields hit 15-year high on rate warning from Fed
2023-08-18,2023-08-17 15:30:00+00:00,2023-08-17 08:01:15+00:00,FTSE 100 extends losses as US Treasury yields hit 15-year high on rate warning from Fed
2023-08-21,2023-08-18 15:30:00+00:00,2023-08-18 03:56:07+00:00,European stocks weaken; U.K. retail sales slump
2023-08-21,2023-08-18 15:30:00+00:00,2023-08-18 07:55:43+00:00,LIVE: FTSE down and US stocks mixed amid lacklustre UK retail sales data
2023-08-21,2023-08-18 15:30:00+00:00,2023-08-18 07:55:43+00:00,LIVE: FTSE and US stocks slide amid lacklustre retail sales data
2023-08-21,2023-08-18 15:30:00+00:00,2023-08-18 07:55:43+00:00,LIVE: FTSE and pound slide amid lacklustre retail sales data
2023-08-22,2023-08-21 15:30:00+00:00,2023-08-21 03:47:04+00:00,"European stocks higher; German inflation retreats, China cuts interest rate"
2023-08-22,2023-08-21 15:30:00+00:00,2023-08-21 11:50:25+00:00,What Did Global Markets Do Today While US Was Sleeping?
2023-08-23,2023-08-22 15:30:00+00:00,2023-08-21 17:34:44+00:00,"GLOBAL MARKETS-US yields hit decade highs, European shares rise off 6-wk low"
2023-08-23,2023-08-22 15:30:00+00:00,2023-08-21 20:50:03+00:00,GLOBAL MARKETS-US yields hit decade highs; European shares and Nasdaq rise
2023-08-23,2023-08-22 15:30:00+00:00,2023-08-22 04:19:29+00:00,European stocks higher; tech sector leads the way
2023-08-24,2023-08-23 15:30:00+00:00,2023-08-23 03:46:00+00:00,"European stocks higher; PMIs mixed, Nvidia earnings due later"
2023-08-25,2023-08-24 15:30:00+00:00,2023-08-23 17:45:09+00:00,European Stocks Rise as Investors Eye Jackson Hole
2023-08-25,2023-08-24 15:30:00+00:00,2023-08-24 09:11:14+00:00,Nvidia results lift AI tokens
2023-08-28,2023-08-25 15:30:00+00:00,2023-08-24 17:53:03+00:00,European Stocks Drop Amid Jackson Hole Economic Jitters
2023-08-28,2023-08-25 15:30:00+00:00,2023-08-25 04:16:46+00:00,European stocks edge higher; trading subdued ahead of Jackson Hole
2023-08-29,2023-08-28 15:30:00+00:00,2023-08-25 15:30:46+00:00,European Stocks Tread Water After Jackson Hole Speech
2023-08-29,2023-08-28 15:30:00+00:00,2023-08-28 12:09:41+00:00,European Stocks Rise After China Moves to Boost Equities
2023-08-29,2023-08-28 15:30:00+00:00,2023-08-28 12:26:54+00:00,"Asia Up, Europe Up, Commodities Up - Global Markets Today While US Was Sleeping"
2023-08-29,2023-08-28 15:30:00+00:00,2023-08-28 14:16:50+00:00,US and European stocks rise as investors look to tech
2023-08-30,2023-08-29 15:30:00+00:00,2023-08-28 16:50:47+00:00,European Stocks Close Higher
2023-08-30,2023-08-29 15:30:00+00:00,2023-08-29 04:00:51+00:00,European stocks higher; U.K. index leads as German consumer confidence slips
2023-08-31,2023-08-30 15:30:00+00:00,2023-08-30 07:48:15+00:00,FTSE and US stocks in the green as UK house sales projected to sink 20% in 2023
2023-08-31,2023-08-30 15:30:00+00:00,2023-08-30 07:48:15+00:00,LIVE: FTSE and US stocks in the green as UK house sales projected to sink 20% in 2023
2023-08-31,2023-08-30 15:30:00+00:00,2023-08-30 07:48:15+00:00,LIVE: FTSE opens green as UK house sales projected to sink 20% in 2023
2023-09-01,2023-08-31 15:30:00+00:00,2023-08-31 07:54:45+00:00,LIVE: Stocks mixed as European inflation holds steady at 5.3%
2023-09-01,2023-08-31 15:30:00+00:00,2023-08-31 07:54:45+00:00,Stocks mixed as European inflation holds and US inflation inches up
2023-09-01,2023-08-31 15:30:00+00:00,2023-08-31 07:54:45+00:00,LIVE: Stocks mixed as European inflation holds and US inflation inches up
2023-09-01,2023-08-31 15:30:00+00:00,2023-08-31 09:26:23+00:00,"Eurozone inflation sticks at 5.3% for August, above expectations"
2023-09-01,2023-08-31 15:30:00+00:00,2023-08-31 13:14:23+00:00,"Asia and Europe Trade Mixed, Crude Oil Up - Global Markets Today While US Was Sleeping"
2023-09-04,2023-09-01 15:30:00+00:00,2023-09-01 03:43:53+00:00,"European stocks edge higher; eurozone PMI, US nonfarm payrolls in focus"
2023-09-04,2023-09-01 15:30:00+00:00,2023-09-01 07:54:53+00:00,LIVE: FTSE and European markets subdued ahead of manufacturing and jobs data
2023-09-04,2023-09-01 15:30:00+00:00,2023-09-01 13:14:01+00:00,"Asia Closes Higher, Europe Trades Higher Along With Crude and Gold - Global Markets Today While US Was Sleeping"
2023-09-05,2023-09-04 15:30:00+00:00,2023-09-01 15:56:30+00:00,European Stocks Trade Mixed After Solid U.S. Payrolls
2023-09-05,2023-09-04 15:30:00+00:00,2023-09-04 03:41:30+00:00,European stocks higher; Lagarde speech in focus
2023-09-05,2023-09-04 15:30:00+00:00,2023-09-04 07:33:28+00:00,LIVE: FTSE and European markets rise amid forecast of UK recession and insolvencies
2023-09-06,2023-09-05 15:30:00+00:00,2023-09-05 03:27:10+00:00,European stocks lower; weak Chinese data sets scene for European disappointment
2023-09-06,2023-09-05 15:30:00+00:00,2023-09-05 07:38:51+00:00,FTSE and Wall Street lower as Arm sets share price for US IPO
2023-09-06,2023-09-05 15:30:00+00:00,2023-09-05 08:37:29+00:00,GLOBAL MARKETS-Global shares drop as China optimism fades; Aussie tumbles
2023-09-06,2023-09-05 15:30:00+00:00,2023-09-05 12:02:26+00:00,"GLOBAL MARKETS-Global stocks falter on weak China, Europe data; Aussie tumbles"
2023-09-06,2023-09-05 15:30:00+00:00,2023-09-05 12:56:12+00:00,"Asia Closes in Red, Europe Trades Lower Along with Commodities - Global Markets Today While US Was Sleeping"
2023-09-07,2023-09-06 15:30:00+00:00,2023-09-06 03:38:19+00:00,European stocks lower; weak German factory orders weigh
2023-09-07,2023-09-06 15:30:00+00:00,2023-09-06 12:15:17+00:00,"Asian Markets Mixed, Europe Trades Lower Along With Crude and Gold - Global Markets Today While US Was Sleeping"
2023-09-08,2023-09-07 15:30:00+00:00,2023-09-07 03:19:35+00:00,European stocks slip; German industrial production weaken further
2023-09-08,2023-09-07 15:30:00+00:00,2023-09-07 03:24:21+00:00,European stocks weaken; German industrial production falls further
2023-09-08,2023-09-07 15:30:00+00:00,2023-09-07 07:44:26+00:00,Apple losses in focus as US and European stock markets slide
2023-09-08,2023-09-07 15:30:00+00:00,2023-09-07 07:44:26+00:00,LIVE: FTSE and European markets rise despite gloomy data releases
2023-09-08,2023-09-07 15:30:00+00:00,2023-09-07 07:44:26+00:00,LIVE: FTSE and European markets pull back amid global equities gloom
2023-09-11,2023-09-08 15:30:00+00:00,2023-09-08 03:44:00+00:00,European stocks edge higher; French industrial production rebounds
2023-09-12,2023-09-11 15:30:00+00:00,2023-09-08 16:47:52+00:00,European Stocks Rise as Traders Brush Off Rate Jitters
2023-09-12,2023-09-11 15:30:00+00:00,2023-09-11 03:38:55+00:00,"European stocks higher; ECB meeting, U.S. inflation to guide sentiment"
2023-09-12,2023-09-11 15:30:00+00:00,2023-09-11 08:02:53+00:00,LIVE: FTSE and pound gain as traders weigh 'peak' UK rates
2023-09-12,2023-09-11 15:30:00+00:00,2023-09-11 13:13:03+00:00,"Asian Markets Remain Mixed, Crude Falls While Eurozone Economic Growth Outlook Downgraded - Global Markets Today While US Was Sleeping"
2023-09-13,2023-09-12 15:30:00+00:00,2023-09-12 03:58:33+00:00,European stocks mixed; Spanish inflation rises while U.K. labor market cools
2023-09-13,2023-09-12 15:30:00+00:00,2023-09-12 08:00:16+00:00,FTSE rises as wage growth beats inflation for first time in two years
2023-09-13,2023-09-12 15:30:00+00:00,2023-09-12 12:42:42+00:00,"Asian and European Markets Mixed, Energy Rises While US Futures Trade In Red - Global Markets Today While US Was Sleeping"
2023-09-14,2023-09-13 15:30:00+00:00,2023-09-12 16:34:58+00:00,European Stocks Close Lower as Oil Prices Rise; UK's FTSE 100 Rises
2023-09-14,2023-09-13 15:30:00+00:00,2023-09-13 03:29:14+00:00,European stocks slip lower; U.K. economy contracted more than expected
2023-09-15,2023-09-14 15:30:00+00:00,2023-09-13 16:06:41+00:00,European Stocks Close Lower Ahead of ECB Decision; U.K. Stocks Flat
2023-09-15,2023-09-14 15:30:00+00:00,2023-09-14 03:25:29+00:00,European stocks mixed; ECB meeting in full focus
2023-09-15,2023-09-14 15:30:00+00:00,2023-09-14 08:25:52+00:00,LIVE: FTSE outperforms European peers ahead of ECB interest rate decision
2023-09-15,2023-09-14 15:30:00+00:00,2023-09-14 12:26:29+00:00,"Asian Markets Higher, Europe Trades In Green Following US Inflation Data - Global Markets Today While US Was Sleeping"
2023-09-18,2023-09-15 15:30:00+00:00,2023-09-15 15:29:57+00:00,"European Stocks Rise in Late Trade After Cheer From ECB, China Data"
2023-09-19,2023-09-18 15:30:00+00:00,2023-09-18 03:38:20+00:00,European stocks edge lower; caution ahead of central bank meetings
2023-09-19,2023-09-18 15:30:00+00:00,2023-09-18 08:15:56+00:00,European and Asia stocks dip as chipmakers lead declines
2023-09-19,2023-09-18 15:30:00+00:00,2023-09-18 14:42:19+00:00,European and Asia shares decline over fears of slowdown in chip sector
2023-09-20,2023-09-19 15:30:00+00:00,2023-09-18 17:20:46+00:00,Crude oil moves higher as investors look ahead to central bank meetings
2023-09-20,2023-09-19 15:30:00+00:00,2023-09-18 19:46:49+00:00,US stocks mixed as oil rises and traders await central bank meetings
2023-09-20,2023-09-19 15:30:00+00:00,2023-09-18 20:45:57+00:00,US stocks edge up as oil rises and traders await central bank meetings
2023-09-20,2023-09-19 15:30:00+00:00,2023-09-19 08:26:13+00:00,"LIVE: FTSE jumps, European markets mixed as oil prices continue rally"
2023-09-21,2023-09-20 15:30:00+00:00,2023-09-20 03:43:53+00:00,European stocks higher; U.K. inflation slows ahead of Fed decision
2023-09-21,2023-09-20 15:30:00+00:00,2023-09-20 10:04:22+00:00,"UK Inflation Slows, Triggering FTSE Rise and Sterling Fall"
2023-09-21,2023-09-20 15:30:00+00:00,2023-09-20 11:27:28+00:00,U.K. homebuilder and property shares surge amidst potential halt on BoE interest rate hikes
2023-09-21,2023-09-20 15:30:00+00:00,2023-09-20 13:05:30+00:00,"Asia Declines, Eurozone Trades In Green While Crude Drops In Anticipation of US Fed Meet - Global Markets Today While US Was Sleeping"
2023-09-22,2023-09-21 15:30:00+00:00,2023-09-20 16:19:49+00:00,"European Stocks Close Higher Ahead of Fed, BOE Decisions"
2023-09-22,2023-09-21 15:30:00+00:00,2023-09-21 10:18:19+00:00,DAX Rebounds Amid Positive German Producer Prices and Steady Chinese Economy
2023-09-25,2023-09-22 15:30:00+00:00,2023-09-22 06:38:28+00:00,"JPMorgan advocates for energy stocks, anticipates supply-demand gap post-2025"
2023-09-25,2023-09-22 15:30:00+00:00,2023-09-22 08:00:51+00:00,LIVE: FTSE 100 and European markets mixed following weak PMI report
2023-09-25,2023-09-22 15:30:00+00:00,2023-09-22 08:00:51+00:00,LIVE: FTSE 100 and European markets mixed following wobbly PMI report
2023-09-25,2023-09-22 15:30:00+00:00,2023-09-22 10:45:59+00:00,Germany’s Economy: A “Sore Athlete” Poised for Recovery Despite Challenges
2023-09-26,2023-09-25 15:30:00+00:00,2023-09-25 03:42:08+00:00,European stocks mixed; German Ifo survey due
2023-09-27,2023-09-26 15:30:00+00:00,2023-09-25 16:29:45+00:00,"Europe Stocks Drop Amid Economic, China Property Fears"
2023-09-27,2023-09-26 15:30:00+00:00,2023-09-26 03:53:54+00:00,European stocks largely lower; investors fret over rising yields
2023-10-02,2023-09-29 15:30:00+00:00,2023-09-28 17:13:48+00:00,European Stocks Rise as Investors Shrug Off Uncertainty
2023-10-02,2023-09-29 15:30:00+00:00,2023-09-29 08:04:49+00:00,LIVE: FTSE and European markets rise as UK economy grows 0.2% in Q2
2023-10-05,2023-10-04 15:30:00+00:00,2023-10-04 07:03:45+00:00,Bond rout keeps European stocks under pressure for third day
2023-10-05,2023-10-04 15:30:00+00:00,2023-10-04 07:50:52+00:00,LIVE: FTSE and European stocks slump after sell-off in US government bonds
2023-10-05,2023-10-04 15:30:00+00:00,2023-10-04 07:50:52+00:00,LIVE: FTSE falls and Wall Street rises after global bonds sell-off and weak US payroll data
2023-10-05,2023-10-04 15:30:00+00:00,2023-10-04 08:55:17+00:00,UPDATE 1-European stocks edge down as bond rout continues
2023-10-05,2023-10-04 15:30:00+00:00,2023-10-04 10:13:36+00:00,"Asia Stocks Fall, Following the U.S. Market. Europe Is Treading Water."
2023-10-06,2023-10-05 15:30:00+00:00,2023-10-05 04:11:27+00:00,European stocks edge higher; economic weakness overshadowed by U.S. gains
2023-10-06,2023-10-05 15:30:00+00:00,2023-10-05 07:39:56+00:00,LIVE: FTSE and European stocks rise as bond market sell-off sees respite
2023-10-09,2023-10-06 15:30:00+00:00,2023-10-05 16:21:07+00:00,European Stocks Close Mixed in Cautious Trade Ahead of U.S. Jobs Data
2023-10-09,2023-10-06 15:30:00+00:00,2023-10-06 04:12:49+00:00,European stocks climb; German factory orders rise ahead of U.S. jobs report
2023-10-09,2023-10-06 15:30:00+00:00,2023-10-06 07:52:02+00:00,LIVE: FTSE and European markets up ahead of US jobs data
2023-10-09,2023-10-06 15:30:00+00:00,2023-10-06 09:24:55+00:00,Stock market today: US futures tick higher in subdued trading ahead of US jobs report
2023-10-10,2023-10-09 15:30:00+00:00,2023-10-09 03:28:56+00:00,European stocks retreat as oil soars on Middle East conflict
2023-10-11,2023-10-10 15:30:00+00:00,2023-10-10 03:27:11+00:00,"European stocks higher; Fed speakers soothe nerves, BMW gains"
2023-10-12,2023-10-11 15:30:00+00:00,2023-10-11 04:14:33+00:00,European stocks mixed; LVMH slumps as sales growth slows
2023-10-12,2023-10-11 15:30:00+00:00,2023-10-11 09:14:16+00:00,GLOBAL MARKETS-Global stocks tick higher ahead of Fed minutes and U.S. inflation
2023-10-13,2023-10-12 15:30:00+00:00,2023-10-12 03:57:44+00:00,European stocks edge higher; U.K. GDP offers hope of future growth
2023-10-16,2023-10-13 15:30:00+00:00,2023-10-13 03:46:29+00:00,"European stocks mixed; Chinese trade, European inflation data in focus"
2023-10-16,2023-10-13 15:30:00+00:00,2023-10-13 07:51:51+00:00,LIVE: FTSE and European markets mixed as Microsoft gaming deal cleared
2023-10-18,2023-10-17 15:30:00+00:00,2023-10-16 16:07:29+00:00,European Stocks Rise as Investors Weigh Middle Eastern Tensions
2023-10-18,2023-10-17 15:30:00+00:00,2023-10-17 07:37:37+00:00,Stock market today: World shares gain on back of Wall Street rally as war shock to markets fades
2023-10-19,2023-10-18 15:30:00+00:00,2023-10-18 08:05:57+00:00,Stock market today: World markets edge lower as China reports slower growth in the last quarter
2023-10-23,2023-10-20 15:30:00+00:00,2023-10-20 07:39:54+00:00,LIVE: FTSE and European markets lower despite dips in UK borrowing and inflation
2023-10-23,2023-10-20 15:30:00+00:00,2023-10-20 07:39:54+00:00,LIVE: FTSE and US markets lower as Treasury yields cause jitters
2023-10-24,2023-10-23 15:30:00+00:00,2023-10-23 07:54:14+00:00,LIVE: FTSE and European stocks continue descent as Middle East tensions simmer
2023-10-25,2023-10-24 15:30:00+00:00,2023-10-23 16:11:27+00:00,Europe Stocks Close Mixed as Traders Eye Mideast Events
2023-10-26,2023-10-25 15:30:00+00:00,2023-10-25 10:31:12+00:00,Stock market today: World shares mixed after China pledges more support for slowing economy
2023-10-27,2023-10-26 15:30:00+00:00,2023-10-26 08:10:57+00:00,"Stock market today: World shares slide after Wall St rout driven by high yields, mixed earnings"
2023-10-27,2023-10-26 15:30:00+00:00,2023-10-26 08:14:26+00:00,LIVE: FTSE and European stocks fall ahead of ECB interest rate decision
2023-10-30,2023-10-27 15:30:00+00:00,2023-10-26 15:42:17+00:00,European Stocks Fall After ECB Leaves Rates on Hold
2023-10-30,2023-10-27 15:30:00+00:00,2023-10-27 08:18:02+00:00,LIVE: FTSE and European stock markets mixed amid weak Big Tech earnings
2023-10-31,2023-10-30 15:30:00+00:00,2023-10-30 05:06:51+00:00,European stocks edge higher; inflation data in focus ahead of Fed meeting
2023-11-01,2023-10-31 15:30:00+00:00,2023-10-30 17:43:10+00:00,European Stocks Rise as Banks Gain Despite Yield Fears
2023-11-01,2023-10-31 15:30:00+00:00,2023-10-31 04:51:29+00:00,European stocks edge higher; AB Inbev results help ahead of key data
2023-11-02,2023-11-01 15:30:00+00:00,2023-11-01 04:35:54+00:00,European stocks edge higher; Fed meeting in focus
2023-11-02,2023-11-01 15:30:00+00:00,2023-11-01 10:15:54+00:00,European Stocks Start November With Cautious Optimism
2023-11-03,2023-11-02 15:30:00+00:00,2023-11-02 04:45:59+00:00,"European stocks surge higher; Shell gains on buyback, BOE in spotlight"
2023-11-03,2023-11-02 15:30:00+00:00,2023-11-02 08:59:25+00:00,Wall Street pushes higher as FTSE closes in green amid rate hike pause
2023-11-03,2023-11-02 15:30:00+00:00,2023-11-02 08:59:25+00:00,Wall Street and FTSE higher as investors bet on end of interest rate hikes
2023-11-03,2023-11-02 15:30:00+00:00,2023-11-02 08:59:25+00:00,FTSE and European stocks higher as BoE holds interest rates
2023-11-03,2023-11-02 15:30:00+00:00,2023-11-02 08:59:25+00:00,FTSE and European stocks higher ahead of BoE interest rate call
2023-11-06,2023-11-03 15:30:00+00:00,2023-11-03 04:40:49+00:00,European stocks higher; SocGen gains ahead of key U.S. payrolls release
2023-11-06,2023-11-03 15:30:00+00:00,2023-11-03 09:56:10+00:00,"GLOBAL MARKETS-Global stocks set for best week in a year, focus turns to U.S. jobs"
2023-11-06,2023-11-03 15:30:00+00:00,2023-11-03 10:18:20+00:00,Wall Street rises on US jobs report as FTSE closes in red
2023-11-06,2023-11-03 15:30:00+00:00,2023-11-03 10:18:20+00:00,Wall Street rises on US jobs report as FTSE slides
2023-11-06,2023-11-03 15:30:00+00:00,2023-11-03 10:18:20+00:00,FTSE and European stocks higher after central bank pauses
2023-11-07,2023-11-06 15:30:00+00:00,2023-11-06 03:50:28+00:00,European stocks subdued ahead of central bank speakers; Ryanair shines
2023-11-07,2023-11-06 15:30:00+00:00,2023-11-06 10:53:29+00:00,"Asian Stocks Follow U.S. Higher, European Markets Steady to Start the Week"
2023-11-08,2023-11-07 15:30:00+00:00,2023-11-06 17:18:51+00:00,European Stocks Slip as Property Drops; Airlines Climb
2023-11-08,2023-11-07 15:30:00+00:00,2023-11-07 04:03:04+00:00,"European stocks edge lower; German industrial output, corporate earnings in focus"
2023-11-08,2023-11-07 15:30:00+00:00,2023-11-07 08:57:31+00:00,FTSE and European stocks lower as Wall Street rally fades
2023-11-09,2023-11-08 15:30:00+00:00,2023-11-08 03:36:07+00:00,European stocks stagnate ahead of key Powell speech; earnings also in focus
2023-11-09,2023-11-08 15:30:00+00:00,2023-11-08 10:54:04+00:00,"European, Asian Markets Edge Lower"
2023-11-10,2023-11-09 15:30:00+00:00,2023-11-09 08:57:46+00:00,"Wall Street mixed as investors wait on Powell for clues, FTSE closes higher"
2023-11-10,2023-11-09 15:30:00+00:00,2023-11-09 08:57:46+00:00,Live: Wall Street and FTSE higher as investors wait on Powell for clues
2023-11-10,2023-11-09 15:30:00+00:00,2023-11-09 08:57:46+00:00,Live: FTSE pushes higher on renewed rate hike pause hopes
2023-11-10,2023-11-09 15:30:00+00:00,2023-11-09 08:57:46+00:00,Live: FTSE and European stocks mixed as investors wait on Powell again
2023-11-10,2023-11-09 15:30:00+00:00,2023-11-09 08:57:46+00:00,FTSE and European stocks mixed as investors wait on Powell again
2023-11-13,2023-11-10 15:30:00+00:00,2023-11-10 03:42:14+00:00,European stocks retreat on hawkish Powell speech; Diageo slumps on outlook
2023-11-13,2023-11-10 15:30:00+00:00,2023-11-10 06:15:00+00:00,U.S. Stocks Are Relatively Pricey. Here Are 3 Bargains From Europe.
2023-11-13,2023-11-10 15:30:00+00:00,2023-11-10 10:29:05+00:00,GLOBAL MARKETS-World stocks slip as Fed's Powell quells rate peak bets
2023-11-13,2023-11-10 15:30:00+00:00,2023-11-10 12:48:38+00:00,GLOBAL MARKETS-Wall Street looks to slippery open as Fed's Powell quells rate peak bets
2023-11-14,2023-11-13 15:30:00+00:00,2023-11-13 04:15:33+00:00,"European stocks higher; economic outlook, monetary policies in spotlight"
2023-11-15,2023-11-14 15:30:00+00:00,2023-11-14 01:57:19+00:00,"European stocks subdued ahead of key eurozone GDP, U.S. CPI data"
2023-11-15,2023-11-14 15:30:00+00:00,2023-11-14 11:41:38+00:00,GLOBAL MARKETS-European stocks up ahead of U.S. inflation data
2023-11-16,2023-11-15 15:30:00+00:00,2023-11-14 16:10:27+00:00,European Stocks Jump After Below-Forecast U.S. Inflation Data
2023-11-16,2023-11-15 15:30:00+00:00,2023-11-15 03:50:18+00:00,European stocks higher; FTSE outperforms as U.K. CPI cools sharply
2023-11-16,2023-11-15 15:30:00+00:00,2023-11-15 08:45:50+00:00,LIVE: FTSE soars to one-month high as UK inflation hits two-year low
2023-11-16,2023-11-15 15:30:00+00:00,2023-11-15 08:45:50+00:00,LIVE: FTSE and European stocks higher as UK inflation hits two-year low
2023-11-17,2023-11-16 15:30:00+00:00,2023-11-16 03:57:34+00:00,European stocks consolidate after recent gains; Burberry slumps after warning
2023-11-17,2023-11-16 15:30:00+00:00,2023-11-16 09:11:15+00:00,LIVE: FTSE and European stocks muted as traders consolidate recent gains
2023-11-20,2023-11-17 15:30:00+00:00,2023-11-17 03:44:54+00:00,"European stocks climb higher; Lagarde speech, final eurozone CPI data due"
2023-11-20,2023-11-17 15:30:00+00:00,2023-11-17 08:55:59+00:00,Wall Street struggling as FTSE closes higher
2023-11-20,2023-11-17 15:30:00+00:00,2023-11-17 08:55:59+00:00,LIVE: Wall Street struggles as FTSE pushes higher
2023-11-20,2023-11-17 15:30:00+00:00,2023-11-17 08:55:59+00:00,LIVE: FTSE and European stocks higher as Eurozone inflation slows
2023-11-20,2023-11-17 15:30:00+00:00,2023-11-17 08:55:59+00:00,LIVE: FTSE and European stocks rise amid rate hike pause hopes
2023-11-21,2023-11-20 15:30:00+00:00,2023-11-20 03:07:43+00:00,European stocks mixed; central bankers in focus as earnings slow
2023-11-21,2023-11-20 15:30:00+00:00,2023-11-20 08:51:02+00:00,LIVE: FTSE down and European markets mixed as ousted OpenAI chief Sam Altman to join Microsoft
2023-11-21,2023-11-20 15:30:00+00:00,2023-11-20 10:16:44+00:00,UPDATE 1-European shares listless after robust week; Bayer tumbles to 14-year low
2023-11-22,2023-11-21 15:30:00+00:00,2023-11-21 02:59:03+00:00,"European stocks mixed; Lagarde speech, Fed minutes in focus"
2023-11-22,2023-11-21 15:30:00+00:00,2023-11-21 09:23:57+00:00,LIVE: FTSE and European stocks mixed as UK borrowing rises in October
2023-11-22,2023-11-21 15:30:00+00:00,2023-11-21 11:14:18+00:00,Rheinmetall shares jump as German weapons maker raises forecasts
2023-11-22,2023-11-21 15:30:00+00:00,2023-11-21 15:14:30+00:00,Rheinmetall sales to double by 2026 bolstered by heightening geopolitical tensions
2023-11-23,2023-11-22 15:30:00+00:00,2023-11-21 18:20:32+00:00,European Stocks Fall as Traders Sit Tight; Oil Drops
2023-11-23,2023-11-22 15:30:00+00:00,2023-11-22 03:09:25+00:00,European stocks edge higher; U.K. Autumn Statement due
2023-11-24,2023-11-23 15:30:00+00:00,2023-11-22 17:24:29+00:00,European Stocks Rise as U.S. Traders Eye Break; Sage Gains
2023-11-24,2023-11-23 15:30:00+00:00,2023-11-22 22:28:32+00:00,Germany's DAX to raise weighting cap for index constituents to 15%
2023-11-24,2023-11-23 15:30:00+00:00,2023-11-23 02:53:06+00:00,"European stocks edge higher ahead of key PMI data, ECB minutes"
2023-11-24,2023-11-23 15:30:00+00:00,2023-11-23 09:19:40+00:00,LIVE: FTSE and European stocks rise as richest to benefit most from autumn statement
2023-11-27,2023-11-24 15:30:00+00:00,2023-11-24 02:59:06+00:00,European stocks edge lower in thin trading; German GDP fell in Q3
2023-11-28,2023-11-27 15:30:00+00:00,2023-11-27 03:09:46+00:00,European stocks drift lower; key economic data releases to guide sentiment
2023-11-28,2023-11-27 15:30:00+00:00,2023-11-27 08:57:36+00:00,"LIVE: FTSE falls, dragged by oil and mining stocks ahead of delayed OPEC+ meeting"
2023-11-29,2023-11-28 15:30:00+00:00,2023-11-27 17:37:41+00:00,"European Stocks Close Lower, Reversing Recent Gains"
2023-11-29,2023-11-28 15:30:00+00:00,2023-11-28 02:47:33+00:00,European stocks slip; caution ahead of key inflation data
2023-11-29,2023-11-28 15:30:00+00:00,2023-11-28 09:08:24+00:00,LIVE: FTSE and European stocks lower ahead of key EU inflation data
2023-11-30,2023-11-29 15:30:00+00:00,2023-11-28 17:54:44+00:00,"European Stocks Close Mixed, Euro Rises"
2023-11-30,2023-11-29 15:30:00+00:00,2023-11-29 02:54:19+00:00,European stocks mixed; German state inflation drops sharply
2023-11-30,2023-11-29 15:30:00+00:00,2023-11-29 08:01:26+00:00,"German shares lead gains on signs of cooling inflation, UK blue-chips lag"
2023-11-30,2023-11-29 15:30:00+00:00,2023-11-29 10:19:47+00:00,UPDATE 1-German shares touch 4-month highs on signs of easing inflation
2023-12-01,2023-11-30 15:30:00+00:00,2023-11-29 18:16:52+00:00,European Stocks Rise as German Inflation Slows
2023-12-01,2023-11-30 15:30:00+00:00,2023-11-30 03:16:00+00:00,European stocks mixed; German retail sales help sentiment
2023-12-01,2023-11-30 15:30:00+00:00,2023-11-30 08:39:35+00:00,FTSE 100 and European stocks up as EU inflation set to slow further
2023-12-04,2023-12-01 15:30:00+00:00,2023-11-30 18:28:19+00:00,European Stocks Rise as Inflation Data Boost Mood
2023-12-04,2023-12-01 15:30:00+00:00,2023-12-01 03:01:17+00:00,European stocks higher; starting new month on positive note
2023-12-04,2023-12-01 15:30:00+00:00,2023-12-01 08:58:47+00:00,LIVE: FTSE higher and US stocks cautious ahead of Fed chair Powell speech
2023-12-06,2023-12-05 15:30:00+00:00,2023-12-05 03:09:26+00:00,"European stocks mixed; eurozone PMIs, inflation data in focus"
2023-12-06,2023-12-05 15:30:00+00:00,2023-12-05 14:10:59+00:00,Germany’s DAX Index Eyes Record High as November Rally Extends
2023-12-07,2023-12-06 15:30:00+00:00,2023-12-06 03:00:53+00:00,"European stocks higher; German factory orders slump, Tui looks at delisting"
2023-12-07,2023-12-06 15:30:00+00:00,2023-12-06 06:31:24+00:00,GLOBAL MARKETS-Asia stocks rally as lower bond yields buoy tech; China shares find footing
2023-12-07,2023-12-06 15:30:00+00:00,2023-12-06 08:39:36+00:00,Holiday giant Tui considers ditching London stock market listing
2023-12-07,2023-12-06 15:30:00+00:00,2023-12-06 09:10:17+00:00,LIVE: FTSE up and DAX at record high amid rising bets of global interest rates peak
2023-12-07,2023-12-06 15:30:00+00:00,2023-12-06 12:54:37+00:00,Germany's DAX Hits a Record High After Grim Factory Data
2023-12-08,2023-12-07 15:30:00+00:00,2023-12-06 18:21:34+00:00,Container ship crashes in Suez Canal
2023-12-08,2023-12-07 15:30:00+00:00,2023-12-06 19:37:11+00:00,"GLOBAL MARKETS-Stocks edge up, 10-year Treasury yield falls as rate cut timing weighed"
2023-12-08,2023-12-07 15:30:00+00:00,2023-12-06 21:56:22+00:00,"GLOBAL MARKETS-Stocks slip, 10-year Treasury yield falls as rate cut timing weighed"
2023-12-08,2023-12-07 15:30:00+00:00,2023-12-07 09:56:19+00:00,UPDATE 1-European shares drop after recent rally; economic woes weigh
2023-12-08,2023-12-07 15:30:00+00:00,2023-12-07 14:14:04+00:00,"GLOBAL MARKETS-Yen roars, bonds flinch as Japan teases rates shift"
2023-12-11,2023-12-08 15:30:00+00:00,2023-12-07 17:24:17+00:00,European Stocks Close Mostly Lower; FTSE 100 Flat
2023-12-11,2023-12-08 15:30:00+00:00,2023-12-08 08:40:36+00:00,LIVE: FTSE and European markets move higher as US jobs data beats expectations
2023-12-12,2023-12-11 15:30:00+00:00,2023-12-08 17:41:19+00:00,European Stocks Rise After Stronger-Than-Expected U.S. Job Data
2023-12-12,2023-12-11 15:30:00+00:00,2023-12-11 08:50:50+00:00,Live: FTSE and European stocks mixed ahead of interest rate calls
2023-12-13,2023-12-12 15:30:00+00:00,2023-12-12 08:48:42+00:00,LIVE: FTSE and European stocks higher as UK wage growth slows
2023-12-14,2023-12-13 15:30:00+00:00,2023-12-12 16:19:50+00:00,"GLOBAL MARKETS-Wall Street meanders higher after CPI report, crude slides"
2023-12-14,2023-12-13 15:30:00+00:00,2023-12-12 17:16:08+00:00,"UPDATE 1-Wall Street inches higher after CPI report, crude slides"
2023-12-14,2023-12-13 15:30:00+00:00,2023-12-12 21:19:49+00:00,Europe’s economy is in a bad way. Policymakers need to react
2023-12-14,2023-12-13 15:30:00+00:00,2023-12-13 03:16:56+00:00,European stocks edge higher; U.K. growth data disappoints ahead of Fed meeting
2023-12-15,2023-12-14 15:30:00+00:00,2023-12-13 16:45:45+00:00,"European Stocks Trade Mixed After U.K., U.S. Economic Data"
2023-12-15,2023-12-14 15:30:00+00:00,2023-12-14 03:09:45+00:00,"European stocks surge higher after dovish Fed; ECB, BOE now due"
2023-12-15,2023-12-14 15:30:00+00:00,2023-12-14 06:05:51+00:00,European Stock Futures Rally on Fed Pivot Before ECB Decision
2023-12-15,2023-12-14 15:30:00+00:00,2023-12-14 12:21:38+00:00,European Stocks Rise Ahead of ECB Decision With Rate Cuts Expected in 2024
2023-12-18,2023-12-15 15:30:00+00:00,2023-12-14 16:55:32+00:00,"European Stocks Pare Gains After Hawkish ECB, BOE Signals"
2023-12-18,2023-12-15 15:30:00+00:00,2023-12-15 03:04:19+00:00,European stocks continue post-Fed rally; H&amp;M sales disappoint
2023-12-18,2023-12-15 15:30:00+00:00,2023-12-15 08:54:28+00:00,LIVE: FTSE slips into red and US stocks mixed after Fed's Williams sows doubt on rate path
2023-12-19,2023-12-18 15:30:00+00:00,2023-12-18 03:19:14+00:00,European stocks slip ahead of German Ifo; inflation data also in focus
2023-12-20,2023-12-19 15:30:00+00:00,2023-12-19 10:17:45+00:00,Eurozone inflation remains at 2.4% in November
2023-12-20,2023-12-19 15:30:00+00:00,2023-12-19 12:13:34+00:00,GLOBAL MARKETS-Wall Street set to open higher as traders bet on rate cuts
2023-12-21,2023-12-20 15:30:00+00:00,2023-12-19 17:56:33+00:00,European Stocks Rise as Dovish Bank of Japan Boosts Mood
2023-12-21,2023-12-20 15:30:00+00:00,2023-12-20 03:06:48+00:00,"European stocks rise, boosted by sharp slowdown in U.K. inflation"
2023-12-22,2023-12-21 15:30:00+00:00,2023-12-20 18:16:09+00:00,European Stocks Trade Mixed Amid Interest-Rate Uncertainty
2023-12-22,2023-12-21 15:30:00+00:00,2023-12-21 03:12:55+00:00,European stocks retreat as investors bank profits ahead of festive break
2023-12-22,2023-12-21 15:30:00+00:00,2023-12-21 08:51:57+00:00,LIVE: FTSE 100 struggling as Wall Street rally cools
2023-12-22,2023-12-21 15:30:00+00:00,2023-12-21 10:12:39+00:00,"UPDATE 1-European shares slip in broader sell-off, US GDP data in focus"
2023-12-28,2023-12-27 15:30:00+00:00,2023-12-27 08:50:13+00:00,FTSE higher as investors bet on interest rate cuts in 2024 but Europe flat
2023-12-29,2023-12-28 15:30:00+00:00,2023-12-27 17:21:11+00:00,European Equities Close Higher as Rate-Cut Optimism Prevails
2023-12-29,2023-12-28 15:30:00+00:00,2023-12-28 13:16:54+00:00,European Stocks Edge Lower as Rate-Cut Optimism Fades
2023-12-29,2023-12-28 15:30:00+00:00,2023-12-28 15:02:14+00:00,Stock market today: Stocks edge higher on Wall Street in muted trading
2024-01-02,2023-12-29 15:30:00+00:00,2023-12-28 18:18:37+00:00,European Stocks Close Lower as Year-End Flows Dominate in Quiet Trade
2024-01-02,2023-12-29 15:30:00+00:00,2023-12-29 13:12:18+00:00,"European Stocks Gain, Adding to 2023 Rally"
2024-01-03,2024-01-02 15:30:00+00:00,2024-01-02 03:07:11+00:00,European stocks rise ahead of key manufacturing PMI data
2024-01-03,2024-01-02 15:30:00+00:00,2024-01-02 11:00:00+00:00,MORNING BID AMERICAS-S&amp;P 500 record in view as 2024 begins in same vein
2024-01-03,2024-01-02 15:30:00+00:00,2024-01-02 11:04:07+00:00,Marketmind: S&amp;P 500 record in view as 2024 begins in same vein
2024-01-03,2024-01-02 15:30:00+00:00,2024-01-02 12:47:58+00:00,European Stocks Gain Despite Downbeat PMI Data
2024-01-04,2024-01-03 15:30:00+00:00,2024-01-02 17:58:19+00:00,European Stocks Drop; Maersk Gains After Red Sea Suspension
2024-01-04,2024-01-03 15:30:00+00:00,2024-01-03 03:08:18+00:00,European stocks mixed; risk rally pauses for breath
2024-01-04,2024-01-03 15:30:00+00:00,2024-01-03 09:41:10+00:00,European Stocks Slip Further After Cautious Start to New Year
2024-01-05,2024-01-04 15:30:00+00:00,2024-01-03 18:04:10+00:00,European Stocks Drop as Geopolitical Tensions Weigh
2024-01-05,2024-01-04 15:30:00+00:00,2024-01-04 03:15:33+00:00,European stocks edge higher; inflation data in focus
2024-01-05,2024-01-04 15:30:00+00:00,2024-01-04 10:13:10+00:00,"UPDATE 1-European shares rebound from three-week lows on energy, healthcare boost"
2024-01-08,2024-01-05 15:30:00+00:00,2024-01-05 03:16:18+00:00,"European stocks weaken ahead of key EU inflation, US payrolls data"
2024-01-08,2024-01-05 15:30:00+00:00,2024-01-05 08:55:32+00:00,FTSE 100 down and US stocks up as non-farm payrolls stronger than expected
2024-01-08,2024-01-05 15:30:00+00:00,2024-01-05 08:55:32+00:00,LIVE: FTSE 100 down and US stocks up as non-farm payrolls stronger than expected
2024-01-08,2024-01-05 15:30:00+00:00,2024-01-05 08:55:32+00:00,LIVE: FTSE 100 and European stocks slip as US non-farm payrolls stronger than expected
2024-01-08,2024-01-05 15:30:00+00:00,2024-01-05 08:55:32+00:00,LIVE: FTSE 100 and European stocks slip as rate cut hopes waver
2024-01-09,2024-01-08 15:30:00+00:00,2024-01-05 18:08:24+00:00,European Stocks Drop After U.S. Job Gains Top Forecasts
2024-01-09,2024-01-08 15:30:00+00:00,2024-01-08 03:06:19+00:00,European stocks mixed; caution ahead of important inflation data
2024-01-09,2024-01-08 15:30:00+00:00,2024-01-08 09:37:37+00:00,"UPDATE 2-European shares end higher as tech, retail lead rebound; energy shares dip"
2024-01-10,2024-01-09 15:30:00+00:00,2024-01-08 17:24:28+00:00,European Stocks Rise as Crude Losses Boost Bullish Mood
2024-01-10,2024-01-09 15:30:00+00:00,2024-01-09 08:00:00+00:00,UK stock funds suffer third year of outflows in 2023 - Calastone
2024-01-10,2024-01-09 15:30:00+00:00,2024-01-09 09:54:38+00:00,"UPDATE 1-European shares slip on tech drag, markets await economic data"
2024-01-11,2024-01-10 15:30:00+00:00,2024-01-10 03:25:10+00:00,European stocks edge lower; French industrial production impresses
2024-01-11,2024-01-10 15:30:00+00:00,2024-01-10 09:26:58+00:00,LIVE: FTSE and European stocks subdued after false SEC approval for Bitcoin ETFs
2024-01-11,2024-01-10 15:30:00+00:00,2024-01-10 09:37:29+00:00,"GLOBAL MARKETS-Japan stocks hit 34-year high, global markets calm before US inflation"
2024-01-11,2024-01-10 15:30:00+00:00,2024-01-10 12:34:38+00:00,"GLOBAL MARKETS-Japan stocks hit 34-year high, markets calm before US inflation data"
2024-01-12,2024-01-11 15:30:00+00:00,2024-01-11 03:25:16+00:00,European stocks rise ahead of key US CPI; Tesco lifts profit guidance
2024-01-12,2024-01-11 15:30:00+00:00,2024-01-11 09:10:31+00:00,LIVE: FTSE and European stocks higher as traders await US inflation figures
2024-01-15,2024-01-12 15:30:00+00:00,2024-01-12 03:12:01+00:00,European stocks rise after UK economy grows; Burberry issues profit warning
2024-01-15,2024-01-12 15:30:00+00:00,2024-01-12 08:41:06+00:00,LIVE: Wall Street and FTSE higher as big banks report earnings
2024-01-16,2024-01-15 15:30:00+00:00,2024-01-15 03:17:37+00:00,"European stocks edge higher; Davos, German GDP in focus"
2024-01-16,2024-01-15 15:30:00+00:00,2024-01-15 09:20:12+00:00,"GLOBAL MARKETS-Global stocks steady before busy week, China skips rate cut"
2024-01-16,2024-01-15 15:30:00+00:00,2024-01-15 12:32:06+00:00,"GLOBAL MARKETS-Global stocks steady at start of busy week, China skips rate cut"
2024-01-16,2024-01-15 15:30:00+00:00,2024-01-15 15:25:10+00:00,"REFILE-GLOBAL MARKETS-European stocks fall as yields rise, China skips rate cut"
2024-01-17,2024-01-16 15:30:00+00:00,2024-01-16 05:48:27+00:00,Stock market today: Asian shares sink as jitters over Chinese markets prompt heavy selling
2024-01-17,2024-01-16 15:30:00+00:00,2024-01-16 09:33:01+00:00,UPDATE 1-European shares slip as traders scale back rate cut expectations
2024-01-18,2024-01-17 15:30:00+00:00,2024-01-17 03:07:34+00:00,"European stocks fall on rate cut uncertainity, weak Chinese growth data"
2024-01-18,2024-01-17 15:30:00+00:00,2024-01-17 09:05:55+00:00,LIVE: FTSE and European stocks slump after shock rise in UK inflation
2024-01-19,2024-01-18 15:30:00+00:00,2024-01-17 17:58:08+00:00,European Stocks Close Lower as Rate-Cut Prospects Dim
2024-01-19,2024-01-18 15:30:00+00:00,2024-01-18 03:09:44+00:00,European stocks edge higher; Richemont gains on strong China sales
2024-01-19,2024-01-18 15:30:00+00:00,2024-01-18 09:14:43+00:00,LIVE: FTSE and European markets subdued after Wednesday's dramatic slide
2024-01-19,2024-01-18 15:30:00+00:00,2024-01-18 09:47:32+00:00,GLOBAL MARKETS-European shares recover some losses after rate expectations shift
2024-01-19,2024-01-18 15:30:00+00:00,2024-01-18 13:15:19+00:00,GLOBAL MARKETS-European stocks recover from rate expectations' shift
2024-01-22,2024-01-19 15:30:00+00:00,2024-01-18 17:49:39+00:00,European Stocks Rebound and Close Higher
2024-01-22,2024-01-19 15:30:00+00:00,2024-01-19 03:19:54+00:00,European stocks edge higher; UK retail sales slump
2024-01-23,2024-01-22 15:30:00+00:00,2024-01-22 08:53:07+00:00,LIVE: FTSE 100 and European stocks higher as storm Isha batters region
2024-01-24,2024-01-23 15:30:00+00:00,2024-01-23 03:12:14+00:00,European stocks edge higher; investors await ECB meeting
2024-01-24,2024-01-23 15:30:00+00:00,2024-01-23 08:46:06+00:00,LIVE: Wall Street hits pause on rally as FTSE 100 loses gains
2024-01-24,2024-01-23 15:30:00+00:00,2024-01-23 08:46:06+00:00,LIVE: FTSE and European markets higher amid UK tax cut hopes
2024-01-24,2024-01-23 15:30:00+00:00,2024-01-23 08:58:36+00:00,"GLOBAL MARKETS-World stocks pick up, China markets struggle"
2024-01-24,2024-01-23 15:30:00+00:00,2024-01-23 12:37:12+00:00,"GLOBAL MARKETS-Stocks hover near one-month highs, China markets struggle"
2024-01-25,2024-01-24 15:30:00+00:00,2024-01-24 03:08:42+00:00,European stocks rise on generally upbeat earnings; PMI data due
2024-01-25,2024-01-24 15:30:00+00:00,2024-01-24 09:04:26+00:00,LIVE: FTSE and European stocks rise despite cut in Germany's growth forecast
2024-01-26,2024-01-25 15:30:00+00:00,2024-01-25 03:04:58+00:00,European stocks edge lower in cautious trading ahead of ECB decision
2024-01-26,2024-01-25 15:30:00+00:00,2024-01-25 09:16:51+00:00,LIVE: FTSE and European stocks fall as traders await ECB interest rate decision
2024-01-29,2024-01-26 15:30:00+00:00,2024-01-25 17:21:06+00:00,European Stocks Rise After ECB Leaves Rates Unchanged
2024-01-29,2024-01-26 15:30:00+00:00,2024-01-26 03:14:42+00:00,European stocks mixed; German consumer sentiment weakens
2024-01-29,2024-01-26 15:30:00+00:00,2024-01-26 08:56:25+00:00,LIVE: FTSE 100 rises and European stocks mixed as UK consumer confidence hits two-year high
2024-01-30,2024-01-29 15:30:00+00:00,2024-01-29 03:35:02+00:00,European stocks mixed; caution at start of action-packed week
2024-01-30,2024-01-29 15:30:00+00:00,2024-01-29 08:45:02+00:00,FTSE 100 LIVE: European markets calm after court orders Evergrande liquidation
2024-01-31,2024-01-30 15:30:00+00:00,2024-01-30 03:10:23+00:00,European stocks edge higher; eurozone growth data in spotlight
2024-03-13,2024-03-12 15:30:00+00:00,2024-03-12 08:43:54+00:00,Markets rise as US inflation comes in higher than forecast
2024-03-14,2024-03-13 15:30:00+00:00,2024-03-12 16:51:38+00:00,"European Stocks Rise in Closing Trade, Shrugging Off Higher U.S. Inflation"
2024-03-14,2024-03-13 15:30:00+00:00,2024-03-13 09:06:42+00:00,FTSE 100: Wall Street mixed as London closes higher
2024-03-15,2024-03-14 15:30:00+00:00,2024-03-14 08:45:04+00:00,FTSE 100: Wall Street struggles after hot inflation print as London closes in red
2024-03-20,2024-03-19 15:30:00+00:00,2024-03-19 08:43:29+00:00,FTSE and US mixed as central banks circle wagons on interest rates
2024-03-21,2024-03-20 15:30:00+00:00,2024-03-20 09:00:25+00:00,FTSE 100: European and US stocks mixed as UK inflation falls to 3.4% and traders await Fed decision
2024-03-22,2024-03-21 15:30:00+00:00,2024-03-21 09:02:05+00:00,FTSE 100: Stocks surge as billions wiped off Apple following US antitrust suit
2024-03-25,2024-03-22 15:30:00+00:00,2024-03-22 08:37:57+00:00,European stocks mixed and US tepid as central banks signal rate cuts
2024-03-25,2024-03-22 15:30:00+00:00,2024-03-22 12:13:37+00:00,FOREX-Dollar set for weekly rise after sea-change in global rate outlook
2024-03-27,2024-03-26 15:30:00+00:00,2024-03-26 08:44:24+00:00,FTSE and European stocks mixed and US up as traders look to inflation data
2024-03-28,2024-03-27 15:30:00+00:00,2024-03-27 09:55:08+00:00,UPDATE 2-Europe's STOXX 600 ekes out gain on defensive boost; H&amp;M jumps
2024-04-02,2024-03-28 15:30:00+00:00,2024-03-28 09:13:42+00:00,FTSE 100: Wall Street and Europe push higher as US economy beats expectations
2024-04-03,2024-04-02 15:30:00+00:00,2024-04-02 07:38:10+00:00,European and US stocks slip into the red as rate cut uncertainty rules
2024-04-04,2024-04-03 15:30:00+00:00,2024-04-03 08:08:57+00:00,FTSE 100: Wall Street slips despite strong US jobs growth and EU inflation fall
2024-04-05,2024-04-04 15:30:00+00:00,2024-04-04 08:04:50+00:00,FTSE 100: Wall Street and European stocks rise as Fed comments ease traders
2024-04-09,2024-04-08 15:30:00+00:00,2024-04-08 09:02:15+00:00,REFILE-UPDATE 1-Germany leads European stocks higher; ECB policy meet in focus
2024-04-10,2024-04-09 15:30:00+00:00,2024-04-09 07:48:47+00:00,FTSE 100 LIVE: European stocks fall as investors pare bets on rate cuts
2024-04-11,2024-04-10 15:30:00+00:00,2024-04-10 08:00:01+00:00,FTSE: Wall Street drags European stock lower as US inflation rises to 3.5%
2024-04-11,2024-04-10 15:30:00+00:00,2024-04-10 08:00:01+00:00,FTSE 100 LIVE: European stocks push higher ahead of key US inflation report
2024-04-12,2024-04-11 15:30:00+00:00,2024-04-11 08:09:03+00:00,FTSE 100 LIVE: European stocks muted as BoE official says UK rate cuts should be ‘a way off’
2024-04-15,2024-04-12 15:30:00+00:00,2024-04-12 08:09:21+00:00,Wall Street falls on weak consumer confidence while FTSE closes high
2024-04-15,2024-04-12 15:30:00+00:00,2024-04-12 08:09:21+00:00,FTSE 100 LIVE: Wall Street falls on weak consumer confidence while London surges after UK growth
2024-04-15,2024-04-12 15:30:00+00:00,2024-04-12 08:09:21+00:00,FTSE 100 LIVE: European stocks rise as UK growth points to end of recession
2024-04-15,2024-04-12 15:30:00+00:00,2024-04-12 08:09:21+00:00,FTSE 100 LIVE: European stocks rise as UK growth in February boosts end of recession hopes
2024-04-16,2024-04-15 15:30:00+00:00,2024-04-15 08:09:04+00:00,FTSE 100 LIVE: European stock markets mixed amid rising tensions in the Middle East
2024-04-17,2024-04-16 15:30:00+00:00,2024-04-16 08:08:18+00:00,FTSE 100 LIVE: European stocks slump as China growth fails to cheer traders
2024-04-17,2024-04-16 15:30:00+00:00,2024-04-16 09:26:14+00:00,UPDATE 1-STOXX 600 nears six-week low on geopolitical jitters; Ericsson shines
2024-04-18,2024-04-17 15:30:00+00:00,2024-04-16 17:31:41+00:00,FTSE suffers worst plunge in nine months amid global sell-off
2024-04-18,2024-04-17 15:30:00+00:00,2024-04-17 08:12:35+00:00,FTSE 100 LIVE: European stocks push higher as UK inflation falls less than expected
2024-04-19,2024-04-18 15:30:00+00:00,2024-04-18 08:08:57+00:00,FTSE 100 LIVE: Stocks rise as positive corporate results offset drop in European electric car sales
2024-04-22,2024-04-19 15:30:00+00:00,2024-04-19 08:12:42+00:00,FTSE 100 LIVE: European stocks slump and oil rises as Israel retaliates against Iran
2024-04-23,2024-04-22 15:30:00+00:00,2024-04-19 17:07:06+00:00,GB News to axe 40 jobs weeks after revealing heavy losses
2024-04-25,2024-04-24 15:30:00+00:00,2024-04-24 08:16:38+00:00,FTSE 100 LIVE: European stocks higher as London hits fresh intraday record high
2024-04-29,2024-04-26 15:30:00+00:00,2024-04-26 11:48:05+00:00,"Tech, Central Bank Outlooks Buoy European Bourses Midday"
2024-04-30,2024-04-29 15:30:00+00:00,2024-04-29 08:11:56+00:00,FTSE 100 LIVE: European stocks rise as Japanese yen swings wildly overnight
2024-04-30,2024-04-29 15:30:00+00:00,2024-04-29 11:41:25+00:00,Earnings Results Boost European Bourses Midday
2024-05-02,2024-04-30 15:30:00+00:00,2024-04-29 16:11:21+00:00,European Equities Close Mixed in Monday Trading; Economic Sentiment Falls in April; Lawsuit Dents Deutsche Bank Shares
2024-05-02,2024-04-30 15:30:00+00:00,2024-04-30 11:42:02+00:00,"Inflation, Earnings Steady European Bourses Midday"
2024-05-03,2024-05-02 15:30:00+00:00,2024-05-01 08:10:36+00:00,FTSE 100 LIVE: London stocks rise despite UK house prices falling in April
2024-05-03,2024-05-02 15:30:00+00:00,2024-05-02 11:49:10+00:00,"Fed Outlook, Earnings Cap European Markets Midday"
2024-05-07,2024-05-06 15:30:00+00:00,2024-05-03 16:14:01+00:00,European Equities Close Higher in Friday Trading; Euro Area Unemployment Flat at 6.5%; Henkel Rises on Raised Outlook
2024-05-07,2024-05-06 15:30:00+00:00,2024-05-03 17:00:32+00:00,Interest rate cuts could switch ‘from stroll to a sprint’ after US jobs surprise
2024-05-09,2024-05-08 15:30:00+00:00,2024-05-07 21:00:10+00:00,"GLOBAL MARKETS-Wall St loses steam, dollar gains as investors mull rate cut timing"
2024-05-09,2024-05-08 15:30:00+00:00,2024-05-08 09:16:48+00:00,"GLOBAL MARKETS-European stocks rise, dollar climbs as Fed rate path pondered"
2024-05-09,2024-05-08 15:30:00+00:00,2024-05-08 11:55:28+00:00,"Earnings, Central Bank Prospects Lift European Bourses Midday"
2024-05-09,2024-05-08 15:30:00+00:00,2024-05-08 12:21:10+00:00,"GLOBAL MARKETS-Stocks trade mixed, dollar climbs as Fed rate path pondered"
2024-05-10,2024-05-09 15:30:00+00:00,2024-05-09 08:02:34+00:00,FTSE 100 LIVE: Stocks edge higher as Bank of England holds interest rates at 5.25%
2024-05-10,2024-05-09 15:30:00+00:00,2024-05-09 08:02:34+00:00,FTSE 100 LIVE: European stocks edge higher as Bank of England holds interest rates at 5.25%
2024-05-10,2024-05-09 15:30:00+00:00,2024-05-09 08:02:34+00:00,FTSE 100 LIVE: European stocks muted ahead of Bank of England interest rate decision
2024-05-10,2024-05-09 15:30:00+00:00,2024-05-09 11:45:49+00:00,European Bourses Steady After Bank of England Announcement
2024-05-10,2024-05-09 15:30:00+00:00,2024-05-09 13:07:08+00:00,"Jobless Claims Jump More Than Expected, Driving Muted Premarket Action for US Equity Futures"
2024-05-13,2024-05-10 15:30:00+00:00,2024-05-09 20:48:08+00:00,"GLOBAL MARKETS-Stocks rally as European shares scale new highs, dollar slips"
2024-05-13,2024-05-10 15:30:00+00:00,2024-05-10 08:12:48+00:00,FTSE 100 LIVE: European stocks climb as UK economy escapes recession
2024-05-13,2024-05-10 15:30:00+00:00,2024-05-10 08:12:48+00:00,Wall Street follows FTSE 100 and Europe's record highs
2024-05-13,2024-05-10 15:30:00+00:00,2024-05-10 08:12:48+00:00,FTSE 100 LIVE: Wall Street follows Europe's record highs as UK economy escapes recession
2024-05-13,2024-05-10 15:30:00+00:00,2024-05-10 08:12:48+00:00,FTSE 100 LIVE: European stocks climb to record highs as UK economy escapes recession
2024-05-14,2024-05-13 15:30:00+00:00,2024-05-10 17:07:37+00:00,"Bank of England made ‘persistent and systematic’ errors, official admits"
2024-05-15,2024-05-14 15:30:00+00:00,2024-05-14 11:42:54+00:00,US Inflation Outlook Limits European Markets Midday
2024-05-15,2024-05-14 15:30:00+00:00,2024-05-14 13:10:55+00:00,Wall Street Set to Open Flat Tuesday as Key Inflation Gauge Rises More Than Expected
2024-05-16,2024-05-15 15:30:00+00:00,2024-05-14 16:17:02+00:00,European Equities Close Mostly Higher in Tuesday Trading; Anglo American Plans Overhaul in Face of BHP Takeover Bid
2024-05-16,2024-05-15 15:30:00+00:00,2024-05-15 11:51:07+00:00,"Inflation, Interest-Rate Outlook Nudge European Bourses Up Midday"
2024-05-17,2024-05-16 15:30:00+00:00,2024-05-15 16:09:59+00:00,European Equities Close Higher in Wednesday Trading; EC Forecasts Economic Growth to Accelerate in 2025
2024-05-17,2024-05-16 15:30:00+00:00,2024-05-16 11:53:06+00:00,"Soft Crude Prices, Ex-Dividend Issues Curb European Bourses Midday"
2024-05-20,2024-05-17 15:30:00+00:00,2024-05-16 16:04:58+00:00,"European Equities Close Mostly Lower in Thursday Trading; BT Shares Surge, Siemens' Fall on Earnings"
2024-05-20,2024-05-17 15:30:00+00:00,2024-05-17 03:11:29+00:00,European stocks retreat ahead of key inflation release; HSBC falls
2024-05-20,2024-05-17 15:30:00+00:00,2024-05-17 11:36:33+00:00,Record Equities Values Induce Caution in European Bourses Midday
2024-05-21,2024-05-20 15:30:00+00:00,2024-05-17 16:16:02+00:00,"European Equities Mostly Lower on Friday; April Inflation Unchanged in Euro Area, EU"
2024-05-21,2024-05-20 15:30:00+00:00,2024-05-20 03:19:23+00:00,European stocks edge higher; Ryanair reports rise in profits
2024-05-21,2024-05-20 15:30:00+00:00,2024-05-20 11:36:34+00:00,Rising Resource Issues Help Lift European Bourses Midday
2024-05-22,2024-05-21 15:30:00+00:00,2024-05-21 03:25:08+00:00,European stocks fall on Fed rate concerns; AstraZeneca lifts revenue target
2024-05-22,2024-05-21 15:30:00+00:00,2024-05-21 07:57:45+00:00,FTSE 100 LIVE: European markets make shaky start as oil prices dip
2024-05-23,2024-05-22 15:30:00+00:00,2024-05-22 07:28:56+00:00,FTSE 100 LIVE: London lower as markets scale back interest rate cut hopes
2024-05-23,2024-05-22 15:30:00+00:00,2024-05-22 10:39:33+00:00,European shares to hit pause before rising again in 2025: Reuters poll
2024-05-23,2024-05-22 15:30:00+00:00,2024-05-22 11:49:36+00:00,Wall Street Cues and UK Inflation Blunt European Bourses Midday
2024-05-24,2024-05-23 15:30:00+00:00,2024-05-23 03:28:17+00:00,"European stocks largely higher; Nvidia earnings, PMI data in focus"
2024-05-24,2024-05-23 15:30:00+00:00,2024-05-23 08:13:47+00:00,FTSE 100 LIVE: Wall Street higher and Europe mixed as US private sector grows at fastest pace in two years
2024-05-24,2024-05-23 15:30:00+00:00,2024-05-23 08:13:47+00:00,FTSE 100 LIVE: London underperforms against European peers as UK election race begins
2024-05-27,2024-05-24 15:30:00+00:00,2024-05-24 03:15:56+00:00,European stocks hit by weak global sentiment; UK retail sales slump
2024-05-27,2024-05-24 15:30:00+00:00,2024-05-24 11:45:35+00:00,Dwindling Fed Rate-Cut Hopes Blunt European Bourses Midday
2024-05-29,2024-05-28 15:30:00+00:00,2024-05-28 03:18:50+00:00,European stocks mixed; global inflation data in focus
2024-05-29,2024-05-28 15:30:00+00:00,2024-05-28 11:52:06+00:00,"Inflation, Geopolitical Tensions Weigh on European Bourses Midday"
2024-05-30,2024-05-29 15:30:00+00:00,2024-05-28 16:20:08+00:00,European Equities Close Lower in Tuesday Trading; Inflation Expectations Drop to Lowest Level in Nearly 3 Years
2024-05-30,2024-05-29 15:30:00+00:00,2024-05-29 03:05:39+00:00,European stocks edge lower; BHP seeks more time over Anglo bid
2024-05-30,2024-05-29 15:30:00+00:00,2024-05-29 11:42:02+00:00,Rising Bond Yields Blunt European Bourses Midday
2024-05-31,2024-05-30 15:30:00+00:00,2024-05-30 07:57:17+00:00,FTSE 100 LIVE: European stocks continue losing streak amidst inflation fears
2024-05-31,2024-05-30 15:30:00+00:00,2024-05-30 07:57:17+00:00,FTSE 100 LIVE: Wall Street falls and Europe pushes higher as US economy grows slower-than-expected
2024-05-31,2024-05-30 15:30:00+00:00,2024-05-30 07:57:17+00:00,FTSE 100 and Europe close higher as Wall Street falls on sluggish US economy
2024-05-31,2024-05-30 15:30:00+00:00,2024-05-30 07:57:17+00:00,FTSE 100 LIVE: European stocks reverse losing streak despite ongoing inflation fears
2024-05-31,2024-05-30 15:30:00+00:00,2024-05-30 11:36:51+00:00,Equity Values Lift European Bourses Midday
2024-06-03,2024-05-31 15:30:00+00:00,2024-05-30 16:19:51+00:00,European Equities Close Higher in Thursday Trading; Euro Area Unemployment Declines in May
2024-06-03,2024-05-31 15:30:00+00:00,2024-05-31 03:15:26+00:00,European stock mixed ahead of key inflation data release
2024-06-03,2024-05-31 15:30:00+00:00,2024-05-31 11:56:20+00:00,Inflation Report Roils European Bourses Midday
2024-06-04,2024-06-03 15:30:00+00:00,2024-05-31 16:25:10+00:00,European Equities Close Higher in Friday Trading; Flash Euro Area Inflation Rises More Than Expected
2024-06-04,2024-06-03 15:30:00+00:00,2024-06-03 11:46:06+00:00,Central Bank Outlook Lifts European Bourses Midday
2024-06-05,2024-06-04 15:30:00+00:00,2024-06-03 16:06:30+00:00,European Equities Close Mixed in Monday Trading; Eurozone Manufacturing Could Be at 'Turning Point'
2024-06-05,2024-06-04 15:30:00+00:00,2024-06-04 03:25:17+00:00,European stocks retreat; caution ahead of ECB meeting
2024-06-05,2024-06-04 15:30:00+00:00,2024-06-04 11:46:08+00:00,"Bank, Oil Shares Undermine European Bourses Midday"
2024-06-05,2024-06-04 15:30:00+00:00,2024-06-04 12:58:00+00:00,"The Zacks Analyst Blog Highlights BHP, Anglo American, Vistra, Tyler Technologies and Barrick Gold"
2024-06-06,2024-06-05 15:30:00+00:00,2024-06-04 16:15:15+00:00,"European Equities Close Mostly Lower in Tuesday Trading; Banks, Mining, Oil Stocks Slump"
2024-06-06,2024-06-05 15:30:00+00:00,2024-06-05 03:12:05+00:00,European stocks gain ahead of PMI data; Inditex surges
2024-06-06,2024-06-05 15:30:00+00:00,2024-06-05 11:38:27+00:00,Central Bank Rate Outlook Lifts European Bourses Midday
2024-06-07,2024-06-06 15:30:00+00:00,2024-06-06 03:10:09+00:00,European stocks higher ahead of ECB policy meeting
2024-06-07,2024-06-06 15:30:00+00:00,2024-06-06 08:16:11+00:00,FTSE 100 LIVE: European stock markets creep higher as ECB expected to cut interest rates
2024-06-07,2024-06-06 15:30:00+00:00,2024-06-06 11:36:54+00:00,"Tech Surge, Rate Outlook Lifts European Bourses Midday"
2024-06-10,2024-06-07 15:30:00+00:00,2024-06-06 16:25:50+00:00,European Equities Close Higher in Thursday Trading; European Central Bank Cuts Interest Rates
2024-06-10,2024-06-07 15:30:00+00:00,2024-06-07 07:50:56+00:00,FTSE 100 LIVE: European stocks dip as London stocks look to fourth week of losses
2024-06-11,2024-06-10 15:30:00+00:00,2024-06-07 16:08:26+00:00,"European Equities Close Mostly Lower in Friday Trading; EU, Euro Area GDP Rises 0.3% in Q1"
2024-06-11,2024-06-10 15:30:00+00:00,2024-06-10 09:41:06+00:00,European Stocks Drop After Far-Right Gains in EU Election
2024-06-12,2024-06-11 15:30:00+00:00,2024-06-11 08:08:36+00:00,FTSE 100: Wall Street slips and London suffers worst day since April as traders await US inflation data
2024-06-12,2024-06-11 15:30:00+00:00,2024-06-11 08:08:36+00:00,FTSE 100 LIVE: European stock markets slip as UK unemployment rate rises to 4.4%
2024-06-12,2024-06-11 15:30:00+00:00,2024-06-11 08:08:36+00:00,FTSE 100 LIVE: European stock markets subdued as UK unemployment rate rises to 4.4%
2024-06-13,2024-06-12 15:30:00+00:00,2024-06-11 20:46:04+00:00,Global market update: Mixed opening for APAC shares as key US data looms
2024-06-13,2024-06-12 15:30:00+00:00,2024-06-12 03:22:09+00:00,European stocks rise ahead of Fed decision; UK GDP flat in April
2024-06-13,2024-06-12 15:30:00+00:00,2024-06-12 07:57:40+00:00,FTSE 100 LIVE: European stocks rise despite wet weather grinding UK economy to a halt
2024-06-13,2024-06-12 15:30:00+00:00,2024-06-12 11:41:12+00:00,"French Election, Fed, Inflation Outlooks Hurdled by European Bourses Midday"
2024-06-13,2024-06-12 15:30:00+00:00,2024-06-12 12:58:28+00:00,European Stocks Climb After U.S. Inflation Eases
2024-06-14,2024-06-13 15:30:00+00:00,2024-06-13 03:11:36+00:00,European stocks retreat after hawkish Fed; more inflation data in focus
2024-06-14,2024-06-13 15:30:00+00:00,2024-06-13 07:44:57+00:00,FTSE 100 LIVE: European markets lower as US interest rates held at 23-year high
2024-06-14,2024-06-13 15:30:00+00:00,2024-06-13 13:06:48+00:00,Fed Rate Path Drives Mixed Premarket Action for US Equity Futures
2024-06-17,2024-06-14 15:30:00+00:00,2024-06-14 03:17:13+00:00,European stocks slip lower at the end of a turbulent week
2024-06-18,2024-06-17 15:30:00+00:00,2024-06-17 05:25:41+00:00,"European stocks edged higher; BOE meeting, inflation data due this week"
2024-06-19,2024-06-18 15:30:00+00:00,2024-06-18 03:10:18+00:00,"European stocks rise; politics, central bank meetings in focus"
2024-06-19,2024-06-18 15:30:00+00:00,2024-06-18 07:53:42+00:00,Wall Street follows FTSE 100 and European stocks higher despite weaker than expected US retail sales
2024-06-19,2024-06-18 15:30:00+00:00,2024-06-18 07:53:42+00:00,FTSE 100 LIVE: Wall Street follows European stocks higher despite weaker than expected US retail sales
2024-06-19,2024-06-18 15:30:00+00:00,2024-06-18 07:53:42+00:00,FTSE 100 LIVE: European stock markets rise as eurozone inflation hits 2.6% and pound falls
2024-06-19,2024-06-18 15:30:00+00:00,2024-06-18 07:53:42+00:00,FTSE 100 LIVE: European stock markets rise as UK grocery inflation edges lower
2024-06-24,2024-06-21 15:30:00+00:00,2024-06-20 16:21:58+00:00,"European Equities Close Higher in Thursday Trading; EU, Euro Area Consumer Confidence Up in June"
2024-06-24,2024-06-21 15:30:00+00:00,2024-06-21 07:48:40+00:00,FTSE 100 LIVE: European stocks in the green as UK retail sales rebound in May
2024-06-24,2024-06-21 15:30:00+00:00,2024-06-21 12:50:02+00:00,Nvidia Slide Stifles US Equity Futures Pre-Bell
2024-06-25,2024-06-24 15:30:00+00:00,2024-06-21 16:07:14+00:00,European Equities Close Lower in Friday Trading; Eurozone Business Activity Expands for 4th Straight Month in June
2024-06-25,2024-06-24 15:30:00+00:00,2024-06-24 07:58:04+00:00,FTSE 100 LIVE: London tepid and Europe in the green as traders look for inflation clues
2024-06-26,2024-06-25 15:30:00+00:00,2024-06-25 08:14:20+00:00,FTSE 100 LIVE: Wall Street rises and Europe falls as US consumer confidence weakens
2024-06-26,2024-06-25 15:30:00+00:00,2024-06-25 08:14:20+00:00,FTSE 100 LIVE: European stocks slump as $550bn wiped off Nvidia market value
2024-06-26,2024-06-25 15:30:00+00:00,2024-06-25 08:14:20+00:00,FTSE 100 LIVE: European stocks open mixed as $550bn wiped off Nvidia
2024-06-26,2024-06-25 15:30:00+00:00,2024-06-25 08:14:20+00:00,"FTSE 100 and Europe close in the red, Wall Street rises as US consumer confidence weakens"
2024-06-26,2024-06-25 15:30:00+00:00,2024-06-25 11:38:02+00:00,"Tech, Aerospace Sectors Blunt European Bourses Midday"
2024-06-27,2024-06-26 15:30:00+00:00,2024-06-26 06:00:00+00:00,France’s 2017 Elections Provided a Very Different Market Stress
2024-06-27,2024-06-26 15:30:00+00:00,2024-06-26 11:42:47+00:00,"Rising Yields, Falling Consumer Outlooks Dent European Bourses Midday"
2024-06-27,2024-06-26 15:30:00+00:00,2024-06-26 13:27:11+00:00,"Wall Street Set to Open Marginally Lower Ahead of New Home Sales, GDP Figures"
2024-06-28,2024-06-27 15:30:00+00:00,2024-06-27 03:32:55+00:00,European stocks muted; Micron hits sentiment ahead of key US inflation release
2024-06-28,2024-06-27 15:30:00+00:00,2024-06-27 07:52:15+00:00,FTSE 100 and European stocks mixed and US tepid after jobs and GDP data
2024-06-28,2024-06-27 15:30:00+00:00,2024-06-27 07:52:15+00:00,FTSE 100 LIVE: European stocks mixed and US flat after jobs and GDP data
2024-06-28,2024-06-27 15:30:00+00:00,2024-06-27 07:52:15+00:00,FTSE 100 LIVE: European stocks mixed after yen hits 38-year low against dollar
2024-06-28,2024-06-27 15:30:00+00:00,2024-06-27 13:14:32+00:00,Wall Street Set to Open Marginally Lower Thursday as Investors Parse Bullish Economic Data
2024-07-01,2024-06-28 15:30:00+00:00,2024-06-28 03:31:38+00:00,"European stocks mostly higher; UK GDP rise, French politics weighs"
2024-07-01,2024-06-28 15:30:00+00:00,2024-06-28 07:29:34+00:00,FTSE 100 LIVE: London up and Europe mixed ahead of US inflation data
2024-07-01,2024-06-28 15:30:00+00:00,2024-06-28 11:45:22+00:00,US Inflation Outlook Nudges European Bourses Higher Midday
2024-07-02,2024-07-01 15:30:00+00:00,2024-07-01 08:02:51+00:00,FTSE 100 LIVE: European stocks rise as euro hits two-week high after first round of France election
2024-07-03,2024-07-02 15:30:00+00:00,2024-07-02 03:11:18+00:00,European stocks retreat ahead of key inflation data; politics in spotlight
2024-07-04,2024-07-03 15:30:00+00:00,2024-07-03 11:40:37+00:00,Central Bank Outlooks Buoy European Bourses Midday
2024-07-08,2024-07-05 15:30:00+00:00,2024-07-05 08:23:05+00:00,FTSE 100 LIVE: European stocks rise as Labour wins UK general election
2024-07-08,2024-07-05 15:30:00+00:00,2024-07-05 11:44:00+00:00,"Elections, Interest Rates Nudge European Bourses Up Midday"
2024-07-10,2024-07-09 15:30:00+00:00,2024-07-08 16:25:47+00:00,European Equities Close Mixed in Monday Trading
2024-07-10,2024-07-09 15:30:00+00:00,2024-07-08 17:05:59+00:00,Pound hits one-month high after Reeves speech
2024-07-10,2024-07-09 15:30:00+00:00,2024-07-09 11:46:18+00:00,"Elections, Fed Outlook Limit European Bourses Midday"
2024-07-11,2024-07-10 15:30:00+00:00,2024-07-10 11:50:09+00:00,"Porsche AG shares rise to top of DAX, traders point to pre-close call"
2024-07-12,2024-07-11 15:30:00+00:00,2024-07-11 08:12:30+00:00,FTSE 100 LIVE: European stock markets rise as UK economy grows faster than expected
2024-07-12,2024-07-11 15:30:00+00:00,2024-07-11 11:43:20+00:00,"Earnings, GDP Outlook Lift European Bourses Midday"
2024-07-15,2024-07-12 15:30:00+00:00,2024-07-11 16:19:49+00:00,European Equities Close Higher Thursday; UK GDP Grows More Than Expected
2024-07-15,2024-07-12 15:30:00+00:00,2024-07-12 11:56:42+00:00,"Earnings, US CPI Lift European Bourses Midday"
2024-07-16,2024-07-15 15:30:00+00:00,2024-07-15 11:49:51+00:00,"Luxury Woes, China Outlook Blunt European Bourses Midday"
2024-07-16,2024-07-15 15:30:00+00:00,2024-07-15 13:07:00+00:00,"Investors' Sentiment Rises on Trump Bets, Lifting US Equity Futures Pre-Bell"
2024-07-17,2024-07-16 15:30:00+00:00,2024-07-16 11:49:10+00:00,"Earnings, China Outlooks Blunt European Bourses Midday"
2024-07-17,2024-07-16 15:30:00+00:00,2024-07-16 12:53:18+00:00,Traders Digest Retail Sales Data as US Equity Futures Post Narrow Gains Pre-Bell
2024-07-18,2024-07-17 15:30:00+00:00,2024-07-16 16:14:36+00:00,European Equities Close Lower in Tuesday Trading; UK Regulators Probe Microsoft's Licensing Deal With Inflection
2024-07-18,2024-07-17 15:30:00+00:00,2024-07-17 08:16:17+00:00,FTSE 100 LIVE: Pound breaks $1.30 for first time in a year while European stocks fall on UK inflation data
2024-07-19,2024-07-18 15:30:00+00:00,2024-07-17 17:09:25+00:00,China trade war fears wipe £260bn off world’s biggest companies
2024-07-19,2024-07-18 15:30:00+00:00,2024-07-18 08:04:23+00:00,Wall Street rebounds from tech rout as European stocks climb on ECB rate hold
2024-07-19,2024-07-18 15:30:00+00:00,2024-07-18 08:04:23+00:00,FTSE 100 LIVE: European stocks mixed as ECB leaves interest rates on hold at 3.75%
2024-07-19,2024-07-18 15:30:00+00:00,2024-07-18 08:04:23+00:00,FTSE 100 LIVE: European stocks mixed after Wall Street rout ahead of ECB interest rate decision
2024-07-19,2024-07-18 15:30:00+00:00,2024-07-18 11:38:53+00:00,"ECB Outlook, Steady Tech Lifts European Bourses Midday"
2024-07-22,2024-07-19 15:30:00+00:00,2024-07-18 16:11:36+00:00,European Equities Close Mixed in Thursday Trading; European Central Bank Holds Rates Steady
2024-07-22,2024-07-19 15:30:00+00:00,2024-07-19 11:48:34+00:00,"IT Concerns, China Outlook Dampen European Bourses"
2024-07-22,2024-07-19 15:30:00+00:00,2024-07-19 13:21:58+00:00,"Wall Street Set to Open Flat Friday as Investors Eye Earnings Reports, FOMC Member Speeches"
2024-07-23,2024-07-22 15:30:00+00:00,2024-07-19 15:44:54+00:00,Borrowing overshoots forecasts by £2.9bn as Labour plots nationalisation spree
2024-07-23,2024-07-22 15:30:00+00:00,2024-07-19 16:15:06+00:00,European Equities Close Lower Friday; Inflation Expectations Unchanged in ECB Survey
2024-07-23,2024-07-22 15:30:00+00:00,2024-07-22 13:20:42+00:00,Wall Street Set to Open Higher Monday After Worst Week Since April
2024-07-25,2024-07-24 15:30:00+00:00,2024-07-23 16:09:02+00:00,European Equities Close Mixed in Tuesday Trading; Consumer Confidence Rises in July
2024-07-26,2024-07-25 15:30:00+00:00,2024-07-24 16:07:25+00:00,European Equities Close Lower in Wednesday Trading; Deutsche Bank Reports First Quarterly Loss in Four Years
2024-07-26,2024-07-25 15:30:00+00:00,2024-07-25 08:50:01+00:00,Stock market today: Global shares tumble after a wipeout on Wall Street as Big Tech retreats
2024-07-29,2024-07-26 15:30:00+00:00,2024-07-25 17:09:33+00:00,Summer interest rate cut on a knife edge as traders ramp up bets
2024-07-29,2024-07-26 15:30:00+00:00,2024-07-26 11:48:16+00:00,Tech Rebound Lifts European Bourses Midday
2024-07-30,2024-07-29 15:30:00+00:00,2024-07-29 07:48:31+00:00,FTSE 100 LIVE: European markets higher as UK government gears up for cuts
2024-07-30,2024-07-29 15:30:00+00:00,2024-07-29 11:36:23+00:00,"Earnings, Tech Rebound Lift European Bourses Midday"
2024-07-31,2024-07-30 15:30:00+00:00,2024-07-30 11:45:51+00:00,"Earnings, Softer Yields Lift European Bourses Midday"
2024-08-01,2024-07-31 15:30:00+00:00,2024-07-30 16:07:56+00:00,"European Equities Close Mostly Higher in Tuesday Trading; Euro Area, EU GDP Rises 0.3% in Q2"
2024-08-01,2024-07-31 15:30:00+00:00,2024-07-31 12:00:17+00:00,"Tech, Oil Stocks Lift European Bourses Midday"
2024-08-02,2024-08-01 15:30:00+00:00,2024-07-31 16:10:38+00:00,European Equities Close Higher in Wednesday Trading; Euro Area Inflation Rises to 2.6% in July
2024-08-02,2024-08-01 15:30:00+00:00,2024-08-01 11:41:28+00:00,Financial Issues Blunt European Bourses Midday
2024-08-05,2024-08-02 15:30:00+00:00,2024-08-01 16:22:25+00:00,European Equities Tumble in Thursday Trading; Bank of England Cuts Rates; Financial Stocks Fall Sharply
2024-08-05,2024-08-02 15:30:00+00:00,2024-08-01 17:11:28+00:00,Britain’s biggest banks slump after interest rate cut
2024-08-05,2024-08-02 15:30:00+00:00,2024-08-02 11:36:33+00:00,"US, China Economic Outlooks Blunt European Bourses Midday"
2024-08-06,2024-08-05 15:30:00+00:00,2024-08-05 07:49:30+00:00,European stocks plunge on recession fears
2024-08-06,2024-08-05 15:30:00+00:00,2024-08-05 07:49:56+00:00,FTSE 100 LIVE: European stocks dip as Japan's Nikkei slumps 12.4%
2024-08-06,2024-08-05 15:30:00+00:00,2024-08-05 12:24:28+00:00,Global markets plunge as 'Black Monday' hits Japan
2024-08-07,2024-08-06 15:30:00+00:00,2024-08-06 11:00:36+00:00,US stock futures bounce back after global market sell-off
2024-08-07,2024-08-06 15:30:00+00:00,2024-08-06 11:57:04+00:00,European Bourses Mixed at Midday as Global Equities Rout Eases
2024-08-08,2024-08-07 15:30:00+00:00,2024-08-07 11:08:45+00:00,US stocks higher as Wall Street eyes second straight day of gains
2024-08-08,2024-08-07 15:30:00+00:00,2024-08-07 11:46:17+00:00,"Asian Rallies, Central Bank Outlook Lift European Bourses Midday"
2024-08-09,2024-08-08 15:30:00+00:00,2024-08-08 11:36:58+00:00,Stock Futures Waver After More Volatility in Asia. Traders Approach Market Open With Caution.
2024-08-12,2024-08-09 15:30:00+00:00,2024-08-08 16:08:53+00:00,"European Equities Close Mixed in Thursday Trading; UK Regulator Probes Amazon, Anthropic Partnership"
2024-08-12,2024-08-09 15:30:00+00:00,2024-08-09 11:38:07+00:00,"US Economy, Wall Street Cues Lift European Bourses Midday"
2024-08-13,2024-08-12 15:30:00+00:00,2024-08-09 16:00:10+00:00,European Equities Close Higher in Friday Trading; French Unemployment Rate Drops
2024-08-13,2024-08-12 15:30:00+00:00,2024-08-12 11:39:11+00:00,"Calmer Mood, Modest Gains on European Bourses Midday"
2024-08-15,2024-08-14 15:30:00+00:00,2024-08-14 11:43:19+00:00,Inflation Prospects Lift European Bourses Midday
2024-08-16,2024-08-15 15:30:00+00:00,2024-08-14 16:16:30+00:00,"European Equities Close Higher in Wednesday Trading; GDP Rises in EU, Euro Area"
2024-08-16,2024-08-15 15:30:00+00:00,2024-08-15 11:39:13+00:00,Central Bank Rate-Cut Hopes Firm European Bourses Midday
2024-08-19,2024-08-16 15:30:00+00:00,2024-08-16 11:49:22+00:00,Fading Global Recession Fears Lift European Bourses
2024-08-21,2024-08-20 15:30:00+00:00,2024-08-20 11:37:57+00:00,Tech Gains Hold European Bourses Stable Midday
2024-08-23,2024-08-22 15:30:00+00:00,2024-08-21 16:36:10+00:00,Germany stocks higher at close of trade; DAX up 0.51%
2024-08-23,2024-08-22 15:30:00+00:00,2024-08-22 11:41:03+00:00,Risk-On Mood On Dovish Fed Lifts European Bourses Midday
2024-08-26,2024-08-23 15:30:00+00:00,2024-08-22 16:36:12+00:00,Germany stocks mixed at close of trade; DAX up 0.25%
2024-08-26,2024-08-23 15:30:00+00:00,2024-08-22 17:01:17+00:00,Germany in ‘real mess’ as manufacturing crisis spills over
2024-08-26,2024-08-23 15:30:00+00:00,2024-08-23 11:47:35+00:00,Central Bank Outlooks Lift European Bourses Midday
2024-08-27,2024-08-26 15:30:00+00:00,2024-08-23 17:06:09+00:00,Germany stocks higher at close of trade; DAX up 0.77%
2024-08-27,2024-08-26 15:30:00+00:00,2024-08-26 07:54:26+00:00,Global markets mixed after Powell says 'time has come' for rate cuts
2024-08-28,2024-08-27 15:30:00+00:00,2024-08-26 17:06:10+00:00,Germany stocks mixed at close of trade; DAX down 0.06%
2024-08-28,2024-08-27 15:30:00+00:00,2024-08-27 11:49:25+00:00,"Geopolitics, Catalyst Dearth Caps European Bourses"
2024-08-29,2024-08-28 15:30:00+00:00,2024-08-27 16:02:22+00:00,European Equities Close Mixed in Tuesday Trading; German GDP Declines in Q2
2024-08-29,2024-08-28 15:30:00+00:00,2024-08-27 17:06:11+00:00,Germany stocks higher at close of trade; DAX up 0.44%
2024-08-30,2024-08-29 15:30:00+00:00,2024-08-28 17:06:12+00:00,Germany stocks mixed at close of trade; DAX up 0.57%
2024-08-30,2024-08-29 15:30:00+00:00,2024-08-29 10:56:09+00:00,Germany’s DAX Index Hits Record High as Rate Cuts Fuel Optimism
2024-08-30,2024-08-29 15:30:00+00:00,2024-08-29 11:52:50+00:00,Tech Rally Lifts European Bourses Midday
2024-08-30,2024-08-29 15:30:00+00:00,2024-08-29 12:52:00+00:00,European Stocks Eye Record Close as Rate Cut Bets Power Rally
2024-09-02,2024-08-30 15:30:00+00:00,2024-08-29 17:06:20+00:00,Germany stocks higher at close of trade; DAX up 0.64%
2024-09-02,2024-08-30 15:30:00+00:00,2024-08-30 10:05:57+00:00,"Morning Bid: Record highs abound, except in usual place"
2024-09-02,2024-08-30 15:30:00+00:00,2024-08-30 11:42:20+00:00,"Inflation Report, Economic Outlooks Lift European Bourses Midday"
2024-09-03,2024-09-02 15:30:00+00:00,2024-08-30 17:06:10+00:00,Germany stocks mixed at close of trade; DAX down 0.03%
2024-09-04,2024-09-03 15:30:00+00:00,2024-09-03 12:08:39+00:00,"Soft Commodities, Global Cues Dent European Bourses Midday"
2024-09-06,2024-09-05 15:30:00+00:00,2024-09-04 16:14:04+00:00,European Equities Close Lower in Wednesday Trading; Volkswagen CFO Expects to Turn Things Around in 2 Years
2024-09-06,2024-09-05 15:30:00+00:00,2024-09-05 11:47:05+00:00,Tech Jitters Limit European Bourses Midday
2024-09-09,2024-09-06 15:30:00+00:00,2024-09-05 16:10:04+00:00,European Equities Close Mostly Lower in Thursday Trading; Eurozone Retail Trade Volume Rises
2024-09-09,2024-09-06 15:30:00+00:00,2024-09-06 08:23:28+00:00,FTSE 100 LIVE: European stocks slip ahead of US jobs report as UK house prices hit two-year high
2024-09-09,2024-09-06 15:30:00+00:00,2024-09-06 12:59:14+00:00,Jobs Growth Less Than Expected in August as US Equity Futures Post Narrow Losses Pre-Bell
2024-09-09,2024-09-06 15:30:00+00:00,2024-09-06 13:30:38+00:00,ECB interest rate cut likely as Eurozone economy weaker than expected
2024-09-10,2024-09-09 15:30:00+00:00,2024-09-06 16:07:01+00:00,"European Equities Close Sharply Lower in Friday Trading; EU, Euro Area GDP Decelerate"
2024-09-10,2024-09-09 15:30:00+00:00,2024-09-09 11:47:21+00:00,"Inflation, ECB Views Lift European Bourses Midday"
2024-09-11,2024-09-10 15:30:00+00:00,2024-09-10 11:35:56+00:00,"Inflation, Central Bank Outlooks Dull European Bourses Midday"
2024-09-12,2024-09-11 15:30:00+00:00,2024-09-11 07:03:28+00:00,FTSE 100 LIVE: European markets mixed as UK GDP stagnates
2024-09-12,2024-09-11 15:30:00+00:00,2024-09-11 07:03:28+00:00,FTSE 100 LIVE: UK GDP stagnates as figures fall below forecast
2024-09-12,2024-09-11 15:30:00+00:00,2024-09-11 07:03:28+00:00,Wall Street and FTSE lower as US inflation falls
2024-09-12,2024-09-11 15:30:00+00:00,2024-09-11 11:44:39+00:00,ECB Outlook Lifts European Bourses Midday
2024-09-13,2024-09-12 15:30:00+00:00,2024-09-12 11:50:45+00:00,"Tech Rally, ECB Outlook Lift European Bourses Midday"
2024-09-13,2024-09-12 15:30:00+00:00,2024-09-12 12:31:51+00:00,ECB cuts interest rates for a second time this year
2024-09-16,2024-09-13 15:30:00+00:00,2024-09-12 16:16:58+00:00,European Equities Close Higher in Thursday Trading; European Central Bank Cuts Rates by 25 Basis Points
2024-09-16,2024-09-13 15:30:00+00:00,2024-09-12 16:17:58+00:00,British-born population to be in decline from 2035
2024-09-16,2024-09-13 15:30:00+00:00,2024-09-13 11:35:48+00:00,ECB Outlook Elevates European Bourses Midday
2024-09-17,2024-09-16 15:30:00+00:00,2024-09-16 12:59:30+00:00,"Fed Meeting Looms, Driving Mixed Premarket Activity for US Equity Futures"
2024-09-18,2024-09-17 15:30:00+00:00,2024-09-17 11:51:09+00:00,Fed Outlook Lifts European Bourses Midday
2024-09-19,2024-09-18 15:30:00+00:00,2024-09-18 08:26:52+00:00,FTSE 100 LIVE: European stocks fall after UK inflation stays at 2.2%
2024-09-19,2024-09-18 15:30:00+00:00,2024-09-18 11:47:16+00:00,Fed Outlook Weighs on European Bourses Midday
2024-09-20,2024-09-19 15:30:00+00:00,2024-09-19 11:45:50+00:00,"Fed Cut, Tech Rally Lifts European Bourses Midday"
2024-09-20,2024-09-19 15:30:00+00:00,2024-09-19 13:01:58+00:00,"Wall Street Recovers From Rate Cut-Fueled Losses, Driving Premarket Gains for US Equity Futures"
2024-09-24,2024-09-23 15:30:00+00:00,2024-09-20 16:11:32+00:00,European Equities Close Lower on Friday; UK Debt Reaches 100% of GDP
2024-09-24,2024-09-23 15:30:00+00:00,2024-09-23 11:39:53+00:00,Central Bank Outlooks Nudge European Bourses Higher
2024-09-24,2024-09-23 15:30:00+00:00,2024-09-23 13:06:20+00:00,US Equity Futures Gain as Investors Search for Fresh Catalysts After Fed Rate Cut
2024-09-25,2024-09-24 15:30:00+00:00,2024-09-23 16:01:07+00:00,European Equities Close Higher Monday; Flash PMI Shows Eurozone Private Sector Contracting in September
2024-09-25,2024-09-24 15:30:00+00:00,2024-09-24 11:44:53+00:00,China Outlook Galvanizes European Bourses Midday
2024-09-26,2024-09-25 15:30:00+00:00,2024-09-24 16:03:40+00:00,"European Equities Close Higher in Tuesday Trading; Mining, Luxury Rally on China Stimulus Package, Rate Cuts"
2024-09-27,2024-09-26 15:30:00+00:00,2024-09-25 16:22:34+00:00,European Equities Close Mostly Lower in Wednesday Trading; OECD Forecasts Spain GDP Growth to Lead Euro Area
2024-09-27,2024-09-26 15:30:00+00:00,2024-09-26 11:43:38+00:00,Tech Rallies Lift European Bourses Midday
2024-09-30,2024-09-27 15:30:00+00:00,2024-09-26 16:06:49+00:00,"European Equities Close Higher Thursday; Luxury Goods, Mining Stocks Rally on China Stimulus Package"
2024-09-30,2024-09-27 15:30:00+00:00,2024-09-26 17:18:36+00:00,"Europe facing gas shortage this winter, warn experts"
2024-09-30,2024-09-27 15:30:00+00:00,2024-09-27 10:04:00+00:00,S&amp;P 500: Dip-Buying Remains the Go-To Strategy If Next Resistance Proves Stubborn
2024-09-30,2024-09-27 15:30:00+00:00,2024-09-27 11:51:15+00:00,"China, Japan Outlooks Lift European Bourses to Record Highs"
2024-10-02,2024-10-01 15:30:00+00:00,2024-10-01 13:06:18+00:00,Traders Anticipate Data Deluge as US Equity Futures Waver Pre-Bell
2024-10-03,2024-10-02 15:30:00+00:00,2024-10-02 08:11:02+00:00,FTSE 100 LIVE: European markets follow oil higher as traders await Israeli response to Iran missile attacks
2024-10-03,2024-10-02 15:30:00+00:00,2024-10-02 12:57:10+00:00,"Oil, Middle East Outlooks Cap European Bourses Midday"
2024-10-04,2024-10-03 15:30:00+00:00,2024-10-03 08:42:34+00:00,FTSE 100 LIVE: European stocks mixed as BoE governor points to 'more aggressive' rate cuts
2024-10-04,2024-10-03 15:30:00+00:00,2024-10-03 11:40:41+00:00,"Oil, Geopolitics Dampen European Bourses Midday"
2024-10-04,2024-10-03 15:30:00+00:00,2024-10-03 13:24:07+00:00,Wall Street Set to Open Lower Thursday; Weekly Initial Jobless Claims Rise Higher Than Expected
2024-10-07,2024-10-04 15:30:00+00:00,2024-10-03 16:00:42+00:00,European Equities Close Lower in Thursday Trading; Eurozone Business Activity Falls Into Contraction
2024-10-07,2024-10-04 15:30:00+00:00,2024-10-04 07:43:35+00:00,FTSE 100 LIVE: Oil prices gain as Israeli strikes on Lebanon intensify
2024-10-07,2024-10-04 15:30:00+00:00,2024-10-04 11:52:28+00:00,"Oil, US Jobs Outlooks Cap European Bourses Midday"
2024-10-08,2024-10-07 15:30:00+00:00,2024-10-04 16:24:38+00:00,European Equities Close Mixed in Friday Trading; EU Votes to Levy Tariffs on EVs From China
2024-10-08,2024-10-07 15:30:00+00:00,2024-10-07 07:38:38+00:00,FTSE 100 LIVE: Markets rise as UK house prices reach close to all-time highs
2024-10-09,2024-10-08 15:30:00+00:00,2024-10-07 20:54:50+00:00,Wall Street stumbles as investors question Fed rate cuts
2024-10-09,2024-10-08 15:30:00+00:00,2024-10-08 11:46:19+00:00,"Geopolitics, Asian Stock-Market Turmoil Damp European Bourses Midday"
2024-10-10,2024-10-09 15:30:00+00:00,2024-10-08 16:13:05+00:00,European Equities Close Mostly Lower in Tuesday Trading; Bundesbank President Doesn't Rule Out ECB Rate Cut
2024-10-11,2024-10-10 15:30:00+00:00,2024-10-09 16:24:49+00:00,European Equities Close Higher Wednesday; Germany Downgrades Economic Forecast
2024-10-11,2024-10-10 15:30:00+00:00,2024-10-10 11:45:55+00:00,"Geopolitical Tensions, US Inflation Outlook Damp European Bourses Midday"
2024-10-15,2024-10-14 15:30:00+00:00,2024-10-14 07:28:20+00:00,European stocks mixed; Chinese stimulus and ECB meeting in focus
2024-10-15,2024-10-14 15:30:00+00:00,2024-10-14 11:49:15+00:00,China Outlook Muffles European Bourses Midday
2024-10-16,2024-10-15 15:30:00+00:00,2024-10-15 12:05:04+00:00,"China Economic Outlook, Oil Prices Limit European Bourses Midday"
2024-10-18,2024-10-17 15:30:00+00:00,2024-10-17 08:02:45+00:00,Global stocks rise as US retail sales climb more than expected and ECB cuts interest rates
2024-10-18,2024-10-17 15:30:00+00:00,2024-10-17 08:02:45+00:00,LIVE: Global stocks rise as US retail sales climb more than expected and ECB cuts interest rates
2024-10-18,2024-10-17 15:30:00+00:00,2024-10-17 08:02:45+00:00,FTSE 100 LIVE: Stocks rise and euro falls as ECB cuts interest rates due to falling inflation
2024-10-18,2024-10-17 15:30:00+00:00,2024-10-17 08:03:20+00:00,FTSE 100 LIVE: European stocks rise and euro falls ahead of ECB interest rate decision
2024-10-18,2024-10-17 15:30:00+00:00,2024-10-17 11:58:48+00:00,"Tech Outlook, Expected ECB Rate Cut Lift European Bourses Midday"
2024-10-21,2024-10-18 15:30:00+00:00,2024-10-17 16:20:13+00:00,European Equities Close Higher in Thursday Trading; European Central Bank Cuts Rates Again
2024-10-21,2024-10-18 15:30:00+00:00,2024-10-17 22:29:52+00:00,Wall Street hovers near records as chipmakers soar
2024-10-21,2024-10-18 15:30:00+00:00,2024-10-18 11:53:18+00:00,"China, ECB, Ceasefire Outlooks Elevate European Bourses Midday"
2024-10-22,2024-10-21 15:30:00+00:00,2024-10-21 04:34:23+00:00,Morning Bid: SAP sets the tone
2024-10-22,2024-10-21 15:30:00+00:00,2024-10-21 07:41:39+00:00,FTSE 100 LIVE: Stocks head lower as China rate cut supports miners
2024-10-22,2024-10-21 15:30:00+00:00,2024-10-21 11:40:46+00:00,"Earnings Season, Asian Outlook Dampen European Bourses Midday"
2024-10-23,2024-10-22 15:30:00+00:00,2024-10-22 08:15:37+00:00,FTSE 100 LIVE: European stocks mixed as UK government borrows £16.6bn in September
