date,ret,model,level,var,es
2022-12-20,-2.489127638949298,GARCH-t,0.01,2.8049800885861127,3.55971205733526
2022-12-21,-0.6809809720177208,GARCH-t,0.01,3.4506350637149765,4.375221774917054
2022-12-22,0.4542860547956492,GARCH-t,0.01,3.2863554184703734,4.167724501205
2022-12-23,-1.0337711266382608,GARCH-t,0.01,3.0974379124497244,3.929107797368082
2022-12-26,0.6482375028426324,GARCH-t,0.01,3.063478050557338,3.8862139942568303
2022-12-27,0.1589291891407026,GARCH-t,0.01,2.928090029868735,3.7152089671621606
2022-12-28,-0.4067914596881906,GARCH-t,0.01,2.768150948295461,3.513194144589036
2022-12-29,-0.9414925486891276,GARCH-t,0.01,2.6594600566016027,3.3759095548260896
2022-12-30,0.0031810968896288,GARCH-t,0.01,2.678015493277037,3.3993464359866037
2023-01-04,-1.4577780520938353,GARCH-t,0.01,2.5513398848222617,3.239345826288154
2023-01-05,0.4033615296562223,GARCH-t,0.01,2.7700449702750265,3.515586433643018
2023-01-06,0.5909848697618759,GARCH-t,0.01,2.6462754713711303,3.359256454033998
2023-01-10,0.773592425440218,GARCH-t,0.01,2.563794915210317,3.2550774456599534
2023-01-11,1.027874625394543,GARCH-t,0.01,2.548413619680094,3.2462666587829085
2023-01-12,0.0144446668340659,GARCH-t,0.01,2.5730941536345395,3.2775574945727444
2023-01-13,-1.2566455232761584,GARCH-t,0.01,2.4737692509468445,3.1516299426981105
2023-01-16,-1.1443663259038128,GARCH-t,0.01,2.6095872855876143,3.323824751249937
2023-01-17,1.2176951332297214,GARCH-t,0.01,2.6857016206030018,3.420325141501423
2023-01-18,2.4654259606584668,GARCH-t,0.01,2.737205688953147,3.4856237832661243
2023-01-19,-1.4508342905426903,GARCH-t,0.01,3.2588815236848236,4.147022475459908
2023-01-20,0.560055471133265,GARCH-t,0.01,3.3142504235367554,4.21722108446604
2023-01-23,1.3188092820059605,GARCH-t,0.01,3.158956133738498,4.020333605040125
2023-01-24,1.4506249512405751,GARCH-t,0.01,3.1618031570380727,4.023943159789679
2023-01-25,0.3503860076612355,GARCH-t,0.01,3.1999543917315205,4.072312616551661
2023-01-26,-0.1178272065743107,GARCH-t,0.01,3.0397052014217345,3.869143142637808
2023-01-27,0.0723734966221563,GARCH-t,0.01,2.8908160791901367,3.680376356504213
2023-01-30,0.1854929019132892,GARCH-t,0.01,2.754838391592441,3.5079791344038083
2023-01-31,-0.3882036510088401,GARCH-t,0.01,2.6361597148718645,3.3575141974671543
2023-02-01,0.0723250128702933,GARCH-t,0.01,2.5544040070773906,3.2538614794100593
2023-02-02,0.2015379620958895,GARCH-t,0.01,2.457095391022,3.1304902455645705
2023-02-03,0.3912122973054605,GARCH-t,0.01,2.3743406320403855,3.0255708958089813
2023-02-06,0.6673179544043314,GARCH-t,0.01,2.3145899430680625,2.9498169027870533
2023-02-07,-0.0295406911411171,GARCH-t,0.01,2.299601948896664,2.9308146046478845
2023-02-08,-0.2857914963641302,GARCH-t,0.01,2.1626354099183107,2.758484480849667
2023-02-09,-0.08012685115119,GARCH-t,0.01,2.1371354868205024,2.726171043345272
2023-02-10,0.3135658776614822,GARCH-t,0.01,2.097161800391703,2.6755164898674906
2023-02-13,-0.8844619206005223,GARCH-t,0.01,2.072469029498623,2.6442258735780464
2023-02-14,0.6376504698627659,GARCH-t,0.01,2.2114262385837873,2.820312094479019
2023-02-15,-0.366249700080255,GARCH-t,0.01,2.212932071046884,2.8222202815351816
2023-02-16,0.7050249309804929,GARCH-t,0.01,2.1891504425043222,2.792084262508174
2023-02-17,-0.664048882508275,GARCH-t,0.01,2.210116612258356,2.8186525393400252
2023-02-20,0.0683388880247517,GARCH-t,0.01,2.2495839267415407,2.868665419579977
2023-02-21,-0.2139435484321346,GARCH-t,0.01,2.184319712276928,2.7859627734862356
2023-02-22,-1.351419359891925,GARCH-t,0.01,2.1460436239302303,2.737459411967863
2023-02-24,1.279981664585004,GARCH-t,0.01,2.4547353305320225,3.128632755163521
2023-02-27,-0.1075834927458851,GARCH-t,0.01,2.591816118724898,3.3023411802961564
2023-02-28,0.0787308141437685,GARCH-t,0.01,2.471294324591198,3.1496162701966615
2023-03-01,0.2582463281266135,GARCH-t,0.01,2.3664028358477007,3.0166980432178834
2023-03-02,-0.0642007778118723,GARCH-t,0.01,2.286341263502091,2.915244222962411
2023-03-03,1.5465935761209575,GARCH-t,0.01,2.217458149980832,2.827955717215168
2023-03-06,1.1049955307690156,GARCH-t,0.01,2.5326813726151385,3.2274057808666514
2023-03-07,0.25246599720486,GARCH-t,0.01,2.590147777245872,3.300227062229537
2023-03-08,0.4758469855743233,GARCH-t,0.01,2.470505140467261,3.1486162180878585
2023-03-09,0.6271942047493668,GARCH-t,0.01,2.2655155973928025,2.8902907295213405
2023-03-10,-1.6882697580858388,GARCH-t,0.01,2.2405841274339324,2.8586747128774235
2023-03-13,-1.111218342304656,GARCH-t,0.01,2.511460330124045,3.202177384273048
2023-03-14,-2.219405873863012,GARCH-t,0.01,2.5696582449918153,3.275979139570114
2023-03-15,0.0273322263928996,GARCH-t,0.01,2.967154855609048,3.7800512812411617
2023-03-16,-0.8070498494962401,GARCH-t,0.01,2.850862108536028,3.632578491506221
2023-03-17,1.1893902836930397,GARCH-t,0.01,2.8122796537168617,3.58365143121903
2023-03-20,-1.430101783178469,GARCH-t,0.01,2.82305030482984,3.5973098751621873
2023-03-22,1.9148448739832256,GARCH-t,0.01,2.917858113253647,3.7175372526110633
2023-03-23,-0.1712634339126885,GARCH-t,0.01,3.098449046272428,3.9465476540627806
2023-03-24,-0.1253880765083157,GARCH-t,0.01,2.9771088676801267,3.792674131471499
2023-03-27,0.3339981292424903,GARCH-t,0.01,2.863145846318776,3.648155706120103
2023-03-28,0.1504892355221339,GARCH-t,0.01,2.761160620133834,3.5188265244145693
2023-03-29,1.3195711620534936,GARCH-t,0.01,2.661003835093025,3.3918160196960208
2023-03-30,-0.3623340468636821,GARCH-t,0.01,2.718246503642025,3.464406411059749
2023-03-31,0.9263067151335684,GARCH-t,0.01,2.6382030521437128,3.3629019631077397
2023-04-03,0.5216831491597715,GARCH-t,0.01,2.619383480854403,3.339036548028093
2023-04-04,0.3515489367783688,GARCH-t,0.01,2.5503015065453605,3.251432533778131
2023-04-05,-1.6904303120466424,GARCH-t,0.01,2.474383754699813,3.1551599549900655
2023-04-06,-1.232260935546454,GARCH-t,0.01,2.7009340605317043,3.442452210588387
2023-04-07,0.1661353555278492,GARCH-t,0.01,2.754461369900709,3.4750948304344704
2023-04-10,0.4182979360365764,GARCH-t,0.01,2.654128335455846,3.3490466901238203
2023-04-11,1.042934131055368,GARCH-t,0.01,2.57366576535014,3.247961764480382
2023-04-12,0.5689758721851732,GARCH-t,0.01,2.583680325751844,3.260543031673663
2023-04-13,0.2641250478743008,GARCH-t,0.01,2.5225671367186964,3.18376668509247
2023-04-14,1.1880011851249617,GARCH-t,0.01,2.4447237825908363,3.0859722739331805
2023-04-17,0.0747561791226833,GARCH-t,0.01,2.501347931915137,3.1571090511520827
2023-04-18,0.5039076162568722,GARCH-t,0.01,2.420929517411857,3.0560795980815696
2023-04-19,-0.1818555505755215,GARCH-t,0.01,2.3686946025650353,2.990457005162333
2023-04-20,0.1774597210516303,GARCH-t,0.01,2.30598754791659,2.91167828919378
2023-04-21,-0.3257535664922826,GARCH-t,0.01,2.244230658140324,2.834093262978452
2023-04-24,0.1019995448735246,GARCH-t,0.01,2.2032274280094213,2.7825810074852715
2023-04-25,0.0928128552270915,GARCH-t,0.01,2.149435424172896,2.715002247561455
2023-04-26,-0.7139299492267528,GARCH-t,0.01,2.100571322785056,2.6536143991627004
2023-04-27,0.1449129043808152,GARCH-t,0.01,2.127504123580565,2.687450009462085
2023-04-28,1.3915112224215482,GARCH-t,0.01,2.0814828738342115,2.6296336284725546
2023-05-01,0.9201237270608762,GARCH-t,0.01,2.2474402530189255,2.8381254689994972
2023-05-02,0.1193166159526167,GARCH-t,0.01,2.273207969773665,2.87049738713152
2023-05-08,-0.7161487474567143,GARCH-t,0.01,2.213221955604985,2.7951371075142855
2023-05-09,1.0067995528449354,GARCH-t,0.01,2.226795588660472,2.812189628783774
2023-05-10,-0.4134011712938892,GARCH-t,0.01,2.2037320164935448,2.7791654629810933
2023-05-11,0.0155917643208655,GARCH-t,0.01,2.170051793673088,2.7369482791001207
2023-05-12,0.8940672461563601,GARCH-t,0.01,2.1139141744995387,2.6665813992868967
2023-05-15,0.8067162687943656,GARCH-t,0.01,2.1397193215180916,2.6989274037229505
2023-05-16,0.728615401591347,GARCH-t,0.01,2.14743874004011,2.708603471275575
2023-05-17,0.836220783178476,GARCH-t,0.01,2.1421787933477985,2.702010280431881
2023-05-18,1.583548775450404,GARCH-t,0.01,2.154570852717433,2.717543367961043
2023-05-19,0.7638069626373304,GARCH-t,0.01,2.346475397645971,2.9580901572157003
2023-05-22,0.8998200744895645,GARCH-t,0.01,2.326630241896055,2.933214829225535
2023-05-23,-0.415994263732716,GARCH-t,0.01,2.3301518981083076,2.937629123295701
2023-05-24,-0.8925686738269373,GARCH-t,0.01,2.285543960285361,2.8817143651404056
2023-05-25,0.3853089695260961,GARCH-t,0.01,2.3167727243189367,2.92085871642956
2023-05-26,0.3732488534654124,GARCH-t,0.01,2.259513494396847,2.8490859300263924
2023-05-29,1.0208593347258557,GARCH-t,0.01,2.2061595579876103,2.7822083159390436
2023-05-30,0.3024891173990195,GARCH-t,0.01,2.2457691510921203,2.8318577937485534
2023-05-31,-1.4153476801977043,GARCH-t,0.01,2.1893749150175976,2.7611692520819275
2023-06-01,0.8386449465125958,GARCH-t,0.01,2.364577693720137,2.9807808610778697
2023-06-02,1.2005810343095205,GARCH-t,0.01,2.3541848763969035,2.967753765553139
2023-06-05,2.1751439164993704,GARCH-t,0.01,2.414162940672841,3.042934532077761
2023-06-06,0.894106058692083,GARCH-t,0.01,2.7567338637238255,3.472337262808318
2023-06-07,-1.841201592875538,GARCH-t,0.01,2.7347266377893726,3.422134719927072
2023-06-08,-0.8574379060420299,GARCH-t,0.01,2.958271527667953,3.700387405001704
2023-06-09,1.9526051475909605,GARCH-t,0.01,2.911855920117481,3.6426125775954312
2023-06-12,0.5218937477408182,GARCH-t,0.01,3.093313776155497,3.868478334123743
2023-06-13,1.786525072473324,GARCH-t,0.01,2.977988320261863,3.724929457755828
2023-06-14,1.4545224972082915,GARCH-t,0.01,3.100865829494638,3.877878589797601
2023-06-15,-0.0505571649307792,GARCH-t,0.01,3.124592556390411,3.9074119218740666
2023-06-16,0.6566021543037965,GARCH-t,0.01,2.9913152681387185,3.741517888976953
2023-06-19,-1.000824586093791,GARCH-t,0.01,2.8963244336011256,3.6232800944028
2023-06-20,0.0553878571283474,GARCH-t,0.01,2.8812555781710065,3.6045234612866968
2023-06-21,0.5562117186669766,GARCH-t,0.01,2.765425708985198,3.4603467273416695
2023-06-22,-0.928377787258327,GARCH-t,0.01,2.680436981442584,3.3545588399394863
2023-06-23,-1.4636629432637849,GARCH-t,0.01,2.675903444774425,3.3489158178534764
2023-06-26,-0.2526820951194239,GARCH-t,0.01,2.795995661688646,3.498398017294927
2023-06-27,-0.4919921103935955,GARCH-t,0.01,2.696758665960181,3.374874905068192
2023-06-28,1.9950002235872095,GARCH-t,0.01,2.6261755402465643,3.2870180801528845
2023-06-29,0.1208895969255824,GARCH-t,0.01,2.8715058677291574,3.592387719285982
2023-06-30,-0.1358006938044271,GARCH-t,0.01,2.756606680585435,3.4493694317599344
2023-07-03,1.685935087641736,GARCH-t,0.01,2.6547562503772144,3.322593303274793
2023-07-04,-0.984911331862542,GARCH-t,0.01,2.798934871309212,3.5020565351405546
2023-07-05,-0.251104932212337,GARCH-t,0.01,2.774173969301897,3.4571201503613893
2023-07-06,-1.711325930449109,GARCH-t,0.01,2.6726355696373547,3.3313364308041096
2023-07-07,-1.180465252915526,GARCH-t,0.01,2.872892495329325,3.5794106673871187
2023-07-10,-0.6153476953904035,GARCH-t,0.01,2.897704212384092,3.610146921553642
2023-07-11,0.0429853534302266,GARCH-t,0.01,2.819964183904402,3.513844143757559
2023-07-12,-0.8095157032980083,GARCH-t,0.01,2.7038329905899943,3.369983166039071
2023-07-13,1.477268360749288,GARCH-t,0.01,2.6752075161507047,3.334522506220113
2023-07-14,-0.08662261622022,GARCH-t,0.01,2.7571599841836254,3.4360435690902773
2023-07-18,0.3163464809654001,GARCH-t,0.01,2.6490428609405257,3.3021102595809793
2023-07-19,1.2299928899908406,GARCH-t,0.01,2.5526515223916593,3.18270261542037
2023-07-20,-1.240367974553177,GARCH-t,0.01,2.591772602552294,3.231165019712345
2023-07-21,-0.574953953000951,GARCH-t,0.01,2.6692317805064936,3.3271198855475093
2023-07-24,1.220500642365994,GARCH-t,0.01,2.6089377348248015,3.2524288390266323
2023-07-25,-0.0563741687179225,GARCH-t,0.01,2.638517864095905,3.2890721059778225
2023-07-26,-0.0433656859299109,GARCH-t,0.01,2.5397619492272785,3.166735272410456
2023-07-27,0.6797525010879735,GARCH-t,0.01,2.4493867558130784,3.054780307383404
2023-07-28,-0.4019164664211202,GARCH-t,0.01,2.403076120958538,2.9974116278857177
2023-07-31,1.2527972240113532,GARCH-t,0.01,2.349241430060427,2.930722299663565
2023-08-01,0.9133292872419144,GARCH-t,0.01,2.4221561369354245,3.0210475664736216
2023-08-02,-2.323583212546503,GARCH-t,0.01,2.4140235291162537,3.0109730560955232
2023-08-03,-1.6909167594528025,GARCH-t,0.01,2.9133441448005977,3.6274487300416
2023-08-04,0.1040237782985626,GARCH-t,0.01,3.06657572087196,3.817207917292174
2023-08-07,0.1918173630601209,GARCH-t,0.01,2.930403006252727,3.648574112730796
2023-08-08,0.3797776603246238,GARCH-t,0.01,2.806639002500982,3.4953070292422694
2023-08-09,-0.5356304168039222,GARCH-t,0.01,2.700744561057693,3.3641692855876997
2023-08-10,0.8328085297360465,GARCH-t,0.01,2.6331183929985436,3.2804222732760957
2023-08-14,-1.282265846804998,GARCH-t,0.01,2.590380769999184,3.2274967809376043
2023-08-15,0.5567162337129749,GARCH-t,0.01,2.679788639710271,3.3382178550475494
2023-08-16,-1.4751148471607551,GARCH-t,0.01,2.5988287283948277,3.2379585784351215
2023-08-17,-0.4442791579120207,GARCH-t,0.01,2.74035249786308,3.413219031661982
2023-08-18,-0.5556426356965283,GARCH-t,0.01,2.6586866717951407,3.312085563103375
2023-08-21,0.3646066291624942,GARCH-t,0.01,2.5977879088564806,3.236669646514332
2023-08-22,0.9178857261415247,GARCH-t,0.01,2.509938323199443,3.1278783229374247
2023-08-23,0.4808404791444447,GARCH-t,0.01,2.4946755886265457,3.1089772309952166
2023-08-24,0.8614736525139314,GARCH-t,0.01,2.4248486194399024,3.0225047867330925
2023-08-25,-2.074604785739367,GARCH-t,0.01,2.410019732701271,3.0041409640308907
2023-08-28,1.7108879931396843,GARCH-t,0.01,2.7968646715314667,3.483202676156261
2023-08-29,0.1769663747822653,GARCH-t,0.01,2.9267066158224875,3.6439965702830417
2023-08-30,0.3298934912494978,GARCH-t,0.01,2.8029769605156005,3.4907720232817496
2023-08-31,0.880272286407265,GARCH-t,0.01,2.6948153834732405,3.356826700277698
2023-09-01,0.2794410334614427,GARCH-t,0.01,2.6419737070771028,3.2757514793606655
2023-09-04,0.696305165946115,GARCH-t,0.01,2.5446891916715475,3.1558222498140656
2023-09-05,0.2958111709422731,GARCH-t,0.01,2.491570798563314,3.090339598914618
2023-09-06,0.6163708419793614,GARCH-t,0.01,2.409014150507627,2.988566411743014
2023-09-07,-0.7547476271285938,GARCH-t,0.01,2.360606719498799,2.928891283784394
2023-09-08,-1.1715087540828366,GARCH-t,0.01,2.362378742442956,2.9310757768205744
2023-09-11,-0.4274487764001707,GARCH-t,0.01,2.4563888757091084,3.046968453113219
2023-09-12,0.9460272539440682,GARCH-t,0.01,2.3999244191046127,2.977360882482735
2023-09-13,-0.2133430223606801,GARCH-t,0.01,2.4022093280565895,2.9801776449351394
2023-09-14,1.4014185676380673,GARCH-t,0.01,2.332662046584422,2.8944419875260747
2023-09-15,1.09440900988244,GARCH-t,0.01,2.4497942715456036,3.03883883666607
2023-09-19,-0.8700827428024468,GARCH-t,0.01,2.4749426504816214,3.0698409514175236
2023-09-20,-0.6603934555654025,GARCH-t,0.01,2.48409074970682,3.081118434656457
2023-09-21,-1.3804724471997258,GARCH-t,0.01,2.4553134019551863,3.0456426435723296
2023-09-22,-0.51904138244678,GARCH-t,0.01,2.59180921995331,3.2139103089927312
2023-09-25,0.8488207569986963,GARCH-t,0.01,2.531805675584934,3.1399398645066237
2023-09-26,-1.1187924981461723,GARCH-t,0.01,2.50177165602547,3.1029148887338778
2023-09-27,0.1757684447366761,GARCH-t,0.01,2.561651069441175,3.1767323085638557
2023-09-28,-1.5546592783027364,GARCH-t,0.01,2.4686305554409764,3.062059603153684
2023-09-29,-0.0467608927487988,GARCH-t,0.01,2.6555677534935302,3.2925097836637343
2023-10-02,-0.307268780285056,GARCH-t,0.01,2.5311835434475003,3.1227866029836937
2023-10-03,-1.6570520903407755,GARCH-t,0.01,2.4557812806968333,3.030352968894861
2023-10-04,-2.3025729076106383,GARCH-t,0.01,2.6702180755143052,3.2932253483734857
2023-10-05,1.7807566979314242,GARCH-t,0.01,3.070404445431792,3.783803205520936
2023-10-06,-0.2599950394493565,GARCH-t,0.01,3.1677546171764197,3.90314219914349
2023-10-10,2.396815418121354,GARCH-t,0.01,3.0335330875024447,3.738603585736721
2023-10-11,0.5966456222347307,GARCH-t,0.01,3.3264822176723294,4.097722154821379
2023-10-12,1.7325910850237145,GARCH-t,0.01,3.1901370367490727,3.930580213671549
2023-10-13,-0.5513611526101144,GARCH-t,0.01,3.2580154908453567,4.013790610277267
2023-10-16,-2.0538767680627923,GARCH-t,0.01,3.1393350825197706,3.8683034453501977
2023-10-17,1.1970750340029166,GARCH-t,0.01,3.357183532850487,4.135358082838653
2023-10-18,0.0061200368440438,GARCH-t,0.01,3.2926760671422084,4.05628009149251
2023-10-19,-1.9272794804600004,GARCH-t,0.01,3.1392209491243075,3.8681635322477432
2023-10-20,-0.5463718307780945,GARCH-t,0.01,3.31774703243519,4.087013922913568
2023-10-23,-0.8346117888506225,GARCH-t,0.01,3.193363458785862,3.934535398875352
2023-10-24,0.2023748843099033,GARCH-t,0.01,3.115936012705918,3.839619146255029
2023-10-25,0.6660148309590518,GARCH-t,0.01,2.9769758890978384,3.669271616221328
2023-10-26,-2.1598456380856264,GARCH-t,0.01,2.8771083786732508,3.546846683875814
2023-10-27,1.2660932162877616,GARCH-t,0.01,3.1797992191792948,3.917907357292136
2023-10-30,-0.955542895819292,GARCH-t,0.01,3.1464856895083666,3.877069184809271
2023-10-31,0.5259911084911963,GARCH-t,0.01,3.0825721747165247,3.759513979935144
2023-11-01,2.3785778266317035,GARCH-t,0.01,2.952796388852741,3.601872616542149
2023-11-02,1.0959410719520957,GARCH-t,0.01,3.285397151337779,4.005889724315434
2023-11-06,2.3465628331987873,GARCH-t,0.01,3.2073827429318116,3.911123989524791
2023-11-07,-1.343997254279732,GARCH-t,0.01,3.474469579615189,4.235559960371335
2023-11-08,-0.3269482165383556,GARCH-t,0.01,3.4497032674035943,4.205475802550473
2023-11-09,1.4811524772588347,GARCH-t,0.01,3.280412236350729,3.9998344437426656
2023-11-10,-0.2402886343459992,GARCH-t,0.01,3.280833609115835,4.000346294060087
2023-11-13,0.0521846831574721,GARCH-t,0.01,3.1221116862246623,3.807543452155626
2023-11-14,0.3395179382738351,GARCH-t,0.01,2.9697272822503353,3.622438927128469
2023-11-15,2.488270661872495,GARCH-t,0.01,2.838524191437246,3.463063786538992
2023-11-16,-0.2846826337517681,GARCH-t,0.01,3.2403133459600477,3.951125482285339
2023-11-17,0.4798994430358148,GARCH-t,0.01,3.0879574832456993,3.766055626924068
2023-11-20,-0.5887980525744572,GARCH-t,0.01,2.9540248561435893,3.603364861473082
2023-11-21,-0.1015568626574401,GARCH-t,0.01,2.858463913077525,3.487284983768726
2023-11-22,0.2924516220718237,GARCH-t,0.01,2.7339848648373084,3.336077678431758
2023-11-24,0.5179199506488198,GARCH-t,0.01,2.6238911474246156,3.202344535546716
2023-11-27,-0.5303453051143999,GARCH-t,0.01,2.5410007401484154,3.101655822870098
2023-11-28,-0.1175099252073195,GARCH-t,0.01,2.4844950278572044,3.0330171514431457
2023-11-29,-0.2612690989917327,GARCH-t,0.01,2.3987330181256676,2.928840243159242
2023-11-30,0.4959643856124849,GARCH-t,0.01,2.3302178393016697,2.8463804325606588
2023-12-01,-0.165511778382499,GARCH-t,0.01,2.279442716574781,2.7846973781991293
2023-12-04,-0.6007633825082408,GARCH-t,0.01,2.2201236511156823,2.7126349006927777
2023-12-05,-1.3800228067112543,GARCH-t,0.01,2.2161242300635453,2.707776290946021
2023-12-06,2.0238103402394376,GARCH-t,0.01,2.404590094848712,2.9367299508980778
2023-12-07,-1.7724523164329844,GARCH-t,0.01,2.728564259370591,3.3303029238167894
2023-12-08,-1.6894113245277411,GARCH-t,0.01,2.9432667402201673,3.5911295666007814
2023-12-11,1.4867983025982685,GARCH-t,0.01,3.090497764753545,3.769989977019576
2023-12-12,0.1581413970060102,GARCH-t,0.01,3.117883342324993,3.80325875076824
2023-12-13,0.2513374591569691,GARCH-t,0.01,2.9653741082025253,3.617986222140168
2023-12-14,-0.7318796344914846,GARCH-t,0.01,2.8300335898552302,3.453570734748095
2023-12-15,0.8660262295699396,GARCH-t,0.01,2.7686246477237684,3.378969415985097
2023-12-18,-0.6437625193790526,GARCH-t,0.01,2.712981048692432,3.311371998990506
2023-12-19,1.3956623120534355,GARCH-t,0.01,2.652383531343487,3.237756421990054
2023-12-20,1.3649917149243316,GARCH-t,0.01,2.7240297147129,3.324794230787535
2023-12-21,-1.6028521111137666,GARCH-t,0.01,2.7765015567492917,3.388538507727831
2023-12-22,0.0862079328041795,GARCH-t,0.01,2.9272620154917526,3.5716865745912063
2023-12-25,0.2558764589571278,GARCH-t,0.01,2.792651011929702,3.408157322381622
2023-12-26,0.1557103792269389,GARCH-t,0.01,2.6748650702074603,3.265067630893207
2023-12-27,1.1207850622050284,GARCH-t,0.01,2.5664898690224502,3.1334103730251424
2023-12-28,-0.4213495582588989,GARCH-t,0.01,2.5846841516241987,3.137479748439086
2023-12-29,-0.2252088942918662,GARCH-t,0.01,2.5087503895662433,3.0457344970993465
2024-01-04,-0.5269714915382578,GARCH-t,0.01,2.4251174819030825,2.9446869271399705
2024-01-05,0.2674024302984675,GARCH-t,0.01,2.386075235794458,2.8975150159238523
2024-01-09,1.1491170718168873,GARCH-t,0.01,2.3134321630560435,2.8097456655604383
2024-01-10,1.9897733598368323,GARCH-t,0.01,2.391845920879984,2.904487315718112
2024-01-11,1.750301739974527,GARCH-t,0.01,2.738384803545972,3.323185086347699
2024-01-12,1.493083461670366,GARCH-t,0.01,2.9127346473076416,3.533839343471824
2024-01-15,0.9084692898838748,GARCH-t,0.01,2.9734176078012693,3.607158158602807
2024-01-16,-0.7902880814233338,GARCH-t,0.01,2.8925218217962723,3.509417654007636
2024-01-17,-0.3978508626845268,GARCH-t,0.01,2.827070689171436,3.4303378026952105
2024-01-18,-0.0326402172216864,GARCH-t,0.01,2.715787134039722,3.295881963041878
2024-01-19,1.3918789557269635,GARCH-t,0.01,2.596000078936938,3.1511519617907315
2024-01-22,1.609958719829857,GARCH-t,0.01,2.687079313747655,3.261196388183865
2024-01-23,-0.080419081715223,GARCH-t,0.01,2.826146280437485,3.429220906740915
2024-01-24,-0.8003167113481723,GARCH-t,0.01,2.693806837112033,3.269324766196898
2024-01-25,0.0275679679641754,GARCH-t,0.01,2.659985179448204,3.228460512945146
2024-01-26,-1.348582825079037,GARCH-t,0.01,2.5463330785688516,3.091142931438948
2024-01-29,0.7686823457906787,GARCH-t,0.01,2.6761291495081716,3.2479660997965194
2024-01-30,0.1079663214876492,GARCH-t,0.01,2.6151625732381314,3.174304612315507
2024-01-31,0.6104890191682598,GARCH-t,0.01,2.480257332687075,2.98834534223015
2024-02-01,-0.7614337201997039,GARCH-t,0.01,2.4206637447199233,2.9168995176380803
2024-02-02,0.4061517258162087,GARCH-t,0.01,2.4214360881904295,2.9178254681975435
2024-02-05,0.5409880221846817,GARCH-t,0.01,2.348734572144169,2.8306647527547733
2024-02-06,-0.533685275473635,GARCH-t,0.01,2.3010022517799835,2.7734392171821916
2024-02-07,-0.1127226273469281,GARCH-t,0.01,2.2807710103997723,2.749184296942666
2024-02-08,2.037140192445023,GARCH-t,0.01,2.2196527261072005,2.675910537669401
2024-02-09,0.0925713177657624,GARCH-t,0.01,2.64000010700717,3.179858466766548
2024-02-13,2.849583840023312,GARCH-t,0.01,2.522478376589208,3.038963494276784
2024-02-14,-0.6889356594200559,GARCH-t,0.01,3.234553734303375,3.8926595518396145
2024-02-15,1.198573622237038,GARCH-t,0.01,3.0965793119836023,3.727244165528522
2024-02-16,0.8592814382232485,GARCH-t,0.01,3.045684972697173,3.666227734710633
2024-02-19,-0.0438147018732029,GARCH-t,0.01,2.937873246373678,3.536973934920589
2024-02-20,-0.2779228369198603,GARCH-t,0.01,2.782063261312634,3.3501757701834665
2024-02-21,-0.264791541138601,GARCH-t,0.01,2.6591984467571352,3.202875057326442
2024-02-22,2.1627276507315103,GARCH-t,0.01,2.552459913119212,3.0749078915348265
2024-02-26,0.344765128893426,GARCH-t,0.01,2.930738594620914,3.528420312038637
2024-02-27,0.0148040133582172,GARCH-t,0.01,2.7822043038168447,3.3503448638453786
2024-02-28,-0.0802785622431813,GARCH-t,0.01,2.64576646035522,3.18677165799893
2024-02-29,-0.106769410417488,GARCH-t,0.01,2.530230288159506,3.0482571403416943
2024-03-01,1.8833562374571793,GARCH-t,0.01,2.431118588481057,2.949723447118545
2024-03-04,0.4959021168306252,GARCH-t,0.01,2.7170310190643945,3.2945264534212213
2024-03-05,-0.0289291032495609,GARCH-t,0.01,2.6097015561716628,3.165089893441089
2024-03-06,-0.0170789176473358,GARCH-t,0.01,2.499417972103514,3.0320907396269363
2024-03-07,-1.234984822061011,GARCH-t,0.01,2.403982658218015,2.9169982161293686
2024-03-08,0.2276029243762102,GARCH-t,0.01,2.53096438319568,3.0701348965754343
2024-03-11,-2.2124439144522148,GARCH-t,0.01,2.4322441618567434,2.951080859536603
2024-03-12,-0.0592042133812581,GARCH-t,0.01,2.931695303510647,3.553406035787985
2024-03-13,-0.2620685669352827,GARCH-t,0.01,2.7800393643775587,3.3705128903935853
2024-03-14,0.2874978600473616,GARCH-t,0.01,2.659031780844833,3.2245808702209104
2024-03-15,-0.2573393824706441,GARCH-t,0.01,2.5451921922877445,3.0872932668429853
2024-03-18,2.633233169692325,GARCH-t,0.01,2.456249013856041,2.980030091013952
2024-03-19,0.66001447071274,GARCH-t,0.01,3.0655531228597024,3.714835108439731
2024-03-21,2.0096346003144063,GARCH-t,0.01,2.928078045160303,3.5490437156495163
2024-03-22,0.1781295174591947,GARCH-t,0.01,3.1419663930104744,3.806987538523476
2024-03-25,-1.166787438236721,GARCH-t,0.01,2.9627720641332074,3.590883806400984
2024-03-26,-0.0398203574486325,GARCH-t,0.01,2.9648905471230527,3.593438642167339
2024-03-27,0.8987142695917293,GARCH-t,0.01,2.8084738302704624,3.4048041218118232
2024-03-28,-1.4695785848525174,GARCH-t,0.01,2.7417592857432975,3.3243481043167207
2024-03-29,0.5000688724820368,GARCH-t,0.01,2.8713411538423435,3.4806204902067233
2024-04-01,-1.4128554374174491,GARCH-t,0.01,2.6191530266084677,3.125500416998784
2024-04-02,0.0899533284331448,GARCH-t,0.01,2.6602097678571375,3.174240952167054
2024-04-03,-0.9763096225270672,GARCH-t,0.01,2.609615905103389,3.114178417444389
2024-04-04,0.81108452012914,GARCH-t,0.01,2.607238293460574,3.1113558343467385
2024-04-05,-1.9833325305466485,GARCH-t,0.01,2.580796603265855,3.0799655658634615
2024-04-08,0.9062225347250228,GARCH-t,0.01,2.704694742972335,3.2270513172403437
2024-04-09,1.0770805318377783,GARCH-t,0.01,2.677935934858368,3.1952845820277176
2024-04-10,-0.4821897394702943,GARCH-t,0.01,2.664978373632828,3.179902005393512
2024-04-11,-0.3522450416879921,GARCH-t,0.01,2.626958354458321,3.1347665166695164
2024-04-12,0.2049533196283531,GARCH-t,0.01,2.5859349396306177,3.0860655449820245
2024-04-15,-0.7383565011142664,GARCH-t,0.01,2.5400060921455285,3.0315410859528367
2024-04-16,-1.9603262428336896,GARCH-t,0.01,2.5242212929807613,3.012802152091657
2024-04-17,-1.3329477575317208,GARCH-t,0.01,2.6508909014915147,3.163178054333272
2024-04-18,0.310089969218905,GARCH-t,0.01,2.680194936104868,3.197966356721752
2024-04-19,-2.6917763286561107,GARCH-t,0.01,2.6304918093394223,3.1389612597655336
2024-04-22,0.9938960219700212,GARCH-t,0.01,2.876140889574325,3.4305837137183333
2024-04-23,0.3028395861055099,GARCH-t,0.01,2.844386920250271,3.392886969858486
2024-04-24,2.388986747093893,GARCH-t,0.01,2.7856938206795747,3.3232094212573053
2024-04-25,-2.185954854620538,GARCH-t,0.01,2.9239605212449167,3.4873528183352196
2024-04-26,0.8106664523146838,GARCH-t,0.01,3.0420731987767557,3.627570354797531
2024-04-30,1.2336961166961482,GARCH-t,0.01,2.94046635707622,3.4820818330322583
2024-05-01,-0.3432707364845155,GARCH-t,0.01,2.922904912436566,3.461372751932589
2024-05-02,-0.0992822160697575,GARCH-t,0.01,2.870354465733586,3.3994033932080514
2024-05-07,1.5545197991112896,GARCH-t,0.01,2.8157903558134083,3.3350594510863023
2024-05-08,-1.6426932896046558,GARCH-t,0.01,2.833357622548089,3.355775397807823
2024-05-09,-0.3366462701084503,GARCH-t,0.01,2.8750784612805207,3.4049740970369977
2024-05-10,0.4066129439888787,GARCH-t,0.01,2.824844540013625,3.3457364676268573
2024-05-13,-0.1299551720030367,GARCH-t,0.01,2.7750049689905096,3.28696387007188
2024-05-14,0.4614797697558606,GARCH-t,0.01,2.7257497673471502,3.228880381706144
2024-05-15,0.0773291236523888,GARCH-t,0.01,2.682455422823796,3.17782614839628
2024-05-16,1.38291936701776,GARCH-t,0.01,2.6365460269191887,3.1236881533432697
2024-05-17,-0.3420074035389234,GARCH-t,0.01,2.651605102966062,3.1414463522579865
2024-05-20,0.7251802816574756,GARCH-t,0.01,2.613548846805187,3.096569059338374
2024-05-21,-0.3146768419548248,GARCH-t,0.01,2.5858635870864615,3.063921614862998
2024-05-22,-0.850471817226441,GARCH-t,0.01,2.5506834711966215,3.022435969005973
2024-05-23,1.2509560559344868,GARCH-t,0.01,2.542933156415622,3.0132965217315006
2024-05-24,-1.17586776097245,GARCH-t,0.01,2.553470357112968,3.025722364154059
2024-05-27,0.6548645747686236,GARCH-t,0.01,2.5707460444201313,3.046094470027896
2024-05-28,-0.1148433363869579,GARCH-t,0.01,2.54254925711584,3.012843814001788
2024-05-29,-0.7711996733372241,GARCH-t,0.01,2.5055417475755273,2.9692032404560003
2024-05-30,-1.3124731547266442,GARCH-t,0.01,2.4490944832616055,2.9214452774929245
2024-05-31,1.1334274515716631,GARCH-t,0.01,2.557583670865297,3.0501696605992117
2024-06-03,1.124227282209611,GARCH-t,0.01,2.57062585662782,3.0656444498728783
2024-06-04,-0.2200869480977879,GARCH-t,0.01,2.5791898144337737,3.0758057406878363
2024-06-05,-0.8982336194035169,GARCH-t,0.01,2.5035202203899325,2.9860223988788945
2024-06-06,0.5527405274230405,GARCH-t,0.01,2.5170649428129233,3.0020934569885234
2024-06-07,-0.0506077764353044,GARCH-t,0.01,2.4646968274395795,2.9399577410266944
2024-06-10,0.9115373048005035,GARCH-t,0.01,2.4053540887921585,2.869546508414911
2024-06-11,0.2472183956970922,GARCH-t,0.01,2.417015234608074,2.883382668815979
2024-06-12,-0.6616436461157585,GARCH-t,0.01,2.3680881792778403,2.825329832826476
2024-06-13,-0.4027012303159012,GARCH-t,0.01,2.376517799955499,2.8353317302092407
2024-06-14,0.2427029257859821,GARCH-t,0.01,2.354704054387642,2.8094493265938927
2024-06-17,-1.8517038755761952,GARCH-t,0.01,2.3184421747621786,2.7664239506263493
2024-06-18,0.9915082748825448,GARCH-t,0.01,2.6102058197081552,3.1126067918667863
2024-06-19,0.2301079287745887,GARCH-t,0.01,2.5890041860103117,3.087450670055182
2024-06-20,0.1612818050808294,GARCH-t,0.01,2.5054687910560394,2.988334413213907
2024-06-21,-0.0946549945945143,GARCH-t,0.01,2.4369712089086675,2.9070607932251384
2024-06-24,0.5379255418053319,GARCH-t,0.01,2.3844240991353667,2.844712697170667
2024-06-25,0.9451478701709356,GARCH-t,0.01,2.3582864056160777,2.813699851112843
2024-06-26,1.2529857091936545,GARCH-t,0.01,2.3855367446286846,2.846032871170555
2024-06-27,-0.82404460645921,GARCH-t,0.01,2.493696424158011,2.9836382671632955
2024-06-28,0.6120772585004332,GARCH-t,0.01,2.502079316264666,2.9936178044424104
2024-07-01,0.1211411917244963,GARCH-t,0.01,2.4558018397692605,2.9385261014843564
2024-07-02,1.1131879285798183,GARCH-t,0.01,2.393141056650348,2.863930650043764
2024-07-03,1.2549106953283065,GARCH-t,0.01,2.455726350563193,2.9384362342480204
2024-07-04,0.8169604997017623,GARCH-t,0.01,2.530467846497234,3.027413348050836
2024-07-05,-0.0031220967546009,GARCH-t,0.01,2.502322040870065,2.993906759521078
2024-07-08,-0.3223577924496049,GARCH-t,0.01,2.4281386134280303,2.9055940065676475
2024-07-09,1.9414504900469705,GARCH-t,0.01,2.3890232479956577,2.859028544129133
2024-07-10,0.603790072817224,GARCH-t,0.01,2.681901662125618,3.2076899625121267
2024-07-11,0.932792557624231,GARCH-t,0.01,2.5882413805841185,3.0961907019557677
2024-07-12,-2.477723273719571,GARCH-t,0.01,2.5623001559835146,3.0653085893538297
2024-07-16,0.2046873010221411,GARCH-t,0.01,3.053114886661598,3.649606208793791
2024-07-17,-0.430693283629492,GARCH-t,0.01,2.8470751074409315,3.4043231213399
2024-07-18,-2.3918685076836077,GARCH-t,0.01,2.710974916699989,3.242300646290317
2024-07-19,-0.1560354233221824,GARCH-t,0.01,3.1108204715258165,3.7183026715465943
2024-07-22,-1.166904503396276,GARCH-t,0.01,2.895062420581152,3.461450324495383
2024-07-23,-0.0116408073169455,GARCH-t,0.01,2.8605697327513617,3.4203879966406583
2024-07-24,-1.1163120170305387,GARCH-t,0.01,2.698434484018999,3.2273717036480973
2024-07-25,-3.3377988958596077,GARCH-t,0.01,2.7071045680422032,3.2376931327708625
2024-07-26,-0.5351079703330617,GARCH-t,0.01,3.294582782768431,3.902498705627648
2024-07-29,2.104780702156328,GARCH-t,0.01,3.146439110185189,3.727601668385471
2024-07-30,0.1488944403245079,GARCH-t,0.01,3.224869042300157,3.820195314261945
2024-07-31,1.4837001278821993,GARCH-t,0.01,3.06564409039192,3.632215822069114
2024-08-01,-2.5263950828172916,GARCH-t,0.01,3.041011882589246,3.603135267427128
2024-08-02,-5.989763815813384,GARCH-t,0.01,3.2795784482516246,3.8847847283310113
2024-08-05,-13.234076084751925,GARCH-t,0.01,4.728801971247547,5.595724494126512
2024-08-06,9.736558781039518,GARCH-t,0.01,8.99120112539925,10.627873154986869
2024-08-07,1.1873132219446887,GARCH-t,0.01,10.023445517055643,11.846531249946093
2024-08-08,-0.7393334923367528,GARCH-t,0.01,9.201653332511478,10.876331066574846
2024-08-09,0.5550035735861498,GARCH-t,0.01,8.44603044909437,9.984249742562948
2024-08-13,3.3894737323413033,GARCH-t,0.01,7.752789712703744,9.165816199124382
2024-08-14,0.5776917008342124,GARCH-t,0.01,7.383774431266295,8.730160201840846
2024-08-15,0.7768647754402221,GARCH-t,0.01,6.792656962487701,8.03229243503913
2024-08-16,3.5731666750035633,GARCH-t,0.01,6.265842083082059,7.410339705121697
2024-08-19,-1.78676517620567,GARCH-t,0.01,6.13401689426266,7.254708117512389
2024-08-20,1.787421985532697,GARCH-t,0.01,5.762970759205257,6.8166545133988805
2024-08-21,-0.2923675020340554,GARCH-t,0.01,5.419096900543057,6.4106802452015
2024-08-22,0.6806784828739418,GARCH-t,0.01,5.019744873955938,5.939208969723972
2024-08-23,0.4002806509588617,GARCH-t,0.01,4.67086478325686,5.5273243907065
2024-08-26,-0.6644090637961935,GARCH-t,0.01,3.0449722350054476,3.7422867019884873
2024-08-27,0.4670297831381058,GARCH-t,0.01,2.8752467869753273,3.5346866878226
2024-08-28,0.2169064503637986,GARCH-t,0.01,2.700770781760368,3.3212760203320952
2024-08-29,-0.024058262446702,GARCH-t,0.01,2.5598127388475813,3.1488629140765316
2024-08-30,0.7407324048039218,GARCH-t,0.01,2.461303619611986,3.0283712919530816
2024-09-02,0.1373550073693391,GARCH-t,0.01,2.4614258109094,3.0285207504778247
2024-09-03,-0.0376354332350508,GARCH-t,0.01,2.393052587794519,2.9448899087156764
2024-09-04,-4.328192896367713,GARCH-t,0.01,2.348604776687803,2.8905234815093133
2024-09-05,-1.0596968439079586,GARCH-t,0.01,4.516945189204881,5.5427333037813735
2024-09-06,-0.7272484757154206,GARCH-t,0.01,4.021439078529789,4.936654034058795
2024-09-09,-0.4840265089037639,GARCH-t,0.01,3.5895842230183113,4.408429921750783
2024-09-10,-0.1563797596713826,GARCH-t,0.01,3.2347849980316044,3.974456554832849
2024-09-11,-1.502950185259195,GARCH-t,0.01,2.944132554727137,3.618944449561228
2024-09-12,3.3500692470700684,GARCH-t,0.01,3.0616260634618575,3.762656864881522
2024-09-13,-0.6851697592505765,GARCH-t,0.01,4.022796465949599,4.938314325139784
2024-09-17,-1.0401771887622802,GARCH-t,0.01,3.5834415661502232,4.400916518972168
2024-09-18,0.4875866890508515,GARCH-t,0.01,3.3404924531117857,4.103752835542569
2024-09-19,2.108328530259441,GARCH-t,0.01,3.034886884258141,3.7299507854697262
2024-09-20,1.518693225368846,GARCH-t,0.01,3.3129166546546314,4.07002344365241
2024-09-24,0.5727396065865551,GARCH-t,0.01,3.249630447947017,3.992614795971748
2024-09-25,-0.1855358269298584,GARCH-t,0.01,3.003034038325879,3.734570212726331
2024-09-26,2.748672159356165,GARCH-t,0.01,2.794789289790267,3.4769500601613705
2024-09-27,2.2956440414575616,GARCH-t,0.01,3.524136767946983,4.379227836272831
2024-09-30,-4.914248404567918,GARCH-t,0.01,3.704060943836901,4.601812530335159
2024-10-01,1.9130880809781377,GARCH-t,0.01,5.4836076129889575,6.803294621130936
2024-10-02,-2.205684437304394,GARCH-t,0.01,4.895938846258232,6.076287969546915
2024-10-03,1.9468631932294085,GARCH-t,0.01,4.6339001807699995,5.75211921400467
2024-10-04,0.2165177991704316,GARCH-t,0.01,4.300799383934553,5.3400392998473984
2024-10-07,1.7882530048958636,GARCH-t,0.01,3.728854433856954,4.632484625197093
2024-10-08,-1.0098407482880876,GARCH-t,0.01,3.6268912508681823,4.506345690399012
2024-10-09,0.870477142162716,GARCH-t,0.01,3.368759586978142,4.187010297305883
2024-10-10,0.2617117951892766,GARCH-t,0.01,3.120985287270736,3.8804880279993785
2024-10-11,0.5694902776685145,GARCH-t,0.01,2.8720008290670567,3.5724686682806066
2024-10-15,0.7665127640329642,GARCH-t,0.01,2.7273900206241852,3.3935702384494992
2024-10-16,-1.846663015318762,GARCH-t,0.01,2.6626880416171654,3.3135272418301014
2024-10-17,-0.689218332841583,GARCH-t,0.01,3.0576909551571596,3.8021864352328825
2024-10-18,0.1811681823155245,GARCH-t,0.01,2.9026785580974033,3.6104201714456097
2024-10-21,-0.069668230687718,GARCH-t,0.01,2.7165598901091017,3.3801722541295383
2024-10-22,-1.4028011742253517,GARCH-t,0.01,2.590813457256584,3.224610995352224
2024-10-23,-0.8027077189695614,GARCH-t,0.01,2.818596290673334,3.5064017665920906
2024-10-24,0.1008016366076733,GARCH-t,0.01,2.8029710238825283,3.4930585300550363
2024-10-25,-0.6031456584008739,GARCH-t,0.01,2.649296880964339,3.3025877089761138
2024-10-28,1.8077186404158372,GARCH-t,0.01,2.6216267965901507,3.268292130097366
2024-10-29,0.7693276822786391,GARCH-t,0.01,2.9763886269587405,3.708000306337136
2024-10-30,0.9560211502865086,GARCH-t,0.01,2.8358615281187536,3.533824538106949
2024-10-31,-0.5006238829108204,GARCH-t,0.01,2.7871609225703904,3.4734627612348583
2024-11-01,-2.6645231367667983,GARCH-t,0.01,2.6905580019355844,3.353728645510985
2024-11-05,1.1008459054551205,GARCH-t,0.01,3.583990289104362,4.461089832526362
2024-11-06,2.580519251055579,GARCH-t,0.01,3.319930551685125,4.133802013996589
2024-11-07,-0.251735101615967,GARCH-t,0.01,3.766981041924506,4.687897012170489
2024-11-08,0.3016185126676096,GARCH-t,0.01,3.3309975140510497,4.147518917625649
2024-11-11,0.0833801890628168,GARCH-t,0.01,3.016379667797206,3.75756704697195
2024-11-12,-0.3985093197873606,GARCH-t,0.01,2.7929449655823877,3.480631770937664
2024-11-13,-1.6759637908742888,GARCH-t,0.01,2.6778020509667044,3.337918331501435
2024-11-14,-0.4814073329608999,GARCH-t,0.01,3.0204405919353867,3.762600343662274
2024-11-15,0.2778257015228932,GARCH-t,0.01,2.841609016502125,3.5409482403169235
2024-11-18,-1.0982102000304856,GARCH-t,0.01,2.6810956185179946,3.3420005310430136
2024-11-19,0.5051943009873268,GARCH-t,0.01,2.7816216455437304,3.466597125784311
2024-11-20,-0.1617623293734115,GARCH-t,0.01,2.6631993179687696,3.319819030660736
2024-11-21,-0.854088261598344,GARCH-t,0.01,2.5660571760065545,3.1994165791516447
2024-11-22,0.6753520842744595,GARCH-t,0.01,2.6748229947951305,3.338073805904548
2024-11-25,1.288009897913561,GARCH-t,0.01,2.6393063623279582,3.293998002685692
2024-11-26,-0.8757664147849662,GARCH-t,0.01,2.7776213399426837,3.4656455748816737
2024-11-27,-0.801893572626497,GARCH-t,0.01,2.7830293121496887,3.4723568169744965
2024-11-28,0.5598303602311836,GARCH-t,0.01,2.7673103024074326,3.452849675332187
2024-11-29,-0.3684244099642957,GARCH-t,0.01,2.679761529764477,3.344202480848591
2024-12-02,0.7950618108786257,GARCH-t,0.01,2.6188211088365407,3.2685759978655375
2024-12-03,1.892602952646885,GARCH-t,0.01,2.627684492466502,3.279575372682068
2024-12-04,0.0701207602091615,GARCH-t,0.01,3.0183566850117907,3.764395849331163
2024-12-05,0.3030583703951927,GARCH-t,0.01,2.8108506750507685,3.506882863824287
2024-12-06,-0.7757516352278754,GARCH-t,0.01,2.6813787655457197,3.3462094550773114
2024-12-09,0.1771927461179997,GARCH-t,0.01,2.6976295682440252,3.3663765467220785
2024-12-10,0.5274001603899916,GARCH-t,0.01,2.602005778613345,3.2477083329296037
2024-12-11,0.0118170054982427,GARCH-t,0.01,2.5702085323458146,3.2082482526225937
2024-12-12,1.2040082388597555,GARCH-t,0.01,2.519720388619176,3.14559294627176
2024-12-13,-0.954876681135594,GARCH-t,0.01,2.6790626192992253,3.343335139606076
2024-12-16,-0.0328226653545253,GARCH-t,0.01,2.744750166727252,3.4248527614426343
2024-12-17,-0.235488667796846,GARCH-t,0.01,2.6327574689944333,3.2858708883221177
2024-12-18,-0.7214353013517918,GARCH-t,0.01,2.5737673862629316,3.2126647564980804
2024-12-19,-0.688446951695577,GARCH-t,0.01,2.6182681882548455,3.2678898286805227
2024-12-20,-0.288148302055434,GARCH-t,0.01,2.6227211901210845,3.2771904456102976
2024-12-23,1.1801377612235449,GARCH-t,0.01,2.566473032902969,3.2072873431467928
2024-12-24,-0.318391983692586,GARCH-t,0.01,2.696510429324175,3.368892947591225
2024-12-25,0.2394305346384046,GARCH-t,0.01,2.6170944189138057,3.2701977051598705
2024-12-26,1.1121774427931932,GARCH-t,0.01,2.5469641633848203,3.1830424510059507
2024-12-27,1.7861678111050672,GARCH-t,0.01,2.6633564999422052,3.3276904862613583
2024-12-30,-0.9644420798439086,GARCH-t,0.01,2.9904305546504277,3.7341658676816674
2022-12-20,-2.489127638949298,GARCH-t,0.05,1.7403607746324492,2.417206979079766
2022-12-21,-0.6809809720177208,GARCH-t,0.05,2.146419910616307,2.9755924275784884
2022-12-22,0.4542860547956492,GARCH-t,0.05,2.0431027313528087,2.83351753166243
2022-12-23,-1.0337711266382608,GARCH-t,0.05,1.9242905449344216,2.670134935086687
2022-12-26,0.6482375028426324,GARCH-t,0.05,1.9029328342230591,2.640765235410865
2022-12-27,0.1589291891407026,GARCH-t,0.05,1.817785898442992,2.5236768467734647
2022-12-28,-0.4067914596881906,GARCH-t,0.05,1.717198544863422,2.385355825117987
2022-12-29,-0.9414925486891276,GARCH-t,0.05,1.6488417114606988,2.291356065735527
2022-12-30,0.0031810968896288,GARCH-t,0.05,1.6605114187726049,2.30740346911538
2023-01-04,-1.4577780520938353,GARCH-t,0.05,1.5808438097541673,2.1978498852887385
2023-01-05,0.4033615296562223,GARCH-t,0.05,1.7183897150056535,2.386993842872462
2023-01-06,0.5909848697618759,GARCH-t,0.05,1.6405497885402214,2.2799535662260677
2023-01-10,0.773592425440218,GARCH-t,0.05,1.588676908038614,2.2086214397523456
2023-01-11,1.027874625394543,GARCH-t,0.05,1.5748428926498892,2.1947559511833594
2023-01-12,0.0144446668340659,GARCH-t,0.05,1.5903014328561322,2.2160865191647834
2023-01-13,-1.2566455232761584,GARCH-t,0.05,1.5280897317433066,2.1302432957994073
2023-01-16,-1.1443663259038128,GARCH-t,0.05,1.6131587401003595,2.2476263243171735
2023-01-17,1.2176951332297214,GARCH-t,0.05,1.660832607703005,2.3134094228677697
2023-01-18,2.4654259606584668,GARCH-t,0.05,1.6930919466964545,2.3579226831274736
2023-01-19,-1.4508342905426903,GARCH-t,0.05,2.0198412334302804,2.808789827150747
2023-01-20,0.560055471133265,GARCH-t,0.05,2.0545212920593348,2.8566433332591745
2023-01-23,1.3188092820059605,GARCH-t,0.05,1.9572534198537612,2.7224276225382127
2023-01-24,1.4506249512405751,GARCH-t,0.05,1.9590366399504504,2.7248882104715353
2023-01-25,0.3503860076612355,GARCH-t,0.05,1.9829324923057936,2.7578610588996093
2023-01-26,-0.1178272065743107,GARCH-t,0.05,1.882561140697515,2.6193629917921357
2023-01-27,0.0723734966221563,GARCH-t,0.05,1.7893051160694566,2.490683055234943
2023-01-30,0.1854929019132892,GARCH-t,0.05,1.704136109808864,2.3731620439548333
2023-01-31,-0.3882036510088401,GARCH-t,0.05,1.6298022603429247,2.2705919947652067
2023-02-01,0.0723250128702933,GARCH-t,0.05,1.5785949445545606,2.199933244585883
2023-02-02,0.2015379620958895,GARCH-t,0.05,1.517646135404701,2.115832630969541
2023-02-03,0.3912122973054605,GARCH-t,0.05,1.4658130684485131,2.0443104339416376
2023-02-06,0.6673179544043314,GARCH-t,0.05,1.4283884961303357,1.9926698926383768
2023-02-07,-0.0295406911411171,GARCH-t,0.05,1.4190008341398317,1.979716265736775
2023-02-08,-0.2857914963641302,GARCH-t,0.05,1.3301484986451948,1.8601185186245823
2023-02-09,-0.08012685115119,GARCH-t,0.05,1.314168035826795,1.8380778661669777
2023-02-10,0.3135658776614822,GARCH-t,0.05,1.2891170579379765,1.8035269333407469
2023-02-13,-0.8844619206005223,GARCH-t,0.05,1.2736424266762831,1.7821839363684773
2023-02-14,0.6376504698627659,GARCH-t,0.05,1.3607250623617562,1.9022904770893017
2023-02-15,-0.366249700080255,GARCH-t,0.05,1.3616687475483726,1.9035920312097276
2023-02-16,0.7050249309804929,GARCH-t,0.05,1.3467651170853434,1.8830365727649332
2023-02-17,-0.664048882508275,GARCH-t,0.05,1.35990433695332,1.9011585121583707
2023-02-20,0.0683388880247517,GARCH-t,0.05,1.3846379782753526,1.9352717664855423
2023-02-21,-0.2139435484321346,GARCH-t,0.05,1.343737762669862,1.8788611701313624
2023-02-22,-1.351419359891925,GARCH-t,0.05,1.3197506469318243,1.845777542488632
2023-02-24,1.279981664585004,GARCH-t,0.05,1.513203635820337,2.1125927244661717
2023-02-27,-0.1075834927458851,GARCH-t,0.05,1.599110343477091,2.2310773959526267
2023-02-28,0.0787308141437685,GARCH-t,0.05,1.5235809372677862,2.126905357163373
2023-03-01,0.2582463281266135,GARCH-t,0.05,1.457846835662747,2.0362432465252875
2023-03-02,-0.0642007778118723,GARCH-t,0.05,1.4076733125840997,1.967042673468241
2023-03-03,1.5465935761209575,GARCH-t,0.05,1.3645051810481783,1.90750411095978
2023-03-06,1.1049955307690156,GARCH-t,0.05,1.5620513842065933,2.179964756037022
2023-03-07,0.25246599720486,GARCH-t,0.05,1.5980648160505295,2.2296353784775635
2023-03-08,0.4758469855743233,GARCH-t,0.05,1.523086366068451,2.1262232322434653
2023-03-09,0.6271942047493668,GARCH-t,0.05,1.3944611024056563,1.9491483683278548
2023-03-10,-1.6882697580858388,GARCH-t,0.05,1.3788491526029818,1.927601750619904
2023-03-13,-1.111218342304656,GARCH-t,0.05,1.5484703456619426,2.161702106321907
2023-03-14,-2.219405873863012,GARCH-t,0.05,1.5849135608849063,2.2119987083724246
2023-03-15,0.0273322263928996,GARCH-t,0.05,1.8338237591976108,2.5555286937004102
2023-03-16,-0.8070498494962401,GARCH-t,0.05,1.7610018785498072,2.455024577115086
2023-03-17,1.1893902836930397,GARCH-t,0.05,1.7368417568684749,2.42168031760715
2023-03-20,-1.430101783178469,GARCH-t,0.05,1.7435862795458514,2.43098867777925
2023-03-22,1.9148448739832256,GARCH-t,0.05,1.8029544094016476,2.5129247853255143
2023-03-23,-0.1712634339126885,GARCH-t,0.05,1.916039461577014,2.6689975640945605
2023-03-24,-0.1253880765083157,GARCH-t,0.05,1.840056906984134,2.564131286853148
2023-03-27,0.3339981292424903,GARCH-t,0.05,1.76869388780437,2.4656405978497724
2023-03-28,0.1504892355221339,GARCH-t,0.05,1.7048312982963942,2.377501523655952
2023-03-29,1.3195711620534936,GARCH-t,0.05,1.6421136686085356,2.2909426500038212
2023-03-30,-0.3623340468636821,GARCH-t,0.05,1.6779587138237773,2.3404136959486848
2023-03-31,0.9263067151335684,GARCH-t,0.05,1.627835943329858,2.271237443914438
2023-04-03,0.5216831491597715,GARCH-t,0.05,1.6160512309658757,2.254972935296726
2023-04-04,0.3515489367783688,GARCH-t,0.05,1.5727924773921125,2.195269961769573
2023-04-05,-1.6904303120466424,GARCH-t,0.05,1.525253197401807,2.129659278606419
2023-04-06,-1.232260935546454,GARCH-t,0.05,1.6671177568627205,2.325451698364743
2023-04-07,0.1661353555278492,GARCH-t,0.05,1.721502950773068,2.376787101428568
2023-04-10,0.4182979360365764,GARCH-t,0.05,1.6580300353173356,2.2899310068268135
2023-04-11,1.042934131055368,GARCH-t,0.05,1.6071276188008992,2.220276334866882
2023-04-12,0.5689758721851732,GARCH-t,0.05,1.6134630530795564,2.228945718888387
2023-04-13,0.2641250478743008,GARCH-t,0.05,1.5748014866055269,2.176041379281326
2023-04-14,1.1880011851249617,GARCH-t,0.05,1.525556044536658,2.1086541048142826
2023-04-17,0.0747561791226833,GARCH-t,0.05,1.5613777443656331,2.1576723817722874
2023-04-18,0.5039076162568722,GARCH-t,0.05,1.5105032616681542,2.0880559343433163
2023-04-19,-0.1818555505755215,GARCH-t,0.05,1.4774582894687769,2.0428373208472466
2023-04-20,0.1774597210516303,GARCH-t,0.05,1.437788408056329,1.9885532069372285
2023-04-21,-0.3257535664922826,GARCH-t,0.05,1.398719622134858,1.9350916297966985
2023-04-24,0.1019995448735246,GARCH-t,0.05,1.3727800642025108,1.899596037991546
2023-04-25,0.0928128552270915,GARCH-t,0.05,1.3387500427783454,1.8530294869060135
2023-04-26,-0.7139299492267528,GARCH-t,0.05,1.307837522357017,1.810728912262233
2023-04-27,0.1449129043808152,GARCH-t,0.05,1.3248758128596216,1.8340440437812588
2023-04-28,1.3915112224215482,GARCH-t,0.05,1.2957617437947344,1.794204463091044
2023-05-01,0.9201237270608762,GARCH-t,0.05,1.4007500834430784,1.9378701052803868
2023-05-02,0.1193166159526167,GARCH-t,0.05,1.4170513157950178,1.9601766492467296
2023-05-08,-0.7161487474567143,GARCH-t,0.05,1.3791028252811843,1.9082480800546928
2023-05-09,1.0067995528449354,GARCH-t,0.05,1.387689808303526,1.919998474760484
2023-05-10,-0.4134011712938892,GARCH-t,0.05,1.3732709573613648,1.899616373131684
2023-05-11,0.0155917643208655,GARCH-t,0.05,1.3519112101186843,1.8704479203884117
2023-05-12,0.8940672461563601,GARCH-t,0.05,1.3163091488513068,1.8218304423891591
2023-05-15,0.8067162687943656,GARCH-t,0.05,1.3326745814915475,1.844178756869035
2023-05-16,0.728615401591347,GARCH-t,0.05,1.3375701794028123,1.8508640895512245
2023-05-17,0.836220783178476,GARCH-t,0.05,1.3342343602647782,1.8463087602309671
2023-05-18,1.583548775450404,GARCH-t,0.05,1.3420933123080208,1.8570407913116969
2023-05-19,0.7638069626373304,GARCH-t,0.05,1.463797749842366,2.0232379889907843
2023-05-22,0.8998200744895645,GARCH-t,0.05,1.4512120994127506,2.006051271113054
2023-05-23,-0.415994263732716,GARCH-t,0.05,1.4534455076348491,2.0091011696648753
2023-05-24,-0.8925686738269373,GARCH-t,0.05,1.4251554846740568,1.9704688680527511
2023-05-25,0.3853089695260961,GARCH-t,0.05,1.444960534955771,1.9975142570574491
2023-05-26,0.3732488534654124,GARCH-t,0.05,1.4086471564794418,1.9479254182008308
2023-05-29,1.0208593347258557,GARCH-t,0.05,1.3748104861528092,1.9017187235148585
2023-05-30,0.3024891173990195,GARCH-t,0.05,1.3999305960050477,1.9360222538331733
2023-05-31,-1.4153476801977043,GARCH-t,0.05,1.3641657902044102,1.8871825350848297
2023-06-01,0.8386449465125958,GARCH-t,0.05,1.4752780916060635,2.0389153189894245
2023-06-02,1.2005810343095205,GARCH-t,0.05,1.4686870440246094,2.0299147134240103
2023-06-05,2.1751439164993704,GARCH-t,0.05,1.5067246870612558,2.081858174213796
2023-06-06,0.894106058692083,GARCH-t,0.05,1.723980622928054,2.378538627710161
2023-06-07,-1.841201592875538,GARCH-t,0.05,1.7211059440406675,2.361735260582794
2023-06-08,-0.8574379060420299,GARCH-t,0.05,1.8639812073014816,2.5555954021956087
2023-06-09,1.9526051475909605,GARCH-t,0.05,1.8343153887189751,2.5153433693369434
2023-06-12,0.5218937477408182,GARCH-t,0.05,1.9502913744203536,2.6727052561928417
2023-06-13,1.786525072473324,GARCH-t,0.05,1.8765828907219515,2.5726939822905592
2023-06-14,1.4545224972082915,GARCH-t,0.05,1.9551181526552552,2.679254464857771
2023-06-15,-0.0505571649307792,GARCH-t,0.05,1.9702827236431777,2.6998304960903408
2023-06-16,0.6566021543037965,GARCH-t,0.05,1.8851006035956528,2.5842512315038024
2023-06-19,-1.000824586093791,GARCH-t,0.05,1.824388679027417,2.5018743243627837
2023-06-20,0.0553878571283474,GARCH-t,0.05,1.8147576528483491,2.488806477232784
2023-06-21,0.5562117186669766,GARCH-t,0.05,1.7407267811859426,2.388357771581086
2023-06-22,-0.928377787258327,GARCH-t,0.05,1.68640754880068,2.3146547816990406
2023-06-23,-1.4636629432637849,GARCH-t,0.05,1.6835100088689126,2.3107232578741232
2023-06-26,-0.2526820951194239,GARCH-t,0.05,1.760265094241312,2.4148683098600263
2023-06-27,-0.4919921103935955,GARCH-t,0.05,1.6968393013385183,2.3288090934959227
2023-06-28,1.9950002235872095,GARCH-t,0.05,1.651727186838466,2.2675987712481227
2023-06-29,0.1208895969255824,GARCH-t,0.05,1.8085262760235312,2.480351440537615
2023-06-30,-0.1358006938044271,GARCH-t,0.05,1.7350902354120483,2.3807098307339745
2023-07-03,1.685935087641736,GARCH-t,0.05,1.669994106231325,2.292384220454016
2023-07-04,-0.984911331862542,GARCH-t,0.05,1.7621436446682313,2.417417218911725
2023-07-05,-0.251104932212337,GARCH-t,0.05,1.7518800045241585,2.396760447959615
2023-07-06,-1.711325930449109,GARCH-t,0.05,1.6866341340337292,2.3086206319764284
2023-07-07,-1.180465252915526,GARCH-t,0.05,1.8153138993410056,2.482452489068545
2023-07-10,-0.6153476953904035,GARCH-t,0.05,1.8312572476993496,2.5039901554357424
2023-07-11,0.0429853534302266,GARCH-t,0.05,1.7813035765082976,2.43650837684395
2023-07-12,-0.8095157032980083,GARCH-t,0.05,1.706680765592195,2.335701371391272
2023-07-13,1.477268360749288,GARCH-t,0.05,1.688286798342727,2.310853195156016
2023-07-14,-0.08662261622022,GARCH-t,0.05,1.7409472709650289,2.381991557348581
2023-07-18,0.3163464809654001,GARCH-t,0.05,1.6714740879700007,2.2881411187090004
2023-07-19,1.2299928899908406,GARCH-t,0.05,1.6095355818271408,2.204469179126158
2023-07-20,-1.240367974553177,GARCH-t,0.05,1.6346737456945966,2.238428004731186
2023-07-21,-0.574953953000951,GARCH-t,0.05,1.6844469498202437,2.3056659926613436
2023-07-24,1.220500642365994,GARCH-t,0.05,1.645703602388253,2.2533280977484504
2023-07-25,-0.0563741687179225,GARCH-t,0.05,1.6647110053992196,2.2790049565459833
2023-07-26,-0.0433656859299109,GARCH-t,0.05,1.6012530855091125,2.193280460271383
2023-07-27,0.6797525010879735,GARCH-t,0.05,1.5431803939507334,2.114830800405864
2023-07-28,-0.4019164664211202,GARCH-t,0.05,1.5134224137774055,2.0746311237551676
2023-07-31,1.2527972240113532,GARCH-t,0.05,1.4788296756425243,2.0279002341119643
2023-08-01,0.9133292872419144,GARCH-t,0.05,1.5256827237241457,2.0911934204105713
2023-08-02,-2.323583212546503,GARCH-t,0.05,1.5204569266043162,2.084133957596372
2023-08-03,-1.6909167594528025,GARCH-t,0.05,1.843320725751994,2.51822373902802
2023-08-04,0.1040237782985626,GARCH-t,0.05,1.9418188633166331,2.651244263596104
2023-08-07,0.1918173630601209,GARCH-t,0.05,1.8542862599133432,2.5330325581831508
2023-08-08,0.3797776603246238,GARCH-t,0.05,1.7747300471559118,2.4255928703342424
2023-08-09,-0.5356304168039222,GARCH-t,0.05,1.706660491728549,2.3336657720769582
2023-08-10,0.8328085297360465,GARCH-t,0.05,1.6631900023213442,2.274959410239578
2023-08-14,-1.282265846804998,GARCH-t,0.05,1.6357180126877184,2.237858825778316
2023-08-15,0.5567162337129749,GARCH-t,0.05,1.6931899050740673,2.315473910308576
2023-08-16,-1.4751148471607551,GARCH-t,0.05,1.64114840888626,2.245192509123024
2023-08-17,-0.4442791579120207,GARCH-t,0.05,1.732120701093567,2.368049472003522
2023-08-18,-0.5556426356965283,GARCH-t,0.05,1.6796254388466814,2.2971552653304532
2023-08-21,0.3646066291624942,GARCH-t,0.05,1.6404793641064794,2.244288972368255
2023-08-22,0.9178857261415247,GARCH-t,0.05,1.584009145663947,2.168026636191893
2023-08-23,0.4808404791444447,GARCH-t,0.05,1.5741981721810812,2.1547770370473622
2023-08-24,0.8614736525139314,GARCH-t,0.05,1.529312995163358,2.09416015697376
2023-08-25,-2.074604785739367,GARCH-t,0.05,1.519780901561241,2.0812871816816783
2023-08-28,1.7108879931396843,GARCH-t,0.05,1.7684470510455716,2.4171077612842544
2023-08-29,0.1769663747822653,GARCH-t,0.05,1.8519101989053903,2.52982371698576
2023-08-30,0.3298934912494978,GARCH-t,0.05,1.772376065525679,2.4224138470651813
2023-08-31,0.880272286407265,GARCH-t,0.05,1.702849182308312,2.328518645533185
2023-09-01,0.2794410334614427,GARCH-t,0.05,1.6784178460846928,2.285078531037505
2023-09-04,0.696305165946115,GARCH-t,0.05,1.615560929729328,2.2005457869833105
2023-09-05,0.2958111709422731,GARCH-t,0.05,1.5812403764674163,2.154389998361969
2023-09-06,0.6163708419793614,GARCH-t,0.05,1.527899345782493,2.0826546356377884
2023-09-07,-0.7547476271285938,GARCH-t,0.05,1.49662261248927,2.0405923099045333
2023-09-08,-1.1715087540828366,GARCH-t,0.05,1.4977675418494705,2.042132061234662
2023-09-11,-0.4274487764001707,GARCH-t,0.05,1.558508833088197,2.1238196196375543
2023-09-12,0.9460272539440682,GARCH-t,0.05,1.5220263403600969,2.0747563597918415
2023-09-13,-0.2133430223606801,GARCH-t,0.05,1.5235026527030768,2.0767417695234864
2023-09-14,1.4014185676380673,GARCH-t,0.05,1.4785671597727248,2.0163105434455897
2023-09-15,1.09440900988244,GARCH-t,0.05,1.554247965050009,2.118089417009023
2023-09-19,-0.8700827428024468,GARCH-t,0.05,1.570496692246362,2.1399414195719606
2023-09-20,-0.6603934555654025,GARCH-t,0.05,1.5764074099532013,2.147890412555709
2023-09-21,-1.3804724471997258,GARCH-t,0.05,1.557813954118909,2.122885115855546
2023-09-22,-0.51904138244678,GARCH-t,0.05,1.6460058537136029,2.24148945899487
2023-09-25,0.8488207569986963,GARCH-t,0.05,1.6072367057801895,2.1893510047168037
2023-09-26,-1.1187924981461723,GARCH-t,0.05,1.5878312963232513,2.1632537570946617
2023-09-27,0.1757684447366761,GARCH-t,0.05,1.626520241473348,2.2152843511443296
2023-09-28,-1.5546592783027364,GARCH-t,0.05,1.5664183573917043,2.134456695592073
2023-09-29,-0.0467608927487988,GARCH-t,0.05,1.687201153838925,2.296890709384596
2023-10-02,-0.307268780285056,GARCH-t,0.05,1.615151153087204,2.190625668848402
2023-10-03,-1.6570520903407755,GARCH-t,0.05,1.5661200991167028,2.125027560303734
2023-10-04,-2.3025729076106383,GARCH-t,0.05,1.7055597084388214,2.311582281995859
2023-10-05,1.7807566979314242,GARCH-t,0.05,1.9657847837335232,2.659734551891919
2023-10-06,-0.2599950394493565,GARCH-t,0.05,2.0290876787757037,2.7444267998429224
2023-10-10,2.396815418121354,GARCH-t,0.05,1.9418088249936976,2.627657380048463
2023-10-11,0.5966456222347307,GARCH-t,0.05,2.132301843213418,2.8825158967284565
2023-10-12,1.7325910850237145,GARCH-t,0.05,2.0436420645729316,2.763898952734066
2023-10-13,-0.5513611526101144,GARCH-t,0.05,2.087780688863748,2.8229515333492667
2023-10-16,-2.0538767680627923,GARCH-t,0.05,2.010607600237817,2.71970250575429
2023-10-17,1.1970750340029166,GARCH-t,0.05,2.152265671705452,2.9092252835830705
2023-10-18,0.0061200368440438,GARCH-t,0.05,2.1103190653668396,2.853105379708758
2023-10-19,-1.9272794804600004,GARCH-t,0.05,2.010533383888484,2.719603212515718
2023-10-20,-0.5463718307780945,GARCH-t,0.05,2.1266217041409243,2.8749165010546367
2023-10-23,-0.8346117888506225,GARCH-t,0.05,2.0457400768506337,2.766705860315607
2023-10-24,0.2023748843099033,GARCH-t,0.05,1.9953921277433613,2.699345892232373
2023-10-25,0.6660148309590518,GARCH-t,0.05,1.9050319572149907,2.5784540126084736
2023-10-26,-2.1598456380856264,GARCH-t,0.05,1.84009213823742,2.491571742104464
2023-10-27,1.2660932162877616,GARCH-t,0.05,2.0369197982547833,2.7549053064651248
2023-10-30,-0.955542895819292,GARCH-t,0.05,2.0152573519082546,2.725923357440787
2023-10-31,0.5259911084911963,GARCH-t,0.05,2.0017400381153236,2.678352023599182
2023-11-01,2.3785778266317035,GARCH-t,0.05,1.9164555386019184,2.5652155232293588
2023-11-02,1.0959410719520957,GARCH-t,0.05,2.1350301315239517,2.8551716659522293
2023-11-06,2.3465628331987873,GARCH-t,0.05,2.0837615552525586,2.787159924881075
2023-11-07,-1.343997254279732,GARCH-t,0.05,2.259282489620618,3.0200020517545787
2023-11-08,-0.3269482165383556,GARCH-t,0.05,2.243006860637137,2.998411168123735
2023-11-09,1.4811524772588347,GARCH-t,0.05,2.131754204686308,2.850825895032622
2023-11-10,-0.2402886343459992,GARCH-t,0.05,2.132031117402663,2.8511932412188004
2023-11-13,0.0521846831574721,GARCH-t,0.05,2.0277241416022065,2.7128219513178893
2023-11-14,0.3395179382738351,GARCH-t,0.05,1.9275819807198975,2.5799756112873036
2023-11-15,2.488270661872495,GARCH-t,0.05,1.84135950200302,2.4655948087863075
2023-11-16,-0.2846826337517681,GARCH-t,0.05,2.1054024952726453,2.8158683095530277
2023-11-17,0.4798994430358148,GARCH-t,0.05,2.005279090794365,2.6830468513464947
2023-11-20,-0.5887980525744572,GARCH-t,0.05,1.917262848050066,2.5662864817997915
2023-11-21,-0.1015568626574401,GARCH-t,0.05,1.8544632498956568,2.4829779462469235
2023-11-22,0.2924516220718237,GARCH-t,0.05,1.7726595970923908,2.374459058894189
2023-11-24,0.5179199506488198,GARCH-t,0.05,1.700309524028938,2.278481077964449
2023-11-27,-0.5303453051143999,GARCH-t,0.05,1.6458365971114837,2.206218517340836
2023-11-28,-0.1175099252073195,GARCH-t,0.05,1.6087028486211252,2.156957721137746
2023-11-29,-0.2612690989917327,GARCH-t,0.05,1.5523427963314391,2.082191742406605
2023-11-30,0.4959643856124849,GARCH-t,0.05,1.5063411903567163,2.022113870020336
2023-12-01,-0.165511778382499,GARCH-t,0.05,1.4729768414430295,1.9778498294159663
2023-12-04,-0.6007633825082408,GARCH-t,0.05,1.433998265106412,1.9261374675135057
2023-12-05,-1.3800228067112543,GARCH-t,0.05,1.4313702442909038,1.922650907041796
2023-12-06,2.0238103402394376,GARCH-t,0.05,1.5552112225753745,2.086949095669715
2023-12-07,-1.7724523164329844,GARCH-t,0.05,1.768094746703301,2.369378852665039
2023-12-08,-1.6894113245277411,GARCH-t,0.05,1.9091758135523205,2.55654923886583
2023-12-11,1.4867983025982685,GARCH-t,0.05,2.0059213655005346,2.68490028359343
2023-12-12,0.1581413970060102,GARCH-t,0.05,2.023916437028205,2.708774107082087
2023-12-13,0.2513374591569691,GARCH-t,0.05,1.9237025719196823,2.5758216971381684
2023-12-14,-0.7318796344914846,GARCH-t,0.05,1.8347702752793225,2.4578363949309416
2023-12-15,0.8660262295699396,GARCH-t,0.05,1.794418440332216,2.40430214898536
2023-12-18,-0.6437625193790526,GARCH-t,0.05,1.7578550141268154,2.3557939348320547
2023-12-19,1.3956623120534355,GARCH-t,0.05,1.718036366656315,2.302967061662584
2023-12-20,1.3649917149243316,GARCH-t,0.05,1.7651150960003834,2.36542578947049
2023-12-21,-1.6028521111137666,GARCH-t,0.05,1.7995943596993151,2.4111689727805103
2023-12-22,0.0862079328041795,GARCH-t,0.05,1.8986591039624972,2.5425968592910757
2023-12-25,0.2558764589571278,GARCH-t,0.05,1.8102061717140956,2.4252475234851363
2023-12-26,0.1557103792269389,GARCH-t,0.05,1.732808992826197,2.322565709497986
2023-12-27,1.1207850622050284,GARCH-t,0.05,1.6615956144681214,2.228087861919697
2023-12-28,-0.4213495582588989,GARCH-t,0.05,1.6855480803018554,2.2472680083852437
2023-12-29,-0.2252088942918662,GARCH-t,0.05,1.6353321069464373,2.1809852850892884
2024-01-04,-0.5269714915382578,GARCH-t,0.05,1.5800245895914555,2.107981963156647
2024-01-05,0.2674024302984675,GARCH-t,0.05,1.5542054501574052,2.073901913314057
2024-01-09,1.1491170718168873,GARCH-t,0.05,1.506165651967191,2.010491638896028
2024-01-10,1.9897733598368323,GARCH-t,0.05,1.5580216784153456,2.078939155146749
2024-01-11,1.750301739974527,GARCH-t,0.05,1.7871922980046906,2.3814335956764827
2024-01-12,1.493083461670366,GARCH-t,0.05,1.902492091819398,2.5336239012473767
2024-01-15,0.9084692898838748,GARCH-t,0.05,1.9426225139753568,2.5865941712586076
2024-01-16,-0.7902880814233338,GARCH-t,0.05,1.8891250903722423,2.5159800879541936
2024-01-17,-0.3978508626845268,GARCH-t,0.05,1.8458414146673277,2.4588476715480665
2024-01-18,-0.0326402172216864,GARCH-t,0.05,1.7722481685546805,2.3617080475879657
2024-01-19,1.3918789557269635,GARCH-t,0.05,1.6930314485563434,2.257145702556842
2024-01-22,1.609958719829857,GARCH-t,0.05,1.7532633178136057,2.3366489374203865
2024-01-23,-0.080419081715223,GARCH-t,0.05,1.8452300912836903,2.458040753430694
2024-01-24,-0.8003167113481723,GARCH-t,0.05,1.7577123155302694,2.3425214051810084
2024-01-25,0.0275679679641754,GARCH-t,0.05,1.7353456183714138,2.3129984167818423
2024-01-26,-1.348582825079037,GARCH-t,0.05,1.6601860224964071,2.213791284796988
2024-01-29,0.7686823457906787,GARCH-t,0.05,1.7460218333831663,2.327090518521333
2024-01-30,0.1079663214876492,GARCH-t,0.05,1.7057038524669732,2.2738726797670177
2024-01-31,0.6104890191682598,GARCH-t,0.05,1.630684533434273,2.159894716961467
2024-02-01,-0.7614337201997039,GARCH-t,0.05,1.5909090432330828,2.1077742703714795
2024-02-02,0.4061517258162087,GARCH-t,0.05,1.591424540641294,2.1084497606041843
2024-02-05,0.5409880221846817,GARCH-t,0.05,1.5429002188517815,2.0448651433096376
2024-02-06,-0.533685275473635,GARCH-t,0.05,1.511041481935786,2.003118540377641
2024-02-07,-0.1127226273469281,GARCH-t,0.05,1.4975382247779845,1.9854243324640704
2024-02-08,2.037140192445023,GARCH-t,0.05,1.4567450824128578,1.9319703891656987
2024-02-09,0.0925713177657624,GARCH-t,0.05,1.737304177785644,2.299605464729771
2024-02-13,2.849583840023312,GARCH-t,0.05,1.6588647920040198,2.196821167251515
2024-02-14,-0.6889356594200559,GARCH-t,0.05,2.1341365012503335,2.819601015147983
2024-02-15,1.198573622237038,GARCH-t,0.05,2.042046052089595,2.698928829521805
2024-02-16,0.8592814382232485,GARCH-t,0.05,2.008076838913519,2.6544167304353534
2024-02-19,-0.0438147018732029,GARCH-t,0.05,1.9361183546162275,2.5601247853570435
2024-02-20,-0.2779228369198603,GARCH-t,0.05,1.8321236339516629,2.4238536481159505
2024-02-21,-0.264791541138601,GARCH-t,0.05,1.750118029084961,2.316396298705165
2024-02-22,2.1627276507315103,GARCH-t,0.05,1.678875842741947,2.223042966050728
2024-02-26,0.344765128893426,GARCH-t,0.05,1.93135636124477,2.5538848315582716
2024-02-27,0.0148040133582172,GARCH-t,0.05,1.832217772179206,2.4239770036405694
2024-02-28,-0.0802785622431813,GARCH-t,0.05,1.741152906129008,2.3046487071648745
2024-02-29,-0.106769410417488,GARCH-t,0.05,1.6640387728503292,2.203600975394511
2024-03-01,1.8833562374571793,GARCH-t,0.05,1.582043955838329,2.1121145083677604
2024-03-04,0.4959021168306252,GARCH-t,0.05,1.7715390599886172,2.3618021839728156
2024-03-05,-0.0289291032495609,GARCH-t,0.05,1.7004039655551328,2.268071232649893
2024-03-06,-0.0170789176473358,GARCH-t,0.05,1.6273109586983727,2.1717604436884304
2024-03-07,-1.234984822061011,GARCH-t,0.05,1.5640589877803863,2.0884166672527873
2024-03-08,0.2276029243762102,GARCH-t,0.05,1.6482190753664074,2.199309963110212
2024-03-11,-2.2124439144522148,GARCH-t,0.05,1.5827899557363374,2.1130974729745273
2024-03-12,-0.0592042133812581,GARCH-t,0.05,1.9138128004324868,2.549268766343686
2024-03-13,-0.2620685669352827,GARCH-t,0.05,1.8132993043162076,2.4168274490613824
2024-03-14,0.2874978600473616,GARCH-t,0.05,1.7330987177319706,2.3111513782405857
2024-03-15,-0.2573393824706441,GARCH-t,0.05,1.657648886306178,2.211735126206136
2024-03-18,2.633233169692325,GARCH-t,0.05,1.5986997289505989,2.134060939609116
2024-03-19,0.66001447071274,GARCH-t,0.05,2.0025301792716217,2.666166963832462
2024-03-21,2.0096346003144063,GARCH-t,0.05,1.911415378444088,2.5461098101985553
2024-03-22,0.1781295174591947,GARCH-t,0.05,2.053174848886516,2.7328987661902686
2024-03-25,-1.166787438236721,GARCH-t,0.05,1.934409645343394,2.576408139435476
2024-03-26,-0.0398203574486325,GARCH-t,0.05,1.9358137191501272,2.578258213223678
2024-03-27,0.8987142695917293,GARCH-t,0.05,1.8321449070234428,2.4416593029314115
2024-03-28,-1.4695785848525174,GARCH-t,0.05,1.7879282930842693,2.383397409532613
2024-03-29,0.5000688724820368,GARCH-t,0.05,1.8738116859165383,2.4965614135606953
2024-04-01,-1.4128554374174491,GARCH-t,0.05,1.7410712407528948,2.286064001835474
2024-04-02,0.0899533284331448,GARCH-t,0.05,1.7688031389884165,2.322066135374478
2024-04-03,-0.9763096225270672,GARCH-t,0.05,1.7346293636093395,2.2777010214439244
2024-04-04,0.81108452012914,GARCH-t,0.05,1.7330233987393373,2.275616124073476
2024-04-05,-1.9833325305466485,GARCH-t,0.05,1.7151632802946248,2.2524297426794564
2024-04-08,0.9062225347250228,GARCH-t,0.05,1.7988506480060584,2.3610744435321185
2024-04-09,1.0770805318377783,GARCH-t,0.05,1.7807763313177012,2.33760998547324
2024-04-10,-0.4821897394702943,GARCH-t,0.05,1.7720241079712156,2.326247665050481
2024-04-11,-0.3522450416879921,GARCH-t,0.05,1.7463433727108597,2.292908394425332
2024-04-12,0.2049533196283531,GARCH-t,0.05,1.7186339849057006,2.2569354844004583
2024-04-15,-0.7383565011142664,GARCH-t,0.05,1.6876112079927237,2.2166610629495276
2024-04-16,-1.9603262428336896,GARCH-t,0.05,1.6769493183543278,2.2028195735830347
2024-04-17,-1.3329477575317208,GARCH-t,0.05,1.762508682929261,2.313894540135215
2024-04-18,0.310089969218905,GARCH-t,0.05,1.782302180442025,2.339590874897676
2024-04-19,-2.6917763286561107,GARCH-t,0.05,1.7487300553408571,2.2960068360116477
2024-04-22,0.9938960219700212,GARCH-t,0.05,1.9146544586797276,2.511413386102542
2024-04-23,0.3028395861055099,GARCH-t,0.05,1.8932061454652185,2.483568734792447
2024-04-24,2.388986747093893,GARCH-t,0.05,1.8535617164404312,2.4321015032417512
2024-04-25,-2.185954854620538,GARCH-t,0.05,1.946954371405801,2.5533458121264028
2024-04-26,0.8106664523146838,GARCH-t,0.05,2.026733931449284,2.6569173148765968
2024-04-30,1.2336961166961482,GARCH-t,0.05,1.9766976061522816,2.573434715067349
2024-05-01,-0.3432707364845155,GARCH-t,0.05,1.964737171443292,2.5580063006486777
2024-05-02,-0.0992822160697575,GARCH-t,0.05,1.928947052827422,2.5118386825366046
2024-05-07,1.5545197991112896,GARCH-t,0.05,1.8917855044727472,2.4639019827087583
2024-05-08,-1.6426932896046558,GARCH-t,0.05,1.9037499043901165,2.4793355120651066
2024-05-09,-0.3366462701084503,GARCH-t,0.05,1.9321643872474557,2.5159888969697324
2024-05-10,0.4066129439888787,GARCH-t,0.05,1.897951966355122,2.471856436851358
2024-05-13,-0.1299551720030367,GARCH-t,0.05,1.864008122475671,2.42807042881093
2024-05-14,0.4614797697558606,GARCH-t,0.05,1.830462270444608,2.3847978120745466
2024-05-15,0.0773291236523888,GARCH-t,0.05,1.8009761323981484,2.346762040929457
2024-05-16,1.38291936701776,GARCH-t,0.05,1.7697089819151883,2.3064288450984174
2024-05-17,-0.3420074035389234,GARCH-t,0.05,1.779965148166434,2.3196588310580473
2024-05-20,0.7251802816574756,GARCH-t,0.05,1.754046473682619,2.2862249249460582
2024-05-21,-0.3146768419548248,GARCH-t,0.05,1.7351910920177436,2.2619023439173565
2024-05-22,-0.850471817226441,GARCH-t,0.05,1.7112312477230986,2.2309952392694994
2024-05-23,1.2509560559344868,GARCH-t,0.05,1.7059528019110184,2.2241862852927627
2024-05-24,-1.17586776097245,GARCH-t,0.05,1.7131292901522848,2.2334436273000526
2024-05-27,0.6548645747686236,GARCH-t,0.05,1.7248951063667262,2.248620992750982
2024-05-28,-0.1148433363869579,GARCH-t,0.05,1.7056913426402076,2.2238490147769476
2024-05-29,-0.7711996733372241,GARCH-t,0.05,1.6804869297526834,2.19133647349651
2024-05-30,-1.3124731547266442,GARCH-t,0.05,1.6283090594193717,2.137641540171094
2024-05-31,1.1334274515716631,GARCH-t,0.05,1.7016363425233425,2.2327882897599376
2024-06-03,1.124227282209611,GARCH-t,0.05,1.7104514887035929,2.244226494895836
2024-06-04,-0.2200869480977879,GARCH-t,0.05,1.7162398236740932,2.2517372226176535
2024-06-05,-0.8982336194035169,GARCH-t,0.05,1.6650951348127077,2.185373780554844
2024-06-06,0.5527405274230405,GARCH-t,0.05,1.6742499429333422,2.1972527183651116
2024-06-07,-0.0506077764353044,GARCH-t,0.05,1.6388546034859672,2.151325045110992
2024-06-10,0.9115373048005035,GARCH-t,0.05,1.5987451520919709,2.0992805158936836
2024-06-11,0.2472183956970922,GARCH-t,0.05,1.6066268604856582,2.1095075269477155
2024-06-12,-0.6616436461157585,GARCH-t,0.05,1.5735573157974867,2.0665977182888953
2024-06-13,-0.4027012303159012,GARCH-t,0.05,1.579254852994905,2.073990630204468
2024-06-14,0.2427029257859821,GARCH-t,0.05,1.564511054722073,2.054859627078871
2024-06-17,-1.8517038755761952,GARCH-t,0.05,1.5400018370579898,2.023057379716229
2024-06-18,0.9915082748825448,GARCH-t,0.05,1.7372033818843076,2.2789387544225375
2024-06-19,0.2301079287745887,GARCH-t,0.05,1.7228733068716011,2.2603445831794806
2024-06-20,0.1612818050808294,GARCH-t,0.05,1.6664121636893885,2.1870827081384987
2024-06-21,-0.0946549945945143,GARCH-t,0.05,1.6201150007278051,2.127009235012081
2024-06-24,0.5379255418053319,GARCH-t,0.05,1.5845986798874492,2.080924580811503
2024-06-25,0.9451478701709356,GARCH-t,0.05,1.566932347465687,2.058001406299455
2024-06-26,1.2529857091936545,GARCH-t,0.05,1.585350711245458,2.081900388672841
2024-06-27,-0.82404460645921,GARCH-t,0.05,1.6529376247557972,2.1752961620972258
2024-06-28,0.6120772585004332,GARCH-t,0.05,1.6585806131423817,2.182641436681338
2024-07-01,0.1211411917244963,GARCH-t,0.05,1.6274286838199608,2.1420920931381127
2024-07-02,1.1131879285798183,GARCH-t,0.05,1.5852482445472684,2.087187335709764
2024-07-03,1.2549106953283065,GARCH-t,0.05,1.6273778678595816,2.142025947834123
2024-07-04,0.8169604997017623,GARCH-t,0.05,1.6776905031870593,2.207516091746031
2024-07-05,-0.0031220967546009,GARCH-t,0.05,1.6587440045008743,2.182854117323328
2024-07-08,-0.3223577924496049,GARCH-t,0.05,1.6088070359455855,2.1178529653080567
2024-07-09,1.9414504900469705,GARCH-t,0.05,1.5824763197603389,2.0835792211272657
2024-07-10,0.603790072817224,GARCH-t,0.05,1.7796289812271977,2.3402057342892335
2024-07-11,0.932792557624231,GARCH-t,0.05,1.7165810647923312,2.258138533996699
2024-07-12,-2.477723273719571,GARCH-t,0.05,1.6991185915441347,2.2354082619956688
2024-07-16,0.2046873010221411,GARCH-t,0.05,2.029513136761063,2.6654709325977963
2024-07-17,-0.430693283629492,GARCH-t,0.05,1.8908163640334796,2.4849343427943618
2024-07-18,-2.3918685076836077,GARCH-t,0.05,1.79919979710268,2.3656803598940424
2024-07-19,-0.1560354233221824,GARCH-t,0.05,2.0683579579858673,2.716033836243899
2024-07-22,-1.166904503396276,GARCH-t,0.05,1.9231192789831617,2.52698188284189
2024-07-23,-0.0116408073169455,GARCH-t,0.05,1.8999003428010943,2.496758630528678
2024-07-24,-1.1163120170305387,GARCH-t,0.05,1.790758138176235,2.354692156744879
2024-07-25,-3.3377988958596077,GARCH-t,0.05,1.7965944513282095,2.3622890752078045
2024-07-26,-0.5351079703330617,GARCH-t,0.05,2.217678812534863,2.8847393253427938
2024-07-29,2.104780702156328,GARCH-t,0.05,2.116927885453019,2.7546321789587944
2024-07-30,0.1488944403245079,GARCH-t,0.05,2.1702672433463444,2.8235132488056047
2024-07-31,1.4837001278821993,GARCH-t,0.05,2.061980056728212,2.683673971402314
2024-08-01,-2.5263950828172916,GARCH-t,0.05,2.0452279556838855,2.6620407405632247
2024-08-02,-5.989763815813384,GARCH-t,0.05,2.2074745251262,2.8715617720033104
2024-08-05,-13.234076084751925,GARCH-t,0.05,3.1930759412691185,4.144341997858837
2024-08-06,9.736558781039518,GARCH-t,0.05,6.091888012586924,7.887793074951846
2024-08-07,1.1873132219446887,GARCH-t,0.05,6.793906381788478,8.7943614745832
2024-08-08,-0.7393334923367528,GARCH-t,0.05,6.235014307508924,8.072622677459512
2024-08-09,0.5550035735861498,GARCH-t,0.05,5.72112326713558,7.408997053836552
2024-08-13,3.3894737323413033,GARCH-t,0.05,5.249657657674533,6.8001585364962605
2024-08-14,0.5776917008342124,GARCH-t,0.05,4.998694311998731,6.476070950420404
2024-08-15,0.7768647754402221,GARCH-t,0.05,4.596681644463084,5.95692216937948
2024-08-16,3.5731666750035633,GARCH-t,0.05,4.238400480137253,5.494247122670449
2024-08-19,-1.78676517620567,GARCH-t,0.05,4.148747579309978,5.378471680899985
2024-08-20,1.787421985532697,GARCH-t,0.05,3.89640307181059,5.052600498099351
2024-08-21,-0.2923675020340554,GARCH-t,0.05,3.662538138835066,4.750593360795165
2024-08-22,0.6806784828739418,GARCH-t,0.05,3.3909430972847256,4.3998625352668475
2024-08-23,0.4002806509588617,GARCH-t,0.05,3.1536734794508665,4.093458675827342
2024-08-26,-0.6644090637961935,GARCH-t,0.05,1.957283396905908,2.6400064360770092
2024-08-27,0.4670297831381058,GARCH-t,0.05,1.8466356602733032,2.49227666526351
2024-08-28,0.2169064503637986,GARCH-t,0.05,1.732890931372616,2.340411988740242
2024-08-29,-0.024058262446702,GARCH-t,0.05,1.6409972961547934,2.2177214929100004
2024-08-30,0.7407324048039218,GARCH-t,0.05,1.5767770439321829,2.131978725537063
2024-09-02,0.1373550073693391,GARCH-t,0.05,1.5768567031150094,2.132085081375694
2024-09-03,-0.0376354332350508,GARCH-t,0.05,1.5322827015628373,2.0725727295287917
2024-09-04,-4.328192896367713,GARCH-t,0.05,1.503306200075807,2.033885160727727
2024-09-05,-1.0596968439079586,GARCH-t,0.05,2.9168948026019583,3.9212181205438057
2024-09-06,-0.7272484757154206,GARCH-t,0.05,2.5938635172516675,3.489927438938244
2024-09-09,-0.4840265089037639,GARCH-t,0.05,2.3123278791329485,3.11403908766351
2024-09-10,-0.1563797596713826,GARCH-t,0.05,2.0810264941054393,2.805220293543775
2024-09-11,-1.502950185259195,GARCH-t,0.05,1.8915438008992416,2.5522351381996415
2024-09-12,3.3500692470700684,GARCH-t,0.05,1.9681403924027907,2.6545020010590865
2024-09-13,-0.6851697592505765,GARCH-t,0.05,2.594748427838022,3.4911089148734153
2024-09-17,-1.0401771887622802,GARCH-t,0.05,2.308323346593762,3.1086924923129557
2024-09-18,0.4875866890508515,GARCH-t,0.05,2.149939499111849,2.8972285238564277
2024-09-19,2.108328530259441,GARCH-t,0.05,1.9507085358801333,2.6312281027642057
2024-09-20,1.518693225368846,GARCH-t,0.05,2.1319622321755465,2.8732264285115288
2024-09-24,0.5727396065865551,GARCH-t,0.05,2.0907045680271623,2.818141837950233
2024-09-25,-0.1855358269298584,GARCH-t,0.05,1.903287809414074,2.5966543340756094
2024-09-26,2.748672159356165,GARCH-t,0.05,1.7692709887410534,2.4158383891847786
2024-09-27,2.2956440414575616,GARCH-t,0.05,2.2386457550955248,3.04912040154774
2024-09-30,-4.914248404567918,GARCH-t,0.05,2.354436747111137,3.205345997155863
2024-10-01,1.9130880809781377,GARCH-t,0.05,3.4996718059353857,4.750500987727134
2024-10-02,-2.205684437304394,GARCH-t,0.05,3.1214749953079206,4.240236579685775
2024-10-03,1.9468631932294085,GARCH-t,0.05,2.95283886359712,4.0127121439851345
2024-10-04,0.2165177991704316,GARCH-t,0.05,2.7384703857869708,3.723485473218019
2024-10-07,1.7882530048958636,GARCH-t,0.05,2.3703927062853367,3.226873830902655
2024-10-08,-1.0098407482880876,GARCH-t,0.05,2.3047738529603525,3.1383406534475777
2024-10-09,0.870477142162716,GARCH-t,0.05,2.1386520892527594,2.9142086115078096
2024-10-10,0.2617117951892766,GARCH-t,0.05,1.9791958526620337,2.699069721157367
2024-10-11,0.5694902776685145,GARCH-t,0.05,1.8189608132668125,2.4828800674454943
2024-10-15,0.7665127640329642,GARCH-t,0.05,1.7258958936529831,2.3573165651055867
2024-10-16,-1.846663015318762,GARCH-t,0.05,1.6842566514692097,2.3011367595991814
2024-10-17,-0.689218332841583,GARCH-t,0.05,1.9384625078063615,2.6441121553708125
2024-10-18,0.1811681823155245,GARCH-t,0.05,1.838703600247164,2.509517101996108
2024-10-21,-0.069668230687718,GARCH-t,0.05,1.7189261156906968,2.347912917253017
2024-10-22,-1.4028011742253517,GARCH-t,0.05,1.6380014476720646,2.2387290831694835
2024-10-23,-0.8027077189695614,GARCH-t,0.05,1.7845920885072877,2.436509668484542
2024-10-24,0.1008016366076733,GARCH-t,0.05,1.7717425913525484,2.42239781457074
2024-10-25,-0.6031456584008739,GARCH-t,0.05,1.6730553600978744,2.2890165037562844
2024-10-28,1.8077186404158372,GARCH-t,0.05,1.6552860466426786,2.265000283108543
2024-10-29,0.7693276822786391,GARCH-t,0.05,1.883108776798101,2.572915440876422
2024-10-30,0.9560211502865086,GARCH-t,0.05,1.792864380197476,2.4509450931504007
2024-10-31,-0.5006238829108204,GARCH-t,0.05,1.7615895812577962,2.40867545375533
2024-11-01,-2.6645231367667983,GARCH-t,0.05,1.6995526335479962,2.3248290503325055
2024-11-05,1.1008459054551205,GARCH-t,0.05,2.273301457259714,3.1002826648678323
2024-11-06,2.580519251055579,GARCH-t,0.05,2.1037262517183772,2.8710922933357206
2024-11-07,-0.251735101615967,GARCH-t,0.05,2.3908153759847552,3.2591092964311428
2024-11-08,0.3016185126676096,GARCH-t,0.05,2.1108332890738692,2.880697851688417
2024-11-11,0.0833801890628168,GARCH-t,0.05,1.9087904238234032,2.607625622736416
2024-11-12,-0.3985093197873606,GARCH-t,0.05,1.765304006986631,2.413695707807816
2024-11-13,-1.6759637908742888,GARCH-t,0.05,1.6913609530268996,2.3137575360972193
2024-11-14,-0.4814073329608999,GARCH-t,0.05,1.911398288438244,2.611150297573593
2024-11-15,0.2778257015228932,GARCH-t,0.05,1.796555331091702,2.455933619651394
2024-11-18,-1.0982102000304856,GARCH-t,0.05,1.693476032743076,2.3166161845913966
2024-11-19,0.5051943009873268,GARCH-t,0.05,1.758032340576098,2.403867644082536
2024-11-20,-0.1617623293734115,GARCH-t,0.05,1.6819832967670263,2.3010831093410222
2024-11-21,-0.854088261598344,GARCH-t,0.05,1.6196000692028216,2.2167686893338643
2024-11-22,0.6753520842744595,GARCH-t,0.05,1.6875806354048275,2.310790944071054
2024-11-25,1.288009897913561,GARCH-t,0.05,1.664804245068958,2.2799721007796254
2024-11-26,-0.8757664147849662,GARCH-t,0.05,1.7535039809564152,2.399992139951573
2024-11-27,-0.801893572626497,GARCH-t,0.05,1.7569720486575446,2.404684799035346
2024-11-28,0.5598303602311836,GARCH-t,0.05,1.746891636278531,2.391044944570236
2024-11-29,-0.3684244099642957,GARCH-t,0.05,1.6907476586369188,2.315076258436097
2024-12-02,0.7950618108786257,GARCH-t,0.05,1.6516672977505145,2.2621964341895926
2024-12-03,1.892602952646885,GARCH-t,0.05,1.657351279345311,2.2698874570188563
2024-12-04,0.0701207602091615,GARCH-t,0.05,1.907884669835133,2.6088853924650346
2024-12-05,0.3030583703951927,GARCH-t,0.05,1.774813554934824,2.4288262269760397
2024-12-06,-0.7757516352278754,GARCH-t,0.05,1.691784772542714,2.316479582249341
2024-12-09,0.1771927461179997,GARCH-t,0.05,1.702206217364937,2.3305808893533273
2024-12-10,0.5274001603899916,GARCH-t,0.05,1.6408838281987754,2.2476052696831803
2024-12-11,0.0118170054982427,GARCH-t,0.05,1.6204926356141618,2.220013848939005
2024-12-12,1.2040082388597555,GARCH-t,0.05,1.5881151947091352,2.1762037779525567
2024-12-13,-0.954876681135594,GARCH-t,0.05,1.6902994557398363,2.31446979294072
2024-12-16,-0.0328226653545253,GARCH-t,0.05,1.7324240919031764,2.3714688407038715
2024-12-17,-0.235488667796846,GARCH-t,0.05,1.660604518336132,2.2742894303416343
2024-12-18,-0.7214353013517918,GARCH-t,0.05,1.6227748859384157,2.223101972827724
2024-12-19,-0.688446951695577,GARCH-t,0.05,1.65131271641443,2.2617166484786124
2024-12-20,-0.288148302055434,GARCH-t,0.05,1.6529004943169994,2.2654609307863507
2024-12-23,1.1801377612235449,GARCH-t,0.05,1.616886822352361,2.216666705496517
2024-12-24,-0.318391983692586,GARCH-t,0.05,1.700145090168834,2.329471716911829
2024-12-25,0.2394305346384046,GARCH-t,0.05,1.6492978750935243,2.260579811910266
2024-12-26,1.1121774427931932,GARCH-t,0.05,1.6043959948839497,2.199743125747455
2024-12-27,1.7861678111050672,GARCH-t,0.05,1.6789178216474665,2.30071130271312
2024-12-30,-0.9644420798439086,GARCH-t,0.05,1.888331574861278,2.5844419332119384
2022-12-20,-2.489127638949298,HS,0.01,3.3466847034841254,4.50835732473294
2022-12-21,-0.6809809720177208,HS,0.01,3.3466847034841254,4.50835732473294
2022-12-22,0.4542860547956492,HS,0.01,3.3466847034841254,4.50835732473294
2022-12-23,-1.0337711266382608,HS,0.01,3.3466847034841254,4.50835732473294
2022-12-26,0.6482375028426324,HS,0.01,3.3466847034841254,4.50835732473294
2022-12-27,0.1589291891407026,HS,0.01,3.3466847034841254,4.50835732473294
2022-12-28,-0.4067914596881906,HS,0.01,3.3466847034841254,4.50835732473294
2022-12-29,-0.9414925486891276,HS,0.01,3.3466847034841254,4.50835732473294
2022-12-30,0.0031810968896288,HS,0.01,3.3466847034841254,4.50835732473294
2023-01-04,-1.4577780520938353,HS,0.01,3.3466847034841254,4.50835732473294
2023-01-05,0.4033615296562223,HS,0.01,3.3466847034841254,4.50835732473294
2023-01-06,0.5909848697618759,HS,0.01,3.3466847034841254,4.50835732473294
2023-01-10,0.773592425440218,HS,0.01,3.3466847034841254,4.50835732473294
2023-01-11,1.027874625394543,HS,0.01,3.3466847034841254,4.50835732473294
2023-01-12,0.0144446668340659,HS,0.01,3.3466847034841254,4.50835732473294
2023-01-13,-1.2566455232761584,HS,0.01,3.3466847034841254,4.50835732473294
2023-01-16,-1.1443663259038128,HS,0.01,3.3466847034841254,4.50835732473294
2023-01-17,1.2176951332297214,HS,0.01,3.3466847034841254,4.50835732473294
2023-01-18,2.4654259606584668,HS,0.01,3.3466847034841254,4.50835732473294
2023-01-19,-1.4508342905426903,HS,0.01,3.3466847034841254,4.50835732473294
2023-01-20,0.560055471133265,HS,0.01,3.3466847034841254,4.50835732473294
2023-01-23,1.3188092820059605,HS,0.01,3.3466847034841254,4.50835732473294
2023-01-24,1.4506249512405751,HS,0.01,3.3466847034841254,4.50835732473294
2023-01-25,0.3503860076612355,HS,0.01,3.3466847034841254,4.50835732473294
2023-01-26,-0.1178272065743107,HS,0.01,3.3466847034841254,4.50835732473294
2023-01-27,0.0723734966221563,HS,0.01,3.3466847034841254,4.50835732473294
2023-01-30,0.1854929019132892,HS,0.01,3.3466847034841254,4.50835732473294
2023-01-31,-0.3882036510088401,HS,0.01,3.3466847034841254,4.50835732473294
2023-02-01,0.0723250128702933,HS,0.01,3.3466847034841254,4.50835732473294
2023-02-02,0.2015379620958895,HS,0.01,3.3466847034841254,4.50835732473294
2023-02-03,0.3912122973054605,HS,0.01,3.3466847034841254,4.50835732473294
2023-02-06,0.6673179544043314,HS,0.01,3.3466847034841254,4.50835732473294
2023-02-07,-0.0295406911411171,HS,0.01,3.3466847034841254,4.50835732473294
2023-02-08,-0.2857914963641302,HS,0.01,3.3466847034841254,4.50835732473294
2023-02-09,-0.08012685115119,HS,0.01,3.164950530572555,4.3289240599588545
2023-02-10,0.3135658776614822,HS,0.01,3.164950530572555,4.3289240599588545
2023-02-13,-0.8844619206005223,HS,0.01,3.164950530572555,4.3289240599588545
2023-02-14,0.6376504698627659,HS,0.01,3.164950530572555,4.3289240599588545
2023-02-15,-0.366249700080255,HS,0.01,3.164950530572555,4.3289240599588545
2023-02-16,0.7050249309804929,HS,0.01,3.164950530572555,4.3289240599588545
2023-02-17,-0.664048882508275,HS,0.01,3.164950530572555,4.3289240599588545
2023-02-20,0.0683388880247517,HS,0.01,3.164950530572555,4.3289240599588545
2023-02-21,-0.2139435484321346,HS,0.01,3.164950530572555,4.3289240599588545
2023-02-22,-1.351419359891925,HS,0.01,3.164950530572555,4.3289240599588545
2023-02-24,1.279981664585004,HS,0.01,3.164950530572555,4.3289240599588545
2023-02-27,-0.1075834927458851,HS,0.01,3.164950530572555,4.3289240599588545
2023-02-28,0.0787308141437685,HS,0.01,3.164950530572555,4.3289240599588545
2023-03-01,0.2582463281266135,HS,0.01,3.164950530572555,4.3289240599588545
2023-03-02,-0.0642007778118723,HS,0.01,3.164950530572555,4.3289240599588545
2023-03-03,1.5465935761209575,HS,0.01,3.164950530572555,4.3289240599588545
2023-03-06,1.1049955307690156,HS,0.01,3.164950530572555,4.3289240599588545
2023-03-07,0.25246599720486,HS,0.01,3.164950530572555,4.3289240599588545
2023-03-08,0.4758469855743233,HS,0.01,3.164950530572555,4.3289240599588545
2023-03-09,0.6271942047493668,HS,0.01,3.164950530572555,4.3289240599588545
2023-03-10,-1.6882697580858388,HS,0.01,3.164950530572555,4.3289240599588545
2023-03-13,-1.111218342304656,HS,0.01,3.164950530572555,4.3289240599588545
2023-03-14,-2.219405873863012,HS,0.01,3.164950530572555,4.3289240599588545
2023-03-15,0.0273322263928996,HS,0.01,3.164950530572555,4.3289240599588545
2023-03-16,-0.8070498494962401,HS,0.01,3.164950530572555,4.3289240599588545
2023-03-17,1.1893902836930397,HS,0.01,3.164950530572555,4.3289240599588545
2023-03-20,-1.430101783178469,HS,0.01,3.164950530572555,4.3289240599588545
2023-03-22,1.9148448739832256,HS,0.01,3.164950530572555,4.3289240599588545
2023-03-23,-0.1712634339126885,HS,0.01,3.164950530572555,4.3289240599588545
2023-03-24,-0.1253880765083157,HS,0.01,3.164950530572555,4.3289240599588545
2023-03-27,0.3339981292424903,HS,0.01,3.164950530572555,4.3289240599588545
2023-03-28,0.1504892355221339,HS,0.01,3.164950530572555,4.3289240599588545
2023-03-29,1.3195711620534936,HS,0.01,3.164950530572555,4.3289240599588545
2023-03-30,-0.3623340468636821,HS,0.01,3.164950530572555,4.3289240599588545
2023-03-31,0.9263067151335684,HS,0.01,3.164950530572555,4.3289240599588545
2023-04-03,0.5216831491597715,HS,0.01,3.164950530572555,4.3289240599588545
2023-04-04,0.3515489367783688,HS,0.01,3.164950530572555,4.3289240599588545
2023-04-05,-1.6904303120466424,HS,0.01,3.164950530572555,4.3289240599588545
2023-04-06,-1.232260935546454,HS,0.01,3.164950530572555,4.3289240599588545
2023-04-07,0.1661353555278492,HS,0.01,3.164950530572555,4.3289240599588545
2023-04-10,0.4182979360365764,HS,0.01,3.164950530572555,4.3289240599588545
2023-04-11,1.042934131055368,HS,0.01,3.164950530572555,4.3289240599588545
2023-04-12,0.5689758721851732,HS,0.01,3.164950530572555,4.3289240599588545
2023-04-13,0.2641250478743008,HS,0.01,3.164950530572555,4.3289240599588545
2023-04-14,1.1880011851249617,HS,0.01,3.164950530572555,4.3289240599588545
2023-04-17,0.0747561791226833,HS,0.01,3.164950530572555,4.3289240599588545
2023-04-18,0.5039076162568722,HS,0.01,3.164950530572555,4.3289240599588545
2023-04-19,-0.1818555505755215,HS,0.01,3.164950530572555,4.3289240599588545
2023-04-20,0.1774597210516303,HS,0.01,3.164950530572555,4.3289240599588545
2023-04-21,-0.3257535664922826,HS,0.01,3.164950530572555,4.3289240599588545
2023-04-24,0.1019995448735246,HS,0.01,3.164950530572555,4.3289240599588545
2023-04-25,0.0928128552270915,HS,0.01,3.164950530572555,4.3289240599588545
2023-04-26,-0.7139299492267528,HS,0.01,3.164950530572555,4.3289240599588545
2023-04-27,0.1449129043808152,HS,0.01,3.164950530572555,4.3289240599588545
2023-04-28,1.3915112224215482,HS,0.01,3.164950530572555,4.3289240599588545
2023-05-01,0.9201237270608762,HS,0.01,3.164950530572555,4.3289240599588545
2023-05-02,0.1193166159526167,HS,0.01,3.164950530572555,4.3289240599588545
2023-05-08,-0.7161487474567143,HS,0.01,3.164950530572555,4.3289240599588545
2023-05-09,1.0067995528449354,HS,0.01,3.164950530572555,4.3289240599588545
2023-05-10,-0.4134011712938892,HS,0.01,3.164950530572555,4.3289240599588545
2023-05-11,0.0155917643208655,HS,0.01,3.164950530572555,4.3289240599588545
2023-05-12,0.8940672461563601,HS,0.01,3.164950530572555,4.3289240599588545
2023-05-15,0.8067162687943656,HS,0.01,3.164950530572555,4.3289240599588545
2023-05-16,0.728615401591347,HS,0.01,3.164950530572555,4.3289240599588545
2023-05-17,0.836220783178476,HS,0.01,3.164950530572555,4.3289240599588545
2023-05-18,1.583548775450404,HS,0.01,3.164950530572555,4.3289240599588545
2023-05-19,0.7638069626373304,HS,0.01,3.164950530572555,4.3289240599588545
2023-05-22,0.8998200744895645,HS,0.01,3.164950530572555,4.3289240599588545
2023-05-23,-0.415994263732716,HS,0.01,3.164950530572555,4.3289240599588545
2023-05-24,-0.8925686738269373,HS,0.01,3.164950530572555,4.3289240599588545
2023-05-25,0.3853089695260961,HS,0.01,3.164950530572555,4.3289240599588545
2023-05-26,0.3732488534654124,HS,0.01,3.164950530572555,4.3289240599588545
2023-05-29,1.0208593347258557,HS,0.01,3.164950530572555,4.3289240599588545
2023-05-30,0.3024891173990195,HS,0.01,3.164950530572555,4.3289240599588545
2023-05-31,-1.4153476801977043,HS,0.01,3.164950530572555,4.3289240599588545
2023-06-01,0.8386449465125958,HS,0.01,3.164950530572555,4.3289240599588545
2023-06-02,1.2005810343095205,HS,0.01,3.164950530572555,4.3289240599588545
2023-06-05,2.1751439164993704,HS,0.01,3.164950530572555,4.3289240599588545
2023-06-06,0.894106058692083,HS,0.01,3.164950530572555,4.3289240599588545
2023-06-07,-1.841201592875538,HS,0.01,3.164950530572555,4.3289240599588545
2023-06-08,-0.8574379060420299,HS,0.01,3.164950530572555,4.3289240599588545
2023-06-09,1.9526051475909605,HS,0.01,3.164950530572555,4.3289240599588545
2023-06-12,0.5218937477408182,HS,0.01,3.164950530572555,4.3289240599588545
2023-06-13,1.786525072473324,HS,0.01,3.164950530572555,4.3289240599588545
2023-06-14,1.4545224972082915,HS,0.01,3.164950530572555,4.3289240599588545
2023-06-15,-0.0505571649307792,HS,0.01,3.164950530572555,4.3289240599588545
2023-06-16,0.6566021543037965,HS,0.01,3.164950530572555,4.3289240599588545
2023-06-19,-1.000824586093791,HS,0.01,3.164950530572555,4.3289240599588545
2023-06-20,0.0553878571283474,HS,0.01,3.164950530572555,4.3289240599588545
2023-06-21,0.5562117186669766,HS,0.01,3.164950530572555,4.3289240599588545
2023-06-22,-0.928377787258327,HS,0.01,3.164950530572555,4.3289240599588545
2023-06-23,-1.4636629432637849,HS,0.01,3.164950530572555,4.3289240599588545
2023-06-26,-0.2526820951194239,HS,0.01,3.164950530572555,4.3289240599588545
2023-06-27,-0.4919921103935955,HS,0.01,3.164950530572555,4.3289240599588545
2023-06-28,1.9950002235872095,HS,0.01,3.164950530572555,4.3289240599588545
2023-06-29,0.1208895969255824,HS,0.01,3.164950530572555,4.3289240599588545
2023-06-30,-0.1358006938044271,HS,0.01,3.164950530572555,4.3289240599588545
2023-07-03,1.685935087641736,HS,0.01,3.164950530572555,4.3289240599588545
2023-07-04,-0.984911331862542,HS,0.01,3.164950530572555,4.3289240599588545
2023-07-05,-0.251104932212337,HS,0.01,3.164950530572555,4.3289240599588545
2023-07-06,-1.711325930449109,HS,0.01,3.164950530572555,4.3289240599588545
2023-07-07,-1.180465252915526,HS,0.01,3.164950530572555,4.3289240599588545
2023-07-10,-0.6153476953904035,HS,0.01,3.164950530572555,4.3289240599588545
2023-07-11,0.0429853534302266,HS,0.01,3.164950530572555,4.3289240599588545
2023-07-12,-0.8095157032980083,HS,0.01,3.164950530572555,4.3289240599588545
2023-07-13,1.477268360749288,HS,0.01,3.164950530572555,4.3289240599588545
2023-07-14,-0.08662261622022,HS,0.01,3.164950530572555,4.3289240599588545
2023-07-18,0.3163464809654001,HS,0.01,3.164950530572555,4.3289240599588545
2023-07-19,1.2299928899908406,HS,0.01,3.164950530572555,4.3289240599588545
2023-07-20,-1.240367974553177,HS,0.01,3.164950530572555,4.3289240599588545
2023-07-21,-0.574953953000951,HS,0.01,3.164950530572555,4.3289240599588545
2023-07-24,1.220500642365994,HS,0.01,3.164950530572555,4.3289240599588545
2023-07-25,-0.0563741687179225,HS,0.01,3.164950530572555,4.3289240599588545
2023-07-26,-0.0433656859299109,HS,0.01,3.164950530572555,4.3289240599588545
2023-07-27,0.6797525010879735,HS,0.01,3.164950530572555,4.3289240599588545
2023-07-28,-0.4019164664211202,HS,0.01,3.164950530572555,4.3289240599588545
2023-07-31,1.2527972240113532,HS,0.01,3.164950530572555,4.3289240599588545
2023-08-01,0.9133292872419144,HS,0.01,3.164950530572555,4.3289240599588545
2023-08-02,-2.323583212546503,HS,0.01,3.164950530572555,4.3289240599588545
2023-08-03,-1.6909167594528025,HS,0.01,3.164950530572555,4.3289240599588545
2023-08-04,0.1040237782985626,HS,0.01,3.164950530572555,4.3289240599588545
2023-08-07,0.1918173630601209,HS,0.01,3.164950530572555,4.3289240599588545
2023-08-08,0.3797776603246238,HS,0.01,3.164950530572555,4.3289240599588545
2023-08-09,-0.5356304168039222,HS,0.01,3.164950530572555,4.3289240599588545
2023-08-10,0.8328085297360465,HS,0.01,3.164950530572555,4.3289240599588545
2023-08-14,-1.282265846804998,HS,0.01,3.164950530572555,4.3289240599588545
2023-08-15,0.5567162337129749,HS,0.01,3.164950530572555,4.3289240599588545
2023-08-16,-1.4751148471607551,HS,0.01,3.164950530572555,4.3289240599588545
2023-08-17,-0.4442791579120207,HS,0.01,3.164950530572555,4.3289240599588545
2023-08-18,-0.5556426356965283,HS,0.01,3.164950530572555,4.3289240599588545
2023-08-21,0.3646066291624942,HS,0.01,3.164950530572555,4.3289240599588545
2023-08-22,0.9178857261415247,HS,0.01,3.164950530572555,4.3289240599588545
2023-08-23,0.4808404791444447,HS,0.01,3.164950530572555,4.3289240599588545
2023-08-24,0.8614736525139314,HS,0.01,3.164950530572555,4.3289240599588545
2023-08-25,-2.074604785739367,HS,0.01,3.164950530572555,4.3289240599588545
2023-08-28,1.7108879931396843,HS,0.01,3.164950530572555,4.3289240599588545
2023-08-29,0.1769663747822653,HS,0.01,3.164950530572555,4.3289240599588545
2023-08-30,0.3298934912494978,HS,0.01,3.164950530572555,4.3289240599588545
2023-08-31,0.880272286407265,HS,0.01,3.164950530572555,4.3289240599588545
2023-09-01,0.2794410334614427,HS,0.01,3.164950530572555,4.3289240599588545
2023-09-04,0.696305165946115,HS,0.01,3.164950530572555,4.3289240599588545
2023-09-05,0.2958111709422731,HS,0.01,3.164950530572555,4.3289240599588545
2023-09-06,0.6163708419793614,HS,0.01,3.164950530572555,4.3289240599588545
2023-09-07,-0.7547476271285938,HS,0.01,3.164950530572555,4.3289240599588545
2023-09-08,-1.1715087540828366,HS,0.01,3.164950530572555,4.3289240599588545
2023-09-11,-0.4274487764001707,HS,0.01,3.164950530572555,4.3289240599588545
2023-09-12,0.9460272539440682,HS,0.01,3.164950530572555,4.3289240599588545
2023-09-13,-0.2133430223606801,HS,0.01,3.164950530572555,4.3289240599588545
2023-09-14,1.4014185676380673,HS,0.01,3.164950530572555,4.3289240599588545
2023-09-15,1.09440900988244,HS,0.01,3.164950530572555,4.3289240599588545
2023-09-19,-0.8700827428024468,HS,0.01,3.164950530572555,4.3289240599588545
2023-09-20,-0.6603934555654025,HS,0.01,3.164950530572555,4.3289240599588545
2023-09-21,-1.3804724471997258,HS,0.01,3.164950530572555,4.3289240599588545
2023-09-22,-0.51904138244678,HS,0.01,3.164950530572555,4.3289240599588545
2023-09-25,0.8488207569986963,HS,0.01,3.164950530572555,4.3289240599588545
2023-09-26,-1.1187924981461723,HS,0.01,3.164950530572555,4.3289240599588545
2023-09-27,0.1757684447366761,HS,0.01,3.164950530572555,4.3289240599588545
2023-09-28,-1.5546592783027364,HS,0.01,3.164950530572555,4.3289240599588545
2023-09-29,-0.0467608927487988,HS,0.01,3.164950530572555,4.3289240599588545
2023-10-02,-0.307268780285056,HS,0.01,3.164950530572555,4.3289240599588545
2023-10-03,-1.6570520903407755,HS,0.01,3.164950530572555,4.3289240599588545
2023-10-04,-2.3025729076106383,HS,0.01,3.164950530572555,4.3289240599588545
2023-10-05,1.7807566979314242,HS,0.01,3.164950530572555,4.3289240599588545
2023-10-06,-0.2599950394493565,HS,0.01,3.164950530572555,4.3289240599588545
2023-10-10,2.396815418121354,HS,0.01,3.164950530572555,4.3289240599588545
2023-10-11,0.5966456222347307,HS,0.01,3.164950530572555,4.3289240599588545
2023-10-12,1.7325910850237145,HS,0.01,3.164950530572555,4.3289240599588545
2023-10-13,-0.5513611526101144,HS,0.01,3.164950530572555,4.3289240599588545
2023-10-16,-2.0538767680627923,HS,0.01,3.164950530572555,4.3289240599588545
2023-10-17,1.1970750340029166,HS,0.01,3.164950530572555,4.3289240599588545
2023-10-18,0.0061200368440438,HS,0.01,3.164950530572555,4.3289240599588545
2023-10-19,-1.9272794804600004,HS,0.01,3.164950530572555,4.3289240599588545
2023-10-20,-0.5463718307780945,HS,0.01,3.164950530572555,4.3289240599588545
2023-10-23,-0.8346117888506225,HS,0.01,3.164950530572555,4.3289240599588545
2023-10-24,0.2023748843099033,HS,0.01,3.164950530572555,4.3289240599588545
2023-10-25,0.6660148309590518,HS,0.01,3.164950530572555,4.3289240599588545
2023-10-26,-2.1598456380856264,HS,0.01,3.164950530572555,4.3289240599588545
2023-10-27,1.2660932162877616,HS,0.01,3.164950530572555,4.3289240599588545
2023-10-30,-0.955542895819292,HS,0.01,3.164950530572555,4.3289240599588545
2023-10-31,0.5259911084911963,HS,0.01,3.164950530572555,4.3289240599588545
2023-11-01,2.3785778266317035,HS,0.01,3.164950530572555,4.3289240599588545
2023-11-02,1.0959410719520957,HS,0.01,3.164950530572555,4.3289240599588545
2023-11-06,2.3465628331987873,HS,0.01,3.164950530572555,4.3289240599588545
2023-11-07,-1.343997254279732,HS,0.01,3.164950530572555,4.3289240599588545
2023-11-08,-0.3269482165383556,HS,0.01,3.164950530572555,4.3289240599588545
2023-11-09,1.4811524772588347,HS,0.01,3.164950530572555,4.3289240599588545
2023-11-10,-0.2402886343459992,HS,0.01,3.164950530572555,4.3289240599588545
2023-11-13,0.0521846831574721,HS,0.01,3.164950530572555,4.3289240599588545
2023-11-14,0.3395179382738351,HS,0.01,3.164950530572555,4.3289240599588545
2023-11-15,2.488270661872495,HS,0.01,3.164950530572555,4.3289240599588545
2023-11-16,-0.2846826337517681,HS,0.01,3.164950530572555,4.3289240599588545
2023-11-17,0.4798994430358148,HS,0.01,3.164950530572555,4.3289240599588545
2023-11-20,-0.5887980525744572,HS,0.01,3.164950530572555,4.3289240599588545
2023-11-21,-0.1015568626574401,HS,0.01,3.164950530572555,4.3289240599588545
2023-11-22,0.2924516220718237,HS,0.01,3.164950530572555,4.3289240599588545
2023-11-24,0.5179199506488198,HS,0.01,3.164950530572555,4.3289240599588545
2023-11-27,-0.5303453051143999,HS,0.01,3.164950530572555,4.3289240599588545
2023-11-28,-0.1175099252073195,HS,0.01,3.164950530572555,4.3289240599588545
2023-11-29,-0.2612690989917327,HS,0.01,3.164950530572555,4.3289240599588545
2023-11-30,0.4959643856124849,HS,0.01,3.164950530572555,4.3289240599588545
2023-12-01,-0.165511778382499,HS,0.01,3.164950530572555,4.3289240599588545
2023-12-04,-0.6007633825082408,HS,0.01,3.164950530572555,4.3289240599588545
2023-12-05,-1.3800228067112543,HS,0.01,3.164950530572555,4.3289240599588545
2023-12-06,2.0238103402394376,HS,0.01,3.164950530572555,4.3289240599588545
2023-12-07,-1.7724523164329844,HS,0.01,3.164950530572555,4.3289240599588545
2023-12-08,-1.6894113245277411,HS,0.01,3.164950530572555,4.3289240599588545
2023-12-11,1.4867983025982685,HS,0.01,3.164950530572555,4.3289240599588545
2023-12-12,0.1581413970060102,HS,0.01,3.164950530572555,4.3289240599588545
2023-12-13,0.2513374591569691,HS,0.01,3.164950530572555,4.3289240599588545
2023-12-14,-0.7318796344914846,HS,0.01,3.164950530572555,4.3289240599588545
2023-12-15,0.8660262295699396,HS,0.01,3.164950530572555,4.3289240599588545
2023-12-18,-0.6437625193790526,HS,0.01,3.164950530572555,4.3289240599588545
2023-12-19,1.3956623120534355,HS,0.01,3.164950530572555,4.3289240599588545
2023-12-20,1.3649917149243316,HS,0.01,3.164950530572555,4.3289240599588545
2023-12-21,-1.6028521111137666,HS,0.01,3.164950530572555,4.3289240599588545
2023-12-22,0.0862079328041795,HS,0.01,3.164950530572555,4.3289240599588545
2023-12-25,0.2558764589571278,HS,0.01,3.164950530572555,4.3289240599588545
2023-12-26,0.1557103792269389,HS,0.01,3.164950530572555,4.3289240599588545
2023-12-27,1.1207850622050284,HS,0.01,3.164950530572555,4.3289240599588545
2023-12-28,-0.4213495582588989,HS,0.01,3.164950530572555,4.3289240599588545
2023-12-29,-0.2252088942918662,HS,0.01,3.164950530572555,4.3289240599588545
2024-01-04,-0.5269714915382578,HS,0.01,3.164950530572555,4.3289240599588545
2024-01-05,0.2674024302984675,HS,0.01,3.164950530572555,4.3289240599588545
2024-01-09,1.1491170718168873,HS,0.01,3.164950530572555,4.3289240599588545
2024-01-10,1.9897733598368323,HS,0.01,3.164950530572555,4.3289240599588545
2024-01-11,1.750301739974527,HS,0.01,3.164950530572555,4.3289240599588545
2024-01-12,1.493083461670366,HS,0.01,3.164950530572555,4.3289240599588545
2024-01-15,0.9084692898838748,HS,0.01,3.164950530572555,4.3289240599588545
2024-01-16,-0.7902880814233338,HS,0.01,3.164950530572555,4.3289240599588545
2024-01-17,-0.3978508626845268,HS,0.01,3.164950530572555,4.3289240599588545
2024-01-18,-0.0326402172216864,HS,0.01,3.164950530572555,4.3289240599588545
2024-01-19,1.3918789557269635,HS,0.01,3.164950530572555,4.3289240599588545
2024-01-22,1.609958719829857,HS,0.01,3.164950530572555,4.3289240599588545
2024-01-23,-0.080419081715223,HS,0.01,3.164950530572555,4.3289240599588545
2024-01-24,-0.8003167113481723,HS,0.01,3.164950530572555,4.3289240599588545
2024-01-25,0.0275679679641754,HS,0.01,3.164950530572555,4.3289240599588545
2024-01-26,-1.348582825079037,HS,0.01,3.164950530572555,4.3289240599588545
2024-01-29,0.7686823457906787,HS,0.01,3.164950530572555,4.3289240599588545
2024-01-30,0.1079663214876492,HS,0.01,3.164950530572555,4.3289240599588545
2024-01-31,0.6104890191682598,HS,0.01,3.164950530572555,4.3289240599588545
2024-02-01,-0.7614337201997039,HS,0.01,3.164950530572555,4.3289240599588545
2024-02-02,0.4061517258162087,HS,0.01,3.164950530572555,4.3289240599588545
2024-02-05,0.5409880221846817,HS,0.01,3.164950530572555,4.3289240599588545
2024-02-06,-0.533685275473635,HS,0.01,3.164950530572555,4.3289240599588545
2024-02-07,-0.1127226273469281,HS,0.01,3.164950530572555,4.3289240599588545
2024-02-08,2.037140192445023,HS,0.01,3.164950530572555,4.3289240599588545
2024-02-09,0.0925713177657624,HS,0.01,3.164950530572555,4.3289240599588545
2024-02-13,2.849583840023312,HS,0.01,3.164950530572555,4.3289240599588545
2024-02-14,-0.6889356594200559,HS,0.01,3.164950530572555,4.3289240599588545
2024-02-15,1.198573622237038,HS,0.01,3.164950530572555,4.3289240599588545
2024-02-16,0.8592814382232485,HS,0.01,3.164950530572555,4.3289240599588545
2024-02-19,-0.0438147018732029,HS,0.01,3.164950530572555,4.3289240599588545
2024-02-20,-0.2779228369198603,HS,0.01,3.164950530572555,4.3289240599588545
2024-02-21,-0.264791541138601,HS,0.01,3.164950530572555,4.3289240599588545
2024-02-22,2.1627276507315103,HS,0.01,3.164950530572555,4.3289240599588545
2024-02-26,0.344765128893426,HS,0.01,3.164950530572555,4.3289240599588545
2024-02-27,0.0148040133582172,HS,0.01,3.164950530572555,4.3289240599588545
2024-02-28,-0.0802785622431813,HS,0.01,3.164950530572555,4.3289240599588545
2024-02-29,-0.106769410417488,HS,0.01,3.164950530572555,4.3289240599588545
2024-03-01,1.8833562374571793,HS,0.01,3.164950530572555,4.3289240599588545
2024-03-04,0.4959021168306252,HS,0.01,3.164950530572555,4.3289240599588545
2024-03-05,-0.0289291032495609,HS,0.01,3.164950530572555,4.3289240599588545
2024-03-06,-0.0170789176473358,HS,0.01,3.164950530572555,4.3289240599588545
2024-03-07,-1.234984822061011,HS,0.01,3.164950530572555,4.3289240599588545
2024-03-08,0.2276029243762102,HS,0.01,3.164950530572555,4.3289240599588545
2024-03-11,-2.2124439144522148,HS,0.01,3.164950530572555,4.3289240599588545
2024-03-12,-0.0592042133812581,HS,0.01,3.164950530572555,4.3289240599588545
2024-03-13,-0.2620685669352827,HS,0.01,3.164950530572555,4.3289240599588545
2024-03-14,0.2874978600473616,HS,0.01,3.164950530572555,4.3289240599588545
2024-03-15,-0.2573393824706441,HS,0.01,3.164950530572555,4.3289240599588545
2024-03-18,2.633233169692325,HS,0.01,3.164950530572555,4.3289240599588545
2024-03-19,0.66001447071274,HS,0.01,3.164950530572555,4.3289240599588545
2024-03-21,2.0096346003144063,HS,0.01,3.164950530572555,4.3289240599588545
2024-03-22,0.1781295174591947,HS,0.01,3.164950530572555,4.3289240599588545
2024-03-25,-1.166787438236721,HS,0.01,3.164950530572555,4.3289240599588545
2024-03-26,-0.0398203574486325,HS,0.01,3.164950530572555,4.3289240599588545
2024-03-27,0.8987142695917293,HS,0.01,3.164950530572555,4.3289240599588545
2024-03-28,-1.4695785848525174,HS,0.01,3.164950530572555,4.3289240599588545
2024-03-29,0.5000688724820368,HS,0.01,3.1308007454827806,4.305436666374044
2024-04-01,-1.4128554374174491,HS,0.01,3.1308007454827806,4.305436666374044
2024-04-02,0.0899533284331448,HS,0.01,3.1308007454827806,4.305436666374044
2024-04-03,-0.9763096225270672,HS,0.01,3.054546368462627,4.244689236034971
2024-04-04,0.81108452012914,HS,0.01,3.054546368462627,4.244689236034971
2024-04-05,-1.9833325305466485,HS,0.01,3.054546368462627,4.244689236034971
2024-04-08,0.9062225347250228,HS,0.01,3.054546368462627,4.244689236034971
2024-04-09,1.0770805318377783,HS,0.01,3.054546368462627,4.244689236034971
2024-04-10,-0.4821897394702943,HS,0.01,3.054546368462627,4.244689236034971
2024-04-11,-0.3522450416879921,HS,0.01,2.985125428131529,4.030281970924588
2024-04-12,0.2049533196283531,HS,0.01,2.985125428131529,4.030281970924588
2024-04-15,-0.7383565011142664,HS,0.01,2.985125428131529,4.030281970924588
2024-04-16,-1.9603262428336896,HS,0.01,2.9212559279900647,3.877607679246131
2024-04-17,-1.3329477575317208,HS,0.01,2.885737136786974,3.5423125117064496
2024-04-18,0.310089969218905,HS,0.01,2.885737136786974,3.5423125117064496
2024-04-19,-2.6917763286561107,HS,0.01,2.885737136786974,3.5423125117064496
2024-04-22,0.9938960219700212,HS,0.01,2.885737136786974,3.5423125117064496
2024-04-23,0.3028395861055099,HS,0.01,2.885737136786974,3.5423125117064496
2024-04-24,2.388986747093893,HS,0.01,2.885737136786974,3.5423125117064496
2024-04-25,-2.185954854620538,HS,0.01,2.885737136786974,3.5423125117064496
2024-04-26,0.8106664523146838,HS,0.01,2.885737136786974,3.5423125117064496
2024-04-30,1.2336961166961482,HS,0.01,2.860402019117376,3.3691082294272703
2024-05-01,-0.3432707364845155,HS,0.01,2.860402019117376,3.3691082294272703
2024-05-02,-0.0992822160697575,HS,0.01,2.860402019117376,3.3691082294272703
2024-05-07,1.5545197991112896,HS,0.01,2.860402019117376,3.3691082294272703
2024-05-08,-1.6426932896046558,HS,0.01,2.8571664155524013,3.194498835130147
2024-05-09,-0.3366462701084503,HS,0.01,2.8571664155524013,3.194498835130147
2024-05-10,0.4066129439888787,HS,0.01,2.8571664155524013,3.194498835130147
2024-05-13,-0.1299551720030367,HS,0.01,2.8571664155524013,3.194498835130147
2024-05-14,0.4614797697558606,HS,0.01,2.8571664155524013,3.194498835130147
2024-05-15,0.0773291236523888,HS,0.01,2.8571664155524013,3.194498835130147
2024-05-16,1.38291936701776,HS,0.01,2.8571664155524013,3.194498835130147
2024-05-17,-0.3420074035389234,HS,0.01,2.8571664155524013,3.194498835130147
2024-05-20,0.7251802816574756,HS,0.01,2.8571664155524013,3.194498835130147
2024-05-21,-0.3146768419548248,HS,0.01,2.8571664155524013,3.194498835130147
2024-05-22,-0.850471817226441,HS,0.01,2.8571664155524013,3.194498835130147
2024-05-23,1.2509560559344868,HS,0.01,2.8571664155524013,3.194498835130147
2024-05-24,-1.17586776097245,HS,0.01,2.8571664155524013,3.194498835130147
2024-05-27,0.6548645747686236,HS,0.01,2.8571664155524013,3.194498835130147
2024-05-28,-0.1148433363869579,HS,0.01,2.8571664155524013,3.194498835130147
2024-05-29,-0.7711996733372241,HS,0.01,2.8571664155524013,3.194498835130147
2024-05-30,-1.3124731547266442,HS,0.01,2.8571664155524013,3.194498835130147
2024-05-31,1.1334274515716631,HS,0.01,2.8571664155524013,3.194498835130147
2024-06-03,1.124227282209611,HS,0.01,2.8571664155524013,3.194498835130147
2024-06-04,-0.2200869480977879,HS,0.01,2.8571664155524013,3.194498835130147
2024-06-05,-0.8982336194035169,HS,0.01,2.8571664155524013,3.194498835130147
2024-06-06,0.5527405274230405,HS,0.01,2.8358536781318406,3.1916739825999825
2024-06-07,-0.0506077764353044,HS,0.01,2.8358536781318406,3.1916739825999825
2024-06-10,0.9115373048005035,HS,0.01,2.8358536781318406,3.1916739825999825
2024-06-11,0.2472183956970922,HS,0.01,2.8358536781318406,3.1916739825999825
2024-06-12,-0.6616436461157585,HS,0.01,2.8358536781318406,3.1916739825999825
2024-06-13,-0.4027012303159012,HS,0.01,2.8358536781318406,3.1916739825999825
2024-06-14,0.2427029257859821,HS,0.01,2.8358536781318406,3.1916739825999825
2024-06-17,-1.8517038755761952,HS,0.01,2.8358536781318406,3.1916739825999825
2024-06-18,0.9915082748825448,HS,0.01,2.8358536781318406,3.1916739825999825
2024-06-19,0.2301079287745887,HS,0.01,2.8358536781318406,3.1916739825999825
2024-06-20,0.1612818050808294,HS,0.01,2.8358536781318406,3.1916739825999825
2024-06-21,-0.0946549945945143,HS,0.01,2.8358536781318406,3.1916739825999825
2024-06-24,0.5379255418053319,HS,0.01,2.8358536781318406,3.1916739825999825
2024-06-25,0.9451478701709356,HS,0.01,2.8358536781318406,3.1916739825999825
2024-06-26,1.2529857091936545,HS,0.01,2.8358536781318406,3.1916739825999825
2024-06-27,-0.82404460645921,HS,0.01,2.8358536781318406,3.1916739825999825
2024-06-28,0.6120772585004332,HS,0.01,2.8358536781318406,3.1916739825999825
2024-07-01,0.1211411917244963,HS,0.01,2.8358536781318406,3.1916739825999825
2024-07-02,1.1131879285798183,HS,0.01,2.8358536781318406,3.1916739825999825
2024-07-03,1.2549106953283065,HS,0.01,2.8358536781318406,3.1916739825999825
2024-07-04,0.8169604997017623,HS,0.01,2.8358536781318406,3.1916739825999825
2024-07-05,-0.0031220967546009,HS,0.01,2.8358536781318406,3.1916739825999825
2024-07-08,-0.3223577924496049,HS,0.01,2.8358536781318406,3.1916739825999825
2024-07-09,1.9414504900469705,HS,0.01,2.8358536781318406,3.1916739825999825
2024-07-10,0.603790072817224,HS,0.01,2.8358536781318406,3.1916739825999825
2024-07-11,0.932792557624231,HS,0.01,2.8358536781318406,3.1916739825999825
2024-07-12,-2.477723273719571,HS,0.01,2.8214043569663017,3.1892228860613434
2024-07-16,0.2046873010221411,HS,0.01,2.8214043569663017,3.1892228860613434
2024-07-17,-0.430693283629492,HS,0.01,2.6992562861334832,3.1179388375615016
2024-07-18,-2.3918685076836077,HS,0.01,2.6992562861334832,3.1179388375615016
2024-07-19,-0.1560354233221824,HS,0.01,2.6992562861334832,3.1179388375615016
2024-07-22,-1.166904503396276,HS,0.01,2.6992562861334832,3.1179388375615016
2024-07-23,-0.0116408073169455,HS,0.01,2.6992562861334832,3.1179388375615016
2024-07-24,-1.1163120170305387,HS,0.01,2.6992562861334832,3.1179388375615016
2024-07-25,-3.3377988958596077,HS,0.01,2.6992562861334832,3.1179388375615016
2024-07-26,-0.5351079703330617,HS,0.01,2.8214043569663017,3.1695926695774705
2024-07-29,2.104780702156328,HS,0.01,2.8214043569663017,3.1695926695774705
2024-07-30,0.1488944403245079,HS,0.01,2.8214043569663017,3.1695926695774705
2024-07-31,1.4837001278821993,HS,0.01,2.8214043569663017,3.1695926695774705
2024-08-01,-2.5263950828172916,HS,0.01,2.8214043569663017,3.1695926695774705
2024-08-02,-5.989763815813384,HS,0.01,2.8214043569663017,3.1695926695774705
2024-08-05,-13.234076084751925,HS,0.01,2.8358536781318406,3.4850051809249782
2024-08-06,9.736558781039518,HS,0.01,2.85777109673834,4.522699161230963
2024-08-07,1.1873132219446887,HS,0.01,2.85777109673834,4.522699161230963
2024-08-08,-0.7393334923367528,HS,0.01,2.85777109673834,4.522699161230963
2024-08-09,0.5550035735861498,HS,0.01,2.85777109673834,4.522699161230963
2024-08-13,3.3894737323413033,HS,0.01,2.85777109673834,4.522699161230963
2024-08-14,0.5776917008342124,HS,0.01,2.85777109673834,4.522699161230963
2024-08-15,0.7768647754402221,HS,0.01,2.85777109673834,4.522699161230963
2024-08-16,3.5731666750035633,HS,0.01,2.85777109673834,4.522699161230963
2024-08-19,-1.78676517620567,HS,0.01,2.85777109673834,4.522699161230963
2024-08-20,1.787421985532697,HS,0.01,2.85777109673834,4.522699161230963
2024-08-21,-0.2923675020340554,HS,0.01,2.85777109673834,4.522699161230963
2024-08-22,0.6806784828739418,HS,0.01,2.85777109673834,4.522699161230963
2024-08-23,0.4002806509588617,HS,0.01,2.85777109673834,4.522699161230963
2024-08-26,-0.6644090637961935,HS,0.01,2.85777109673834,4.522699161230963
2024-08-27,0.4670297831381058,HS,0.01,2.85777109673834,4.522699161230963
2024-08-28,0.2169064503637986,HS,0.01,2.85777109673834,4.522699161230963
2024-08-29,-0.024058262446702,HS,0.01,2.85777109673834,4.522699161230963
2024-08-30,0.7407324048039218,HS,0.01,2.85777109673834,4.522699161230963
2024-09-02,0.1373550073693391,HS,0.01,2.8364884931781056,4.522699161230963
2024-09-03,-0.0376354332350508,HS,0.01,2.8364884931781056,4.522699161230963
2024-09-04,-4.328192896367713,HS,0.01,2.8364884931781056,4.522699161230963
2024-09-05,-1.0596968439079586,HS,0.01,2.9212559279900647,4.663456672235878
2024-09-06,-0.7272484757154206,HS,0.01,2.9212559279900647,4.663456672235878
2024-09-09,-0.4840265089037639,HS,0.01,2.9212559279900647,4.663456672235878
2024-09-10,-0.1563797596713826,HS,0.01,2.9212559279900647,4.663456672235878
2024-09-11,-1.502950185259195,HS,0.01,2.9212559279900647,4.663456672235878
2024-09-12,3.3500692470700684,HS,0.01,2.9212559279900647,4.663456672235878
2024-09-13,-0.6851697592505765,HS,0.01,2.9212559279900647,4.663456672235878
2024-09-17,-1.0401771887622802,HS,0.01,2.9212559279900647,4.663456672235878
2024-09-18,0.4875866890508515,HS,0.01,2.9212559279900647,4.663456672235878
2024-09-19,2.108328530259441,HS,0.01,2.9212559279900647,4.663456672235878
2024-09-20,1.518693225368846,HS,0.01,2.9212559279900647,4.663456672235878
2024-09-24,0.5727396065865551,HS,0.01,2.9212559279900647,4.663456672235878
2024-09-25,-0.1855358269298584,HS,0.01,2.9212559279900647,4.663456672235878
2024-09-26,2.748672159356165,HS,0.01,2.9212559279900647,4.663456672235878
2024-09-27,2.2956440414575616,HS,0.01,2.9212559279900647,4.663456672235878
2024-09-30,-4.914248404567918,HS,0.01,2.9212559279900647,4.663456672235878
2024-10-01,1.9130880809781377,HS,0.01,2.985125428131529,4.856438317345831
2024-10-02,-2.205684437304394,HS,0.01,2.985125428131529,4.856438317345831
2024-10-03,1.9468631932294085,HS,0.01,2.985125428131529,4.856438317345831
2024-10-04,0.2165177991704316,HS,0.01,2.985125428131529,4.856438317345831
2024-10-07,1.7882530048958636,HS,0.01,2.985125428131529,4.856438317345831
2024-10-08,-1.0098407482880876,HS,0.01,2.985125428131529,4.856438317345831
2024-10-09,0.870477142162716,HS,0.01,2.985125428131529,4.856438317345831
2024-10-10,0.2617117951892766,HS,0.01,2.985125428131529,4.856438317345831
2024-10-11,0.5694902776685145,HS,0.01,2.985125428131529,4.856438317345831
2024-10-15,0.7665127640329642,HS,0.01,2.985125428131529,4.856438317345831
2024-10-16,-1.846663015318762,HS,0.01,2.985125428131529,4.856438317345831
2024-10-17,-0.689218332841583,HS,0.01,2.985125428131529,4.856438317345831
2024-10-18,0.1811681823155245,HS,0.01,2.985125428131529,4.856438317345831
2024-10-21,-0.069668230687718,HS,0.01,2.985125428131529,4.856438317345831
2024-10-22,-1.4028011742253517,HS,0.01,2.985125428131529,4.856438317345831
2024-10-23,-0.8027077189695614,HS,0.01,2.985125428131529,4.856438317345831
2024-10-24,0.1008016366076733,HS,0.01,2.985125428131529,4.856438317345831
2024-10-25,-0.6031456584008739,HS,0.01,2.985125428131529,4.856438317345831
2024-10-28,1.8077186404158372,HS,0.01,2.985125428131529,4.856438317345831
2024-10-29,0.7693276822786391,HS,0.01,2.985125428131529,4.856438317345831
2024-10-30,0.9560211502865086,HS,0.01,2.985125428131529,4.856438317345831
2024-10-31,-0.5006238829108204,HS,0.01,2.985125428131529,4.856438317345831
2024-11-01,-2.6645231367667983,HS,0.01,2.985125428131529,4.856438317345831
2024-11-05,1.1008459054551205,HS,0.01,2.985125428131529,4.856438317345831
2024-11-06,2.580519251055579,HS,0.01,2.985125428131529,4.856438317345831
2024-11-07,-0.251735101615967,HS,0.01,2.985125428131529,4.856438317345831
2024-11-08,0.3016185126676096,HS,0.01,2.985125428131529,4.856438317345831
2024-11-11,0.0833801890628168,HS,0.01,2.985125428131529,4.856438317345831
2024-11-12,-0.3985093197873606,HS,0.01,2.985125428131529,4.856438317345831
2024-11-13,-1.6759637908742888,HS,0.01,2.985125428131529,4.856438317345831
2024-11-14,-0.4814073329608999,HS,0.01,2.985125428131529,4.856438317345831
2024-11-15,0.2778257015228932,HS,0.01,2.985125428131529,4.856438317345831
2024-11-18,-1.0982102000304856,HS,0.01,2.985125428131529,4.856438317345831
2024-11-19,0.5051943009873268,HS,0.01,2.985125428131529,4.856438317345831
2024-11-20,-0.1617623293734115,HS,0.01,2.985125428131529,4.856438317345831
2024-11-21,-0.854088261598344,HS,0.01,2.985125428131529,4.856438317345831
2024-11-22,0.6753520842744595,HS,0.01,2.985125428131529,4.856438317345831
2024-11-25,1.288009897913561,HS,0.01,2.985125428131529,4.856438317345831
2024-11-26,-0.8757664147849662,HS,0.01,2.985125428131529,4.856438317345831
2024-11-27,-0.801893572626497,HS,0.01,2.985125428131529,4.856438317345831
2024-11-28,0.5598303602311836,HS,0.01,2.985125428131529,4.856438317345831
2024-11-29,-0.3684244099642957,HS,0.01,2.985125428131529,4.856438317345831
2024-12-02,0.7950618108786257,HS,0.01,2.985125428131529,4.856438317345831
2024-12-03,1.892602952646885,HS,0.01,2.985125428131529,4.856438317345831
2024-12-04,0.0701207602091615,HS,0.01,2.985125428131529,4.856438317345831
2024-12-05,0.3030583703951927,HS,0.01,2.985125428131529,4.856438317345831
2024-12-06,-0.7757516352278754,HS,0.01,2.985125428131529,4.856438317345831
2024-12-09,0.1771927461179997,HS,0.01,2.985125428131529,4.856438317345831
2024-12-10,0.5274001603899916,HS,0.01,2.985125428131529,4.856438317345831
2024-12-11,0.0118170054982427,HS,0.01,2.985125428131529,4.856438317345831
2024-12-12,1.2040082388597555,HS,0.01,2.985125428131529,4.856438317345831
2024-12-13,-0.954876681135594,HS,0.01,2.985125428131529,4.856438317345831
2024-12-16,-0.0328226653545253,HS,0.01,2.985125428131529,4.856438317345831
2024-12-17,-0.235488667796846,HS,0.01,2.985125428131529,4.856438317345831
2024-12-18,-0.7214353013517918,HS,0.01,2.985125428131529,4.856438317345831
2024-12-19,-0.688446951695577,HS,0.01,2.985125428131529,4.856438317345831
2024-12-20,-0.288148302055434,HS,0.01,2.985125428131529,4.856438317345831
2024-12-23,1.1801377612235449,HS,0.01,2.985125428131529,4.856438317345831
2024-12-24,-0.318391983692586,HS,0.01,2.985125428131529,4.856438317345831
2024-12-25,0.2394305346384046,HS,0.01,2.985125428131529,4.856438317345831
2024-12-26,1.1121774427931932,HS,0.01,2.985125428131529,4.856438317345831
2024-12-27,1.7861678111050672,HS,0.01,2.985125428131529,4.856438317345831
2024-12-30,-0.9644420798439086,HS,0.01,2.985125428131529,4.856438317345831
2022-12-20,-2.489127638949298,HS,0.05,2.0756067079490292,2.940239822435801
2022-12-21,-0.6809809720177208,HS,0.05,2.0848521632266226,2.9483369137800106
2022-12-22,0.4542860547956492,HS,0.05,2.0848521632266226,2.9483369137800106
2022-12-23,-1.0337711266382608,HS,0.05,2.0848521632266226,2.9483369137800106
2022-12-26,0.6482375028426324,HS,0.05,2.0848521632266226,2.9483369137800106
2022-12-27,0.1589291891407026,HS,0.05,2.0848521632266226,2.9483369137800106
2022-12-28,-0.4067914596881906,HS,0.05,2.0761857994368635,2.9483369137800106
2022-12-29,-0.9414925486891276,HS,0.05,2.0761857994368635,2.9483369137800106
2022-12-30,0.0031810968896288,HS,0.05,2.0761857994368635,2.9483369137800106
2023-01-04,-1.4577780520938353,HS,0.05,2.0761857994368635,2.9483369137800106
2023-01-05,0.4033615296562223,HS,0.05,2.0761857994368635,2.9483369137800106
2023-01-06,0.5909848697618759,HS,0.05,2.0761857994368635,2.9483369137800106
2023-01-10,0.773592425440218,HS,0.05,2.0761857994368635,2.9483369137800106
2023-01-11,1.027874625394543,HS,0.05,2.0761857994368635,2.9483369137800106
2023-01-12,0.0144446668340659,HS,0.05,2.0761857994368635,2.9483369137800106
2023-01-13,-1.2566455232761584,HS,0.05,2.0761857994368635,2.9483369137800106
2023-01-16,-1.1443663259038128,HS,0.05,2.0761857994368635,2.9483369137800106
2023-01-17,1.2176951332297214,HS,0.05,2.0761857994368635,2.9483369137800106
2023-01-18,2.4654259606584668,HS,0.05,2.0761857994368635,2.9483369137800106
2023-01-19,-1.4508342905426903,HS,0.05,2.0761857994368635,2.9483369137800106
2023-01-20,0.560055471133265,HS,0.05,2.0580644467219997,2.9415345783315376
2023-01-23,1.3188092820059605,HS,0.05,2.0580644467219997,2.9415345783315376
2023-01-24,1.4506249512405751,HS,0.05,2.0580644467219997,2.9415345783315376
2023-01-25,0.3503860076612355,HS,0.05,2.0580644467219997,2.9415345783315376
2023-01-26,-0.1178272065743107,HS,0.05,2.0548415325592444,2.939860472934025
2023-01-27,0.0723734966221563,HS,0.05,2.0548415325592444,2.939860472934025
2023-01-30,0.1854929019132892,HS,0.05,2.0548415325592444,2.939860472934025
2023-01-31,-0.3882036510088401,HS,0.05,2.0548415325592444,2.939860472934025
2023-02-01,0.0723250128702933,HS,0.05,2.0548415325592444,2.939860472934025
2023-02-02,0.2015379620958895,HS,0.05,2.0548415325592444,2.939860472934025
2023-02-03,0.3912122973054605,HS,0.05,2.0548415325592444,2.939860472934025
2023-02-06,0.6673179544043314,HS,0.05,2.0548415325592444,2.939860472934025
2023-02-07,-0.0295406911411171,HS,0.05,2.050990418360079,2.9234030229123005
2023-02-08,-0.2857914963641302,HS,0.05,2.050990418360079,2.9234030229123005
2023-02-09,-0.08012685115119,HS,0.05,2.036203793660278,2.861608924699326
2023-02-10,0.3135658776614822,HS,0.05,2.036203793660278,2.861608924699326
2023-02-13,-0.8844619206005223,HS,0.05,2.036203793660278,2.861608924699326
2023-02-14,0.6376504698627659,HS,0.05,2.036203793660278,2.861608924699326
2023-02-15,-0.366249700080255,HS,0.05,2.0270337392138535,2.856550511153726
2023-02-16,0.7050249309804929,HS,0.05,2.0270337392138535,2.856550511153726
2023-02-17,-0.664048882508275,HS,0.05,2.0270337392138535,2.856550511153726
2023-02-20,0.0683388880247517,HS,0.05,2.0270337392138535,2.856550511153726
2023-02-21,-0.2139435484321346,HS,0.05,2.0270337392138535,2.856550511153726
2023-02-22,-1.351419359891925,HS,0.05,2.0270337392138535,2.856550511153726
2023-02-24,1.279981664585004,HS,0.05,2.0270337392138535,2.856550511153726
2023-02-27,-0.1075834927458851,HS,0.05,2.0270337392138535,2.856550511153726
2023-02-28,0.0787308141437685,HS,0.05,2.0270337392138535,2.856550511153726
2023-03-01,0.2582463281266135,HS,0.05,2.0270337392138535,2.856550511153726
2023-03-02,-0.0642007778118723,HS,0.05,2.0270337392138535,2.856550511153726
2023-03-03,1.5465935761209575,HS,0.05,2.0270337392138535,2.856550511153726
2023-03-06,1.1049955307690156,HS,0.05,2.0270337392138535,2.856550511153726
2023-03-07,0.25246599720486,HS,0.05,2.0270337392138535,2.856550511153726
2023-03-08,0.4758469855743233,HS,0.05,2.0270337392138535,2.856550511153726
2023-03-09,0.6271942047493668,HS,0.05,2.0270337392138535,2.856550511153726
2023-03-10,-1.6882697580858388,HS,0.05,2.0270337392138535,2.856550511153726
2023-03-13,-1.111218342304656,HS,0.05,2.0270337392138535,2.856550511153726
2023-03-14,-2.219405873863012,HS,0.05,2.0270337392138535,2.856550511153726
2023-03-15,0.0273322263928996,HS,0.05,2.036203793660278,2.860229911043218
2023-03-16,-0.8070498494962401,HS,0.05,2.036203793660278,2.860229911043218
2023-03-17,1.1893902836930397,HS,0.05,2.036203793660278,2.860229911043218
2023-03-20,-1.430101783178469,HS,0.05,2.036203793660278,2.860229911043218
2023-03-22,1.9148448739832256,HS,0.05,2.036203793660278,2.860229911043218
2023-03-23,-0.1712634339126885,HS,0.05,2.0278016534857075,2.860229911043218
2023-03-24,-0.1253880765083157,HS,0.05,2.0278016534857075,2.860229911043218
2023-03-27,0.3339981292424903,HS,0.05,2.0278016534857075,2.860229911043218
2023-03-28,0.1504892355221339,HS,0.05,2.0278016534857075,2.860229911043218
2023-03-29,1.3195711620534936,HS,0.05,2.0278016534857075,2.860229911043218
2023-03-30,-0.3623340468636821,HS,0.05,2.0278016534857075,2.860229911043218
2023-03-31,0.9263067151335684,HS,0.05,2.0278016534857075,2.860229911043218
2023-04-03,0.5216831491597715,HS,0.05,2.0278016534857075,2.860229911043218
2023-04-04,0.3515489367783688,HS,0.05,2.0278016534857075,2.860229911043218
2023-04-05,-1.6904303120466424,HS,0.05,2.0278016534857075,2.860229911043218
2023-04-06,-1.232260935546454,HS,0.05,2.0278016534857075,2.860229911043218
2023-04-07,0.1661353555278492,HS,0.05,2.0278016534857075,2.860229911043218
2023-04-10,0.4182979360365764,HS,0.05,2.0278016534857075,2.860229911043218
2023-04-11,1.042934131055368,HS,0.05,2.0278016534857075,2.860229911043218
2023-04-12,0.5689758721851732,HS,0.05,2.0278016534857075,2.860229911043218
2023-04-13,0.2641250478743008,HS,0.05,2.0278016534857075,2.860229911043218
2023-04-14,1.1880011851249617,HS,0.05,2.0278016534857075,2.860229911043218
2023-04-17,0.0747561791226833,HS,0.05,2.0278016534857075,2.860229911043218
2023-04-18,0.5039076162568722,HS,0.05,2.0278016534857075,2.860229911043218
2023-04-19,-0.1818555505755215,HS,0.05,2.0275699473034567,2.860229911043218
2023-04-20,0.1774597210516303,HS,0.05,2.0275699473034567,2.860229911043218
2023-04-21,-0.3257535664922826,HS,0.05,2.0275699473034567,2.860229911043218
2023-04-24,0.1019995448735246,HS,0.05,2.0275699473034567,2.860229911043218
2023-04-25,0.0928128552270915,HS,0.05,2.0275699473034567,2.860229911043218
2023-04-26,-0.7139299492267528,HS,0.05,2.0275699473034567,2.860229911043218
2023-04-27,0.1449129043808152,HS,0.05,2.0275699473034567,2.860229911043218
2023-04-28,1.3915112224215482,HS,0.05,2.0275699473034567,2.860229911043218
2023-05-01,0.9201237270608762,HS,0.05,2.0275699473034567,2.860229911043218
2023-05-02,0.1193166159526167,HS,0.05,2.0275699473034567,2.860229911043218
2023-05-08,-0.7161487474567143,HS,0.05,1.9957257950698,2.8397039946751454
2023-05-09,1.0067995528449354,HS,0.05,1.9957257950698,2.8397039946751454
2023-05-10,-0.4134011712938892,HS,0.05,1.9957257950698,2.8397039946751454
2023-05-11,0.0155917643208655,HS,0.05,1.9957257950698,2.8397039946751454
2023-05-12,0.8940672461563601,HS,0.05,1.9957257950698,2.8397039946751454
2023-05-15,0.8067162687943656,HS,0.05,1.9957257950698,2.8397039946751454
2023-05-16,0.728615401591347,HS,0.05,1.9957257950698,2.8397039946751454
2023-05-17,0.836220783178476,HS,0.05,1.9957257950698,2.8397039946751454
2023-05-18,1.583548775450404,HS,0.05,1.9957257950698,2.8397039946751454
2023-05-19,0.7638069626373304,HS,0.05,1.9957257950698,2.8397039946751454
2023-05-22,0.8998200744895645,HS,0.05,1.9957257950698,2.8397039946751454
2023-05-23,-0.415994263732716,HS,0.05,1.9957257950698,2.8397039946751454
2023-05-24,-0.8925686738269373,HS,0.05,1.9957257950698,2.8397039946751454
2023-05-25,0.3853089695260961,HS,0.05,1.9957257950698,2.8397039946751454
2023-05-26,0.3732488534654124,HS,0.05,1.9957257950698,2.8397039946751454
2023-05-29,1.0208593347258557,HS,0.05,1.9957257950698,2.8397039946751454
2023-05-30,0.3024891173990195,HS,0.05,1.9957257950698,2.8397039946751454
2023-05-31,-1.4153476801977043,HS,0.05,1.9957257950698,2.8397039946751454
2023-06-01,0.8386449465125958,HS,0.05,1.9957257950698,2.8397039946751454
2023-06-02,1.2005810343095205,HS,0.05,1.9957257950698,2.8397039946751454
2023-06-05,2.1751439164993704,HS,0.05,1.9957257950698,2.8397039946751454
2023-06-06,0.894106058692083,HS,0.05,1.9957257950698,2.8397039946751454
2023-06-07,-1.841201592875538,HS,0.05,1.9957257950698,2.8397039946751454
2023-06-08,-0.8574379060420299,HS,0.05,1.9957257950698,2.8397039946751454
2023-06-09,1.9526051475909605,HS,0.05,1.9957257950698,2.8397039946751454
2023-06-12,0.5218937477408182,HS,0.05,1.9957257950698,2.8397039946751454
2023-06-13,1.786525072473324,HS,0.05,1.9957257950698,2.8397039946751454
2023-06-14,1.4545224972082915,HS,0.05,1.9957257950698,2.8397039946751454
2023-06-15,-0.0505571649307792,HS,0.05,1.9957257950698,2.8397039946751454
2023-06-16,0.6566021543037965,HS,0.05,1.9957257950698,2.8397039946751454
2023-06-19,-1.000824586093791,HS,0.05,1.9957257950698,2.8397039946751454
2023-06-20,0.0553878571283474,HS,0.05,1.9957257950698,2.8397039946751454
2023-06-21,0.5562117186669766,HS,0.05,1.9957257950698,2.8397039946751454
2023-06-22,-0.928377787258327,HS,0.05,1.9957257950698,2.8397039946751454
2023-06-23,-1.4636629432637849,HS,0.05,1.9957257950698,2.8397039946751454
2023-06-26,-0.2526820951194239,HS,0.05,1.9957257950698,2.8397039946751454
2023-06-27,-0.4919921103935955,HS,0.05,1.9957257950698,2.8397039946751454
2023-06-28,1.9950002235872095,HS,0.05,1.9957257950698,2.8397039946751454
2023-06-29,0.1208895969255824,HS,0.05,1.9957257950698,2.8397039946751454
2023-06-30,-0.1358006938044271,HS,0.05,1.9957257950698,2.8397039946751454
2023-07-03,1.685935087641736,HS,0.05,1.9957257950698,2.8397039946751454
2023-07-04,-0.984911331862542,HS,0.05,1.9957257950698,2.8397039946751454
2023-07-05,-0.251104932212337,HS,0.05,1.9957257950698,2.8397039946751454
2023-07-06,-1.711325930449109,HS,0.05,1.9957257950698,2.8397039946751454
2023-07-07,-1.180465252915526,HS,0.05,1.9957257950698,2.8397039946751454
2023-07-10,-0.6153476953904035,HS,0.05,1.9957257950698,2.8397039946751454
2023-07-11,0.0429853534302266,HS,0.05,1.9957257950698,2.8397039946751454
2023-07-12,-0.8095157032980083,HS,0.05,1.9957257950698,2.8397039946751454
2023-07-13,1.477268360749288,HS,0.05,1.9957257950698,2.8397039946751454
2023-07-14,-0.08662261622022,HS,0.05,1.9957257950698,2.8397039946751454
2023-07-18,0.3163464809654001,HS,0.05,1.9957257950698,2.8397039946751454
2023-07-19,1.2299928899908406,HS,0.05,1.9957257950698,2.8397039946751454
2023-07-20,-1.240367974553177,HS,0.05,1.9957257950698,2.8397039946751454
2023-07-21,-0.574953953000951,HS,0.05,1.9957257950698,2.8397039946751454
2023-07-24,1.220500642365994,HS,0.05,1.9957257950698,2.8397039946751454
2023-07-25,-0.0563741687179225,HS,0.05,1.9957257950698,2.8397039946751454
2023-07-26,-0.0433656859299109,HS,0.05,1.9957257950698,2.8397039946751454
2023-07-27,0.6797525010879735,HS,0.05,1.9957257950698,2.8397039946751454
2023-07-28,-0.4019164664211202,HS,0.05,1.9957257950698,2.8397039946751454
2023-07-31,1.2527972240113532,HS,0.05,1.9957257950698,2.8397039946751454
2023-08-01,0.9133292872419144,HS,0.05,1.9957257950698,2.8397039946751454
2023-08-02,-2.323583212546503,HS,0.05,1.9957257950698,2.8397039946751454
2023-08-03,-1.6909167594528025,HS,0.05,2.0275699473034567,2.8456487065247664
2023-08-04,0.1040237782985626,HS,0.05,2.0275699473034567,2.8456487065247664
2023-08-07,0.1918173630601209,HS,0.05,2.0275699473034567,2.8456487065247664
2023-08-08,0.3797776603246238,HS,0.05,2.0275699473034567,2.8456487065247664
2023-08-09,-0.5356304168039222,HS,0.05,2.0275699473034567,2.8456487065247664
2023-08-10,0.8328085297360465,HS,0.05,2.0275699473034567,2.8456487065247664
2023-08-14,-1.282265846804998,HS,0.05,2.0275699473034567,2.8456487065247664
2023-08-15,0.5567162337129749,HS,0.05,2.0275699473034567,2.8456487065247664
2023-08-16,-1.4751148471607551,HS,0.05,2.0275699473034567,2.8456487065247664
2023-08-17,-0.4442791579120207,HS,0.05,2.0275699473034567,2.8456487065247664
2023-08-18,-0.5556426356965283,HS,0.05,2.0275699473034567,2.8456487065247664
2023-08-21,0.3646066291624942,HS,0.05,2.0275699473034567,2.8456487065247664
2023-08-22,0.9178857261415247,HS,0.05,2.0275699473034567,2.8456487065247664
2023-08-23,0.4808404791444447,HS,0.05,2.0275699473034567,2.8456487065247664
2023-08-24,0.8614736525139314,HS,0.05,2.0275699473034567,2.8456487065247664
2023-08-25,-2.074604785739367,HS,0.05,2.0275699473034567,2.8456487065247664
2023-08-28,1.7108879931396843,HS,0.05,2.050990418360079,2.846124918943043
2023-08-29,0.1769663747822653,HS,0.05,2.050990418360079,2.846124918943043
2023-08-30,0.3298934912494978,HS,0.05,2.050990418360079,2.846124918943043
2023-08-31,0.880272286407265,HS,0.05,2.050990418360079,2.846124918943043
2023-09-01,0.2794410334614427,HS,0.05,2.050990418360079,2.846124918943043
2023-09-04,0.696305165946115,HS,0.05,2.050990418360079,2.846124918943043
2023-09-05,0.2958111709422731,HS,0.05,2.050990418360079,2.846124918943043
2023-09-06,0.6163708419793614,HS,0.05,2.050990418360079,2.846124918943043
2023-09-07,-0.7547476271285938,HS,0.05,2.050990418360079,2.846124918943043
2023-09-08,-1.1715087540828366,HS,0.05,2.0275699473034567,2.84455418084108
2023-09-11,-0.4274487764001707,HS,0.05,2.0275699473034567,2.84455418084108
2023-09-12,0.9460272539440682,HS,0.05,2.0275699473034567,2.84455418084108
2023-09-13,-0.2133430223606801,HS,0.05,2.0275699473034567,2.84455418084108
2023-09-14,1.4014185676380673,HS,0.05,2.0275699473034567,2.84455418084108
2023-09-15,1.09440900988244,HS,0.05,2.0275699473034567,2.84455418084108
2023-09-19,-0.8700827428024468,HS,0.05,2.0275699473034567,2.84455418084108
2023-09-20,-0.6603934555654025,HS,0.05,2.0275699473034567,2.84455418084108
2023-09-21,-1.3804724471997258,HS,0.05,2.0275699473034567,2.84455418084108
2023-09-22,-0.51904138244678,HS,0.05,2.0275699473034567,2.84455418084108
2023-09-25,0.8488207569986963,HS,0.05,2.0275699473034567,2.84455418084108
2023-09-26,-1.1187924981461723,HS,0.05,2.0275699473034567,2.84455418084108
2023-09-27,0.1757684447366761,HS,0.05,2.0275699473034567,2.84455418084108
2023-09-28,-1.5546592783027364,HS,0.05,2.0275699473034567,2.84455418084108
2023-09-29,-0.0467608927487988,HS,0.05,2.0275699473034567,2.84455418084108
2023-10-02,-0.307268780285056,HS,0.05,1.9957257950698,2.8411594568327523
2023-10-03,-1.6570520903407755,HS,0.05,1.9957257950698,2.8411594568327523
2023-10-04,-2.3025729076106383,HS,0.05,1.9957257950698,2.8411594568327523
2023-10-05,1.7807566979314242,HS,0.05,2.0275699473034567,2.846683962583656
2023-10-06,-0.2599950394493565,HS,0.05,2.0275699473034567,2.846683962583656
2023-10-10,2.396815418121354,HS,0.05,2.0275699473034567,2.846683962583656
2023-10-11,0.5966456222347307,HS,0.05,2.0275699473034567,2.846683962583656
2023-10-12,1.7325910850237145,HS,0.05,2.0275699473034567,2.846683962583656
2023-10-13,-0.5513611526101144,HS,0.05,2.0275699473034567,2.846683962583656
2023-10-16,-2.0538767680627923,HS,0.05,2.0275699473034567,2.846683962583656
2023-10-17,1.1970750340029166,HS,0.05,2.0509482949873723,2.846745614648402
2023-10-18,0.0061200368440438,HS,0.05,2.0509482949873723,2.846745614648402
2023-10-19,-1.9272794804600004,HS,0.05,2.0509482949873723,2.846745614648402
2023-10-20,-0.5463718307780945,HS,0.05,2.0509482949873723,2.846745614648402
2023-10-23,-0.8346117888506225,HS,0.05,2.0509482949873723,2.846745614648402
2023-10-24,0.2023748843099033,HS,0.05,2.0509482949873723,2.846745614648402
2023-10-25,0.6660148309590518,HS,0.05,2.0509482949873723,2.846745614648402
2023-10-26,-2.1598456380856264,HS,0.05,2.0509482949873723,2.846745614648402
2023-10-27,1.2660932162877616,HS,0.05,2.053918891435499,2.848864992048858
2023-10-30,-0.955542895819292,HS,0.05,2.053918891435499,2.848864992048858
2023-10-31,0.5259911084911963,HS,0.05,2.053918891435499,2.848864992048858
2023-11-01,2.3785778266317035,HS,0.05,2.053918891435499,2.848864992048858
2023-11-02,1.0959410719520957,HS,0.05,2.053918891435499,2.848864992048858
2023-11-06,2.3465628331987873,HS,0.05,2.053918891435499,2.848864992048858
2023-11-07,-1.343997254279732,HS,0.05,2.053918891435499,2.848864992048858
2023-11-08,-0.3269482165383556,HS,0.05,2.053918891435499,2.848864992048858
2023-11-09,1.4811524772588347,HS,0.05,2.053918891435499,2.848864992048858
2023-11-10,-0.2402886343459992,HS,0.05,2.053918891435499,2.848864992048858
2023-11-13,0.0521846831574721,HS,0.05,2.053918891435499,2.848864992048858
2023-11-14,0.3395179382738351,HS,0.05,2.053918891435499,2.848864992048858
2023-11-15,2.488270661872495,HS,0.05,2.053918891435499,2.848864992048858
2023-11-16,-0.2846826337517681,HS,0.05,2.053918891435499,2.848864992048858
2023-11-17,0.4798994430358148,HS,0.05,2.053918891435499,2.848864992048858
2023-11-20,-0.5887980525744572,HS,0.05,2.053918891435499,2.848864992048858
2023-11-21,-0.1015568626574401,HS,0.05,2.053918891435499,2.848864992048858
2023-11-22,0.2924516220718237,HS,0.05,2.053918891435499,2.848864992048858
2023-11-24,0.5179199506488198,HS,0.05,2.053918891435499,2.848864992048858
2023-11-27,-0.5303453051143999,HS,0.05,2.053918891435499,2.848864992048858
2023-11-28,-0.1175099252073195,HS,0.05,2.053918891435499,2.848864992048858
2023-11-29,-0.2612690989917327,HS,0.05,2.053918891435499,2.848864992048858
2023-11-30,0.4959643856124849,HS,0.05,2.053918891435499,2.848864992048858
2023-12-01,-0.165511778382499,HS,0.05,2.053918891435499,2.848864992048858
2023-12-04,-0.6007633825082408,HS,0.05,2.053918891435499,2.848864992048858
2023-12-05,-1.3800228067112543,HS,0.05,2.053918891435499,2.848864992048858
2023-12-06,2.0238103402394376,HS,0.05,2.053918891435499,2.848864992048858
2023-12-07,-1.7724523164329844,HS,0.05,2.053918891435499,2.848864992048858
2023-12-08,-1.6894113245277411,HS,0.05,2.053918891435499,2.848864992048858
2023-12-11,1.4867983025982685,HS,0.05,2.053918891435499,2.848864992048858
2023-12-12,0.1581413970060102,HS,0.05,2.053918891435499,2.848864992048858
2023-12-13,0.2513374591569691,HS,0.05,2.053918891435499,2.848864992048858
2023-12-14,-0.7318796344914846,HS,0.05,2.053918891435499,2.848864992048858
2023-12-15,0.8660262295699396,HS,0.05,2.053918891435499,2.848864992048858
2023-12-18,-0.6437625193790526,HS,0.05,2.053918891435499,2.848864992048858
2023-12-19,1.3956623120534355,HS,0.05,2.053918891435499,2.848864992048858
2023-12-20,1.3649917149243316,HS,0.05,2.053918891435499,2.848864992048858
2023-12-21,-1.6028521111137666,HS,0.05,2.053918891435499,2.848864992048858
2023-12-22,0.0862079328041795,HS,0.05,2.053918891435499,2.848864992048858
2023-12-25,0.2558764589571278,HS,0.05,2.053918891435499,2.848864992048858
2023-12-26,0.1557103792269389,HS,0.05,2.053918891435499,2.848864992048858
2023-12-27,1.1207850622050284,HS,0.05,2.053918891435499,2.848864992048858
2023-12-28,-0.4213495582588989,HS,0.05,2.053918891435499,2.848864992048858
2023-12-29,-0.2252088942918662,HS,0.05,2.053918891435499,2.848864992048858
2024-01-04,-0.5269714915382578,HS,0.05,2.053918891435499,2.848864992048858
2024-01-05,0.2674024302984675,HS,0.05,2.053918891435499,2.848864992048858
2024-01-09,1.1491170718168873,HS,0.05,2.053918891435499,2.848864992048858
2024-01-10,1.9897733598368323,HS,0.05,2.053918891435499,2.848864992048858
2024-01-11,1.750301739974527,HS,0.05,2.053918891435499,2.848864992048858
2024-01-12,1.493083461670366,HS,0.05,2.053918891435499,2.848864992048858
2024-01-15,0.9084692898838748,HS,0.05,2.053918891435499,2.848864992048858
2024-01-16,-0.7902880814233338,HS,0.05,2.053918891435499,2.848864992048858
2024-01-17,-0.3978508626845268,HS,0.05,2.053918891435499,2.848864992048858
2024-01-18,-0.0326402172216864,HS,0.05,2.053918891435499,2.848864992048858
2024-01-19,1.3918789557269635,HS,0.05,2.053918891435499,2.848864992048858
2024-01-22,1.609958719829857,HS,0.05,2.053918891435499,2.848864992048858
2024-01-23,-0.080419081715223,HS,0.05,2.053918891435499,2.848864992048858
2024-01-24,-0.8003167113481723,HS,0.05,2.053918891435499,2.848864992048858
2024-01-25,0.0275679679641754,HS,0.05,2.053918891435499,2.848864992048858
2024-01-26,-1.348582825079037,HS,0.05,2.053918891435499,2.848864992048858
2024-01-29,0.7686823457906787,HS,0.05,2.053918891435499,2.848864992048858
2024-01-30,0.1079663214876492,HS,0.05,2.053918891435499,2.848864992048858
2024-01-31,0.6104890191682598,HS,0.05,2.053918891435499,2.848864992048858
2024-02-01,-0.7614337201997039,HS,0.05,2.053918891435499,2.848864992048858
2024-02-02,0.4061517258162087,HS,0.05,2.053918891435499,2.848864992048858
2024-02-05,0.5409880221846817,HS,0.05,2.053918891435499,2.848864992048858
2024-02-06,-0.533685275473635,HS,0.05,2.053918891435499,2.848864992048858
2024-02-07,-0.1127226273469281,HS,0.05,2.053918891435499,2.848864992048858
2024-02-08,2.037140192445023,HS,0.05,2.053918891435499,2.848864992048858
2024-02-09,0.0925713177657624,HS,0.05,2.053918891435499,2.848864992048858
2024-02-13,2.849583840023312,HS,0.05,2.053918891435499,2.848864992048858
2024-02-14,-0.6889356594200559,HS,0.05,2.053918891435499,2.848864992048858
2024-02-15,1.198573622237038,HS,0.05,2.053918891435499,2.848864992048858
2024-02-16,0.8592814382232485,HS,0.05,2.053918891435499,2.848864992048858
2024-02-19,-0.0438147018732029,HS,0.05,2.053918891435499,2.848864992048858
2024-02-20,-0.2779228369198603,HS,0.05,2.053918891435499,2.848864992048858
2024-02-21,-0.264791541138601,HS,0.05,2.053918891435499,2.848864992048858
2024-02-22,2.1627276507315103,HS,0.05,2.053918891435499,2.848864992048858
2024-02-26,0.344765128893426,HS,0.05,2.053918891435499,2.848864992048858
2024-02-27,0.0148040133582172,HS,0.05,2.053918891435499,2.848864992048858
2024-02-28,-0.0802785622431813,HS,0.05,2.053918891435499,2.848864992048858
2024-02-29,-0.106769410417488,HS,0.05,2.053918891435499,2.848864992048858
2024-03-01,1.8833562374571793,HS,0.05,2.053918891435499,2.848864992048858
2024-03-04,0.4959021168306252,HS,0.05,2.053918891435499,2.848864992048858
2024-03-05,-0.0289291032495609,HS,0.05,2.053918891435499,2.848864992048858
2024-03-06,-0.0170789176473358,HS,0.05,2.053918891435499,2.848864992048858
2024-03-07,-1.234984822061011,HS,0.05,2.053918891435499,2.848864992048858
2024-03-08,0.2276029243762102,HS,0.05,2.053918891435499,2.848864992048858
2024-03-11,-2.2124439144522148,HS,0.05,2.053918891435499,2.848864992048858
2024-03-12,-0.0592042133812581,HS,0.05,2.0548415325592444,2.852019485627564
2024-03-13,-0.2620685669352827,HS,0.05,2.0548415325592444,2.852019485627564
2024-03-14,0.2874978600473616,HS,0.05,2.0548415325592444,2.852019485627564
2024-03-15,-0.2573393824706441,HS,0.05,2.0548415325592444,2.852019485627564
2024-03-18,2.633233169692325,HS,0.05,2.0548415325592444,2.852019485627564
2024-03-19,0.66001447071274,HS,0.05,2.0548415325592444,2.852019485627564
2024-03-21,2.0096346003144063,HS,0.05,2.0548415325592444,2.852019485627564
2024-03-22,0.1781295174591947,HS,0.05,2.0548415325592444,2.852019485627564
2024-03-25,-1.166787438236721,HS,0.05,2.0548415325592444,2.852019485627564
2024-03-26,-0.0398203574486325,HS,0.05,2.0548415325592444,2.852019485627564
2024-03-27,0.8987142695917293,HS,0.05,2.0548415325592444,2.852019485627564
2024-03-28,-1.4695785848525174,HS,0.05,2.0548415325592444,2.852019485627564
2024-03-29,0.5000688724820368,HS,0.05,2.053918891435499,2.825153990281643
2024-04-01,-1.4128554374174491,HS,0.05,2.053918891435499,2.825153990281643
2024-04-02,0.0899533284331448,HS,0.05,1.9971022524696669,2.82314566941783
2024-04-03,-0.9763096225270672,HS,0.05,1.9904945877221416,2.788268979997615
2024-04-04,0.81108452012914,HS,0.05,1.9904945877221416,2.788268979997615
2024-04-05,-1.9833325305466485,HS,0.05,1.9904945877221416,2.788268979997615
2024-04-08,0.9062225347250228,HS,0.05,1.9904945877221416,2.788268979997615
2024-04-09,1.0770805318377783,HS,0.05,1.9904945877221416,2.788268979997615
2024-04-10,-0.4821897394702943,HS,0.05,1.9836811083202972,2.772996988751305
2024-04-11,-0.3522450416879921,HS,0.05,1.9300821329643327,2.70870659794449
2024-04-12,0.2049533196283531,HS,0.05,1.9300821329643327,2.70870659794449
2024-04-15,-0.7383565011142664,HS,0.05,1.9168759185997184,2.701321239837386
2024-04-16,-1.9603262428336896,HS,0.05,1.9122715802236656,2.649424309686574
2024-04-17,-1.3329477575317208,HS,0.05,1.9122715802236656,2.5631594453089392
2024-04-18,0.310089969218905,HS,0.05,1.9073434948796195,2.5515608830471224
2024-04-19,-2.6917763286561107,HS,0.05,1.9073434948796195,2.5515608830471224
2024-04-22,0.9938960219700212,HS,0.05,1.9122715802236656,2.5671552483131275
2024-04-23,0.3028395861055099,HS,0.05,1.9122715802236656,2.5671552483131275
2024-04-24,2.388986747093893,HS,0.05,1.9122715802236656,2.5671552483131275
2024-04-25,-2.185954854620538,HS,0.05,1.9122715802236656,2.5671552483131275
2024-04-26,0.8106664523146838,HS,0.05,1.9168759185997184,2.572547778151291
2024-04-30,1.2336961166961482,HS,0.05,1.9122715802236656,2.5185257928098275
2024-05-01,-0.3432707364845155,HS,0.05,1.9122715802236656,2.5185257928098275
2024-05-02,-0.0992822160697575,HS,0.05,1.9122715802236656,2.5185257928098275
2024-05-07,1.5545197991112896,HS,0.05,1.9122715802236656,2.5185257928098275
2024-05-08,-1.6426932896046558,HS,0.05,1.9073434948796195,2.464642081903026
2024-05-09,-0.3366462701084503,HS,0.05,1.9073434948796195,2.464642081903026
2024-05-10,0.4066129439888787,HS,0.05,1.9073434948796195,2.464642081903026
2024-05-13,-0.1299551720030367,HS,0.05,1.9073434948796195,2.464642081903026
2024-05-14,0.4614797697558606,HS,0.05,1.9073434948796195,2.464642081903026
2024-05-15,0.0773291236523888,HS,0.05,1.9073434948796195,2.464642081903026
2024-05-16,1.38291936701776,HS,0.05,1.9073434948796195,2.464642081903026
2024-05-17,-0.3420074035389234,HS,0.05,1.9073434948796195,2.464642081903026
2024-05-20,0.7251802816574756,HS,0.05,1.8887209757157088,2.4555501207510946
2024-05-21,-0.3146768419548248,HS,0.05,1.8887209757157088,2.4555501207510946
2024-05-22,-0.850471817226441,HS,0.05,1.8887209757157088,2.4555501207510946
2024-05-23,1.2509560559344868,HS,0.05,1.8887209757157088,2.4555501207510946
2024-05-24,-1.17586776097245,HS,0.05,1.8887209757157088,2.4555501207510946
2024-05-27,0.6548645747686236,HS,0.05,1.8887209757157088,2.4555501207510946
2024-05-28,-0.1148433363869579,HS,0.05,1.8873502888666631,2.453422916407297
2024-05-29,-0.7711996733372241,HS,0.05,1.8873502888666631,2.453422916407297
2024-05-30,-1.3124731547266442,HS,0.05,1.8873502888666631,2.453422916407297
2024-05-31,1.1334274515716631,HS,0.05,1.8873502888666631,2.453422916407297
2024-06-03,1.124227282209611,HS,0.05,1.8873502888666631,2.453422916407297
2024-06-04,-0.2200869480977879,HS,0.05,1.8873502888666631,2.453422916407297
2024-06-05,-0.8982336194035169,HS,0.05,1.8873502888666631,2.453422916407297
2024-06-06,0.5527405274230405,HS,0.05,1.8537916305692923,2.4334618011878995
2024-06-07,-0.0506077764353044,HS,0.05,1.8537916305692923,2.4334618011878995
2024-06-10,0.9115373048005035,HS,0.05,1.8537916305692923,2.4334618011878995
2024-06-11,0.2472183956970922,HS,0.05,1.8537916305692923,2.4334618011878995
2024-06-12,-0.6616436461157585,HS,0.05,1.8537916305692923,2.4334618011878995
2024-06-13,-0.4027012303159012,HS,0.05,1.8537916305692923,2.4334618011878995
2024-06-14,0.2427029257859821,HS,0.05,1.8537916305692923,2.4334618011878995
2024-06-17,-1.8517038755761952,HS,0.05,1.8537916305692923,2.4334618011878995
2024-06-18,0.9915082748825448,HS,0.05,1.8537916305692923,2.4334618011878995
2024-06-19,0.2301079287745887,HS,0.05,1.8537916305692923,2.4334618011878995
2024-06-20,0.1612818050808294,HS,0.05,1.8537916305692923,2.4334618011878995
2024-06-21,-0.0946549945945143,HS,0.05,1.8537916305692923,2.4334618011878995
2024-06-24,0.5379255418053319,HS,0.05,1.8537916305692923,2.4334618011878995
2024-06-25,0.9451478701709356,HS,0.05,1.8537916305692923,2.4334618011878995
2024-06-26,1.2529857091936545,HS,0.05,1.8537916305692923,2.4334618011878995
2024-06-27,-0.82404460645921,HS,0.05,1.8537916305692923,2.4334618011878995
2024-06-28,0.6120772585004332,HS,0.05,1.8537916305692923,2.4334618011878995
2024-07-01,0.1211411917244963,HS,0.05,1.8537916305692923,2.4334618011878995
2024-07-02,1.1131879285798183,HS,0.05,1.8537916305692923,2.4334618011878995
2024-07-03,1.2549106953283065,HS,0.05,1.8537916305692923,2.4334618011878995
2024-07-04,0.8169604997017623,HS,0.05,1.8537916305692923,2.4334618011878995
2024-07-05,-0.0031220967546009,HS,0.05,1.8537916305692923,2.4334618011878995
2024-07-08,-0.3223577924496049,HS,0.05,1.8537916305692923,2.4334618011878995
2024-07-09,1.9414504900469705,HS,0.05,1.8537916305692923,2.4334618011878995
2024-07-10,0.603790072817224,HS,0.05,1.8537916305692923,2.4334618011878995
2024-07-11,0.932792557624231,HS,0.05,1.8537916305692923,2.4334618011878995
2024-07-12,-2.477723273719571,HS,0.05,1.8517200069693909,2.413299337902208
2024-07-16,0.2046873010221411,HS,0.05,1.8537916305692923,2.4258132733077975
2024-07-17,-0.430693283629492,HS,0.05,1.8517200069693909,2.3921717821626327
2024-07-18,-2.3918685076836077,HS,0.05,1.8517200069693909,2.3921717821626327
2024-07-19,-0.1560354233221824,HS,0.05,1.8537916305692923,2.402968622247503
2024-07-22,-1.166904503396276,HS,0.05,1.8537916305692923,2.402968622247503
2024-07-23,-0.0116408073169455,HS,0.05,1.8537916305692923,2.402968622247503
2024-07-24,-1.1163120170305387,HS,0.05,1.8537916305692923,2.402968622247503
2024-07-25,-3.3377988958596077,HS,0.05,1.8537916305692923,2.402968622247503
2024-07-26,-0.5351079703330617,HS,0.05,1.8873502888666631,2.4319780192442177
2024-07-29,2.104780702156328,HS,0.05,1.8873502888666631,2.4319780192442177
2024-07-30,0.1488944403245079,HS,0.05,1.8873502888666631,2.4319780192442177
2024-07-31,1.4837001278821993,HS,0.05,1.8537916305692923,2.423254346713834
2024-08-01,-2.5263950828172916,HS,0.05,1.8537916305692923,2.423254346713834
2024-08-02,-5.989763815813384,HS,0.05,1.8873502888666631,2.436035667449703
2024-08-05,-13.234076084751925,HS,0.05,1.8887209757157088,2.5180758657083677
2024-08-06,9.736558781039518,HS,0.05,1.9073434948796195,2.7446154802115785
2024-08-07,1.1873132219446887,HS,0.05,1.9073434948796195,2.7446154802115785
2024-08-08,-0.7393334923367528,HS,0.05,1.9073434948796195,2.7446154802115785
2024-08-09,0.5550035735861498,HS,0.05,1.9073434948796195,2.7446154802115785
2024-08-13,3.3894737323413033,HS,0.05,1.9073434948796195,2.7446154802115785
2024-08-14,0.5776917008342124,HS,0.05,1.9073434948796195,2.7446154802115785
2024-08-15,0.7768647754402221,HS,0.05,1.9073434948796195,2.7446154802115785
2024-08-16,3.5731666750035633,HS,0.05,1.9073434948796195,2.7446154802115785
2024-08-19,-1.78676517620567,HS,0.05,1.9073434948796195,2.7446154802115785
2024-08-20,1.787421985532697,HS,0.05,1.9073434948796195,2.7446154802115785
2024-08-21,-0.2923675020340554,HS,0.05,1.9073434948796195,2.7446154802115785
2024-08-22,0.6806784828739418,HS,0.05,1.9073434948796195,2.7446154802115785
2024-08-23,0.4002806509588617,HS,0.05,1.9073434948796195,2.7446154802115785
2024-08-26,-0.6644090637961935,HS,0.05,1.9073434948796195,2.7446154802115785
2024-08-27,0.4670297831381058,HS,0.05,1.9073434948796195,2.7446154802115785
2024-08-28,0.2169064503637986,HS,0.05,1.9073434948796195,2.7446154802115785
2024-08-29,-0.024058262446702,HS,0.05,1.9073434948796195,2.7446154802115785
2024-08-30,0.7407324048039218,HS,0.05,1.9073434948796195,2.7446154802115785
2024-09-02,0.1373550073693391,HS,0.05,1.8887209757157088,2.7256146617695647
2024-09-03,-0.0376354332350508,HS,0.05,1.8887209757157088,2.7256146617695647
2024-09-04,-4.328192896367713,HS,0.05,1.8887209757157088,2.7256146617695647
2024-09-05,-1.0596968439079586,HS,0.05,1.9073434948796195,2.7740366125050913
2024-09-06,-0.7272484757154206,HS,0.05,1.9073434948796195,2.7740366125050913
2024-09-09,-0.4840265089037639,HS,0.05,1.9073434948796195,2.7740366125050913
2024-09-10,-0.1563797596713826,HS,0.05,1.9073434948796195,2.7740366125050913
2024-09-11,-1.502950185259195,HS,0.05,1.9073434948796195,2.7740366125050913
2024-09-12,3.3500692470700684,HS,0.05,1.9073434948796195,2.7740366125050913
2024-09-13,-0.6851697592505765,HS,0.05,1.9073434948796195,2.7740366125050913
2024-09-17,-1.0401771887622802,HS,0.05,1.9073434948796195,2.7740366125050913
2024-09-18,0.4875866890508515,HS,0.05,1.9073434948796195,2.7740366125050913
2024-09-19,2.108328530259441,HS,0.05,1.9073434948796195,2.7740366125050913
2024-09-20,1.518693225368846,HS,0.05,1.9073434948796195,2.7740366125050913
2024-09-24,0.5727396065865551,HS,0.05,1.9073434948796195,2.7740366125050913
2024-09-25,-0.1855358269298584,HS,0.05,1.9073434948796195,2.7740366125050913
2024-09-26,2.748672159356165,HS,0.05,1.9073434948796195,2.7740366125050913
2024-09-27,2.2956440414575616,HS,0.05,1.9073434948796195,2.7740366125050913
2024-09-30,-4.914248404567918,HS,0.05,1.9073434948796195,2.7740366125050913
2024-10-01,1.9130880809781377,HS,0.05,1.9122715802236656,2.834080419289333
2024-10-02,-2.205684437304394,HS,0.05,1.9122715802236656,2.834080419289333
2024-10-03,1.9468631932294085,HS,0.05,1.9168759185997184,2.8398675407811735
2024-10-04,0.2165177991704316,HS,0.05,1.9168759185997184,2.8398675407811735
2024-10-07,1.7882530048958636,HS,0.05,1.9168759185997184,2.8398675407811735
2024-10-08,-1.0098407482880876,HS,0.05,1.9168759185997184,2.8398675407811735
2024-10-09,0.870477142162716,HS,0.05,1.9168759185997184,2.8398675407811735
2024-10-10,0.2617117951892766,HS,0.05,1.9168759185997184,2.8398675407811735
2024-10-11,0.5694902776685145,HS,0.05,1.9168759185997184,2.8398675407811735
2024-10-15,0.7665127640329642,HS,0.05,1.9168759185997184,2.8398675407811735
2024-10-16,-1.846663015318762,HS,0.05,1.9168759185997184,2.8398675407811735
2024-10-17,-0.689218332841583,HS,0.05,1.9168759185997184,2.8398675407811735
2024-10-18,0.1811681823155245,HS,0.05,1.9168759185997184,2.8398675407811735
2024-10-21,-0.069668230687718,HS,0.05,1.9168759185997184,2.8398675407811735
2024-10-22,-1.4028011742253517,HS,0.05,1.9168759185997184,2.8398675407811735
2024-10-23,-0.8027077189695614,HS,0.05,1.9168759185997184,2.8398675407811735
2024-10-24,0.1008016366076733,HS,0.05,1.9168759185997184,2.8398675407811735
2024-10-25,-0.6031456584008739,HS,0.05,1.9168759185997184,2.8398675407811735
2024-10-28,1.8077186404158372,HS,0.05,1.9168759185997184,2.8398675407811735
2024-10-29,0.7693276822786391,HS,0.05,1.9168759185997184,2.8398675407811735
2024-10-30,0.9560211502865086,HS,0.05,1.9168759185997184,2.8398675407811735
2024-10-31,-0.5006238829108204,HS,0.05,1.9168759185997184,2.8398675407811735
2024-11-01,-2.6645231367667983,HS,0.05,1.9168759185997184,2.8398675407811735
2024-11-05,1.1008459054551205,HS,0.05,1.9289318185786848,2.85461241390731
2024-11-06,2.580519251055579,HS,0.05,1.9289318185786848,2.85461241390731
2024-11-07,-0.251735101615967,HS,0.05,1.9289318185786848,2.85461241390731
2024-11-08,0.3016185126676096,HS,0.05,1.9289318185786848,2.85461241390731
2024-11-11,0.0833801890628168,HS,0.05,1.9289318185786848,2.85461241390731
2024-11-12,-0.3985093197873606,HS,0.05,1.9289318185786848,2.85461241390731
2024-11-13,-1.6759637908742888,HS,0.05,1.9289318185786848,2.85461241390731
2024-11-14,-0.4814073329608999,HS,0.05,1.9289318185786848,2.85461241390731
2024-11-15,0.2778257015228932,HS,0.05,1.9289318185786848,2.85461241390731
2024-11-18,-1.0982102000304856,HS,0.05,1.9289318185786848,2.85461241390731
2024-11-19,0.5051943009873268,HS,0.05,1.9289318185786848,2.85461241390731
2024-11-20,-0.1617623293734115,HS,0.05,1.9289318185786848,2.85461241390731
2024-11-21,-0.854088261598344,HS,0.05,1.9289318185786848,2.85461241390731
2024-11-22,0.6753520842744595,HS,0.05,1.9289318185786848,2.85461241390731
2024-11-25,1.288009897913561,HS,0.05,1.9289318185786848,2.85461241390731
2024-11-26,-0.8757664147849662,HS,0.05,1.9289318185786848,2.85461241390731
2024-11-27,-0.801893572626497,HS,0.05,1.9289318185786848,2.85461241390731
2024-11-28,0.5598303602311836,HS,0.05,1.9289318185786848,2.85461241390731
2024-11-29,-0.3684244099642957,HS,0.05,1.9289318185786848,2.85461241390731
2024-12-02,0.7950618108786257,HS,0.05,1.9289318185786848,2.85461241390731
2024-12-03,1.892602952646885,HS,0.05,1.9289318185786848,2.85461241390731
2024-12-04,0.0701207602091615,HS,0.05,1.9289318185786848,2.85461241390731
2024-12-05,0.3030583703951927,HS,0.05,1.9289318185786848,2.85461241390731
2024-12-06,-0.7757516352278754,HS,0.05,1.9289318185786848,2.85461241390731
2024-12-09,0.1771927461179997,HS,0.05,1.9289318185786848,2.85461241390731
2024-12-10,0.5274001603899916,HS,0.05,1.9289318185786848,2.85461241390731
2024-12-11,0.0118170054982427,HS,0.05,1.9289318185786848,2.85461241390731
2024-12-12,1.2040082388597555,HS,0.05,1.9289318185786848,2.85461241390731
2024-12-13,-0.954876681135594,HS,0.05,1.9289318185786848,2.85461241390731
2024-12-16,-0.0328226653545253,HS,0.05,1.9289318185786848,2.85461241390731
2024-12-17,-0.235488667796846,HS,0.05,1.9289318185786848,2.85461241390731
2024-12-18,-0.7214353013517918,HS,0.05,1.9289318185786848,2.85461241390731
2024-12-19,-0.688446951695577,HS,0.05,1.9289318185786848,2.85461241390731
2024-12-20,-0.288148302055434,HS,0.05,1.9289318185786848,2.85461241390731
2024-12-23,1.1801377612235449,HS,0.05,1.9289318185786848,2.85461241390731
2024-12-24,-0.318391983692586,HS,0.05,1.9289318185786848,2.85461241390731
2024-12-25,0.2394305346384046,HS,0.05,1.9289318185786848,2.85461241390731
2024-12-26,1.1121774427931932,HS,0.05,1.9289318185786848,2.85461241390731
2024-12-27,1.7861678111050672,HS,0.05,1.9289318185786848,2.85461241390731
2024-12-30,-0.9644420798439086,HS,0.05,1.9289318185786848,2.85461241390731
2022-12-20,-2.489127638949298,NN-t,0.01,3.772222667953614,5.486802602547474
2022-12-21,-0.6809809720177208,NN-t,0.01,5.3048899134750425,7.709978663921342
2022-12-22,0.4542860547956492,NN-t,0.01,4.0882225824598,5.945169183668829
2022-12-23,-1.0337711266382608,NN-t,0.01,3.555743727795672,5.172793936310864
2022-12-26,0.6482375028426324,NN-t,0.01,4.117190007154025,5.9871872311791625
2022-12-27,0.1589291891407026,NN-t,0.01,3.3302005437029307,4.845637334546054
2022-12-28,-0.4067914596881906,NN-t,0.01,2.999335357878319,4.365708267870499
2022-12-29,-0.9414925486891276,NN-t,0.01,3.1458784048897908,4.578272994512029
2022-12-30,0.0031810968896288,NN-t,0.01,3.467381451901669,5.044622020932566
2023-01-04,-1.4577780520938353,NN-t,0.01,2.8469019150198394,4.144599359784921
2023-01-05,0.4033615296562223,NN-t,0.01,3.8102787386098727,5.542003981398735
2023-01-06,0.5909848697618759,NN-t,0.01,2.9539222344653875,4.299835281324421
2023-01-10,0.773592425440218,NN-t,0.01,2.8931859055865656,4.211735563128128
2023-01-11,1.027874625394543,NN-t,0.01,2.83384484577277,4.115219255632057
2023-01-12,0.0144446668340659,NN-t,0.01,2.8160177523610748,4.089423040561941
2023-01-13,-1.2566455232761584,NN-t,0.01,2.889579153688988,4.195868083827886
2023-01-16,-1.1443663259038128,NN-t,0.01,3.700778141477078,5.369691716788349
2023-01-17,1.2176951332297214,NN-t,0.01,3.714682957412095,5.389812305943661
2023-01-18,2.4654259606584668,NN-t,0.01,2.798931949109201,4.064699489439364
2023-01-19,-1.4508342905426903,NN-t,0.01,2.7643689388656596,4.014686016961114
2023-01-20,0.560055471133265,NN-t,0.01,4.545271484310007,6.591693048912829
2023-01-23,1.3188092820059605,NN-t,0.01,3.498230350783607,5.076600395054558
2023-01-24,1.4506249512405751,NN-t,0.01,3.2142867454442308,4.665727453405341
2023-01-25,0.3503860076612355,NN-t,0.01,3.2677534470784813,4.743095003044252
2023-01-26,-0.1178272065743107,NN-t,0.01,3.3200481559760844,4.818766652179532
2023-01-27,0.0723734966221563,NN-t,0.01,3.2655238719291253,4.739868756412816
2023-01-30,0.1854929019132892,NN-t,0.01,3.104398957024017,4.506717290716256
2023-01-31,-0.3882036510088401,NN-t,0.01,2.8840335807020043,4.187843511893719
2023-02-01,0.0723250128702933,NN-t,0.01,2.822244716474017,4.098433601161011
2023-02-02,0.2015379620958895,NN-t,0.01,2.562379730432422,3.7224029766328526
2023-02-03,0.3912122973054605,NN-t,0.01,2.518904758113558,3.65949368961644
2023-02-06,0.6673179544043314,NN-t,0.01,2.4813345945218055,3.6051287969303183
2023-02-07,-0.0295406911411171,NN-t,0.01,2.4901472002631797,3.617880840563157
2023-02-08,-0.2857914963641302,NN-t,0.01,2.5538898784136443,3.716020644987384
2023-02-09,-0.08012685115119,NN-t,0.01,2.626522219322977,3.8212252037317778
2023-02-10,0.3135658776614822,NN-t,0.01,2.539325633294999,3.694925015107233
2023-02-13,-0.8844619206005223,NN-t,0.01,2.464460269763652,3.5864860272273593
2023-02-14,0.6376504698627659,NN-t,0.01,2.866080290401918,4.168213898381983
2023-02-15,-0.366249700080255,NN-t,0.01,2.48112094472116,3.610618237966325
2023-02-16,0.7050249309804929,NN-t,0.01,2.676615641790113,3.8937831901696662
2023-02-17,-0.664048882508275,NN-t,0.01,2.50850114241029,3.6502771774987144
2023-02-20,0.0683388880247517,NN-t,0.01,2.938432631951819,4.2730128911114456
2023-02-21,-0.2139435484321346,NN-t,0.01,2.516045120624089,3.6612042781431886
2023-02-22,-1.351419359891925,NN-t,0.01,2.538875606028002,3.694273171597102
2023-02-24,1.279981664585004,NN-t,0.01,3.4182358579933956,4.967985489376618
2023-02-27,-0.1075834927458851,NN-t,0.01,2.6605091025201713,3.870453619133141
2023-02-28,0.0787308141437685,NN-t,0.01,2.832159960532941,4.119081882372963
2023-03-01,0.2582463281266135,NN-t,0.01,2.7563477966775425,4.009271498375824
2023-03-02,-0.0642007778118723,NN-t,0.01,2.7131664127267467,3.9467252773998736
2023-03-03,1.5465935761209575,NN-t,0.01,2.6214648002196412,3.813899768003139
2023-03-06,1.1049955307690156,NN-t,0.01,2.506274616660792,3.6470521587801064
2023-03-07,0.25246599720486,NN-t,0.01,2.6262645628665906,3.820852000369991
2023-03-08,0.4758469855743233,NN-t,0.01,2.725965251584261,3.965263798636938
2023-03-09,0.6271942047493668,NN-t,0.01,2.5399686205958965,3.697732945233622
2023-03-10,-1.6882697580858388,NN-t,0.01,2.5359431421199172,3.691899122673723
2023-03-13,-1.111218342304656,NN-t,0.01,3.79495701305764,5.516493035504154
2023-03-14,-2.219405873863012,NN-t,0.01,3.408314907801962,4.956161773094775
2023-03-15,0.0273322263928996,NN-t,0.01,4.814607034787072,6.994194962234526
2023-03-16,-0.8070498494962401,NN-t,0.01,3.111385955786609,4.525845022107103
2023-03-17,1.1893902836930397,NN-t,0.01,3.6426445320385215,5.2957580363666175
2023-03-20,-1.430101783178469,NN-t,0.01,2.993429802166635,4.354900058875208
2023-03-22,1.9148448739832256,NN-t,0.01,4.146783895241586,6.02636921909601
2023-03-23,-0.1712634339126885,NN-t,0.01,3.0380973378553753,4.4196333518119335
2023-03-24,-0.1253880765083157,NN-t,0.01,3.257119241941822,4.737045289994168
2023-03-27,0.3339981292424903,NN-t,0.01,3.1714775201281147,4.612931197280303
2023-03-28,0.1504892355221339,NN-t,0.01,2.9914164290948433,4.3519822290277
2023-03-29,1.3195711620534936,NN-t,0.01,2.903941343009089,4.225211179652757
2023-03-30,-0.3623340468636821,NN-t,0.01,2.780967127179333,4.046993917065372
2023-03-31,0.9263067151335684,NN-t,0.01,3.0318670684994258,4.410604292002057
2023-04-03,0.5216831491597715,NN-t,0.01,2.806616796558435,4.084166049712621
2023-04-04,0.3515489367783688,NN-t,0.01,2.8139971573479645,4.094861850356213
2023-04-05,-1.6904303120466424,NN-t,0.01,2.8034698117319143,4.079605361787901
2023-04-06,-1.232260935546454,NN-t,0.01,4.0864346774596,5.938909646210545
2023-04-07,0.1661353555278492,NN-t,0.01,3.825197701595288,5.5435869772867274
2023-04-10,0.4182979360365764,NN-t,0.01,2.9859214036080983,4.330656568682232
2023-04-11,1.042934131055368,NN-t,0.01,2.9422407762644585,4.267528893923531
2023-04-12,0.5689758721851732,NN-t,0.01,2.925476104330713,4.243300424196119
2023-04-13,0.2641250478743008,NN-t,0.01,2.8595596340683525,4.148037289277573
2023-04-14,1.1880011851249617,NN-t,0.01,2.7962239287559223,4.056503901395538
2023-04-17,0.0747561791226833,NN-t,0.01,2.666432020562965,3.868927351675742
2023-04-18,0.5039076162568722,NN-t,0.01,2.717764617567802,3.9431137286878535
2023-04-19,-0.1818555505755215,NN-t,0.01,2.6381355159547533,3.828032963285614
2023-04-20,0.1774597210516303,NN-t,0.01,2.725408030105869,3.954160064102263
2023-04-21,-0.3257535664922826,NN-t,0.01,2.6078799055454858,3.7843072558108486
2023-04-24,0.1019995448735246,NN-t,0.01,2.672579521205702,3.877811780420333
2023-04-25,0.0928128552270915,NN-t,0.01,2.4969179468002394,3.62394393531293
2023-04-26,-0.7139299492267528,NN-t,0.01,2.4582297669420208,3.568031395049211
2023-04-27,0.1449129043808152,NN-t,0.01,2.8304876005601676,4.106022098849087
2023-04-28,1.3915112224215482,NN-t,0.01,2.475237366093514,3.592610945594933
2023-05-01,0.9201237270608762,NN-t,0.01,2.5296891929445033,3.6713052644384754
2023-05-02,0.1193166159526167,NN-t,0.01,2.5854867066403173,3.751944383222706
2023-05-08,-0.7161487474567143,NN-t,0.01,2.622254763147295,3.805081942223904
2023-05-09,1.0067995528449354,NN-t,0.01,2.9871542631998005,4.332438309560536
2023-05-10,-0.4134011712938892,NN-t,0.01,2.556893764365925,3.7144641523192017
2023-05-11,0.0155917643208655,NN-t,0.01,2.6338192860021006,3.825638547595011
2023-05-12,0.8940672461563601,NN-t,0.01,2.2860218505664935,3.3229943179477237
2023-05-15,0.8067162687943656,NN-t,0.01,2.267007607144276,3.2955145301070914
2023-05-16,0.728615401591347,NN-t,0.01,2.2801774942730124,3.314547930287499
2023-05-17,0.836220783178476,NN-t,0.01,2.26554798387432,3.2934050516022157
2023-05-18,1.583548775450404,NN-t,0.01,2.2842015604240564,3.320363596029853
2023-05-19,0.7638069626373304,NN-t,0.01,2.364321582711524,3.4361547513946644
2023-05-22,0.8998200744895645,NN-t,0.01,2.4232980642281245,3.5213888132332483
2023-05-23,-0.415994263732716,NN-t,0.01,2.4200538054933713,3.516700141706777
2023-05-24,-0.8925686738269373,NN-t,0.01,2.6542286573440546,3.8551346038925898
2023-05-25,0.3853089695260961,NN-t,0.01,2.945216464872156,4.275676354490965
2023-05-26,0.3732488534654124,NN-t,0.01,2.3711439864289727,3.4460146339340656
2023-05-29,1.0208593347258557,NN-t,0.01,2.337617021485487,3.397560753170618
2023-05-30,0.3024891173990195,NN-t,0.01,2.3126660365383933,3.361501060574077
2023-05-31,-1.4153476801977043,NN-t,0.01,2.3463449696412413,3.4101745689443184
2023-06-01,0.8386449465125958,NN-t,0.01,3.339525506521492,4.84554014383879
2023-06-02,1.2005810343095205,NN-t,0.01,2.5296030402394907,3.675023019040379
2023-06-05,2.1751439164993704,NN-t,0.01,2.5681035950158764,3.730664837308337
2023-06-06,0.894106058692083,NN-t,0.01,2.701743823884418,3.9238045302603055
2023-06-07,-1.841201592875538,NN-t,0.01,2.819050691862136,4.079692837417951
2023-06-08,-0.8574379060420299,NN-t,0.01,4.218771491693309,6.092934321646164
2023-06-09,1.9526051475909605,NN-t,0.01,3.567815145827567,5.156653086076478
2023-06-12,0.5218937477408182,NN-t,0.01,3.0934407508107156,4.474352579276281
2023-06-13,1.786525072473324,NN-t,0.01,3.04054222655645,4.398267760435277
2023-06-14,1.4545224972082915,NN-t,0.01,3.077137075374644,4.450902734323451
2023-06-15,-0.0505571649307792,NN-t,0.01,3.079040501909693,4.45364046406427
2023-06-16,0.6566021543037965,NN-t,0.01,3.1286500217382613,4.524994653659483
2023-06-19,-1.000824586093791,NN-t,0.01,2.969373850005733,4.295905112074004
2023-06-20,0.0553878571283474,NN-t,0.01,3.577756001659214,5.17095118277649
2023-06-21,0.5562117186669766,NN-t,0.01,2.8846371417458845,4.1740269087021264
2023-06-22,-0.928377787258327,NN-t,0.01,2.783299486306729,4.0282712895321175
2023-06-23,-1.4636629432637849,NN-t,0.01,3.3230112314310136,4.804547583304755
2023-06-26,-0.2526820951194239,NN-t,0.01,3.7444081889056826,5.410649768981987
2023-06-27,-0.4919921103935955,NN-t,0.01,2.9853583861609527,4.318895933741951
2023-06-28,1.9950002235872095,NN-t,0.01,3.0955698249802888,4.477414861726967
2023-06-29,0.1208895969255824,NN-t,0.01,2.9304578729919513,4.239931621265789
2023-06-30,-0.1358006938044271,NN-t,0.01,2.963289603815279,4.287154040551486
2023-07-03,1.685935087641736,NN-t,0.01,2.9560679287479874,4.276766986338358
2023-07-04,-0.984911331862542,NN-t,0.01,2.9341905665866572,4.245300415952331
2023-07-05,-0.251104932212337,NN-t,0.01,3.605982495439444,5.209102112949562
2023-07-06,-1.711325930449109,NN-t,0.01,3.0532459734485182,4.415046267008545
2023-07-07,-1.180465252915526,NN-t,0.01,4.035241897212338,5.825771943586348
2023-07-10,-0.6153476953904035,NN-t,0.01,3.7052174390289183,5.3516620559673
2023-07-11,0.0429853534302266,NN-t,0.01,3.2870287210414406,4.750896260668564
2023-07-12,-0.8095157032980083,NN-t,0.01,2.9220751827682148,4.2266076004604525
2023-07-13,1.477268360749288,NN-t,0.01,3.3442059680160705,4.833036530776794
2023-07-14,-0.08662261622022,NN-t,0.01,2.843752939270797,4.1140906365147245
2023-07-18,0.3163464809654001,NN-t,0.01,2.902957788651722,4.199143740278605
2023-07-19,1.2299928899908406,NN-t,0.01,2.8157170101561886,4.073814496755303
2023-07-20,-1.240367974553177,NN-t,0.01,2.8295853922915217,4.0937376780002115
2023-07-21,-0.574953953000951,NN-t,0.01,3.595984875384524,5.194739630402704
2023-07-24,1.220500642365994,NN-t,0.01,3.1384398179111885,4.537434905251784
2023-07-25,-0.0563741687179225,NN-t,0.01,2.852365654274841,4.126463578099534
2023-07-26,-0.0433656859299109,NN-t,0.01,2.933550563063921,4.2430930188210505
2023-07-27,0.6797525010879735,NN-t,0.01,2.856154653082227,4.131906816484491
2023-07-28,-0.4019164664211202,NN-t,0.01,2.7439526248321777,3.9707184873010375
2023-07-31,1.2527972240113532,NN-t,0.01,2.9441097510250547,4.258262244293482
2023-08-01,0.9133292872419144,NN-t,0.01,2.7153706564949927,3.9296579129700806
2023-08-02,-2.323583212546503,NN-t,0.01,2.767316321643566,4.0042825441305965
2023-08-03,-1.6909167594528025,NN-t,0.01,4.776224219443651,6.886861299808925
2023-08-04,0.1040237782985626,NN-t,0.01,4.452431932868346,6.421888592378376
2023-08-07,0.1918173630601209,NN-t,0.01,3.359706092290513,4.852710716194997
2023-08-08,0.3797776603246238,NN-t,0.01,3.296963932994,4.762611622153257
2023-08-09,-0.5356304168039222,NN-t,0.01,3.258350862537266,4.707162420128184
2023-08-10,0.8328085297360465,NN-t,0.01,3.3763032191337463,4.8765445483269785
2023-08-14,-1.282265846804998,NN-t,0.01,2.9526803491284737,4.268212969835097
2023-08-15,0.5567162337129749,NN-t,0.01,3.7944432568714945,5.477002661422935
2023-08-16,-1.4751148471607551,NN-t,0.01,3.0560305172739564,4.4166260404621855
2023-08-17,-0.4442791579120207,NN-t,0.01,4.040107798128899,5.8297822414317775
2023-08-18,-0.5556426356965283,NN-t,0.01,3.3944890077975156,4.902659733099257
2023-08-21,0.3646066291624942,NN-t,0.01,3.4285069064214593,4.951510169258719
2023-08-22,0.9178857261415247,NN-t,0.01,3.04488009514039,4.400613793773807
2023-08-23,0.4808404791444447,NN-t,0.01,3.0445999481127903,4.400211496599655
2023-08-24,0.8614736525139314,NN-t,0.01,2.959837408485145,4.27849066144261
2023-08-25,-2.074604785739367,NN-t,0.01,2.9741027233045387,4.29897596121327
2023-08-28,1.7108879931396843,NN-t,0.01,4.492747435262028,6.479782523384831
2023-08-29,0.1769663747822653,NN-t,0.01,3.2628991319265217,4.713693833073235
2023-08-30,0.3298934912494978,NN-t,0.01,3.278213096648998,4.735685016723158
2023-08-31,0.880272286407265,NN-t,0.01,3.252173050143583,4.698290948280998
2023-09-01,0.2794410334614427,NN-t,0.01,3.2064212092026043,4.62462600842891
2023-09-04,0.696305165946115,NN-t,0.01,3.0812505829144374,4.445253358525331
2023-09-05,0.2958111709422731,NN-t,0.01,2.9257660793848856,4.222440161499134
2023-09-06,0.6163708419793614,NN-t,0.01,2.90493087388405,4.192582788944595
2023-09-07,-0.7547476271285938,NN-t,0.01,2.9123310952385895,4.203187491929631
2023-09-08,-1.1715087540828366,NN-t,0.01,3.2630232534088313,4.705738158781634
2023-09-11,-0.4274487764001707,NN-t,0.01,3.5598772405649113,5.1311373749527105
2023-09-12,0.9460272539440682,NN-t,0.01,3.1158984997852506,4.494904693243821
2023-09-13,-0.2133430223606801,NN-t,0.01,2.9522592711095617,4.260405570357265
2023-09-14,1.4014185676380673,NN-t,0.01,3.004889792417812,4.335826428691343
2023-09-15,1.09440900988244,NN-t,0.01,2.9968041482572136,4.324239497617555
2023-09-19,-0.8700827428024468,NN-t,0.01,2.9907272397265743,4.315531135131191
2023-09-20,-0.6603934555654025,NN-t,0.01,3.4316892328808666,4.947440741756899
2023-09-21,-1.3804724471997258,NN-t,0.01,3.2917457329007833,4.74689819297697
2023-09-22,-0.51904138244678,NN-t,0.01,3.787068440854346,5.456708068646228
2023-09-25,0.8488207569986963,NN-t,0.01,3.226010104996448,4.652697387884483
2023-09-26,-1.1187924981461723,NN-t,0.01,2.9689657786260577,4.2843464150484865
2023-09-27,0.1757684447366761,NN-t,0.01,3.5730298799492113,5.149985437389953
2023-09-28,-1.5546592783027364,NN-t,0.01,2.7120618324235286,3.916196610517307
2023-09-29,-0.0467608927487988,NN-t,0.01,3.634239118874475,5.237699813439566
2023-10-02,-0.307268780285056,NN-t,0.01,2.8175540202074503,4.058007904714498
2023-10-03,-1.6570520903407755,NN-t,0.01,2.8996920020602537,4.175421170250231
2023-10-04,-2.3025729076106383,NN-t,0.01,3.725907231474374,5.356465870066606
2023-10-05,1.7807566979314242,NN-t,0.01,4.713217908607299,6.767790668723276
2023-10-06,-0.2599950394493565,NN-t,0.01,3.344631867103236,4.811446567311311
2023-10-10,2.396815418121354,NN-t,0.01,3.4794948701538546,5.004228338070003
2023-10-11,0.5966456222347307,NN-t,0.01,3.5075247911313774,5.04429609333306
2023-10-12,1.7325910850237145,NN-t,0.01,3.461766931323657,4.978886892586215
2023-10-13,-0.5513611526101144,NN-t,0.01,3.428950393987038,4.931976842870448
2023-10-16,-2.0538767680627923,NN-t,0.01,3.6667083805652294,5.271843260106918
2023-10-17,1.1970750340029166,NN-t,0.01,4.786221174789702,6.872146189566374
2023-10-18,0.0061200368440438,NN-t,0.01,3.390967656893017,4.87768189800333
2023-10-19,-1.9272794804600004,NN-t,0.01,3.3685468885867773,4.845632223014076
2023-10-20,-0.5463718307780945,NN-t,0.01,4.602221766208384,6.609125709505251
2023-10-23,-0.8346117888506225,NN-t,0.01,3.705505415934412,5.3273022148200315
2023-10-24,0.2023748843099033,NN-t,0.01,3.75891451105288,5.40364857889805
2023-10-25,0.6660148309590518,NN-t,0.01,3.227361825814636,4.643813297213686
2023-10-26,-2.1598456380856264,NN-t,0.01,3.220030289709974,4.633333132300649
2023-10-27,1.2660932162877616,NN-t,0.01,4.617623410121755,6.631141800790866
2023-10-30,-0.955542895819292,NN-t,0.01,3.334118864469039,4.796418611400745
2023-10-31,0.5259911084911963,NN-t,0.01,3.9306271173152574,5.626219839067637
2023-11-01,2.3785778266317035,NN-t,0.01,3.3842722969403085,4.84751493417581
2023-11-02,1.0959410719520957,NN-t,0.01,3.478965321861324,4.982478368587232
2023-11-06,2.3465628331987873,NN-t,0.01,3.450232547124907,4.941526313651495
2023-11-07,-1.343997254279732,NN-t,0.01,3.534688847869157,5.061899619031015
2023-11-08,-0.3269482165383556,NN-t,0.01,4.392242744246512,6.2841482391857015
2023-11-09,1.4811524772588347,NN-t,0.01,3.772028219763841,5.400173074532882
2023-11-10,-0.2402886343459992,NN-t,0.01,3.434007557889239,4.918401270678577
2023-11-13,0.0521846831574721,NN-t,0.01,3.5914292670071326,5.142770220040881
2023-11-14,0.3395179382738351,NN-t,0.01,3.2616128102055595,4.672691650130631
2023-11-15,2.488270661872495,NN-t,0.01,3.1557925668433464,4.5218688890420555
2023-11-16,-0.2846826337517681,NN-t,0.01,3.322059662247792,4.758844930773883
2023-11-17,0.4798994430358148,NN-t,0.01,3.5141913235412066,5.032685046125151
2023-11-20,-0.5887980525744572,NN-t,0.01,3.332177273709001,4.773265291639788
2023-11-21,-0.1015568626574401,NN-t,0.01,3.648237162231314,5.22373699291074
2023-11-22,0.2924516220718237,NN-t,0.01,3.378143694293663,4.8387800008264525
2023-11-24,0.5179199506488198,NN-t,0.01,3.0178533896580837,4.3252678710860115
2023-11-27,-0.5303453051143999,NN-t,0.01,3.0072707317435885,4.310184691954994
2023-11-28,-0.1175099252073195,NN-t,0.01,3.2604682510531595,4.671060340599398
2023-11-29,-0.2612690989917327,NN-t,0.01,3.024647883070947,4.33495188072506
2023-11-30,0.4959643856124849,NN-t,0.01,2.6879451665567147,3.855291107130749
2023-12-01,-0.165511778382499,NN-t,0.01,2.5979605247167985,3.727030939203028
2023-12-04,-0.6007633825082408,NN-t,0.01,2.636597554184618,3.78210246903794
2023-12-05,-1.3800228067112543,NN-t,0.01,2.76885788050914,3.9706205463198065
2023-12-06,2.0238103402394376,NN-t,0.01,3.2693531990788074,4.684004656032497
2023-12-07,-1.7724523164329844,NN-t,0.01,2.831059683795407,4.059280272821766
2023-12-08,-1.6894113245277411,NN-t,0.01,4.164866557812323,5.960430181812925
2023-12-11,1.4867983025982685,NN-t,0.01,4.255054262325561,6.088979786382804
2023-12-12,0.1581413970060102,NN-t,0.01,3.3171644797468827,4.75215276177521
2023-12-13,0.2513374591569691,NN-t,0.01,3.3143428272800084,4.748130901912959
2023-12-14,-0.7318796344914846,NN-t,0.01,3.186311019775273,4.5656399701841766
2023-12-15,0.8660262295699396,NN-t,0.01,3.4018093018964843,4.872801784554386
2023-12-18,-0.6437625193790526,NN-t,0.01,2.9407300004915085,4.21559953962679
2023-12-19,1.3956623120534355,NN-t,0.01,3.126728439863443,4.4807135699807565
2023-12-20,1.3649917149243316,NN-t,0.01,2.9266556347344306,4.195538555012432
2023-12-21,-1.6028521111137666,NN-t,0.01,3.013192962984527,4.318885073111815
2023-12-22,0.0862079328041795,NN-t,0.01,3.955556143394655,5.662088283092133
2023-12-25,0.2558764589571278,NN-t,0.01,3.1353077586136275,4.492942155227134
2023-12-26,0.1557103792269389,NN-t,0.01,3.099990059397061,4.442601853374333
2023-12-27,1.1207850622050284,NN-t,0.01,3.0155286589133765,4.322214271805469
2023-12-28,-0.4213495582588989,NN-t,0.01,2.9833299924184824,4.270107171766806
2023-12-29,-0.2252088942918662,NN-t,0.01,3.0481695081507434,4.362401292793029
2024-01-04,-0.5269714915382578,NN-t,0.01,2.9534900741976884,4.227632316848784
2024-01-05,0.2674024302984675,NN-t,0.01,3.085866937850721,4.416060717910793
2024-01-09,1.1491170718168873,NN-t,0.01,2.8565027377759833,4.089578217205623
2024-01-10,1.9897733598368323,NN-t,0.01,2.874823416197858,4.1156563100546375
2024-01-11,1.750301739974527,NN-t,0.01,3.0350759785811414,4.343763648925557
2024-01-12,1.493083461670366,NN-t,0.01,3.127664489641586,4.4755563551008555
2024-01-15,0.9084692898838748,NN-t,0.01,3.1434704222909367,4.498054898533771
2024-01-16,-0.7902880814233338,NN-t,0.01,3.114639379909101,4.457016101669694
2024-01-17,-0.3978508626845268,NN-t,0.01,3.491891474117911,4.99400577605402
2024-01-18,-0.0326402172216864,NN-t,0.01,3.173944174280571,4.541431967632623
2024-01-19,1.3918789557269635,NN-t,0.01,2.913933905589388,4.171327118211224
2024-01-22,1.609958719829857,NN-t,0.01,2.9169260064291995,4.175586146273256
2024-01-23,-0.080419081715223,NN-t,0.01,2.9824658752163855,4.268877166626723
2024-01-24,-0.8003167113481723,NN-t,0.01,2.9663406499938265,4.245924134491021
2024-01-25,0.0275679679641754,NN-t,0.01,3.326377869722301,4.758409743865052
2024-01-26,-1.348582825079037,NN-t,0.01,2.9344889985067137,4.200585730216449
2024-01-29,0.7686823457906787,NN-t,0.01,3.4889028576216563,4.989751707690133
2024-01-30,0.1079663214876492,NN-t,0.01,2.789762671012718,3.994578806281857
2024-01-31,0.6104890191682598,NN-t,0.01,2.7585376214855204,3.9399321634480247
2024-02-01,-0.7614337201997039,NN-t,0.01,2.788835726207864,3.98292634090635
2024-02-02,0.4061517258162087,NN-t,0.01,3.116650667724864,4.4481083679088
2024-02-05,0.5409880221846817,NN-t,0.01,2.7122382945808603,3.8742316354650983
2024-02-06,-0.533685275473635,NN-t,0.01,2.710746759888333,3.872115090293596
2024-02-07,-0.1127226273469281,NN-t,0.01,2.919536599593592,4.168395913864819
2024-02-08,2.037140192445023,NN-t,0.01,2.7126810048781325,3.8748598584268312
2024-02-09,0.0925713177657624,NN-t,0.01,3.0035556038435405,4.287622116681726
2024-02-13,2.849583840023312,NN-t,0.01,2.846769023714237,4.065135921226998
2024-02-14,-0.6889356594200559,NN-t,0.01,3.2415149220197277,4.625295553594239
2024-02-15,1.198573622237038,NN-t,0.01,3.433095111435094,4.897155220616561
2024-02-16,0.8592814382232485,NN-t,0.01,3.2226797839216093,4.598567767243783
2024-02-19,-0.0438147018732029,NN-t,0.01,3.1053976559841088,4.432139910866474
2024-02-20,-0.2779228369198603,NN-t,0.01,3.0524646414490744,4.357025924655811
2024-02-21,-0.264791541138601,NN-t,0.01,2.8605918452277854,4.08475103730685
2024-02-22,2.1627276507315103,NN-t,0.01,2.8347518775333396,4.048083127985344
2024-02-26,0.344765128893426,NN-t,0.01,3.0342932521228327,4.3312400233753054
2024-02-27,0.0148040133582172,NN-t,0.01,2.8686508826779185,4.096187121822684
2024-02-28,-0.0802785622431813,NN-t,0.01,2.841820041936144,4.058113125485969
2024-02-29,-0.106769410417488,NN-t,0.01,2.8757516645060583,4.1062634047060405
2024-03-01,1.8833562374571793,NN-t,0.01,2.656988823748499,3.80946256758775
2024-03-04,0.4959021168306252,NN-t,0.01,2.6631481664271694,3.818223814415302
2024-03-05,-0.0289291032495609,NN-t,0.01,2.598019594950724,3.725582842805299
2024-03-06,-0.0170789176473358,NN-t,0.01,2.580813756561368,3.701108705731203
2024-03-07,-1.234984822061011,NN-t,0.01,2.5515807927722824,3.6595267992488782
2024-03-08,0.2276029243762102,NN-t,0.01,3.359645154184055,4.8089434971366405
2024-03-11,-2.2124439144522148,NN-t,0.01,2.662341744208724,3.817076733554305
2024-03-12,-0.0592042133812581,NN-t,0.01,4.476759744885207,6.397963166018737
2024-03-13,-0.2620685669352827,NN-t,0.01,3.313998045774272,4.74401358422125
2024-03-14,0.2874978600473616,NN-t,0.01,3.4248152187125886,4.901643489796443
2024-03-15,-0.2573393824706441,NN-t,0.01,3.252423940179758,4.656428599029986
2024-03-18,2.633233169692325,NN-t,0.01,3.380470865442031,4.838566657627824
2024-03-19,0.66001447071274,NN-t,0.01,3.424641644723701,4.901396592580486
2024-03-21,2.0096346003144063,NN-t,0.01,3.386564642763586,4.847234642185845
2024-03-22,0.1781295174591947,NN-t,0.01,3.5612998036281116,5.095783546452451
2024-03-25,-1.166787438236721,NN-t,0.01,3.483686891326828,4.985384447530509
2024-03-26,-0.0398203574486325,NN-t,0.01,4.14965702889936,5.932681758208968
2024-03-27,0.8987142695917293,NN-t,0.01,3.286108696694788,4.704342878450767
2024-03-28,-1.4695785848525174,NN-t,0.01,3.3432832718045375,4.78566983019378
2024-03-29,0.5000688724820368,NN-t,0.01,3.9770091902734657,5.687101928126953
2024-04-01,-1.4128554374174491,NN-t,0.01,3.2574420897908936,4.667996313434936
2024-04-02,0.0899533284331448,NN-t,0.01,3.932432502726576,5.62846654667366
2024-04-03,-0.9763096225270672,NN-t,0.01,3.270664501084428,4.686810999118909
2024-04-04,0.81108452012914,NN-t,0.01,3.7201004185713473,5.3263309274347685
2024-04-05,-1.9833325305466485,NN-t,0.01,3.2018676717602,4.588917302496254
2024-04-08,0.9062225347250228,NN-t,0.01,4.31786085063338,6.176907603192988
2024-04-09,1.0770805318377783,NN-t,0.01,3.296415324458578,4.723452851889365
2024-04-10,-0.4821897394702943,NN-t,0.01,3.3277590022839045,4.768052995794401
2024-04-11,-0.3522450416879921,NN-t,0.01,3.520770921221398,5.042697197026059
2024-04-12,0.2049533196283531,NN-t,0.01,3.347661353970534,4.796372829676661
2024-04-15,-0.7383565011142664,NN-t,0.01,3.0333357752647543,4.349106681733305
2024-04-16,-1.9603262428336896,NN-t,0.01,3.299847944025175,4.728337260397347
2024-04-17,-1.3329477575317208,NN-t,0.01,4.022130713184057,5.756101635214393
2024-04-18,0.310089969218905,NN-t,0.01,3.779122976917809,5.410316431961888
2024-04-19,-2.6917763286561107,NN-t,0.01,3.2142038166010876,4.606470885014652
2024-04-22,0.9938960219700212,NN-t,0.01,5.2854408249361855,7.553714955987619
2024-04-23,0.3028395861055099,NN-t,0.01,3.8316673646103943,5.485083894336636
2024-04-24,2.388986747093893,NN-t,0.01,3.724213417101592,5.332183473755351
2024-04-25,-2.185954854620538,NN-t,0.01,3.808919014325825,5.4527143778444085
2024-04-26,0.8106664523146838,NN-t,0.01,5.202095668889265,7.435119876807834
2024-04-30,1.2336961166961482,NN-t,0.01,3.6428868540424215,5.196552317594648
2024-05-01,-0.3432707364845155,NN-t,0.01,3.5893750979239405,5.120688304213989
2024-05-02,-0.0992822160697575,NN-t,0.01,3.930608328323436,5.604457184824735
2024-05-07,1.5545197991112896,NN-t,0.01,3.6474379941326656,5.203004502642342
2024-05-08,-1.6426932896046558,NN-t,0.01,3.2435549465373668,4.63041651171283
2024-05-09,-0.3366462701084503,NN-t,0.01,4.147839535970497,5.912427478439183
2024-05-10,0.4066129439888787,NN-t,0.01,3.6483056017196183,5.2042345163507315
2024-05-13,-0.1299551720030367,NN-t,0.01,3.479933367022177,4.96553195092312
2024-05-14,0.4614797697558606,NN-t,0.01,3.593482618222462,5.126511566194
2024-05-15,0.0773291236523888,NN-t,0.01,3.362297177455178,4.798758252829545
2024-05-16,1.38291936701776,NN-t,0.01,3.209660621237156,4.582364275445152
2024-05-17,-0.3420074035389234,NN-t,0.01,3.1591389448426144,4.510739320257311
2024-05-20,0.7251802816574756,NN-t,0.01,3.488015733320339,4.976990381545982
2024-05-21,-0.3146768419548248,NN-t,0.01,3.286169678021765,4.69083173248016
2024-05-22,-0.850471817226441,NN-t,0.01,3.5043055407330312,5.000084562286165
2024-05-23,1.2509560559344868,NN-t,0.01,3.69744607216734,5.273901325627625
2024-05-24,-1.17586776097245,NN-t,0.01,3.2038713987874283,4.574156851857383
2024-05-27,0.6548645747686236,NN-t,0.01,3.676513297584033,5.2442247759071074
2024-05-28,-0.1148433363869579,NN-t,0.01,3.2043343339305395,4.574813158441932
2024-05-29,-0.7711996733372241,NN-t,0.01,3.3422940728993504,4.770399703199477
2024-05-30,-1.3124731547266442,NN-t,0.01,3.417716718001663,4.85691926859127
2024-05-31,1.1334274515716631,NN-t,0.01,3.3347339322065763,4.73976300336477
2024-06-03,1.124227282209611,NN-t,0.01,3.329050249124429,4.731738699573865
2024-06-04,-0.2200869480977879,NN-t,0.01,3.3826299921522502,4.807383335082194
2024-06-05,-0.8982336194035169,NN-t,0.01,3.36719213661723,4.785587953301985
2024-06-06,0.5527405274230405,NN-t,0.01,3.2444207207591003,4.612257540003669
2024-06-07,-0.0506077764353044,NN-t,0.01,3.5312251673398465,5.01717209535164
2024-06-10,0.9115373048005035,NN-t,0.01,3.305937617386102,4.699107960703463
2024-06-11,0.2472183956970922,NN-t,0.01,3.2497062485167487,4.619719722502173
2024-06-12,-0.6616436461157585,NN-t,0.01,3.2997263310241944,4.690338779174534
2024-06-13,-0.4027012303159012,NN-t,0.01,2.6665248531378856,3.796376018412983
2024-06-14,0.2427029257859821,NN-t,0.01,2.8223551878787663,4.0163794787971465
2024-06-17,-1.8517038755761952,NN-t,0.01,3.1944275406384453,4.541676464499713
2024-06-18,0.9915082748825448,NN-t,0.01,3.981367297069344,5.652689091255302
2024-06-19,0.2301079287745887,NN-t,0.01,3.5909013077130467,5.101423710457944
2024-06-20,0.1612818050808294,NN-t,0.01,3.624411237197872,5.148733500661178
2024-06-21,-0.0946549945945143,NN-t,0.01,3.6362628463243944,5.16546576927429
2024-06-24,0.5379255418053319,NN-t,0.01,3.590004033988919,5.1001569267823
2024-06-25,0.9451478701709356,NN-t,0.01,3.1064326819349675,4.41744408418062
2024-06-26,1.2529857091936545,NN-t,0.01,3.0673704163152657,4.362295427655754
2024-06-27,-0.82404460645921,NN-t,0.01,3.2571133543486552,4.63607631775452
2024-06-28,0.6120772585004332,NN-t,0.01,3.3382685989402954,4.750897300586936
2024-07-01,0.1211411917244963,NN-t,0.01,3.309282774001108,4.709887247269092
2024-07-02,1.1131879285798183,NN-t,0.01,3.204331674042725,4.561399142683846
2024-07-03,1.2549106953283065,NN-t,0.01,3.3876119323189156,4.820709794693378
2024-07-04,0.8169604997017623,NN-t,0.01,3.3717267125308146,4.798234888015977
2024-07-05,-0.0031220967546009,NN-t,0.01,3.309119103495499,4.709655681109576
2024-07-08,-0.3223577924496049,NN-t,0.01,3.1617947543403013,4.501216575907392
2024-07-09,1.9414504900469705,NN-t,0.01,3.2748970886863447,4.661237302301592
2024-07-10,0.603790072817224,NN-t,0.01,3.481254888253404,4.953198782802942
2024-07-11,0.932792557624231,NN-t,0.01,3.3408265441730243,4.754516361648625
2024-07-12,-2.477723273719571,NN-t,0.01,3.4165838278533704,4.861700140252966
2024-07-16,0.2046873010221411,NN-t,0.01,4.850059502048307,6.889826438259062
2024-07-17,-0.430693283629492,NN-t,0.01,3.379639564151118,4.809430238416583
2024-07-18,-2.3918685076836077,NN-t,0.01,3.9247082515492258,5.580610495627865
2024-07-19,-0.1560354233221824,NN-t,0.01,4.755853038376904,6.756540181747294
2024-07-22,-1.166904503396276,NN-t,0.01,3.218399739667972,4.581303082715938
2024-07-23,-0.0116408073169455,NN-t,0.01,4.184507795260116,5.948183030199099
2024-07-24,-1.1163120170305387,NN-t,0.01,3.630780399933746,5.164752161713284
2024-07-25,-3.3377988958596077,NN-t,0.01,4.244966793615416,6.033722315394403
2024-07-26,-0.5351079703330617,NN-t,0.01,5.531213743505616,7.833914307234243
2024-07-29,2.104780702156328,NN-t,0.01,4.945364852088246,7.0072415033963535
2024-07-30,0.1488944403245079,NN-t,0.01,2.9569401943893547,4.201438486472524
2024-07-31,1.4837001278821993,NN-t,0.01,5.041693477734841,7.143167774180042
2024-08-01,-2.5263950828172916,NN-t,0.01,3.925891407140021,5.568694834587833
2024-08-02,-5.989763815813384,NN-t,0.01,4.04189610329687,5.73238538489055
2024-08-05,-13.234076084751925,NN-t,0.01,5.607085547404279,7.940974605171144
2024-08-06,9.736558781039518,NN-t,0.01,4.72080946622002,6.690378515052255
2024-08-07,1.1873132219446887,NN-t,0.01,3.960829945906526,5.617995499362037
2024-08-08,-0.7393334923367528,NN-t,0.01,3.1939344317556033,4.535853543950894
2024-08-09,0.5550035735861498,NN-t,0.01,3.179927115266124,4.516088263575287
2024-08-13,3.3894737323413033,NN-t,0.01,3.2001968985132585,4.544690312321262
2024-08-14,0.5776917008342124,NN-t,0.01,3.1117197756860833,4.419843048334647
2024-08-15,0.7768647754402221,NN-t,0.01,0.9265959678565564,1.336484094490593
2024-08-16,3.5731666750035633,NN-t,0.01,0.9243999269817148,1.3333853308094736
2024-08-19,-1.78676517620567,NN-t,0.01,0.9453118441004524,1.3628934743110317
2024-08-20,1.787421985532697,NN-t,0.01,1.285952469777733,1.8435606655528676
2024-08-21,-0.2923675020340554,NN-t,0.01,0.9506041475345988,1.3703612759622084
2024-08-22,0.6806784828739418,NN-t,0.01,1.055484562705585,1.5183547059187283
2024-08-23,0.4002806509588617,NN-t,0.01,0.9972080655555604,1.436122587700823
2024-08-26,-0.6644090637961935,NN-t,0.01,4.711878456067428,6.745069549996485
2024-08-27,0.4670297831381058,NN-t,0.01,4.711630734110785,6.744716619959195
2024-08-28,0.2169064503637986,NN-t,0.01,4.73611402641897,6.77959802241708
2024-08-29,-0.024058262446702,NN-t,0.01,4.589139512490877,6.570203096814526
2024-08-30,0.7407324048039218,NN-t,0.01,4.43919613644302,6.356578426570692
2024-09-02,0.1373550073693391,NN-t,0.01,4.891840221288453,7.001461487840873
2024-09-03,-0.0376354332350508,NN-t,0.01,4.577337556970826,6.553388823835914
2024-09-04,-4.328192896367713,NN-t,0.01,4.5186851072057275,6.469826544725544
2024-09-05,-1.0596968439079586,NN-t,0.01,7.611174421654024,10.875703132569932
2024-09-06,-0.7272484757154206,NN-t,0.01,3.621287293647926,5.191301830585206
2024-09-09,-0.4840265089037639,NN-t,0.01,3.98130205672874,5.704215685622755
2024-09-10,-0.1563797596713826,NN-t,0.01,3.87476640993259,5.552434106363278
2024-09-11,-1.502950185259195,NN-t,0.01,3.727819455864123,5.343078445355666
2024-09-12,3.3500692470700684,NN-t,0.01,4.054069906322536,5.807888207100904
2024-09-13,-0.6851697592505765,NN-t,0.01,4.807814010647238,6.881749153670543
2024-09-17,-1.0401771887622802,NN-t,0.01,3.865653599796093,5.53945106495315
2024-09-18,0.4875866890508515,NN-t,0.01,4.030419428623065,5.774193317517744
2024-09-19,2.108328530259441,NN-t,0.01,4.316943766939875,6.182405196582184
2024-09-20,1.518693225368846,NN-t,0.01,5.272558774548673,7.543872080023126
2024-09-24,0.5727396065865551,NN-t,0.01,4.981787366829423,7.1296093914830525
2024-09-25,-0.1855358269298584,NN-t,0.01,4.382361720213884,6.292698278818493
2024-09-26,2.748672159356165,NN-t,0.01,4.122884474809019,5.922087156876508
2024-09-27,2.2956440414575616,NN-t,0.01,4.3748049395423205,6.281904935615748
2024-09-30,-4.914248404567918,NN-t,0.01,4.540763261746315,6.518943061605037
2024-10-01,1.9130880809781377,NN-t,0.01,7.875944339838398,11.282579269098909
2024-10-02,-2.205684437304394,NN-t,0.01,4.996642665721329,7.170075214306146
2024-10-03,1.9468631932294085,NN-t,0.01,5.417679959493341,7.7714424115753715
2024-10-04,0.2165177991704316,NN-t,0.01,4.964510743848567,7.124181218488379
2024-10-07,1.7882530048958636,NN-t,0.01,4.007994224341411,5.757989512940299
2024-10-08,-1.0098407482880876,NN-t,0.01,4.494078255869238,6.452262908673032
2024-10-09,0.870477142162716,NN-t,0.01,4.133136235833285,5.936729738152396
2024-10-10,0.2617117951892766,NN-t,0.01,3.9761797689997342,5.71254895429033
2024-10-11,0.5694902776685145,NN-t,0.01,3.4189265214259885,4.916624629724301
2024-10-15,0.7665127640329642,NN-t,0.01,3.5592692232989607,5.117075987670375
2024-10-16,-1.846663015318762,NN-t,0.01,3.5175660973967133,5.057511449535233
2024-10-17,-0.689218332841583,NN-t,0.01,4.4723539767904965,6.421234139926121
2024-10-18,0.1811681823155245,NN-t,0.01,3.83849561169995,5.5158947932254865
2024-10-21,-0.069668230687718,NN-t,0.01,3.4425331045578,4.950341891698646
2024-10-22,-1.4028011742253517,NN-t,0.01,3.447055893710731,4.9568017874774055
2024-10-23,-0.8027077189695614,NN-t,0.01,4.3202767360834,6.204022350459353
2024-10-24,0.1008016366076733,NN-t,0.01,4.05020142841507,5.820535089095623
2024-10-25,-0.6031456584008739,NN-t,0.01,3.5684489979868834,5.132164607830002
2024-10-28,1.8077186404158372,NN-t,0.01,3.972572664756287,5.709612245691686
2024-10-29,0.7693276822786391,NN-t,0.01,4.724907479595364,6.784614769505332
2024-10-30,0.9560211502865086,NN-t,0.01,3.842726375813481,5.524076383774664
2024-10-31,-0.5006238829108204,NN-t,0.01,4.065724709791258,5.842716126484994
2024-11-01,-2.6645231367667983,NN-t,0.01,3.64234949998192,5.237760181222085
2024-11-05,1.1008459054551205,NN-t,0.01,5.2248718995223316,7.4990081521291
2024-11-06,2.580519251055579,NN-t,0.01,4.501806489309348,6.465828342382335
2024-11-07,-0.251735101615967,NN-t,0.01,5.702990169902657,8.182185824094478
2024-11-08,0.3016185126676096,NN-t,0.01,3.929297961386027,5.6477775220782815
2024-11-11,0.0833801890628168,NN-t,0.01,4.078713901188126,5.861276231983926
2024-11-12,-0.3985093197873606,NN-t,0.01,3.705899774750849,5.3285664345260235
2024-11-13,-1.6759637908742888,NN-t,0.01,4.04032202610885,5.806418525295198
2024-11-14,-0.4814073329608999,NN-t,0.01,4.4156040228698235,6.342654634142778
2024-11-15,0.2778257015228932,NN-t,0.01,3.845300704530906,5.527754812333031
2024-11-18,-1.0982102000304856,NN-t,0.01,3.637400135194856,5.230688091066977
2024-11-19,0.5051943009873268,NN-t,0.01,4.267265657463781,6.130695657840457
2024-11-20,-0.1617623293734115,NN-t,0.01,3.803698918776401,5.468310501370479
2024-11-21,-0.854088261598344,NN-t,0.01,3.5651319952370097,5.12742498092815
2024-11-22,0.6753520842744595,NN-t,0.01,3.829519348614927,5.509677327174299
2024-11-25,1.288009897913561,NN-t,0.01,3.658118629849536,5.264544054106377
2024-11-26,-0.8757664147849662,NN-t,0.01,3.7443307116734657,5.387842544029435
2024-11-27,-0.801893572626497,NN-t,0.01,3.898647505445653,5.608542789741368
2024-11-28,0.5598303602311836,NN-t,0.01,3.8977080274033873,5.607199170361386
2024-11-29,-0.3684244099642957,NN-t,0.01,3.702612183188847,5.328177686678342
2024-12-02,0.7950618108786257,NN-t,0.01,3.707105201279684,5.334603495382608
2024-12-03,1.892602952646885,NN-t,0.01,3.6420410395147593,5.241550262888946
2024-12-04,0.0701207602091615,NN-t,0.01,3.6772066690475738,5.291843318419663
2024-12-05,0.3030583703951927,NN-t,0.01,3.249754932920628,4.680511907967484
2024-12-06,-0.7757516352278754,NN-t,0.01,3.290386962178626,4.738622879701728
2024-12-09,0.1771927461179997,NN-t,0.01,3.7536785974080114,5.401211670150257
2024-12-10,0.5274001603899916,NN-t,0.01,3.4214978561668445,4.926134593828115
2024-12-11,0.0118170054982427,NN-t,0.01,3.1918707281330208,4.597727280920838
2024-12-12,1.2040082388597555,NN-t,0.01,3.0492110666289487,4.3936987913605225
2024-12-13,-0.954876681135594,NN-t,0.01,3.4047292028944014,4.902152460665409
2024-12-16,-0.0328226653545253,NN-t,0.01,3.2918676302701972,4.7407404963501785
2024-12-17,-0.235488667796846,NN-t,0.01,2.98339468871821,4.299569757042889
2024-12-18,-0.7214353013517918,NN-t,0.01,3.0186322445631975,4.349965679892073
2024-12-19,-0.688446951695577,NN-t,0.01,3.163750391777199,4.557510237840004
2024-12-20,-0.288148302055434,NN-t,0.01,2.919499782778194,4.209105068378992
2024-12-23,1.1801377612235449,NN-t,0.01,2.719759251735936,3.923225613747468
2024-12-24,-0.318391983692586,NN-t,0.01,2.9815415665180645,4.297902625927134
2024-12-25,0.2394305346384046,NN-t,0.01,2.8190323797041006,4.06531068549037
2024-12-26,1.1121774427931932,NN-t,0.01,2.774069141907281,4.000956866900076
2024-12-27,1.7861678111050672,NN-t,0.01,3.0193521452631105,4.352019171900715
2024-12-30,-0.9644420798439086,NN-t,0.01,2.982655357178011,4.299496743379299
2022-12-20,-2.489127638949298,NN-t,0.05,2.050993294094648,3.213540991335835
2022-12-21,-0.6809809720177208,NN-t,0.05,2.890473810450648,4.521211655959343
2022-12-22,0.4542860547956492,NN-t,0.05,2.22407441928556,3.4831519061842786
2022-12-23,-1.0337711266382608,NN-t,0.05,1.932422317259971,3.028841304968478
2022-12-26,0.6482375028426324,NN-t,0.05,2.23994060857803,3.5078668934804553
2022-12-27,0.1589291891407026,NN-t,0.05,1.8088866253503184,2.8364080117630004
2022-12-28,-0.4067914596881906,NN-t,0.05,1.6276634160386496,2.5541140574083783
2022-12-29,-0.9414925486891276,NN-t,0.05,1.7079287398609249,2.679144486708282
2022-12-30,0.0031810968896288,NN-t,0.05,1.8840240695577093,2.9534506705149792
2023-01-04,-1.4577780520938353,NN-t,0.05,1.5441717738086205,2.4240579463274745
2023-01-05,0.4033615296562223,NN-t,0.05,2.071837564068022,3.2460104052633825
2023-01-06,0.5909848697618759,NN-t,0.05,1.6027895026674164,2.515367611009431
2023-01-10,0.773592425440218,NN-t,0.05,1.569522683090141,2.4635474159972124
2023-01-11,1.027874625394543,NN-t,0.05,1.540942209773884,2.413214119464272
2023-01-12,0.0144446668340659,NN-t,0.05,1.5311559343459809,2.3980030119856734
2023-01-13,-1.2566455232761584,NN-t,0.05,1.5715378472934505,2.4607698554656725
2023-01-16,-1.1443663259038128,NN-t,0.05,2.016849740713074,3.1529317634567913
2023-01-17,1.2176951332297214,NN-t,0.05,2.024482861568609,3.1647961568704095
2023-01-18,2.4654259606584668,NN-t,0.05,1.5217765939976489,2.3834244161584963
2023-01-19,-1.4508342905426903,NN-t,0.05,1.5028030501871452,2.353933256188834
2023-01-20,0.560055471133265,NN-t,0.05,2.4804387430891945,3.873502341404473
2023-01-23,1.3188092820059605,NN-t,0.05,1.9056600800508827,2.9801062701113756
2023-01-24,1.4506249512405751,NN-t,0.05,1.7497877645998392,2.7378291585860333
2023-01-25,0.3503860076612355,NN-t,0.05,1.779138587884976,2.7834500417161565
2023-01-26,-0.1178272065743107,NN-t,0.05,1.807846039676204,2.8280709128381756
2023-01-27,0.0723734966221563,NN-t,0.05,1.7779146510381263,2.7815476392074996
2023-01-30,0.1854929019132892,NN-t,0.05,1.6894642929710957,2.644066539989511
2023-01-31,-0.3882036510088401,NN-t,0.05,1.5684935762278958,2.4560380517561526
2023-02-01,0.0723250128702933,NN-t,0.05,1.5345742586056688,2.403316218025487
2023-02-02,0.2015379620958895,NN-t,0.05,1.391920026155028,2.181584377544415
2023-02-03,0.3912122973054605,NN-t,0.05,1.368054214521722,2.1444890159338965
2023-02-06,0.6673179544043314,NN-t,0.05,1.3474298782774825,2.112431978749822
2023-02-07,-0.0295406911411171,NN-t,0.05,1.352267603925233,2.1199514038183316
2023-02-08,-0.2857914963641302,NN-t,0.05,1.383740040732916,2.1735560261844844
2023-02-09,-0.08012685115119,NN-t,0.05,1.4235754051668998,2.2355283644149617
2023-02-10,0.3135658776614822,NN-t,0.05,1.375752249003453,2.161129325994675
2023-02-13,-0.8844619206005223,NN-t,0.05,1.3346921784836732,2.097251698309456
2023-02-14,0.6376504698627659,NN-t,0.05,1.554961547277399,2.439927308754056
2023-02-15,-0.366249700080255,NN-t,0.05,1.3438297616916404,2.111467142431016
2023-02-16,0.7050249309804929,NN-t,0.05,1.4510492510424562,2.278269744926582
2023-02-17,-0.664048882508275,NN-t,0.05,1.3588464903219697,2.1348288412385243
2023-02-20,0.0683388880247517,NN-t,0.05,1.5946433454572244,2.501660742182765
2023-02-21,-0.2139435484321346,NN-t,0.05,1.362984001486643,2.141265615320369
2023-02-22,-1.351419359891925,NN-t,0.05,1.3755054305757166,2.160745347705471
2023-02-24,1.279981664585004,NN-t,0.05,1.8577924623200055,2.911044873770105
2023-02-27,-0.1075834927458851,NN-t,0.05,1.4422155847506135,2.2645271078745104
2023-02-28,0.0787308141437685,NN-t,0.05,1.5363578690104631,2.41098535081615
2023-03-01,0.2582463281266135,NN-t,0.05,1.494778523805569,2.3462998814837492
2023-03-02,-0.0642007778118723,NN-t,0.05,1.4710956004010902,2.309456083005612
2023-03-03,1.5465935761209575,NN-t,0.05,1.4208016527233671,2.2312132055845937
2023-03-06,1.1049955307690156,NN-t,0.05,1.3576253474599544,2.1329290951323236
2023-03-07,0.25246599720486,NN-t,0.05,1.4234340929262312,2.2353085233240297
2023-03-08,0.4758469855743233,NN-t,0.05,1.478115151249071,2.320376479632032
2023-03-09,0.6271942047493668,NN-t,0.05,1.3755192720196658,2.1616811748175953
2023-03-10,-1.6882697580858388,NN-t,0.05,1.373312579151181,2.1582465539540308
2023-03-13,-1.111218342304656,NN-t,0.05,2.063480703735683,3.232463031434563
2023-03-14,-2.219405873863012,NN-t,0.05,1.8515306507382805,2.902572050929268
2023-03-15,0.0273322263928996,NN-t,0.05,2.6224339920782533,4.102449359535406
2023-03-16,-0.8070498494962401,NN-t,0.05,1.6887596895298518,2.649226174240594
2023-03-17,1.1893902836930397,NN-t,0.05,1.979985817934717,3.102506896229464
2023-03-20,-1.430101783178469,NN-t,0.05,1.624098307152496,2.548583562778001
2023-03-22,1.9148448739832256,NN-t,0.05,2.2563456951868512,3.532648948990106
2023-03-23,-0.1712634339126885,NN-t,0.05,1.648584224303789,2.586694821083326
2023-03-24,-0.1253880765083157,NN-t,0.05,1.7686479823572907,2.7735688053418044
2023-03-27,0.3339981292424903,NN-t,0.05,1.7217007739946613,2.7004975303894736
2023-03-28,0.1504892355221339,NN-t,0.05,1.6229946132622832,2.546865711546209
2023-03-29,1.3195711620534936,NN-t,0.05,1.5750423885050555,2.472230172564928
2023-03-30,-0.3623340468636821,NN-t,0.05,1.5076301972094517,2.367306047423096
2023-03-31,0.9263067151335684,NN-t,0.05,1.6451689058420078,2.5813790273849464
2023-04-03,0.5216831491597715,NN-t,0.05,1.5216908716946365,2.389190871828119
2023-04-04,0.3515489367783688,NN-t,0.05,1.5257366490148438,2.395487947144659
2023-04-05,-1.6904303120466424,NN-t,0.05,1.5199657528012296,2.3865057997784263
2023-04-06,-1.232260935546454,NN-t,0.05,2.223263369870044,3.481157757637158
2023-04-07,0.1661353555278492,NN-t,0.05,2.086756394501666,3.2589370590917937
2023-04-10,0.4182979360365764,NN-t,0.05,1.625494408900753,2.5427909620115487
2023-04-11,1.042934131055368,NN-t,0.05,1.6014877582314304,2.5055187182162855
2023-04-12,0.5689758721851732,NN-t,0.05,1.5922739797860568,2.4912135908071407
2023-04-13,0.2641250478743008,NN-t,0.05,1.556046622919267,2.4349677239514844
2023-04-14,1.1880011851249617,NN-t,0.05,1.5212376413456072,2.380923998096124
2023-04-17,0.0747561791226833,NN-t,0.05,1.4499046686027874,2.270173856923422
2023-04-18,0.5039076162568722,NN-t,0.05,1.4781168028871563,2.3139754501367316
2023-04-19,-0.1818555505755215,NN-t,0.05,1.4343530535596227,2.2460287316711263
2023-04-20,0.1774597210516303,NN-t,0.05,1.4823175835508438,2.32049749784693
2023-04-21,-0.3257535664922826,NN-t,0.05,1.417724723930374,2.2202119209720252
2023-04-24,0.1019995448735246,NN-t,0.05,1.4532833036956077,2.275419457928303
2023-04-25,0.0928128552270915,NN-t,0.05,1.3567405956525371,2.125529187919316
2023-04-26,-0.7139299492267528,NN-t,0.05,1.335477768734292,2.0925169497862375
2023-04-27,0.1449129043808152,NN-t,0.05,1.5400687811362903,2.4101608476212406
2023-04-28,1.3915112224215482,NN-t,0.05,1.3448250587432398,2.1070293645681843
2023-05-01,0.9201237270608762,NN-t,0.05,1.3747515058895736,2.1534925655089796
2023-05-02,0.1193166159526167,NN-t,0.05,1.4054175356829208,2.201104027617312
2023-05-08,-0.7161487474567143,NN-t,0.05,1.425625072571272,2.232477843639339
2023-05-09,1.0067995528449354,NN-t,0.05,1.626171982263184,2.543842948808939
2023-05-10,-0.4134011712938892,NN-t,0.05,1.3858349521728683,2.1754488744305323
2023-05-11,0.0155917643208655,NN-t,0.05,1.4281125200424525,2.2410886393025073
2023-05-12,0.8940672461563601,NN-t,0.05,1.2369662090555755,1.9443166265881553
2023-05-15,0.8067162687943656,NN-t,0.05,1.2265161536035816,1.9280919661515867
2023-05-16,0.728615401591347,NN-t,0.05,1.2337542039291067,1.939329696831
2023-05-17,0.836220783178476,NN-t,0.05,1.225713957914205,1.926846484467436
2023-05-18,1.583548775450404,NN-t,0.05,1.2359657941295228,1.9427633915316105
2023-05-19,0.7638069626373304,NN-t,0.05,1.2799990305369575,2.0111289913043335
2023-05-22,0.8998200744895645,NN-t,0.05,1.3124119690129552,2.0614530228791237
2023-05-23,-0.415994263732716,NN-t,0.05,1.3106289538844555,2.0586847299120605
2023-05-24,-0.8925686738269373,NN-t,0.05,1.4393293251252437,2.258503748197144
2023-05-25,0.3853089695260961,NN-t,0.05,1.599253580695133,2.506800683472964
2023-05-26,0.3732488534654124,NN-t,0.05,1.2837485616426725,2.0169504789764363
2023-05-29,1.0208593347258557,NN-t,0.05,1.265322446281853,1.988342260937049
2023-05-30,0.3024891173990195,NN-t,0.05,1.251609611619479,1.9670518393654215
2023-05-31,-1.4153476801977043,NN-t,0.05,1.2701192473001457,1.9957897302888723
2023-06-01,0.8386449465125958,NN-t,0.05,1.8159622479273725,2.843260576499997
2023-06-02,1.2005810343095205,NN-t,0.05,1.370836218112639,2.15216197722472
2023-06-05,2.1751439164993704,NN-t,0.05,1.3919957732635764,2.1850141088607584
2023-06-06,0.894106058692083,NN-t,0.05,1.4654432290093886,2.2990479563250155
2023-06-07,-1.841201592875538,NN-t,0.05,1.5306967976544257,2.397484273997791
2023-06-08,-0.8574379060420299,NN-t,0.05,2.3034103490714117,3.5920400171800693
2023-06-09,1.9526051475909605,NN-t,0.05,1.9440509754791848,3.0364980536623007
2023-06-12,0.5218937477408182,NN-t,0.05,1.6821733756614443,2.631655417863542
2023-06-13,1.786525072473324,NN-t,0.05,1.652970832878511,2.586510531853831
2023-06-14,1.4545224972082915,NN-t,0.05,1.6731729586147903,2.61774146507418
2023-06-15,-0.0505571649307792,NN-t,0.05,1.674223742083848,2.6193658955316272
2023-06-16,0.6566021543037965,NN-t,0.05,1.7016105954159184,2.661703865243072
2023-06-19,-1.000824586093791,NN-t,0.05,1.6136824483666006,2.525773709944867
2023-06-20,0.0553878571283474,NN-t,0.05,1.9495388084918277,3.0449818215874993
2023-06-21,0.5562117186669766,NN-t,0.05,1.5669036887862973,2.4534573440507748
2023-06-22,-0.928377787258327,NN-t,0.05,1.5109604037853843,2.3669733264380683
2023-06-23,-1.4636629432637849,NN-t,0.05,1.8089073796156696,2.827576444487687
2023-06-26,-0.2526820951194239,NN-t,0.05,2.041538872700461,3.187206847759268
2023-06-27,-0.4919921103935955,NN-t,0.05,1.6225066851013432,2.5394153015170047
2023-06-28,1.9950002235872095,NN-t,0.05,1.6833487275337602,2.6334724214954317
2023-06-29,0.1208895969255824,NN-t,0.05,1.592198947650738,2.492561869519999
2023-06-30,-0.1358006938044271,NN-t,0.05,1.6103236503248142,2.520581266401399
2023-07-03,1.685935087641736,NN-t,0.05,1.6063369365536824,2.5144181134154104
2023-07-04,-0.984911331862542,NN-t,0.05,1.5942595749731758,2.495747440936551
2023-07-05,-0.251104932212337,NN-t,0.05,1.9634201298623553,3.067904224710512
2023-07-06,-1.711325930449109,NN-t,0.05,1.6579402912015018,2.5961652047813564
2023-07-07,-1.180465252915526,NN-t,0.05,2.200658104159612,3.43426034816393
2023-07-10,-0.6153476953904035,NN-t,0.05,2.0182641167370443,3.1525973708464066
2023-07-11,0.0429853534302266,NN-t,0.05,1.787144556118068,2.7956896433485636
2023-07-12,-0.8095157032980083,NN-t,0.05,1.58544638066759,2.484216061243715
2023-07-13,1.477268360749288,NN-t,0.05,1.8187445960755664,2.844488189087689
2023-07-14,-0.08662261622022,NN-t,0.05,1.54216017583899,2.4173710873435987
2023-07-18,0.3163464809654001,NN-t,0.05,1.5748808069485116,2.467900112495422
2023-07-19,1.2299928899908406,NN-t,0.05,1.5266656124043374,2.3934435175211983
2023-07-20,-1.240367974553177,NN-t,0.05,1.5343302246900046,2.4052796396811025
2023-07-21,-0.574953953000951,NN-t,0.05,1.957894764267969,3.0593716467123286
2023-07-24,1.220500642365994,NN-t,0.05,1.7050242106204934,2.668874821555109
2023-07-25,-0.0563741687179225,NN-t,0.05,1.5469201486021256,2.4247217030045687
2023-07-26,-0.0433656859299109,NN-t,0.05,1.591788457193812,2.49400984985481
2023-07-27,0.6797525010879735,NN-t,0.05,1.5490142073413555,2.4279554654081656
2023-07-28,-0.4019164664211202,NN-t,0.05,1.4870037265361655,2.3321954192833134
2023-07-31,1.2527972240113532,NN-t,0.05,1.5976241834511222,2.5030217041142153
2023-08-01,0.9133292872419144,NN-t,0.05,1.4712073846465372,2.307801826324295
2023-08-02,-2.323583212546503,NN-t,0.05,1.4999160962611775,2.352135421431221
2023-08-03,-1.6909167594528025,NN-t,0.05,2.611827877870092,4.066936366885451
2023-08-04,0.1040237782985626,NN-t,0.05,2.4328119667520123,3.790588313363395
2023-08-07,0.1918173630601209,NN-t,0.05,1.8286736964358807,2.857976044334848
2023-08-08,0.3797776603246238,NN-t,0.05,1.7939852703131394,2.804427290043168
2023-08-09,-0.5356304168039222,NN-t,0.05,1.7726371583429947,2.771472067501921
2023-08-10,0.8328085297360465,NN-t,0.05,1.837849794530153,2.8721412480390427
2023-08-14,-1.282265846804998,NN-t,0.05,1.603640280626824,2.5105904625290316
2023-08-15,0.5567162337129749,NN-t,0.05,2.069028000231981,3.229012582902023
2023-08-16,-1.4751148471607551,NN-t,0.05,1.6607797656666177,2.5987970659051096
2023-08-17,-0.4442791579120207,NN-t,0.05,2.2048492149611687,3.4386806961048477
2023-08-18,-0.5556426356965283,NN-t,0.05,1.847904220351963,2.8876623321023818
2023-08-21,0.3646066291624942,NN-t,0.05,1.8667117873292305,2.9166956984282693
2023-08-22,0.9178857261415247,NN-t,0.05,1.6546150018339023,2.5892804789439072
2023-08-23,0.4808404791444447,NN-t,0.05,1.6544601161943366,2.5890413809511914
2023-08-24,0.8614736525139314,NN-t,0.05,1.6075972232557296,2.5166988212026653
2023-08-25,-2.074604785739367,NN-t,0.05,1.6154841261736166,2.5288738857321964
2023-08-28,1.7108879931396843,NN-t,0.05,2.455101306839518,3.824996516014222
2023-08-29,0.1769663747822653,NN-t,0.05,1.7751517722559442,2.7753538937366
2023-08-30,0.3298934912494978,NN-t,0.05,1.7836184450622057,2.7884239529017605
2023-08-31,0.880272286407265,NN-t,0.05,1.769221614612571,2.766199469911423
2023-09-01,0.2794410334614427,NN-t,0.05,1.7455741564992642,2.7267498827972063
2023-09-04,0.696305165946115,NN-t,0.05,1.67623528772054,2.6199116980405055
2023-09-05,0.2958111709422731,NN-t,0.05,1.5901039012517972,2.487199394782944
2023-09-06,0.6163708419793614,NN-t,0.05,1.5785621392342908,2.469415705424248
2023-09-07,-0.7547476271285938,NN-t,0.05,1.5826615273467597,2.475732093220349
2023-09-08,-1.1715087540828366,NN-t,0.05,1.7769291303634014,2.775062013493028
2023-09-11,-0.4274487764001707,NN-t,0.05,1.9413728203268064,3.028438880462837
2023-09-12,0.9460272539440682,NN-t,0.05,1.6954286674503063,2.649485094402338
2023-09-13,-0.2133430223606801,NN-t,0.05,1.6047799318749705,2.5098124038906824
2023-09-14,1.4014185676380673,NN-t,0.05,1.6339348615814586,2.554734679396656
2023-09-15,1.09440900988244,NN-t,0.05,1.6294557802181324,2.547833255553668
2023-09-19,-0.8700827428024468,NN-t,0.05,1.6260894475913683,2.5426463686969116
2023-09-20,-0.6603934555654025,NN-t,0.05,1.8703624586517975,2.919025238822889
2023-09-21,-1.3804724471997258,NN-t,0.05,1.792840085637421,2.7995778097435564
2023-09-22,-0.51904138244678,NN-t,0.05,2.0672264753870846,3.2223557453967775
2023-09-25,0.8488207569986963,NN-t,0.05,1.756425519277001,2.743469796486735
2023-09-26,-1.1187924981461723,NN-t,0.05,1.61403458184189,2.5240720827755467
2023-09-27,0.1757684447366761,NN-t,0.05,1.9486587879967472,3.0396651893681153
2023-09-28,-1.5546592783027364,NN-t,0.05,1.47172140867406,2.3047941892071098
2023-09-29,-0.0467608927487988,NN-t,0.05,1.9825659394726336,3.091909746825703
2023-10-02,-0.307268780285056,NN-t,0.05,1.5329461256181145,2.394767569240693
2023-10-03,-1.6570520903407755,NN-t,0.05,1.5785531985278751,2.4648826035406506
2023-10-04,-2.3025729076106383,NN-t,0.05,2.03730878707608,3.170160574130837
2023-10-05,1.7807566979314242,NN-t,0.05,2.5855125415496256,4.0129536453794845
2023-10-06,-0.2599950394493565,NN-t,0.05,1.8256058337124088,2.844694393350807
2023-10-10,2.396815418121354,NN-t,0.05,1.9004884479940856,2.959816823576024
2023-10-11,0.5966456222347307,NN-t,0.05,1.916052047450031,2.983743864713778
2023-10-12,1.7325910850237145,NN-t,0.05,1.8906450189186368,2.9446838118911933
2023-10-13,-0.5513611526101144,NN-t,0.05,1.872423653148545,2.916670795390662
2023-10-16,-2.0538767680627923,NN-t,0.05,2.004438655028938,3.1196269553544327
2023-10-17,1.1970750340029166,NN-t,0.05,2.6260475682002453,4.075271058066359
2023-10-18,0.0061200368440438,NN-t,0.05,1.851333757574246,2.884247781651098
2023-10-19,-1.9272794804600004,NN-t,0.05,1.8388846373040648,2.865108853431013
2023-10-20,-0.5463718307780945,NN-t,0.05,2.523881989582067,3.918204563944665
2023-10-23,-0.8346117888506225,NN-t,0.05,2.02598068930896,3.152745074454581
2023-10-24,0.2023748843099033,NN-t,0.05,2.055636062379575,3.1983364129765324
2023-10-25,0.6660148309590518,NN-t,0.05,1.7604917025572944,2.744589755011351
2023-10-26,-2.1598456380856264,NN-t,0.05,1.7564208708406706,2.738331372544992
2023-10-27,1.2660932162877616,NN-t,0.05,2.5324337445807004,3.931351792144124
2023-10-30,-0.955542895819292,NN-t,0.05,1.8197684943132308,2.8357202315359573
2023-10-31,0.5259911084911963,NN-t,0.05,2.1634993246166156,3.3474441238558508
2023-11-01,2.3785778266317035,NN-t,0.05,1.859297166681329,2.881003905661464
2023-11-02,1.0959410719520957,NN-t,0.05,1.9120208207027651,2.961846306164736
2023-11-06,2.3465628331987873,NN-t,0.05,1.896022843285291,2.9373162366612093
2023-11-07,-1.343997254279732,NN-t,0.05,1.943046843036956,3.0094192251916367
2023-11-08,-0.3269482165383556,NN-t,0.05,2.420519972394132,3.741539839164058
2023-11-09,1.4811524772588347,NN-t,0.05,2.0751938405573953,3.212043278799696
2023-11-10,-0.2402886343459992,NN-t,0.05,1.8869890129722728,2.923464455296687
2023-11-13,0.0521846831574721,NN-t,0.05,1.9746390561926472,3.057860297725774
2023-11-14,0.3395179382738351,NN-t,0.05,1.7910022067680291,2.7762856609923614
2023-11-15,2.488270661872495,NN-t,0.05,1.7320830846452833,2.6859436056785997
2023-11-16,-0.2846826337517681,NN-t,0.05,1.8246581060955445,2.8278910313566112
2023-11-17,0.4798994430358148,NN-t,0.05,1.931634129356468,2.991919846832693
2023-11-20,-0.5887980525744572,NN-t,0.05,1.830291440194324,2.8365287530744023
2023-11-21,-0.1015568626574401,NN-t,0.05,2.006268839019672,3.106358976707587
2023-11-22,0.2924516220718237,NN-t,0.05,1.8558848527770464,2.875771725676732
2023-11-24,0.5179199506488198,NN-t,0.05,1.655280622584497,2.568180610818057
2023-11-27,-0.5303453051143999,NN-t,0.05,1.6493883576053554,2.559145864381069
2023-11-28,-0.1175099252073195,NN-t,0.05,1.7903649334228324,2.77530851500431
2023-11-29,-0.2612690989917327,NN-t,0.05,1.6590636944659742,2.5739812826009856
2023-11-30,0.4959643856124849,NN-t,0.05,1.4715037887661475,2.2865199720454217
2023-12-01,-0.165511778382499,NN-t,0.05,1.421404438913466,2.2096974614733487
2023-12-04,-0.6007633825082408,NN-t,0.05,1.442915777037368,2.24268301927604
2023-12-05,-1.3800228067112543,NN-t,0.05,1.516552302389662,2.3555975134561384
2023-12-06,2.0238103402394376,NN-t,0.05,1.795205298633831,2.782884949577662
2023-12-07,-1.7724523164329844,NN-t,0.05,1.5511834332203014,2.4087010052615767
2023-12-08,-1.6894113245277411,NN-t,0.05,2.2937863469059914,3.5474107960118393
2023-12-11,1.4867983025982685,NN-t,0.05,2.343998752805846,3.624406667104653
2023-12-12,0.1581413970060102,NN-t,0.05,1.821824441946708,2.823702832935156
2023-12-13,0.2513374591569691,NN-t,0.05,1.820253474377019,2.821293906011239
2023-12-14,-0.7318796344914846,NN-t,0.05,1.748971195698152,2.711989421551635
2023-12-15,0.8660262295699396,NN-t,0.05,1.8689508234200607,2.895966583854199
2023-12-18,-0.6437625193790526,NN-t,0.05,1.612242870167186,2.502329750029126
2023-12-19,1.3956623120534355,NN-t,0.05,1.7157983291390058,2.661122037055834
2023-12-20,1.3649917149243316,NN-t,0.05,1.604406904389016,2.490314053905204
2023-12-21,-1.6028521111137666,NN-t,0.05,1.6525869470570835,2.5641934924231555
2023-12-22,0.0862079328041795,NN-t,0.05,2.1772518420693125,3.36871639666031
2023-12-25,0.2558764589571278,NN-t,0.05,1.7205749030384474,2.668446451443789
2023-12-26,0.1557103792269389,NN-t,0.05,1.7009116168057778,2.6382947025901036
2023-12-27,1.1207850622050284,NN-t,0.05,1.653887356161307,2.5661875440915107
2023-12-28,-0.4213495582588989,NN-t,0.05,1.6384802237986598,2.538972037584494
2023-12-29,-0.2252088942918662,NN-t,0.05,1.6746261007489267,2.5943307570646965
2024-01-04,-0.5269714915382578,NN-t,0.05,1.6218454602592676,2.5134952948383225
2024-01-05,0.2674024302984675,NN-t,0.05,1.6956411660202853,2.626516090534845
2024-01-09,1.1491170718168873,NN-t,0.05,1.567778240779884,2.4306893902990043
2024-01-10,1.9897733598368323,NN-t,0.05,1.5779914106409447,2.446331229785152
2024-01-11,1.750301739974527,NN-t,0.05,1.6673268927995368,2.5831517557679815
2024-01-12,1.493083461670366,NN-t,0.05,1.718941913208058,2.6622020286301304
2024-01-15,0.9084692898838748,NN-t,0.05,1.727753195805953,2.6756968270069637
2024-01-16,-0.7902880814233338,NN-t,0.05,1.7116808470459013,2.651081442861771
2024-01-17,-0.3978508626845268,NN-t,0.05,1.9219863624789464,2.973171955426065
2024-01-18,-0.0326402172216864,NN-t,0.05,1.7447413006242969,2.701714724717203
2024-01-19,1.3918789557269635,NN-t,0.05,1.599794209768076,2.4797230061811915
2024-01-22,1.609958719829857,NN-t,0.05,1.6014622066301318,2.4822776037776877
2024-01-23,-0.080419081715223,NN-t,0.05,1.6379985071524932,2.5382342710967487
2024-01-24,-0.8003167113481723,NN-t,0.05,1.62900922954751,2.5244668669209243
2024-01-25,0.0275679679641754,NN-t,0.05,1.8297180240974151,2.831859653931886
2024-01-26,-1.348582825079037,NN-t,0.05,1.6112529915140554,2.497272545375754
2024-01-29,0.7686823457906787,NN-t,0.05,1.9203203080227225,2.970620332694439
2024-01-30,0.1079663214876492,NN-t,0.05,1.5305728697398082,2.3737080172533793
2024-01-31,0.6104890191682598,NN-t,0.05,1.5154923828194915,2.346647285294879
2024-02-01,-0.7614337201997039,NN-t,0.05,1.532431874306664,2.3725189351100946
2024-02-02,0.4061517258162087,NN-t,0.05,1.7157112728724777,2.652441176083429
2024-02-05,0.5409880221846817,NN-t,0.05,1.4896067024724655,2.307112139999992
2024-02-06,-0.533685275473635,NN-t,0.05,1.4887727942310611,2.305838513692144
2024-02-07,-0.1127226273469281,NN-t,0.05,1.6055059610316602,2.4841248344812428
2024-02-08,2.037140192445023,NN-t,0.05,1.489854219186156,2.307490171757608
2024-02-09,0.0925713177657624,NN-t,0.05,1.652480490306527,2.5558689345065737
2024-02-13,2.849583840023312,NN-t,0.05,1.5648220389366423,2.421988365606196
2024-02-14,-0.6889356594200559,NN-t,0.05,1.7855221403199113,2.7590631674970516
2024-02-15,1.198573622237038,NN-t,0.05,1.8926334932395952,2.9226541121290377
2024-02-16,0.8592814382232485,NN-t,0.05,1.77499152580139,2.742979782032469
2024-02-19,-0.0438147018732029,NN-t,0.05,1.7094197804397184,2.642832192888232
2024-02-20,-0.2779228369198603,NN-t,0.05,1.6798252445001374,2.5976325202267208
2024-02-21,-0.264791541138601,NN-t,0.05,1.572550296842649,2.4337917176948514
2024-02-22,2.1627276507315103,NN-t,0.05,1.5581033234494228,2.4117268855360865
2024-02-26,0.344765128893426,NN-t,0.05,1.66966572800157,2.58211591198958
2024-02-27,0.0148040133582172,NN-t,0.05,1.577056057104962,2.4406733558919687
2024-02-28,-0.0802785622431813,NN-t,0.05,1.5620550924405354,2.41776241402678
2024-02-29,-0.106769410417488,NN-t,0.05,1.5810260623060246,2.446736736507866
2024-03-01,1.8833562374571793,NN-t,0.05,1.450676135892409,2.2581486525423338
2024-03-04,0.4959021168306252,NN-t,0.05,1.4541120239117786,2.2634075461637053
2024-03-05,-0.0289291032495609,NN-t,0.05,1.4177811213903952,2.2078002765288147
2024-03-06,-0.0170789176473358,NN-t,0.05,1.4081831274047842,2.1931098008601246
2024-03-07,-1.234984822061011,NN-t,0.05,1.3918759993079164,2.1681504740578386
2024-03-08,0.2276029243762102,NN-t,0.05,1.8426414142390977,2.8580819712291063
2024-03-11,-2.2124439144522148,NN-t,0.05,1.4536621745392952,2.262719016740687
2024-03-12,-0.0592042133812581,NN-t,0.05,2.4658054170708965,3.811882904520812
2024-03-13,-0.2620685669352827,NN-t,0.05,1.8171779255056064,2.8191081229187085
2024-03-14,0.2874978600473616,NN-t,0.05,1.8789954629772112,2.913724667947428
2024-03-15,-0.2573393824706441,NN-t,0.05,1.7828298233212263,2.7665356832858254
2024-03-18,2.633233169692325,NN-t,0.05,1.8542586947735809,2.875863121882464
2024-03-19,0.66001447071274,NN-t,0.05,1.878898637582034,2.9135764691556703
2024-03-21,2.0096346003144063,NN-t,0.05,1.8576580082367429,2.8810660353032995
2024-03-22,0.1781295174591947,NN-t,0.05,1.955131144104974,3.0302562445251273
2024-03-25,-1.166787438236721,NN-t,0.05,1.9118360573666071,2.963989749749521
2024-03-26,-0.0398203574486325,NN-t,0.05,2.2833365463501627,3.53260011796824
2024-03-27,0.8987142695917293,NN-t,0.05,1.801620310777975,2.795295984573784
2024-03-28,-1.4695785848525174,NN-t,0.05,1.8335142072342336,2.844112071619973
2024-03-29,0.5000688724820368,NN-t,0.05,2.18702778886554,3.385192080348019
2024-04-01,-1.4128554374174491,NN-t,0.05,1.7821366880308809,2.76982609705936
2024-04-02,0.0899533284331448,NN-t,0.05,2.1585423929654084,3.346128686692324
2024-04-03,-0.9763096225270672,NN-t,0.05,1.789510112821066,2.781115309059446
2024-04-04,0.81108452012914,NN-t,0.05,2.040136255211446,3.164840882279489
2024-04-05,-1.9833325305466485,NN-t,0.05,1.7511458360213097,2.722377006798747
2024-04-08,0.9062225347250228,NN-t,0.05,2.3734749701032625,3.6752049976440344
2024-04-09,1.0770805318377783,NN-t,0.05,1.803869956515194,2.803101200875538
2024-04-10,-0.4821897394702943,NN-t,0.05,1.8213486331319049,2.8298622368149897
2024-04-11,-0.3522450416879921,NN-t,0.05,1.9289809580007256,2.9946546050946026
2024-04-12,0.2049533196283531,NN-t,0.05,1.832447099973647,2.8468547401113047
2024-04-15,-0.7383565011142664,NN-t,0.05,1.6571646977879195,2.578485528453654
2024-04-16,-1.9603262428336896,NN-t,0.05,1.8057841430917376,2.806031949975886
2024-04-17,-1.3329477575317208,NN-t,0.05,2.20856224138336,3.4227124573376924
2024-04-18,0.310089969218905,NN-t,0.05,2.073049948881279,3.2152339731589437
2024-04-19,-2.6917763286561107,NN-t,0.05,1.7580250378677675,2.732909530048923
2024-04-22,0.9938960219700212,NN-t,0.05,2.9130420740625342,4.501318723381998
2024-04-23,0.3028395861055099,NN-t,0.05,2.102351116587887,3.2600960424825876
2024-04-24,2.388986747093893,NN-t,0.05,2.0424298523966837,3.1683525346803396
2024-04-25,-2.185954854620538,NN-t,0.05,2.0896655900072645,3.240673643397159
2024-04-26,0.8106664523146838,NN-t,0.05,2.86656498103498,4.4301591508270315
2024-04-30,1.2336961166961482,NN-t,0.05,2.004782498022605,3.0996235530068375
2024-05-01,-0.3432707364845155,NN-t,0.05,1.9748378036989669,3.053927611393291
2024-05-02,-0.0992822160697575,NN-t,0.05,2.1657888305117705,3.3453210341472106
2024-05-07,1.5545197991112896,NN-t,0.05,2.007329274819177,3.103509963151524
2024-05-08,-1.6426932896046558,NN-t,0.05,1.7813199774236184,2.758617223680356
2024-05-09,-0.3366462701084503,NN-t,0.05,2.287349447886077,3.5308239086800826
2024-05-10,0.4066129439888787,NN-t,0.05,2.00781478017106,3.104250849799854
2024-05-13,-0.1299551720030367,NN-t,0.05,1.9135952017771196,2.96047070943142
2024-05-14,0.4614797697558606,NN-t,0.05,1.977136334875836,3.057435195919617
2024-05-15,0.0773291236523888,NN-t,0.05,1.8477670549642609,2.8600162141950514
2024-05-16,1.38291936701776,NN-t,0.05,1.7623530198045576,2.729673432216669
2024-05-17,-0.3420074035389234,NN-t,0.05,1.7340815470275728,2.6865308455739902
2024-05-20,0.7251802816574756,NN-t,0.05,1.918118020794202,2.967372582314126
2024-05-21,-0.3146768419548248,NN-t,0.05,1.8051667954043031,2.795007737149517
2024-05-22,-0.850471817226441,NN-t,0.05,1.927233649563401,2.9812831347313953
2024-05-23,1.2509560559344868,NN-t,0.05,2.035313342603186,3.146213966530119
2024-05-24,-1.17586776097245,NN-t,0.05,1.7591134233270134,2.724729771416884
2024-05-27,0.6548645747686236,NN-t,0.05,2.023599551434478,3.128338588957938
2024-05-28,-0.1148433363869579,NN-t,0.05,1.759372477642507,2.725125091227051
2024-05-29,-0.7711996733372241,NN-t,0.05,1.8365734987273508,2.842934721002248
2024-05-30,-1.3124731547266442,NN-t,0.05,1.886326508073904,2.907909133808334
2024-05-31,1.1334274515716631,NN-t,0.05,1.839706173011686,2.8370315926747938
2024-06-03,1.124227282209611,NN-t,0.05,1.836513038349619,2.8321770258199326
2024-06-04,-0.2200869480977879,NN-t,0.05,1.8666145292621168,2.8779407393900756
2024-06-05,-0.8982336194035169,NN-t,0.05,1.8579414292837433,2.8647549053618113
2024-06-06,0.5527405274230405,NN-t,0.05,1.78896755128569,2.759892963283906
2024-06-07,-0.0506077764353044,NN-t,0.05,1.9500963838359224,3.0048593592061392
2024-06-10,0.9115373048005035,NN-t,0.05,1.8235281930532556,2.8124359856627263
2024-06-11,0.2472183956970922,NN-t,0.05,1.7919369993788248,2.764407456349737
2024-06-12,-0.6616436461157585,NN-t,0.05,1.8200386470156649,2.80713078048806
2024-06-13,-0.4027012303159012,NN-t,0.05,1.4643014326270505,2.266298566135448
2024-06-14,0.2427029257859821,NN-t,0.05,1.5518480526744525,2.399396905202104
2024-06-17,-1.8517038755761952,NN-t,0.05,1.7608810176062104,2.7171926171043017
2024-06-18,0.9915082748825448,NN-t,0.05,2.202989519593387,3.3893362963220635
2024-06-19,0.2301079287745887,NN-t,0.05,1.98362287529752,3.055830148550775
2024-06-20,0.1612818050808294,NN-t,0.05,2.002448998396732,3.084451764259215
2024-06-21,-0.0946549945945143,NN-t,0.05,2.0091073189533506,3.094574501225867
2024-06-24,0.5379255418053319,NN-t,0.05,1.9831187803667392,3.055063766045288
2024-06-25,0.9451478701709356,NN-t,0.05,1.711444863382143,2.642034147097079
2024-06-26,1.2529857091936545,NN-t,0.05,1.689499397295035,2.6086701510381087
2024-06-27,-0.82404460645921,NN-t,0.05,1.7967103433927665,2.771882357968195
2024-06-28,0.6120772585004332,NN-t,0.05,1.842211587987591,2.841191265751696
2024-07-01,0.1211411917244963,NN-t,0.05,1.8259601292312633,2.8164365394509168
2024-07-02,1.1131879285798183,NN-t,0.05,1.7671172818745542,2.726805288317433
2024-07-03,1.2549106953283065,NN-t,0.05,1.869876874346864,2.8833318884567087
2024-07-04,0.8169604997017623,NN-t,0.05,1.860970521163432,2.8697654549014393
2024-07-05,-0.0031220967546009,NN-t,0.05,1.8258683642227769,2.816296760142294
2024-07-08,-0.3223577924496049,NN-t,0.05,1.7432681419030165,2.6904775382147226
2024-07-09,1.9414504900469705,NN-t,0.05,1.8066811351756051,2.787070177430256
2024-07-10,0.603790072817224,NN-t,0.05,1.9223795938445076,2.963305660085345
2024-07-11,0.932792557624231,NN-t,0.05,1.843645749048656,2.8433758243854914
2024-07-12,-2.477723273719571,NN-t,0.05,1.8861205233152352,2.908074718646116
2024-07-16,0.2046873010221411,NN-t,0.05,2.6898261568879747,4.132304080686673
2024-07-17,-0.430693283629492,NN-t,0.05,1.8654070132081504,2.876523257259324
2024-07-18,-2.3918685076836077,NN-t,0.05,2.171010228269325,3.3420275580675187
2024-07-19,-0.1560354233221824,NN-t,0.05,2.637007495968463,4.051849057279799
2024-07-22,-1.166904503396276,NN-t,0.05,1.775004812720051,2.7388198200709724
2024-07-23,-0.0116408073169455,NN-t,0.05,2.31667182590846,3.5639038238327094
2024-07-24,-1.1163120170305387,NN-t,0.05,2.006213940156543,3.0910047379758843
2024-07-25,-3.3377988958596077,NN-t,0.05,2.3505693230568565,3.6155375434127
2024-07-26,-0.5351079703330617,NN-t,0.05,3.078151236918566,4.714184721583473
2024-07-29,2.104780702156328,NN-t,0.05,2.748851598823045,4.213783381931931
2024-07-30,0.1488944403245079,NN-t,0.05,1.6311785439567994,2.515375520987765
2024-07-31,1.4837001278821993,NN-t,0.05,2.802996928836248,4.296062232377015
2024-08-01,-2.5263950828172916,NN-t,0.05,2.175816057768693,3.3430027334321997
2024-08-02,-5.989763815813384,NN-t,0.05,2.2410211047039397,3.4420878494291216
2024-08-05,-13.234076084751925,NN-t,0.05,3.120797997766808,4.778990429794026
2024-08-06,9.736558781039518,NN-t,0.05,2.6226313253325446,4.021979970573461
2024-08-07,1.1873132219446887,NN-t,0.05,2.1954546511670037,3.3728453974029873
2024-08-08,-0.7393334923367528,NN-t,0.05,1.7643905679765413,2.717803545697091
2024-08-09,0.5550035735861498,NN-t,0.05,1.7565171994027515,2.7058392319654376
2024-08-13,3.3894737323413033,NN-t,0.05,1.7679106361495676,2.7231526157405153
2024-08-14,0.5776917008342124,NN-t,0.05,1.7181785551410451,2.6475801064470037
2024-08-15,0.7768647754402221,NN-t,0.05,0.4899429304711646,0.7811621670070715
2024-08-16,3.5731666750035633,NN-t,0.05,0.4887085584753778,0.7792864242826264
2024-08-19,-1.78676517620567,NN-t,0.05,0.5004629320689227,0.7971482850699388
2024-08-20,1.787421985532697,NN-t,0.05,0.6919335252534139,1.0881056085808818
2024-08-21,-0.2923675020340554,NN-t,0.05,0.5034376814131432,0.8016686925795993
2024-08-22,0.6806784828739418,NN-t,0.05,0.5623898843874576,0.8912520322831173
2024-08-23,0.4002806509588617,NN-t,0.05,0.5296332645455225,0.8414753105528435
2024-08-26,-0.6644090637961935,NN-t,0.05,2.5910671867251023,4.011713684450186
2024-08-27,0.4670297831381058,NN-t,0.05,2.5909292067812633,4.011502192728851
2024-08-28,0.2169064503637986,NN-t,0.05,2.604566283378984,4.032404714670711
2024-08-29,-0.024058262446702,NN-t,0.05,2.5227021827865905,3.906925756873472
2024-08-30,0.7407324048039218,NN-t,0.05,2.4391844402074225,3.7789121438174713
2024-09-02,0.1373550073693391,NN-t,0.05,2.6913050283555666,4.165355388305956
2024-09-03,-0.0376354332350508,NN-t,0.05,2.516128550065797,3.8968498801854223
2024-09-04,-4.328192896367713,NN-t,0.05,2.483459416355245,3.8467755640874617
2024-09-05,-1.0596968439079586,NN-t,0.05,4.20596115868288,6.486977091584409
2024-09-06,-0.7272484757154206,NN-t,0.05,1.9836131306486475,3.0806254380197133
2024-09-09,-0.4840265089037639,NN-t,0.05,2.1841396300525764,3.3879867352654527
2024-09-10,-0.1563797596713826,NN-t,0.05,2.124799784844701,3.297032313502398
2024-09-11,-1.502950185259195,NN-t,0.05,2.042951034962172,3.1715768848352814
2024-09-12,3.3500692470700684,NN-t,0.05,2.224670973887829,3.4501120227329323
2024-09-13,-0.6851697592505765,NN-t,0.05,2.6445028313182255,4.09361831595837
2024-09-17,-1.0401771887622802,NN-t,0.05,2.119723993227806,3.2892522849248507
2024-09-18,0.4875866890508515,NN-t,0.05,2.2114977710399195,3.4299205132404196
2024-09-19,2.108328530259441,NN-t,0.05,2.371090455698242,3.674539627089824
2024-09-20,1.518693225368846,NN-t,0.05,2.903363439766498,4.490392471269454
2024-09-24,0.5727396065865551,NN-t,0.05,2.7414051577845857,4.2421474373331725
2024-09-25,-0.1855358269298584,NN-t,0.05,2.4005447757583465,3.729615840267325
2024-09-26,2.748672159356165,NN-t,0.05,2.256359780105103,3.5081121025699615
2024-09-27,2.2956440414575616,NN-t,0.05,2.3963456623193946,3.723164965697962
2024-09-30,-4.914248404567918,NN-t,0.05,2.4885645384997175,3.864835918820693
2024-10-01,1.9130880809781377,NN-t,0.05,4.341840992460685,6.711925934526039
2024-10-02,-2.205684437304394,NN-t,0.05,2.7418852864442247,4.253999106375552
2024-10-03,1.9468631932294085,NN-t,0.05,2.9758451478480596,4.61341919400199
2024-10-04,0.2165177991704316,NN-t,0.05,2.7240303835669963,4.226569569025904
2024-10-07,1.7882530048958636,NN-t,0.05,2.1925181502218165,3.4100356031688155
2024-10-08,-1.0098407482880876,NN-t,0.05,2.4626228519408246,3.8249830859448823
2024-10-09,0.870477142162716,NN-t,0.05,2.262056426515911,3.5168635573702156
2024-10-10,0.2617117951892766,NN-t,0.05,2.1748396555314917,3.3828770723312007
2024-10-11,0.5694902776685145,NN-t,0.05,1.8651880059087689,2.907175717520748
2024-10-15,0.7665127640329642,NN-t,0.05,1.9431729245013245,3.026979798895612
2024-10-16,-1.846663015318762,NN-t,0.05,1.91999954366186,2.991379766813422
2024-10-17,-0.689218332841583,NN-t,0.05,2.4505512150631827,3.806438072461277
2024-10-18,0.1811681823155245,NN-t,0.05,2.098332023462195,3.265342467645428
2024-10-21,-0.069668230687718,NN-t,0.05,1.8783055919265224,2.92732756702031
2024-10-22,-1.4028011742253517,NN-t,0.05,1.8808187923936328,2.931188463187248
2024-10-23,-0.8027077189695614,NN-t,0.05,2.3660457076299717,3.676616757367681
2024-10-24,0.1008016366076733,NN-t,0.05,2.2152604376555196,3.4460640743297484
2024-10-25,-0.6031456584008739,NN-t,0.05,1.9476664674843136,3.034821336685243
2024-10-28,1.8077186404158372,NN-t,0.05,2.1721408024344315,3.379797122114019
2024-10-29,0.7693276822786391,NN-t,0.05,2.5900323319527625,4.0220195777531185
2024-10-30,0.9560211502865086,NN-t,0.05,2.1000164460729693,3.268955245737063
2024-10-31,-0.5006238829108204,NN-t,0.05,2.2238829919617777,3.459315355127015
2024-11-01,-2.6645231367667983,NN-t,0.05,1.9887152042990304,3.0979056987646
2024-11-05,1.1008459054551205,NN-t,0.05,2.867742324933368,4.448808782724784
2024-11-06,2.580519251055579,NN-t,0.05,2.46610876464102,3.831571836918943
2024-11-07,-0.251735101615967,NN-t,0.05,3.1333176663358926,4.8569492590567895
2024-11-08,0.3016185126676096,NN-t,0.05,2.1481034567950195,3.342856140894844
2024-11-11,0.0833801890628168,NN-t,0.05,2.2310979618833877,3.470403437495565
2024-11-12,-0.3985093197873606,NN-t,0.05,2.0240148089440426,3.152154701620291
2024-11-13,-1.6759637908742888,NN-t,0.05,2.209772829666308,3.4376306296928627
2024-11-14,-0.4814073329608999,NN-t,0.05,2.418226784652668,3.75798603630598
2024-11-15,0.2778257015228932,NN-t,0.05,2.1014463814474715,3.2711527935281763
2024-11-18,-1.0982102000304856,NN-t,0.05,1.9859660325470192,3.0936807271898337
2024-11-19,0.5051943009873268,NN-t,0.05,2.3358308285130605,3.631358599402191
2024-11-20,-0.1617623293734115,NN-t,0.05,2.078338273811428,3.235639880288949
2024-11-21,-0.854088261598344,NN-t,0.05,1.9458240067537704,3.0319898132606076
2024-11-22,0.6753520842744595,NN-t,0.05,2.0914239808286235,3.2577486622128498
2024-11-25,1.288009897913561,NN-t,0.05,1.9962983580504352,3.1114396989381445
2024-11-26,-0.8757664147849662,NN-t,0.05,2.0441451700917006,3.1850309907615957
2024-11-27,-0.801893572626497,NN-t,0.05,2.1297893915304997,3.3167569851174847
2024-11-28,0.5598303602311836,NN-t,0.05,2.129267990952365,3.315955039481706
2024-11-29,-0.3684244099642957,NN-t,0.05,2.020991819090175,3.149419736060351
2024-12-02,0.7950618108786257,NN-t,0.05,2.023485397571777,3.1532550106355095
2024-12-03,1.892602952646885,NN-t,0.05,1.9873754620183508,3.0977157449735384
2024-12-04,0.0701207602091615,NN-t,0.05,2.0068920220059123,3.1277333950563877
2024-12-05,0.3030583703951927,NN-t,0.05,1.7696607379157336,2.7628573267809133
2024-12-06,-0.7757516352278754,NN-t,0.05,1.792211093105312,2.797541137439971
2024-12-09,0.1771927461179997,NN-t,0.05,2.0493331498070897,3.193010417455272
2024-12-10,0.5274001603899916,NN-t,0.05,1.8649762806346928,2.909458398415363
2024-12-11,0.0118170054982427,NN-t,0.05,1.7375356040825545,2.7134469272594988
2024-12-12,1.2040082388597555,NN-t,0.05,1.6583609702557534,2.591671550084151
2024-12-13,-0.954876681135594,NN-t,0.05,1.8556698518333288,2.895144547846496
2024-12-16,-0.0328226653545253,NN-t,0.05,1.7930328485527398,2.7988050470372707
2024-12-17,-0.235488667796846,NN-t,0.05,1.6218335625362257,2.5354901869721505
2024-12-18,-0.7214353013517918,NN-t,0.05,1.6413900408817084,2.5655692339046863
2024-12-19,-0.688446951695577,NN-t,0.05,1.72192910880151,2.689443193268233
2024-12-20,-0.288148302055434,NN-t,0.05,1.5875855456310186,2.481656576826357
2024-12-23,1.1801377612235449,NN-t,0.05,1.4768099560185923,2.3111616939546504
2024-12-24,-0.318391983692586,NN-t,0.05,1.6219937608216388,2.534614314530794
2024-12-25,0.2394305346384046,NN-t,0.05,1.5318665798593325,2.3958994296406506
2024-12-26,1.1121774427931932,NN-t,0.05,1.5069300827356082,2.3575196279964885
2024-12-27,1.7861678111050672,NN-t,0.05,1.642963411458962,2.566888736556258
2024-12-30,-0.9644420798439086,NN-t,0.05,1.6226114662839035,2.5355650259718843
