date,ret,model,level,var,es
2023-08-19,0.1789155950789422,GARCH-t,0.01,6.242472751384894,9.06734735291445
2023-08-20,0.3571869420107809,GARCH-t,0.01,6.08508533624232,8.839125590633127
2023-08-21,-0.2501958864606914,GARCH-t,0.01,5.936483504634598,8.623643483267529
2023-08-22,-0.354646951925222,GARCH-t,0.01,5.792595684990041,8.414996993074205
2023-08-23,1.5248455549160829,GARCH-t,0.01,5.6567916633941895,8.218072524205969
2023-08-24,-1.0239565761125091,GARCH-t,0.01,5.605636308009368,8.14389400525974
2023-08-25,-0.4393992436939317,GARCH-t,0.01,5.514654123602468,8.01196405112245
2023-08-26,-0.1506261986445485,GARCH-t,0.01,5.392506625132521,7.834842409383729
2023-08-27,0.3118365040993392,GARCH-t,0.01,5.267529120940307,7.653617079350636
2023-08-28,0.0630587825120889,GARCH-t,0.01,5.149182681854186,7.482007215477554
2023-08-29,6.024989257085102,GARCH-t,0.01,5.03228064496076,7.312491826652308
2023-08-30,-1.5634289371322936,GARCH-t,0.01,6.287006515068072,9.131924142739656
2023-08-31,-5.132914544958933,GARCH-t,0.01,6.215577586670252,9.028347653462864
2023-09-01,-0.5054814300673318,GARCH-t,0.01,7.107785288255356,10.463790877570675
2023-09-02,0.2634986878477164,GARCH-t,0.01,6.93448853881702,10.208662361939858
2023-09-03,0.3887765541686761,GARCH-t,0.01,6.761880383064038,9.954547598069452
2023-09-04,-0.6069712504034206,GARCH-t,0.01,6.598463869475837,9.713964825014282
2023-09-05,-0.125730142442957,GARCH-t,0.01,6.4485804998703085,9.493305627832914
2023-09-06,-0.1038013801593385,GARCH-t,0.01,6.292558326415605,9.263608846744953
2023-09-07,1.8732105501950571,GARCH-t,0.01,6.142345090435565,9.042464018305305
2023-09-08,-1.2831149860508746,GARCH-t,0.01,6.123149594266476,9.014204293525182
2023-09-09,-0.0385185563078999,GARCH-t,0.01,6.038431786505503,8.889482227983814
2023-09-10,-0.2453267904857347,GARCH-t,0.01,5.8977440484994865,8.682360894887461
2023-09-11,-2.626188106748031,GARCH-t,0.01,5.764776163533387,8.486604775814715
2023-09-12,2.6305127952917498,GARCH-t,0.01,5.894017895362632,8.676875229853929
2023-09-13,1.5173852958685845,GARCH-t,0.01,6.013875805679883,8.853330765488389
2023-09-14,1.1800835130971608,GARCH-t,0.01,5.958526348533182,8.771844962156374
2023-09-15,0.2597241409319121,GARCH-t,0.01,5.872603509755487,8.645348842712773
2023-09-16,-0.1519910354119122,GARCH-t,0.01,5.740938960317818,8.451511502034977
2023-09-17,-0.1284074186649275,GARCH-t,0.01,5.612823735226442,8.262899497982923
2023-09-18,0.8260511389751386,GARCH-t,0.01,5.489603903355953,8.081494521240511
2023-09-19,1.6931102662432371,GARCH-t,0.01,5.398243777966806,7.946993595782168
2023-09-20,-0.2911478899391834,GARCH-t,0.01,5.399525185583337,7.948880091773485
2023-09-21,-2.1020467716698095,GARCH-t,0.01,4.741654976691271,6.9775139747627355
2023-09-22,0.044915054085552,GARCH-t,0.01,4.765329883863292,7.0123623464786045
2023-09-23,-0.0006686902016047,GARCH-t,0.01,4.702663734815614,6.920120664593731
2023-09-24,-1.2210127075315798,GARCH-t,0.01,4.640775891045488,6.829024612190041
2023-09-25,0.1585160786217759,GARCH-t,0.01,4.609467680914611,6.782940370487558
2023-09-26,-0.3093569595525136,GARCH-t,0.01,4.549344769361244,6.694442216926555
2023-09-27,0.5153782852789497,GARCH-t,0.01,4.491391609688764,6.60913783808775
2023-09-28,2.506320623495958,GARCH-t,0.01,4.437908777878483,6.530413575736913
2023-09-29,-0.4072674570297436,GARCH-t,0.01,4.510478420482714,6.637232743490552
2023-09-30,0.2085958120685116,GARCH-t,0.01,4.454491804337318,6.554823026047007
2023-10-01,3.6976120856382697,GARCH-t,0.01,4.396824046015476,6.46993874483659
2023-10-02,-1.631914578851585,GARCH-t,0.01,4.621479949670188,6.8006218762144295
2023-10-03,-0.3668317065944561,GARCH-t,0.01,4.614006682334292,6.789621571285626
2023-10-04,1.3377719302482878,GARCH-t,0.01,4.555953110244571,6.704169389998623
2023-10-05,-1.3890662255842758,GARCH-t,0.01,4.532843968697089,6.670153799194829
2023-10-06,1.9171883788155937,GARCH-t,0.01,4.512620114927366,6.640385218960329
2023-10-07,0.0795565220182125,GARCH-t,0.01,4.529159587877928,6.664730560514481
2023-10-08,-0.1207428683062469,GARCH-t,0.01,4.469701877680923,6.577211552677852
2023-10-09,-1.265938772792596,GARCH-t,0.01,4.411166766803055,6.491050568498275
2023-10-10,-0.7009006012591489,GARCH-t,0.01,4.386768189861089,6.455136988249196
2023-10-11,-1.9081220842271784,GARCH-t,0.01,4.405210814637168,6.544629677349868
2023-10-12,-0.434538164717781,GARCH-t,0.01,4.421039283628632,6.568188350089242
2023-10-13,0.3938005783230497,GARCH-t,0.01,4.370848155621823,6.493485208568096
2023-10-14,-0.0024866641728645,GARCH-t,0.01,4.321441099832877,6.419949059305938
2023-10-15,1.1030760315870678,GARCH-t,0.01,4.2691830947934575,6.342169632919209
2023-10-16,4.885439730476576,GARCH-t,0.01,4.243238013569521,6.303553663296324
2023-10-17,-0.3643399432774455,GARCH-t,0.01,4.65745997372214,6.920070624346681
2023-10-18,-0.3080719749687549,GARCH-t,0.01,4.603248589899243,6.839383840873124
2023-10-19,1.3724231161473082,GARCH-t,0.01,4.5490632980212204,6.758735891957144
2023-10-20,3.298576898255148,GARCH-t,0.01,4.530973043689809,6.731810838005585
2023-10-21,0.7901299916077795,GARCH-t,0.01,4.682172020610919,6.956851378422564
2023-10-22,0.2519829955235934,GARCH-t,0.01,4.63775609826815,6.890743899584592
2023-10-23,9.8123405529161,GARCH-t,0.01,4.583065926838967,6.809344501357565
2023-10-24,2.4342751787773462,GARCH-t,0.01,6.084396177126383,9.043884560747795
2023-10-25,1.7581001125127034,GARCH-t,0.01,6.095892503311855,9.06099538722474
2023-10-26,-1.0083818433932463,GARCH-t,0.01,6.066893292956123,9.017833732939708
2023-10-27,-0.7253169256571986,GARCH-t,0.01,6.007158315653551,8.92892577967372
2023-10-28,0.5287514961399851,GARCH-t,0.01,5.9414427708675275,8.831116508648302
2023-10-29,1.3082482218137432,GARCH-t,0.01,5.8739175546864875,8.730613770795232
2023-10-30,-0.1046255776520464,GARCH-t,0.01,5.828826985136189,8.663502164976611
2023-10-31,0.4782938801692802,GARCH-t,0.01,5.623650815960394,8.438025491773537
2023-11-01,2.1952875620689456,GARCH-t,0.01,5.568534799058313,8.355323064798027
2023-11-02,-1.418164303813905,GARCH-t,0.01,5.573650008917642,8.362998515486112
2023-11-03,-0.5911206955145198,GARCH-t,0.01,5.542240120257644,8.315867496787366
2023-11-04,1.002295869368392,GARCH-t,0.01,5.489571353742479,8.236837206475398
2023-11-05,-0.093652131699398,GARCH-t,0.01,5.446185797730026,8.171736515612952
2023-11-06,-0.0341987012508487,GARCH-t,0.01,5.390051879305236,8.087506711822465
2023-11-07,1.1526405303600251,GARCH-t,0.01,5.334397553626091,8.003996544287537
2023-11-08,0.5955525293475274,GARCH-t,0.01,5.2974080186520185,7.948493180891627
2023-11-09,2.869223982446583,GARCH-t,0.01,5.247574251570558,7.873716850622858
2023-11-10,1.677834605033404,GARCH-t,0.01,5.306304590995594,7.961842623865419
2023-11-11,-0.4725682318407843,GARCH-t,0.01,5.289976681197868,7.93734234529652
2023-11-12,-0.2251742592082081,GARCH-t,0.01,5.2384013861179834,7.859952825610028
2023-11-13,-1.501353705502923,GARCH-t,0.01,5.184997975033629,7.779820189877415
2023-11-14,-2.678435783979465,GARCH-t,0.01,5.162938746946251,7.746719980490485
2023-11-15,6.384619927627836,GARCH-t,0.01,5.209644577162682,7.816802793616612
2023-11-16,-4.662975619066543,GARCH-t,0.01,5.6966810080112955,8.547608412756876
2023-11-17,1.214874696667944,GARCH-t,0.01,5.908845952200433,8.865965158940813
2023-11-18,-0.0300085015663709,GARCH-t,0.01,5.865976725411336,8.801639227981024
2023-11-19,2.1653391391504333,GARCH-t,0.01,5.8054018183277405,8.710745652733568
2023-11-20,0.241533445499477,GARCH-t,0.01,6.008577324036737,8.928611507820333
2023-11-21,-4.539262192194837,GARCH-t,0.01,5.932507045843344,8.815579478886766
2023-11-22,4.420138946783627,GARCH-t,0.01,6.169225154207948,9.167316434623194
2023-11-23,-0.3819999415433914,GARCH-t,0.01,6.375854117241537,9.474344244732537
2023-11-24,1.148288092363248,GARCH-t,0.01,6.296139789047692,9.355897560103358
2023-11-25,0.2026342935600158,GARCH-t,0.01,6.234638703030402,9.264513741097476
2023-11-26,-0.844024984109134,GARCH-t,0.01,6.15527577647087,9.14658920047303
2023-11-27,-0.602017674392167,GARCH-t,0.01,6.087075729527516,9.04525146565137
2023-11-28,1.5367313611233842,GARCH-t,0.01,6.014590276607321,8.93754609101203
2023-11-29,0.0724175028494842,GARCH-t,0.01,5.973661947371225,8.876731115646017
2023-11-30,-0.385718899847248,GARCH-t,0.01,5.897246150067302,8.763185683488139
2023-12-01,2.555073011462817,GARCH-t,0.01,5.82411218023626,8.654516684369284
2023-12-02,2.0152443138720524,GARCH-t,0.01,5.85215580925786,8.69618641875507
2023-12-03,1.2637770520489715,GARCH-t,0.01,5.840966703791361,8.679560644236215
2023-12-04,4.8856566886563275,GARCH-t,0.01,5.791400182379434,8.605910269669085
2023-12-05,4.882523455973004,GARCH-t,0.01,6.0860204551164285,9.043683444466229
2023-12-06,-0.7610515703398493,GARCH-t,0.01,6.359453332574302,9.4499744907226
2023-12-07,-1.0427160036986542,GARCH-t,0.01,6.286263159050748,9.341221979126216
2023-12-08,1.998568323480024,GARCH-t,0.01,6.221603726315772,9.245145205841029
2023-12-09,-1.0026349184727985,GARCH-t,0.01,6.200774326920429,9.214195019631145
2023-12-10,0.1227688266422679,GARCH-t,0.01,6.598706637120617,9.872932604207492
2023-12-11,-5.966864669683699,GARCH-t,0.01,6.488311043409266,9.70785148953208
2023-12-12,0.4991678164292342,GARCH-t,0.01,7.076233659212181,10.587007237481572
2023-12-13,3.416274957103686,GARCH-t,0.01,6.960092537539104,10.413334492212636
2023-12-14,0.3101461159203954,GARCH-t,0.01,7.060550549986215,10.56355534899979
2023-12-15,-2.5761678809584643,GARCH-t,0.01,6.9419360362424305,10.386183993067736
2023-12-16,0.7374628549158558,GARCH-t,0.01,6.951499013823173,10.400484083728715
2023-12-17,-2.094342240847231,GARCH-t,0.01,6.843578233223213,10.239103704683297
2023-12-18,2.9979669511789555,GARCH-t,0.01,6.813617996341963,10.194302375807542
2023-12-19,-0.8316570718615267,GARCH-t,0.01,6.870831847210969,10.279857658937988
2023-12-20,3.2164737244750543,GARCH-t,0.01,6.768249049261389,10.126459483678223
2023-12-21,0.4956565640048613,GARCH-t,0.01,6.853461171490169,10.2538822516391
2023-12-22,0.2930565787194846,GARCH-t,0.01,6.74203872464652,10.087265622238968
2023-12-23,-0.5889392398977759,GARCH-t,0.01,6.629952970356335,9.919657109657946
2023-12-24,-1.6677702596480783,GARCH-t,0.01,6.525883602641898,9.764035977977771
2023-12-25,1.378363164697311,GARCH-t,0.01,6.4740889394837735,9.686584329402583
2023-12-26,-2.5374479539831176,GARCH-t,0.01,6.404443962565359,9.582440042165029
2023-12-27,2.146239120434015,GARCH-t,0.01,6.431651785287789,9.623125522009936
2023-12-28,-1.893848326303362,GARCH-t,0.01,6.418313718509717,9.603180315346195
2023-12-29,-1.247437935200907,GARCH-t,0.01,6.3863885188910805,9.555440660509433
2023-12-30,0.1364883236683238,GARCH-t,0.01,6.267980367770147,9.37519098391122
2023-12-31,0.2565328952055138,GARCH-t,0.01,6.172523323409077,9.232468039326085
2024-01-01,4.402166483732666,GARCH-t,0.01,6.079762597548007,9.093776505083
2024-01-02,1.774260401360504,GARCH-t,0.01,6.358670543755748,9.510786728030949
2024-01-03,-4.806495357875531,GARCH-t,0.01,6.320054704437377,9.453050116426912
2024-01-04,3.0607357718285955,GARCH-t,0.01,6.6503082760166015,9.94682993656524
2024-01-05,-0.0390082845152692,GARCH-t,0.01,6.714146127496246,10.042277330732402
2024-01-06,-0.3936304127509979,GARCH-t,0.01,6.610036215033722,9.886617019158663
2024-01-07,-0.1048480800776119,GARCH-t,0.01,6.510760717937392,9.738184901177435
2024-01-08,6.662426635587364,GARCH-t,0.01,6.41064786861164,9.588500812986595
2024-01-09,-1.784541710643821,GARCH-t,0.01,7.095871585069905,10.613015527087455
2024-01-10,1.052203275194838,GARCH-t,0.01,7.038953793568985,10.527914685586785
2024-01-11,-0.5574241147522552,GARCH-t,0.01,6.947440539528191,10.391088313340584
2024-01-12,-7.884262883299366,GARCH-t,0.01,6.844482535216181,10.237150281397788
2024-01-13,-0.0251708664186648,GARCH-t,0.01,7.757265447012668,11.601900948156542
2024-01-14,-2.4720775355358247,GARCH-t,0.01,7.63390068600146,11.417451680243298
2024-01-15,1.6978564046419868,GARCH-t,0.01,7.6092256276652,11.380558677666766
2024-01-16,1.5011364505806484,GARCH-t,0.01,7.533692830130763,11.2676255426737
2024-01-17,-0.9599712825861542,GARCH-t,0.01,7.450022686433702,11.142525825180496
2024-01-18,-3.525390600438047,GARCH-t,0.01,7.3473862464627775,10.989068581323489
2024-01-19,0.8599127738074015,GARCH-t,0.01,7.193664013176886,10.855348006867732
2024-01-20,0.1132983453546331,GARCH-t,0.01,7.115011883872515,10.736743258098649
2024-01-21,-0.2879434924556738,GARCH-t,0.01,7.02845821890393,10.606223260999576
2024-01-22,-5.030891028125471,GARCH-t,0.01,6.9442029182069005,10.47916911942684
2024-01-23,0.8523584257922188,GARCH-t,0.01,7.189622797002517,10.849253989664108
2024-01-24,0.5793705727985713,GARCH-t,0.01,7.110870126134256,10.730497627619815
2024-01-25,-0.3581157289492955,GARCH-t,0.01,7.028375248421785,10.60609814432089
2024-01-26,4.607657449481696,GARCH-t,0.01,6.944742285792836,10.479982467489885
2024-01-27,0.7224112855396915,GARCH-t,0.01,7.134680959261298,10.766403558024912
2024-01-28,-0.2007256017307645,GARCH-t,0.01,7.0541831829550805,10.645015636048612
2024-01-29,2.936441573691462,GARCH-t,0.01,6.968969793599246,10.516516729207838
2024-01-30,-0.7783744989935841,GARCH-t,0.01,6.996228693672646,10.557622227857667
2024-01-31,-0.8651552809046922,GARCH-t,0.01,6.919504600945844,10.441924892987265
2024-02-01,1.151489029423974,GARCH-t,0.01,6.84588768589127,10.330913076874646
2024-02-02,0.2552374530244358,GARCH-t,0.01,6.780370883818883,10.232115956966064
2024-02-03,-0.4493245492150753,GARCH-t,0.01,6.699215568209084,10.109736487976392
2024-02-04,-0.9551086228745844,GARCH-t,0.01,6.621390501453214,9.992378921535986
2024-02-05,0.1761707531647928,GARCH-t,0.01,6.5547819077527905,9.891935416807351
2024-02-06,0.9936804708699248,GARCH-t,0.01,6.476421957025474,9.773771263442791
2024-02-07,2.822864621028068,GARCH-t,0.01,6.412420383005527,9.67725905614976
2024-02-08,2.1945671282114807,GARCH-t,0.01,6.365786308023613,9.717356720849958
2024-02-09,3.99329954084116,GARCH-t,0.01,6.35704296229797,9.704027721524376
2024-02-10,1.314996069506419,GARCH-t,0.01,6.475957684254283,9.885310070237734
2024-02-11,1.0881064258583886,GARCH-t,0.01,6.430070289146433,9.815355949968716
2024-02-12,3.388147853165121,GARCH-t,0.01,6.378652417773332,9.736970764896496
2024-02-13,-0.4328588760117502,GARCH-t,0.01,6.445957261223121,9.839575218740697
2024-02-14,4.104684951040893,GARCH-t,0.01,6.383642009540821,9.7445772655875
2024-02-15,0.2156009229108384,GARCH-t,0.01,6.511714749806426,9.939820771013466
2024-02-16,0.4258432609761564,GARCH-t,0.01,6.446633712234477,9.840606450417573
2024-02-17,-0.957802949778828,GARCH-t,0.01,6.383751325618271,9.744743915056516
2024-02-18,0.8855834280713762,GARCH-t,0.01,6.331021233461473,9.66435828410354
2024-02-19,-0.6610163694046542,GARCH-t,0.01,6.276356104946807,9.581022741398431
2024-02-20,0.9719679337319472,GARCH-t,0.01,6.21917048394692,9.493844774558466
2024-02-21,-0.8560904315229949,GARCH-t,0.01,6.1678315129580925,9.415579871035412
2024-02-22,-1.0358547640014264,GARCH-t,0.01,6.1157004541274524,9.336107450545674
2024-02-23,-1.1231806115512577,GARCH-t,0.01,6.068511513058258,9.264169157880255
2024-02-24,1.640559413021775,GARCH-t,0.01,6.024346561232995,9.1968408568425
2024-02-25,0.3139013368236927,GARCH-t,0.01,5.996806345155856,9.15485652578237
2024-02-26,5.2511187656945415,GARCH-t,0.01,5.938313843692153,9.065686254238068
2024-02-27,4.593621644047315,GARCH-t,0.01,6.213831177496712,9.485705143082477
2024-02-28,9.069529297704287,GARCH-t,0.01,6.414806377489621,9.738697828789428
2024-02-29,-2.1122414270019747,GARCH-t,0.01,7.293469490001798,11.069130953955971
2024-03-01,2.00954657884248,GARCH-t,0.01,7.26547633047818,11.02674494027456
2024-03-02,-0.6600547312091193,GARCH-t,0.01,7.228853033570011,10.971291551295783
2024-03-03,1.817220465901261,GARCH-t,0.01,7.155962163349307,10.860923394395954
2024-03-04,7.85670808490068,GARCH-t,0.01,7.11332680202143,10.796366801310038
2024-03-05,-6.858298181492034,GARCH-t,0.01,7.693603540471322,11.67499637344499
2024-03-06,3.5499700200866338,GARCH-t,0.01,8.092491533228362,12.278975067028536
2024-03-07,1.2308140052515395,GARCH-t,0.01,8.124194665734871,12.326978558989875
2024-03-08,2.0331312236987973,GARCH-t,0.01,8.04854890860108,12.212439073223422
2024-03-09,0.2906296632019191,GARCH-t,0.01,7.999213085483289,12.137736934942456
2024-03-10,0.7575825657206857,GARCH-t,0.01,7.911886001703535,12.005510096999298
2024-03-11,4.399229858274628,GARCH-t,0.01,7.83012360900819,11.881709070091782
2024-03-12,-0.8949836049347838,GARCH-t,0.01,7.936011221743907,12.042039446458244
2024-03-13,2.216689906407544,GARCH-t,0.01,7.857906591876592,11.923776843505388
2024-03-14,-2.33524614583823,GARCH-t,0.01,7.819574760375457,11.865736466424345
2024-03-15,-2.830892329200056,GARCH-t,0.01,7.792088750706743,11.824118356797149
2024-03-16,-6.071772520629676,GARCH-t,0.01,7.791804802106622,11.82368841428782
2024-03-17,4.60122407046103,GARCH-t,0.01,8.08365273037195,12.265591739630889
2024-03-18,-1.2388507554368626,GARCH-t,0.01,8.1980734896017,12.4388426319447
2024-03-19,-8.712073185700822,GARCH-t,0.01,8.949851313620002,13.550110015311946
2024-03-20,9.251085296877404,GARCH-t,0.01,9.897418015352663,14.981601681418145
2024-03-21,-3.631867422621332,GARCH-t,0.01,10.825028205129923,16.38294498910644
2024-03-22,-2.649844665215931,GARCH-t,0.01,10.797061755355738,16.340695995226515
2024-03-23,0.4434288665400013,GARCH-t,0.01,10.691315538034935,16.180944889008675
2024-03-24,4.832709315067971,GARCH-t,0.01,10.496992521666792,15.887380564771687
2024-03-25,3.97250476948794,GARCH-t,0.01,10.598382352241584,16.040550465350023
2024-03-26,0.0414778606564033,GARCH-t,0.01,10.60046085079276,16.043690458923653
2024-03-27,-0.7637444542951766,GARCH-t,0.01,10.406135788556645,15.750123043988202
2024-03-28,1.8397189971880863,GARCH-t,0.01,10.224766253696815,15.476127580489262
2024-03-29,-1.2118158012204416,GARCH-t,0.01,10.080784225130468,15.25861352729922
2024-03-30,-0.3547757048682065,GARCH-t,0.01,9.919256214442616,15.014592709852206
2024-03-31,2.3952858696302477,GARCH-t,0.01,9.741599717309075,14.7462065428296
2024-04-01,-2.3137002333257977,GARCH-t,0.01,9.641869924582828,14.59554446607123
2024-04-02,-6.299090436988572,GARCH-t,0.01,9.547295103693882,14.45267001968296
2024-04-03,0.812374307331999,GARCH-t,0.01,9.93805233393006,15.042988060123816
2024-04-04,3.759886271186141,GARCH-t,0.01,9.765492782270371,14.782301862881784
2024-04-05,-0.9845630418288568,GARCH-t,0.01,9.779101063754393,14.80285993177422
2024-04-06,1.5482496362565017,GARCH-t,0.01,9.61726580523819,14.558374954173726
2024-04-07,0.6747455363626303,GARCH-t,0.01,9.475232389379702,14.343804675650595
2024-04-08,3.218579409702191,GARCH-t,0.01,9.423601213096871,14.5414532683683
2024-04-09,-3.5413761203788403,GARCH-t,0.01,9.398649701556607,14.503028857230673
2024-04-10,2.073930124253475,GARCH-t,0.01,9.444840528986214,14.574161034577047
2024-04-11,-0.749778258451207,GARCH-t,0.01,9.276233918767016,14.314513048877698
2024-04-12,-4.174897018143468,GARCH-t,0.01,9.031109943232922,13.937031131583346
2024-04-13,-5.152204971523435,GARCH-t,0.01,9.224850754369614,14.235384863349864
2024-04-14,2.959850149495867,GARCH-t,0.01,9.619728673463722,14.843482352271815
2024-04-15,-3.5810999496508606,GARCH-t,0.01,9.545701857326137,14.729483774915494
2024-04-16,0.606192017722891,GARCH-t,0.01,9.58838549722562,14.795215012307724
2024-04-17,-4.053958534994488,GARCH-t,0.01,9.322505958852137,14.38577029073009
2024-04-18,3.584120208614769,GARCH-t,0.01,9.468044961246616,14.609895007805491
2024-04-19,0.5195142876912205,GARCH-t,0.01,9.49823499692818,14.656386553675008
2024-04-20,1.7865871886504232,GARCH-t,0.01,9.233740923358509,14.249075396997936
2024-04-21,-0.1043662476566599,GARCH-t,0.01,9.048811934615454,13.964291548000984
2024-04-22,2.9008901759275916,GARCH-t,0.01,8.79707407368465,13.57662449016754
2024-04-23,-0.6460398489914604,GARCH-t,0.01,8.764198611991626,13.525997486893868
2024-04-24,-3.2606301316271993,GARCH-t,0.01,8.535833093043996,13.174322977093494
2024-04-25,0.3181282769191777,GARCH-t,0.01,8.5950358797914,13.26549309377378
2024-04-26,-1.1328935219016096,GARCH-t,0.01,8.362297245039738,12.907084146288724
2024-04-27,-0.5286917956356649,GARCH-t,0.01,8.175654468641428,12.619661127261454
2024-04-28,-0.4835296290154386,GARCH-t,0.01,8.064169008728632,12.372944955596624
2024-04-29,1.1467091787556438,GARCH-t,0.01,7.88109577011392,12.09262059006278
2024-04-30,-5.14946297165421,GARCH-t,0.01,7.727398398750375,11.8572769732801
2024-05-01,-4.0089923480657195,GARCH-t,0.01,8.207423091733158,12.592297659641426
2024-05-02,1.48143925496978,GARCH-t,0.01,8.398100222535165,12.88426521381999
2024-05-03,6.175720649824811,GARCH-t,0.01,8.245219581186154,12.650172185735412
2024-05-04,1.5801344389047562,GARCH-t,0.01,8.901286953642366,13.654751944759044
2024-05-05,0.2183511056964741,GARCH-t,0.01,8.73576000117864,13.401294703934248
2024-05-06,-1.3667364763724112,GARCH-t,0.01,8.52438349956379,13.077631976643726
2024-05-07,-1.318192999564668,GARCH-t,0.01,8.365304907896547,12.83404855824478
2024-05-08,-1.8569986258493816,GARCH-t,0.01,8.209152200513921,12.59494529577642
2024-05-09,2.997730860417905,GARCH-t,0.01,8.100871009133272,12.429143584380954
2024-05-10,-3.6456454635488926,GARCH-t,0.01,8.118508071164548,12.45614970641829
2024-05-11,0.0015356866757304,GARCH-t,0.01,8.250761246976225,12.658657663778827
2024-05-12,1.071136415279376,GARCH-t,0.01,8.054681911522804,12.358418176450172
2024-05-13,2.337149423787631,GARCH-t,0.01,7.890642688879377,12.107238968838296
2024-05-14,-2.1674038111579397,GARCH-t,0.01,7.836176302171947,12.02383925726814
2024-05-15,7.380429766149847,GARCH-t,0.01,7.775983836560259,11.931671691652362
2024-05-16,-1.5755724397151207,GARCH-t,0.01,8.852616039090469,13.580226343174935
2024-05-17,2.752283490504771,GARCH-t,0.01,8.695192300172993,13.339176859012587
2024-05-18,-0.1657856805292211,GARCH-t,0.01,8.682017204731238,13.417969199531496
2024-05-19,-0.99451595532183,GARCH-t,0.01,8.486850401247011,13.116935113431508
2024-05-20,7.510908882529837,GARCH-t,0.01,8.320548753457771,12.860423946238043
2024-05-21,-1.852885718229531,GARCH-t,0.01,9.29347673503265,14.36111197589147
2024-05-22,-1.4565869510184994,GARCH-t,0.01,9.1502896603815,14.140253769529425
2024-05-23,-1.7406596587757723,GARCH-t,0.01,8.985421032380808,13.885952956733878
2024-05-24,0.8743394668047938,GARCH-t,0.01,8.845664461911385,13.670386114849665
2024-05-25,1.0738658385428568,GARCH-t,0.01,8.658686916811277,13.38198351048473
2024-05-26,-1.0855523058038128,GARCH-t,0.01,8.48573186516656,13.115209832898458
2024-05-27,1.271054899375939,GARCH-t,0.01,8.323783412029943,12.865413229608654
2024-05-28,-1.5953999045957543,GARCH-t,0.01,8.172079642179815,12.631418488190208
2024-05-29,-1.0570529093847765,GARCH-t,0.01,8.053029290937317,12.447789853369304
2024-05-30,1.1577009906272178,GARCH-t,0.01,7.904815524714908,12.219178251059558
2024-05-31,-1.2860492770805694,GARCH-t,0.01,7.7620330850026,11.998944171889454
2024-06-01,0.318825810485505,GARCH-t,0.01,7.637464561865645,11.80680405968851
2024-06-02,0.0659449960522584,GARCH-t,0.01,7.476353629040445,11.558299285526592
2024-06-03,1.5425138658129582,GARCH-t,0.01,7.318742755321298,11.31519316049699
2024-06-04,2.5300225248925363,GARCH-t,0.01,7.222437673536557,11.166647855843284
2024-06-05,0.727221781660282,GARCH-t,0.01,7.228992741828523,11.176758689024782
2024-06-06,-0.4591890272017647,GARCH-t,0.01,7.091285283184151,10.964352489701488
2024-06-07,-2.0194557079892093,GARCH-t,0.01,6.862233604385085,10.66769592244871
2024-06-08,-0.0531019638905004,GARCH-t,0.01,6.837273436126132,10.628980251087697
2024-06-09,0.4925659126589219,GARCH-t,0.01,6.692240323754319,10.404019655598196
2024-06-10,-0.1950427046023121,GARCH-t,0.01,6.558216262940159,10.196135179855991
2024-06-11,-3.1867374917879587,GARCH-t,0.01,6.424902373764941,9.989352250044806
2024-06-12,1.3412234174301008,GARCH-t,0.01,6.607112179912547,10.271977547293536
2024-06-13,-2.199815542116183,GARCH-t,0.01,6.520387944208756,10.137459743819242
2024-06-14,-1.1227334405387726,GARCH-t,0.01,6.537100262826741,10.163382190678648
2024-06-15,0.2721687016485993,GARCH-t,0.01,6.443721383842464,10.018542382176214
2024-06-16,0.6746193121199441,GARCH-t,0.01,6.314583863762404,9.818237410834415
2024-06-17,-0.2234669798733621,GARCH-t,0.01,6.201134029274098,9.642265579937996
2024-06-18,-2.0505771883152004,GARCH-t,0.01,6.081815258712005,9.457190453025529
2024-06-19,-0.2773987515326678,GARCH-t,0.01,6.104999976920992,9.49315222705944
2024-06-20,-0.2028534277712279,GARCH-t,0.01,5.990416561873366,9.31542210142956
2024-06-21,-1.1362664075990998,GARCH-t,0.01,5.878933800445056,9.142501393960824
2024-06-22,0.2436781820078235,GARCH-t,0.01,5.816134335267826,9.045093258317468
2024-06-23,-1.6821441362000096,GARCH-t,0.01,5.710840194332981,8.881771708783779
2024-06-24,-4.704293399341265,GARCH-t,0.01,5.7098123548585455,8.8801774288538
2024-06-25,2.502097858985756,GARCH-t,0.01,6.335756226453692,9.851077823903273
2024-06-26,-1.6203198264060434,GARCH-t,0.01,6.394348401857866,9.941960040070274
2024-06-27,1.296454786345771,GARCH-t,0.01,6.401788403806582,10.030235278046948
2024-06-28,-2.1073812008611803,GARCH-t,0.01,6.324941107539776,9.90997592173025
2024-06-29,0.9359920064692572,GARCH-t,0.01,6.3434358238937305,9.93891854940923
2024-06-30,2.8989272731724975,GARCH-t,0.01,6.24429381752404,9.78376990464013
2024-07-01,0.2767262526904299,GARCH-t,0.01,6.385605195526784,10.004909960105888
2024-07-02,-1.318017605629068,GARCH-t,0.01,6.260164363731451,9.8086059335444
2024-07-03,-3.0363202506616576,GARCH-t,0.01,6.195470841942781,9.707366180604309
2024-07-04,-5.457904895434864,GARCH-t,0.01,6.37406193465466,9.986845757593704
2024-07-05,-0.5549607840752044,GARCH-t,0.01,7.138700461122484,11.18343876053695
2024-07-06,2.8552385625087484,GARCH-t,0.01,6.991442234680395,10.952992402830631
2024-07-07,-4.30092171893191,GARCH-t,0.01,7.069923322096719,11.075808500653428
2024-07-08,1.5210533790654033,GARCH-t,0.01,7.43354195017636,11.644840129375876
2024-07-09,2.273796411214889,GARCH-t,0.01,7.327074393172638,11.478227632959277
2024-07-10,-0.4608673369846872,GARCH-t,0.01,7.302767844986657,11.440189992324814
2024-07-11,-0.6909245978268808,GARCH-t,0.01,7.14635178160673,11.195412413757142
2024-07-12,0.9623984558104184,GARCH-t,0.01,7.003768558342678,10.972282030721129
2024-07-13,2.275300324258214,GARCH-t,0.01,6.8778420095150565,10.775217899113755
2024-07-14,2.5927850263005583,GARCH-t,0.01,6.879512664472453,10.777832329283248
2024-07-15,6.499862039498034,GARCH-t,0.01,6.925208534568085,10.849342404341096
2024-07-16,0.3493129782673193,GARCH-t,0.01,7.912981836102563,12.395121985407023
2024-07-17,-1.514324245482322,GARCH-t,0.01,8.35389117329594,13.22327287523644
2024-07-18,-0.2259714160352502,GARCH-t,0.01,8.170448028240274,12.933161474907486
2024-07-19,4.187942010963554,GARCH-t,0.01,7.916622273054659,12.53174148587433
2024-07-20,0.6774946348331885,GARCH-t,0.01,8.29700937494697,13.133315530865564
2024-07-21,1.4645375370143716,GARCH-t,0.01,8.049255006251965,12.741497309378394
2024-07-22,-0.8387766690112852,GARCH-t,0.01,7.876188690555839,12.467796642170908
2024-07-23,-2.483150354628474,GARCH-t,0.01,7.664451331768576,12.13293854953906
2024-07-24,-0.8462196557576013,GARCH-t,0.01,7.67448896415921,12.148812849927612
2024-07-25,0.6177613679945954,GARCH-t,0.01,7.475552073920737,11.834198423824867
2024-07-26,3.193999219319689,GARCH-t,0.01,7.273484727323966,11.51463324811794
2024-07-27,-0.1454798896138238,GARCH-t,0.01,7.465575117666242,11.81842008144454
2024-07-28,0.6504525639670647,GARCH-t,0.01,7.251128468518885,11.479277304203595
2024-07-29,-2.1262245664086654,GARCH-t,0.01,7.064366639947927,11.183917477057834
2024-07-30,-0.9305346230673276,GARCH-t,0.01,7.061757852845369,11.179791736195437
2024-07-31,-2.418345057748668,GARCH-t,0.01,6.9077721461955095,10.936266643048574
2024-08-01,1.1359846111043197,GARCH-t,0.01,6.973805199748657,11.04069650129423
2024-08-02,-6.221701386487153,GARCH-t,0.01,6.839862420092542,10.82886886740692
2024-08-03,-1.203948679208518,GARCH-t,0.01,8.164624944655749,12.923952393083107
2024-08-04,-4.315788272420938,GARCH-t,0.01,7.962941955675091,12.60499507070427
2024-08-05,-7.363198582120066,GARCH-t,0.01,8.38640251647274,13.27468886732889
2024-08-06,3.713846509911699,GARCH-t,0.01,10.051312992344098,16.03660823199494
2024-08-07,-1.8131945621423673,GARCH-t,0.01,10.097862826181172,16.110844469104737
2024-08-08,11.461585743295792,GARCH-t,0.01,9.824319390735411,15.674605847831597
2024-08-09,-1.3541633552667405,GARCH-t,0.01,13.007280501313964,20.75069390741924
2024-08-10,0.1078575429619125,GARCH-t,0.01,12.51632072520814,19.967726421908367
2024-08-11,-3.721354652343721,GARCH-t,0.01,12.006381352241617,19.154490861591235
2024-08-12,1.075659964060797,GARCH-t,0.01,11.885365512754426,18.961498538876285
2024-08-13,2.092453927711503,GARCH-t,0.01,11.439268270205854,18.250076436108536
2024-08-14,-3.13783013916643,GARCH-t,0.01,11.10641598489075,17.719253893074903
2024-08-15,-2.024486209713598,GARCH-t,0.01,10.951553823564318,17.47228450178122
2024-08-16,2.291143010134266,GARCH-t,0.01,10.645540065666845,16.98426321324887
2024-08-17,0.9881840637262366,GARCH-t,0.01,10.390564410171793,16.57763591389468
2024-08-18,-1.687023792647201,GARCH-t,0.01,10.025839276244858,15.995983536426111
2024-08-19,1.7113663556006082,GARCH-t,0.01,9.743268660930832,15.54534864754268
2024-08-20,-0.8112024604757305,GARCH-t,0.01,9.479488258579575,15.124679809875024
2024-08-21,3.5987487774751865,GARCH-t,0.01,9.160482705637344,14.615939607913244
2024-08-22,-1.3052114105543453,GARCH-t,0.01,9.269219996696494,14.789350480871388
2024-08-23,5.966667778992524,GARCH-t,0.01,8.998748708408344,14.358011224988614
2024-08-24,0.1319630813085004,GARCH-t,0.01,9.847605409117088,15.71174167065699
2024-08-25,0.2405226160543708,GARCH-t,0.01,9.48530211220927,15.133951564057565
2024-08-26,-2.284251207913442,GARCH-t,0.01,9.161923265470156,14.767823087147088
2024-08-27,-5.519287756090793,GARCH-t,0.01,9.025244918573271,14.547652147479685
2024-08-28,-0.804021450926693,GARCH-t,0.01,9.688269840942931,15.615698575427553
2024-08-29,0.6089656742738994,GARCH-t,0.01,9.371180839728243,15.104909668913288
2024-08-30,-0.4534788620027655,GARCH-t,0.01,9.06260755036888,14.607838460364285
2024-08-31,-0.2533305049583044,GARCH-t,0.01,8.767739548044535,14.132844676611684
2024-09-01,-2.8281771257721453,GARCH-t,0.01,8.485258883247598,13.67780527338319
2024-09-02,3.0696731082648925,GARCH-t,0.01,8.496970353061595,13.696670919422791
2024-09-03,-2.8857442236703132,GARCH-t,0.01,8.54995341210659,13.782019697493618
2024-09-04,0.9367548966836616,GARCH-t,0.01,8.567010983599632,13.809497214081528
2024-09-05,-3.1738730145491645,GARCH-t,0.01,8.323507089427334,13.417244290265916
2024-09-06,-4.017885990554018,GARCH-t,0.01,8.421950300634824,13.57582342739714
2024-09-07,0.3532917856170691,GARCH-t,0.01,8.715449062482133,14.048611543834442
2024-09-08,1.2880905395702242,GARCH-t,0.01,8.437510810799072,13.60088937399621
2024-09-09,3.894551366544674,GARCH-t,0.01,8.229312844242086,13.265509681642472
2024-09-10,1.097395515939397,GARCH-t,0.01,8.505003125951308,13.70961066588166
2024-09-11,-0.5314110423381013,GARCH-t,0.01,8.276654920794739,13.341771574744438
2024-09-12,1.357669762940072,GARCH-t,0.01,8.031668622125732,12.9471306911794
2024-09-13,4.11907229072504,GARCH-t,0.01,7.857455903799384,12.666496788540362
2024-09-14,-0.9391286288541528,GARCH-t,0.01,8.241599056373508,13.285301162380591
2024-09-15,-1.3798343779418605,GARCH-t,0.01,8.030182486133642,12.926714614908375
2024-09-16,-1.6874951656180976,GARCH-t,0.01,7.863237696102359,12.658203449684692
2024-09-17,3.5717088660707748,GARCH-t,0.01,7.743411070934247,12.465476340664503
2024-09-18,2.199433056839477,GARCH-t,0.01,7.989919510365099,12.861956328429605
2024-09-19,2.072111905391629,GARCH-t,0.01,7.927985349884537,12.762342476480883
2024-09-20,0.4004011647405417,GARCH-t,0.01,7.851395976221811,12.639157428525346
2024-09-21,0.3189303016478239,GARCH-t,0.01,7.629092041691606,12.281607555400644
2024-09-22,0.3996604788029707,GARCH-t,0.01,7.418493219367523,11.94288398597162
2024-09-23,-0.5023067643079772,GARCH-t,0.01,7.22335873636363,11.629032997289205
2024-09-24,1.5234244172186633,GARCH-t,0.01,7.045887781367943,11.343591727092498
2024-09-25,-1.818596455888868,GARCH-t,0.01,6.96288154612628,11.21008590794478
2024-09-26,3.176403065562404,GARCH-t,0.01,6.9324151512122825,11.161084275746555
2024-09-27,0.9309629648678251,GARCH-t,0.01,7.173803160844033,11.54932865117811
2024-09-28,0.1473050355760251,GARCH-t,0.01,7.022606887007716,11.306147131960522
2024-09-29,-0.3837262677613024,GARCH-t,0.01,6.847733123202268,11.024883139968598
2024-09-30,-3.5762477049568058,GARCH-t,0.01,6.690562250983214,10.772092178173066
2024-10-01,-4.015297041725014,GARCH-t,0.01,7.0818115632542495,11.401370927819434
2024-10-02,-0.3362528965938227,GARCH-t,0.01,7.549105023281358,12.152957793332122
2024-10-03,0.2086085373775952,GARCH-t,0.01,7.344903396719213,11.824523364929185
2024-10-04,2.1300283559387174,GARCH-t,0.01,7.150091066875659,11.51119052191904
2024-10-05,0.0362002616500902,GARCH-t,0.01,7.122790874815406,11.483710910261795
2024-10-06,1.1672701783517452,GARCH-t,0.01,6.9408517241690415,11.19088819983326
2024-10-07,-0.9312611593072028,GARCH-t,0.01,6.824120901387473,11.003015299492583
2024-10-08,-0.1683566537619295,GARCH-t,0.01,6.700719340660436,10.804406152671634
2024-10-09,-2.5261155468464205,GARCH-t,0.01,6.547812909262562,10.55831027102762
2024-10-10,-0.509036697595273,GARCH-t,0.01,6.686209323386678,10.781052946001315
2024-10-11,3.537847936044716,GARCH-t,0.01,6.54520433051893,10.55411188329544
2024-10-12,1.1906298332257008,GARCH-t,0.01,6.922479200842594,11.161318466992643
2024-10-13,-0.5421094129359056,GARCH-t,0.01,6.809293362065822,10.979151055663111
2024-10-14,4.958054928829012,GARCH-t,0.01,6.661565925120795,10.741390527831562
2024-10-15,1.4952642422039788,GARCH-t,0.01,7.489913340409068,12.0745776646268
2024-10-16,0.8490108547449184,GARCH-t,0.01,7.367603293748103,11.87772525958552
2024-10-17,-0.3153528787227215,GARCH-t,0.01,7.196511600415225,11.602361033713544
2024-10-18,1.500489704966544,GARCH-t,0.01,7.014789738711312,11.309888039862496
2024-10-19,-0.0819623721527923,GARCH-t,0.01,6.928267850964491,11.170635033616122
2024-10-20,0.9303330181939204,GARCH-t,0.01,6.759331110727275,10.898739105821148
2024-10-21,-2.3963262921302486,GARCH-t,0.01,6.635263891892595,10.699058612835252
2024-10-22,-0.0095677993177765,GARCH-t,0.01,6.737322217586415,10.863316802704183
2024-10-23,-1.3890438213698968,GARCH-t,0.01,6.580340215217898,10.610661476685896
2024-10-24,2.569154796745315,GARCH-t,0.01,6.521896637622986,10.5165992215985
2024-10-25,-2.253213347279499,GARCH-t,0.01,6.586498487416251,10.58686856270232
2024-10-26,0.557070573324996,GARCH-t,0.01,6.6590604025613,10.703241713658846
2024-10-27,1.355548405756674,GARCH-t,0.01,6.513740689308706,10.470181259100858
2024-10-28,2.8709215102556978,GARCH-t,0.01,6.44202925141668,10.355172084240516
2024-10-29,3.9446590577762137,GARCH-t,0.01,6.646139735250727,10.682519840974164
2024-10-30,-0.5252363418187159,GARCH-t,0.01,7.118017005626144,11.439305886499296
2024-10-31,-2.980622089692495,GARCH-t,0.01,6.94515150048327,11.16206811672772
2024-11-01,-1.0490161236778448,GARCH-t,0.01,7.137494605727988,11.47054361902595
2024-11-02,-0.278436278553029,GARCH-t,0.01,6.998125896305314,11.247027249207978
2024-11-03,-0.7942586110248759,GARCH-t,0.01,6.82397588472192,10.967729417190132
2024-11-04,-1.3615611362265725,GARCH-t,0.01,6.6857655445765936,10.746070813701875
2024-11-05,2.257211249093191,GARCH-t,0.01,6.6108194228624,10.625873926417167
2024-11-06,8.666903126846401,GARCH-t,0.01,6.667017909871138,10.716003783093676
2024-11-07,0.3507649687478874,GARCH-t,0.01,9.170943809908747,14.731743254227435
2024-11-08,0.8404323339316332,GARCH-t,0.01,8.869574543953767,14.24841407237591
2024-11-09,0.3044406381335742,GARCH-t,0.01,8.602715133908111,13.82043101339333
2024-11-10,4.700704537184314,GARCH-t,0.01,8.332179948436169,13.38655282929297
2024-11-11,9.734014312496264,GARCH-t,0.01,8.796911059661037,14.13187802712791
2024-11-12,-0.8442066269106776,GARCH-t,0.01,11.19011724090964,17.970047728738074
2024-11-13,2.944485048776148,GARCH-t,0.01,10.799191442578277,17.343089814919555
2024-11-14,-3.7496922318811383,GARCH-t,0.01,10.840858503415255,17.33430918004695
2024-11-15,4.280211829142622,GARCH-t,0.01,10.830391106245978,17.31759619616135
2024-11-16,-0.5588812244118381,GARCH-t,0.01,10.921391557307754,17.462893928499394
2024-11-17,-0.7900350440318173,GARCH-t,0.01,10.504659183252784,16.797509655833178
2024-11-18,0.7725465406075372,GARCH-t,0.01,10.12177240212756,16.1861656417036
2024-11-19,1.9697543183651731,GARCH-t,0.01,9.756533792522504,15.602999941767782
2024-11-20,2.138144499843257,GARCH-t,0.01,9.515374928058572,15.217948705966316
2024-11-21,4.320463738221239,GARCH-t,0.01,9.31337722318302,14.895424936979907
2024-11-22,0.4991722095061174,GARCH-t,0.01,9.579154357299185,15.319783436787429
2024-11-23,-1.2404002529793905,GARCH-t,0.01,9.235550523302708,14.771161344041378
2024-11-24,0.2416240326478894,GARCH-t,0.01,8.961315339228594,14.33329812569067
2024-11-25,-5.140963729329047,GARCH-t,0.01,8.648802418083834,13.834317975165405
2024-11-26,-1.2069852534281011,GARCH-t,0.01,9.281103995636965,14.84389522780859
2024-11-27,4.232881330495688,GARCH-t,0.01,9.001045206480315,14.396733631233907
2024-11-28,-0.3236310003132818,GARCH-t,0.01,9.279994004657,14.842122937996589
2024-11-29,1.8736162907207532,GARCH-t,0.01,8.951637837183224,14.317846344018353
2024-11-30,-1.0442730465097627,GARCH-t,0.01,8.75571734678809,14.005025883890676
2024-12-01,0.8576311620290236,GARCH-t,0.01,8.496561934047374,13.591240091018127
2024-12-02,-1.4647119798360833,GARCH-t,0.01,8.23545821062964,13.174343488034667
2024-12-03,0.1426603468560264,GARCH-t,0.01,8.05210157097428,12.881583357285836
2024-12-04,2.8408310872006197,GARCH-t,0.01,7.68243117256751,12.333360202169292
2024-12-05,-2.2266865312221884,GARCH-t,0.01,7.772240043431115,12.477193275681408
2024-12-06,3.3864801767809163,GARCH-t,0.01,7.739453903792888,12.424684751886186
2024-12-07,0.0026270484822606,GARCH-t,0.01,7.9647133953149085,12.785448278827694
2024-12-08,1.3051327819741103,GARCH-t,0.01,7.6903643714153,12.346065588197288
2024-12-09,-3.829250346621322,GARCH-t,0.01,7.506781887923463,12.052049723286569
2024-12-10,-0.7802793553987951,GARCH-t,0.01,7.929459753605878,12.728987935982431
2024-12-11,4.547294957076327,GARCH-t,0.01,7.687628319209653,12.341683673646491
2024-12-12,-1.1232138149604487,GARCH-t,0.01,8.295632189634203,13.315430081428849
2024-12-13,1.4057223472297038,GARCH-t,0.01,8.054756482737025,12.92965646102511
2024-12-14,-0.0850841793417153,GARCH-t,0.01,7.852702041274563,12.606056898388845
2024-12-15,2.8452377696528823,GARCH-t,0.01,7.587231935095143,12.180894206438694
2024-12-16,1.6460567443030163,GARCH-t,0.01,7.689106240160363,12.344050632619524
2024-12-17,0.1045224633036193,GARCH-t,0.01,7.548914112948321,12.119526436454832
2024-12-18,-5.917915465377018,GARCH-t,0.01,7.305276487092159,11.729329474694705
2024-12-19,-2.5825905125142588,GARCH-t,0.01,8.60162682103876,13.80549468072624
2024-12-20,0.2714273553183173,GARCH-t,0.01,8.557502878730032,13.734828139918998
2024-12-21,-0.544879117211963,GARCH-t,0.01,8.24270423888197,13.230663512623485
2024-12-22,-2.20441803820154,GARCH-t,0.01,7.96307820279798,12.782829442144498
2024-12-23,-0.4412175449120982,GARCH-t,0.01,7.906994427069956,12.69300867322094
2024-12-24,4.127399406827944,GARCH-t,0.01,7.693554521280679,12.37124395858267
2024-12-25,0.6294761562737073,GARCH-t,0.01,8.144763717033692,13.095461863687367
2024-12-26,-3.5921593296803764,GARCH-t,0.01,7.885393625163151,12.67915726185448
2024-12-27,-1.716880486495554,GARCH-t,0.01,8.168836499087043,13.1341001271643
2024-12-28,1.0553910906912645,GARCH-t,0.01,8.01854024576825,12.89286559837335
2024-12-29,-1.7316317368601404,GARCH-t,0.01,7.796526320703586,12.536519891708243
2024-12-30,-0.952898919172895,GARCH-t,0.01,7.679695159606967,12.348998849281047
2023-08-19,0.1789155950789422,GARCH-t,0.05,3.404738436783896,5.321108798266767
2023-08-20,0.3571869420107809,GARCH-t,0.05,3.3185078288918604,5.186824785328652
2023-08-21,-0.2501958864606914,GARCH-t,0.05,3.2370907329836793,5.060036692010249
2023-08-22,-0.354646951925222,GARCH-t,0.05,3.1582563856188024,4.937270625757215
2023-08-23,1.5248455549160829,GARCH-t,0.05,3.0838510506955172,4.821401710974508
2023-08-24,-1.0239565761125091,GARCH-t,0.05,3.0558236675164347,4.777755613869943
2023-08-25,-0.4393992436939317,GARCH-t,0.05,3.0059756599000367,4.700128995394975
2023-08-26,-0.1506261986445485,GARCH-t,0.05,2.939052564200082,4.595911919016675
2023-08-27,0.3118365040993392,GARCH-t,0.05,2.8705789435515605,4.489280262510228
2023-08-28,0.0630587825120889,GARCH-t,0.05,2.805738401027819,4.388306275847926
2023-08-29,6.024989257085102,GARCH-t,0.05,2.741689228506588,4.2885646629593195
2023-08-30,-1.5634289371322936,GARCH-t,0.05,3.4291379321987097,5.359105308300288
2023-08-31,-5.132914544958933,GARCH-t,0.05,3.3900029104357494,5.298161660827334
2023-09-01,-0.5054814300673318,GARCH-t,0.05,3.840675499211408,6.062630022542695
2023-09-02,0.2634986878477164,GARCH-t,0.05,3.747042909223046,5.914818004599128
2023-09-03,0.3887765541686761,GARCH-t,0.05,3.6537823678185055,5.76759331689981
2023-09-04,-0.6069712504034206,GARCH-t,0.05,3.5654880895719527,5.628208563769345
2023-09-05,-0.125730142442957,GARCH-t,0.05,3.4845057968409385,5.500366792995346
2023-09-06,-0.1038013801593385,GARCH-t,0.05,3.4002066957699437,5.367288980647301
2023-09-07,1.8732105501950571,GARCH-t,0.05,3.3190461755586353,5.239165853098717
2023-09-08,-1.2831149860508746,GARCH-t,0.05,3.3086748095160017,5.22279321464256
2023-09-09,-0.0385185563078999,GARCH-t,0.05,3.262901603818231,5.150533866665808
2023-09-10,-0.2453267904857347,GARCH-t,0.05,3.1868877297449916,5.030535433215763
2023-09-11,-2.626188106748031,GARCH-t,0.05,3.1150449081398435,4.917121584068402
2023-09-12,2.6305127952917498,GARCH-t,0.05,3.184874481544851,5.027357241956491
2023-09-13,1.5173852958685845,GARCH-t,0.05,3.2496339568954857,5.129589047503404
2023-09-14,1.1800835130971608,GARCH-t,0.05,3.219728531410632,5.082379189387479
2023-09-15,0.2597241409319121,GARCH-t,0.05,3.1733042449772,5.009092020249375
2023-09-16,-0.1519910354119122,GARCH-t,0.05,3.1021656182374855,4.896789840277226
2023-09-17,-0.1284074186649275,GARCH-t,0.05,3.032944698738843,4.787515026921369
2023-09-18,0.8260511389751386,GARCH-t,0.05,2.9663687702614907,4.682415698408431
2023-09-19,1.6931102662432371,GARCH-t,0.05,2.9170067066938117,4.604490840976801
2023-09-20,-0.2911478899391834,GARCH-t,0.05,2.917699053863366,4.6055838069223345
2023-09-21,-2.1020467716698095,GARCH-t,0.05,2.564258472257663,4.044982566753343
2023-09-22,0.044915054085552,GARCH-t,0.05,2.5770520749014603,4.065175928587384
2023-09-23,-0.0006686902016047,GARCH-t,0.05,2.5431881275453985,4.011725234429598
2023-09-24,-1.2210127075315798,GARCH-t,0.05,2.509744765933738,3.958938390819261
2023-09-25,0.1585160786217759,GARCH-t,0.05,2.492826228640536,3.9322342516665585
2023-09-26,-0.3093569595525136,GARCH-t,0.05,2.460336612752581,3.8809527957904417
2023-09-27,0.5153782852789497,GARCH-t,0.05,2.429019501711129,3.8315220160121224
2023-09-28,2.506320623495958,GARCH-t,0.05,2.400118095953796,3.785904174015662
2023-09-29,-0.4072674570297436,GARCH-t,0.05,2.4393337585426713,3.8478019901560385
2023-09-30,0.2085958120685116,GARCH-t,0.05,2.409079341275874,3.8000485611996786
2023-10-01,3.6976120856382697,GARCH-t,0.05,2.377916457300554,3.750861212692262
2023-10-02,-1.631914578851585,GARCH-t,0.05,2.4993174977379273,3.9424800400731024
2023-10-03,-0.3668317065944561,GARCH-t,0.05,2.4952790441950423,3.936105764123475
2023-10-04,1.3377719302482878,GARCH-t,0.05,2.463907671628621,3.8865893382110777
2023-10-05,-1.3890662255842758,GARCH-t,0.05,2.4514198011483024,3.866878542576202
2023-10-06,1.9171883788155937,GARCH-t,0.05,2.440491101526541,3.84962873484165
2023-10-07,0.0795565220182125,GARCH-t,0.05,2.44942881111627,3.8637359733371697
2023-10-08,-0.1207428683062469,GARCH-t,0.05,2.417298661129051,3.813021896736669
2023-10-09,-1.265938772792596,GARCH-t,0.05,2.3856670714530805,3.763094745370712
2023-10-10,-0.7009006012591489,GARCH-t,0.05,2.372482407361196,3.7422841339987247
2023-10-11,-1.9081220842271784,GARCH-t,0.05,2.3680289375310313,3.7606419269169984
2023-10-12,-0.434538164717781,GARCH-t,0.05,2.3764966081038024,3.774141422878225
2023-10-13,0.3938005783230497,GARCH-t,0.05,2.3496461314173573,3.7313353289860927
2023-10-14,-0.0024866641728645,GARCH-t,0.05,2.3232151056108243,3.68919794030759
2023-10-15,1.1030760315870678,GARCH-t,0.05,2.295258922880667,3.644629086026622
2023-10-16,4.885439730476576,GARCH-t,0.05,2.2813792228978995,3.622501518326607
2023-10-17,-0.3643399432774455,GARCH-t,0.05,2.5029733078641216,3.975775589315216
2023-10-18,-0.3080719749687549,GARCH-t,0.05,2.47397213663563,3.929540772962204
2023-10-19,1.3724231161473082,GARCH-t,0.05,2.444984923673975,3.883328209431284
2023-10-20,3.298576898255148,GARCH-t,0.05,2.4353072780129428,3.8678997232387062
2023-10-21,0.7901299916077795,GARCH-t,0.05,2.516193378127764,3.996851549178965
2023-10-22,0.2519829955235934,GARCH-t,0.05,2.4924324320257023,3.95897090736808
2023-10-23,9.8123405529161,GARCH-t,0.05,2.4631751263772275,3.912327751373324
2023-10-24,2.4342751787773462,GARCH-t,0.05,3.266333662254883,5.192754914679599
2023-10-25,1.7581001125127034,GARCH-t,0.05,3.2724837897870023,5.202559691692045
2023-10-26,-1.0083818433932463,GARCH-t,0.05,3.256970238836797,5.177827374037882
2023-10-27,-0.7253169256571986,GARCH-t,0.05,3.225014140635329,5.126881696014639
2023-10-28,0.5287514961399851,GARCH-t,0.05,3.1898586505460296,5.070835420666903
2023-10-29,1.3082482218137432,GARCH-t,0.05,3.1537350503238906,5.013245745783725
2023-10-30,-0.1046255776520464,GARCH-t,0.05,3.1296131918487324,4.974789723166383
2023-10-31,0.4782938801692802,GARCH-t,0.05,2.986833888548874,4.796299540817489
2023-11-01,2.1952875620689456,GARCH-t,0.05,2.9575638663799277,4.749293194510092
2023-11-02,-1.418164303813905,GARCH-t,0.05,2.960280359958326,4.7536557616838016
2023-11-03,-0.5911206955145198,GARCH-t,0.05,2.9435997616662606,4.72686746697717
2023-11-04,1.002295869368392,GARCH-t,0.05,2.9156293811823297,4.681948287080812
2023-11-05,-0.093652131699398,GARCH-t,0.05,2.8925889610345417,4.644946402959115
2023-11-06,-0.0341987012508487,GARCH-t,0.05,2.862778370047126,4.597071927309784
2023-11-07,1.1526405303600251,GARCH-t,0.05,2.833222472542406,4.549606478000805
2023-11-08,0.5955525293475274,GARCH-t,0.05,2.8135787361194056,4.5180595160019035
2023-11-09,2.869223982446583,GARCH-t,0.05,2.7871139161047833,4.475558198873074
2023-11-10,1.677834605033404,GARCH-t,0.05,2.818303367621473,4.525647062853735
2023-11-11,-0.4725682318407843,GARCH-t,0.05,2.809632235188209,4.511721612039839
2023-11-12,-0.2251742592082081,GARCH-t,0.05,2.782242555831659,4.467735012178344
2023-11-13,-1.501353705502923,GARCH-t,0.05,2.7538820335335137,4.422189281980038
2023-11-14,-2.678435783979465,GARCH-t,0.05,2.7421672157466173,4.403375808637229
2023-11-15,6.384619927627836,GARCH-t,0.05,2.7669709073537727,4.443209427848655
2023-11-16,-4.662975619066543,GARCH-t,0.05,3.0256174484009932,4.858584203087971
2023-11-17,1.214874696667944,GARCH-t,0.05,3.138290187995404,5.039531582840797
2023-11-18,-0.0300085015663709,GARCH-t,0.05,3.115523970677638,5.002970056198575
2023-11-19,2.1653391391504333,GARCH-t,0.05,3.0833549393710276,4.951308030893507
2023-11-20,0.241533445499477,GARCH-t,0.05,3.218733686437321,5.124363100320951
2023-11-21,-4.539262192194837,GARCH-t,0.05,3.1779772089212197,5.059485193066022
2023-11-22,4.420138946783627,GARCH-t,0.05,3.3048046176062313,5.261374496546642
2023-11-23,-0.3819999415433914,GARCH-t,0.05,3.4155110444270194,5.437601730339508
2023-11-24,1.148288092363248,GARCH-t,0.05,3.3728021796522123,5.369615929389743
2023-11-25,0.2026342935600158,GARCH-t,0.05,3.339851496560098,5.31716362016375
2023-11-26,-0.844024984109134,GARCH-t,0.05,3.2973309036458405,5.249477518428733
2023-11-27,-0.602017674392167,GARCH-t,0.05,3.260791091437223,5.1913118796870945
2023-11-28,1.5367313611233842,GARCH-t,0.05,3.2219552701105836,5.129491355251358
2023-11-29,0.0724175028494842,GARCH-t,0.05,3.200026935287859,5.094584892289201
2023-11-30,-0.385718899847248,GARCH-t,0.05,3.159085337614527,5.029412302835913
2023-12-01,2.555073011462817,GARCH-t,0.05,3.119902057786047,4.967038679068947
2023-12-02,2.0152443138720524,GARCH-t,0.05,3.1349271051873844,4.990956193319775
2023-12-03,1.2637770520489715,GARCH-t,0.05,3.128932273352916,4.9814133631374595
2023-12-04,4.8856566886563275,GARCH-t,0.05,3.102375819722752,4.939139662350708
2023-12-05,4.882523455973004,GARCH-t,0.05,3.260225702840911,5.190411869893559
2023-12-06,-0.7610515703398493,GARCH-t,0.05,3.4067239303607706,5.423614025656165
2023-12-07,-1.0427160036986542,GARCH-t,0.05,3.3675105380549257,5.361192467557462
2023-12-08,1.998568323480024,GARCH-t,0.05,3.3328676948965605,5.30604650543187
2023-12-09,-1.0026349184727985,GARCH-t,0.05,3.3217078441862484,5.288281776890832
2023-12-10,0.1227688266422679,GARCH-t,0.05,3.510003886239549,5.626112470291187
2023-12-11,-5.966864669683699,GARCH-t,0.05,3.4511952387967084,5.531960965788804
2023-12-12,0.4991678164292342,GARCH-t,0.05,3.7643864874150994,6.033374083358999
2023-12-13,3.416274957103686,GARCH-t,0.05,3.7025171496229894,5.934322472941417
2023-12-14,0.3101461159203954,GARCH-t,0.05,3.7560319651894303,6.019998655234932
2023-12-15,-2.5761678809584643,GARCH-t,0.05,3.692845030948186,5.918837598444966
2023-12-16,0.7374628549158558,GARCH-t,0.05,3.697939308338642,5.9269934377903635
2023-12-17,-2.094342240847231,GARCH-t,0.05,3.6404490143450814,5.834952591602921
2023-12-18,2.9979669511789555,GARCH-t,0.05,3.62448894792558,5.809400834664207
2023-12-19,-0.8316570718615267,GARCH-t,0.05,3.654967240323736,5.8581959899470935
2023-12-20,3.2164737244750543,GARCH-t,0.05,3.6003205339154096,5.770707672358347
2023-12-21,0.4956565640048613,GARCH-t,0.05,3.645713737444088,5.84338131122348
2023-12-22,0.2930565787194846,GARCH-t,0.05,3.586358076829772,5.748354049237861
2023-12-23,-0.5889392398977759,GARCH-t,0.05,3.5266490668429125,5.652761081756767
2023-12-24,-1.6677702596480783,GARCH-t,0.05,3.4712104524040055,5.564004934762844
2023-12-25,1.378363164697311,GARCH-t,0.05,3.44361900619963,5.519831564272332
2023-12-26,-2.5374479539831176,GARCH-t,0.05,3.406518549957972,5.460434453052046
2023-12-27,2.146239120434015,GARCH-t,0.05,3.4210123825501886,5.483638798057417
2023-12-28,-1.893848326303362,GARCH-t,0.05,3.413907083866152,5.472263352606285
2023-12-29,-1.247437935200907,GARCH-t,0.05,3.396900265515922,5.4450357661186155
2023-12-30,0.1364883236683238,GARCH-t,0.05,3.336024897582885,5.34461295632713
2023-12-31,0.2565328952055138,GARCH-t,0.05,3.285167827872837,5.263201883524185
2024-01-01,4.402166483732666,GARCH-t,0.05,3.2357472876387736,5.18409038099573
2024-01-02,1.774260401360504,GARCH-t,0.05,3.384342301845583,5.421958578843458
2024-01-03,-4.806495357875531,GARCH-t,0.05,3.3637687711515265,5.389024844857275
2024-01-04,3.0607357718285955,GARCH-t,0.05,3.5397194202022795,5.670683445741359
2024-01-05,-0.0390082845152692,GARCH-t,0.05,3.573730593338539,5.725127913503577
2024-01-06,-0.3936304127509979,GARCH-t,0.05,3.518263497001615,5.636337193869151
2024-01-07,-0.1048480800776119,GARCH-t,0.05,3.465372053419618,5.551669532349201
2024-01-08,6.662426635587364,GARCH-t,0.05,3.4120344900044697,5.46628773030911
2024-01-09,-1.784541710643821,GARCH-t,0.05,3.777104145661103,6.050684599500663
2024-01-10,1.052203275194838,GARCH-t,0.05,3.7467798033406448,6.002141943495759
2024-01-11,-0.5574241147522552,GARCH-t,0.05,3.69802388415943,5.924094354268411
2024-01-12,-7.884262883299366,GARCH-t,0.05,3.64317049499836,5.8362860459262205
2024-01-13,-0.0251708664186648,GARCH-t,0.05,4.1294778648325146,6.614758044330709
2024-01-14,-2.4720775355358247,GARCH-t,0.05,4.063752278077715,6.509545719695847
2024-01-15,1.6978564046419868,GARCH-t,0.05,4.050606038632463,6.4885014585407275
2024-01-16,1.5011364505806484,GARCH-t,0.05,4.010364097607412,6.424082890793892
2024-01-17,-0.9599712825861542,GARCH-t,0.05,3.965786786848075,6.352724341977015
2024-01-18,-3.525390600438047,GARCH-t,0.05,3.9111047189364783,6.2651902815770075
2024-01-19,0.8599127738074015,GARCH-t,0.05,3.796364588251555,6.133193507469138
2024-01-20,0.1132983453546331,GARCH-t,0.05,3.7547803794355694,6.066112167626963
2024-01-21,-0.2879434924556738,GARCH-t,0.05,3.7090185455262312,5.992291714631031
2024-01-22,-5.030891028125471,GARCH-t,0.05,3.6644718810045354,5.920431505510819
2024-01-23,0.8523584257922188,GARCH-t,0.05,3.794227954714081,6.129746808721549
2024-01-24,0.5793705727985713,GARCH-t,0.05,3.7525905885147615,6.062579718336126
2024-01-25,-0.3581157289492955,GARCH-t,0.05,3.7089746781588047,5.992220950226318
2024-01-26,4.607657449481696,GARCH-t,0.05,3.664757050325703,5.920891524847257
2024-01-27,0.7224112855396915,GARCH-t,0.05,3.765179626670432,6.082887656634138
2024-01-28,-0.2007256017307645,GARCH-t,0.05,3.7226196048535254,6.01423218936713
2024-01-29,2.936441573691462,GARCH-t,0.05,3.677566388771124,5.941554839357172
2024-01-30,-0.7783744989935841,GARCH-t,0.05,3.6919784562227207,5.9648035874294765
2024-01-31,-0.8651552809046922,GARCH-t,0.05,3.6514136206437424,5.899366643969598
2024-02-01,1.151489029423974,GARCH-t,0.05,3.612491582612562,5.836579770421677
2024-02-02,0.2552374530244358,GARCH-t,0.05,3.577852159593378,5.780701373942638
2024-02-03,-0.4493245492150753,GARCH-t,0.05,3.5349444898240674,5.711485100275686
2024-02-04,-0.9551086228745844,GARCH-t,0.05,3.4937975576848226,5.645109150921696
2024-02-05,0.1761707531647928,GARCH-t,0.05,3.4585808929374693,5.588299580094487
2024-02-06,0.9936804708699248,GARCH-t,0.05,3.417151162011242,5.521467435418361
2024-02-07,2.822864621028068,GARCH-t,0.05,3.383312856015763,5.466881356500501
2024-02-08,2.1945671282114807,GARCH-t,0.05,3.3215131371573117,5.42644179117241
2024-02-09,3.99329954084116,GARCH-t,0.05,3.3169349977396596,5.418983666413272
2024-02-10,1.314996069506419,GARCH-t,0.05,3.379200427131368,5.52041861590261
2024-02-11,1.0881064258583886,GARCH-t,0.05,3.3551731383898873,5.4812764009742345
2024-02-12,3.388147853165121,GARCH-t,0.05,3.3282500140972537,5.4374166576239045
2024-02-13,-0.4328588760117502,GARCH-t,0.05,3.3634917815470606,5.4948280805613035
2024-02-14,4.104684951040893,GARCH-t,0.05,3.330862634879449,5.4416728084232435
2024-02-15,0.2156009229108384,GARCH-t,0.05,3.397923332115409,5.550919600797492
2024-02-16,0.4258432609761564,GARCH-t,0.05,3.3638459808589003,5.495405097208528
2024-02-17,-0.957802949778828,GARCH-t,0.05,3.3309198743228907,5.441766055673139
2024-02-18,0.8855834280713762,GARCH-t,0.05,3.3033096526783954,5.39678698036186
2024-02-19,-0.6610163694046542,GARCH-t,0.05,3.2746862186432963,5.350157307782291
2024-02-20,0.9719679337319472,GARCH-t,0.05,3.2447430191133213,5.301377640452531
2024-02-21,-0.8560904315229949,GARCH-t,0.05,3.2178612081772267,5.257585199588905
2024-02-22,-1.0358547640014264,GARCH-t,0.05,3.190564648850227,5.213117103189081
2024-02-23,-1.1231806115512577,GARCH-t,0.05,3.1658558522447664,5.172864661985312
2024-02-24,1.640559413021775,GARCH-t,0.05,3.142730459154461,5.135191701195474
2024-02-25,0.3139013368236927,GARCH-t,0.05,3.1283100127087007,5.111699736695601
2024-02-26,5.2511187656945415,GARCH-t,0.05,3.0976825120938427,5.061805292728811
2024-02-27,4.593621644047315,GARCH-t,0.05,3.2419472827796967,5.296823180994736
2024-02-28,9.069529297704287,GARCH-t,0.05,3.355565944442133,5.463976840877117
2024-02-29,-2.1122414270019747,GARCH-t,0.05,3.818429350676249,6.213407011194506
2024-03-01,2.00954657884248,GARCH-t,0.05,3.803683074220747,6.189531059181992
2024-03-02,-0.6600547312091193,GARCH-t,0.05,3.784390601698516,6.158294282255052
2024-03-03,1.817220465901261,GARCH-t,0.05,3.7459930452365606,6.096124132505733
2024-03-04,7.85670808490068,GARCH-t,0.05,3.723533528853973,6.059759539925831
2024-03-05,-6.858298181492034,GARCH-t,0.05,4.02921253585066,6.554689722762766
2024-03-06,3.5499700200866338,GARCH-t,0.05,4.239339320968038,6.894909645612123
2024-03-07,1.2308140052515395,GARCH-t,0.05,4.25603994227704,6.921949911278925
2024-03-08,2.0331312236987973,GARCH-t,0.05,4.216191162562141,6.85743006078642
2024-03-09,0.2906296632019191,GARCH-t,0.05,4.190201967371762,6.815350504019545
2024-03-10,0.7575825657206857,GARCH-t,0.05,4.144199681764002,6.740867405391145
2024-03-11,4.399229858274628,GARCH-t,0.05,4.101128772053661,6.671130548328785
2024-03-12,-0.8949836049347838,GARCH-t,0.05,4.156908399547895,6.761444310812959
2024-03-13,2.216689906407544,GARCH-t,0.05,4.115764331351292,6.69482723627038
2024-03-14,-2.33524614583823,GARCH-t,0.05,4.095571834542042,6.662133214407621
2024-03-15,-2.830892329200056,GARCH-t,0.05,4.081092715209638,6.638689821127486
2024-03-16,-6.071772520629676,GARCH-t,0.05,4.080943136361527,6.638447635419768
2024-03-17,4.60122407046103,GARCH-t,0.05,4.234683203806759,6.887370845546711
2024-03-18,-1.2388507554368626,GARCH-t,0.05,4.294957934368232,6.984962707383528
2024-03-19,-8.712073185700822,GARCH-t,0.05,4.696909261203789,7.624820010881216
2024-03-20,9.251085296877404,GARCH-t,0.05,5.197087030126809,8.432999828624972
2024-03-21,-3.631867422621332,GARCH-t,0.05,5.686730655535619,9.2241587335766
2024-03-22,-2.649844665215931,GARCH-t,0.05,5.67196842673719,9.200306143315553
2024-03-23,0.4434288665400013,GARCH-t,0.05,5.616149763043277,9.110115174716563
2024-03-24,4.832709315067971,GARCH-t,0.05,5.513575397988358,8.944377037586316
2024-03-25,3.97250476948794,GARCH-t,0.05,5.567094521397456,9.03085244311204
2024-03-26,0.0414778606564033,GARCH-t,0.05,5.568191667135204,9.032625194916424
2024-03-27,-0.7637444542951766,GARCH-t,0.05,5.465616222158761,8.866885312865001
2024-03-28,1.8397189971880863,GARCH-t,0.05,5.36987941636882,8.71219520254426
2024-03-29,-1.2118158012204416,GARCH-t,0.05,5.293877790645121,8.589392903357984
2024-03-30,-0.3547757048682065,GARCH-t,0.05,5.20861443149933,8.451625632727307
2024-03-31,2.3952858696302477,GARCH-t,0.05,5.114837571032992,8.300102372980168
2024-04-01,-2.3137002333257977,GARCH-t,0.05,5.062194706810602,8.215042814047017
2024-04-02,-6.299090436988572,GARCH-t,0.05,5.012272919962215,8.134379931561366
2024-04-03,0.812374307331999,GARCH-t,0.05,5.21853605611156,8.467656846565738
2024-04-04,3.759886271186141,GARCH-t,0.05,5.127449643516356,8.320480772569825
2024-04-05,-0.9845630418288568,GARCH-t,0.05,5.134632842186282,8.332087278401499
2024-04-06,1.5482496362565017,GARCH-t,0.05,5.049207300755056,8.19405795604036
2024-04-07,0.6747455363626303,GARCH-t,0.05,4.974234259884465,8.072917628998328
2024-04-08,3.218579409702191,GARCH-t,0.05,4.864314111969756,8.032170148293902
2024-04-09,-3.5413761203788403,GARCH-t,0.05,4.851365060970678,8.01088162091775
2024-04-10,2.073930124253475,GARCH-t,0.05,4.87533664999086,8.050291445556045
2024-04-11,-0.749778258451207,GARCH-t,0.05,4.787835113621539,7.906436976793338
2024-04-12,-4.174897018143468,GARCH-t,0.05,4.660623467338488,7.697298205569502
2024-04-13,-5.152204971523435,GARCH-t,0.05,4.761168864757128,7.862597071536212
2024-04-14,2.959850149495867,GARCH-t,0.05,4.966098105396832,8.199505293601506
2024-04-15,-3.5810999496508606,GARCH-t,0.05,4.927680512301597,8.136345917490315
2024-04-16,0.606192017722891,GARCH-t,0.05,4.949831981121142,8.172763424102994
2024-04-17,-4.053958534994488,GARCH-t,0.05,4.811848849459815,7.945916091736447
2024-04-18,3.584120208614769,GARCH-t,0.05,4.8873790217028805,8.07008937205146
2024-04-19,0.5195142876912205,GARCH-t,0.05,4.903046702238935,8.095847386753567
2024-04-20,1.7865871886504232,GARCH-t,0.05,4.765782583306477,7.870182127278958
2024-04-21,-0.1043662476566599,GARCH-t,0.05,4.6698102450143715,7.712401472061044
2024-04-22,2.9008901759275916,GARCH-t,0.05,4.539166199889835,7.497619760925394
2024-04-23,-0.6460398489914604,GARCH-t,0.05,4.5221048675775934,7.469570551757198
2024-04-24,-3.2606301316271993,GARCH-t,0.05,4.403590334038744,7.274730027004211
2024-04-25,0.3181282769191777,GARCH-t,0.05,4.434314721362636,7.325241601999685
2024-04-26,-1.1328935219016096,GARCH-t,0.05,4.313530678039584,7.126669952767005
2024-04-27,-0.5286917956356649,GARCH-t,0.05,4.216668937768215,6.967427100946013
2024-04-28,-0.4835296290154386,GARCH-t,0.05,4.183589882890039,6.872469580990613
2024-04-29,1.1467091787556438,GARCH-t,0.05,4.088103164841796,6.716293566489085
2024-04-30,-5.14946297165421,GARCH-t,0.05,4.007938211868885,6.585177500151082
2024-05-01,-4.0089923480657195,GARCH-t,0.05,4.258307860987868,6.994676692821975
2024-05-02,1.48143925496978,GARCH-t,0.05,4.357760591299025,7.157339431355354
2024-05-03,6.175720649824811,GARCH-t,0.05,4.278021625593339,7.026920100594648
2024-05-04,1.5801344389047562,GARCH-t,0.05,4.620211017600649,7.586597682364736
2024-05-05,0.2183511056964741,GARCH-t,0.05,4.533876031892812,7.445390043695197
2024-05-06,-1.3667364763724112,GARCH-t,0.05,4.42362699405174,7.2650690976559
2024-05-07,-1.318192999564668,GARCH-t,0.05,4.340655322468383,7.129362422955116
2024-05-08,-1.8569986258493816,GARCH-t,0.05,4.2592097236733855,6.996151759959383
2024-05-09,2.997730860417905,GARCH-t,0.05,4.202732787614742,6.903779302667046
2024-05-10,-3.6456454635488926,GARCH-t,0.05,4.211931866530499,6.918825117535478
2024-05-11,0.0015356866757304,GARCH-t,0.05,4.280912028815667,7.031647581701891
2024-05-12,1.071136415279376,GARCH-t,0.05,4.178641634949248,6.864376333490288
2024-05-13,2.337149423787631,GARCH-t,0.05,4.093082614308494,6.724437846531549
2024-05-14,-2.1674038111579397,GARCH-t,0.05,4.064674221306913,6.677973692269399
2024-05-15,7.380429766149847,GARCH-t,0.05,4.033279239517205,6.626624737865211
2024-05-16,-1.5755724397151207,GARCH-t,0.05,4.594825407283525,7.54507752620004
2024-05-17,2.752283490504771,GARCH-t,0.05,4.512716868177224,7.410782572343879
2024-05-18,-0.1657856805292211,GARCH-t,0.05,4.475858286778927,7.400632986730587
2024-05-19,-0.99451595532183,GARCH-t,0.05,4.374715792532331,7.234110195114597
2024-05-20,7.510908882529837,GARCH-t,0.05,4.288532265649481,7.092216111972319
2024-05-21,-1.852885718229531,GARCH-t,0.05,4.792738724032876,7.922350543857166
2024-05-22,-1.4565869510184994,GARCH-t,0.05,4.718534004707945,7.800178581368863
2024-05-23,-1.7406596587757723,GARCH-t,0.05,4.633093120493474,7.659507198252254
2024-05-24,0.8743394668047938,GARCH-t,0.05,4.560666212472869,7.540262255742725
2024-05-25,1.0738658385428568,GARCH-t,0.05,4.463767688021405,7.380726811068134
2024-05-26,-1.0855523058038128,GARCH-t,0.05,4.374136126692331,7.233155823022034
2024-05-27,1.271054899375939,GARCH-t,0.05,4.290208582677709,7.094976029979615
2024-05-28,-1.5953999045957543,GARCH-t,0.05,4.211590203960995,6.965537340596383
2024-05-29,-1.0570529093847765,GARCH-t,0.05,4.149894007422259,6.863959631283912
2024-05-30,1.1577009906272178,GARCH-t,0.05,4.073084274774114,6.737498728780735
2024-05-31,-1.2860492770805694,GARCH-t,0.05,3.9990892519049495,6.615672014246483
2024-06-01,0.318825810485505,GARCH-t,0.05,3.934533339168977,6.509386017601959
2024-06-02,0.0659449960522584,GARCH-t,0.05,3.8510398284621026,6.371920824674941
2024-06-03,1.5425138658129582,GARCH-t,0.05,3.7693601749362498,6.237441998295695
2024-06-04,2.5300225248925363,GARCH-t,0.05,3.7194513994353056,6.155271307485065
2024-06-05,0.727221781660282,GARCH-t,0.05,3.72284847283698,6.160864309223702
2024-06-06,-0.4591890272017647,GARCH-t,0.05,3.651483488654219,6.0433677369049486
2024-06-07,-2.0194557079892093,GARCH-t,0.05,3.518080566424807,5.8497709700461735
2024-06-08,-0.0531019638905004,GARCH-t,0.05,3.505208418921986,5.828470523456586
2024-06-09,0.4925659126589219,GARCH-t,0.05,3.4304137462308852,5.704702525110285
2024-06-10,-0.1950427046023121,GARCH-t,0.05,3.361296524670965,5.590329403924786
2024-06-11,-3.1867374917879587,GARCH-t,0.05,3.2925455439950784,5.476562327254203
2024-06-12,1.3412234174301008,GARCH-t,0.05,3.3865125187710254,5.632056080488582
2024-06-13,-2.199815542116183,GARCH-t,0.05,3.3417881746693703,5.558047566945456
2024-06-14,-1.1227334405387726,GARCH-t,0.05,3.3504068437477605,5.572309484029404
2024-06-15,0.2721687016485993,GARCH-t,0.05,3.302250649788508,5.492622047479903
2024-06-16,0.6746193121199441,GARCH-t,0.05,3.2356534542338347,5.382418990327413
2024-06-17,-0.2234669798733621,GARCH-t,0.05,3.1771465167583512,5.285603451463851
2024-06-18,-2.0505771883152004,GARCH-t,0.05,3.115612924572745,5.183779494464623
2024-06-19,-0.2773987515326678,GARCH-t,0.05,3.127569459060063,5.203564811886434
2024-06-20,-0.2028534277712279,GARCH-t,0.05,3.068477925518778,5.105781900851806
2024-06-21,-1.1362664075990998,GARCH-t,0.05,3.010985422493993,5.010645017925878
2024-06-22,0.2436781820078235,GARCH-t,0.05,2.9785992634555964,4.957053365819027
2024-06-23,-1.6821441362000096,GARCH-t,0.05,2.924298278813396,4.867197712527318
2024-06-24,-4.704293399341265,GARCH-t,0.05,2.923768214224612,4.866320577421467
2024-06-25,2.502097858985756,GARCH-t,0.05,3.2465722017646224,5.40048700877995
2024-06-26,-1.6203198264060434,GARCH-t,0.05,3.276788629654413,5.450488254357159
2024-06-27,1.296454786345771,GARCH-t,0.05,3.2657472836640324,5.461801653814543
2024-06-28,-2.1073812008611803,GARCH-t,0.05,3.226420725648369,5.396200701410852
2024-06-29,0.9359920064692572,GARCH-t,0.05,3.2358853857081296,5.411988778105746
2024-06-30,2.8989272731724975,GARCH-t,0.05,3.185149523098855,5.327355871588335
2024-07-01,0.2767262526904299,GARCH-t,0.05,3.257465536482122,5.447986803745958
2024-07-02,-1.318017605629068,GARCH-t,0.05,3.193271265651762,5.3409038166293445
2024-07-03,-3.0363202506616576,GARCH-t,0.05,3.160164394474062,5.285677974604258
2024-07-04,-5.457904895434864,GARCH-t,0.05,3.251558279617789,5.438132860356376
2024-07-05,-0.5549607840752044,GARCH-t,0.05,3.642861589336667,6.090869105060285
2024-07-06,2.8552385625087484,GARCH-t,0.05,3.567502279812592,5.9651616257712305
2024-07-07,-4.30092171893191,GARCH-t,0.05,3.607664929474263,6.032157269473688
2024-07-08,1.5210533790654033,GARCH-t,0.05,3.7937465454507353,6.342561531855671
2024-07-09,2.273796411214889,GARCH-t,0.05,3.739261836675088,6.251675144450586
2024-07-10,-0.4608673369846872,GARCH-t,0.05,3.726822975142761,6.230925778004297
2024-07-11,-0.6909245978268808,GARCH-t,0.05,3.646777148029525,6.097400680474073
2024-07-12,0.9623984558104184,GARCH-t,0.05,3.573810268592595,5.975684033340059
2024-07-13,2.275300324258214,GARCH-t,0.05,3.509367432360752,5.868186412248476
2024-07-14,2.5927850263005583,GARCH-t,0.05,3.5102223890384483,5.869612572460576
2024-07-15,6.499862039498034,GARCH-t,0.05,3.533607223296675,5.908621005350408
2024-07-16,0.3493129782673193,GARCH-t,0.05,4.0390996210285435,6.751836999763852
2024-07-17,-1.514324245482322,GARCH-t,0.05,4.226502762706196,7.131729837336578
2024-07-18,-0.2259714160352502,GARCH-t,0.05,4.133473831926924,6.975059253018409
2024-07-19,4.187942010963554,GARCH-t,0.05,4.004751994967611,6.7582780297796585
2024-07-20,0.6774946348331885,GARCH-t,0.05,4.197656479681551,7.083149637832818
2024-07-21,1.4645375370143716,GARCH-t,0.05,4.072013605380655,6.871553714207288
2024-07-22,-0.8387766690112852,GARCH-t,0.05,3.9842470426222985,6.723745515663392
2024-07-23,-2.483150354628474,GARCH-t,0.05,3.876869358446479,6.542910109068504
2024-07-24,-0.8462196557576013,GARCH-t,0.05,3.8819597106020343,6.5514828018847675
2024-07-25,0.6177613679945954,GARCH-t,0.05,3.781073486775995,6.381579702880205
2024-07-26,3.193999219319689,GARCH-t,0.05,3.6785997247087456,6.209003021133218
2024-07-27,-0.1454798896138238,GARCH-t,0.05,3.776013905113756,6.373058830837621
2024-07-28,0.6504525639670647,GARCH-t,0.05,3.6672622672516666,6.189909540539557
2024-07-29,-2.1262245664086654,GARCH-t,0.05,3.5725503431998535,6.0304046170840495
2024-07-30,-0.9305346230673276,GARCH-t,0.05,3.5712273574065816,6.028176568717372
2024-07-31,-2.418345057748668,GARCH-t,0.05,3.4931370824029555,5.896664264836194
2024-08-01,1.1359846111043197,GARCH-t,0.05,3.526624211978038,5.95306014205115
2024-08-02,-6.221701386487153,GARCH-t,0.05,3.4586982419275847,5.838665605544727
2024-08-03,-1.203948679208518,GARCH-t,0.05,4.130520790320805,6.97008601781006
2024-08-04,-4.315788272420938,GARCH-t,0.05,4.028241946292347,6.797837598709711
2024-08-05,-7.363198582120066,GARCH-t,0.05,4.242990135363365,7.159496321229623
2024-08-06,3.713846509911699,GARCH-t,0.05,5.055038471510322,8.58642784126172
2024-08-07,-1.8131945621423673,GARCH-t,0.05,5.078476852076282,8.626201501256542
2024-08-08,11.461585743295792,GARCH-t,0.05,4.9407445636273515,8.392477281459868
2024-08-09,-1.3541633552667405,GARCH-t,0.05,6.54340235393232,11.112100587355778
2024-08-10,0.1078575429619125,GARCH-t,0.05,6.296198419430162,10.692608924414245
2024-08-11,-3.721354652343721,GARCH-t,0.05,6.0394380380507355,10.256900489678882
2024-08-12,1.075659964060797,GARCH-t,0.05,5.978505161032583,10.153500703750582
2024-08-13,2.092453927711503,GARCH-t,0.05,5.753890031859962,9.772341017727756
2024-08-14,-3.13783013916643,GARCH-t,0.05,5.586295050473557,9.487941428441182
2024-08-15,-2.024486209713598,GARCH-t,0.05,5.5083201583366685,9.355622267599088
2024-08-16,2.291143010134266,GARCH-t,0.05,5.354238686400072,9.094154370571754
2024-08-17,0.9881840637262366,GARCH-t,0.05,5.225855490243778,8.87629505309037
2024-08-18,-1.687023792647201,GARCH-t,0.05,5.042212160369171,8.564662287243163
2024-08-19,1.7113663556006082,GARCH-t,0.05,4.899934582286549,8.323224957576988
2024-08-20,-0.8112024604757305,GARCH-t,0.05,4.76711809409478,8.097842584073003
2024-08-21,3.5987487774751865,GARCH-t,0.05,4.606495102857389,7.825274083751548
2024-08-22,-1.3052114105543453,GARCH-t,0.05,4.661245588508446,7.918182687002027
2024-08-23,5.966667778992524,GARCH-t,0.05,4.525060161740843,7.687083407541952
2024-08-24,0.1319630813085004,GARCH-t,0.05,4.95246934362562,8.412373596900812
2024-08-25,0.2405226160543708,GARCH-t,0.05,4.770045436744475,8.102810125704545
2024-08-26,-2.284251207913442,GARCH-t,0.05,4.566481476087334,7.830811997571335
2024-08-27,-5.519287756090793,GARCH-t,0.05,4.498246262697393,7.71395882318167
2024-08-28,-0.804021450926693,GARCH-t,0.05,4.829254414960715,8.280812085877391
2024-08-29,0.6089656742738994,GARCH-t,0.05,4.670951098065822,8.009716793922047
2024-08-30,-0.4534788620027655,GARCH-t,0.05,4.516899159891901,7.745902011170055
2024-08-31,-0.2533305049583044,GARCH-t,0.05,4.369689440742699,7.493804565745622
2024-09-01,-2.8281771257721453,GARCH-t,0.05,4.228663968320988,7.252297676507867
2024-09-02,3.0696731082648925,GARCH-t,0.05,4.234510795269158,7.26231039948561
2024-09-03,-2.8857442236703132,GARCH-t,0.05,4.260962024904782,7.307608274232028
2024-09-04,0.9367548966836616,GARCH-t,0.05,4.269477836349444,7.322191647689453
2024-09-05,-3.1738730145491645,GARCH-t,0.05,4.147911102793148,7.114007954688358
2024-09-06,-4.017885990554018,GARCH-t,0.05,4.197057830684158,7.198171993747055
2024-09-07,0.3532917856170691,GARCH-t,0.05,4.343583971064271,7.449098806808154
2024-09-08,1.2880905395702242,GARCH-t,0.05,4.204826250156738,7.21147545438363
2024-09-09,3.894551366544674,GARCH-t,0.05,4.100885626071741,7.033476569805288
2024-09-10,1.097395515939397,GARCH-t,0.05,4.238521071839565,7.269178019943607
2024-09-11,-0.5314110423381013,GARCH-t,0.05,4.124520655095981,7.073951685673857
2024-09-12,1.357669762940072,GARCH-t,0.05,4.002213846835391,6.864500610712833
2024-09-13,4.11907229072504,GARCH-t,0.05,3.9152399970623297,6.715557419507538
2024-09-14,-0.9391286288541528,GARCH-t,0.05,4.107019387019069,7.043980668818604
2024-09-15,-1.3798343779418605,GARCH-t,0.05,4.005091794306169,6.862078835985784
2024-09-16,-1.6874951656180976,GARCH-t,0.05,3.921637495226058,6.7193634496374335
2024-09-17,3.5717088660707748,GARCH-t,0.05,3.8617371712167494,6.616927769539351
2024-09-18,2.199433056839477,GARCH-t,0.05,3.984964670716307,6.827659396234085
2024-09-19,2.072111905391629,GARCH-t,0.05,3.9540043038126624,6.774714002493508
2024-09-20,0.4004011647405417,GARCH-t,0.05,3.91571791886582,6.709240368662791
2024-09-21,0.3189303016478239,GARCH-t,0.05,3.804590048175799,6.519200344668681
2024-09-22,0.3996604788029707,GARCH-t,0.05,3.699313464816356,6.339166620424534
2024-09-23,-0.5023067643079772,GARCH-t,0.05,3.601767374864114,6.17235283050891
2024-09-24,1.5234244172186633,GARCH-t,0.05,3.5130511342826165,6.0206389860512655
2024-09-25,-1.818596455888868,GARCH-t,0.05,3.4715570141002874,5.949679796910854
2024-09-26,3.176403065562404,GARCH-t,0.05,3.456327119039956,5.92363511878716
2024-09-27,0.9309629648678251,GARCH-t,0.05,3.576994958667571,6.129989465322917
2024-09-28,0.1473050355760251,GARCH-t,0.05,3.501413210628774,6.000736946385743
2024-09-29,-0.3837262677613024,GARCH-t,0.05,3.4139952841205563,5.851243351772768
2024-09-30,-3.5762477049568058,GARCH-t,0.05,3.335426884505373,5.71688335319332
2024-10-01,-4.015297041725014,GARCH-t,0.05,3.5310091312771124,6.051348997487007
2024-10-02,-0.3362528965938227,GARCH-t,0.05,3.764605209141983,6.450822180647318
2024-10-03,0.2086085373775952,GARCH-t,0.05,3.662526530241198,6.276257200079088
2024-10-04,2.1300283559387174,GARCH-t,0.05,3.565141481949421,6.109718807872687
2024-10-05,0.0362002616500902,GARCH-t,0.05,3.5422758785538293,6.084548490518586
2024-10-06,1.1672701783517452,GARCH-t,0.05,3.4513772068458253,5.929008359013093
2024-10-07,-0.9312611593072028,GARCH-t,0.05,3.393057286693779,5.8292149530216575
2024-10-08,-0.1683566537619295,GARCH-t,0.05,3.3314045972262725,5.723718720268688
2024-10-09,-2.5261155468464205,GARCH-t,0.05,3.2550109707841366,5.592998716557733
2024-10-10,-0.509036697595273,GARCH-t,0.05,3.3241552432969006,5.711314078459109
2024-10-11,3.537847936044716,GARCH-t,0.05,3.2537076980031023,5.590768637548429
2024-10-12,1.1906298332257008,GARCH-t,0.05,3.4421981051496515,5.913301653314341
2024-10-13,-0.5421094129359056,GARCH-t,0.05,3.3856492954821684,5.816538860999688
2024-10-14,4.958054928829012,GARCH-t,0.05,3.3118431479574313,5.69024638965546
2024-10-15,1.4952642422039788,GARCH-t,0.05,3.7256940398350946,6.398402195860151
2024-10-16,0.8490108547449184,GARCH-t,0.05,3.664586682026025,6.293839100591742
2024-10-17,-0.3153528787227215,GARCH-t,0.05,3.5791075116056885,6.147572481307482
2024-10-18,1.500489704966544,GARCH-t,0.05,3.4883173996891066,5.992218110538827
2024-10-19,-0.0819623721527923,GARCH-t,0.05,3.4450901743123,5.918250381490769
2024-10-20,0.9303330181939204,GARCH-t,0.05,3.360687640631736,5.773826035772681
2024-10-21,-2.3963262921302486,GARCH-t,0.05,3.2987023815244263,5.667760730617029
2024-10-22,-0.0095677993177765,GARCH-t,0.05,3.3496917711602108,5.755010590491893
2024-10-23,-1.3890438213698968,GARCH-t,0.05,3.2712619475259532,5.620806373281635
2024-10-24,2.569154796745315,GARCH-t,0.05,3.2420629348100647,5.5708428458469434
2024-10-25,-2.253213347279499,GARCH-t,0.05,3.281047102450566,5.623892944091146
2024-10-26,0.557070573324996,GARCH-t,0.05,3.317408389312555,5.685912599980585
2024-10-27,1.355548405756674,GARCH-t,0.05,3.2445876572561168,5.561705864369188
2024-10-28,2.8709215102556978,GARCH-t,0.05,3.208652550537043,5.500413122956425
2024-10-29,3.9446590577762137,GARCH-t,0.05,3.310933751899955,5.674869129878372
2024-10-30,-0.5252363418187159,GARCH-t,0.05,3.5473947763571343,6.07818905152363
2024-10-31,-2.980622089692495,GARCH-t,0.05,3.4607706539304033,5.930438552895197
2024-11-01,-1.0490161236778448,GARCH-t,0.05,3.557155138983597,6.0948368212724535
2024-11-02,-0.278436278553029,GARCH-t,0.05,3.48731649686985,5.9757164895823225
2024-11-03,-0.7942586110248759,GARCH-t,0.05,3.400048699216707,5.8268681058268275
2024-11-04,-1.3615611362265725,GARCH-t,0.05,3.3307905241082976,5.708737848114628
2024-11-05,2.257211249093191,GARCH-t,0.05,3.2932344945382965,5.64468037843965
2024-11-06,8.666903126846401,GARCH-t,0.05,3.321395952284412,5.692713989719366
2024-11-07,0.3507649687478874,GARCH-t,0.05,4.576130860403019,7.832853515840754
2024-11-08,0.8404323339316332,GARCH-t,0.05,4.425112598152481,7.575269104888835
2024-11-09,0.3044406381335742,GARCH-t,0.05,4.291387467812485,7.347180737198895
2024-11-10,4.700704537184314,GARCH-t,0.05,4.155820380511343,7.1159506342528
2024-11-11,9.734014312496264,GARCH-t,0.05,4.388700414275056,7.513162636467291
2024-11-12,-0.8442066269106776,GARCH-t,0.05,5.587952891312314,9.558668512887689
2024-11-13,2.944485048776148,GARCH-t,0.05,5.392057219781807,9.224538915531417
2024-11-14,-3.7496922318811383,GARCH-t,0.05,5.43211352273909,9.257296021623045
2024-11-15,4.280211829142622,GARCH-t,0.05,5.426848411301318,9.248351740173476
2024-11-16,-0.5588812244118381,GARCH-t,0.05,5.472621730874397,9.326110674240002
2024-11-17,-0.7900350440318173,GARCH-t,0.05,5.263004922259713,8.970017217345704
2024-11-18,0.7725465406075372,GARCH-t,0.05,5.070412481362306,8.64284446577055
2024-11-19,1.9697543183651731,GARCH-t,0.05,4.886697088715182,8.330751892256266
2024-11-20,2.138144499843257,GARCH-t,0.05,4.765393934256145,8.124684163771274
2024-11-21,4.320463738221239,GARCH-t,0.05,4.663788882957879,7.952079236743549
2024-11-22,0.4991722095061174,GARCH-t,0.05,4.797475052127059,8.179183019274253
2024-11-23,-1.2404002529793905,GARCH-t,0.05,4.624641973647271,7.885577135336375
2024-11-24,0.2416240326478894,GARCH-t,0.05,4.486701396734248,7.651246037541427
2024-11-25,-5.140963729329047,GARCH-t,0.05,4.329507079086692,7.384207013594865
2024-11-26,-1.2069852534281011,GARCH-t,0.05,4.647555416630139,7.924502101206446
2024-11-27,4.232881330495688,GARCH-t,0.05,4.506685560428937,7.685194793751451
2024-11-28,-0.3236310003132818,GARCH-t,0.05,4.6469970900366295,7.923553625518486
2024-11-29,1.8736162907207532,GARCH-t,0.05,4.481833603348354,7.642976713217268
2024-11-30,-1.0442730465097627,GARCH-t,0.05,4.383285397123718,7.475564702428716
2024-12-01,0.8576311620290236,GARCH-t,0.05,4.2529299605509765,7.254119111586432
2024-12-02,-1.4647119798360833,GARCH-t,0.05,4.1215945217232335,7.031008709639283
2024-12-03,0.1426603468560264,GARCH-t,0.05,4.02936594521768,6.8743323779588765
2024-12-04,2.8408310872006197,GARCH-t,0.05,3.8297575865897473,6.5585770404938115
2024-12-05,-2.2266865312221884,GARCH-t,0.05,3.874814620299379,6.635331460732159
2024-12-06,3.3864801767809163,GARCH-t,0.05,3.8583658420808913,6.6073110534429125
2024-12-07,0.0026270484822606,GARCH-t,0.05,3.971378336340357,6.799827243755736
2024-12-08,1.3051327819741103,GARCH-t,0.05,3.833737665667381,6.56535708429508
2024-12-09,-3.829250346621322,GARCH-t,0.05,3.741634490695366,6.408459809551119
2024-12-10,-0.7802793553987951,GARCH-t,0.05,3.953691614443102,6.769698005912666
2024-12-11,4.547294957076327,GARCH-t,0.05,3.832364990615621,6.563018739555114
2024-12-12,-1.1232138149604487,GARCH-t,0.05,4.137400012455623,7.082644296901021
2024-12-13,1.4057223472297038,GARCH-t,0.05,4.016552876297096,6.876781835268767
2024-12-14,-0.0850841793417153,GARCH-t,0.05,3.915182335808046,6.704097652048297
2024-12-15,2.8452377696528823,GARCH-t,0.05,3.7819962105622262,6.477215787322937
2024-12-16,1.6460567443030163,GARCH-t,0.05,3.833106462292706,6.5642818326620525
2024-12-17,0.1045224633036193,GARCH-t,0.05,3.7627721919597534,6.444467772617996
2024-12-18,-5.917915465377018,GARCH-t,0.05,3.6405394034214393,6.236244859435649
2024-12-19,-2.5825905125142588,GARCH-t,0.05,4.29091725735118,7.344160117149701
2024-12-20,0.2714273553183173,GARCH-t,0.05,4.26878031322875,7.306449949123204
2024-12-21,-0.544879117211963,GARCH-t,0.05,4.110846104826087,7.037409854742616
2024-12-22,-2.20441803820154,GARCH-t,0.05,3.970557961652996,6.79842973978527
2024-12-23,-0.4412175449120982,GARCH-t,0.05,3.9424207793319,6.750498197506785
2024-12-24,4.127399406827944,GARCH-t,0.05,3.834013805515486,6.570676196465281
2024-12-25,0.6294761562737073,GARCH-t,0.05,4.059964731427252,6.956349711338709
2024-12-26,-3.5921593296803764,GARCH-t,0.05,3.930080604588559,6.734651714209431
2024-12-27,-1.716880486495554,GARCH-t,0.05,4.0720195996467465,6.9769260527667765
2024-12-28,1.0553910906912645,GARCH-t,0.05,3.9967561122930007,6.848459512555801
2024-12-29,-1.7316317368601404,GARCH-t,0.05,3.885578741783191,6.658691902240066
2024-12-30,-0.952898919172895,GARCH-t,0.05,3.8270734868513343,6.5588298316728215
2023-08-19,0.1789155950789422,HS,0.01,10.543462676236322,13.319850331113544
2023-08-20,0.3571869420107809,HS,0.01,10.543462676236322,13.319850331113544
2023-08-21,-0.2501958864606914,HS,0.01,10.543462676236322,13.319850331113544
2023-08-22,-0.354646951925222,HS,0.01,10.543462676236322,13.319850331113544
2023-08-23,1.5248455549160829,HS,0.01,10.543462676236322,13.319850331113544
2023-08-24,-1.0239565761125091,HS,0.01,10.543462676236322,13.319850331113544
2023-08-25,-0.4393992436939317,HS,0.01,10.543462676236322,13.319850331113544
2023-08-26,-0.1506261986445485,HS,0.01,10.543462676236322,13.319850331113544
2023-08-27,0.3118365040993392,HS,0.01,10.543462676236322,13.319850331113544
2023-08-28,0.0630587825120889,HS,0.01,10.543462676236322,13.319850331113544
2023-08-29,6.024989257085102,HS,0.01,10.543462676236322,13.319850331113544
2023-08-30,-1.5634289371322936,HS,0.01,10.543462676236322,13.319850331113544
2023-08-31,-5.132914544958933,HS,0.01,10.543462676236322,13.319850331113544
2023-09-01,-0.5054814300673318,HS,0.01,10.543462676236322,13.319850331113544
2023-09-02,0.2634986878477164,HS,0.01,10.543462676236322,13.319850331113544
2023-09-03,0.3887765541686761,HS,0.01,10.543462676236322,13.319850331113544
2023-09-04,-0.6069712504034206,HS,0.01,10.543462676236322,13.319850331113544
2023-09-05,-0.125730142442957,HS,0.01,10.543462676236322,13.319850331113544
2023-09-06,-0.1038013801593385,HS,0.01,10.543462676236322,13.319850331113544
2023-09-07,1.8732105501950571,HS,0.01,10.543462676236322,13.319850331113544
2023-09-08,-1.2831149860508746,HS,0.01,10.543462676236322,13.319850331113544
2023-09-09,-0.0385185563078999,HS,0.01,10.543462676236322,13.319850331113544
2023-09-10,-0.2453267904857347,HS,0.01,10.543462676236322,13.319850331113544
2023-09-11,-2.626188106748031,HS,0.01,10.543462676236322,13.319850331113544
2023-09-12,2.6305127952917498,HS,0.01,10.543462676236322,13.319850331113544
2023-09-13,1.5173852958685845,HS,0.01,10.543462676236322,13.319850331113544
2023-09-14,1.1800835130971608,HS,0.01,10.543462676236322,13.319850331113544
2023-09-15,0.2597241409319121,HS,0.01,10.543462676236322,13.319850331113544
2023-09-16,-0.1519910354119122,HS,0.01,10.543462676236322,13.319850331113544
2023-09-17,-0.1284074186649275,HS,0.01,10.543462676236322,13.319850331113544
2023-09-18,0.8260511389751386,HS,0.01,10.543462676236322,13.319850331113544
2023-09-19,1.6931102662432371,HS,0.01,10.543462676236322,13.319850331113544
2023-09-20,-0.2911478899391834,HS,0.01,10.543462676236322,13.319850331113544
2023-09-21,-2.1020467716698095,HS,0.01,10.543462676236322,13.319850331113544
2023-09-22,0.044915054085552,HS,0.01,10.543462676236322,13.319850331113544
2023-09-23,-0.0006686902016047,HS,0.01,10.543462676236322,13.319850331113544
2023-09-24,-1.2210127075315798,HS,0.01,10.543462676236322,13.319850331113544
2023-09-25,0.1585160786217759,HS,0.01,10.543462676236322,13.319850331113544
2023-09-26,-0.3093569595525136,HS,0.01,10.543462676236322,13.319850331113544
2023-09-27,0.5153782852789497,HS,0.01,10.543462676236322,13.319850331113544
2023-09-28,2.506320623495958,HS,0.01,10.543462676236322,13.319850331113544
2023-09-29,-0.4072674570297436,HS,0.01,10.543462676236322,13.319850331113544
2023-09-30,0.2085958120685116,HS,0.01,10.543462676236322,13.319850331113544
2023-10-01,3.6976120856382697,HS,0.01,10.543462676236322,13.319850331113544
2023-10-02,-1.631914578851585,HS,0.01,10.543462676236322,13.319850331113544
2023-10-03,-0.3668317065944561,HS,0.01,10.543462676236322,13.319850331113544
2023-10-04,1.3377719302482878,HS,0.01,10.543462676236322,13.319850331113544
2023-10-05,-1.3890662255842758,HS,0.01,10.543462676236322,13.319850331113544
2023-10-06,1.9171883788155937,HS,0.01,10.543462676236322,13.319850331113544
2023-10-07,0.0795565220182125,HS,0.01,10.543462676236322,13.319850331113544
2023-10-08,-0.1207428683062469,HS,0.01,10.543462676236322,13.319850331113544
2023-10-09,-1.265938772792596,HS,0.01,10.543462676236322,13.319850331113544
2023-10-10,-0.7009006012591489,HS,0.01,10.543462676236322,13.319850331113544
2023-10-11,-1.9081220842271784,HS,0.01,10.543462676236322,13.319850331113544
2023-10-12,-0.434538164717781,HS,0.01,10.543462676236322,13.319850331113544
2023-10-13,0.3938005783230497,HS,0.01,10.543462676236322,13.319850331113544
2023-10-14,-0.0024866641728645,HS,0.01,10.543462676236322,13.319850331113544
2023-10-15,1.1030760315870678,HS,0.01,10.543462676236322,13.319850331113544
2023-10-16,4.885439730476576,HS,0.01,10.543462676236322,13.319850331113544
2023-10-17,-0.3643399432774455,HS,0.01,10.543462676236322,13.319850331113544
2023-10-18,-0.3080719749687549,HS,0.01,10.543462676236322,13.319850331113544
2023-10-19,1.3724231161473082,HS,0.01,10.45936785241135,12.948855491044554
2023-10-20,3.298576898255148,HS,0.01,10.45936785241135,12.948855491044554
2023-10-21,0.7901299916077795,HS,0.01,10.45936785241135,12.948855491044554
2023-10-22,0.2519829955235934,HS,0.01,10.45936785241135,12.948855491044554
2023-10-23,9.8123405529161,HS,0.01,10.45936785241135,12.948855491044554
2023-10-24,2.4342751787773462,HS,0.01,10.45936785241135,12.948855491044554
2023-10-25,1.7581001125127034,HS,0.01,10.45936785241135,12.948855491044554
2023-10-26,-1.0083818433932463,HS,0.01,10.45936785241135,12.948855491044554
2023-10-27,-0.7253169256571986,HS,0.01,10.45936785241135,12.948855491044554
2023-10-28,0.5287514961399851,HS,0.01,10.45936785241135,12.948855491044554
2023-10-29,1.3082482218137432,HS,0.01,10.45936785241135,12.948855491044554
2023-10-30,-0.1046255776520464,HS,0.01,10.45936785241135,12.948855491044554
2023-10-31,0.4782938801692802,HS,0.01,10.45936785241135,12.948855491044554
2023-11-01,2.1952875620689456,HS,0.01,10.45936785241135,12.948855491044554
2023-11-02,-1.418164303813905,HS,0.01,10.45936785241135,12.948855491044554
2023-11-03,-0.5911206955145198,HS,0.01,10.45936785241135,12.948855491044554
2023-11-04,1.002295869368392,HS,0.01,10.45936785241135,12.948855491044554
2023-11-05,-0.093652131699398,HS,0.01,10.45936785241135,12.948855491044554
2023-11-06,-0.0341987012508487,HS,0.01,10.45936785241135,12.948855491044554
2023-11-07,1.1526405303600251,HS,0.01,10.45936785241135,12.948855491044554
2023-11-08,0.5955525293475274,HS,0.01,10.45936785241135,12.948855491044554
2023-11-09,2.869223982446583,HS,0.01,10.45936785241135,12.948855491044554
2023-11-10,1.677834605033404,HS,0.01,10.45936785241135,12.948855491044554
2023-11-11,-0.4725682318407843,HS,0.01,10.45936785241135,12.948855491044554
2023-11-12,-0.2251742592082081,HS,0.01,10.45936785241135,12.948855491044554
2023-11-13,-1.501353705502923,HS,0.01,10.45936785241135,12.948855491044554
2023-11-14,-2.678435783979465,HS,0.01,10.45936785241135,12.948855491044554
2023-11-15,6.384619927627836,HS,0.01,10.45936785241135,12.948855491044554
2023-11-16,-4.662975619066543,HS,0.01,10.45936785241135,12.948855491044554
2023-11-17,1.214874696667944,HS,0.01,10.45936785241135,12.948855491044554
2023-11-18,-0.0300085015663709,HS,0.01,10.45936785241135,12.948855491044554
2023-11-19,2.1653391391504333,HS,0.01,10.45936785241135,12.948855491044554
2023-11-20,0.241533445499477,HS,0.01,10.45936785241135,12.948855491044554
2023-11-21,-4.539262192194837,HS,0.01,10.214556378491714,12.948855491044554
2023-11-22,4.420138946783627,HS,0.01,10.214556378491714,12.948855491044554
2023-11-23,-0.3819999415433914,HS,0.01,10.214556378491714,12.948855491044554
2023-11-24,1.148288092363248,HS,0.01,10.214556378491714,12.948855491044554
2023-11-25,0.2026342935600158,HS,0.01,10.214556378491714,12.948855491044554
2023-11-26,-0.844024984109134,HS,0.01,10.214556378491714,12.948855491044554
2023-11-27,-0.602017674392167,HS,0.01,10.214556378491714,12.948855491044554
2023-11-28,1.5367313611233842,HS,0.01,10.214556378491714,12.948855491044554
2023-11-29,0.0724175028494842,HS,0.01,10.214556378491714,12.948855491044554
2023-11-30,-0.385718899847248,HS,0.01,10.214556378491714,12.948855491044554
2023-12-01,2.555073011462817,HS,0.01,10.214556378491714,12.948855491044554
2023-12-02,2.0152443138720524,HS,0.01,10.214556378491714,12.948855491044554
2023-12-03,1.2637770520489715,HS,0.01,10.214556378491714,12.948855491044554
2023-12-04,4.8856566886563275,HS,0.01,10.214556378491714,12.948855491044554
2023-12-05,4.882523455973004,HS,0.01,10.214556378491714,12.948855491044554
2023-12-06,-0.7610515703398493,HS,0.01,10.214556378491714,12.948855491044554
2023-12-07,-1.0427160036986542,HS,0.01,10.214556378491714,12.948855491044554
2023-12-08,1.998568323480024,HS,0.01,10.214556378491714,12.948855491044554
2023-12-09,-1.0026349184727985,HS,0.01,10.214556378491714,12.948855491044554
2023-12-10,0.1227688266422679,HS,0.01,10.214556378491714,12.948855491044554
2023-12-11,-5.966864669683699,HS,0.01,10.214556378491714,12.948855491044554
2023-12-12,0.4991678164292342,HS,0.01,10.214556378491714,12.948855491044554
2023-12-13,3.416274957103686,HS,0.01,10.214556378491714,12.948855491044554
2023-12-14,0.3101461159203954,HS,0.01,10.214556378491714,12.948855491044554
2023-12-15,-2.5761678809584643,HS,0.01,10.214556378491714,12.948855491044554
2023-12-16,0.7374628549158558,HS,0.01,10.214556378491714,12.948855491044554
2023-12-17,-2.094342240847231,HS,0.01,10.214556378491714,12.948855491044554
2023-12-18,2.9979669511789555,HS,0.01,10.214556378491714,12.948855491044554
2023-12-19,-0.8316570718615267,HS,0.01,10.214556378491714,12.948855491044554
2023-12-20,3.2164737244750543,HS,0.01,10.214556378491714,12.948855491044554
2023-12-21,0.4956565640048613,HS,0.01,10.214556378491714,12.948855491044554
2023-12-22,0.2930565787194846,HS,0.01,10.214556378491714,12.948855491044554
2023-12-23,-0.5889392398977759,HS,0.01,10.214556378491714,12.948855491044554
2023-12-24,-1.6677702596480783,HS,0.01,10.214556378491714,12.948855491044554
2023-12-25,1.378363164697311,HS,0.01,10.214556378491714,12.948855491044554
2023-12-26,-2.5374479539831176,HS,0.01,10.214556378491714,12.948855491044554
2023-12-27,2.146239120434015,HS,0.01,10.214556378491714,12.948855491044554
2023-12-28,-1.893848326303362,HS,0.01,10.214556378491714,12.948855491044554
2023-12-29,-1.247437935200907,HS,0.01,10.214556378491714,12.948855491044554
2023-12-30,0.1364883236683238,HS,0.01,10.214556378491714,12.948855491044554
2023-12-31,0.2565328952055138,HS,0.01,10.214556378491714,12.948855491044554
2024-01-01,4.402166483732666,HS,0.01,10.214556378491714,12.948855491044554
2024-01-02,1.774260401360504,HS,0.01,10.214556378491714,12.948855491044554
2024-01-03,-4.806495357875531,HS,0.01,10.214556378491714,12.948855491044554
2024-01-04,3.0607357718285955,HS,0.01,10.214556378491714,12.948855491044554
2024-01-05,-0.0390082845152692,HS,0.01,10.214556378491714,12.948855491044554
2024-01-06,-0.3936304127509979,HS,0.01,10.214556378491714,12.948855491044554
2024-01-07,-0.1048480800776119,HS,0.01,10.214556378491714,12.948855491044554
2024-01-08,6.662426635587364,HS,0.01,10.214556378491714,12.948855491044554
2024-01-09,-1.784541710643821,HS,0.01,10.214556378491714,12.948855491044554
2024-01-10,1.052203275194838,HS,0.01,10.214556378491714,12.948855491044554
2024-01-11,-0.5574241147522552,HS,0.01,10.214556378491714,12.948855491044554
2024-01-12,-7.884262883299366,HS,0.01,10.214556378491714,12.948855491044554
2024-01-13,-0.0251708664186648,HS,0.01,10.214556378491714,12.948855491044554
2024-01-14,-2.4720775355358247,HS,0.01,10.214556378491714,12.948855491044554
2024-01-15,1.6978564046419868,HS,0.01,10.214556378491714,12.948855491044554
2024-01-16,1.5011364505806484,HS,0.01,10.214556378491714,12.948855491044554
2024-01-17,-0.9599712825861542,HS,0.01,10.214556378491714,12.948855491044554
2024-01-18,-3.525390600438047,HS,0.01,10.214556378491714,12.948855491044554
2024-01-19,0.8599127738074015,HS,0.01,10.214556378491714,12.948855491044554
2024-01-20,0.1132983453546331,HS,0.01,10.214556378491714,12.948855491044554
2024-01-21,-0.2879434924556738,HS,0.01,10.214556378491714,12.948855491044554
2024-01-22,-5.030891028125471,HS,0.01,10.214556378491714,12.948855491044554
2024-01-23,0.8523584257922188,HS,0.01,10.214556378491714,12.948855491044554
2024-01-24,0.5793705727985713,HS,0.01,10.214556378491714,12.948855491044554
2024-01-25,-0.3581157289492955,HS,0.01,10.214556378491714,12.948855491044554
2024-01-26,4.607657449481696,HS,0.01,10.214556378491714,12.948855491044554
2024-01-27,0.7224112855396915,HS,0.01,10.214556378491714,12.948855491044554
2024-01-28,-0.2007256017307645,HS,0.01,10.214556378491714,12.948855491044554
2024-01-29,2.936441573691462,HS,0.01,10.214556378491714,12.948855491044554
2024-01-30,-0.7783744989935841,HS,0.01,10.214556378491714,12.948855491044554
2024-01-31,-0.8651552809046922,HS,0.01,10.214556378491714,12.948855491044554
2024-02-01,1.151489029423974,HS,0.01,10.214556378491714,12.948855491044554
2024-02-02,0.2552374530244358,HS,0.01,10.214556378491714,12.948855491044554
2024-02-03,-0.4493245492150753,HS,0.01,10.214556378491714,12.948855491044554
2024-02-04,-0.9551086228745844,HS,0.01,10.214556378491714,12.948855491044554
2024-02-05,0.1761707531647928,HS,0.01,10.214556378491714,12.948855491044554
2024-02-06,0.9936804708699248,HS,0.01,10.214556378491714,12.948855491044554
2024-02-07,2.822864621028068,HS,0.01,9.814798299955775,12.54030803661522
2024-02-08,2.1945671282114807,HS,0.01,9.814798299955775,12.54030803661522
2024-02-09,3.99329954084116,HS,0.01,9.814798299955775,12.54030803661522
2024-02-10,1.314996069506419,HS,0.01,9.814798299955775,12.54030803661522
2024-02-11,1.0881064258583886,HS,0.01,9.814798299955775,12.54030803661522
2024-02-12,3.388147853165121,HS,0.01,9.814798299955775,12.54030803661522
2024-02-13,-0.4328588760117502,HS,0.01,9.814798299955775,12.54030803661522
2024-02-14,4.104684951040893,HS,0.01,9.729045631788937,12.040316656795914
2024-02-15,0.2156009229108384,HS,0.01,9.729045631788937,12.040316656795914
2024-02-16,0.4258432609761564,HS,0.01,9.729045631788937,12.040316656795914
2024-02-17,-0.957802949778828,HS,0.01,9.729045631788937,12.040316656795914
2024-02-18,0.8855834280713762,HS,0.01,9.729045631788937,12.040316656795914
2024-02-19,-0.6610163694046542,HS,0.01,9.729045631788937,12.040316656795914
2024-02-20,0.9719679337319472,HS,0.01,9.729045631788937,12.040316656795914
2024-02-21,-0.8560904315229949,HS,0.01,9.729045631788937,12.040316656795914
2024-02-22,-1.0358547640014264,HS,0.01,9.729045631788937,12.040316656795914
2024-02-23,-1.1231806115512577,HS,0.01,9.729045631788937,12.040316656795914
2024-02-24,1.640559413021775,HS,0.01,9.729045631788937,12.040316656795914
2024-02-25,0.3139013368236927,HS,0.01,9.729045631788937,12.040316656795914
2024-02-26,5.2511187656945415,HS,0.01,9.729045631788937,12.040316656795914
2024-02-27,4.593621644047315,HS,0.01,9.729045631788937,12.040316656795914
2024-02-28,9.069529297704287,HS,0.01,9.729045631788937,12.040316656795914
2024-02-29,-2.1122414270019747,HS,0.01,9.729045631788937,12.040316656795914
2024-03-01,2.00954657884248,HS,0.01,9.729045631788937,12.040316656795914
2024-03-02,-0.6600547312091193,HS,0.01,9.729045631788937,12.040316656795914
2024-03-03,1.817220465901261,HS,0.01,9.729045631788937,12.040316656795914
2024-03-04,7.85670808490068,HS,0.01,9.729045631788937,12.040316656795914
2024-03-05,-6.858298181492034,HS,0.01,9.729045631788937,12.040316656795914
2024-03-06,3.5499700200866338,HS,0.01,9.729045631788937,12.040316656795914
2024-03-07,1.2308140052515395,HS,0.01,9.729045631788937,12.040316656795914
2024-03-08,2.0331312236987973,HS,0.01,9.729045631788937,12.040316656795914
2024-03-09,0.2906296632019191,HS,0.01,9.729045631788937,12.040316656795914
2024-03-10,0.7575825657206857,HS,0.01,9.729045631788937,12.040316656795914
2024-03-11,4.399229858274628,HS,0.01,9.729045631788937,12.040316656795914
2024-03-12,-0.8949836049347838,HS,0.01,9.729045631788937,12.040316656795914
2024-03-13,2.216689906407544,HS,0.01,9.729045631788937,12.040316656795914
2024-03-14,-2.33524614583823,HS,0.01,9.729045631788937,12.040316656795914
2024-03-15,-2.830892329200056,HS,0.01,9.729045631788937,12.040316656795914
2024-03-16,-6.071772520629676,HS,0.01,9.729045631788937,12.040316656795914
2024-03-17,4.60122407046103,HS,0.01,9.729045631788937,12.040316656795914
2024-03-18,-1.2388507554368626,HS,0.01,9.13644294237543,11.817920687543374
2024-03-19,-8.712073185700822,HS,0.01,9.13644294237543,11.817920687543374
2024-03-20,9.251085296877404,HS,0.01,9.13644294237543,11.817920687543374
2024-03-21,-3.631867422621332,HS,0.01,9.13644294237543,11.817920687543374
2024-03-22,-2.649844665215931,HS,0.01,8.722234652767238,11.817920687543374
2024-03-23,0.4434288665400013,HS,0.01,8.722234652767238,11.817920687543374
2024-03-24,4.832709315067971,HS,0.01,8.722234652767238,11.817920687543374
2024-03-25,3.97250476948794,HS,0.01,8.722234652767238,11.817920687543374
2024-03-26,0.0414778606564033,HS,0.01,8.722234652767238,11.817920687543374
2024-03-27,-0.7637444542951766,HS,0.01,8.722234652767238,11.817920687543374
2024-03-28,1.8397189971880863,HS,0.01,8.722234652767238,11.817920687543374
2024-03-29,-1.2118158012204416,HS,0.01,8.722234652767238,11.817920687543374
2024-03-30,-0.3547757048682065,HS,0.01,8.722234652767238,11.817920687543374
2024-03-31,2.3952858696302477,HS,0.01,8.722234652767238,11.817920687543374
2024-04-01,-2.3137002333257977,HS,0.01,8.722234652767238,11.817920687543374
2024-04-02,-6.299090436988572,HS,0.01,8.722234652767238,11.817920687543374
2024-04-03,0.812374307331999,HS,0.01,8.722234652767238,11.817920687543374
2024-04-04,3.759886271186141,HS,0.01,8.722234652767238,11.817920687543374
2024-04-05,-0.9845630418288568,HS,0.01,8.722234652767238,11.817920687543374
2024-04-06,1.5482496362565017,HS,0.01,8.722234652767238,11.817920687543374
2024-04-07,0.6747455363626303,HS,0.01,8.722234652767238,11.817920687543374
2024-04-08,3.218579409702191,HS,0.01,8.722234652767238,11.817920687543374
2024-04-09,-3.5413761203788403,HS,0.01,8.722234652767238,11.817920687543374
2024-04-10,2.073930124253475,HS,0.01,8.722234652767238,11.817920687543374
2024-04-11,-0.749778258451207,HS,0.01,8.722234652767238,11.817920687543374
2024-04-12,-4.174897018143468,HS,0.01,8.722234652767238,11.817920687543374
2024-04-13,-5.152204971523435,HS,0.01,8.722234652767238,11.817920687543374
2024-04-14,2.959850149495867,HS,0.01,8.722234652767238,11.817920687543374
2024-04-15,-3.5810999496508606,HS,0.01,8.722234652767238,11.817920687543374
2024-04-16,0.606192017722891,HS,0.01,8.722234652767238,11.817920687543374
2024-04-17,-4.053958534994488,HS,0.01,8.722234652767238,11.817920687543374
2024-04-18,3.584120208614769,HS,0.01,8.722234652767238,11.817920687543374
2024-04-19,0.5195142876912205,HS,0.01,8.722234652767238,11.817920687543374
2024-04-20,1.7865871886504232,HS,0.01,8.722234652767238,11.817920687543374
2024-04-21,-0.1043662476566599,HS,0.01,8.722234652767238,11.817920687543374
2024-04-22,2.9008901759275916,HS,0.01,8.722234652767238,11.817920687543374
2024-04-23,-0.6460398489914604,HS,0.01,8.722234652767238,11.817920687543374
2024-04-24,-3.2606301316271993,HS,0.01,8.722234652767238,11.817920687543374
2024-04-25,0.3181282769191777,HS,0.01,8.722234652767238,11.817920687543374
2024-04-26,-1.1328935219016096,HS,0.01,8.722234652767238,11.817920687543374
2024-04-27,-0.5286917956356649,HS,0.01,8.722234652767238,11.817920687543374
2024-04-28,-0.4835296290154386,HS,0.01,8.722234652767238,11.817920687543374
2024-04-29,1.1467091787556438,HS,0.01,8.722234652767238,11.817920687543374
2024-04-30,-5.14946297165421,HS,0.01,8.722234652767238,11.817920687543374
2024-05-01,-4.0089923480657195,HS,0.01,8.722234652767238,11.817920687543374
2024-05-02,1.48143925496978,HS,0.01,8.722234652767238,11.817920687543374
2024-05-03,6.175720649824811,HS,0.01,8.722234652767238,11.817920687543374
2024-05-04,1.5801344389047562,HS,0.01,8.722234652767238,11.817920687543374
2024-05-05,0.2183511056964741,HS,0.01,8.722234652767238,11.817920687543374
2024-05-06,-1.3667364763724112,HS,0.01,8.722234652767238,11.817920687543374
2024-05-07,-1.318192999564668,HS,0.01,8.722234652767238,11.817920687543374
2024-05-08,-1.8569986258493816,HS,0.01,8.722234652767238,11.817920687543374
2024-05-09,2.997730860417905,HS,0.01,8.722234652767238,11.817920687543374
2024-05-10,-3.6456454635488926,HS,0.01,8.722234652767238,11.817920687543374
2024-05-11,0.0015356866757304,HS,0.01,8.722234652767238,11.817920687543374
2024-05-12,1.071136415279376,HS,0.01,8.722234652767238,11.817920687543374
2024-05-13,2.337149423787631,HS,0.01,8.722234652767238,11.817920687543374
2024-05-14,-2.1674038111579397,HS,0.01,8.722234652767238,11.817920687543374
2024-05-15,7.380429766149847,HS,0.01,8.722234652767238,11.817920687543374
2024-05-16,-1.5755724397151207,HS,0.01,8.722234652767238,11.817920687543374
2024-05-17,2.752283490504771,HS,0.01,8.722234652767238,11.817920687543374
2024-05-18,-0.1657856805292211,HS,0.01,8.722234652767238,11.817920687543374
2024-05-19,-0.99451595532183,HS,0.01,8.722234652767238,11.817920687543374
2024-05-20,7.510908882529837,HS,0.01,8.722234652767238,11.817920687543374
2024-05-21,-1.852885718229531,HS,0.01,8.722234652767238,11.817920687543374
2024-05-22,-1.4565869510184994,HS,0.01,8.722234652767238,11.817920687543374
2024-05-23,-1.7406596587757723,HS,0.01,8.722234652767238,11.817920687543374
2024-05-24,0.8743394668047938,HS,0.01,8.722234652767238,11.817920687543374
2024-05-25,1.0738658385428568,HS,0.01,8.722234652767238,11.817920687543374
2024-05-26,-1.0855523058038128,HS,0.01,8.722234652767238,11.817920687543374
2024-05-27,1.271054899375939,HS,0.01,8.722234652767238,11.817920687543374
2024-05-28,-1.5953999045957543,HS,0.01,8.722234652767238,11.817920687543374
2024-05-29,-1.0570529093847765,HS,0.01,8.722234652767238,11.817920687543374
2024-05-30,1.1577009906272178,HS,0.01,8.722234652767238,11.817920687543374
2024-05-31,-1.2860492770805694,HS,0.01,8.722234652767238,11.817920687543374
2024-06-01,0.318825810485505,HS,0.01,8.722234652767238,11.817920687543374
2024-06-02,0.0659449960522584,HS,0.01,8.722234652767238,11.817920687543374
2024-06-03,1.5425138658129582,HS,0.01,8.722234652767238,11.817920687543374
2024-06-04,2.5300225248925363,HS,0.01,8.562355386518286,11.516803053140473
2024-06-05,0.727221781660282,HS,0.01,8.562355386518286,11.516803053140473
2024-06-06,-0.4591890272017647,HS,0.01,8.562355386518286,11.516803053140473
2024-06-07,-2.0194557079892093,HS,0.01,8.562355386518286,11.516803053140473
2024-06-08,-0.0531019638905004,HS,0.01,8.562355386518286,11.516803053140473
2024-06-09,0.4925659126589219,HS,0.01,8.562355386518286,11.516803053140473
2024-06-10,-0.1950427046023121,HS,0.01,8.562355386518286,11.516803053140473
2024-06-11,-3.1867374917879587,HS,0.01,8.562355386518286,11.516803053140473
2024-06-12,1.3412234174301008,HS,0.01,8.562355386518286,11.516803053140473
2024-06-13,-2.199815542116183,HS,0.01,8.562355386518286,11.516803053140473
2024-06-14,-1.1227334405387726,HS,0.01,8.562355386518286,11.516803053140473
2024-06-15,0.2721687016485993,HS,0.01,8.562355386518286,11.516803053140473
2024-06-16,0.6746193121199441,HS,0.01,8.562355386518286,11.516803053140473
2024-06-17,-0.2234669798733621,HS,0.01,8.19780353903376,11.391807977992553
2024-06-18,-2.0505771883152004,HS,0.01,8.19780353903376,11.391807977992553
2024-06-19,-0.2773987515326678,HS,0.01,8.19780353903376,11.391807977992553
2024-06-20,-0.2028534277712279,HS,0.01,8.19780353903376,11.391807977992553
2024-06-21,-1.1362664075990998,HS,0.01,8.19780353903376,11.391807977992553
2024-06-22,0.2436781820078235,HS,0.01,8.19780353903376,11.391807977992553
2024-06-23,-1.6821441362000096,HS,0.01,8.19780353903376,11.391807977992553
2024-06-24,-4.704293399341265,HS,0.01,8.19780353903376,11.391807977992553
2024-06-25,2.502097858985756,HS,0.01,8.19780353903376,11.391807977992553
2024-06-26,-1.6203198264060434,HS,0.01,8.19780353903376,11.391807977992553
2024-06-27,1.296454786345771,HS,0.01,8.19780353903376,11.391807977992553
2024-06-28,-2.1073812008611803,HS,0.01,8.19780353903376,11.391807977992553
2024-06-29,0.9359920064692572,HS,0.01,8.19780353903376,11.391807977992553
2024-06-30,2.8989272731724975,HS,0.01,8.19780353903376,11.391807977992553
2024-07-01,0.2767262526904299,HS,0.01,8.19780353903376,11.391807977992553
2024-07-02,-1.318017605629068,HS,0.01,8.19780353903376,11.391807977992553
2024-07-03,-3.0363202506616576,HS,0.01,8.19780353903376,11.391807977992553
2024-07-04,-5.457904895434864,HS,0.01,8.19780353903376,11.391807977992553
2024-07-05,-0.5549607840752044,HS,0.01,8.19780353903376,11.391807977992553
2024-07-06,2.8552385625087484,HS,0.01,8.19780353903376,11.391807977992553
2024-07-07,-4.30092171893191,HS,0.01,8.19780353903376,11.391807977992553
2024-07-08,1.5210533790654033,HS,0.01,8.19780353903376,11.391807977992553
2024-07-09,2.273796411214889,HS,0.01,8.19780353903376,11.391807977992553
2024-07-10,-0.4608673369846872,HS,0.01,8.19780353903376,11.391807977992553
2024-07-11,-0.6909245978268808,HS,0.01,8.19780353903376,11.391807977992553
2024-07-12,0.9623984558104184,HS,0.01,8.19780353903376,11.391807977992553
2024-07-13,2.275300324258214,HS,0.01,8.19780353903376,11.391807977992553
2024-07-14,2.5927850263005583,HS,0.01,8.19780353903376,11.391807977992553
2024-07-15,6.499862039498034,HS,0.01,8.19780353903376,11.391807977992553
2024-07-16,0.3493129782673193,HS,0.01,8.19780353903376,11.391807977992553
2024-07-17,-1.514324245482322,HS,0.01,8.19780353903376,11.391807977992553
2024-07-18,-0.2259714160352502,HS,0.01,8.19780353903376,11.391807977992553
2024-07-19,4.187942010963554,HS,0.01,8.19780353903376,11.391807977992553
2024-07-20,0.6774946348331885,HS,0.01,8.19780353903376,11.391807977992553
2024-07-21,1.4645375370143716,HS,0.01,8.19780353903376,11.391807977992553
2024-07-22,-0.8387766690112852,HS,0.01,8.19780353903376,11.391807977992553
2024-07-23,-2.483150354628474,HS,0.01,8.19780353903376,11.391807977992553
2024-07-24,-0.8462196557576013,HS,0.01,8.19780353903376,11.391807977992553
2024-07-25,0.6177613679945954,HS,0.01,8.19780353903376,11.391807977992553
2024-07-26,3.193999219319689,HS,0.01,8.19780353903376,11.391807977992553
2024-07-27,-0.1454798896138238,HS,0.01,8.19780353903376,11.391807977992553
2024-07-28,0.6504525639670647,HS,0.01,8.19780353903376,11.391807977992553
2024-07-29,-2.1262245664086654,HS,0.01,8.19780353903376,11.391807977992553
2024-07-30,-0.9305346230673276,HS,0.01,8.19780353903376,11.391807977992553
2024-07-31,-2.418345057748668,HS,0.01,8.19780353903376,11.391807977992553
2024-08-01,1.1359846111043197,HS,0.01,8.19780353903376,11.391807977992553
2024-08-02,-6.221701386487153,HS,0.01,8.19780353903376,11.391807977992553
2024-08-03,-1.203948679208518,HS,0.01,8.19780353903376,11.391807977992553
2024-08-04,-4.315788272420938,HS,0.01,8.19780353903376,11.391807977992553
2024-08-05,-7.363198582120066,HS,0.01,8.19780353903376,11.391807977992553
2024-08-06,3.713846509911699,HS,0.01,8.19780353903376,11.391807977992553
2024-08-07,-1.8131945621423673,HS,0.01,8.19780353903376,11.391807977992553
2024-08-08,11.461585743295792,HS,0.01,8.19780353903376,11.391807977992553
2024-08-09,-1.3541633552667405,HS,0.01,8.19780353903376,11.391807977992553
2024-08-10,0.1078575429619125,HS,0.01,8.19780353903376,11.391807977992553
2024-08-11,-3.721354652343721,HS,0.01,8.19780353903376,11.391807977992553
2024-08-12,1.075659964060797,HS,0.01,8.19780353903376,11.391807977992553
2024-08-13,2.092453927711503,HS,0.01,8.19780353903376,11.391807977992553
2024-08-14,-3.13783013916643,HS,0.01,8.19780353903376,11.391807977992553
2024-08-15,-2.024486209713598,HS,0.01,8.19780353903376,11.391807977992553
2024-08-16,2.291143010134266,HS,0.01,8.19780353903376,11.391807977992553
2024-08-17,0.9881840637262366,HS,0.01,8.19780353903376,11.391807977992553
2024-08-18,-1.687023792647201,HS,0.01,8.19780353903376,11.391807977992553
2024-08-19,1.7113663556006082,HS,0.01,8.19780353903376,11.391807977992553
2024-08-20,-0.8112024604757305,HS,0.01,8.19780353903376,11.391807977992553
2024-08-21,3.5987487774751865,HS,0.01,8.19780353903376,11.391807977992553
2024-08-22,-1.3052114105543453,HS,0.01,8.19780353903376,11.391807977992553
2024-08-23,5.966667778992524,HS,0.01,8.19780353903376,11.391807977992553
2024-08-24,0.1319630813085004,HS,0.01,8.19780353903376,11.391807977992553
2024-08-25,0.2405226160543708,HS,0.01,8.19780353903376,11.391807977992553
2024-08-26,-2.284251207913442,HS,0.01,8.19780353903376,11.391807977992553
2024-08-27,-5.519287756090793,HS,0.01,8.19780353903376,11.391807977992553
2024-08-28,-0.804021450926693,HS,0.01,8.19780353903376,11.391807977992553
2024-08-29,0.6089656742738994,HS,0.01,8.19780353903376,11.391807977992553
2024-08-30,-0.4534788620027655,HS,0.01,8.19780353903376,11.391807977992553
2024-08-31,-0.2533305049583044,HS,0.01,8.129183645687393,11.355137316731676
2024-09-01,-2.8281771257721453,HS,0.01,8.129183645687393,11.355137316731676
2024-09-02,3.0696731082648925,HS,0.01,8.129183645687393,11.355137316731676
2024-09-03,-2.8857442236703132,HS,0.01,8.129183645687393,11.355137316731676
2024-09-04,0.9367548966836616,HS,0.01,8.129183645687393,11.355137316731676
2024-09-05,-3.1738730145491645,HS,0.01,8.129183645687393,11.355137316731676
2024-09-06,-4.017885990554018,HS,0.01,8.129183645687393,11.355137316731676
2024-09-07,0.3532917856170691,HS,0.01,8.129183645687393,11.355137316731676
2024-09-08,1.2880905395702242,HS,0.01,8.129183645687393,11.355137316731676
2024-09-09,3.894551366544674,HS,0.01,8.129183645687393,11.355137316731676
2024-09-10,1.097395515939397,HS,0.01,8.129183645687393,11.355137316731676
2024-09-11,-0.5314110423381013,HS,0.01,8.129183645687393,11.355137316731676
2024-09-12,1.357669762940072,HS,0.01,8.129183645687393,11.355137316731676
2024-09-13,4.11907229072504,HS,0.01,8.129183645687393,11.355137316731676
2024-09-14,-0.9391286288541528,HS,0.01,8.129183645687393,11.355137316731676
2024-09-15,-1.3798343779418605,HS,0.01,8.129183645687393,11.355137316731676
2024-09-16,-1.6874951656180976,HS,0.01,8.129183645687393,11.355137316731676
2024-09-17,3.5717088660707748,HS,0.01,8.129183645687393,11.355137316731676
2024-09-18,2.199433056839477,HS,0.01,8.129183645687393,11.355137316731676
2024-09-19,2.072111905391629,HS,0.01,8.129183645687393,11.355137316731676
2024-09-20,0.4004011647405417,HS,0.01,8.129183645687393,11.355137316731676
2024-09-21,0.3189303016478239,HS,0.01,8.129183645687393,11.355137316731676
2024-09-22,0.3996604788029707,HS,0.01,8.129183645687393,11.355137316731676
2024-09-23,-0.5023067643079772,HS,0.01,8.129183645687393,11.355137316731676
2024-09-24,1.5234244172186633,HS,0.01,8.129183645687393,11.355137316731676
2024-09-25,-1.818596455888868,HS,0.01,8.129183645687393,11.355137316731676
2024-09-26,3.176403065562404,HS,0.01,8.129183645687393,11.355137316731676
2024-09-27,0.9309629648678251,HS,0.01,8.129183645687393,11.355137316731676
2024-09-28,0.1473050355760251,HS,0.01,8.129183645687393,11.355137316731676
2024-09-29,-0.3837262677613024,HS,0.01,8.129183645687393,11.355137316731676
2024-09-30,-3.5762477049568058,HS,0.01,8.129183645687393,11.355137316731676
2024-10-01,-4.015297041725014,HS,0.01,8.129183645687393,11.355137316731676
2024-10-02,-0.3362528965938227,HS,0.01,8.129183645687393,11.355137316731676
2024-10-03,0.2086085373775952,HS,0.01,8.129183645687393,11.355137316731676
2024-10-04,2.1300283559387174,HS,0.01,8.129183645687393,11.355137316731676
2024-10-05,0.0362002616500902,HS,0.01,8.129183645687393,11.355137316731676
2024-10-06,1.1672701783517452,HS,0.01,8.129183645687393,11.355137316731676
2024-10-07,-0.9312611593072028,HS,0.01,8.129183645687393,11.355137316731676
2024-10-08,-0.1683566537619295,HS,0.01,8.129183645687393,11.355137316731676
2024-10-09,-2.5261155468464205,HS,0.01,8.129183645687393,11.355137316731676
2024-10-10,-0.509036697595273,HS,0.01,8.129183645687393,11.355137316731676
2024-10-11,3.537847936044716,HS,0.01,8.129183645687393,11.355137316731676
2024-10-12,1.1906298332257008,HS,0.01,8.129183645687393,11.355137316731676
2024-10-13,-0.5421094129359056,HS,0.01,8.129183645687393,11.355137316731676
2024-10-14,4.958054928829012,HS,0.01,8.129183645687393,11.355137316731676
2024-10-15,1.4952642422039788,HS,0.01,8.129183645687393,11.355137316731676
2024-10-16,0.8490108547449184,HS,0.01,8.129183645687393,11.355137316731676
2024-10-17,-0.3153528787227215,HS,0.01,8.129183645687393,11.355137316731676
2024-10-18,1.500489704966544,HS,0.01,8.108436016756578,11.071943243229631
2024-10-19,-0.0819623721527923,HS,0.01,8.108436016756578,11.071943243229631
2024-10-20,0.9303330181939204,HS,0.01,8.108436016756578,11.071943243229631
2024-10-21,-2.3963262921302486,HS,0.01,8.108436016756578,11.071943243229631
2024-10-22,-0.0095677993177765,HS,0.01,8.108436016756578,11.071943243229631
2024-10-23,-1.3890438213698968,HS,0.01,8.108436016756578,11.071943243229631
2024-10-24,2.569154796745315,HS,0.01,8.108436016756578,11.071943243229631
2024-10-25,-2.253213347279499,HS,0.01,8.108436016756578,11.071943243229631
2024-10-26,0.557070573324996,HS,0.01,8.108436016756578,11.071943243229631
2024-10-27,1.355548405756674,HS,0.01,8.108436016756578,11.071943243229631
2024-10-28,2.8709215102556978,HS,0.01,8.108436016756578,11.071943243229631
2024-10-29,3.9446590577762137,HS,0.01,8.108436016756578,11.071943243229631
2024-10-30,-0.5252363418187159,HS,0.01,8.108436016756578,11.071943243229631
2024-10-31,-2.980622089692495,HS,0.01,8.108436016756578,11.071943243229631
2024-11-01,-1.0490161236778448,HS,0.01,8.108436016756578,11.071943243229631
2024-11-02,-0.278436278553029,HS,0.01,8.108436016756578,11.071943243229631
2024-11-03,-0.7942586110248759,HS,0.01,8.108436016756578,11.071943243229631
2024-11-04,-1.3615611362265725,HS,0.01,8.108436016756578,11.071943243229631
2024-11-05,2.257211249093191,HS,0.01,8.108436016756578,11.071943243229631
2024-11-06,8.666903126846401,HS,0.01,8.108436016756578,11.071943243229631
2024-11-07,0.3507649687478874,HS,0.01,8.108436016756578,11.071943243229631
2024-11-08,0.8404323339316332,HS,0.01,8.108436016756578,11.071943243229631
2024-11-09,0.3044406381335742,HS,0.01,8.108436016756578,11.071943243229631
2024-11-10,4.700704537184314,HS,0.01,8.108436016756578,11.071943243229631
2024-11-11,9.734014312496264,HS,0.01,8.108436016756578,11.071943243229631
2024-11-12,-0.8442066269106776,HS,0.01,8.108436016756578,11.071943243229631
2024-11-13,2.944485048776148,HS,0.01,8.108436016756578,11.071943243229631
2024-11-14,-3.7496922318811383,HS,0.01,7.886705530031607,11.071943243229631
2024-11-15,4.280211829142622,HS,0.01,7.886705530031607,11.071943243229631
2024-11-16,-0.5588812244118381,HS,0.01,7.886705530031607,11.071943243229631
2024-11-17,-0.7900350440318173,HS,0.01,7.886705530031607,11.071943243229631
2024-11-18,0.7725465406075372,HS,0.01,7.886705530031607,11.071943243229631
2024-11-19,1.9697543183651731,HS,0.01,7.886705530031607,11.071943243229631
2024-11-20,2.138144499843257,HS,0.01,7.886705530031607,11.071943243229631
2024-11-21,4.320463738221239,HS,0.01,7.886705530031607,11.071943243229631
2024-11-22,0.4991722095061174,HS,0.01,7.886705530031607,11.071943243229631
2024-11-23,-1.2404002529793905,HS,0.01,7.886705530031607,11.071943243229631
2024-11-24,0.2416240326478894,HS,0.01,7.886705530031607,11.071943243229631
2024-11-25,-5.140963729329047,HS,0.01,7.886705530031607,11.071943243229631
2024-11-26,-1.2069852534281011,HS,0.01,7.886705530031607,11.071943243229631
2024-11-27,4.232881330495688,HS,0.01,7.886705530031607,11.071943243229631
2024-11-28,-0.3236310003132818,HS,0.01,7.886705530031607,11.071943243229631
2024-11-29,1.8736162907207532,HS,0.01,7.371748040096995,11.047516775907214
2024-11-30,-1.0442730465097627,HS,0.01,7.371748040096995,11.047516775907214
2024-12-01,0.8576311620290236,HS,0.01,7.371748040096995,11.047516775907214
2024-12-02,-1.4647119798360833,HS,0.01,7.371748040096995,11.047516775907214
2024-12-03,0.1426603468560264,HS,0.01,7.371748040096995,11.047516775907214
2024-12-04,2.8408310872006197,HS,0.01,7.371748040096995,11.047516775907214
2024-12-05,-2.2266865312221884,HS,0.01,7.371748040096995,11.047516775907214
2024-12-06,3.3864801767809163,HS,0.01,7.371748040096995,11.047516775907214
2024-12-07,0.0026270484822606,HS,0.01,7.371748040096995,11.047516775907214
2024-12-08,1.3051327819741103,HS,0.01,7.371748040096995,11.047516775907214
2024-12-09,-3.829250346621322,HS,0.01,7.371748040096995,11.047516775907214
2024-12-10,-0.7802793553987951,HS,0.01,7.371748040096995,11.047516775907214
2024-12-11,4.547294957076327,HS,0.01,7.371748040096995,11.047516775907214
2024-12-12,-1.1232138149604487,HS,0.01,7.371748040096995,11.047516775907214
2024-12-13,1.4057223472297038,HS,0.01,7.371748040096995,11.047516775907214
2024-12-14,-0.0850841793417153,HS,0.01,7.371748040096995,11.047516775907214
2024-12-15,2.8452377696528823,HS,0.01,7.371748040096995,11.047516775907214
2024-12-16,1.6460567443030163,HS,0.01,7.371748040096995,11.047516775907214
2024-12-17,0.1045224633036193,HS,0.01,7.371748040096995,11.047516775907214
2024-12-18,-5.917915465377018,HS,0.01,7.371748040096995,11.047516775907214
2024-12-19,-2.5825905125142588,HS,0.01,7.371748040096995,11.047516775907214
2024-12-20,0.2714273553183173,HS,0.01,7.371748040096995,11.047516775907214
2024-12-21,-0.544879117211963,HS,0.01,7.371748040096995,11.047516775907214
2024-12-22,-2.20441803820154,HS,0.01,7.371748040096995,11.047516775907214
2024-12-23,-0.4412175449120982,HS,0.01,7.371748040096995,11.047516775907214
2024-12-24,4.127399406827944,HS,0.01,7.371748040096995,11.047516775907214
2024-12-25,0.6294761562737073,HS,0.01,7.371748040096995,11.047516775907214
2024-12-26,-3.5921593296803764,HS,0.01,7.371748040096995,11.047516775907214
2024-12-27,-1.716880486495554,HS,0.01,7.371748040096995,11.047516775907214
2024-12-28,1.0553910906912645,HS,0.01,7.371748040096995,11.047516775907214
2024-12-29,-1.7316317368601404,HS,0.01,7.371748040096995,11.047516775907214
2024-12-30,-0.952898919172895,HS,0.01,7.371748040096995,11.047516775907214
2023-08-19,0.1789155950789422,HS,0.05,5.802221496304392,8.582465633933555
2023-08-20,0.3571869420107809,HS,0.05,5.802221496304392,8.582465633933555
2023-08-21,-0.2501958864606914,HS,0.05,5.802221496304392,8.582465633933555
2023-08-22,-0.354646951925222,HS,0.05,5.802221496304392,8.582465633933555
2023-08-23,1.5248455549160829,HS,0.05,5.802221496304392,8.582465633933555
2023-08-24,-1.0239565761125091,HS,0.05,5.773553209399368,8.522057289723623
2023-08-25,-0.4393992436939317,HS,0.05,5.773553209399368,8.522057289723623
2023-08-26,-0.1506261986445485,HS,0.05,5.773553209399368,8.522057289723623
2023-08-27,0.3118365040993392,HS,0.05,5.773553209399368,8.522057289723623
2023-08-28,0.0630587825120889,HS,0.05,5.773553209399368,8.522057289723623
2023-08-29,6.024989257085102,HS,0.05,5.773553209399368,8.522057289723623
2023-08-30,-1.5634289371322936,HS,0.05,5.773553209399368,8.522057289723623
2023-08-31,-5.132914544958933,HS,0.05,5.773553209399368,8.522057289723623
2023-09-01,-0.5054814300673318,HS,0.05,5.773553209399368,8.522057289723623
2023-09-02,0.2634986878477164,HS,0.05,5.773553209399368,8.522057289723623
2023-09-03,0.3887765541686761,HS,0.05,5.773553209399368,8.522057289723623
2023-09-04,-0.6069712504034206,HS,0.05,5.773553209399368,8.522057289723623
2023-09-05,-0.125730142442957,HS,0.05,5.773553209399368,8.522057289723623
2023-09-06,-0.1038013801593385,HS,0.05,5.773553209399368,8.522057289723623
2023-09-07,1.8732105501950571,HS,0.05,5.773553209399368,8.522057289723623
2023-09-08,-1.2831149860508746,HS,0.05,5.773553209399368,8.522057289723623
2023-09-09,-0.0385185563078999,HS,0.05,5.773553209399368,8.522057289723623
2023-09-10,-0.2453267904857347,HS,0.05,5.773553209399368,8.522057289723623
2023-09-11,-2.626188106748031,HS,0.05,5.773553209399368,8.522057289723623
2023-09-12,2.6305127952917498,HS,0.05,5.773553209399368,8.522057289723623
2023-09-13,1.5173852958685845,HS,0.05,5.773553209399368,8.522057289723623
2023-09-14,1.1800835130971608,HS,0.05,5.773553209399368,8.522057289723623
2023-09-15,0.2597241409319121,HS,0.05,5.773553209399368,8.522057289723623
2023-09-16,-0.1519910354119122,HS,0.05,5.773553209399368,8.522057289723623
2023-09-17,-0.1284074186649275,HS,0.05,5.773553209399368,8.522057289723623
2023-09-18,0.8260511389751386,HS,0.05,5.773553209399368,8.522057289723623
2023-09-19,1.6931102662432371,HS,0.05,5.773553209399368,8.522057289723623
2023-09-20,-0.2911478899391834,HS,0.05,5.773553209399368,8.522057289723623
2023-09-21,-2.1020467716698095,HS,0.05,5.773553209399368,8.522057289723623
2023-09-22,0.044915054085552,HS,0.05,5.773553209399368,8.522057289723623
2023-09-23,-0.0006686902016047,HS,0.05,5.773553209399368,8.522057289723623
2023-09-24,-1.2210127075315798,HS,0.05,5.773553209399368,8.522057289723623
2023-09-25,0.1585160786217759,HS,0.05,5.773553209399368,8.522057289723623
2023-09-26,-0.3093569595525136,HS,0.05,5.773553209399368,8.522057289723623
2023-09-27,0.5153782852789497,HS,0.05,5.773553209399368,8.522057289723623
2023-09-28,2.506320623495958,HS,0.05,5.773553209399368,8.522057289723623
2023-09-29,-0.4072674570297436,HS,0.05,5.773553209399368,8.522057289723623
2023-09-30,0.2085958120685116,HS,0.05,5.773553209399368,8.522057289723623
2023-10-01,3.6976120856382697,HS,0.05,5.773553209399368,8.522057289723623
2023-10-02,-1.631914578851585,HS,0.05,5.773553209399368,8.522057289723623
2023-10-03,-0.3668317065944561,HS,0.05,5.773553209399368,8.522057289723623
2023-10-04,1.3377719302482878,HS,0.05,5.773553209399368,8.522057289723623
2023-10-05,-1.3890662255842758,HS,0.05,5.773553209399368,8.522057289723623
2023-10-06,1.9171883788155937,HS,0.05,5.773553209399368,8.522057289723623
2023-10-07,0.0795565220182125,HS,0.05,5.773553209399368,8.522057289723623
2023-10-08,-0.1207428683062469,HS,0.05,5.773553209399368,8.522057289723623
2023-10-09,-1.265938772792596,HS,0.05,5.769121967268001,8.486472600133123
2023-10-10,-0.7009006012591489,HS,0.05,5.769121967268001,8.486472600133123
2023-10-11,-1.9081220842271784,HS,0.05,5.769121967268001,8.486472600133123
2023-10-12,-0.434538164717781,HS,0.05,5.769121967268001,8.486472600133123
2023-10-13,0.3938005783230497,HS,0.05,5.680235794462848,8.477518848256416
2023-10-14,-0.0024866641728645,HS,0.05,5.680235794462848,8.477518848256416
2023-10-15,1.1030760315870678,HS,0.05,5.680235794462848,8.477518848256416
2023-10-16,4.885439730476576,HS,0.05,5.680235794462848,8.477518848256416
2023-10-17,-0.3643399432774455,HS,0.05,5.680235794462848,8.477518848256416
2023-10-18,-0.3080719749687549,HS,0.05,5.680235794462848,8.477518848256416
2023-10-19,1.3724231161473082,HS,0.05,5.501411452810601,8.30597390618376
2023-10-20,3.298576898255148,HS,0.05,5.501411452810601,8.30597390618376
2023-10-21,0.7901299916077795,HS,0.05,5.501411452810601,8.30597390618376
2023-10-22,0.2519829955235934,HS,0.05,5.501411452810601,8.30597390618376
2023-10-23,9.8123405529161,HS,0.05,5.501411452810601,8.30597390618376
2023-10-24,2.4342751787773462,HS,0.05,5.501411452810601,8.30597390618376
2023-10-25,1.7581001125127034,HS,0.05,5.401739400202829,8.28007012423811
2023-10-26,-1.0083818433932463,HS,0.05,5.401739400202829,8.28007012423811
2023-10-27,-0.7253169256571986,HS,0.05,5.401739400202829,8.28007012423811
2023-10-28,0.5287514961399851,HS,0.05,5.401739400202829,8.28007012423811
2023-10-29,1.3082482218137432,HS,0.05,5.401739400202829,8.28007012423811
2023-10-30,-0.1046255776520464,HS,0.05,5.401739400202829,8.28007012423811
2023-10-31,0.4782938801692802,HS,0.05,5.401739400202829,8.28007012423811
2023-11-01,2.1952875620689456,HS,0.05,5.401739400202829,8.28007012423811
2023-11-02,-1.418164303813905,HS,0.05,5.401739400202829,8.28007012423811
2023-11-03,-0.5911206955145198,HS,0.05,5.401739400202829,8.28007012423811
2023-11-04,1.002295869368392,HS,0.05,5.401739400202829,8.28007012423811
2023-11-05,-0.093652131699398,HS,0.05,5.401739400202829,8.28007012423811
2023-11-06,-0.0341987012508487,HS,0.05,5.401739400202829,8.28007012423811
2023-11-07,1.1526405303600251,HS,0.05,5.401739400202829,8.28007012423811
2023-11-08,0.5955525293475274,HS,0.05,5.401739400202829,8.28007012423811
2023-11-09,2.869223982446583,HS,0.05,5.401739400202829,8.28007012423811
2023-11-10,1.677834605033404,HS,0.05,5.401739400202829,8.28007012423811
2023-11-11,-0.4725682318407843,HS,0.05,5.401739400202829,8.28007012423811
2023-11-12,-0.2251742592082081,HS,0.05,5.401739400202829,8.28007012423811
2023-11-13,-1.501353705502923,HS,0.05,5.401739400202829,8.28007012423811
2023-11-14,-2.678435783979465,HS,0.05,5.401739400202829,8.28007012423811
2023-11-15,6.384619927627836,HS,0.05,5.401739400202829,8.28007012423811
2023-11-16,-4.662975619066543,HS,0.05,5.401739400202829,8.28007012423811
2023-11-17,1.214874696667944,HS,0.05,5.401739400202829,8.28007012423811
2023-11-18,-0.0300085015663709,HS,0.05,5.401739400202829,8.28007012423811
2023-11-19,2.1653391391504333,HS,0.05,5.401739400202829,8.28007012423811
2023-11-20,0.241533445499477,HS,0.05,5.348252495481399,8.268682748231704
2023-11-21,-4.539262192194837,HS,0.05,5.321240384946037,8.166426021318552
2023-11-22,4.420138946783627,HS,0.05,5.321240384946037,8.166426021318552
2023-11-23,-0.3819999415433914,HS,0.05,5.295839667697974,8.164885576071795
2023-11-24,1.148288092363248,HS,0.05,5.295839667697974,8.164885576071795
2023-11-25,0.2026342935600158,HS,0.05,5.295839667697974,8.164885576071795
2023-11-26,-0.844024984109134,HS,0.05,5.295839667697974,8.164885576071795
2023-11-27,-0.602017674392167,HS,0.05,5.295839667697974,8.164885576071795
2023-11-28,1.5367313611233842,HS,0.05,5.295839667697974,8.164885576071795
2023-11-29,0.0724175028494842,HS,0.05,5.295839667697974,8.164885576071795
2023-11-30,-0.385718899847248,HS,0.05,5.295839667697974,8.164885576071795
2023-12-01,2.555073011462817,HS,0.05,5.295839667697974,8.164885576071795
2023-12-02,2.0152443138720524,HS,0.05,5.295839667697974,8.164885576071795
2023-12-03,1.2637770520489715,HS,0.05,5.295839667697974,8.164885576071795
2023-12-04,4.8856566886563275,HS,0.05,5.295839667697974,8.164885576071795
2023-12-05,4.882523455973004,HS,0.05,5.295839667697974,8.164885576071795
2023-12-06,-0.7610515703398493,HS,0.05,5.295839667697974,8.164885576071795
2023-12-07,-1.0427160036986542,HS,0.05,5.295839667697974,8.164885576071795
2023-12-08,1.998568323480024,HS,0.05,5.295839667697974,8.164885576071795
2023-12-09,-1.0026349184727985,HS,0.05,5.295839667697974,8.164885576071795
2023-12-10,0.1227688266422679,HS,0.05,5.295839667697974,8.164885576071795
2023-12-11,-5.966864669683699,HS,0.05,5.236229163710348,8.1528665694393
2023-12-12,0.4991678164292342,HS,0.05,5.295839667697974,8.166312452631821
2023-12-13,3.416274957103686,HS,0.05,5.295839667697974,8.166312452631821
2023-12-14,0.3101461159203954,HS,0.05,5.295839667697974,8.166312452631821
2023-12-15,-2.5761678809584643,HS,0.05,5.295839667697974,8.166312452631821
2023-12-16,0.7374628549158558,HS,0.05,5.295839667697974,8.166312452631821
2023-12-17,-2.094342240847231,HS,0.05,5.295839667697974,8.166312452631821
2023-12-18,2.9979669511789555,HS,0.05,5.236229163710348,8.165290100744107
2023-12-19,-0.8316570718615267,HS,0.05,5.236229163710348,8.165290100744107
2023-12-20,3.2164737244750543,HS,0.05,5.236229163710348,8.165290100744107
2023-12-21,0.4956565640048613,HS,0.05,5.236229163710348,8.165290100744107
2023-12-22,0.2930565787194846,HS,0.05,5.236229163710348,8.165290100744107
2023-12-23,-0.5889392398977759,HS,0.05,5.236229163710348,8.165290100744107
2023-12-24,-1.6677702596480783,HS,0.05,5.236229163710348,8.165290100744107
2023-12-25,1.378363164697311,HS,0.05,5.236229163710348,8.165290100744107
2023-12-26,-2.5374479539831176,HS,0.05,5.236229163710348,8.165290100744107
2023-12-27,2.146239120434015,HS,0.05,5.236229163710348,8.165290100744107
2023-12-28,-1.893848326303362,HS,0.05,5.236229163710348,8.165290100744107
2023-12-29,-1.247437935200907,HS,0.05,5.236229163710348,8.165290100744107
2023-12-30,0.1364883236683238,HS,0.05,5.236229163710348,8.165290100744107
2023-12-31,0.2565328952055138,HS,0.05,5.236229163710348,8.165290100744107
2024-01-01,4.402166483732666,HS,0.05,5.236229163710348,8.165290100744107
2024-01-02,1.774260401360504,HS,0.05,5.236229163710348,8.165290100744107
2024-01-03,-4.806495357875531,HS,0.05,5.236229163710348,8.165290100744107
2024-01-04,3.0607357718285955,HS,0.05,5.236229163710348,8.165290100744107
2024-01-05,-0.0390082845152692,HS,0.05,5.236229163710348,8.165290100744107
2024-01-06,-0.3936304127509979,HS,0.05,5.236229163710348,8.165290100744107
2024-01-07,-0.1048480800776119,HS,0.05,5.236229163710348,8.165290100744107
2024-01-08,6.662426635587364,HS,0.05,5.236229163710348,8.165290100744107
2024-01-09,-1.784541710643821,HS,0.05,5.236229163710348,8.165290100744107
2024-01-10,1.052203275194838,HS,0.05,5.236229163710348,8.165290100744107
2024-01-11,-0.5574241147522552,HS,0.05,5.236229163710348,8.165290100744107
2024-01-12,-7.884262883299366,HS,0.05,5.236229163710348,8.165290100744107
2024-01-13,-0.0251708664186648,HS,0.05,5.295839667697974,8.217083948208945
2024-01-14,-2.4720775355358247,HS,0.05,5.236229163710348,8.170030496213856
2024-01-15,1.6978564046419868,HS,0.05,5.236229163710348,8.170030496213856
2024-01-16,1.5011364505806484,HS,0.05,5.236229163710348,8.170030496213856
2024-01-17,-0.9599712825861542,HS,0.05,5.236229163710348,8.170030496213856
2024-01-18,-3.525390600438047,HS,0.05,5.236229163710348,8.170030496213856
2024-01-19,0.8599127738074015,HS,0.05,5.236229163710348,8.170030496213856
2024-01-20,0.1132983453546331,HS,0.05,5.236229163710348,8.170030496213856
2024-01-21,-0.2879434924556738,HS,0.05,5.236229163710348,8.170030496213856
2024-01-22,-5.030891028125471,HS,0.05,5.236229163710348,8.170030496213856
2024-01-23,0.8523584257922188,HS,0.05,5.236229163710348,8.170030496213856
2024-01-24,0.5793705727985713,HS,0.05,5.236229163710348,8.170030496213856
2024-01-25,-0.3581157289492955,HS,0.05,5.236229163710348,8.170030496213856
2024-01-26,4.607657449481696,HS,0.05,5.236229163710348,8.170030496213856
2024-01-27,0.7224112855396915,HS,0.05,5.236229163710348,8.170030496213856
2024-01-28,-0.2007256017307645,HS,0.05,5.236229163710348,8.170030496213856
2024-01-29,2.936441573691462,HS,0.05,5.236229163710348,8.170030496213856
2024-01-30,-0.7783744989935841,HS,0.05,5.23082592996039,8.134706395096984
2024-01-31,-0.8651552809046922,HS,0.05,5.23082592996039,8.134706395096984
2024-02-01,1.151489029423974,HS,0.05,5.23082592996039,8.134706395096984
2024-02-02,0.2552374530244358,HS,0.05,5.23082592996039,8.134706395096984
2024-02-03,-0.4493245492150753,HS,0.05,5.23082592996039,8.134706395096984
2024-02-04,-0.9551086228745844,HS,0.05,5.23082592996039,8.134706395096984
2024-02-05,0.1761707531647928,HS,0.05,5.23082592996039,8.134706395096984
2024-02-06,0.9936804708699248,HS,0.05,5.23082592996039,8.134706395096984
2024-02-07,2.822864621028068,HS,0.05,5.2078325611879315,7.953386164743199
2024-02-08,2.1945671282114807,HS,0.05,5.2078325611879315,7.953386164743199
2024-02-09,3.99329954084116,HS,0.05,5.2078325611879315,7.953386164743199
2024-02-10,1.314996069506419,HS,0.05,5.151716889290108,7.928321335262257
2024-02-11,1.0881064258583886,HS,0.05,5.151716889290108,7.928321335262257
2024-02-12,3.388147853165121,HS,0.05,5.141424180711355,7.901529902015979
2024-02-13,-0.4328588760117502,HS,0.05,5.141424180711355,7.901529902015979
2024-02-14,4.104684951040893,HS,0.05,5.133320546205445,7.70813644070999
2024-02-15,0.2156009229108384,HS,0.05,5.133320546205445,7.70813644070999
2024-02-16,0.4258432609761564,HS,0.05,5.049211871122213,7.632515097935584
2024-02-17,-0.957802949778828,HS,0.05,5.049211871122213,7.632515097935584
2024-02-18,0.8855834280713762,HS,0.05,5.031586800081001,7.58031993568364
2024-02-19,-0.6610163694046542,HS,0.05,5.031586800081001,7.58031993568364
2024-02-20,0.9719679337319472,HS,0.05,5.031586800081001,7.58031993568364
2024-02-21,-0.8560904315229949,HS,0.05,5.031586800081001,7.58031993568364
2024-02-22,-1.0358547640014264,HS,0.05,5.031586800081001,7.58031993568364
2024-02-23,-1.1231806115512577,HS,0.05,5.008474603912401,7.533065533243265
2024-02-24,1.640559413021775,HS,0.05,5.008474603912401,7.533065533243265
2024-02-25,0.3139013368236927,HS,0.05,5.008474603912401,7.533065533243265
2024-02-26,5.2511187656945415,HS,0.05,5.008474603912401,7.533065533243265
2024-02-27,4.593621644047315,HS,0.05,5.008474603912401,7.533065533243265
2024-02-28,9.069529297704287,HS,0.05,5.008474603912401,7.533065533243265
2024-02-29,-2.1122414270019747,HS,0.05,5.008474603912401,7.533065533243265
2024-03-01,2.00954657884248,HS,0.05,4.8962632684441125,7.511530654551248
2024-03-02,-0.6600547312091193,HS,0.05,4.8962632684441125,7.511530654551248
2024-03-03,1.817220465901261,HS,0.05,4.8962632684441125,7.511530654551248
2024-03-04,7.85670808490068,HS,0.05,4.857951419530306,7.476673333361374
2024-03-05,-6.858298181492034,HS,0.05,4.857951419530306,7.476673333361374
2024-03-06,3.5499700200866338,HS,0.05,4.8962632684441125,7.516030906910404
2024-03-07,1.2308140052515395,HS,0.05,4.8962632684441125,7.516030906910404
2024-03-08,2.0331312236987973,HS,0.05,4.8962632684441125,7.516030906910404
2024-03-09,0.2906296632019191,HS,0.05,4.863795183933864,7.516030906910404
2024-03-10,0.7575825657206857,HS,0.05,4.863795183933864,7.516030906910404
2024-03-11,4.399229858274628,HS,0.05,4.863795183933864,7.516030906910404
2024-03-12,-0.8949836049347838,HS,0.05,4.863795183933864,7.516030906910404
2024-03-13,2.216689906407544,HS,0.05,4.808982718630611,7.508541695177659
2024-03-14,-2.33524614583823,HS,0.05,4.808982718630611,7.508541695177659
2024-03-15,-2.830892329200056,HS,0.05,4.734845064010449,7.481868419551696
2024-03-16,-6.071772520629676,HS,0.05,4.734845064010449,7.481868419551696
2024-03-17,4.60122407046103,HS,0.05,4.808982718630611,7.507173962806778
2024-03-18,-1.2388507554368626,HS,0.05,4.734845064010449,7.364260278266933
2024-03-19,-8.712073185700822,HS,0.05,4.734845064010449,7.364260278266933
2024-03-20,9.251085296877404,HS,0.05,4.808982718630611,7.4423718348234384
2024-03-21,-3.631867422621332,HS,0.05,4.808982718630611,7.4423718348234384
2024-03-22,-2.649844665215931,HS,0.05,4.734845064010449,7.355892434032424
2024-03-23,0.4434288665400013,HS,0.05,4.734845064010449,7.355892434032424
2024-03-24,4.832709315067971,HS,0.05,4.734845064010449,7.355892434032424
2024-03-25,3.97250476948794,HS,0.05,4.734845064010449,7.355892434032424
2024-03-26,0.0414778606564033,HS,0.05,4.734845064010449,7.355892434032424
2024-03-27,-0.7637444542951766,HS,0.05,4.734845064010449,7.355892434032424
2024-03-28,1.8397189971880863,HS,0.05,4.734845064010449,7.355892434032424
2024-03-29,-1.2118158012204416,HS,0.05,4.734845064010449,7.355892434032424
2024-03-30,-0.3547757048682065,HS,0.05,4.734845064010449,7.355892434032424
2024-03-31,2.3952858696302477,HS,0.05,4.734845064010449,7.355892434032424
2024-04-01,-2.3137002333257977,HS,0.05,4.734845064010449,7.355892434032424
2024-04-02,-6.299090436988572,HS,0.05,4.734845064010449,7.355892434032424
2024-04-03,0.812374307331999,HS,0.05,4.808982718630611,7.385744335614686
2024-04-04,3.759886271186141,HS,0.05,4.808982718630611,7.385744335614686
2024-04-05,-0.9845630418288568,HS,0.05,4.808982718630611,7.385744335614686
2024-04-06,1.5482496362565017,HS,0.05,4.808982718630611,7.385744335614686
2024-04-07,0.6747455363626303,HS,0.05,4.808982718630611,7.385744335614686
2024-04-08,3.218579409702191,HS,0.05,4.808982718630611,7.385744335614686
2024-04-09,-3.5413761203788403,HS,0.05,4.808982718630611,7.385744335614686
2024-04-10,2.073930124253475,HS,0.05,4.808982718630611,7.385744335614686
2024-04-11,-0.749778258451207,HS,0.05,4.808982718630611,7.385744335614686
2024-04-12,-4.174897018143468,HS,0.05,4.808982718630611,7.385744335614686
2024-04-13,-5.152204971523435,HS,0.05,4.808982718630611,7.385744335614686
2024-04-14,2.959850149495867,HS,0.05,4.863795183933864,7.39166358358561
2024-04-15,-3.5810999496508606,HS,0.05,4.863795183933864,7.39166358358561
2024-04-16,0.606192017722891,HS,0.05,4.863795183933864,7.39166358358561
2024-04-17,-4.053958534994488,HS,0.05,4.863795183933864,7.39166358358561
2024-04-18,3.584120208614769,HS,0.05,4.863795183933864,7.39166358358561
2024-04-19,0.5195142876912205,HS,0.05,4.863795183933864,7.39166358358561
2024-04-20,1.7865871886504232,HS,0.05,4.863795183933864,7.39166358358561
2024-04-21,-0.1043662476566599,HS,0.05,4.863795183933864,7.39166358358561
2024-04-22,2.9008901759275916,HS,0.05,4.863795183933864,7.39166358358561
2024-04-23,-0.6460398489914604,HS,0.05,4.863795183933864,7.39166358358561
2024-04-24,-3.2606301316271993,HS,0.05,4.863795183933864,7.39166358358561
2024-04-25,0.3181282769191777,HS,0.05,4.863795183933864,7.39166358358561
2024-04-26,-1.1328935219016096,HS,0.05,4.863795183933864,7.39166358358561
2024-04-27,-0.5286917956356649,HS,0.05,4.863795183933864,7.39166358358561
2024-04-28,-0.4835296290154386,HS,0.05,4.863795183933864,7.39166358358561
2024-04-29,1.1467091787556438,HS,0.05,4.863795183933864,7.39166358358561
2024-04-30,-5.14946297165421,HS,0.05,4.863795183933864,7.39166358358561
2024-05-01,-4.0089923480657195,HS,0.05,5.008474603912401,7.39450694717646
2024-05-02,1.48143925496978,HS,0.05,5.008474603912401,7.39450694717646
2024-05-03,6.175720649824811,HS,0.05,5.008474603912401,7.39450694717646
2024-05-04,1.5801344389047562,HS,0.05,5.008474603912401,7.39450694717646
2024-05-05,0.2183511056964741,HS,0.05,5.008474603912401,7.39450694717646
2024-05-06,-1.3667364763724112,HS,0.05,5.008474603912401,7.39450694717646
2024-05-07,-1.318192999564668,HS,0.05,5.008474603912401,7.39450694717646
2024-05-08,-1.8569986258493816,HS,0.05,5.008474603912401,7.39450694717646
2024-05-09,2.997730860417905,HS,0.05,5.008474603912401,7.39450694717646
2024-05-10,-3.6456454635488926,HS,0.05,5.008474603912401,7.39450694717646
2024-05-11,0.0015356866757304,HS,0.05,5.008474603912401,7.39450694717646
2024-05-12,1.071136415279376,HS,0.05,5.008474603912401,7.39450694717646
2024-05-13,2.337149423787631,HS,0.05,5.008474603912401,7.39450694717646
2024-05-14,-2.1674038111579397,HS,0.05,5.008474603912401,7.39450694717646
2024-05-15,7.380429766149847,HS,0.05,5.008474603912401,7.39450694717646
2024-05-16,-1.5755724397151207,HS,0.05,5.008474603912401,7.39450694717646
2024-05-17,2.752283490504771,HS,0.05,5.008474603912401,7.39450694717646
2024-05-18,-0.1657856805292211,HS,0.05,5.008474603912401,7.39450694717646
2024-05-19,-0.99451595532183,HS,0.05,5.008474603912401,7.39450694717646
2024-05-20,7.510908882529837,HS,0.05,5.008474603912401,7.39450694717646
2024-05-21,-1.852885718229531,HS,0.05,5.008474603912401,7.39450694717646
2024-05-22,-1.4565869510184994,HS,0.05,5.008474603912401,7.39450694717646
2024-05-23,-1.7406596587757723,HS,0.05,5.008474603912401,7.39450694717646
2024-05-24,0.8743394668047938,HS,0.05,5.008474603912401,7.39450694717646
2024-05-25,1.0738658385428568,HS,0.05,5.008474603912401,7.39450694717646
2024-05-26,-1.0855523058038128,HS,0.05,5.008474603912401,7.39450694717646
2024-05-27,1.271054899375939,HS,0.05,5.008474603912401,7.39450694717646
2024-05-28,-1.5953999045957543,HS,0.05,5.008474603912401,7.39450694717646
2024-05-29,-1.0570529093847765,HS,0.05,5.008474603912401,7.39450694717646
2024-05-30,1.1577009906272178,HS,0.05,5.008474603912401,7.39450694717646
2024-05-31,-1.2860492770805694,HS,0.05,5.008474603912401,7.39450694717646
2024-06-01,0.318825810485505,HS,0.05,5.008474603912401,7.39450694717646
2024-06-02,0.0659449960522584,HS,0.05,5.008474603912401,7.39450694717646
2024-06-03,1.5425138658129582,HS,0.05,5.008474603912401,7.39450694717646
2024-06-04,2.5300225248925363,HS,0.05,4.863795183933864,7.260187852424097
2024-06-05,0.727221781660282,HS,0.05,4.863795183933864,7.260187852424097
2024-06-06,-0.4591890272017647,HS,0.05,4.863795183933864,7.260187852424097
2024-06-07,-2.0194557079892093,HS,0.05,4.863795183933864,7.260187852424097
2024-06-08,-0.0531019638905004,HS,0.05,4.863795183933864,7.260187852424097
2024-06-09,0.4925659126589219,HS,0.05,4.863795183933864,7.260187852424097
2024-06-10,-0.1950427046023121,HS,0.05,4.863795183933864,7.260187852424097
2024-06-11,-3.1867374917879587,HS,0.05,4.863795183933864,7.260187852424097
2024-06-12,1.3412234174301008,HS,0.05,4.863795183933864,7.260187852424097
2024-06-13,-2.199815542116183,HS,0.05,4.863795183933864,7.260187852424097
2024-06-14,-1.1227334405387726,HS,0.05,4.863795183933864,7.260187852424097
2024-06-15,0.2721687016485993,HS,0.05,4.863795183933864,7.260187852424097
2024-06-16,0.6746193121199441,HS,0.05,4.863795183933864,7.260187852424097
2024-06-17,-0.2234669798733621,HS,0.05,4.808982718630611,7.161096827143727
2024-06-18,-2.0505771883152004,HS,0.05,4.734845064010449,7.154250198574584
2024-06-19,-0.2773987515326678,HS,0.05,4.734845064010449,7.154250198574584
2024-06-20,-0.2028534277712279,HS,0.05,4.734845064010449,7.154250198574584
2024-06-21,-1.1362664075990998,HS,0.05,4.734845064010449,7.154250198574584
2024-06-22,0.2436781820078235,HS,0.05,4.734845064010449,7.154250198574584
2024-06-23,-1.6821441362000096,HS,0.05,4.734845064010449,7.154250198574584
2024-06-24,-4.704293399341265,HS,0.05,4.734845064010449,7.154250198574584
2024-06-25,2.502097858985756,HS,0.05,4.734845064010449,7.154250198574584
2024-06-26,-1.6203198264060434,HS,0.05,4.734845064010449,7.154250198574584
2024-06-27,1.296454786345771,HS,0.05,4.734845064010449,7.154250198574584
2024-06-28,-2.1073812008611803,HS,0.05,4.734845064010449,7.154250198574584
2024-06-29,0.9359920064692572,HS,0.05,4.734845064010449,7.154250198574584
2024-06-30,2.8989272731724975,HS,0.05,4.734845064010449,7.154250198574584
2024-07-01,0.2767262526904299,HS,0.05,4.734845064010449,7.154250198574584
2024-07-02,-1.318017605629068,HS,0.05,4.734845064010449,7.154250198574584
2024-07-03,-3.0363202506616576,HS,0.05,4.734845064010449,7.154250198574584
2024-07-04,-5.457904895434864,HS,0.05,4.734845064010449,7.154250198574584
2024-07-05,-0.5549607840752044,HS,0.05,4.808982718630611,7.167278389325771
2024-07-06,2.8552385625087484,HS,0.05,4.808982718630611,7.167278389325771
2024-07-07,-4.30092171893191,HS,0.05,4.808982718630611,7.167278389325771
2024-07-08,1.5210533790654033,HS,0.05,4.808982718630611,7.167278389325771
2024-07-09,2.273796411214889,HS,0.05,4.808982718630611,7.167278389325771
2024-07-10,-0.4608673369846872,HS,0.05,4.808982718630611,7.167278389325771
2024-07-11,-0.6909245978268808,HS,0.05,4.808982718630611,7.167278389325771
2024-07-12,0.9623984558104184,HS,0.05,4.808982718630611,7.167278389325771
2024-07-13,2.275300324258214,HS,0.05,4.808982718630611,7.167278389325771
2024-07-14,2.5927850263005583,HS,0.05,4.808982718630611,7.167278389325771
2024-07-15,6.499862039498034,HS,0.05,4.808982718630611,7.167278389325771
2024-07-16,0.3493129782673193,HS,0.05,4.808982718630611,7.167278389325771
2024-07-17,-1.514324245482322,HS,0.05,4.808982718630611,7.167278389325771
2024-07-18,-0.2259714160352502,HS,0.05,4.734845064010449,7.145352959701824
2024-07-19,4.187942010963554,HS,0.05,4.734845064010449,7.145352959701824
2024-07-20,0.6774946348331885,HS,0.05,4.734845064010449,7.145352959701824
2024-07-21,1.4645375370143716,HS,0.05,4.734845064010449,7.145352959701824
2024-07-22,-0.8387766690112852,HS,0.05,4.734845064010449,7.145352959701824
2024-07-23,-2.483150354628474,HS,0.05,4.734845064010449,7.145352959701824
2024-07-24,-0.8462196557576013,HS,0.05,4.734845064010449,7.145352959701824
2024-07-25,0.6177613679945954,HS,0.05,4.734845064010449,7.145352959701824
2024-07-26,3.193999219319689,HS,0.05,4.734845064010449,7.145352959701824
2024-07-27,-0.1454798896138238,HS,0.05,4.734845064010449,7.145352959701824
2024-07-28,0.6504525639670647,HS,0.05,4.734845064010449,7.145352959701824
2024-07-29,-2.1262245664086654,HS,0.05,4.734845064010449,7.145352959701824
2024-07-30,-0.9305346230673276,HS,0.05,4.734845064010449,7.145352959701824
2024-07-31,-2.418345057748668,HS,0.05,4.734845064010449,7.145352959701824
2024-08-01,1.1359846111043197,HS,0.05,4.734845064010449,7.145352959701824
2024-08-02,-6.221701386487153,HS,0.05,4.734845064010449,7.145352959701824
2024-08-03,-1.203948679208518,HS,0.05,4.808982718630611,7.173657080274056
2024-08-04,-4.315788272420938,HS,0.05,4.808982718630611,7.173657080274056
2024-08-05,-7.363198582120066,HS,0.05,4.808982718630611,7.173657080274056
2024-08-06,3.713846509911699,HS,0.05,4.863795183933864,7.223796200456914
2024-08-07,-1.8131945621423673,HS,0.05,4.863795183933864,7.223796200456914
2024-08-08,11.461585743295792,HS,0.05,4.863795183933864,7.223796200456914
2024-08-09,-1.3541633552667405,HS,0.05,4.863795183933864,7.223796200456914
2024-08-10,0.1078575429619125,HS,0.05,4.863795183933864,7.223796200456914
2024-08-11,-3.721354652343721,HS,0.05,4.863795183933864,7.223796200456914
2024-08-12,1.075659964060797,HS,0.05,4.863795183933864,7.223796200456914
2024-08-13,2.092453927711503,HS,0.05,4.808982718630611,7.2110761434132895
2024-08-14,-3.13783013916643,HS,0.05,4.808982718630611,7.2110761434132895
2024-08-15,-2.024486209713598,HS,0.05,4.734845064010449,7.190358549764182
2024-08-16,2.291143010134266,HS,0.05,4.734845064010449,7.190358549764182
2024-08-17,0.9881840637262366,HS,0.05,4.734845064010449,7.190358549764182
2024-08-18,-1.687023792647201,HS,0.05,4.734845064010449,7.190358549764182
2024-08-19,1.7113663556006082,HS,0.05,4.734845064010449,7.190358549764182
2024-08-20,-0.8112024604757305,HS,0.05,4.734845064010449,7.190358549764182
2024-08-21,3.5987487774751865,HS,0.05,4.734845064010449,7.190358549764182
2024-08-22,-1.3052114105543453,HS,0.05,4.734845064010449,7.190358549764182
2024-08-23,5.966667778992524,HS,0.05,4.717127888259058,7.151232427639863
2024-08-24,0.1319630813085004,HS,0.05,4.717127888259058,7.151232427639863
2024-08-25,0.2405226160543708,HS,0.05,4.717127888259058,7.151232427639863
2024-08-26,-2.284251207913442,HS,0.05,4.717127888259058,7.151232427639863
2024-08-27,-5.519287756090793,HS,0.05,4.717127888259058,7.151232427639863
2024-08-28,-0.804021450926693,HS,0.05,4.734845064010449,7.166996702843435
2024-08-29,0.6089656742738994,HS,0.05,4.734845064010449,7.166996702843435
2024-08-30,-0.4534788620027655,HS,0.05,4.717127888259058,7.156955011430997
2024-08-31,-0.2533305049583044,HS,0.05,4.704898423503856,7.08006602737253
2024-09-01,-2.8281771257721453,HS,0.05,4.704898423503856,7.08006602737253
2024-09-02,3.0696731082648925,HS,0.05,4.704898423503856,7.08006602737253
2024-09-03,-2.8857442236703132,HS,0.05,4.704898423503856,7.08006602737253
2024-09-04,0.9367548966836616,HS,0.05,4.704898423503856,7.08006602737253
2024-09-05,-3.1738730145491645,HS,0.05,4.66504150808028,7.058708783742403
2024-09-06,-4.017885990554018,HS,0.05,4.66504150808028,7.058708783742403
2024-09-07,0.3532917856170691,HS,0.05,4.66504150808028,7.058708783742403
2024-09-08,1.2880905395702242,HS,0.05,4.66504150808028,7.058708783742403
2024-09-09,3.894551366544674,HS,0.05,4.5454478635384215,7.013085555507383
2024-09-10,1.097395515939397,HS,0.05,4.5454478635384215,7.013085555507383
2024-09-11,-0.5314110423381013,HS,0.05,4.5454478635384215,7.013085555507383
2024-09-12,1.357669762940072,HS,0.05,4.5454478635384215,7.013085555507383
2024-09-13,4.11907229072504,HS,0.05,4.5454478635384215,7.013085555507383
2024-09-14,-0.9391286288541528,HS,0.05,4.5454478635384215,7.013085555507383
2024-09-15,-1.3798343779418605,HS,0.05,4.5454478635384215,7.013085555507383
2024-09-16,-1.6874951656180976,HS,0.05,4.5454478635384215,7.013085555507383
2024-09-17,3.5717088660707748,HS,0.05,4.5454478635384215,7.013085555507383
2024-09-18,2.199433056839477,HS,0.05,4.5454478635384215,7.013085555507383
2024-09-19,2.072111905391629,HS,0.05,4.5454478635384215,7.013085555507383
2024-09-20,0.4004011647405417,HS,0.05,4.5454478635384215,7.013085555507383
2024-09-21,0.3189303016478239,HS,0.05,4.5454478635384215,7.013085555507383
2024-09-22,0.3996604788029707,HS,0.05,4.5454478635384215,7.013085555507383
2024-09-23,-0.5023067643079772,HS,0.05,4.5454478635384215,7.013085555507383
2024-09-24,1.5234244172186633,HS,0.05,4.368579632112638,6.979567946327325
2024-09-25,-1.818596455888868,HS,0.05,4.368579632112638,6.979567946327325
2024-09-26,3.176403065562404,HS,0.05,4.368579632112638,6.979567946327325
2024-09-27,0.9309629648678251,HS,0.05,4.368579632112638,6.979567946327325
2024-09-28,0.1473050355760251,HS,0.05,4.368579632112638,6.979567946327325
2024-09-29,-0.3837262677613024,HS,0.05,4.368579632112638,6.979567946327325
2024-09-30,-3.5762477049568058,HS,0.05,4.368579632112638,6.979567946327325
2024-10-01,-4.015297041725014,HS,0.05,4.368579632112638,6.979567946327325
2024-10-02,-0.3362528965938227,HS,0.05,4.317978675773728,6.962627296207236
2024-10-03,0.2086085373775952,HS,0.05,4.317978675773728,6.962627296207236
2024-10-04,2.1300283559387174,HS,0.05,4.317978675773728,6.962627296207236
2024-10-05,0.0362002616500902,HS,0.05,4.317978675773728,6.962627296207236
2024-10-06,1.1672701783517452,HS,0.05,4.317978675773728,6.962627296207236
2024-10-07,-0.9312611593072028,HS,0.05,4.317978675773728,6.962627296207236
2024-10-08,-0.1683566537619295,HS,0.05,4.317978675773728,6.962627296207236
2024-10-09,-2.5261155468464205,HS,0.05,4.317978675773728,6.962627296207236
2024-10-10,-0.509036697595273,HS,0.05,4.317978675773728,6.962627296207236
2024-10-11,3.537847936044716,HS,0.05,4.317978675773728,6.962627296207236
2024-10-12,1.1906298332257008,HS,0.05,4.317978675773728,6.962627296207236
2024-10-13,-0.5421094129359056,HS,0.05,4.317978675773728,6.962627296207236
2024-10-14,4.958054928829012,HS,0.05,4.317978675773728,6.962627296207236
2024-10-15,1.4952642422039788,HS,0.05,4.317978675773728,6.962627296207236
2024-10-16,0.8490108547449184,HS,0.05,4.317978675773728,6.962627296207236
2024-10-17,-0.3153528787227215,HS,0.05,4.317978675773728,6.962627296207236
2024-10-18,1.500489704966544,HS,0.05,4.305959479540946,6.829733695824774
2024-10-19,-0.0819623721527923,HS,0.05,4.305959479540946,6.829733695824774
2024-10-20,0.9303330181939204,HS,0.05,4.305959479540946,6.829733695824774
2024-10-21,-2.3963262921302486,HS,0.05,4.305959479540946,6.829733695824774
2024-10-22,-0.0095677993177765,HS,0.05,4.305959479540946,6.829733695824774
2024-10-23,-1.3890438213698968,HS,0.05,4.305959479540946,6.829733695824774
2024-10-24,2.569154796745315,HS,0.05,4.305959479540946,6.829733695824774
2024-10-25,-2.253213347279499,HS,0.05,4.305959479540946,6.829733695824774
2024-10-26,0.557070573324996,HS,0.05,4.305959479540946,6.829733695824774
2024-10-27,1.355548405756674,HS,0.05,4.305959479540946,6.829733695824774
2024-10-28,2.8709215102556978,HS,0.05,4.305959479540946,6.829733695824774
2024-10-29,3.9446590577762137,HS,0.05,4.305959479540946,6.829733695824774
2024-10-30,-0.5252363418187159,HS,0.05,4.301147741717941,6.821221059399579
2024-10-31,-2.980622089692495,HS,0.05,4.301147741717941,6.821221059399579
2024-11-01,-1.0490161236778448,HS,0.05,4.301147741717941,6.821221059399579
2024-11-02,-0.278436278553029,HS,0.05,4.301147741717941,6.821221059399579
2024-11-03,-0.7942586110248759,HS,0.05,4.301147741717941,6.821221059399579
2024-11-04,-1.3615611362265725,HS,0.05,4.301147741717941,6.821221059399579
2024-11-05,2.257211249093191,HS,0.05,4.301147741717941,6.821221059399579
2024-11-06,8.666903126846401,HS,0.05,4.301147741717941,6.821221059399579
2024-11-07,0.3507649687478874,HS,0.05,4.301147741717941,6.821221059399579
2024-11-08,0.8404323339316332,HS,0.05,4.301147741717941,6.821221059399579
2024-11-09,0.3044406381335742,HS,0.05,4.301147741717941,6.821221059399579
2024-11-10,4.700704537184314,HS,0.05,4.301147741717941,6.821221059399579
2024-11-11,9.734014312496264,HS,0.05,4.301147741717941,6.821221059399579
2024-11-12,-0.8442066269106776,HS,0.05,4.301147741717941,6.821221059399579
2024-11-13,2.944485048776148,HS,0.05,4.301147741717941,6.821221059399579
2024-11-14,-3.7496922318811383,HS,0.05,4.223077939189044,6.745074832340009
2024-11-15,4.280211829142622,HS,0.05,4.223077939189044,6.745074832340009
2024-11-16,-0.5588812244118381,HS,0.05,4.223077939189044,6.745074832340009
2024-11-17,-0.7900350440318173,HS,0.05,4.177101212143792,6.743345606809957
2024-11-18,0.7725465406075372,HS,0.05,4.177101212143792,6.743345606809957
2024-11-19,1.9697543183651731,HS,0.05,4.177101212143792,6.743345606809957
2024-11-20,2.138144499843257,HS,0.05,4.177101212143792,6.743345606809957
2024-11-21,4.320463738221239,HS,0.05,4.177101212143792,6.743345606809957
2024-11-22,0.4991722095061174,HS,0.05,4.177101212143792,6.743345606809957
2024-11-23,-1.2404002529793905,HS,0.05,4.177101212143792,6.743345606809957
2024-11-24,0.2416240326478894,HS,0.05,4.177101212143792,6.743345606809957
2024-11-25,-5.140963729329047,HS,0.05,4.177101212143792,6.743345606809957
2024-11-26,-1.2069852534281011,HS,0.05,4.223077939189044,6.76178526343354
2024-11-27,4.232881330495688,HS,0.05,4.223077939189044,6.76178526343354
2024-11-28,-0.3236310003132818,HS,0.05,4.223077939189044,6.76178526343354
2024-11-29,1.8736162907207532,HS,0.05,4.177101212143792,6.683594330266066
2024-11-30,-1.0442730465097627,HS,0.05,4.177101212143792,6.683594330266066
2024-12-01,0.8576311620290236,HS,0.05,4.177101212143792,6.683594330266066
2024-12-02,-1.4647119798360833,HS,0.05,4.177101212143792,6.683594330266066
2024-12-03,0.1426603468560264,HS,0.05,4.177101212143792,6.683594330266066
2024-12-04,2.8408310872006197,HS,0.05,4.177101212143792,6.683594330266066
2024-12-05,-2.2266865312221884,HS,0.05,4.149876735671899,6.6419985570278754
2024-12-06,3.3864801767809163,HS,0.05,4.149876735671899,6.6419985570278754
2024-12-07,0.0026270484822606,HS,0.05,4.149876735671899,6.6419985570278754
2024-12-08,1.3051327819741103,HS,0.05,4.149876735671899,6.6419985570278754
2024-12-09,-3.829250346621322,HS,0.05,4.149876735671899,6.6419985570278754
2024-12-10,-0.7802793553987951,HS,0.05,4.149876735671899,6.6419985570278754
2024-12-11,4.547294957076327,HS,0.05,4.149876735671899,6.6419985570278754
2024-12-12,-1.1232138149604487,HS,0.05,4.149876735671899,6.6419985570278754
2024-12-13,1.4057223472297038,HS,0.05,4.149876735671899,6.6419985570278754
2024-12-14,-0.0850841793417153,HS,0.05,4.149876735671899,6.6419985570278754
2024-12-15,2.8452377696528823,HS,0.05,4.149876735671899,6.6419985570278754
2024-12-16,1.6460567443030163,HS,0.05,4.149876735671899,6.6419985570278754
2024-12-17,0.1045224633036193,HS,0.05,4.149876735671899,6.6419985570278754
2024-12-18,-5.917915465377018,HS,0.05,4.149876735671899,6.6419985570278754
2024-12-19,-2.5825905125142588,HS,0.05,4.177101212143792,6.676858925972546
2024-12-20,0.2714273553183173,HS,0.05,4.177101212143792,6.676858925972546
2024-12-21,-0.544879117211963,HS,0.05,4.177101212143792,6.676858925972546
2024-12-22,-2.20441803820154,HS,0.05,4.177101212143792,6.676858925972546
2024-12-23,-0.4412175449120982,HS,0.05,4.177101212143792,6.676858925972546
2024-12-24,4.127399406827944,HS,0.05,4.177101212143792,6.676858925972546
2024-12-25,0.6294761562737073,HS,0.05,4.177101212143792,6.676858925972546
2024-12-26,-3.5921593296803764,HS,0.05,4.177101212143792,6.676858925972546
2024-12-27,-1.716880486495554,HS,0.05,4.177101212143792,6.676858925972546
2024-12-28,1.0553910906912645,HS,0.05,4.177101212143792,6.676858925972546
2024-12-29,-1.7316317368601404,HS,0.05,4.177101212143792,6.676858925972546
2024-12-30,-0.952898919172895,HS,0.05,4.177101212143792,6.676858925972546
2023-08-19,0.1789155950789422,NN-t,0.01,6.540016201558363,10.108915505341953
2023-08-20,0.3571869420107809,NN-t,0.01,5.899046501769183,9.120048141145611
2023-08-21,-0.2501958864606914,NN-t,0.01,5.7358994865001325,8.868350191899856
2023-08-22,-0.354646951925222,NN-t,0.01,5.747119757520904,8.885660463872973
2023-08-23,1.5248455549160829,NN-t,0.01,6.514564047282828,10.0696487432472
2023-08-24,-1.0239565761125091,NN-t,0.01,7.497198311516529,11.585625169529733
2023-08-25,-0.4393992436939317,NN-t,0.01,6.962141870695614,10.76015736269756
2023-08-26,-0.1506261986445485,NN-t,0.01,6.496403131839829,10.041630669083291
2023-08-27,0.3118365040993392,NN-t,0.01,6.388385681464247,9.874984833133102
2023-08-28,0.0630587825120889,NN-t,0.01,6.210467454997305,9.600498336022987
2023-08-29,6.024989257085102,NN-t,0.01,6.18489531119097,9.561046457953031
2023-08-30,-1.5634289371322936,NN-t,0.01,8.504042338425604,13.13895163624708
2023-08-31,-5.132914544958933,NN-t,0.01,7.455348212977096,11.521060188302606
2023-09-01,-0.5054814300673318,NN-t,0.01,7.415338278102848,11.644554622266131
2023-09-02,0.2634986878477164,NN-t,0.01,5.942515586276421,9.330563371794035
2023-09-03,0.3887765541686761,NN-t,0.01,5.375938332910056,8.440398646411877
2023-09-04,-0.6069712504034206,NN-t,0.01,5.526037676668102,8.67622375291333
2023-09-05,-0.125730142442957,NN-t,0.01,5.76150963158081,9.046180059550531
2023-09-06,-0.1038013801593385,NN-t,0.01,5.8111692985060275,9.12420169474398
2023-09-07,1.8732105501950571,NN-t,0.01,5.627780293820237,8.836074308717992
2023-09-08,-1.2831149860508746,NN-t,0.01,5.7590752067466875,9.04235526937222
2023-09-09,-0.0385185563078999,NN-t,0.01,6.059701605312965,9.514677470682578
2023-09-10,-0.2453267904857347,NN-t,0.01,5.198010226545916,8.160851024267956
2023-09-11,-2.626188106748031,NN-t,0.01,5.181952183456249,8.135621801894207
2023-09-12,2.6305127952917498,NN-t,0.01,6.286645336130949,9.87123485561198
2023-09-13,1.5173852958685845,NN-t,0.01,6.713002071153102,10.541095362172792
2023-09-14,1.1800835130971608,NN-t,0.01,5.49898851184451,8.633726084265415
2023-09-15,0.2597241409319121,NN-t,0.01,5.192663528931587,8.152450684181442
2023-09-16,-0.1519910354119122,NN-t,0.01,4.8315061131797,7.585026577579294
2023-09-17,-0.1284074186649275,NN-t,0.01,4.895428798526656,7.685457223725918
2023-09-18,0.8260511389751386,NN-t,0.01,4.924469202783601,7.731083382077274
2023-09-19,1.6931102662432371,NN-t,0.01,4.925709626726541,7.733032245417558
2023-09-20,-0.2911478899391834,NN-t,0.01,5.291352437739164,8.307503476867694
2023-09-21,-2.1020467716698095,NN-t,0.01,4.30101677745752,6.742069215496334
2023-09-22,0.044915054085552,NN-t,0.01,5.7239559784517535,8.973268728619122
2023-09-23,-0.0006686902016047,NN-t,0.01,3.997972414968463,6.26688908582688
2023-09-24,-1.2210127075315798,NN-t,0.01,3.9285216371234366,6.157988760636914
2023-09-25,0.1585160786217759,NN-t,0.01,4.424326216614054,6.935421089151417
2023-09-26,-0.3093569595525136,NN-t,0.01,3.948024099450025,6.188569044332363
2023-09-27,0.5153782852789497,NN-t,0.01,4.041469899340633,6.335094084245252
2023-09-28,2.506320623495958,NN-t,0.01,4.1700793753268375,6.53675653054155
2023-09-29,-0.4072674570297436,NN-t,0.01,6.274281065419805,9.836190394734178
2023-09-30,0.2085958120685116,NN-t,0.01,3.936112727581788,6.169891755032535
2023-10-01,3.6976120856382697,NN-t,0.01,3.8543592334361434,6.041700503989345
2023-10-02,-1.631914578851585,NN-t,0.01,8.186814460743761,12.835084217812692
2023-10-03,-0.3668317065944561,NN-t,0.01,4.567096287932195,7.159287655896478
2023-10-04,1.3377719302482878,NN-t,0.01,4.0533571026691035,6.353733476750809
2023-10-05,-1.3890662255842758,NN-t,0.01,4.611169479315738,7.228395375388653
2023-10-06,1.9171883788155937,NN-t,0.01,4.308190185972206,6.7533172755499296
2023-10-07,0.0795565220182125,NN-t,0.01,5.565334133724136,8.724546237538961
2023-10-08,-0.1207428683062469,NN-t,0.01,4.019618131007465,6.300830037804075
2023-10-09,-1.265938772792596,NN-t,0.01,3.9591710637848623,6.206047726049269
2023-10-10,-0.7009006012591489,NN-t,0.01,4.401600042906239,6.899785956127749
2023-10-11,-1.9081220842271784,NN-t,0.01,4.083600557454215,6.3855882314926555
2023-10-12,-0.434538164717781,NN-t,0.01,4.819228208363298,7.538451266985185
2023-10-13,0.3938005783230497,NN-t,0.01,3.969414250518808,6.206637410024004
2023-10-14,-0.0024866641728645,NN-t,0.01,3.917225440498314,6.124848002210667
2023-10-15,1.1030760315870678,NN-t,0.01,3.7461762731610744,5.856782681350058
2023-10-16,4.885439730476576,NN-t,0.01,4.265590350146925,6.670799512734046
2023-10-17,-0.3643399432774455,NN-t,0.01,9.577713698099368,14.995868099080706
2023-10-18,-0.3080719749687549,NN-t,0.01,4.279163383319949,6.692070937489975
2023-10-19,1.3724231161473082,NN-t,0.01,4.175555369850371,6.529698236080128
2023-10-20,3.298576898255148,NN-t,0.01,4.548202095210153,7.113703791653956
2023-10-21,0.7901299916077795,NN-t,0.01,6.427618226678139,10.059092513244568
2023-10-22,0.2519829955235934,NN-t,0.01,4.6551743091332485,7.281348810304808
2023-10-23,9.8123405529161,NN-t,0.01,4.260758535067701,6.663227175027207
2023-10-24,2.4342751787773462,NN-t,0.01,14.609255785341908,22.881214546754908
2023-10-25,1.7581001125127034,NN-t,0.01,6.5647985058675244,10.274079093589322
2023-10-26,-1.0083818433932463,NN-t,0.01,6.3477663532269775,9.933950026956966
2023-10-27,-0.7253169256571986,NN-t,0.01,7.304310763767941,11.43303001852183
2023-10-28,0.5287514961399851,NN-t,0.01,6.736089434431385,10.542523298497102
2023-10-29,1.3082482218137432,NN-t,0.01,7.270635284601384,11.38025438524371
2023-10-30,-0.1046255776520464,NN-t,0.01,7.687753367697511,12.033954689796914
2023-10-31,0.4782938801692802,NN-t,0.01,6.634439047067945,10.448991715779847
2023-11-01,2.1952875620689456,NN-t,0.01,6.369466801316255,10.031436139425324
2023-11-02,-1.418164303813905,NN-t,0.01,6.885291549058188,10.844296743864446
2023-11-03,-0.5911206955145198,NN-t,0.01,7.913743806685858,12.464979596774503
2023-11-04,1.002295869368392,NN-t,0.01,6.6676829068874905,10.501378934704684
2023-11-05,-0.093652131699398,NN-t,0.01,5.767769496258713,9.083253569241313
2023-11-06,-0.0341987012508487,NN-t,0.01,5.854186356289551,9.219433272494989
2023-11-07,1.1526405303600251,NN-t,0.01,5.651861437807077,8.900600265256182
2023-11-08,0.5955525293475274,NN-t,0.01,5.8179089819049965,9.162265700371352
2023-11-09,2.869223982446583,NN-t,0.01,5.562535245783036,8.759835901470298
2023-11-10,1.677834605033404,NN-t,0.01,6.51947440546779,10.267825091903587
2023-11-11,-0.4725682318407843,NN-t,0.01,5.736558276544844,9.034069479038278
2023-11-12,-0.2251742592082081,NN-t,0.01,5.93339877368443,9.344259880300356
2023-11-13,-1.501353705502923,NN-t,0.01,5.604304455395362,8.825657762714936
2023-11-14,-2.678435783979465,NN-t,0.01,6.644766588711261,10.4652663357536
2023-11-15,6.384619927627836,NN-t,0.01,6.261168477874235,9.860774609442148
2023-11-16,-4.662975619066543,NN-t,0.01,12.79637331748391,20.159254043229012
2023-11-17,1.214874696667944,NN-t,0.01,6.408327296759119,10.09267431373311
2023-11-18,-0.0300085015663709,NN-t,0.01,5.66435259818902,8.920284416167242
2023-11-19,2.1653391391504333,NN-t,0.01,5.331115153897317,8.39515336812334
2023-11-20,0.241533445499477,NN-t,0.01,6.277605784877057,9.864189902797596
2023-11-21,-4.539262192194837,NN-t,0.01,6.368246629475319,10.0066298090373
2023-11-22,4.420138946783627,NN-t,0.01,8.734810836881511,13.725628515495112
2023-11-23,-0.3819999415433914,NN-t,0.01,10.608360690481325,16.669867028110293
2023-11-24,1.148288092363248,NN-t,0.01,7.255767775462372,11.401347933967212
2023-11-25,0.2026342935600158,NN-t,0.01,6.997416891238419,10.995355735980672
2023-11-26,-0.844024984109134,NN-t,0.01,6.472463455877847,10.170404044010176
2023-11-27,-0.602017674392167,NN-t,0.01,7.674212632933309,12.05892395864814
2023-11-28,1.5367313611233842,NN-t,0.01,7.582673778233024,11.915072851141488
2023-11-29,0.0724175028494842,NN-t,0.01,7.387497378629519,11.608357835599149
2023-11-30,-0.385718899847248,NN-t,0.01,6.331144144557112,9.94832414676735
2023-12-01,2.555073011462817,NN-t,0.01,6.501725217169218,10.216388197768069
2023-12-02,2.0152443138720524,NN-t,0.01,7.867048388700941,12.361960708724174
2023-12-03,1.2637770520489715,NN-t,0.01,7.267735879771768,11.420155521906766
2023-12-04,4.8856566886563275,NN-t,0.01,6.50453312332558,10.220800754727511
2023-12-05,4.882523455973004,NN-t,0.01,9.647359914312974,15.159677432454997
2023-12-06,-0.7610515703398493,NN-t,0.01,9.524015039513998,14.965843929696009
2023-12-07,-1.0427160036986542,NN-t,0.01,7.058621447426929,11.09153722329551
2023-12-08,1.998568323480024,NN-t,0.01,6.956999628851958,10.931840980681232
2023-12-09,-1.0026349184727985,NN-t,0.01,7.083955110773749,11.131348465653446
2023-12-10,0.1227688266422679,NN-t,0.01,6.853291997116015,10.768943245648188
2023-12-11,-5.966864669683699,NN-t,0.01,6.073125692473875,9.543513880757729
2023-12-12,0.4991678164292342,NN-t,0.01,8.891141048639179,13.969850608721416
2023-12-13,3.416274957103686,NN-t,0.01,6.355389610770432,9.98687383115741
2023-12-14,0.3101461159203954,NN-t,0.01,8.575326063631211,13.473791045268824
2023-12-15,-2.5761678809584643,NN-t,0.01,6.11696506787369,9.61237363236932
2023-12-16,0.7374628549158558,NN-t,0.01,8.099994935169937,12.727174946371616
2023-12-17,-2.094342240847231,NN-t,0.01,6.904912451516047,10.850024958962896
2023-12-18,2.9979669511789555,NN-t,0.01,8.894090293635362,13.97448307157078
2023-12-19,-0.8316570718615267,NN-t,0.01,8.869526871519794,13.935900607058391
2023-12-20,3.2164737244750543,NN-t,0.01,7.309647420786565,11.485753666279514
2023-12-21,0.4956565640048613,NN-t,0.01,8.830944630567416,13.87529838578198
2023-12-22,0.2930565787194846,NN-t,0.01,6.336590340661469,9.95734528385544
2023-12-23,-0.5889392398977759,NN-t,0.01,6.145533866799775,9.657247455957142
2023-12-24,-1.6677702596480783,NN-t,0.01,6.589392762449134,10.354429225228849
2023-12-25,1.378363164697311,NN-t,0.01,7.71005076385257,12.1146785653348
2023-12-26,-2.5374479539831176,NN-t,0.01,6.448889467930079,10.133736711410938
2023-12-27,2.146239120434015,NN-t,0.01,8.889150122546036,13.966723404581291
2023-12-28,-1.893848326303362,NN-t,0.01,7.435792027555519,11.683892581581864
2023-12-29,-1.247437935200907,NN-t,0.01,7.416261636888098,11.65321564246102
2023-12-30,0.1364883236683238,NN-t,0.01,6.627453119265012,10.408888876296988
2023-12-31,0.2565328952055138,NN-t,0.01,5.454031481349906,8.566067750067011
2024-01-01,4.402166483732666,NN-t,0.01,5.416704692831813,8.507447223367265
2024-01-02,1.774260401360504,NN-t,0.01,9.185192223961106,14.425736278133904
2024-01-03,-4.806495357875531,NN-t,0.01,6.647388518151942,10.440196782203625
2024-01-04,3.0607357718285955,NN-t,0.01,8.773663900722607,13.779444217717025
2024-01-05,-0.0390082845152692,NN-t,0.01,7.366414441042057,11.569403981214531
2024-01-06,-0.3936304127509979,NN-t,0.01,5.458895993572479,8.573707310820712
2024-01-07,-0.1048480800776119,NN-t,0.01,5.987305104185503,9.403556906964363
2024-01-08,6.662426635587364,NN-t,0.01,5.6707087554409865,8.906352474131264
2024-01-09,-1.784541710643821,NN-t,0.01,11.369638678236493,17.856339519956933
2024-01-10,1.052203275194838,NN-t,0.01,7.995077576176459,12.556699314174349
2024-01-11,-0.5574241147522552,NN-t,0.01,6.245048098869528,9.808334030884987
2024-01-12,-7.884262883299366,NN-t,0.01,6.366387867665329,9.998894254221298
2024-01-13,-0.0251708664186648,NN-t,0.01,9.896343419734142,15.542576470243157
2024-01-14,-2.4720775355358247,NN-t,0.01,7.274577502388807,11.425177008360007
2024-01-15,1.6978564046419868,NN-t,0.01,8.615436307283705,13.530952846397318
2024-01-16,1.5011364505806484,NN-t,0.01,6.919611748531719,10.867714652835147
2024-01-17,-0.9599712825861542,NN-t,0.01,6.57317019020478,10.32363927356802
2024-01-18,-3.525390600438047,NN-t,0.01,9.939646060609656,15.610581881809228
2024-01-19,0.8599127738074015,NN-t,0.01,10.094283649971526,15.953833640104556
2024-01-20,0.1132983453546331,NN-t,0.01,8.758216536754263,13.842643707568763
2024-01-21,-0.2879434924556738,NN-t,0.01,8.45277507247874,13.359999581403066
2024-01-22,-5.030891028125471,NN-t,0.01,8.407748519698306,13.288850756627385
2024-01-23,0.8523584257922188,NN-t,0.01,8.462209876944485,13.374908012279386
2024-01-24,0.5793705727985713,NN-t,0.01,8.023798603071107,12.682151294779704
2024-01-25,-0.3581157289492955,NN-t,0.01,7.635573482851509,12.06869635882857
2024-01-26,4.607657449481696,NN-t,0.01,7.5069226649959475,11.865408433557269
2024-01-27,0.7224112855396915,NN-t,0.01,8.172836196741786,12.917653437010587
2024-01-28,-0.2007256017307645,NN-t,0.01,7.864338812991314,12.430180491718716
2024-01-29,2.936441573691462,NN-t,0.01,7.658204555532285,12.104456907332072
2024-01-30,-0.7783744989935841,NN-t,0.01,7.594522400693782,12.003829384322776
2024-01-31,-0.8651552809046922,NN-t,0.01,7.267591439307237,11.487228573266602
2024-02-01,1.151489029423974,NN-t,0.01,8.386973201144698,13.256022582846516
2024-02-02,0.2552374530244358,NN-t,0.01,7.281865142703445,11.509783202904565
2024-02-03,-0.4493245492150753,NN-t,0.01,6.802038296579567,10.75158356092864
2024-02-04,-0.9551086228745844,NN-t,0.01,6.631102927555198,10.48147959187761
2024-02-05,0.1761707531647928,NN-t,0.01,6.880885336174782,10.876173916126316
2024-02-06,0.9936804708699248,NN-t,0.01,5.873307672439563,9.284047443674316
2024-02-07,2.822864621028068,NN-t,0.01,6.206302367484573,9.81022987928115
2024-02-08,2.1945671282114807,NN-t,0.01,9.050099918912178,14.299275240035882
2024-02-09,3.99329954084116,NN-t,0.01,7.801209563990901,12.327453298085384
2024-02-10,1.314996069506419,NN-t,0.01,10.248471105884258,16.191334532319996
2024-02-11,1.0881064258583886,NN-t,0.01,6.43797631985313,10.175100041296355
2024-02-12,3.388147853165121,NN-t,0.01,6.07931984656689,9.60883199313534
2024-02-13,-0.4328588760117502,NN-t,0.01,8.598489287317655,13.58624567015636
2024-02-14,4.104684951040893,NN-t,0.01,6.028869172909159,9.52917748630654
2024-02-15,0.2156009229108384,NN-t,0.01,9.60478890557256,15.175051012140528
2024-02-16,0.4258432609761564,NN-t,0.01,5.535371505287281,8.75001418707556
2024-02-17,-0.957802949778828,NN-t,0.01,5.470708574683099,8.647920528578064
2024-02-18,0.8855834280713762,NN-t,0.01,6.533553007339185,10.32600216715658
2024-02-19,-0.6610163694046542,NN-t,0.01,5.7824550972344415,9.140124372631494
2024-02-20,0.9719679337319472,NN-t,0.01,5.48876885326545,8.676435164347403
2024-02-21,-0.8560904315229949,NN-t,0.01,5.560473120445525,8.789646101400452
2024-02-22,-1.0358547640014264,NN-t,0.01,5.600882284147994,8.853446478535577
2024-02-23,-1.1231806115512577,NN-t,0.01,5.709862872528058,9.02551147572905
2024-02-24,1.640559413021775,NN-t,0.01,5.728526641354141,9.05497893758088
2024-02-25,0.3139013368236927,NN-t,0.01,6.180266856743331,9.768213102017995
2024-02-26,5.2511187656945415,NN-t,0.01,5.025056946446159,7.944299385568312
2024-02-27,4.593621644047315,NN-t,0.01,11.157553258986356,17.626647191640927
2024-02-28,9.069529297704287,NN-t,0.01,7.158500450520429,11.306394579730622
2024-02-29,-2.1122414270019747,NN-t,0.01,8.476892812592792,13.384885531598238
2024-03-01,2.00954657884248,NN-t,0.01,7.650275806817707,12.0816953610615
2024-03-02,-0.6600547312091193,NN-t,0.01,3.7562669868397545,5.942656383245706
2024-03-03,1.817220465901261,NN-t,0.01,5.071576028772308,8.016286374752303
2024-03-04,7.85670808490068,NN-t,0.01,3.7080450210394136,5.8666327938495035
2024-03-05,-6.858298181492034,NN-t,0.01,7.817109861898595,12.344714993095726
2024-03-06,3.5499700200866338,NN-t,0.01,12.4290903442517,19.61566101685222
2024-03-07,1.2308140052515395,NN-t,0.01,12.729753587628451,20.089666972056207
2024-03-08,2.0331312236987973,NN-t,0.01,10.800164655502474,17.047603583624948
2024-03-09,0.2906296632019191,NN-t,0.01,11.119429114690623,17.550934996006912
2024-03-10,0.7575825657206857,NN-t,0.01,9.335154614850843,14.737964813340197
2024-03-11,4.399229858274628,NN-t,0.01,11.323149363431243,17.87210698236006
2024-03-12,-0.8949836049347838,NN-t,0.01,8.324965177434612,13.145366383809373
2024-03-13,2.216689906407544,NN-t,0.01,11.480464161702288,18.120119178279698
2024-03-14,-2.33524614583823,NN-t,0.01,9.441596483771855,14.905774084553236
2024-03-15,-2.830892329200056,NN-t,0.01,10.566792156507056,16.679683803799886
2024-03-16,-6.071772520629676,NN-t,0.01,9.919737783825916,15.659580306787731
2024-03-17,4.60122407046103,NN-t,0.01,10.558870148471565,16.667194485372313
2024-03-18,-1.2388507554368626,NN-t,0.01,10.082253214223805,15.915791478316304
2024-03-19,-8.712073185700822,NN-t,0.01,9.716047919783756,15.350822093959398
2024-03-20,9.251085296877404,NN-t,0.01,10.410273489536378,16.445570249411265
2024-03-21,-3.631867422621332,NN-t,0.01,12.85651364655826,20.303130409066963
2024-03-22,-2.649844665215931,NN-t,0.01,12.067079444635638,19.05824449005167
2024-03-23,0.4434288665400013,NN-t,0.01,12.152394273846616,19.19278037576485
2024-03-24,4.832709315067971,NN-t,0.01,12.375442993673463,19.544513566308893
2024-03-25,3.97250476948794,NN-t,0.01,17.041012416758385,26.90181030470889
2024-03-26,0.0414778606564033,NN-t,0.01,15.360362773234687,24.251536132491314
2024-03-27,-0.7637444542951766,NN-t,0.01,11.956012690863693,18.8830995096281
2024-03-28,1.8397189971880863,NN-t,0.01,12.068540573017204,19.060548593602864
2024-03-29,-1.2118158012204416,NN-t,0.01,13.445741147494829,21.232303501930247
2024-03-30,-0.3547757048682065,NN-t,0.01,12.569677965390827,19.850809367380577
2024-03-31,2.3952858696302477,NN-t,0.01,14.865757847479912,23.471576629789055
2024-04-01,-2.3137002333257977,NN-t,0.01,12.869599576568978,20.323766061750728
2024-04-02,-6.299090436988572,NN-t,0.01,11.583948637785966,18.29637891971677
2024-04-03,0.812374307331999,NN-t,0.01,10.974099835531897,17.334687388230723
2024-04-04,3.759886271186141,NN-t,0.01,11.134746145933406,17.588016075122603
2024-04-05,-0.9845630418288568,NN-t,0.01,10.72607113132876,16.943562401978408
2024-04-06,1.5482496362565017,NN-t,0.01,9.303105002286046,14.699638218092336
2024-04-07,0.6747455363626303,NN-t,0.01,10.454596442284336,16.51546463659481
2024-04-08,3.218579409702191,NN-t,0.01,11.9397567261556,18.870239145575663
2024-04-09,-3.5413761203788403,NN-t,0.01,9.054657784891557,14.316908491921378
2024-04-10,2.073930124253475,NN-t,0.01,10.789036597546051,17.054145714450826
2024-04-11,-0.749778258451207,NN-t,0.01,10.85247767834739,17.154269912544056
2024-04-12,-4.174897018143468,NN-t,0.01,11.833573896022353,18.702658918630085
2024-04-13,-5.152204971523435,NN-t,0.01,11.91196545412726,18.826378309809925
2024-04-14,2.959850149495867,NN-t,0.01,11.35187620804425,17.94243235686644
2024-04-15,-3.5810999496508606,NN-t,0.01,9.672019543112214,15.291243263563016
2024-04-16,0.606192017722891,NN-t,0.01,10.757887609535077,17.004985652758606
2024-04-17,-4.053958534994488,NN-t,0.01,9.915354578273702,15.675280309524222
2024-04-18,3.584120208614769,NN-t,0.01,10.81075682280873,17.088425082162733
2024-04-19,0.5195142876912205,NN-t,0.01,9.508093873712868,15.032531936640613
2024-04-20,1.7865871886504232,NN-t,0.01,10.9815707477901,17.358007615213722
2024-04-21,-0.1043662476566599,NN-t,0.01,10.661266863225908,16.852496530234536
2024-04-22,2.9008901759275916,NN-t,0.01,10.660586678848542,16.85142304733546
2024-04-23,-0.6460398489914604,NN-t,0.01,10.028324438727736,15.85357198652266
2024-04-24,-3.2606301316271993,NN-t,0.01,11.49745418161642,18.172186920941325
2024-04-25,0.3181282769191777,NN-t,0.01,13.707248543780034,21.659736087315355
2024-04-26,-1.1328935219016096,NN-t,0.01,9.489167218769566,15.00266144696974
2024-04-27,-0.5286917956356649,NN-t,0.01,10.733950304160333,16.967207237339363
2024-04-28,-0.4835296290154386,NN-t,0.01,8.745092730595857,13.817442546070469
2024-04-29,1.1467091787556438,NN-t,0.01,8.168090580231471,12.906985550891502
2024-04-30,-5.14946297165421,NN-t,0.01,7.0686259458446745,11.172130201223943
2024-05-01,-4.0089923480657195,NN-t,0.01,11.737450035128438,18.539110633903498
2024-05-02,1.48143925496978,NN-t,0.01,10.874714504277382,17.177792312027684
2024-05-03,6.175720649824811,NN-t,0.01,8.252281957737674,13.039831899099855
2024-05-04,1.5801344389047562,NN-t,0.01,8.935156532356611,14.117345965380265
2024-05-05,0.2183511056964741,NN-t,0.01,7.505040811042837,11.860753227271294
2024-05-06,-1.3667364763724112,NN-t,0.01,9.009705578839265,14.234977590862409
2024-05-07,-1.318192999564668,NN-t,0.01,9.925458497651755,15.679952536383594
2024-05-08,-1.8569986258493816,NN-t,0.01,9.634325535253245,15.22057115977086
2024-05-09,2.997730860417905,NN-t,0.01,9.86628100589493,15.586575828353784
2024-05-10,-3.6456454635488926,NN-t,0.01,9.847584019848751,15.557073682263416
2024-05-11,0.0015356866757304,NN-t,0.01,11.073646534430218,17.49168899040821
2024-05-12,1.071136415279376,NN-t,0.01,8.55862720972731,13.523216887245374
2024-05-13,2.337149423787631,NN-t,0.01,7.794294074467809,12.317168609600976
2024-05-14,-2.1674038111579397,NN-t,0.01,8.189646931021635,12.94099951488634
2024-05-15,7.380429766149847,NN-t,0.01,9.324991901414377,14.732470776444956
2024-05-16,-1.5755724397151207,NN-t,0.01,11.10023887347199,17.53364928654136
2024-05-17,2.752283490504771,NN-t,0.01,9.166031716231894,14.48164603954764
2024-05-18,-0.1657856805292211,NN-t,0.01,7.033412480295262,11.122964970669388
2024-05-19,-0.99451595532183,NN-t,0.01,8.016557415996601,12.674546368877214
2024-05-20,7.510908882529837,NN-t,0.01,8.25114664844776,13.044770815012836
2024-05-21,-1.852885718229531,NN-t,0.01,10.363273135671848,16.378090297456335
2024-05-22,-1.4565869510184994,NN-t,0.01,9.910900820332053,15.664164563765071
2024-05-23,-1.7406596587757723,NN-t,0.01,9.475611177068512,14.977198391439288
2024-05-24,0.8743394668047938,NN-t,0.01,9.091790521149631,14.371459635793014
2024-05-25,1.0738658385428568,NN-t,0.01,7.1294546747982785,11.274537009564789
2024-05-26,-1.0855523058038128,NN-t,0.01,9.130040744757292,14.431825440743836
2024-05-27,1.271054899375939,NN-t,0.01,9.972936300785303,15.762067827063158
2024-05-28,-1.5953999045957543,NN-t,0.01,8.980835862512984,14.196353018107686
2024-05-29,-1.0570529093847765,NN-t,0.01,10.161796857002845,16.060124110772012
2024-05-30,1.1577009906272178,NN-t,0.01,8.980285286436528,14.19548410899011
2024-05-31,-1.2860492770805694,NN-t,0.01,8.281625848734128,13.092872532754834
2024-06-01,0.318825810485505,NN-t,0.01,8.714757628810117,13.776433204772273
2024-06-02,0.0659449960522584,NN-t,0.01,7.060285160385736,11.165374944045924
2024-06-03,1.5425138658129582,NN-t,0.01,6.559552267029801,10.375127428558676
2024-06-04,2.5300225248925363,NN-t,0.01,9.004522361317955,14.233734618317268
2024-06-05,0.727221781660282,NN-t,0.01,11.038505314425906,17.443729401093446
2024-06-06,-0.4591890272017647,NN-t,0.01,7.465943070798978,11.80557685627369
2024-06-07,-2.0194557079892093,NN-t,0.01,6.1627269386190955,9.754045382056448
2024-06-08,-0.0531019638905004,NN-t,0.01,7.837832045802358,12.400567838900946
2024-06-09,0.4925659126589219,NN-t,0.01,5.619158995721911,8.895254634222626
2024-06-10,-0.1950427046023121,NN-t,0.01,5.858410381656368,9.27325131215732
2024-06-11,-3.1867374917879587,NN-t,0.01,5.380153711307426,8.517646775590363
2024-06-12,1.3412234174301008,NN-t,0.01,8.927539353242745,14.1222119603125
2024-06-13,-2.199815542116183,NN-t,0.01,6.512560557656562,10.306752507699846
2024-06-14,-1.1227334405387726,NN-t,0.01,7.57210778458675,11.980746287632412
2024-06-15,0.2721687016485993,NN-t,0.01,6.198255609680253,9.81017763633827
2024-06-16,0.6746193121199441,NN-t,0.01,5.22165569730469,8.267233502044295
2024-06-17,-0.2234669798733621,NN-t,0.01,5.368575837544554,8.499354727655843
2024-06-18,-2.0505771883152004,NN-t,0.01,4.791823355983836,7.588135253757936
2024-06-19,-0.2773987515326678,NN-t,0.01,6.491173780454823,10.272963233282846
2024-06-20,-0.2028534277712279,NN-t,0.01,4.761101066111597,7.53959666968706
2024-06-21,-1.1362664075990998,NN-t,0.01,4.65771992384986,7.376263328133353
2024-06-22,0.2436781820078235,NN-t,0.01,5.305858191290748,8.400266223573714
2024-06-23,-1.6821441362000096,NN-t,0.01,4.677827158186483,7.408031034523068
2024-06-24,-4.704293399341265,NN-t,0.01,5.677158154186787,8.986888332130388
2024-06-25,2.502097858985756,NN-t,0.01,9.21552007372315,14.577196809096836
2024-06-26,-1.6203198264060434,NN-t,0.01,7.360638731394346,11.646643313555506
2024-06-27,1.296454786345771,NN-t,0.01,5.979349034796505,9.481573379146742
2024-06-28,-2.1073812008611803,NN-t,0.01,5.187363581644982,8.226456756966153
2024-06-29,0.9359920064692572,NN-t,0.01,6.316591275603084,10.01602554673824
2024-06-30,2.8989272731724975,NN-t,0.01,5.434035850031659,8.617376139451169
2024-07-01,0.2767262526904299,NN-t,0.01,8.60921314122522,13.649309214344305
2024-07-02,-1.318017605629068,NN-t,0.01,5.052628567999382,8.012932437114829
2024-07-03,-3.0363202506616576,NN-t,0.01,5.808415084891522,9.210681987181134
2024-07-04,-5.457904895434864,NN-t,0.01,7.709269792674858,12.223103908057803
2024-07-05,-0.5549607840752044,NN-t,0.01,9.29064318986356,14.72922069187958
2024-07-06,2.8552385625087484,NN-t,0.01,5.805606451221201,9.206230942289832
2024-07-07,-4.30092171893191,NN-t,0.01,5.579244611328843,8.847498964643364
2024-07-08,1.5210533790654033,NN-t,0.01,8.847222532058513,14.026499908291036
2024-07-09,2.273796411214889,NN-t,0.01,4.602226950568663,7.299148421960496
2024-07-10,-0.4608673369846872,NN-t,0.01,5.798373434727679,9.194768257977383
2024-07-11,-0.6909245978268808,NN-t,0.01,5.870945500393214,9.309778458682889
2024-07-12,0.9623984558104184,NN-t,0.01,6.031845801939683,9.564768802484323
2024-07-13,2.275300324258214,NN-t,0.01,6.421193336951829,10.181795997938742
2024-07-14,2.5927850263005583,NN-t,0.01,7.716936753226582,12.235254294901122
2024-07-15,6.499862039498034,NN-t,0.01,7.983370403157341,12.657490967816832
2024-07-16,0.3493129782673193,NN-t,0.01,8.519290083989958,13.506801642514342
2024-07-17,-1.514324245482322,NN-t,0.01,5.851340938038345,9.2238098071995
2024-07-18,-0.2259714160352502,NN-t,0.01,7.22312022413793,11.385425256623106
2024-07-19,4.187942010963554,NN-t,0.01,6.175267207855711,9.734244712002798
2024-07-20,0.6774946348331885,NN-t,0.01,8.316969069198706,13.109084876488437
2024-07-21,1.4645375370143716,NN-t,0.01,6.499334963378022,10.24490256643712
2024-07-22,-0.8387766690112852,NN-t,0.01,6.373871742216706,10.047200764153844
2024-07-23,-2.483150354628474,NN-t,0.01,7.29308892120272,11.495680177428428
2024-07-24,-0.8462196557576013,NN-t,0.01,8.4327031401602,13.291455727506587
2024-07-25,0.6177613679945954,NN-t,0.01,7.87804395981235,12.417437679884962
2024-07-26,3.193999219319689,NN-t,0.01,6.527692034993011,10.289586929821596
2024-07-27,-0.1454798896138238,NN-t,0.01,8.22299475824785,12.961002510426551
2024-07-28,0.6504525639670647,NN-t,0.01,6.117862935663188,9.643788497295626
2024-07-29,-2.1262245664086654,NN-t,0.01,6.020559076834842,9.4904595130609
2024-07-30,-0.9305346230673276,NN-t,0.01,7.167864804704344,11.298355150285788
2024-07-31,-2.418345057748668,NN-t,0.01,6.1374330653754745,9.674626617656504
2024-08-01,1.1359846111043197,NN-t,0.01,7.591252435890081,11.965518777802114
2024-08-02,-6.221701386487153,NN-t,0.01,6.023087902120158,9.49444437262324
2024-08-03,-1.203948679208518,NN-t,0.01,9.602527955251592,15.13483637849354
2024-08-04,-4.315788272420938,NN-t,0.01,6.59745004810415,10.39950986012832
2024-08-05,-7.363198582120066,NN-t,0.01,9.171275819532068,14.455280061661549
2024-08-06,3.713846509911699,NN-t,0.01,11.790550779201174,18.579774940664056
2024-08-07,-1.8131945621423673,NN-t,0.01,5.41130598487159,8.524644406491355
2024-08-08,11.461585743295792,NN-t,0.01,9.538705089258466,15.030357558952227
2024-08-09,-1.3541633552667405,NN-t,0.01,13.852160553164458,21.829337554431984
2024-08-10,0.1078575429619125,NN-t,0.01,15.76668774475817,24.847064800109973
2024-08-11,-3.721354652343721,NN-t,0.01,13.740713538794044,21.653671889722833
2024-08-12,1.075659964060797,NN-t,0.01,15.775008558462035,24.860180281744615
2024-08-13,2.092453927711503,NN-t,0.01,13.435617036318924,21.17277089645263
2024-08-14,-3.13783013916643,NN-t,0.01,9.610063325088428,15.142834254719782
2024-08-15,-2.024486209713598,NN-t,0.01,13.211525848189972,20.819552573462836
2024-08-16,2.291143010134266,NN-t,0.01,11.866949068409744,18.70019589884119
2024-08-17,0.9881840637262366,NN-t,0.01,8.892698610269964,14.01210544893372
2024-08-18,-1.687023792647201,NN-t,0.01,9.870223727186852,15.55290580507756
2024-08-19,1.7113663556006082,NN-t,0.01,10.767415619238628,16.96708285575305
2024-08-20,-0.8112024604757305,NN-t,0.01,8.828492444303652,13.91090203055042
2024-08-21,3.5987487774751865,NN-t,0.01,9.892366851762118,15.587808370383822
2024-08-22,-1.3052114105543453,NN-t,0.01,6.97835859065489,10.994673228566446
2024-08-23,5.966667778992524,NN-t,0.01,9.973575399048787,15.715811381678176
2024-08-24,0.1319630813085004,NN-t,0.01,8.718786191107515,13.737980198598985
2024-08-25,0.2405226160543708,NN-t,0.01,9.481420580125992,14.940064234979928
2024-08-26,-2.284251207913442,NN-t,0.01,9.151594166150243,14.44848756180457
2024-08-27,-5.519287756090793,NN-t,0.01,10.956509779775574,17.299799435211266
2024-08-28,-0.804021450926693,NN-t,0.01,12.310027322045348,19.43801609753283
2024-08-29,0.6089656742738994,NN-t,0.01,8.928005643282974,14.095274034703216
2024-08-30,-0.4534788620027655,NN-t,0.01,7.425036776504149,11.720961937862636
2024-08-31,-0.2533305049583044,NN-t,0.01,9.73315440635286,15.367206201874566
2024-09-01,-2.8281771257721453,NN-t,0.01,9.217933909463104,14.553287640189827
2024-09-02,3.0696731082648925,NN-t,0.01,13.0085870150747,20.54156439196928
2024-09-03,-2.8857442236703132,NN-t,0.01,9.118756153588375,14.396611776360697
2024-09-04,0.9367548966836616,NN-t,0.01,11.831801095299577,18.68253916099294
2024-09-05,-3.1738730145491645,NN-t,0.01,7.712007302241079,12.174303058729752
2024-09-06,-4.017885990554018,NN-t,0.01,11.253516267350012,17.768994846956204
2024-09-07,0.3532917856170691,NN-t,0.01,11.127720698001893,17.570269544899674
2024-09-08,1.2880905395702242,NN-t,0.01,8.044717017050719,12.699900573135988
2024-09-09,3.894551366544674,NN-t,0.01,7.504333828628237,11.846231299233729
2024-09-10,1.097395515939397,NN-t,0.01,9.818461932487068,15.501970597684108
2024-09-11,-0.5314110423381013,NN-t,0.01,7.346676085171047,11.597171790600484
2024-09-12,1.357669762940072,NN-t,0.01,8.700310826749309,13.73557359829801
2024-09-13,4.11907229072504,NN-t,0.01,7.427468970574542,11.724804191638372
2024-09-14,-0.9391286288541528,NN-t,0.01,10.195515547759928,16.097620301206252
2024-09-15,-1.3798343779418605,NN-t,0.01,8.746591651444131,13.775424363869629
2024-09-16,-1.6874951656180976,NN-t,0.01,8.877051168889581,13.981010425615182
2024-09-17,3.5717088660707748,NN-t,0.01,8.94916437064212,14.094650805699878
2024-09-18,2.199433056839477,NN-t,0.01,9.746955510470537,15.351858725401122
2024-09-19,2.072111905391629,NN-t,0.01,8.868761258323316,13.967946679106584
2024-09-20,0.4004011647405417,NN-t,0.01,8.627996134043695,13.588534316746564
2024-09-21,0.3189303016478239,NN-t,0.01,6.780450122347205,10.6770586660934
2024-09-22,0.3996604788029707,NN-t,0.01,6.609858862417567,10.408230557697156
2024-09-23,-0.5023067643079772,NN-t,0.01,6.317547150846608,9.947587940272912
2024-09-24,1.5234244172186633,NN-t,0.01,6.1676355664628035,9.711348125447676
2024-09-25,-1.818596455888868,NN-t,0.01,7.38903199248936,11.6360990824784
2024-09-26,3.176403065562404,NN-t,0.01,6.809501260717075,10.72283922119306
2024-09-27,0.9309629648678251,NN-t,0.01,11.71825892679217,18.45835883978782
2024-09-28,0.1473050355760251,NN-t,0.01,6.7456804408113396,10.62226648201151
2024-09-29,-0.3837262677613024,NN-t,0.01,5.509441503870792,8.674125791330274
2024-09-30,-3.5762477049568058,NN-t,0.01,5.415215283860111,8.525638368837194
2024-10-01,-4.015297041725014,NN-t,0.01,8.21151184271713,12.932212977304852
2024-10-02,-0.3362528965938227,NN-t,0.01,8.694910379363447,13.69398186430258
2024-10-03,0.2086085373775952,NN-t,0.01,6.527857449410514,10.27900773143046
2024-10-04,2.1300283559387174,NN-t,0.01,6.183412221420334,9.736209940237028
2024-10-05,0.0362002616500902,NN-t,0.01,8.016186127911979,12.617048728869674
2024-10-06,1.1672701783517452,NN-t,0.01,5.263987133790473,8.2845438716072
2024-10-07,-0.9312611593072028,NN-t,0.01,6.4865113039496824,10.209038400036532
2024-10-08,-0.1683566537619295,NN-t,0.01,5.972353491409424,9.399652441758048
2024-10-09,-2.5261155468464205,NN-t,0.01,5.064873854799138,7.971100239726657
2024-10-10,-0.509036697595273,NN-t,0.01,8.283546212094409,13.037926312878902
2024-10-11,3.537847936044716,NN-t,0.01,5.482827229703918,8.629041409951597
2024-10-12,1.1906298332257008,NN-t,0.01,12.05078617993546,18.968306163320815
2024-10-13,-0.5421094129359056,NN-t,0.01,6.573284940114132,10.345637243713096
2024-10-14,4.958054928829012,NN-t,0.01,5.785918580189376,9.10616706510127
2024-10-15,1.4952642422039788,NN-t,0.01,11.646285197741609,18.3315417164674
2024-10-16,0.8490108547449184,NN-t,0.01,6.085277053210345,9.577416433768382
2024-10-17,-0.3153528787227215,NN-t,0.01,5.933165696801665,9.337963112299615
2024-10-18,1.500489704966544,NN-t,0.01,5.858511856896552,9.22044322195265
2024-10-19,-0.0819623721527923,NN-t,0.01,6.373849253769743,10.031686078973882
2024-10-20,0.9303330181939204,NN-t,0.01,5.917546714313609,9.31337574865348
2024-10-21,-2.3963262921302486,NN-t,0.01,6.914242307794451,10.882371489583257
2024-10-22,-0.0095677993177765,NN-t,0.01,8.242893828763004,12.97393143146996
2024-10-23,-1.3890438213698968,NN-t,0.01,5.5930528323701845,8.802558281357445
2024-10-24,2.569154796745315,NN-t,0.01,6.849872118724769,10.781040096975753
2024-10-25,-2.253213347279499,NN-t,0.01,9.702833491473664,15.265620115719058
2024-10-26,0.557070573324996,NN-t,0.01,8.001290547095127,12.588546964425191
2024-10-27,1.355548405756674,NN-t,0.01,6.366978748976443,10.017249983622694
2024-10-28,2.8709215102556978,NN-t,0.01,7.201618394888321,11.33040601912445
2024-10-29,3.9446590577762137,NN-t,0.01,8.951657315397044,14.083778905357612
2024-10-30,-0.5252363418187159,NN-t,0.01,10.00170750821141,15.73584486583267
2024-10-31,-2.980622089692495,NN-t,0.01,6.171250211362151,9.70930617608006
2024-11-01,-1.0490161236778448,NN-t,0.01,7.865924088115739,12.375572079414695
2024-11-02,-0.278436278553029,NN-t,0.01,6.140525868190506,9.6609669234813
2024-11-03,-0.7942586110248759,NN-t,0.01,5.7856306376471975,9.102602824386087
2024-11-04,-1.3615611362265725,NN-t,0.01,6.489479080030248,10.209982320101291
2024-11-05,2.257211249093191,NN-t,0.01,6.85058658970317,10.778120328060323
2024-11-06,8.666903126846401,NN-t,0.01,9.211108561291868,14.491978984438456
2024-11-07,0.3507649687478874,NN-t,0.01,12.179923670531174,19.162877974297864
2024-11-08,0.8404323339316332,NN-t,0.01,5.892416283515989,9.2706109175367
2024-11-09,0.3044406381335742,NN-t,0.01,5.087551358615127,8.004300074199616
2024-11-10,4.700704537184314,NN-t,0.01,5.433203620743141,8.548122017503468
2024-11-11,9.734014312496264,NN-t,0.01,6.783359772557692,10.672350968655277
2024-11-12,-0.8442066269106776,NN-t,0.01,16.396189166793203,25.79641678450537
2024-11-13,2.944485048776148,NN-t,0.01,11.484965992186682,18.069486503851575
2024-11-14,-3.7496922318811383,NN-t,0.01,10.055627193449112,15.780590275139964
2024-11-15,4.280211829142622,NN-t,0.01,13.37353098766098,20.98566141970768
2024-11-16,-0.5588812244118381,NN-t,0.01,11.97194452659625,18.78687637421249
2024-11-17,-0.7900350440318173,NN-t,0.01,8.44473738383726,13.253453689770538
2024-11-18,0.7725465406075372,NN-t,0.01,8.297012065111213,13.021704717674236
2024-11-19,1.9697543183651731,NN-t,0.01,6.9549963617047705,10.916373265465294
2024-11-20,2.138144499843257,NN-t,0.01,6.545922348798431,10.274624898835183
2024-11-21,4.320463738221239,NN-t,0.01,6.489813516092508,10.186602314641371
2024-11-22,0.4991722095061174,NN-t,0.01,8.65224657800678,13.578990590716408
2024-11-23,-1.2404002529793905,NN-t,0.01,6.487628439265918,10.183174403211696
2024-11-24,0.2416240326478894,NN-t,0.01,7.208538377945776,11.314125676181307
2024-11-25,-5.140963729329047,NN-t,0.01,6.162374766423987,9.672921963063308
2024-11-26,-1.2069852534281011,NN-t,0.01,11.330744976274648,17.780973405262316
2024-11-27,4.232881330495688,NN-t,0.01,8.414278887352294,13.205670917576423
2024-11-28,-0.3236310003132818,NN-t,0.01,7.848658090187211,12.318334613483644
2024-11-29,1.8736162907207532,NN-t,0.01,8.138939382291683,12.773722976454469
2024-11-30,-1.0442730465097627,NN-t,0.01,6.7918169059105935,10.66038010550018
2024-12-01,0.8576311620290236,NN-t,0.01,7.902367489224469,12.40259300687305
2024-12-02,-1.4647119798360833,NN-t,0.01,6.709346518328504,10.531001961554685
2024-12-03,0.1426603468560264,NN-t,0.01,7.971576250906363,12.5111665372479
2024-12-04,2.8408310872006197,NN-t,0.01,7.261245671677261,11.376593936343724
2024-12-05,-2.2266865312221884,NN-t,0.01,8.953343522499264,14.025628778603242
2024-12-06,3.3864801767809163,NN-t,0.01,8.260034861243875,12.940231264970311
2024-12-07,0.0026270484822606,NN-t,0.01,8.378747556129188,13.12607989353334
2024-12-08,1.3051327819741103,NN-t,0.01,7.209431915488957,11.295477796763214
2024-12-09,-3.829250346621322,NN-t,0.01,6.637782273827612,10.400541479935892
2024-12-10,-0.7802793553987951,NN-t,0.01,9.114817623509884,14.278421794971576
2024-12-11,4.547294957076327,NN-t,0.01,7.476806850993555,11.71406205284184
2024-12-12,-1.1232138149604487,NN-t,0.01,8.753169601509178,13.712249921135372
2024-12-13,1.4057223472297038,NN-t,0.01,7.86218240122228,12.317380152569289
2024-12-14,-0.0850841793417153,NN-t,0.01,6.427198212292972,10.07086520503324
2024-12-15,2.8452377696528823,NN-t,0.01,7.07729514495178,11.088613336219996
2024-12-16,1.6460567443030163,NN-t,0.01,7.735860124962923,12.119618474069426
2024-12-17,0.1045224633036193,NN-t,0.01,7.346797637035524,11.510528352103265
2024-12-18,-5.917915465377018,NN-t,0.01,6.069049183488467,9.510171120135224
2024-12-19,-2.5825905125142588,NN-t,0.01,10.091496972183291,15.807445440438846
2024-12-20,0.2714273553183173,NN-t,0.01,9.155340443135444,14.34186160197952
2024-12-21,-0.544879117211963,NN-t,0.01,7.590087143394852,11.89140607663255
2024-12-22,-2.20441803820154,NN-t,0.01,7.940642097797463,12.44021138826869
2024-12-23,-0.4412175449120982,NN-t,0.01,8.62583503010779,13.51290346129406
2024-12-24,4.127399406827944,NN-t,0.01,7.668092192345628,12.002077589296466
2024-12-25,0.6294761562737073,NN-t,0.01,8.975022846290456,14.046734378790156
2024-12-26,-3.5921593296803764,NN-t,0.01,7.332500531773354,11.477053736488797
2024-12-27,-1.716880486495554,NN-t,0.01,9.08528662104352,14.219238998682236
2024-12-28,1.0553910906912645,NN-t,0.01,8.368303400347214,13.097538619457952
2024-12-29,-1.7316317368601404,NN-t,0.01,6.81683234598575,10.670305150392023
2024-12-30,-0.952898919172895,NN-t,0.01,8.079503849482412,12.645719725550997
2023-08-19,0.1789155950789422,NN-t,0.05,3.371615631257355,5.575002593416298
2023-08-20,0.3571869420107809,NN-t,0.05,3.039502826686666,5.028102787960597
2023-08-21,-0.2501958864606914,NN-t,0.05,2.9549696376511116,4.888899529303178
2023-08-22,-0.354646951925222,NN-t,0.05,2.960783322257384,4.898473092671989
2023-08-23,1.5248455549160829,NN-t,0.05,3.3584278216907033,5.5532858442060045
2023-08-24,-1.0239565761125091,NN-t,0.05,3.8675711110993096,6.391706893001716
2023-08-25,-0.4393992436939317,NN-t,0.05,3.5903363288263073,5.935176321448921
2023-08-26,-0.1506261986445485,NN-t,0.05,3.3490179033071517,5.537790258180736
2023-08-27,0.3118365040993392,NN-t,0.05,3.293049612764543,5.4456256478791
2023-08-28,0.0630587825120889,NN-t,0.05,3.2008628507450374,5.29381902819989
2023-08-29,6.024989257085102,NN-t,0.05,3.1876128696598154,5.271999899343456
2023-08-30,-1.5634289371322936,NN-t,0.05,4.389258475809375,7.250784635088304
2023-08-31,-5.132914544958933,NN-t,0.05,3.8458868511380944,6.3559987920461705
2023-09-01,-0.5054814300673318,NN-t,0.05,3.78686918456836,6.332685822385719
2023-09-02,0.2634986878477164,NN-t,0.05,3.0357296295507252,5.075196925659801
2023-09-03,0.3887765541686761,NN-t,0.05,2.7467752371866507,4.591456004773963
2023-09-04,-0.6069712504034206,NN-t,0.05,2.8233259006877973,4.719610099105255
2023-09-05,-0.125730142442957,NN-t,0.05,2.943416594845237,4.920654916269148
2023-09-06,-0.1038013801593385,NN-t,0.05,2.968743024376462,4.963054099904843
2023-09-07,1.8732105501950571,NN-t,0.05,2.8752146342048057,4.806477453948891
2023-09-08,-1.2831149860508746,NN-t,0.05,2.9421750382092786,4.918576416110363
2023-09-09,-0.0385185563078999,NN-t,0.05,3.095494497841994,5.175249782400639
2023-09-10,-0.2453267904857347,NN-t,0.05,2.656031905092986,4.439541847414727
2023-09-11,-2.626188106748031,NN-t,0.05,2.6478423033114784,4.425831567826787
2023-09-12,2.6305127952917498,NN-t,0.05,3.2112357978142727,5.369013243045909
2023-09-13,1.5173852958685845,NN-t,0.05,3.428677727518771,5.733034562998426
2023-09-14,1.1800835130971608,NN-t,0.05,2.809530826954926,4.696515652896529
2023-09-15,0.2597241409319121,NN-t,0.05,2.6533050893743466,4.434976862830037
2023-09-16,-0.1519910354119122,NN-t,0.05,2.469114811709096,4.126622406588575
2023-09-17,-0.1284074186649275,NN-t,0.05,2.5017153804628967,4.18119928642536
2023-09-18,0.8260511389751386,NN-t,0.05,2.516525986282694,4.205993843239429
2023-09-19,1.6931102662432371,NN-t,0.05,2.5171586024785904,4.207052911207445
2023-09-20,-0.2911478899391834,NN-t,0.05,2.703636431672565,4.519236976246424
2023-09-21,-2.1020467716698095,NN-t,0.05,2.1990065644282617,3.6723964549500514
2023-09-22,0.044915054085552,NN-t,0.05,2.925946202117161,4.887192295251695
2023-09-23,-0.0006686902016047,NN-t,0.05,2.0441897184818325,3.413680530389574
2023-09-24,-1.2210127075315798,NN-t,0.05,2.008709268404556,3.3543888080356585
2023-09-25,0.1585160786217759,NN-t,0.05,2.2620018905542407,3.7776685520660913
2023-09-26,-0.3093569595525136,NN-t,0.05,2.0186725281754767,3.3710385075403355
2023-09-27,0.5153782852789497,NN-t,0.05,2.0664113604942185,3.4508153306972593
2023-09-28,2.506320623495958,NN-t,0.05,2.1321143264476805,3.560612190845782
2023-09-29,-0.4072674570297436,NN-t,0.05,3.2070918189166298,5.357017447299873
2023-09-30,0.2085958120685116,NN-t,0.05,2.0125873431273567,3.360869496111239
2023-10-01,3.6976120856382697,NN-t,0.05,1.9708217811325,3.2910746626082603
2023-10-02,-1.631914578851585,NN-t,0.05,4.1841513675560185,6.98979108334431
2023-10-03,-0.3668317065944561,NN-t,0.05,2.334939106595735,3.8995546373153154
2023-10-04,1.3377719302482878,NN-t,0.05,2.072484198514771,3.4609637088894933
2023-10-05,-1.3890662255842758,NN-t,0.05,2.3574548611365898,3.9371809319062137
2023-10-06,1.9171883788155937,NN-t,0.05,2.202671257187458,3.6785205583680582
2023-10-07,0.0795565220182125,NN-t,0.05,2.844910760648354,4.751773187378747
2023-10-08,-0.1207428683062469,NN-t,0.05,2.055247906325638,3.432159974758073
2023-10-09,-1.265938772792596,NN-t,0.05,2.024367198902965,3.3805549267214854
2023-10-10,-0.7009006012591489,NN-t,0.05,2.250391727260074,3.758266696198366
2023-10-11,-1.9081220842271784,NN-t,0.05,2.0993677225984393,3.4898381865695027
2023-10-12,-0.434538164717781,NN-t,0.05,2.4753530699057142,4.11784637714818
2023-10-13,0.3938005783230497,NN-t,0.05,2.041006161259916,3.3923568916253175
2023-10-14,-0.0024866641728645,NN-t,0.05,2.014332030894017,3.347803101254711
2023-10-15,1.1030760315870678,NN-t,0.05,1.926907393567734,3.201777760925674
2023-10-16,4.885439730476576,NN-t,0.05,2.1923842035958403,3.645203581374194
2023-10-17,-0.3643399432774455,NN-t,0.05,4.907454170651538,8.180183972276694
2023-10-18,-0.3080719749687549,NN-t,0.05,2.199321492569774,3.656790932655949
2023-10-19,1.3724231161473082,NN-t,0.05,2.1463665840912314,3.5683403680420818
2023-10-20,3.298576898255148,NN-t,0.05,2.336829392665882,3.886470328802882
2023-10-21,0.7901299916077795,NN-t,0.05,3.297414446873176,5.490935199867742
2023-10-22,0.2519829955235934,NN-t,0.05,2.391503771686844,3.977792924446233
2023-10-23,9.8123405529161,NN-t,0.05,2.189914623138334,3.641078642022929
2023-10-24,2.4342751787773462,NN-t,0.05,7.47911674590303,12.475631048150928
2023-10-25,1.7581001125127034,NN-t,0.05,3.3675284166933572,5.608046538478166
2023-10-26,-1.0083818433932463,NN-t,0.05,3.2566014970940733,5.422765344508975
2023-10-27,-0.7253169256571986,NN-t,0.05,3.745499218607979,6.239371033174452
2023-10-28,0.5287514961399851,NN-t,0.05,3.455076620172495,5.75427827130794
2023-10-29,1.3082482218137432,NN-t,0.05,3.72828740402416,6.210622145456427
2023-10-30,-0.1046255776520464,NN-t,0.05,3.9414798895801786,6.566717477516234
2023-10-31,0.4782938801692802,NN-t,0.05,3.379835381530742,5.666702531311411
2023-11-01,2.1952875620689456,NN-t,0.05,3.2450483266018475,5.440440056676861
2023-11-02,-1.418164303813905,NN-t,0.05,3.5074399533563327,5.880908014257614
2023-11-03,-0.5911206955145198,NN-t,0.05,4.0305968241725765,6.759113775748548
2023-11-04,1.002295869368392,NN-t,0.05,3.3967459902129233,5.695089798694212
2023-11-05,-0.093652131699398,NN-t,0.05,2.938974732073913,4.926644655814993
2023-11-06,-0.0341987012508487,NN-t,0.05,2.9829335777511865,5.000436884677515
2023-11-07,1.1526405303600251,NN-t,0.05,2.880014195294289,4.827669595008325
2023-11-08,0.5955525293475274,NN-t,0.05,2.9644798697412194,4.969459268594714
2023-11-09,2.869223982446583,NN-t,0.05,2.834575419935845,4.751393058197067
2023-11-10,1.677834605033404,NN-t,0.05,3.321354745499291,5.568533063674783
2023-11-11,-0.4725682318407843,NN-t,0.05,2.9230980942244025,4.899993080330969
2023-11-12,-0.2251742592082081,NN-t,0.05,3.023227641094181,5.06807716726902
2023-11-13,-1.501353705502923,NN-t,0.05,2.8558227348551175,4.787060207802126
2023-11-14,-2.678435783979465,NN-t,0.05,3.385088833335889,5.675521323341795
2023-11-15,6.384619927627836,NN-t,0.05,3.1899587377693397,5.347963025389111
2023-11-16,-4.662975619066543,NN-t,0.05,6.514310732406239,10.928440388438895
2023-11-17,1.214874696667944,NN-t,0.05,3.264816026116799,5.473623425899111
2023-11-18,-0.0300085015663709,NN-t,0.05,2.88636824462406,4.838335922913942
2023-11-19,2.1653391391504333,NN-t,0.05,2.7168557978367005,4.553781106342732
2023-11-20,0.241533445499477,NN-t,0.05,3.201751361018366,5.360075985955552
2023-11-21,-4.539262192194837,NN-t,0.05,3.2479693320234837,5.437465452348372
2023-11-22,4.420138946783627,NN-t,0.05,4.45468575666001,7.458046152001567
2023-11-23,-0.3819999415433914,NN-t,0.05,5.410013050818739,9.05768949240813
2023-11-24,1.148288092363248,NN-t,0.05,3.700518365226616,6.19523407426167
2023-11-25,0.2026342935600158,NN-t,0.05,3.5687846669239174,5.974653196393412
2023-11-26,-0.844024984109134,NN-t,0.05,3.301109726756851,5.526446138927273
2023-11-27,-0.602017674392167,NN-t,0.05,3.913884341410419,6.552503739808414
2023-11-28,1.5367313611233842,NN-t,0.05,3.867208473029768,6.474347549286765
2023-11-29,0.0724175028494842,NN-t,0.05,3.767687586858203,6.307705264732449
2023-11-30,-0.385718899847248,NN-t,0.05,3.2290506913183155,5.405787222490806
2023-12-01,2.555073011462817,NN-t,0.05,3.316030364808245,5.5514299318529705
2023-12-02,2.0152443138720524,NN-t,0.05,4.012211728013228,6.717147574565878
2023-12-03,1.2637770520489715,NN-t,0.05,3.7066209285953655,6.205452483085449
2023-12-04,4.8856566886563275,NN-t,0.05,3.3174621224876337,5.553827331834017
2023-12-05,4.882523455973004,NN-t,0.05,4.9199965885306485,8.237183708284173
2023-12-06,-0.7610515703398493,NN-t,0.05,4.85710275879687,8.131871427873614
2023-12-07,-1.0427160036986542,NN-t,0.05,3.5999930081065177,6.0269098580036555
2023-12-08,1.998568323480024,NN-t,0.05,3.5481758137147144,5.940144798076845
2023-12-09,-1.0026349184727985,NN-t,0.05,3.6129107001603185,6.048539827327919
2023-12-10,0.1227688266422679,NN-t,0.05,3.492267500673302,5.85014580044911
2023-12-11,-5.966864669683699,NN-t,0.05,3.0942956147543943,5.184050927876362
2023-12-12,0.4991678164292342,NN-t,0.05,4.531797951331175,7.590032278780741
2023-12-13,3.416274957103686,NN-t,0.05,3.238281715183159,5.425043838709485
2023-12-14,0.3101461159203954,NN-t,0.05,4.370697062408878,7.320393945333441
2023-12-15,-2.5761678809584643,NN-t,0.05,3.1166585889069047,5.2214803618276315
2023-12-16,0.7374628549158558,NN-t,0.05,4.1282251375076005,6.914563001907214
2023-12-17,-2.094342240847231,NN-t,0.05,3.518599693524152,5.894218608760805
2023-12-18,2.9979669511789555,NN-t,0.05,4.533302395430059,7.592550302128109
2023-12-19,-0.8316570718615267,NN-t,0.05,4.520772308747531,7.571578402384856
2023-12-20,3.2164737244750543,NN-t,0.05,3.725059698345563,6.23977555755218
2023-12-21,0.4956565640048613,NN-t,0.05,4.501091059886316,7.5386374349041665
2023-12-22,0.2930565787194846,NN-t,0.05,3.2286919893328547,5.408993289803204
2023-12-23,-0.5889392398977759,NN-t,0.05,3.1312318647833437,5.245871995210153
2023-12-24,-1.6677702596480783,NN-t,0.05,3.3576494384883304,5.624832394779645
2023-12-25,1.378363164697311,NN-t,0.05,3.9293100903710263,6.581634225621151
2023-12-26,-2.5374479539831176,NN-t,0.05,3.2859770773970416,5.50487268426427
2023-12-27,2.146239120434015,NN-t,0.05,4.530782356826133,7.588332454455566
2023-12-28,-1.893848326303362,NN-t,0.05,3.789407526181281,6.347476025095505
2023-12-29,-1.247437935200907,NN-t,0.05,3.779444847249368,6.330801255875782
2023-12-30,0.1364883236683238,NN-t,0.05,3.380635571956849,5.658208588177023
2023-12-31,0.2565328952055138,NN-t,0.05,2.781973931161391,4.656365111270141
2024-01-01,4.402166483732666,NN-t,0.05,2.7629303787520705,4.624496260055519
2024-01-02,1.774260401360504,NN-t,0.05,4.685554656169995,7.84195410204219
2024-01-03,-4.806495357875531,NN-t,0.05,3.3908063053249213,5.675229025408683
2024-01-04,3.0607357718285955,NN-t,0.05,4.47559924605714,7.49059960773488
2024-01-05,-0.0390082845152692,NN-t,0.05,3.757642253174561,6.2891187026557365
2024-01-06,-0.3936304127509979,NN-t,0.05,2.784455730349966,4.660518332653698
2024-01-07,-0.1048480800776119,NN-t,0.05,3.054041917402832,5.111663260870988
2024-01-08,6.662426635587364,NN-t,0.05,2.8925193380629786,4.8413597514131395
2024-01-09,-1.784541710643821,NN-t,0.05,5.800025581446162,9.706989959704202
2024-01-10,1.052203275194838,NN-t,0.05,4.078376498927754,6.825858473557929
2024-01-11,-0.5574241147522552,NN-t,0.05,3.1855384222527254,5.331718976224447
2024-01-12,-7.884262883299366,NN-t,0.05,3.2474441028144905,5.435316397585665
2024-01-13,-0.0251708664186648,NN-t,0.05,5.048373039570164,8.449120497785175
2024-01-14,-2.4720775355358247,NN-t,0.05,3.710788462002385,6.21071019632179
2024-01-15,1.6978564046419868,NN-t,0.05,4.394873965691973,7.355508113568222
2024-01-16,1.5011364505806484,NN-t,0.05,3.529690403330269,5.907647670852334
2024-01-17,-0.9599712825861542,NN-t,0.05,3.3529412578856324,5.611862929780081
2024-01-18,-3.525390600438047,NN-t,0.05,5.07046537978248,8.486091409938336
2024-01-19,0.8599127738074015,NN-t,0.05,5.119945109018736,8.619886585171496
2024-01-20,0.1132983453546331,NN-t,0.05,4.441901789540044,7.478858137310311
2024-01-21,-0.2879434924556738,NN-t,0.05,4.286892701826551,7.218004923839984
2024-01-22,-5.030891028125471,NN-t,0.05,4.264042088253395,7.179551333355382
2024-01-23,0.8523584257922188,NN-t,0.05,4.2916807892476845,7.226062438458017
2024-01-24,0.5793705727985713,NN-t,0.05,4.069190592091212,6.851650307208111
2024-01-25,-0.3581157289492955,NN-t,0.05,3.8721694644737217,6.520098170371062
2024-01-26,4.607657449481696,NN-t,0.05,3.8068802086201137,6.41022775925053
2024-01-27,0.7224112855396915,NN-t,0.05,4.1448259727842105,6.97893143889432
2024-01-28,-0.2007256017307645,NN-t,0.05,3.988266030503342,6.715468408132035
2024-01-29,2.936441573691462,NN-t,0.05,3.883654551930807,6.5394255660377345
2024-01-30,-0.7783744989935841,NN-t,0.05,3.851336370283271,6.485039712533071
2024-01-31,-0.8651552809046922,NN-t,0.05,3.685421535537357,6.205834032116033
2024-02-01,1.151489029423974,NN-t,0.05,4.253498781097668,7.161808789400414
2024-02-02,0.2552374530244358,NN-t,0.05,3.692665325266389,6.218024064690211
2024-02-03,-0.4493245492150753,NN-t,0.05,3.449157058127474,5.808242193660932
2024-02-04,-0.9551086228745844,NN-t,0.05,3.362408732475999,5.66225991711736
2024-02-05,0.1761707531647928,NN-t,0.05,3.4891712968804005,5.87557916671997
2024-02-06,0.9936804708699248,NN-t,0.05,2.977833732327594,5.015087379759533
2024-02-07,2.822864621028068,NN-t,0.05,3.146825863159571,5.299471611864668
2024-02-08,2.1945671282114807,NN-t,0.05,4.587206045583934,7.7260306602287505
2024-02-09,3.99329954084116,NN-t,0.05,3.952958325593261,6.659494948076712
2024-02-10,1.314996069506419,NN-t,0.05,5.195797656564442,8.74942367650384
2024-02-11,1.0881064258583886,NN-t,0.05,3.260641683461477,5.495311933021351
2024-02-12,3.388147853165121,NN-t,0.05,3.078498351546617,5.189024086656815
2024-02-13,-0.4328588760117502,NN-t,0.05,4.357856037167519,7.340361201989193
2024-02-14,4.104684951040893,NN-t,0.05,3.052877027293995,5.14593988399157
2024-02-15,0.2156009229108384,NN-t,0.05,4.868904293718343,8.19972765939247
2024-02-16,0.4258432609761564,NN-t,0.05,2.8022547294465423,4.724499455447587
2024-02-17,-0.957802949778828,NN-t,0.05,2.769415724691635,4.6692781748363545
2024-02-18,0.8855834280713762,NN-t,0.05,3.3091802087879154,5.576933149849067
2024-02-19,-0.6610163694046542,NN-t,0.05,2.927735884955563,4.935505548704716
2024-02-20,0.9719679337319472,NN-t,0.05,2.7785876191402674,4.684701411955282
2024-02-21,-0.8560904315229949,NN-t,0.05,2.8150025596459383,4.74593590012303
2024-02-22,-1.0358547640014264,NN-t,0.05,2.83552431309213,4.780444787165878
2024-02-23,-1.1231806115512577,NN-t,0.05,2.890869996106596,4.87351275664828
2024-02-24,1.640559413021775,NN-t,0.05,2.900348372473049,4.889451366389263
2024-02-25,0.3139013368236927,NN-t,0.05,3.129764189890223,5.275231487461777
2024-02-26,5.2511187656945415,NN-t,0.05,2.543091990181549,4.288697626015188
2024-02-27,4.593621644047315,NN-t,0.05,5.657474120488741,9.525767714827822
2024-02-28,9.069529297704287,NN-t,0.05,3.6223364557846183,6.107576481015622
2024-02-29,-2.1122414270019747,NN-t,0.05,4.292729331381362,7.233387788143186
2024-03-01,2.00954657884248,NN-t,0.05,3.8724006284392,6.527516911962819
2024-03-02,-0.6600547312091193,NN-t,0.05,1.89232561774916,3.202316246589864
2024-03-03,1.817220465901261,NN-t,0.05,2.5611506476010577,4.325494622295227
2024-03-04,7.85670808490068,NN-t,0.05,1.8678051007545051,3.161138190715354
2024-03-05,-6.858298181492034,NN-t,0.05,3.9572345255025407,6.669981075915323
2024-03-06,3.5499700200866338,NN-t,0.05,6.302392876466237,10.608277386372697
2024-03-07,1.2308140052515395,NN-t,0.05,6.455277937175137,10.865021955568412
2024-03-08,2.0331312236987973,NN-t,0.05,5.47409607497577,9.2172931758894
2024-03-09,0.2906296632019191,NN-t,0.05,5.63643971790658,9.489921832166653
2024-03-10,0.7575825657206857,NN-t,0.05,4.729149181937989,7.96628102179252
2024-03-11,4.399229858274628,NN-t,0.05,5.740029974721957,9.663884126033798
2024-03-12,-0.8949836049347838,NN-t,0.05,4.215475239848089,7.103652623979027
2024-03-13,2.216689906407544,NN-t,0.05,5.820023399305419,9.79821953616439
2024-03-14,-2.33524614583823,NN-t,0.05,4.783274093946492,8.057174645747304
2024-03-15,-2.830892329200056,NN-t,0.05,5.355427865732801,9.018010014290471
2024-03-16,-6.071772520629676,NN-t,0.05,5.0264054486980845,8.465472583061954
2024-03-17,4.60122407046103,NN-t,0.05,5.351399582575071,9.011245194895206
2024-03-18,-1.2388507554368626,NN-t,0.05,5.109043356689319,8.604248955246822
2024-03-19,-8.712073185700822,NN-t,0.05,4.914535125463551,8.289491440932956
2024-03-20,9.251085296877404,NN-t,0.05,5.267466747987049,8.882316657824244
2024-03-21,-3.631867422621332,NN-t,0.05,6.511090643902484,10.971252754158808
2024-03-22,-2.649844665215931,NN-t,0.05,6.1097566886300285,10.297125320127613
2024-03-23,0.4434288665400013,NN-t,0.05,6.153129192338693,10.369978848339
2024-03-24,4.832709315067971,NN-t,0.05,6.266523094868573,10.56044850470126
2024-03-25,3.97250476948794,NN-t,0.05,8.63841352678126,14.544552988417218
2024-03-26,0.0414778606564033,NN-t,0.05,7.784001889662048,13.10938330748018
2024-03-27,-0.7637444542951766,NN-t,0.05,6.05329237598433,10.202281258970762
2024-03-28,1.8397189971880863,NN-t,0.05,6.110499499659885,10.298373032380583
2024-03-29,-1.2118158012204416,NN-t,0.05,6.810643162567434,11.474416187285456
2024-03-30,-0.3547757048682065,NN-t,0.05,6.3652686131925975,10.726313022306469
2024-03-31,2.3952858696302477,NN-t,0.05,7.532553763058256,12.687021635479883
2024-04-01,-2.3137002333257977,NN-t,0.05,6.517743292136914,10.982427319940925
2024-04-02,-6.299090436988572,NN-t,0.05,5.864141794881155,9.884561828034428
2024-04-03,0.812374307331999,NN-t,0.05,5.55410578259449,9.363789093322294
2024-04-04,3.759886271186141,NN-t,0.05,5.635775437894887,9.500970994934612
2024-04-05,-0.9845630418288568,NN-t,0.05,5.428012511443435,9.15198809265203
2024-04-06,1.5482496362565017,NN-t,0.05,4.704602474993782,7.936864016511619
2024-04-07,0.6747455363626303,NN-t,0.05,5.289999729066877,8.92016568733411
2024-04-08,3.218579409702191,NN-t,0.05,6.043029508267568,10.189470822235815
2024-04-09,-3.5413761203788403,NN-t,0.05,4.577327767497201,7.725682011199753
2024-04-10,2.073930124253475,NN-t,0.05,5.458435173730271,9.206790007740064
2024-04-11,-0.749778258451207,NN-t,0.05,5.490664814536327,9.260966806602251
2024-04-12,-4.174897018143468,NN-t,0.05,5.989085999869885,10.098793838835096
2024-04-13,-5.152204971523435,NN-t,0.05,6.02891085354569,10.16573790129901
2024-04-14,2.959850149495867,NN-t,0.05,5.744371640269712,9.687438319283167
2024-04-15,-3.5810999496508606,NN-t,0.05,4.890962835871191,8.252890617639848
2024-04-16,0.606192017722891,NN-t,0.05,5.442610716101472,9.180189697075184
2024-04-17,-4.053958534994488,NN-t,0.05,5.0145830623825045,8.460691510839467
2024-04-18,3.584120208614769,NN-t,0.05,5.469469586284414,9.22533843504354
2024-04-19,0.5195142876912205,NN-t,0.05,4.807684534541843,8.112902964415465
2024-04-20,1.7865871886504232,NN-t,0.05,5.556247292106637,9.371208453960072
2024-04-21,-0.1043662476566599,NN-t,0.05,5.393524983187983,9.09767844927507
2024-04-22,2.9008901759275916,NN-t,0.05,5.393179432672647,9.097097592017656
2024-04-23,-0.6460398489914604,NN-t,0.05,5.071974550332486,8.557164416565536
2024-04-24,-3.2606301316271993,NN-t,0.05,5.818328857552896,9.811757585180947
2024-04-25,0.3181282769191777,NN-t,0.05,6.9409591414033,11.698856341594452
2024-04-26,-1.1328935219016096,NN-t,0.05,4.79806932492092,8.096740163198252
2024-04-27,-0.5286917956356649,NN-t,0.05,5.430449971922023,9.15974794920126
2024-04-28,-0.4835296290154386,NN-t,0.05,4.4277545252485995,7.463309097011142
2024-04-29,1.1467091787556438,NN-t,0.05,4.134572969608201,6.970571040838149
2024-04-30,-5.14946297165421,NN-t,0.05,3.575922102055008,6.031669744826383
2024-05-01,-4.0089923480657195,NN-t,0.05,5.948206345091451,10.01866928185499
2024-05-02,1.48143925496978,NN-t,0.05,5.50984030974579,9.281925704392648
2024-05-03,6.175720649824811,NN-t,0.05,4.177351595325955,7.042467299236383
2024-05-04,1.5801344389047562,NN-t,0.05,4.524328170660416,7.625616409331035
2024-05-05,0.2183511056964741,NN-t,0.05,3.7976696102793537,6.404351566249302
2024-05-06,-1.3667364763724112,NN-t,0.05,4.562207414967374,7.689278481006531
2024-05-07,-1.318192999564668,NN-t,0.05,5.027512206552866,8.471296906527916
2024-05-08,-1.8569986258493816,NN-t,0.05,4.879584135989714,8.22268034610516
2024-05-09,2.997730860417905,NN-t,0.05,4.997443429372042,8.420761562354523
2024-05-10,-3.6456454635488926,NN-t,0.05,4.987943271614669,8.404795042030692
2024-05-11,0.0015356866757304,NN-t,0.05,5.610920005948098,9.45180614900824
2024-05-12,1.071136415279376,NN-t,0.05,4.333009208533552,7.304074580748024
2024-05-13,2.337149423787631,NN-t,0.05,3.944642583762104,6.651362934702101
2024-05-14,-2.1674038111579397,NN-t,0.05,4.145526004106599,6.9889793507202205
2024-05-15,7.380429766149847,NN-t,0.05,4.722408090937709,7.958521099297437
2024-05-16,-1.5755724397151207,NN-t,0.05,5.62443188510394,9.47451500276253
2024-05-17,2.752283490504771,NN-t,0.05,4.641638557674697,7.822775101459733
2024-05-18,-0.1657856805292211,NN-t,0.05,3.5536911299307032,6.000518437961084
2024-05-19,-0.99451595532183,NN-t,0.05,4.053164441520287,6.8400939643076235
2024-05-20,7.510908882529837,NN-t,0.05,4.172344286262154,7.040425951137124
2024-05-21,-1.852885718229531,NN-t,0.05,5.245381203568072,8.844116986738738
2024-05-22,-1.4565869510184994,NN-t,0.05,5.015559648058526,8.457804947725817
2024-05-23,-1.7406596587757723,NN-t,0.05,4.7944167099968125,8.08608098507785
2024-05-24,0.8743394668047938,NN-t,0.05,4.599421885625843,7.75830995405902
2024-05-25,1.0738658385428568,NN-t,0.05,3.602484050688142,6.08253551710499
2024-05-26,-1.0855523058038128,NN-t,0.05,4.618854387549613,7.790974468162799
2024-05-27,1.271054899375939,NN-t,0.05,5.047075923770135,8.510781339366938
2024-05-28,-1.5953999045957543,NN-t,0.05,4.543052891825347,7.663558089361665
2024-05-29,-1.0570529093847765,NN-t,0.05,5.143023941216143,8.672062443642098
2024-05-30,1.1577009906272178,NN-t,0.05,4.542773179194784,7.663087914332125
2024-05-31,-1.2860492770805694,NN-t,0.05,4.187828826281449,7.06645425041814
2024-06-01,0.318825810485505,NN-t,0.05,4.407875491522031,7.436335464295625
2024-06-02,0.0659449960522584,NN-t,0.05,3.5673434267881365,6.023466879957795
2024-06-03,1.5425138658129582,NN-t,0.05,3.3129529423496353,5.595856395244843
2024-06-04,2.5300225248925363,NN-t,0.05,4.555086492944028,7.6837856305708385
2024-06-05,0.727221781660282,NN-t,0.05,5.588423658619269,9.420744492304992
2024-06-06,-0.4591890272017647,NN-t,0.05,3.773432369047778,6.369886254440843
2024-06-07,-2.0194557079892093,NN-t,0.05,3.1131086635895233,5.258658915464644
2024-06-08,-0.0531019638905004,NN-t,0.05,3.9633211446061543,6.689222254270054
2024-06-09,0.4925659126589219,NN-t,0.05,2.8372165733858004,4.794444241457618
2024-06-10,-0.1950427046023121,NN-t,0.05,2.9586504544895655,4.998768292532684
2024-06-11,-3.1867374917879587,NN-t,0.05,2.7159076030013565,4.59033036454451
2024-06-12,1.3412234174301008,NN-t,0.05,4.516410469847811,7.619847632562823
2024-06-13,-2.199815542116183,NN-t,0.05,3.290669407634423,5.557421750065606
2024-06-14,-1.1227334405387726,NN-t,0.05,3.8284507520405633,6.462289995096533
2024-06-15,0.2721687016485993,NN-t,0.05,3.1311415138510355,5.28900090062045
2024-06-16,0.6746193121199441,NN-t,0.05,2.635460716926206,4.45497082971087
2024-06-17,-0.2234669798733621,NN-t,0.05,2.7100311641232127,4.580442697391293
2024-06-18,-2.0505771883152004,NN-t,0.05,2.4172960060859987,4.087887960289928
2024-06-19,-0.2773987515326678,NN-t,0.05,3.279814384371903,5.5391571413143055
2024-06-20,-0.2028534277712279,NN-t,0.05,2.4017026715646144,4.061650692319752
2024-06-21,-1.1362664075990998,NN-t,0.05,2.3492307776662757,3.9733617417283735
2024-06-22,0.2436781820078235,NN-t,0.05,2.6781983403819996,4.5268809447334375
2024-06-23,-1.6821441362000096,NN-t,0.05,2.3594363591061596,3.990533602863173
2024-06-24,-4.704293399341265,NN-t,0.05,2.866654492358072,4.843976339130544
2024-06-25,2.502097858985756,NN-t,0.05,4.66257729949608,7.865787221210357
2024-06-26,-1.6203198264060434,NN-t,0.05,3.721118007604436,6.281692447222274
2024-06-27,1.296454786345771,NN-t,0.05,3.0221004232585655,5.105812776145676
2024-06-28,-2.1073812008611803,NN-t,0.05,2.621179011672674,4.4293430149888335
2024-06-29,0.9359920064692572,NN-t,0.05,3.1928202700594572,5.393866271550948
2024-06-30,2.8989272731724975,NN-t,0.05,2.746050237081102,4.640036696060305
2024-07-01,0.2767262526904299,NN-t,0.05,4.353398650559146,7.352095882573417
2024-07-02,-1.318017605629068,NN-t,0.05,2.552973021719341,4.314259887972275
2024-07-03,-3.0363202506616576,NN-t,0.05,2.9355696919033942,4.9598105385973845
2024-07-04,-5.457904895434864,NN-t,0.05,3.897826447544054,6.58341451396237
2024-07-05,-0.5549607840752044,NN-t,0.05,4.698354351336212,7.934135388997635
2024-07-06,2.8552385625087484,NN-t,0.05,2.9341478963751406,4.957411560509367
2024-07-07,-4.30092171893191,NN-t,0.05,2.819558281101663,4.764065913619423
2024-07-08,1.5210533790654033,NN-t,0.05,4.473884526358844,7.555390217247616
2024-07-09,2.273796411214889,NN-t,0.05,2.324969273011163,3.929551970225051
2024-07-10,-0.4608673369846872,NN-t,0.05,2.9304863756097435,4.951233521606826
2024-07-11,-0.6909245978268808,NN-t,0.05,2.967224039025846,5.013220528731856
2024-07-12,0.9623984558104184,NN-t,0.05,3.0486755047868774,5.150652583984997
2024-07-13,2.275300324258214,NN-t,0.05,3.245772260432327,5.483211512900426
2024-07-14,2.5927850263005583,NN-t,0.05,3.9017076408598386,6.589963203654315
2024-07-15,6.499862039498034,NN-t,0.05,4.03658253609833,6.817535953653201
2024-07-16,0.3493129782673193,NN-t,0.05,4.307877512642509,7.275288627076018
2024-07-17,-1.514324245482322,NN-t,0.05,2.9736853429704633,4.995642566759744
2024-07-18,-0.2259714160352502,NN-t,0.05,3.6715143146994182,6.167016291013056
2024-07-19,4.187942010963554,NN-t,0.05,3.1384677814233495,5.272245898581672
2024-07-20,0.6774946348331885,NN-t,0.05,4.227959088658669,7.101062903607852
2024-07-21,1.4645375370143716,NN-t,0.05,3.3033221941544566,5.548970046222012
2024-07-22,-0.8387766690112852,NN-t,0.05,3.23949861006919,5.441835959771111
2024-07-23,-2.483150354628474,NN-t,0.05,3.7071076382177854,6.226763142487226
2024-07-24,-0.8462196557576013,NN-t,0.05,4.286833419647221,7.199889187908023
2024-07-25,0.6177613679945954,NN-t,0.05,4.004676334025455,6.726261107677495
2024-07-26,3.193999219319689,NN-t,0.05,3.317747536720021,5.573184385163529
2024-07-27,-0.1454798896138238,NN-t,0.05,4.180154024502735,7.020817459083294
2024-07-28,0.6504525639670647,NN-t,0.05,3.1092660252495437,5.223227913846389
2024-07-29,-2.1262245664086654,NN-t,0.05,3.059767208319227,5.140139340739226
2024-07-30,-0.9305346230673276,NN-t,0.05,3.6434056875197305,6.119833229493639
2024-07-31,-2.418345057748668,NN-t,0.05,3.1192214194096035,5.239939010126594
2024-08-01,1.1359846111043197,NN-t,0.05,3.858784472071266,6.4813674437585
2024-08-02,-6.221701386487153,NN-t,0.05,3.06105363068062,5.142298725650824
2024-08-03,-1.203948679208518,NN-t,0.05,4.881927438116733,8.19881231224952
2024-08-04,-4.315788272420938,NN-t,0.05,3.353233684566452,5.632751331860065
2024-08-05,-7.363198582120066,NN-t,0.05,4.662547952309842,7.830562532252987
2024-08-06,3.713846509911699,NN-t,0.05,6.000508686512517,10.069398208912329
2024-08-07,-1.8131945621423673,NN-t,0.05,2.7561630581900913,4.6220360625487915
2024-08-08,11.461585743295792,NN-t,0.05,4.855268778754735,8.146503043994155
2024-08-09,-1.3541633552667405,NN-t,0.05,7.048998730884217,11.829847197050103
2024-08-10,0.1078575429619125,NN-t,0.05,8.022685761968631,13.464699485669216
2024-08-11,-3.721354652343721,NN-t,0.05,6.992319195058342,11.734680407409698
2024-08-12,1.075659964060797,NN-t,0.05,8.026917547459638,13.471804791557098
2024-08-13,2.092453927711503,NN-t,0.05,6.837153727054751,11.47415252485404
2024-08-14,-3.13783013916643,NN-t,0.05,4.89156003076399,8.207437240003836
2024-08-15,-2.024486209713598,NN-t,0.05,6.723185806087368,11.28279666771052
2024-08-16,2.291143010134266,NN-t,0.05,6.0393632004238595,10.134636205273846
2024-08-17,0.9881840637262366,NN-t,0.05,4.5267238861308785,7.594865451551304
2024-08-18,-1.687023792647201,NN-t,0.05,5.023871972133741,8.429593305817988
2024-08-19,1.7113663556006082,NN-t,0.05,5.480164321242506,9.195723045051604
2024-08-20,-0.8112024604757305,NN-t,0.05,4.494070021828742,7.540038548160026
2024-08-21,3.5987487774751865,NN-t,0.05,5.03513348532681,8.448501753840038
2024-08-22,-1.3052114105543453,NN-t,0.05,3.553132046657733,5.960172992752832
2024-08-23,5.966667778992524,NN-t,0.05,5.0764343922313575,8.5178473238429
2024-08-24,0.1319630813085004,NN-t,0.05,4.438275799404029,7.446358228600693
2024-08-25,0.2405226160543708,NN-t,0.05,4.8261351190871,8.097586679019633
2024-08-26,-2.284251207913442,NN-t,0.05,4.652792314918267,7.8177476841524705
2024-08-27,-5.519287756090793,NN-t,0.05,5.568973895404711,9.359163192030898
2024-08-28,-0.804021450926693,NN-t,0.05,6.256024210517261,10.515080351863949
2024-08-29,0.6089656742738994,NN-t,0.05,4.539297986035097,7.626800908619296
2024-08-30,-0.4534788620027655,NN-t,0.05,3.776385647423579,6.343250862499383
2024-08-31,-0.2533305049583044,NN-t,0.05,4.947994359819804,8.314405791737492
2024-09-01,-2.8281771257721453,NN-t,0.05,4.6864666044078245,7.874402470868911
2024-09-02,3.0696731082648925,NN-t,0.05,6.6106155935117545,11.111657131346426
2024-09-03,-2.8857442236703132,NN-t,0.05,4.63612362302938,7.789703701692207
2024-09-04,0.9367548966836616,NN-t,0.05,6.013274878114977,10.106670497898811
2024-09-05,-3.1738730145491645,NN-t,0.05,3.9220529062349727,6.588326485612005
2024-09-06,-4.017885990554018,NN-t,0.05,5.719735444114523,9.612809624269458
2024-09-07,0.3532917856170691,NN-t,0.05,5.655881166012258,9.505378983217984
2024-09-08,1.2880905395702242,NN-t,0.05,4.090937539985371,6.87246382153947
2024-09-09,3.894551366544674,NN-t,0.05,3.8166371129184338,6.41097131710147
2024-09-10,1.097395515939397,NN-t,0.05,4.991296763284552,8.387259249666142
2024-09-11,-0.5314110423381013,NN-t,0.05,3.7366094819942326,6.27633006912982
2024-09-12,1.357669762940072,NN-t,0.05,4.423719287892321,7.432347318313449
2024-09-13,4.11907229072504,NN-t,0.05,3.777620237778187,6.345327979916935
2024-09-14,-0.9391286288541528,NN-t,0.05,5.182690518516659,8.709266708350498
2024-09-15,-1.3798343779418605,NN-t,0.05,4.45602845277382,7.470832528820799
2024-09-16,-1.6874951656180976,NN-t,0.05,4.5223905534527775,7.5822332746341745
2024-09-17,3.5717088660707748,NN-t,0.05,4.559073071130991,7.643811491505796
2024-09-18,2.199433056839477,NN-t,0.05,4.964893182831245,8.325053686176263
2024-09-19,2.072111905391629,NN-t,0.05,4.5181736447105845,7.575154433336189
2024-09-20,0.4004011647405417,NN-t,0.05,4.395701327394932,7.369562576676021
2024-09-21,0.3189303016478239,NN-t,0.05,3.455892282888268,5.791923722434698
2024-09-22,0.3996604788029707,NN-t,0.05,3.369115981794447,5.646254062163639
2024-09-23,-0.5023067643079772,NN-t,0.05,3.220422964889632,5.396646035730419
2024-09-24,1.5234244172186633,NN-t,0.05,3.1441659937569595,5.268634966600078
2024-09-25,-1.818596455888868,NN-t,0.05,3.7654654909499112,6.311598143664125
2024-09-26,3.176403065562404,NN-t,0.05,3.4706700055649264,5.816730793198886
2024-09-27,0.9309629648678251,NN-t,0.05,5.967655099664257,10.00837028202761
2024-09-28,0.1473050355760251,NN-t,0.05,3.438205653719007,5.762233527877536
2024-09-29,-0.3837262677613024,NN-t,0.05,2.8093560733823337,4.706596175575539
2024-09-30,-3.5762477049568058,NN-t,0.05,2.7614251134846706,4.626135421236523
2024-10-01,-4.015297041725014,NN-t,0.05,4.183844247026882,7.013922286248498
2024-10-02,-0.3362528965938227,NN-t,0.05,4.429739241774178,7.426701350298087
2024-10-03,0.2086085373775952,NN-t,0.05,3.3274035323515294,5.576232198327173
2024-10-04,2.1300283559387174,NN-t,0.05,3.1521912569586767,5.282106817202652
2024-10-05,0.0362002616500902,NN-t,0.05,4.083099517265276,6.845286699953241
2024-10-06,1.1672701783517452,NN-t,0.05,2.6818384602498333,4.495268642677455
2024-10-07,-0.9312611593072028,NN-t,0.05,3.304277286280663,5.539144423995104
2024-10-08,-0.1683566537619295,NN-t,0.05,3.0424977705509577,5.100120884512741
2024-10-09,-2.5261155468464205,NN-t,0.05,2.580461457939625,4.325251938917126
2024-10-10,-0.509036697595273,NN-t,0.05,4.219223858188813,7.073577251241679
2024-10-11,3.537847936044716,NN-t,0.05,2.7932592204390567,4.682129468566505
2024-10-12,1.1906298332257008,NN-t,0.05,6.137285259505754,10.290307571043064
2024-10-13,-0.5421094129359056,NN-t,0.05,3.348457419109932,5.613237762564551
2024-10-14,4.958054928829012,NN-t,0.05,2.947575862171955,4.940929848977329
2024-10-15,1.4952642422039788,NN-t,0.05,5.931336679812421,9.94491662570382
2024-10-16,0.8490108547449184,NN-t,0.05,3.099991937909163,5.196542840152895
2024-10-17,-0.3153528787227215,NN-t,0.05,3.022545604805871,5.066659632201498
2024-10-18,1.500489704966544,NN-t,0.05,2.984536173496893,5.002915014825823
2024-10-19,-0.0819623721527923,NN-t,0.05,3.2469162655630965,5.442945765083422
2024-10-20,0.9303330181939204,NN-t,0.05,3.01459331939429,5.053323063529826
2024-10-21,-2.3963262921302486,NN-t,0.05,3.522053253732868,5.904370770214577
2024-10-22,-0.0095677993177765,NN-t,0.05,4.198526008302654,7.038865431673344
2024-10-23,-1.3890438213698968,NN-t,0.05,2.849379742549631,4.776247719896844
2024-10-24,2.569154796745315,NN-t,0.05,3.4892796645524617,5.849407045939148
2024-10-25,-2.253213347279499,NN-t,0.05,4.942538134342796,8.284756290596729
2024-10-26,0.557070573324996,NN-t,0.05,4.075794765860251,6.8318975468963075
2024-10-27,1.355548405756674,NN-t,0.05,3.2432980500224264,5.436443971261337
2024-10-28,2.8709215102556978,NN-t,0.05,3.668452396291928,6.14909921831711
2024-10-29,3.9446590577762137,NN-t,0.05,4.559898970678148,7.6433661458002575
2024-10-30,-0.5252363418187159,NN-t,0.05,5.094780587508618,8.539949220000514
2024-10-31,-2.980622089692495,NN-t,0.05,3.143596533489774,5.269321584956546
2024-11-01,-1.0490161236778448,NN-t,0.05,4.006840890189366,6.716315190199576
2024-11-02,-0.278436278553029,NN-t,0.05,3.127945961294119,5.243087671337822
2024-11-03,-0.7942586110248759,NN-t,0.05,2.9471670461361215,4.940061150322955
2024-11-04,-1.3615611362265725,NN-t,0.05,3.30569809107257,5.541040612601306
2024-11-05,2.257211249093191,NN-t,0.05,3.489641458680353,5.849371474644759
2024-11-06,8.666903126846401,NN-t,0.05,4.692059988163372,7.864898028029615
2024-11-07,0.3507649687478874,NN-t,0.05,6.204334959938343,10.399814354495652
2024-11-08,0.8404323339316332,NN-t,0.05,3.001562235344646,5.031239841883299
2024-11-09,0.3044406381335742,NN-t,0.05,2.5915747363592376,4.344007675628989
2024-11-10,4.700704537184314,NN-t,0.05,2.7676454062122797,4.639142108157772
2024-11-11,9.734014312496264,NN-t,0.05,3.455397011228977,5.791970002984207
2024-11-12,-0.8442066269106776,NN-t,0.05,8.352044584735149,13.999863481815195
2024-11-13,2.944485048776148,NN-t,0.05,5.85033275207687,9.806426251762042
2024-11-14,-3.7496922318811383,NN-t,0.05,5.13025736940989,8.583482676950418
2024-11-15,4.280211829142622,NN-t,0.05,6.824570410681996,11.41611119044882
2024-11-16,-0.5588812244118381,NN-t,0.05,6.10883952553845,10.219520204094334
2024-11-17,-0.7900350440318173,NN-t,0.05,4.307644122684925,7.208200966018696
2024-11-18,0.7725465406075372,NN-t,0.05,4.232207054714401,7.08208189327191
2024-11-19,1.9697543183651731,NN-t,0.05,3.546896434243679,5.936348869408059
2024-11-20,2.138144499843257,NN-t,0.05,3.3379996494357993,5.587105857868311
2024-11-21,4.320463738221239,NN-t,0.05,3.3093472433141855,5.539203480572388
2024-11-22,0.4991722095061174,NN-t,0.05,4.413610285561205,7.385359948519357
2024-11-23,-1.2404002529793905,NN-t,0.05,3.3082314170596896,5.537337992207722
2024-11-24,0.2416240326478894,NN-t,0.05,3.6763696110660353,6.152807931851956
2024-11-25,-5.140963729329047,NN-t,0.05,3.1421381323239768,5.259655791349639
2024-11-26,-1.2069852534281011,NN-t,0.05,5.781406053216881,9.672102243316854
2024-11-27,4.232881330495688,NN-t,0.05,4.292090257650608,7.182197317036431
2024-11-28,-0.3236310003132818,NN-t,0.05,4.003251655782958,6.699303991234592
2024-11-29,1.8736162907207532,NN-t,0.05,4.151486025841526,6.947128857761684
2024-11-30,-1.0442730465097627,NN-t,0.05,3.4635675925508975,5.797035975494107
2024-12-01,0.8576311620290236,NN-t,0.05,4.030678772683233,6.745157875069683
2024-12-02,-1.4647119798360833,NN-t,0.05,3.4214534560762773,5.726627673785111
2024-12-03,0.1426603468560264,NN-t,0.05,4.066020758093567,6.8042441909737335
2024-12-04,2.8408310872006197,NN-t,0.05,3.707000358002791,6.196389447059187
2024-12-05,-2.2266865312221884,NN-t,0.05,4.5726338129678386,7.640877558348703
2024-12-06,3.3864801767809163,NN-t,0.05,4.217955050443469,7.049022827163416
2024-12-07,0.0026270484822606,NN-t,0.05,4.27868539187843,7.150363938339504
2024-12-08,1.3051327819741103,NN-t,0.05,3.6804937817062666,6.152157752787546
2024-12-09,-3.829250346621322,NN-t,0.05,3.388052624062544,5.664159312980067
2024-12-10,-0.7802793553987951,NN-t,0.05,4.6552397827569365,7.778722671193505
2024-12-11,4.547294957076327,NN-t,0.05,3.8172758768312423,6.380406914268114
2024-12-12,-1.1232138149604487,NN-t,0.05,4.47023001714931,7.469995685932212
2024-12-13,1.4057223472297038,NN-t,0.05,4.014424031615253,6.709389307583386
2024-12-14,-0.0850841793417153,NN-t,0.05,3.2803232698421314,5.484390647021372
2024-12-15,2.8452377696528823,NN-t,0.05,3.61289603069414,6.0393569511008
2024-12-16,1.6460567443030163,NN-t,0.05,3.94980082534836,6.601552147835781
2024-12-17,0.1045224633036193,NN-t,0.05,3.750766528686211,6.26942233744282
2024-12-18,-5.917915465377018,NN-t,0.05,3.09710349857074,5.178650636816481
2024-12-19,-2.5825905125142588,NN-t,0.05,5.154883652982567,8.612481609552404
2024-12-20,0.2714273553183173,NN-t,0.05,4.6759702082109715,7.813315665420532
2024-12-21,-0.544879117211963,NN-t,0.05,3.8752271417909783,6.477110562663851
2024-12-22,-2.20441803820154,NN-t,0.05,4.054561981195942,6.776367762087762
2024-12-23,-0.4412175449120982,NN-t,0.05,4.405088946894342,7.361294363218459
2024-12-24,4.127399406827944,NN-t,0.05,3.920291370847445,6.544377071744044
2024-12-25,0.6294761562737073,NN-t,0.05,4.589275570520433,7.660030197628331
2024-12-26,-3.5921593296803764,NN-t,0.05,3.748510628091717,6.257901363175988
2024-12-27,-1.716880486495554,NN-t,0.05,4.645716761859431,7.754156174858834
2024-12-28,1.0553910906912645,NN-t,0.05,4.278711485314186,7.142107961771176
2024-12-29,-1.7316317368601404,NN-t,0.05,3.4845533419689394,5.817704462402012
2024-12-30,-0.952898919172895,NN-t,0.05,4.130882420460555,6.895576043108339
