date,asof_utc,published_utc,headline
2023-08-19,2023-08-19 00:00:00+00:00,2023-08-19 00:00:00+00:00,Power Price Surge in Texas Sparks Concerns for Bitcoin Miners: What You Need to Know3
2023-08-19,2023-08-19 00:00:00+00:00,2023-08-19 00:00:00+00:00,"One Catalyst Could Trigger Bitcoin To Explode by More Than 450%, Predicts Fundstrat’s Tom Lee"
2023-08-19,2023-08-19 00:00:00+00:00,2023-08-19 00:00:00+00:00,Bitcoin’s Recent Movement Sparks Concerns of Further Price Declines
2023-08-19,2023-08-19 00:00:00+00:00,2023-08-19 00:00:00+00:00,Why Bitcoin’s Price Took a Tumble This Week: A Clear Explanation
2023-08-19,2023-08-19 00:00:00+00:00,2023-08-19 00:00:00+00:00,Bitcoin Price Analysis: Dominant Technicals - 20 August 2023
2023-08-20,2023-08-20 00:00:00+00:00,2023-08-20 00:00:00+00:00,"Evergrande Group’s Chapter 15 Filing Sends Ripples Through Crypto Markets, Impacting Bitcoin’s Sentiment"
2023-08-20,2023-08-20 00:00:00+00:00,2023-08-20 00:00:00+00:00,"Top Trader Issues Bitcoin Warning, Says BTC Is Just Too Weak After Fully Retracing BlackRock ETF News"
2023-08-20,2023-08-20 00:00:00+00:00,2023-08-20 00:00:00+00:00,Analyst Who Called 2021 Crypto Meltdown Forecasts New Bitcoin All-Time Highs – Here’s His Timeline
2023-08-20,2023-08-20 00:00:00+00:00,2023-08-20 00:00:00+00:00,"Latest Bitcoin (BTC) Crash the Final Fakeout Before Mega Expansion, According to Crypto Analyst"
2023-08-20,2023-08-20 00:00:00+00:00,2023-08-20 00:00:00+00:00,Deflation Concerns in China Could Impact Bitcoin and Global Markets
2023-08-21,2023-08-21 00:00:00+00:00,2023-08-21 00:00:00+00:00,Bitcoin Bulls Mull the Meaning of New Fed Messaging on Inflation and Interest Rates
2023-08-21,2023-08-21 00:00:00+00:00,2023-08-21 00:00:00+00:00,"Mysterious Bitcoin Whale Accumulates Over $3,087,545,354 Worth of BTC in Less Than Three Months"
2023-08-21,2023-08-21 00:00:00+00:00,2023-08-21 00:00:00+00:00,Unraveling Europe’s Crypto Investment Landscape: The Truth Behind Bitcoin ETPs
2023-08-21,2023-08-21 00:00:00+00:00,2023-08-21 00:00:00+00:00,"Investor Who Called 2022 Bottom Says Bitcoin, Ethereum and Solana Not Making New Lows – Here’s Why"
2023-08-21,2023-08-21 00:00:00+00:00,2023-08-21 00:00:00+00:00,Rollercoaster Ride for Bitcoin: Cryptocurrency’s Value Swings Before Modest Friday Recovery
2023-08-22,2023-08-22 00:00:00+00:00,2023-08-22 00:00:00+00:00,BNB Token Stumbles to 1-Year Low Amid Mounting Scrutiny Over Binance
2023-08-22,2023-08-22 00:00:00+00:00,2023-08-22 00:00:00+00:00,"Things Are About to Get Worse for Bitcoin and Ethereum, Says Crypto Analyst Nicholas Merten – Here’s His Outlook"
2023-08-22,2023-08-22 00:00:00+00:00,2023-08-22 00:00:00+00:00,"Macro Guru Raoul Pal Predicts Imminent Stock Market Bottom, Updates Outlook on Bitcoin and Ethereum"
2023-08-22,2023-08-22 00:00:00+00:00,2023-08-22 00:00:00+00:00,GMX Trader Makes Over $1 Million Shorting and Then Longing Ethereum During Crypto Market Crash: On-Chain Data
2023-08-22,2023-08-22 00:00:00+00:00,2023-08-22 00:00:00+00:00,Argentina’s Path Towards Embracing Bitcoin: A Potential Game-Changer in the Making
2023-08-23,2023-08-23 00:00:00+00:00,2023-08-23 00:00:00+00:00,Bitcoin Network’s Resilience Shines as Hash Rate Soars to New Heights
2023-08-23,2023-08-23 00:00:00+00:00,2023-08-23 00:00:00+00:00,Bitmain Unveils Innovative Protection Plan for Bitcoin Miners Amidst Market Volatility
2023-08-23,2023-08-23 00:00:00+00:00,2023-08-23 00:00:00+00:00,New Bitcoin ETF Application Blends Expert Strategies from Ark Invest and 21Shares
2023-08-23,2023-08-23 00:00:00+00:00,2023-08-23 00:00:00+00:00,"Bitcoin Climbs 3% to $26.6K; SOL, NEAR, ADA Lead Crypto Market Gains"
2023-08-23,2023-08-23 00:00:00+00:00,2023-08-23 00:00:00+00:00,The Thermodynamics of Crypto Investing
2023-08-24,2023-08-24 00:00:00+00:00,2023-08-24 00:00:00+00:00,Ether Whales Scooped Up $94M in ETH as Price Plunged to $1.6K
2023-08-24,2023-08-24 00:00:00+00:00,2023-08-24 00:00:00+00:00,"Analyst Opens the History Books on Ethereum, Compares Bitcoin to Commodities and Names Top Rising Altcoins"
2023-08-24,2023-08-24 00:00:00+00:00,2023-08-24 00:00:00+00:00,Analyst Forecasts ‘Grinding Bottom’ for Bitcoin As Extreme Fear Grips The Market – Here’s His Outlook
2023-08-24,2023-08-24 00:00:00+00:00,2023-08-24 00:00:00+00:00,Investor Concerns Trigger $55 Million Crypto Fund Withdrawal Amidst Regulatory Uncertainty
2023-08-24,2023-08-24 00:00:00+00:00,2023-08-24 00:00:00+00:00,"Bitcoin Defies Odds, Maintains Strong Foothold Above Key Support Level"
2023-08-25,2023-08-25 00:00:00+00:00,2023-08-25 00:00:00+00:00,Jackson Hole: Where Fed Policy Is Decided on the Fly
2023-08-25,2023-08-25 00:00:00+00:00,2023-08-25 00:00:00+00:00,Justin Sun: The Next Do Kwon or Sam Bankman-Fried?
2023-08-25,2023-08-25 00:00:00+00:00,2023-08-25 00:00:00+00:00,Cryptocurrency Market Sees Volatility as Bitcoin and Ether Witness Price Retreat
2023-08-25,2023-08-25 00:00:00+00:00,2023-08-25 00:00:00+00:00,"Mysterious Bitcoin Whale Abruptly Moves Over $134,000,000 in BTC – Here’s Where the Crypto’s Headed"
2023-08-25,2023-08-25 00:00:00+00:00,2023-08-25 00:00:00+00:00,North Korean Hackers May Cash Out Stolen Crypto; State of Crypto in Hong Kong
2023-08-26,2023-08-26 00:00:00+00:00,2023-08-26 00:00:00+00:00,"GBTC Will Beat SEC, Spot Bitcoin ETF Shows Promise, $ROE's Rally To $1"
2023-08-26,2023-08-26 00:00:00+00:00,2023-08-26 00:00:00+00:00,Unprecedented Bitcoin Migration Sparks Intrigue Among Investors
2023-08-26,2023-08-26 00:00:00+00:00,2023-08-26 00:00:00+00:00,Glassnode Co-Founders Say September Could ‘Bring Good News’ for Bitcoin – But There’s a Catch
2023-08-26,2023-08-26 00:00:00+00:00,2023-08-26 00:00:00+00:00,Cryptocurrency Community Speculates on Ownership of Major Bitcoin Wallet Amidst BlackRock’s ETF Application
2023-08-26,2023-08-26 00:00:00+00:00,2023-08-26 00:00:00+00:00,Bitcoin Dips As U.S. Fed Chair Jerome Powell Says They Are ‘Prepared To Raise Rates Further if Appropriate’
2023-08-27,2023-08-27 00:00:00+00:00,2023-08-27 00:00:00+00:00,Bitcoin Mining Difficulty Hits Record High Amidst Bullish Predictions
2023-08-27,2023-08-27 00:00:00+00:00,2023-08-27 00:00:00+00:00,"Worst of Recent Bitcoin (BTC) Correction Largely Behind Us, Says Banking Giant JPMorgan: Report"
2023-08-27,2023-08-27 00:00:00+00:00,2023-08-27 00:00:00+00:00,Bitcoin Price Analysis: Magnetic 26006 Level – 28 August 2023
2023-08-27,2023-08-27 00:00:00+00:00,2023-08-27 00:00:00+00:00,Trader Who Rode 2023 Crypto Rally Warns of Fake Bitcoin Breakout if ETF Gets Approved – Here’s His Outlook
2023-08-27,2023-08-27 00:00:00+00:00,2023-08-27 00:00:00+00:00,Bitcoin’s Promising Trajectory Amidst Federal Reserve Policies
2023-08-28,2023-08-28 00:00:00+00:00,2023-08-28 00:00:00+00:00,FTX's Sam Bankman-Fried Wants a 'Temporary Release' From Jail; Is Bitcoin Becoming an Election Issue?
2023-08-28,2023-08-28 00:00:00+00:00,2023-08-28 00:00:00+00:00,Amount of Bitcoin Sitting on Crypto Exchanges at Lowest Level in Nearly Six Years: Analytics Firm Santiment
2023-08-28,2023-08-28 00:00:00+00:00,2023-08-28 00:00:00+00:00,Pantera Capital Doubles Down on Big Bitcoin Price Prediction for 2025 – Here’s Its Target
2023-08-28,2023-08-28 00:00:00+00:00,2023-08-28 00:00:00+00:00,Bitcoin Price Analysis: Bears Eyeing 25363 – 29 August 2023
2023-08-28,2023-08-28 00:00:00+00:00,2023-08-28 00:00:00+00:00,"Robinhood Revealed As Third Biggest Holder of Bitcoin With Massive $3,066,222,950 BTC Stash: Arkham Intelligence"
2023-08-29,2023-08-29 00:00:00+00:00,2023-08-29 00:00:00+00:00,GBTC Alert: Grayscale Bitcoin Trust Surges on Bitcoin ETF Ruling
2023-08-29,2023-08-29 00:00:00+00:00,2023-08-29 00:00:00+00:00,"Institutions Take $168,000,000 out of Bitcoin and Crypto Markets As Hopes of ETF Approval Pushed Back: CoinShares"
2023-08-29,2023-08-29 00:00:00+00:00,2023-08-29 00:00:00+00:00,Grayscale’s Victory Ignites a GBTC Trading Frenzy as Investors Bet on Narrowing Discount to Bitcoin Price
2023-08-29,2023-08-29 00:00:00+00:00,2023-08-29 00:00:00+00:00,Bloomberg Analyst Says Ethereum Will Be the Winner of the ‘Stablecoin Wars’ Amid Massive Adoption Trends
2023-08-29,2023-08-29 00:00:00+00:00,2023-08-29 00:00:00+00:00,"Robinhood Vaults Bitcoin Holdings to Over $3 Billion, Surpassing Previous Records"
2023-08-30,2023-08-30 00:00:00+00:00,2023-08-30 00:00:00+00:00,"Grayscale’s SEC Victory Being Overhyped by Bitcoin Bulls, Says Nicholas Merten – Here’s Why"
2023-08-30,2023-08-30 00:00:00+00:00,2023-08-30 00:00:00+00:00,"Here’s How Far Bitcoin (BTC) Could Fall in September, According to Crypto Analyst Benjamin Cowen"
2023-08-30,2023-08-30 00:00:00+00:00,2023-08-30 00:00:00+00:00,7 Oversold Cryptos Begging for a Spot in Your Portfolio
2023-08-30,2023-08-30 00:00:00+00:00,2023-08-30 00:00:00+00:00,"Bloomberg Experts Say There’s a 75% Chance of Bitcoin ETF Launch This Year, ‘Done Deal’ for 2024"
2023-08-30,2023-08-30 00:00:00+00:00,2023-08-30 00:00:00+00:00,Bitcoin Briefly Breaks Above $28K After Grayscale's Court Win Over SEC
2023-08-31,2023-08-31 00:00:00+00:00,2023-08-31 00:00:00+00:00,"After Grayscale Victory, SEC Kicks the Can on Latest Bitcoin ETF Applications"
2023-08-31,2023-08-31 00:00:00+00:00,2023-08-31 00:00:00+00:00,"Crypto Analyst Congratulates Traders on Surviving the ‘Longest’ Bitcoin Bear Market, Explores BTC’s Next Steps"
2023-08-31,2023-08-31 00:00:00+00:00,2023-08-31 00:00:00+00:00,"Crypto Exchange OKX Reveals $10,400,000,000 in Bitcoin (BTC), Ethereum (ETH) and USDT Reserves"
2023-08-31,2023-08-31 00:00:00+00:00,2023-08-31 00:00:00+00:00,Crypto Whales and Sharks May Have Front-Run Grayscale’s Victory Over SEC: Santiment Data
2023-08-31,2023-08-31 00:00:00+00:00,2023-08-31 00:00:00+00:00,Trader Who Called May 2021 Market Meltdown Says Important Indicator Just Flashed Green for Ethereum (ETH)
2023-09-01,2023-09-01 00:00:00+00:00,2023-09-01 00:00:00+00:00,"Approval of a Spot Bitcoin ETF in the US Is Inevitable, Says Former SEC Chair Jay Clayton"
2023-09-01,2023-09-01 00:00:00+00:00,2023-09-01 00:00:00+00:00,Large Bitcoin Holders Accumulate $1.5B Worth of BTC as Price Wavers
2023-09-01,2023-09-01 00:00:00+00:00,2023-09-01 00:00:00+00:00,Top Crypto Analyst Says Binance Coin (BNB) Flashing ‘Savage’ Bearish Signal – Here Are His Targets
2023-09-01,2023-09-01 00:00:00+00:00,2023-09-01 00:00:00+00:00,"Over $127,000,000 in Crypto Assets Liquidated in the Past 24 Hours As Bitcoin Plummets Below $26,000"
2023-09-01,2023-09-01 00:00:00+00:00,2023-09-01 00:00:00+00:00,"Whales Move Over $730,000,000 in Bitcoin, Ethereum and XRP – Here’s Where the Crypto’s Headed"
2023-09-02,2023-09-02 00:00:00+00:00,2023-09-02 00:00:00+00:00,BTC Whale's $134M Transfer; Buzz Grows Around Borroe Presale
2023-09-02,2023-09-02 00:00:00+00:00,2023-09-02 00:00:00+00:00,Bitcoin Price Sees Volatility in August Despite Positive ETF News
2023-09-02,2023-09-02 00:00:00+00:00,2023-09-02 00:00:00+00:00,"Another $60,000,000,000 in Altcoin Value on the Verge of Being Wiped Out, Says Nicholas Merten – Here’s Why"
2023-09-02,2023-09-02 00:00:00+00:00,2023-09-02 00:00:00+00:00,"Top Analyst Benjamin Cowen Issues Bitcoin Warning, Says September Will Be a ‘Red Month’ – Here Are His Targets"
2023-09-02,2023-09-02 00:00:00+00:00,2023-09-02 00:00:00+00:00,Colorado Enables Crypto Payments via PayPal for Driver’s License and Vehicle Registration Renewals
2023-09-03,2023-09-03 00:00:00+00:00,2023-09-03 00:00:00+00:00,3 Up-and-Coming Cryptos to Put on Your Must-Buy List
2023-09-03,2023-09-03 00:00:00+00:00,2023-09-03 00:00:00+00:00,Crypto Weekly Roundup: SEC Delays Spot BTC ETF Decisions And More
2023-09-03,2023-09-03 00:00:00+00:00,2023-09-03 00:00:00+00:00,XRP Sees Massive Spike in On-Chain Volume Amid Rise of Development Activity: Santiment
2023-09-03,2023-09-03 00:00:00+00:00,2023-09-03 00:00:00+00:00,Bitcoin at Crossroads: Navigating Uncertainty in the Crypto Market
2023-09-03,2023-09-03 00:00:00+00:00,2023-09-03 00:00:00+00:00,"Crypto Analyst Issues Bitcoin Warning, Says BTC on the Cusp of Repeating 2021 Bull Market Collapse"
2023-09-04,2023-09-04 00:00:00+00:00,2023-09-04 00:00:00+00:00,ARK Invest’s Cathie Wood Says There’s a Convergence Between Bitcoin and Artificial Intelligence
2023-09-04,2023-09-04 00:00:00+00:00,2023-09-04 00:00:00+00:00,"Bitcoin RSI Hits 5-Year Low, Gala’s NFT Mystery Boxes Launch, and Pomerdoge Presale Booms"
2023-09-04,2023-09-04 00:00:00+00:00,2023-09-04 00:00:00+00:00,"7 Cryptos to Invest In for Big-Time, Long-Term Gains"
2023-09-04,2023-09-04 00:00:00+00:00,2023-09-04 00:00:00+00:00,More Than Half of All Adults in High-Inflation Turkey Are Crypto Investors: KuCoin Study
2023-09-04,2023-09-04 00:00:00+00:00,2023-09-04 00:00:00+00:00,Ex-Goldman Banker Says $1 Quadrillion Crypto Use-Case That ‘Dwarfs Everything’ Could Come to Industry
2023-09-05,2023-09-05 00:00:00+00:00,2023-09-05 00:00:00+00:00,Bitcoin Plumbing Six-Month Lows and Higher Oil Prices Suggest Further Pressure
2023-09-05,2023-09-05 00:00:00+00:00,2023-09-05 00:00:00+00:00,"Analyst Who Nailed 2018 Bitcoin Bottom Predicts BTC Rally Above $32,000 – But There’s a Catch"
2023-09-05,2023-09-05 00:00:00+00:00,2023-09-05 00:00:00+00:00,7 Cryptos to Watch as Regulatory Woes Cloud the Blockchain
2023-09-05,2023-09-05 00:00:00+00:00,2023-09-05 00:00:00+00:00,"Buy Ether Instead of Bitcoin to Ride ETF Momentum, Crypto Research Firm Says"
2023-09-05,2023-09-05 00:00:00+00:00,2023-09-05 00:00:00+00:00,"Bitcoin Halving Could Be Even Bigger for BTC Than in the Past, Says Wall Street Veteran Caitlin Long"
2023-09-06,2023-09-06 00:00:00+00:00,2023-09-06 00:00:00+00:00,FASB Says Crypto Assets Should Be Marked at Current Values
2023-09-06,2023-09-06 00:00:00+00:00,2023-09-06 00:00:00+00:00,Genesis Global Capital Files for Over $600M in Unpaid DCG Loans: Court Docs
2023-09-06,2023-09-06 00:00:00+00:00,2023-09-06 00:00:00+00:00,NVDA Stock: Nvidia Is Becoming the New Bitcoin
2023-09-06,2023-09-06 00:00:00+00:00,2023-09-06 00:00:00+00:00,The 3 Best Cryptos to Buy Now: September 2023
2023-09-06,2023-09-06 00:00:00+00:00,2023-09-06 00:00:00+00:00,"Trader Who Called 2021 Bitcoin Collapse Predicts Meteoric BTC Rally, Says To Expect the Unexpected"
2023-09-07,2023-09-07 00:00:00+00:00,2023-09-07 00:00:00+00:00,"FASB's Crypto Accounting Shakeup Could Lure More Corporate Investment, Michael Saylor and Others Argue"
2023-09-07,2023-09-07 00:00:00+00:00,2023-09-07 00:00:00+00:00,"Crypto Could Be Among the Worst-Performing Assets in Coming Years, Warns Nicholas Merten – Here’s Why"
2023-09-07,2023-09-07 00:00:00+00:00,2023-09-07 00:00:00+00:00,"Bitcoin Analyst Forecasts $35,000 Price Target for 2023 Amidst Challenges"
2023-09-07,2023-09-07 00:00:00+00:00,2023-09-07 00:00:00+00:00,"Crypto Analyst Breaks Down Bitcoin (BTC), Updates Outlook on One AI Altcoin That’s Up 24% in the Last Month"
2023-09-07,2023-09-07 00:00:00+00:00,2023-09-07 00:00:00+00:00,"Institutions May Be Forced To Fight Over Just 5% of Bitcoin Supply, According to InvestAnswers"
2023-09-08,2023-09-08 00:00:00+00:00,2023-09-08 00:00:00+00:00,Unlocking Bitcoin’s Secret Code: Will November 28th Bring a Crypto Revolution?
2023-09-08,2023-09-08 00:00:00+00:00,2023-09-08 00:00:00+00:00,"Can Bitcoin BSC Be The Next Bitcoin? BTCBSC Presale Launched, Raises $250,000 In 72 Hours"
2023-09-08,2023-09-08 00:00:00+00:00,2023-09-08 00:00:00+00:00,Bitcoin’s Recent Decline: A Warning Sign for the Global Economy
2023-09-08,2023-09-08 00:00:00+00:00,2023-09-08 00:00:00+00:00,Shiba Inu Whales Amass $100 Million: What Lies Ahead for the Meme Coin?
2023-09-08,2023-09-08 00:00:00+00:00,2023-09-08 00:00:00+00:00,Weibo’s Crackdown on Crypto Influencers: China’s Firm Stance on Digital Assets
2023-09-09,2023-09-09 00:00:00+00:00,2023-09-09 00:00:00+00:00,"Stock Market Update: Nasdaq Inches Up 0.1%, S&P 500 Gains 0.14%"
2023-09-09,2023-09-09 00:00:00+00:00,2023-09-09 00:00:00+00:00,Sustainable Bitcoin Miner Iris Energy Thrives with $2.3 Million in Power Credits
2023-09-09,2023-09-09 00:00:00+00:00,2023-09-09 00:00:00+00:00,Bitcoin’s Rollercoaster Ride: Short Squeeze Spurs September Surge
2023-09-09,2023-09-09 00:00:00+00:00,2023-09-09 00:00:00+00:00,"Trader Says One Dogecoin (DOGE) Rival Could Easily Crash by Over 50%, Updates Outlook on Bitcoin Cash (BCH)"
2023-09-09,2023-09-09 00:00:00+00:00,2023-09-09 00:00:00+00:00,"US Regulator Slaps Trading Firm With $1,700,000,000+ Penalty for Defrauding Thousands of 29,420 Bitcoin"
2023-09-10,2023-09-10 00:00:00+00:00,2023-09-09 15:35:59+00:00,Will Whales Trigger Bitcoin (BTC) Price Rally Ahead of Fed Meeting?
2023-09-10,2023-09-10 00:00:00+00:00,2023-09-10 00:00:00+00:00,"Bitcoin (BTC) Will See One More Low Before Next Bull Market, Warns Benjamin Cowen – Here’s His Timeline"
2023-09-10,2023-09-10 00:00:00+00:00,2023-09-10 00:00:00+00:00,MakerDAO Bolsters Portfolio with $50 Million in Real-World Assets
2023-09-10,2023-09-10 00:00:00+00:00,2023-09-10 00:00:00+00:00,"Here’s What Could Signal the End of Current Bitcoin (BTC) Correction, According to Crypto Analyst"
2023-09-11,2023-09-11 00:00:00+00:00,2023-09-11 00:00:00+00:00,Co-creator of Facebook’s Diem Details Plans for Making Bitcoin (BTC) a Global Payment Network
2023-09-11,2023-09-11 00:00:00+00:00,2023-09-11 00:00:00+00:00,"Trading Firms Deposit Millions in BTC, ETH and ARB to Exchanges as Crypto Sell-Off Intensifies"
2023-09-11,2023-09-11 00:00:00+00:00,2023-09-11 00:00:00+00:00,Bitcoin Drops Below $25K With Altcoins Bracing for Deeper Crash from FTX Crypto Sale
2023-09-11,2023-09-11 00:00:00+00:00,2023-09-11 00:00:00+00:00,"Altcoins Ready To Leave ‘Depression Phase’ and Trade Higher, Says Crypto Analyst Michaël van de Poppe"
2023-09-11,2023-09-11 00:00:00+00:00,2023-09-11 00:00:00+00:00,Solana’s SOL Token Faces Turbulence After Visa Partnership
2023-09-12,2023-09-12 00:00:00+00:00,2023-09-12 00:00:00+00:00,"Headline CPI Expected to Have Spiked Higher in August, but Core Rate Seen Slowing"
2023-09-12,2023-09-12 00:00:00+00:00,2023-09-12 00:00:00+00:00,US Government Forces SIM Swapper To Forfeit Millions in Bitcoin (BTC) and a Sports Car: Report
2023-09-12,2023-09-12 00:00:00+00:00,2023-09-12 00:00:00+00:00,Crypto Price Whipsaw Triggers $256M in Liquidation Losses
2023-09-12,2023-09-12 00:00:00+00:00,2023-09-12 00:00:00+00:00,Cryptocurrency Market Sees Major Shifts Amidst Bitcoin’s Price Volatility
2023-09-12,2023-09-12 00:00:00+00:00,2023-09-12 00:00:00+00:00,"Bitcoin (BTC) Forming Classic Breakdown Pattern, Says Crypto Analyst – Here’s His Downside Target"
2023-09-13,2023-09-13 00:00:00+00:00,2023-09-13 00:00:00+00:00,"Coinbase CEO Confirms Exchange Will Support Lightning, Which Dramatically Speeds Up Bitcoin Payments"
2023-09-13,2023-09-13 00:00:00+00:00,2023-09-13 00:00:00+00:00,Bitcoin Price-Volatility Correlation Turns Negative Again as Crypto Traders Eye FTX Liquidations
2023-09-13,2023-09-13 00:00:00+00:00,2023-09-13 00:00:00+00:00,Trending BTCBSC Presale Crosses $1.5 Million – What’s the Big Deal About the Stake-to-Earn Bitcoin Alternative?
2023-09-13,2023-09-13 00:00:00+00:00,2023-09-13 00:00:00+00:00,Crypto’s Interest in Rates
2023-09-13,2023-09-13 00:00:00+00:00,2023-09-13 00:00:00+00:00,"Judge Allows Bankrupt FTX to Sell Its Crypto Holdings, Including BTC and SOL"
2023-09-14,2023-09-14 00:00:00+00:00,2023-09-14 00:00:00+00:00,Bitcoin’s Quiet Strength: Onchain Data Hints at Bullish Momentum
2023-09-14,2023-09-14 00:00:00+00:00,2023-09-14 00:00:00+00:00,Want to Get Rich? 3 Game-Changing Cryptos to Buy Right Now
2023-09-14,2023-09-14 00:00:00+00:00,2023-09-14 00:00:00+00:00,Top Trader Says 2019-Style Market Expansion Coming to Crypto Markets – Here’s His Timeline
2023-09-14,2023-09-14 00:00:00+00:00,2023-09-14 00:00:00+00:00,Bitcoin Onchain Data Show Bullish Undercurrents
2023-09-14,2023-09-14 00:00:00+00:00,2023-09-14 00:00:00+00:00,"Crypto Trader Says One Ethereum-Based Altcoin Primed To ‘Do Big Numbers’, Updates Outlook on Bitcoin and Polygon"
2023-09-15,2023-09-15 00:00:00+00:00,2023-09-15 00:00:00+00:00,Bitcoin Price Analysis: Bulls Defend $25K Amidst Wyckoff Rebound
2023-09-15,2023-09-15 00:00:00+00:00,2023-09-15 00:00:00+00:00,Citi Securities Services Leads the Digital Revolution in Bond Trading
2023-09-15,2023-09-15 00:00:00+00:00,2023-09-15 00:00:00+00:00,"Bitcoin at $26.4K Set for Weekly Gain, but Rallies Might Continue to be Sold"
2023-09-15,2023-09-15 00:00:00+00:00,2023-09-15 00:00:00+00:00,"Crypto Trader Shares Bitcoin Halving ‘Cheatsheet’, Breaks Down the Latest Litecoin Price Action"
2023-09-15,2023-09-15 00:00:00+00:00,2023-09-15 00:00:00+00:00,Binance.US Reportedly Loses Two More High-Level Execs; State of Crypto VC Funding
2023-09-16,2023-09-16 00:00:00+00:00,2023-09-16 00:00:00+00:00,Binance.US Leadership Shake-Up: What Lies Behind the CEO’s Departure?
2023-09-16,2023-09-16 00:00:00+00:00,2023-09-16 00:00:00+00:00,Bitcoin Predicted to Soar Over 70% in 2015-Style Rally: Expert Analysis and Timeline
2023-09-16,2023-09-16 00:00:00+00:00,2023-09-16 00:00:00+00:00,Magic Eden Unveils Solana’s Affordable cNFTs – A Game-Changer for Digital Collectibles
2023-09-16,2023-09-16 00:00:00+00:00,2023-09-16 00:00:00+00:00,Bitcoin Price Analysis: 26917 Upside Again Tested – 17 September 2023
2023-09-16,2023-09-16 00:00:00+00:00,2023-09-16 00:00:00+00:00,Cryptocurrency Market Resilience: Bitcoin Leads Recovery While Altcoins Show Promise
2023-09-17,2023-09-17 00:00:00+00:00,2023-09-17 00:00:00+00:00,"Bitcoin Gearing Up for Much Larger Move to the Upside, According to Crypto Analyst – Here’s His Outlook"
2023-09-17,2023-09-17 00:00:00+00:00,2023-09-17 00:00:00+00:00,Surging Interest in Bitcoin: Record-Breaking Growth in New Addresses
2023-09-17,2023-09-17 00:00:00+00:00,2023-09-17 00:00:00+00:00,Bitcoin Price Analysis: Orbiting 26585 – 18 September 2023
2023-09-17,2023-09-17 00:00:00+00:00,2023-09-17 00:00:00+00:00,"Bitcoin’s Recent Surge May Lead to Significant Gains, Analyst Predicts"
2023-09-17,2023-09-17 00:00:00+00:00,2023-09-17 00:00:00+00:00,"Bitcoin’s Long Slumber Ends as Ancient Addresses Awaken, Stirring Up Over $8.6 Million"
2023-09-18,2023-09-18 00:00:00+00:00,2023-09-18 00:00:00+00:00,Willy Woo Reveals His ‘Big Worry’ for Bitcoin As BTC Begins To Trade Like Other Macro Assets
2023-09-18,2023-09-18 00:00:00+00:00,2023-09-18 00:00:00+00:00,Bitcoin Gives Up $27K in Sharp Tumble as Crypto Liquidations Top $100M
2023-09-18,2023-09-18 00:00:00+00:00,2023-09-18 00:00:00+00:00,"Bitcoin (BTC) Gearing Up for Post-Halving Parabola, According to Crypto Analyst – But There’s a Catch"
2023-09-18,2023-09-18 00:00:00+00:00,2023-09-18 00:00:00+00:00,"Bitcoin’s Crypto Market Dominance Rises to 50% and It Could Go Higher, Say Analysts"
2023-09-18,2023-09-18 00:00:00+00:00,2023-09-18 00:00:00+00:00,President Kagame Stresses AI’s Vital Role in Achieving UN Sustainable Development Goals
2023-09-19,2023-09-19 00:00:00+00:00,2023-09-19 00:00:00+00:00,Bitcoin Hangs on Just Above $27K Ahead of Fed Rate Decision
2023-09-19,2023-09-19 00:00:00+00:00,2023-09-19 00:00:00+00:00,7 Cryptos on Tenterhooks as Investors Await Fed Decision
2023-09-19,2023-09-19 00:00:00+00:00,2023-09-19 00:00:00+00:00,Does Coinbase Have a Diversification Problem?
2023-09-19,2023-09-19 00:00:00+00:00,2023-09-19 00:00:00+00:00,"Benjamin Cowen Outlines Bitcoin Forecast, Says BTC Setting Up for Likely Rejection at Resistance"
2023-09-19,2023-09-19 00:00:00+00:00,2023-09-19 00:00:00+00:00,Sam Bankman-Fried's Lawyers Push for FTX Founder's Jail Release Again; Crypto Coin Listing Crack Down
2023-09-20,2023-09-20 00:00:00+00:00,2023-09-20 00:00:00+00:00,"Crypto Analyst Details Bitcoin Downside Targets, Foresees a Bull Market Once BTC Clears This Level"
2023-09-20,2023-09-20 00:00:00+00:00,2023-09-20 00:00:00+00:00,"Breaking Down Bitcoin’s Path: Crypto Analyst Predicts Key Levels Amidst $27,000 Rally"
2023-09-20,2023-09-20 00:00:00+00:00,2023-09-20 00:00:00+00:00,Bitcoin’s Silent Green Revolution: Scaling Up While Cutting Carbon
2023-09-20,2023-09-20 00:00:00+00:00,2023-09-20 00:00:00+00:00,"Crypto Digest: PayPal’s PYUSD on Venmo, CoinEx Bounces Back from $70M Hack, Balancer’s Security Scare"
2023-09-20,2023-09-20 00:00:00+00:00,2023-09-20 00:00:00+00:00,Bitcoin Price Analysis: Bears Questioning Whether 26917 Holds – 21 September 2023
2023-09-21,2023-09-21 00:00:00+00:00,2023-09-21 00:00:00+00:00,"Crypto Market Update: Ethereum Faces Challenges, VC Spectra’s SPCT Shines, and Bitcoin Cash Targets $220"
2023-09-21,2023-09-21 00:00:00+00:00,2023-09-21 00:00:00+00:00,Bitfinex’s Strategic Bitcoin Moves Signal Expertise Amidst Cryptocurrency Volatility
2023-09-21,2023-09-21 00:00:00+00:00,2023-09-21 00:00:00+00:00,‘Back in the Chop’: Crypto Analyst Breaks Down a Bouncing Bitcoin (BTC)
2023-09-21,2023-09-21 00:00:00+00:00,2023-09-21 00:00:00+00:00,Bitcoin Slides to $26.5K Amid Surging U.S. Dollar; Record-High Rates Are ‘Nightmare’ for Crypto Firms
2023-09-21,2023-09-21 00:00:00+00:00,2023-09-21 00:00:00+00:00,First Mover Americas: NFT Platform ImmutableX's IMX Token Rallies
2023-09-22,2023-09-22 00:00:00+00:00,2023-09-22 00:00:00+00:00,Web3 Gaming Ecosystem Altcoin Rips by More Than 51% This Week Amid New Token Migration Proposal
2023-09-22,2023-09-22 00:00:00+00:00,2023-09-22 00:00:00+00:00,"Crypto Analyst Shares Bitcoin (BTC) Plan, Sees Potential Bullish Momentum for Dogecoin (DOGE)"
2023-09-22,2023-09-22 00:00:00+00:00,2023-09-22 00:00:00+00:00,Bitcoin Holding Above $26K Is ‘Remarkable’ as Equities Take a Hit. What’s Next for BTC’s Price?
2023-09-22,2023-09-22 00:00:00+00:00,2023-09-22 00:00:00+00:00,Bitmain and Core Scientific Forge Strategic Partnership to Boost Cryptocurrency Mining Infrastructure
2023-09-22,2023-09-22 00:00:00+00:00,2023-09-22 00:00:00+00:00,Bybit Halts UK Operations in Response to Strict Crypto Marketing Regulations
2023-09-23,2023-09-23 00:00:00+00:00,2023-09-23 00:00:00+00:00,Ethereum (ETH) Analyst Anticipates Bullish Reversal Amidst Crypto Market’s Lull
2023-09-23,2023-09-23 00:00:00+00:00,2023-09-23 00:00:00+00:00,Bitcoin’s Resilience and Federal Reserve’s Influence: A Year-End Analysis
2023-09-23,2023-09-23 00:00:00+00:00,2023-09-23 00:00:00+00:00,"Core DAO Expands Its Reach: Now Available on TokenPocket, A Big Win for Crypto Enthusiasts"
2023-09-23,2023-09-23 00:00:00+00:00,2023-09-23 00:00:00+00:00,CoinShares Launches Hedge Fund Division in the U.S. Amidst Cryptocurrency Regulatory Challenges
2023-09-23,2023-09-23 00:00:00+00:00,2023-09-23 00:00:00+00:00,XRP Anticipates Soaring Beyond $10 Amidst Rumors of Impending IPO
2023-09-24,2023-09-24 00:00:00+00:00,2023-09-24 00:00:00+00:00,"Ethereum’s Game-Changing Solution: Payment Channels for Lightning-Fast, Low-Cost Transactions"
2023-09-24,2023-09-24 00:00:00+00:00,2023-09-24 00:00:00+00:00,"Classic Bitcoin Indicator Suggests 2024 Bull Run, Says Trader Who Called May 2021 Collapse"
2023-09-24,2023-09-24 00:00:00+00:00,2023-09-24 00:00:00+00:00,Ripple’s Massive XRP Transaction Raises Eyebrows: Where Are 180 Million Tokens Going?
2023-09-24,2023-09-24 00:00:00+00:00,2023-09-24 00:00:00+00:00,Bitcoin’s Surprising Role in Environmental Progress: A Game Changer in the Fight Against Climate Change
2023-09-24,2023-09-24 00:00:00+00:00,2023-09-24 00:00:00+00:00,Bitcoin Mining Enters a New Era of Efficiency and Sustainability
2023-09-25,2023-09-25 00:00:00+00:00,2023-09-25 00:00:00+00:00,Crypto Markets 'Going to Be Choppy' for Remainder of Q3: Coinbase Institutional Head of Research
2023-09-25,2023-09-25 00:00:00+00:00,2023-09-25 00:00:00+00:00,Bitcoin’s Surprising Role in Shaping a Greener Energy Future
2023-09-25,2023-09-25 00:00:00+00:00,2023-09-25 00:00:00+00:00,Chinese Court Recognizes Bitcoin’s Legitimacy and Value Amidst Regulatory Ban
2023-09-25,2023-09-25 00:00:00+00:00,2023-09-25 00:00:00+00:00,Bitcoin Mining Emerges as Global Leader in Sustainable Energy Usage
2023-09-25,2023-09-25 00:00:00+00:00,2023-09-25 00:00:00+00:00,Bitcoin Price Analysis: Bearish Technical Bias Increasing – 26 September 2023
2023-09-26,2023-09-26 00:00:00+00:00,2023-09-26 00:00:00+00:00,"Bitcoin Censorship? BlackRock and Big Institutions Could Take Over BTC Mining Ecosystem, Warns Bloomberg Analyst"
2023-09-26,2023-09-26 00:00:00+00:00,2023-09-26 00:00:00+00:00,The Rise of Stablecoins: A Game-Changer in Crypto Investing
2023-09-26,2023-09-26 00:00:00+00:00,2023-09-26 00:00:00+00:00,"Crypto Exchange Kraken Pushes Ahead With Expansion, Obtaining Key Authorization in Ireland and Spain"
2023-09-26,2023-09-26 00:00:00+00:00,2023-09-26 00:00:00+00:00,"One Ethereum-Based Altcoin Gearing Up for ‘Very Strong’ Performance, Says Trader – Here’s His Timeline"
2023-09-26,2023-09-26 00:00:00+00:00,2023-09-26 00:00:00+00:00,Bitcoin’s Recent Movements Signal Potential Market Volatility Ahead
2023-09-27,2023-09-27 00:00:00+00:00,2023-09-27 00:00:00+00:00,Ethereum DeFi TVL Faces Significant Drop in 2023 – What Lies Ahead for the Crypto Market?
2023-09-27,2023-09-27 00:00:00+00:00,2023-09-27 00:00:00+00:00,Bitcoin Slides Back Towards $26K as Surging Interest Rates Trigger Macro Jitters
2023-09-27,2023-09-27 00:00:00+00:00,2023-09-27 00:00:00+00:00,Bitcoin Cash Halving 2024: What You Need to Know
2023-09-27,2023-09-27 00:00:00+00:00,2023-09-27 00:00:00+00:00,Fidelity Executive Says Ethereum Investment Thesis Could Be Easier for Institutions To Grasp Than Bitcoin – Here’s Why
2023-09-27,2023-09-27 00:00:00+00:00,2023-09-27 00:00:00+00:00,Navigating the Crypto Bull Market: Insights into ApeMax and the Future of Cryptocurrency
2023-09-28,2023-09-28 00:00:00+00:00,2023-09-28 00:00:00+00:00,Examining dYdX’s Path to Profitable DeFi
2023-09-28,2023-09-28 00:00:00+00:00,2023-09-28 00:00:00+00:00,"Curve DAO Token Is 'Ahead of the Curve,' Could Easily Go Higher: Technical Analyst"
2023-09-28,2023-09-28 00:00:00+00:00,2023-09-28 00:00:00+00:00,"Trader Says One Dogecoin and Shiba Inu Rival Is Set for Big Correction, Updates Outlook on Bitcoin and Solana"
2023-09-28,2023-09-28 00:00:00+00:00,2023-09-28 00:00:00+00:00,Marathon Confirms Mining Invalid BTC Block Due to a Bug; SEC's Gensler Reiterates Bitcoin Is 'Not a Security'
2023-09-28,2023-09-28 00:00:00+00:00,2023-09-28 00:00:00+00:00,Bloomberg Analyst Predicts Investors Will Begin To Shift From Bonds to Bitcoin in Coming Years – Here’s Why
2023-09-29,2023-09-29 00:00:00+00:00,2023-09-29 00:00:00+00:00,Discover the Top-Rated European Crypto Casinos: A Guide to Safe and Rewarding Gambling
2023-09-29,2023-09-29 00:00:00+00:00,2023-09-29 00:00:00+00:00,"Bitcoin About To Hit New Highs As ‘Completely New Environment Unfolds’ for BTC, Says Glassnode Co-Founders"
2023-09-29,2023-09-29 00:00:00+00:00,2023-09-29 00:00:00+00:00,"Bitcoin’s Slips Below $27K, But What Might Government Shutdown Mean for Prices"
2023-09-29,2023-09-29 00:00:00+00:00,2023-09-29 00:00:00+00:00,"Crypto Analyst Says Bitcoin (BTC) Is ‘Worth Watching’, Dives Deep Into Chainlink (LINK)"
2023-09-29,2023-09-29 00:00:00+00:00,2023-09-29 00:00:00+00:00,"Bitcoin To Crash to $10,000? Analyst Nicholas Merten Says These Factors Could Cause BTC To Drop by More Than 60%"
2023-09-30,2023-09-30 00:00:00+00:00,2023-09-30 00:00:00+00:00,"Bitcoin Rallies, Testing New Heights Amidst Short Squeeze and Positive Signals"
2023-09-30,2023-09-30 00:00:00+00:00,2023-09-30 00:00:00+00:00,Bitcoin’s Momentum Grows as Major Holders Increase Stakes: A Positive Sign for Investors?
2023-09-30,2023-09-30 00:00:00+00:00,2023-09-30 00:00:00+00:00,Bitcoin Price Tensions Rise Amidst U.S. Government AI Executive Order and Shutdown Fears
2023-09-30,2023-09-30 00:00:00+00:00,2023-09-30 00:00:00+00:00,The Incredible Shiba Inu: How Dollar-Cost Averaging Turned $100 Monthly into Millions
2023-09-30,2023-09-30 00:00:00+00:00,2023-09-30 00:00:00+00:00,"Bitcoin Defies Bearish Trends, Surges 2.3% in 24 Hours"
2023-10-01,2023-10-01 00:00:00+00:00,2023-10-01 00:00:00+00:00,Bitcoin’s Potential Rally Amidst US Government Shutdown Concerns: What Lies Ahead?
2023-10-01,2023-10-01 00:00:00+00:00,2023-10-01 00:00:00+00:00,The Evolution of Bitcoin: Unraveling the Impact of ‘Paper Bitcoin’ on the Cryptocurrency Market
2023-10-01,2023-10-01 00:00:00+00:00,2023-10-01 00:00:00+00:00,Terra Classic’s Community Power: Deciding the Destiny of Validator Commissions
2023-10-01,2023-10-01 00:00:00+00:00,2023-10-01 00:00:00+00:00,Police Recover $3.2 Million in Bitcoin Scam Targeting Local Resident
2023-10-01,2023-10-01 00:00:00+00:00,2023-10-01 00:00:00+00:00,"Trader Calls Ethereum-Based Altcoin ‘Most Obvious Play’ Amid Bear Market, Predicts Rally for Bitcoin and ETH"
2023-10-02,2023-10-02 00:00:00+00:00,2023-10-02 00:00:00+00:00,Bitcoin and Gold Can Flourish as US Struggles With Massive Fiscal Problems: Macro Investor Luke Gromen
2023-10-02,2023-10-02 00:00:00+00:00,2023-10-02 00:00:00+00:00,Bitcoin’s “Uptober” Rally: Surges Beyond $28k Amidst US Government Shutdown Aversion
2023-10-02,2023-10-02 00:00:00+00:00,2023-10-02 00:00:00+00:00,Bitcoin Slumps Below $28K as Yields Spike; Ether Futures ETFs Fizzle on Lukewarm Investor Interest
2023-10-02,2023-10-02 00:00:00+00:00,2023-10-02 00:00:00+00:00,Crypto Arbitrage Trading: What Is It and How Does It Work?
2023-10-02,2023-10-02 00:00:00+00:00,2023-10-02 00:00:00+00:00,Bitcoin Price Analysis: Bulls Absorb Stops Above 28404 – 3 October 2023
2023-10-03,2023-10-03 00:00:00+00:00,2023-10-03 00:00:00+00:00,"Trader Warns Bitcoin Reversal Likely Based on Historical Precedent, Updates Outlook on Chainlink"
2023-10-03,2023-10-03 00:00:00+00:00,2023-10-03 00:00:00+00:00,"Bitcoin Shark and Whales Gobble $1,170,000,000 in BTC in About a Month: Analytics Firm Santiment"
2023-10-03,2023-10-03 00:00:00+00:00,2023-10-03 00:00:00+00:00,"Crypto Analyst Sees Bullish Continuation for Arbitrum and Injective, Calls for Bitcoin To Move Higher"
2023-10-03,2023-10-03 00:00:00+00:00,2023-10-03 00:00:00+00:00,7 Cryptos Pop Higher on Seasonal ‘Uptober’ Trend
2023-10-03,2023-10-03 00:00:00+00:00,2023-10-03 00:00:00+00:00,Bitcoin Price Analysis: Volatility Returns After High Print – 4 October 2023
2023-10-04,2023-10-04 00:00:00+00:00,2023-10-04 00:00:00+00:00,Arthur Hayes Says Bitcoin and Crypto Bull Market Will Resume Once One Catalyst Is Activated
2023-10-04,2023-10-04 00:00:00+00:00,2023-10-04 00:00:00+00:00,"Bitcoin Faces Key Test at $30,000 Amid Uncertain Market Trends"
2023-10-04,2023-10-04 00:00:00+00:00,2023-10-04 00:00:00+00:00,"Bitcoin To ‘Roll Back Down’ if BTC Fails To Break Through This Critical Resistance Zone, Says Nicholas Merten"
2023-10-04,2023-10-04 00:00:00+00:00,2023-10-04 00:00:00+00:00,Bitcoin’s Future Path: Expert Predicts Critical Test and Potential Timeline
2023-10-04,2023-10-04 00:00:00+00:00,2023-10-04 00:00:00+00:00,"Investors Fear Volatility and Risk, Particularly With Crypto. Here’s Why They Shouldn’t."
2023-10-05,2023-10-05 00:00:00+00:00,2023-10-05 00:00:00+00:00,"Bitcoin Enters ‘Quiet Bull Market’ as Safe Haven from Bond Market Turmoil, Analyst Says"
2023-10-05,2023-10-05 00:00:00+00:00,2023-10-05 00:00:00+00:00,Bitcoin’s Rollercoaster Ride in Early October: A Look at the Price Swings
2023-10-05,2023-10-05 00:00:00+00:00,2023-10-05 00:00:00+00:00,"Crypto Analyst Says Bitcoin (BTC) Ready To Target New Highs, Warns of Chainlink’s (LINK) ‘Final Correction’"
2023-10-05,2023-10-05 00:00:00+00:00,2023-10-05 00:00:00+00:00,"This Ethereum Competitor Is the Institutional Investors’ Favorite This Year, According to CoinShares"
2023-10-05,2023-10-05 00:00:00+00:00,2023-10-05 00:00:00+00:00,"El Salvador Pioneers Bitcoin Mining Pool, Fueling Renewable Energy Revolution"
2023-10-06,2023-10-06 00:00:00+00:00,2023-10-06 00:00:00+00:00,"Bitcoin Poised To ‘More Than Double’ Every Year, Says Pantera Capital CEO Dan Morehead"
2023-10-06,2023-10-06 00:00:00+00:00,2023-10-06 00:00:00+00:00,"Bitcoin Grapples with $28K Resistance, but ‘Uncorrelated Asset’ Allure Could Mean Higher Prices, Says Analyst"
2023-10-06,2023-10-06 00:00:00+00:00,2023-10-06 00:00:00+00:00,Bitcoin Price in Flux as US Job Market Data Loomsw
2023-10-06,2023-10-06 00:00:00+00:00,2023-10-06 00:00:00+00:00,"Whales Move Over $730,000,000 in Bitcoin, Ethereum, Dogecoin and XRP – Here’s Where the Crypto’s Going"
2023-10-06,2023-10-06 00:00:00+00:00,2023-10-06 00:00:00+00:00,"U.S. Added 336K Jobs in September, Nearly Doubling Expectations; Bitcoin Slips 1%"
2023-10-07,2023-10-07 00:00:00+00:00,2023-10-07 00:00:00+00:00,"Bitcoin Could Plunge by Nearly 50%, According to Crypto Analyst Nicholas Merten – Here’s Why"
2023-10-07,2023-10-07 00:00:00+00:00,2023-10-07 00:00:00+00:00,Bitcoin’s Whirlwind Ride: A Rollercoaster Day in Crypto
2023-10-07,2023-10-07 00:00:00+00:00,2023-10-07 00:00:00+00:00,"Bitcoin Price Soars as Bulls Return, Eyeing $30,000 Mark"
2023-10-07,2023-10-07 00:00:00+00:00,2023-10-07 00:00:00+00:00,"Spot Bitcoin ETFs Could Send BTC Skyrocketing by Over 3,200%, Says InvestAnswers Host – Here’s the Timeline"
2023-10-07,2023-10-07 00:00:00+00:00,2023-10-07 00:00:00+00:00,Unlocking New Horizons: wBTC and BTCS Redefining Bitcoin’s Potential
2023-10-08,2023-10-08 00:00:00+00:00,2023-10-08 00:00:00+00:00,Bitcoin Price Analysis: Steady After Testing 28302 – 9 October 2023
2023-10-08,2023-10-08 00:00:00+00:00,2023-10-08 00:00:00+00:00,"Bitcoin About To Head North As Several Indicators Line Up for BTC, According to Crypto Analyst"
2023-10-08,2023-10-08 00:00:00+00:00,2023-10-08 00:00:00+00:00,Arthur Hayes Says AI and Historic Money Printing Will Create ‘Most Epic’ Bull Market for Crypto
2023-10-08,2023-10-08 00:00:00+00:00,2023-10-08 00:00:00+00:00,Bitcoin Faces Uncertainty as Price Struggles to Break Key Levels
2023-10-08,2023-10-08 00:00:00+00:00,2023-10-08 00:00:00+00:00,El Salvador’s Volcano Energy and Luxor Technology Unite to Launch Pioneering Bitcoin Mining Pool
2023-10-09,2023-10-09 00:00:00+00:00,2023-10-09 00:00:00+00:00,Crypto Traders Suffer Over $100M in Liquidation Losses as Market Rout Deepens Amid Middle East Turmoil
2023-10-09,2023-10-09 00:00:00+00:00,2023-10-09 00:00:00+00:00,"‘Most Brutal Part of the Market Cycle’ Now Unfolding for Crypto Markets, Says Analyst Benjamin Cowen"
2023-10-09,2023-10-09 00:00:00+00:00,2023-10-09 00:00:00+00:00,"Crypto Analyst Predicts More Rallies for Ethereum-Based Altcoin, Says Crazy Moves Ahead for Bitcoin (BTC)"
2023-10-09,2023-10-09 00:00:00+00:00,2023-10-09 00:00:00+00:00,Digital Asset Recap Q3 2023: Bitcoin and Ether Outperform Wider Market Amid Regulatory Pressure and the Promise of ETFs
2023-10-09,2023-10-09 00:00:00+00:00,2023-10-09 00:00:00+00:00,Bitcoin's Price Stable as Hamas Attack on Israel Jolts Broader Markets
2023-10-10,2023-10-10 00:00:00+00:00,2023-10-10 00:00:00+00:00,"Bitcoin Whale Abruptly Moves 3,000 BTC Worth Over $83,000,000 After Six Years of Dormancy: On-Chain Data"
2023-10-10,2023-10-10 00:00:00+00:00,2023-10-10 00:00:00+00:00,Bitcoin’s Weekend Performance and Global Market Trends
2023-10-10,2023-10-10 00:00:00+00:00,2023-10-10 00:00:00+00:00,"Cardano (ADA) Regains Top Spot in Development Activity, According to Crypto Analytics Firm Santiment"
2023-10-10,2023-10-10 00:00:00+00:00,2023-10-10 00:00:00+00:00,7 Cryptos to Watch as a Hot Jobs Report Cools Sentiment
2023-10-10,2023-10-10 00:00:00+00:00,2023-10-10 00:00:00+00:00,"Bitcoin Flashing Signs of Returning Strength Amid Tumultuous Macro Backdrop, Says Lead Glassnode Analyst"
2023-10-11,2023-10-11 00:00:00+00:00,2023-10-11 00:00:00+00:00,Bitcoin Minetrix Presale Crosses the $1M Milestone: Why the Stake-to-Mine Token is Trending Despite Crypto Crash
2023-10-11,2023-10-11 00:00:00+00:00,2023-10-11 00:00:00+00:00,Bitcoin Price Forecast: $1 Million by 2026 – A Vision of Economic Change
2023-10-11,2023-10-11 00:00:00+00:00,2023-10-11 00:00:00+00:00,Bitcoin Sinks Nearly 3% to $26.7K; Bulls Ponder How Low It Can Go
2023-10-11,2023-10-11 00:00:00+00:00,2023-10-11 00:00:00+00:00,"Nicholas Merten Issues Dogecoin Warning, Says DOGE Hasn’t Fallen Far Enough – Here’s Why"
2023-10-11,2023-10-11 00:00:00+00:00,2023-10-11 00:00:00+00:00,Bitcoin Price Analysis: 26988 Technical Support Tested After Stops Elected – 12 October 2023
2023-10-12,2023-10-12 00:00:00+00:00,2023-10-12 00:00:00+00:00,"Trader Says Crypto Entering Final Stages of Bear Market, Examines a Weakening Bitcoin (BTC)"
2023-10-12,2023-10-12 00:00:00+00:00,2023-10-12 00:00:00+00:00,"Trezor Unveils New Hardware Wallets, Corrosion-Resistant 'Keep Metal' for Recovery"
2023-10-12,2023-10-12 00:00:00+00:00,2023-10-12 00:00:00+00:00,Ether Drops 1.9% to 7-Month Low as Crypto Buckles Further Following Inflation Data
2023-10-12,2023-10-12 00:00:00+00:00,2023-10-12 00:00:00+00:00,"Bitcoin Struggles to Regain Momentum as It Dips Below Key $27,000 Level"
2023-10-12,2023-10-12 00:00:00+00:00,2023-10-12 00:00:00+00:00,Bitcoin Network Hash Rate Expected to Drop by 20% After April 2024 Halving
2023-10-13,2023-10-13 00:00:00+00:00,2023-10-13 00:00:00+00:00,"Whales Abruptly Move $749,000,000 in Bitcoin, Ethereum, XRP and Shiba Inu – Here’s Where the Crypto Is Heading"
2023-10-13,2023-10-13 00:00:00+00:00,2023-10-13 00:00:00+00:00,"Bitcoin Sees Volatility as Bulls Grapple With Resistance, Struggling to Regain Momentum"
2023-10-13,2023-10-13 00:00:00+00:00,2023-10-13 00:00:00+00:00,"Upcoming Bitcoin Halving Unlikely To Be Bullish Catalyst, Says Crypto Analyst Nicholas Merten – Here’s Why"
2023-10-13,2023-10-13 00:00:00+00:00,2023-10-13 00:00:00+00:00,Is Hamas Using Crypto to Attack Israel? We Don’t Know
2023-10-13,2023-10-13 00:00:00+00:00,2023-10-13 00:00:00+00:00,"Here’s What’s Next for Bitcoin If Past Patterns Are Prologue, According to Rekt Capital"
2023-10-14,2023-10-14 00:00:00+00:00,2023-10-14 00:00:00+00:00,"Potential Spot Bitcoin ETF Greenlight Has Already Been ‘Partially Priced In,’ Says Top Coinbase Researcher"
2023-10-14,2023-10-14 00:00:00+00:00,2023-10-14 00:00:00+00:00,"Cryptocurrency Market Update: Bitcoin Gains 0.5% to Reach $26,859, While Ethereum Inches Up by 0.2% to $1,549"
2023-10-14,2023-10-14 00:00:00+00:00,2023-10-14 00:00:00+00:00,Bitcoin’s Resilience Shines Amid Economic Uncertainties: A Look at the Crypto’s Recent Rally
2023-10-14,2023-10-14 00:00:00+00:00,2023-10-14 00:00:00+00:00,"Bitcoin’s Recent Price Action Signals Uncertainty, Potential Upside"
2023-10-14,2023-10-14 00:00:00+00:00,2023-10-14 00:00:00+00:00,"Bitcoin Lightning Network Sees 1,212% Growth in Routed Transactions in Two Years, According to BTC Tech Company"
2023-10-15,2023-10-15 00:00:00+00:00,2023-10-15 00:00:00+00:00,"Bitcoin Sees Historic Rise in Shark and Whale BTC Wallets, Records New High: Santiment"
2023-10-15,2023-10-15 00:00:00+00:00,2023-10-15 00:00:00+00:00,Cryptocurrency Market Update: Volatility Persists as Investors Eye Promising Assets
2023-10-15,2023-10-15 00:00:00+00:00,2023-10-15 00:00:00+00:00,"Here’s What Could Trigger the Next Dogecoin (DOGE) Bull Run, According to Crypto Strategist"
2023-10-15,2023-10-15 00:00:00+00:00,2023-10-15 00:00:00+00:00,SEC’s Historic Decision Paves the Way for Bitcoin ETFs in the United States
2023-10-15,2023-10-15 00:00:00+00:00,2023-10-15 00:00:00+00:00,BitVM Unveiled: Scaling Bitcoin for the Future
2023-10-16,2023-10-16 00:00:00+00:00,2023-10-16 00:00:00+00:00,The Ripple Effects of a Spot Market Bitcoin ETF
2023-10-16,2023-10-16 00:00:00+00:00,2023-10-16 00:00:00+00:00,Bitcoin’s Growing Role as a Safe Haven in Turbulent Times: A Hedge Against Economic Uncertainty
2023-10-16,2023-10-16 00:00:00+00:00,2023-10-16 00:00:00+00:00,Grayscale Bitcoin Trust Discount Narrows Amidst Growing Prospects for US Bitcoin ETFs
2023-10-16,2023-10-16 00:00:00+00:00,2023-10-16 00:00:00+00:00,What’s All the Fuss About Bitcoin ETFs?
2023-10-16,2023-10-16 00:00:00+00:00,2023-10-16 00:00:00+00:00,Protocol Village: ARPA Network's Random Number Generator 'Randcast' Live on Optimism
2023-10-17,2023-10-17 00:00:00+00:00,2023-10-17 00:00:00+00:00,"Silk Road Hacker Accidentally Showed Feds $70,000,000 Worth of Bitcoin on His Laptop Before Being Arrested: Report"
2023-10-17,2023-10-17 00:00:00+00:00,2023-10-17 00:00:00+00:00,"Bloomberg Analyst Issues Bitcoin Warning, Says BTC ‘Coiled to Move’ – Here’s His Forecast"
2023-10-17,2023-10-17 00:00:00+00:00,2023-10-17 00:00:00+00:00,"Bitcoin (BTC) Could Crash 50% From 2023 High Before Next Year’s Halving, Says Analyst Benjamin Cowen"
2023-10-17,2023-10-17 00:00:00+00:00,2023-10-17 00:00:00+00:00,7 Cryptos Pop Higher on ‘Fake News’ That Could Turn True
2023-10-17,2023-10-17 00:00:00+00:00,2023-10-17 00:00:00+00:00,"Whistleblower Edward Snowden Issues Warning, Says Spot Bitcoin ETF a Form of Subjugation by TradFi"
2023-10-18,2023-10-18 00:00:00+00:00,2023-10-18 00:00:00+00:00,Investment as a Service: Table Stakes for the Next Crypto Cycle
2023-10-18,2023-10-18 00:00:00+00:00,2023-10-18 00:00:00+00:00,Bitcoin Market Rattled by False BlackRock ETF Approval News – Real Impact on the Horizon
2023-10-18,2023-10-18 00:00:00+00:00,2023-10-18 00:00:00+00:00,"Bitcoin’s Resurgence: Dominance Reaches 31-Month High, Signaling Strength in Cryptocurrency Market"
2023-10-18,2023-10-18 00:00:00+00:00,2023-10-18 00:00:00+00:00,Cracks Appear as Ethereum Staking Demand Wanes
2023-10-18,2023-10-18 00:00:00+00:00,2023-10-18 00:00:00+00:00,"Stellar, Early Blockchain Built for Payments, Adds Smart Contracts to Take on Ethereum"
2023-10-19,2023-10-19 00:00:00+00:00,2023-10-19 00:00:00+00:00,How Could Bitcoin's Price React if a Spot Bitcoin ETF Is Approved?
2023-10-19,2023-10-19 00:00:00+00:00,2023-10-19 00:00:00+00:00,"Bitcoin Eyes $29K, Defying Fresh Crypto Lawsuit, Rate Fears"
2023-10-19,2023-10-19 00:00:00+00:00,2023-10-19 00:00:00+00:00,Bitcoin Could Rise to Between $42K and $56K if BlackRock ETF Is Approved: Matrixport
2023-10-19,2023-10-19 00:00:00+00:00,2023-10-19 00:00:00+00:00,Bitcoin Landscape: Current State and Future Prospects
2023-10-19,2023-10-19 00:00:00+00:00,2023-10-19 00:00:00+00:00,"Bitcoin Flashing Bullish Signal As BTC Volatility Prepares To Make ‘Grand Entrance’, Says Glassnode Co-Founders"
2023-10-20,2023-10-20 00:00:00+00:00,2023-10-20 00:00:00+00:00,Crypto Giant Grayscale Submits Critical Filing on the Road To Launch Potential Spot Bitcoin ETF
2023-10-20,2023-10-20 00:00:00+00:00,2023-10-20 00:00:00+00:00,Solana Rallies 26% in a Week Despite FTX Sale Fears; What's Behind the Move?
2023-10-20,2023-10-20 00:00:00+00:00,2023-10-20 00:00:00+00:00,GSR Markets President on Bitcoin's Role in Geopolitical Conflicts
2023-10-20,2023-10-20 00:00:00+00:00,2023-10-20 00:00:00+00:00,Bitcoin (BTC) Price Analysis: Strong Advance to 30248 – 21 October 2023
2023-10-20,2023-10-20 00:00:00+00:00,2023-10-20 00:00:00+00:00,"Crypto Analyst Bats Down Predictions of Bitcoin Crash to $20,000 – Here’s Why He Says That Move Is ‘Improbable’"
2023-10-21,2023-10-21 00:00:00+00:00,2023-10-21 00:00:00+00:00,"Crypto Markets Rally as Bitcoin Approaches $30,000 Mark"
2023-10-21,2023-10-21 00:00:00+00:00,2023-10-21 00:00:00+00:00,Crypto Market Heats Up: Bitcoin and XRP Surge Amid Legal Wins and ETF Anticipation
2023-10-21,2023-10-21 00:00:00+00:00,2023-10-21 00:00:00+00:00,Bitcoin (BTC) Price Analysis: Bulls Test 29896 in Rebound – 22 October 2023
2023-10-21,2023-10-21 00:00:00+00:00,2023-10-21 00:00:00+00:00,U.S. Treasury Department Agency Warns Financial Institutions To Look Out for Hamas Crypto Fundraising Efforts
2023-10-21,2023-10-21 00:00:00+00:00,2023-10-21 00:00:00+00:00,Bitcoin’s Promising Future: On-Chain Data Hints at a Potential Market Breakthrough
2023-10-22,2023-10-22 00:00:00+00:00,2023-10-22 00:00:00+00:00,Bitcoin (BTC) Price Analysis: Bulls Targeting 31862 – 23 October 2023
2023-10-22,2023-10-22 00:00:00+00:00,2023-10-22 00:00:00+00:00,Analyst Nicholas Merten Predicts Bitcoin (BTC) Will Be Hit Hard by Resistance and Make Move to the Downside
2023-10-22,2023-10-22 00:00:00+00:00,2023-10-22 00:00:00+00:00,Bitcoin’s Recent Performance: Short-Term Profit-Taking or Long-Term Confidence?
2023-10-22,2023-10-22 00:00:00+00:00,2023-10-22 00:00:00+00:00,Bitcoin’s Promising Outlook: Expert Predicts Major Price Surge
2023-10-22,2023-10-22 00:00:00+00:00,2023-10-22 00:00:00+00:00,Bitcoin and Gold See Simultaneous Price Surges: What’s Driving the Rally?
2023-10-23,2023-10-23 00:00:00+00:00,2023-10-23 00:00:00+00:00,"Bloomberg Analyst Says ‘Air Pocket’ on Bitcoin Chart Could Trigger BTC Explosion to $39,000"
2023-10-23,2023-10-23 00:00:00+00:00,2023-10-23 00:00:00+00:00,"Bitcoin Rises Above $31K, With Options Positioning Suggesting Price Has Further to Run"
2023-10-23,2023-10-23 00:00:00+00:00,2023-10-23 00:00:00+00:00,"Bitcoin Faces Crucial Resistance at $30,000 Amidst Optimism"
2023-10-23,2023-10-23 00:00:00+00:00,2023-10-23 00:00:00+00:00,"All Spot-Bitcoin ETF Applications May be Approved Together, Crypto ETF Expert Predicts"
2023-10-23,2023-10-23 00:00:00+00:00,2023-10-23 00:00:00+00:00,BTC Valued at $144M Sent to Coin Mixer From Defunct Darknet Market After Eight-Year Wait
2023-10-24,2023-10-24 00:00:00+00:00,2023-10-24 00:00:00+00:00,Bitcoin Prices Are Surging as Investors Bet on a Bitcoin ETF
2023-10-24,2023-10-24 00:00:00+00:00,2023-10-24 00:00:00+00:00,"$116,000,000 Gains Missed by US Government by Selling Bitcoin Trove in March"
2023-10-24,2023-10-24 00:00:00+00:00,2023-10-24 00:00:00+00:00,"Coinbase, Bitcoin Miners Extend Gains as BTC Surges on BlackRock ETF Hopes"
2023-10-24,2023-10-24 00:00:00+00:00,2023-10-24 00:00:00+00:00,Bitcoin’s Rally and the Potential Impact of a Spot ETF Approval
2023-10-24,2023-10-24 00:00:00+00:00,2023-10-24 00:00:00+00:00,Bitcoin (BTC) Price Analysis: Bulls Stampede to 35157 – 25 October 2023
2023-10-25,2023-10-25 00:00:00+00:00,2023-10-25 00:00:00+00:00,"Bitcoin’s Market Sentiment Soars, Approaching All-Time High Levels"
2023-10-25,2023-10-25 00:00:00+00:00,2023-10-25 00:00:00+00:00,Bitcoin (BTC) Price Analysis: Technical Bulls Pile On at 33000 – 26 October 2023
2023-10-25,2023-10-25 00:00:00+00:00,2023-10-25 00:00:00+00:00,Trader Who Called 2022 Crypto Bottom Warns Bitcoin (BTC) in Dangerous Territory Following Big Breakout
2023-10-25,2023-10-25 00:00:00+00:00,2023-10-25 00:00:00+00:00,"Bitcoin Retreats From $35K; Miner Selling Pressure May Cap Prices, Crypto Hedge Fund Says"
2023-10-25,2023-10-25 00:00:00+00:00,2023-10-25 00:00:00+00:00,CFTC Commissioner Bullish On Bitcoin (BTC) Spot ETF
2023-10-26,2023-10-26 00:00:00+00:00,2023-10-26 00:00:00+00:00,More Tokens Are Being Delisted From Crypto Exchanges This Year: Kaiko
2023-10-26,2023-10-26 00:00:00+00:00,2023-10-26 00:00:00+00:00,Pepecoin Doubles to $500M Market Cap as Memecoin Fever Steals Bitcoin's ETF Thunder
2023-10-26,2023-10-26 00:00:00+00:00,2023-10-26 00:00:00+00:00,How Crypto Bankruptcies are Playing Out in U.S. Courts
2023-10-26,2023-10-26 00:00:00+00:00,2023-10-26 00:00:00+00:00,"Crypto Analyst Congratulates Traders on Surviving the Bear Market, Looks Ahead on Bitcoin (BTC)"
2023-10-26,2023-10-26 00:00:00+00:00,2023-10-26 00:00:00+00:00,Bloomberg Analyst Says Bitcoin Officially in Bull Market Territory After 2020-Style Break of Critical Resistance
2023-10-27,2023-10-27 00:00:00+00:00,2023-10-27 00:00:00+00:00,"Bitcoin Projected to Reach New Heights in 2024, With $125K Target in Sight: Matrixport Analysis"
2023-10-27,2023-10-27 00:00:00+00:00,2023-10-27 00:00:00+00:00,"Bitcoin’s Fifth Bull Market Predicted to Propel Price to $125,000 by December 2024"
2023-10-27,2023-10-27 00:00:00+00:00,2023-10-27 00:00:00+00:00,"Crypto Update | Bitcoin's Surge, GDP Insights, and Market Turbulence"
2023-10-27,2023-10-27 00:00:00+00:00,2023-10-27 00:00:00+00:00,"Bitcoin Catches Market Cap of Elon Musk's Tesla Amid ETF-Fueled Rally, but Traders Cautious Ahead of Fed Meeting"
2023-10-27,2023-10-27 00:00:00+00:00,2023-10-27 00:00:00+00:00,"Bitcoin's 14% Weekly Gain Signals 'End of an Era' as Big Tech Dumps, Analyst Says"
2023-10-28,2023-10-28 00:00:00+00:00,2023-10-28 00:00:00+00:00,Bitcoin Spark (BTCS): A Revolution in Cryptocurrency with Potential for Mass Adoption
2023-10-28,2023-10-28 00:00:00+00:00,2023-10-28 00:00:00+00:00,"Bitcoin Surges to New Highs, But Faces Resistance Ahead: What You Need to Know"
2023-10-28,2023-10-28 00:00:00+00:00,2023-10-28 00:00:00+00:00,"Bitcoin in the Early Stages of a Bull Market, Says Crypto Analytics Firm IntoTheBlock – But There’s a Catch"
2023-10-28,2023-10-28 00:00:00+00:00,2023-10-28 00:00:00+00:00,Bitcoin’s Recent Surge and What It Means for Investors
2023-10-28,2023-10-28 00:00:00+00:00,2023-10-28 00:00:00+00:00,Bitcoin (BTC) Price Analysis: Bounce from 33400 – 29 October 2023
2023-10-29,2023-10-29 00:00:00+00:00,2023-10-29 00:00:00+00:00,Top Trader Says Bitcoin (BTC) Has More Room To Run After Clean Break of Critical Resistance – Here’s His Target
2023-10-29,2023-10-29 00:00:00+00:00,2023-10-29 00:00:00+00:00,"Bitcoin Faces Potential Correction Amidst Stock Market Uncertainty, Analyst Warns"
2023-10-29,2023-10-29 00:00:00+00:00,2023-10-29 00:00:00+00:00,Bitcoin Surges to New Heights as October Draws to a Close
2023-10-29,2023-10-29 00:00:00+00:00,2023-10-29 00:00:00+00:00,Crypto Analyst Benjamin Cowen Says Fed Pivot and Altcoin Rallies Won’t Happen Until This Occurs
2023-10-29,2023-10-29 00:00:00+00:00,2023-10-29 00:00:00+00:00,Bitcoin and Gold: Investment Choices Amidst Geopolitical Unrest
2023-10-30,2023-10-30 00:00:00+00:00,2023-10-30 00:00:00+00:00,"Solana's Long-Term Outlook Is 'Positive,' Fundamentals Not Yet Reflected: Nansen Analyst"
2023-10-30,2023-10-30 00:00:00+00:00,2023-10-30 00:00:00+00:00,Bitcoin to Repeat 2019 Correction? Trader Outlines ‘Worst-Case Scenario’ for BTC
2023-10-30,2023-10-30 00:00:00+00:00,2023-10-30 00:00:00+00:00,"Here’s When Bitcoin (BTC) Could Reach All-Time Highs, According to Crypto Analyst Jason Pizzino"
2023-10-30,2023-10-30 00:00:00+00:00,2023-10-30 00:00:00+00:00,Gemini Sues Genesis for $1.6B in Grayscale Bitcoin Shares Trust (GBTC)
2023-10-30,2023-10-30 00:00:00+00:00,2023-10-30 00:00:00+00:00,Crypto Winter Is Over
2023-10-31,2023-10-31 00:00:00+00:00,2023-10-31 00:00:00+00:00,"BlackRock's Bitcoin ETF Might Have Trading Support of Heavyweights Like Jane Street, Jump and Virtu: Source"
2023-10-31,2023-10-31 00:00:00+00:00,2023-10-31 00:00:00+00:00,"Bitcoin Price Rebounds from Recent Lows, Showing Signs of Recovery"
2023-10-31,2023-10-31 00:00:00+00:00,2023-10-31 00:00:00+00:00,Spot Bitcoin ETF Launch Could Bring Up to $100B in Inflows Over Next 5 Years: Analyst
2023-10-31,2023-10-31 00:00:00+00:00,2023-10-31 00:00:00+00:00,"CEO of $76,000,000,000 Asset Manager Says ‘Close to Perfect’ Trade Setup Forming for Bitcoin and Crypto in 2024 – Here’s Why"
2023-10-31,2023-10-31 00:00:00+00:00,2023-10-31 00:00:00+00:00,"Contrarian Indicator Suggesting Bitcoin (BTC) Ready for Large Correction, According to Analyst Benjamin Cowen"
2023-11-01,2023-11-01 00:00:00+00:00,2023-11-01 00:00:00+00:00,Bitcoin's Triangular Consolidation Offers Bullish Outlook: Technical Analysis
2023-11-01,2023-11-01 00:00:00+00:00,2023-11-01 00:00:00+00:00,Bitcoin Surges by 30% in October: Is the 2023 Bull Market Here?
2023-11-01,2023-11-01 00:00:00+00:00,2023-11-01 00:00:00+00:00,Bitcoin (BTC) Price Analysis: Technicals at 34732 Challenge Upside – 2 November 2023
2023-11-01,2023-11-01 00:00:00+00:00,2023-11-01 00:00:00+00:00,"Billionaire Stanley Druckenmiller Says He Should Own Bitcoin (BTC), Predicts Trouble for US Economy Next Year"
2023-11-01,2023-11-01 00:00:00+00:00,2023-11-01 00:00:00+00:00,Closing Arguments Start in Sam Bankman-Fried's Trial; Could Bitcoin Reach $150K by 2025?
2023-11-02,2023-11-02 00:00:00+00:00,2023-11-02 00:00:00+00:00,Bitcoin Trends and Future Prospects: A Comprehensive Analysis
2023-11-02,2023-11-02 00:00:00+00:00,2023-11-02 00:00:00+00:00,Crypto for Advisors: Opinion: Direct Crypto Ownership Is Best
2023-11-02,2023-11-02 00:00:00+00:00,2023-11-02 00:00:00+00:00,'Santa Rally' Could Spark Bitcoin to $56K by Year-End; PayPal Faces SEC Scrutiny
2023-11-02,2023-11-02 00:00:00+00:00,2023-11-02 00:00:00+00:00,Here's Why Bitcoin Will 10X From Here: Michael Saylor
2023-11-02,2023-11-02 00:00:00+00:00,2023-11-02 00:00:00+00:00,Crypto Markets Update as Federal Reserve Leaves Rates Unchanged
2023-11-03,2023-11-03 00:00:00+00:00,2023-11-03 00:00:00+00:00,Market Teeters for Ripple (XRP) and Avalanche (AVAX) Amidst Rally Hopes
2023-11-03,2023-11-03 00:00:00+00:00,2023-11-03 00:00:00+00:00,EDX Markets Delists Bitcoin Cash (BCH): A Move Shaped by Regulatory Compliance
2023-11-03,2023-11-03 00:00:00+00:00,2023-11-03 00:00:00+00:00,Bitcoin (BTC) Price Analysis: Expanding Volatility Clouds Technical Outlook – 4 November 2023
2023-11-03,2023-11-03 00:00:00+00:00,2023-11-03 00:00:00+00:00,Bitcoin Mining Stocks Climb This Week as BTC Hovers Near 17-Month High
2023-11-03,2023-11-03 00:00:00+00:00,2023-11-03 00:00:00+00:00,"‘Adult Supervision’ To Usher In 900% Price Explosion for Bitcoin, Says Michael Saylor – Here’s What He Means"
2023-11-04,2023-11-04 00:00:00+00:00,2023-11-04 00:00:00+00:00,"MicroStrategy’s Bitcoin Investment Soars 242%, Outperforming Traditional Assets"
2023-11-04,2023-11-04 00:00:00+00:00,2023-11-04 00:00:00+00:00,Bitcoin (BTC) Price Analysis: Fading Below 35048 Technicals – 5 November 2023
2023-11-04,2023-11-04 00:00:00+00:00,2023-11-04 00:00:00+00:00,"Analyst Says Bitcoin Structure Bullish, Predicts Parabolic Rally for ‘Impulsive’ BTC – Here Are His Targets"
2023-11-04,2023-11-04 00:00:00+00:00,2023-11-04 00:00:00+00:00,Bitcoin’s Price Fluctuations: A Rollercoaster Ride for Investors
2023-11-04,2023-11-04 00:00:00+00:00,2023-11-04 00:00:00+00:00,Bitcoin’s Recent Surge: Understanding the Driving Forces Behind Its Price Increase
2023-11-05,2023-11-05 00:00:00+00:00,2023-11-05 00:00:00+00:00,"Dan Morehead Predicts Stock Market Crash, Says Crypto To Outshine Equities, Real Estate and Bonds"
2023-11-05,2023-11-05 00:00:00+00:00,2023-11-05 00:00:00+00:00,"Here’s a Reasonable Solana (SOL) Price Target for Next Bull Run, According to Ex-Goldman Sachs Executive Raoul Pal"
2023-11-05,2023-11-05 00:00:00+00:00,2023-11-05 00:00:00+00:00,Bitcoin (BTC) Price Analysis: 35272 Technical Barrier Tested – 6 November 2023
2023-11-05,2023-11-05 00:00:00+00:00,2023-11-05 00:00:00+00:00,"Last Time This Happened, Bitcoin Exploded, According to Glassnode Co-Founders – Here’s What They Mean"
2023-11-05,2023-11-05 00:00:00+00:00,2023-11-05 00:00:00+00:00,Featured Story | What Will Wall Street’s Bitcoin Narrative Be?
2023-11-06,2023-11-06 00:00:00+00:00,2023-11-06 00:00:00+00:00,"Crypto Funds See $767M Six-Week Inflow, Best Since 2021 Bull Market: CoinShares"
2023-11-06,2023-11-06 00:00:00+00:00,2023-11-06 00:00:00+00:00,Bitcoin (BTC) Price Analysis: Strong Momentum Favoring Longs – 7 November 2023
2023-11-06,2023-11-06 00:00:00+00:00,2023-11-06 00:00:00+00:00,Microsoft Listing Fake Ledger App Leads to $590K of Bitcoin Stolen by Hackers
2023-11-06,2023-11-06 00:00:00+00:00,2023-11-06 00:00:00+00:00,ProShares Launches Short Ether-Linked ETF
2023-11-06,2023-11-06 00:00:00+00:00,2023-11-06 00:00:00+00:00,Cathie Wood Likes Bitcoin as Both Deflationary and Inflationary Hedge
2023-11-07,2023-11-07 00:00:00+00:00,2023-11-07 00:00:00+00:00,[RE-AIR] Marathon Tests BTC Mining With Methane Gas From Waste Landfill; Is Altcoin Season Coming?
2023-11-07,2023-11-07 00:00:00+00:00,2023-11-07 00:00:00+00:00,Is Altcoin Season Coming?
2023-11-07,2023-11-07 00:00:00+00:00,2023-11-07 00:00:00+00:00,"Solana (SOL) Set To Take Market Share Away From Cardano (ADA), According to Bloomberg Crypto Analyst"
2023-11-07,2023-11-07 00:00:00+00:00,2023-11-07 00:00:00+00:00,Bitcoin’s Remarkable Growth in New Addresses Fuels Optimism for Future Price Surge
2023-11-07,2023-11-07 00:00:00+00:00,2023-11-07 00:00:00+00:00,Marathon Digital CEO on Testing BTC Mining With Methane Gas From Waste Landfill
2023-11-08,2023-11-08 00:00:00+00:00,2023-11-08 00:00:00+00:00,Bitcoin Pushes Towards $36K Ahead of Last Approval Period For Spot ETFs This Year
2023-11-08,2023-11-08 00:00:00+00:00,2023-11-08 00:00:00+00:00,Bitcoin Breakout Toward $45K 'Imminent' Says Matrixport
2023-11-08,2023-11-08 00:00:00+00:00,2023-11-08 00:00:00+00:00,Bitcoin’s Price Sees Ups and Downs: What Lies Ahead?
2023-11-08,2023-11-08 00:00:00+00:00,2023-11-08 00:00:00+00:00,Trader That Called 2021 Collapse Predicts Peak Bitcoin (BTC) Price During Next Market Expansion
2023-11-08,2023-11-08 00:00:00+00:00,2023-11-08 00:00:00+00:00,"Bitcoin Miner Marathon Digital Beats Q3 Earnings Estimates, but Misses on Revenue"
2023-11-09,2023-11-09 00:00:00+00:00,2023-11-09 00:00:00+00:00,Bitcoin’s Soaring Price: SEC’s Potential Greenlight for Spot BTC ETFs
2023-11-09,2023-11-09 00:00:00+00:00,2023-11-09 00:00:00+00:00,Bitcoin Enthusiasts in Sweden Face Targeted Attacks: Concerns Rise Over Personal Information Exposure
2023-11-09,2023-11-09 00:00:00+00:00,2023-11-09 00:00:00+00:00,"Bitcoin’s Impressive 5-Day Surge to New Year-to-Date High of $36,800 Signals Strong Investor Confidence"
2023-11-09,2023-11-09 00:00:00+00:00,2023-11-09 00:00:00+00:00,"2 Years Ago, Bitcoin Hit an All-Time High. Is Another Rally on the Way?"
2023-11-09,2023-11-09 00:00:00+00:00,2023-11-09 00:00:00+00:00,"Ether Surges to 7-Month High, Outshines Bitcoin on BlackRock ETF Plans; Altcoins Plunge"
2023-11-10,2023-11-10 00:00:00+00:00,2023-11-10 00:00:00+00:00,Ether Surges on BlackRock’s ETF Plans; A Milestone for Michael Saylor’s Massive Bitcoin Bet
2023-11-10,2023-11-10 00:00:00+00:00,2023-11-10 00:00:00+00:00,"Tron Founder Justin Sun Offers 5% Cut to Hacker After Poloniex Crypto Exchange Loses $125,000,000 in Cyber Heist"
2023-11-10,2023-11-10 00:00:00+00:00,2023-11-10 00:00:00+00:00,3 Cryptos That Are Worth Investing in for the Long Term
2023-11-10,2023-11-10 00:00:00+00:00,2023-11-10 00:00:00+00:00,Bitcoin Fund Holdings Hit All-Time High as Spot ETF Excitement Entices Crypto Investors
2023-11-10,2023-11-10 00:00:00+00:00,2023-11-10 00:00:00+00:00,"Here’s How High Bitcoin Could Soar in the First Year of Its Bull Cycle, Says Crypto Analyst Michaël van de Poppe"
2023-11-11,2023-11-11 00:00:00+00:00,2023-11-11 00:00:00+00:00,How High Can Bitcoin (BTC) and Ethereum (ETH) Soar Before the Christmas Rally?
2023-11-11,2023-11-11 00:00:00+00:00,2023-11-11 00:00:00+00:00,"Analyst Benjamin Cowen Issues Ethereum Alert, Says ETH To Continue Underperforming Against Bitcoin – Here’s Why"
2023-11-11,2023-11-11 00:00:00+00:00,2023-11-11 00:00:00+00:00,Memeinator Sparks Crypto Frenzy with $1.2M Raise Amidst Bitcoin Surge
2023-11-11,2023-11-11 00:00:00+00:00,2023-11-11 00:00:00+00:00,"Arthur Hayes Says Ethereum Could Explode by Over 4,600%, Doubles Down on $1 Million Bitcoin Prediction"
2023-11-11,2023-11-11 00:00:00+00:00,2023-11-11 00:00:00+00:00,"Top Trader Who Nailed Bitcoin and Crypto Bottom in 2022 Issues Warning, Says Market ‘Just Turned More Dangerous’"
2023-11-12,2023-11-12 00:00:00+00:00,2023-11-12 00:00:00+00:00,"Bitcoin Showing Bearish Signal As Miners Unload $175,000,000 in BTC: Crypto Strategist"
2023-11-12,2023-11-12 00:00:00+00:00,2023-11-12 00:00:00+00:00,Critical Week for Bitcoin ETF Approval: SEC Faces Tight Window
2023-11-12,2023-11-12 00:00:00+00:00,2023-11-12 00:00:00+00:00,"Solana (SOL) Surges Forward, Yet Potential Remains Untapped"
2023-11-12,2023-11-12 00:00:00+00:00,2023-11-12 00:00:00+00:00,MicroStrategy’s Bitcoin Venture Surges Past $1 Billion in Profits: A Crypto Odyssey Unfolds
2023-11-12,2023-11-12 00:00:00+00:00,2023-11-12 00:00:00+00:00,"Bitcoin Faces Critical Week as Funding Rates Signal Caution Amid $37,000 Price Standstill"
2023-11-13,2023-11-13 00:00:00+00:00,2023-11-13 00:00:00+00:00,"A Critical Week Ahead for Bitcoin (BTC) and Solana (SOL), Investor Confusion Peaks"
2023-11-13,2023-11-13 00:00:00+00:00,2023-11-13 00:00:00+00:00,A Closer Look at BTC Volumes and the Likelihood of a Spot Bitcoin ETF Approval
2023-11-13,2023-11-13 00:00:00+00:00,2023-11-13 00:00:00+00:00,"Bitcoin’s Intermediate-Term Momentum 'Very Much to the Upside,' Technical Analyst Says"
2023-11-13,2023-11-13 00:00:00+00:00,2023-11-13 00:00:00+00:00,Crypto Fund Inflows of $293M Bring Yearly Total Above $1B: CoinShares
2023-11-13,2023-11-13 00:00:00+00:00,2023-11-13 00:00:00+00:00,Bitcoin Rallies Over 100% Year-to-Date; Tax Week 2023
2023-11-14,2023-11-14 00:00:00+00:00,2023-11-14 00:00:00+00:00,"ARK’s Cathie Wood Says Bitcoin Looking ‘As Good as it Gets,’ On-Chain Metrics Looking Like a Bull Market"
2023-11-14,2023-11-14 00:00:00+00:00,2023-11-14 00:00:00+00:00,"Massive Altcoin Season Is Still Yet To Come, Says Crypto Analyst Jason Pizzino – Here’s Why"
2023-11-14,2023-11-14 00:00:00+00:00,2023-11-14 00:00:00+00:00,"Bitcoin Drops 4% to $35K Despite Soaring Tradfi Markets, But Analysts Remain Optimistic"
2023-11-14,2023-11-14 00:00:00+00:00,2023-11-14 00:00:00+00:00,"Crypto Bulls Hit by $300M in Liquidations as Bitcoin, Ether Buckle on Fizzling ETF Momentum"
2023-11-14,2023-11-14 00:00:00+00:00,2023-11-14 00:00:00+00:00,Bitcoin's Price Hovers Around $36.6K After U.S. Inflation Data
2023-11-15,2023-11-15 00:00:00+00:00,2023-11-15 00:00:00+00:00,"'Intents' Are Blockchain's Big New Buzzword. What are They, And What Are the Risks?"
2023-11-15,2023-11-15 00:00:00+00:00,2023-11-15 00:00:00+00:00,Hong Kong Gaming Company Boyaa Interactive Seeks Approval to Buy $100M in Crypto to Boost Web3 Strategy
2023-11-15,2023-11-15 00:00:00+00:00,2023-11-15 00:00:00+00:00,"Bitcoin’s Battle: Asset Managers Bullish, Hedge Funds Cautious – A Clash of Crypto Titans"
2023-11-15,2023-11-15 00:00:00+00:00,2023-11-15 00:00:00+00:00,Bitcoin (BTC) Price Analysis: Bears Test 34907 Technicals – 16 November 2023
2023-11-15,2023-11-15 00:00:00+00:00,2023-11-15 00:00:00+00:00,The Protocol: Ethereum Layer-2s Keep Coming as OKX Apes In
2023-11-16,2023-11-16 00:00:00+00:00,2023-11-16 00:00:00+00:00,"Bitcoin Dips 5% to Under $36K as Crypto Rally Runs Into Wall, Liquidating $340M in 2 Days"
2023-11-16,2023-11-16 00:00:00+00:00,2023-11-16 00:00:00+00:00,"Bitcoin cae un 5% a menos de $36,000 mientras el cripto Rally choca contra la pared, liquidando $340 millones en 2 días"
2023-11-16,2023-11-16 00:00:00+00:00,2023-11-16 00:00:00+00:00,Crypto Keepers: The Only 3 Cryptocurrencies to Hold for the Long Haul
2023-11-16,2023-11-16 00:00:00+00:00,2023-11-16 00:00:00+00:00,Bitcoin’s Market Resilience Amidst Shifting Institutional Engagement: A Detailed Analysis
2023-11-16,2023-11-16 00:00:00+00:00,2023-11-16 00:00:00+00:00,Here’s the Price Range Where Bitcoin Could ‘Hold or Fold’ in Latest Correction: Glassnode
2023-11-17,2023-11-17 00:00:00+00:00,2023-11-17 00:00:00+00:00,Majority of US Institutional Investors Believe Crypto Prices Will Go Up in the Next Year: Coinbase Survey
2023-11-17,2023-11-17 00:00:00+00:00,2023-11-17 00:00:00+00:00,"Crypto Analyst Updates Outlook on Bitcoin (BTC), Dogecoin (DOGE) and One Top AI Altcoin"
2023-11-17,2023-11-17 00:00:00+00:00,2023-11-17 00:00:00+00:00,SEC Delays Decisions on Franklin Templeton and Global X Spot Bitcoin ETFs
2023-11-17,2023-11-17 00:00:00+00:00,2023-11-17 00:00:00+00:00,"More Bitcoin ETF Rejections 'Quite Likely,' BitGo's Belshe Says"
2023-11-17,2023-11-17 00:00:00+00:00,2023-11-17 00:00:00+00:00,Fidelity quiere crear un ETF de Ether y unirse a BlackRock para duplicar su apuesta por las criptomonedas
2023-11-18,2023-11-18 00:00:00+00:00,2023-11-18 00:00:00+00:00,SEC’s Delay on Bitcoin ETF Approvals Sparks Market Speculation and Potential Impacts on Crypto Investment Landscape
2023-11-18,2023-11-18 00:00:00+00:00,2023-11-18 00:00:00+00:00,US SEC Delays Decisions on Multiple Bitcoin (BTC) and Ethereum (ETH) ETF Applications
2023-11-18,2023-11-18 00:00:00+00:00,2023-11-18 00:00:00+00:00,Germany’s Bold Move: Bitcoin’s Potential as Legal Tender and Its Impact on Global Markets
2023-11-18,2023-11-18 00:00:00+00:00,2023-11-18 00:00:00+00:00,Will Bitcoin (BTC) and Ethereum (ETH) Ride the Institutional Wave to New Peaks by 2024?
2023-11-18,2023-11-18 00:00:00+00:00,2023-11-18 00:00:00+00:00,"Whales Gobble Up Bitcoin As Top Crypto Asset Tracks Sideways This Week, According to Analytics Firm IntoTheBlock"
2023-11-19,2023-11-19 00:00:00+00:00,2023-11-19 00:00:00+00:00,"Top Altcoins You Need to Keep an Eye On – Solana (SOL), Chainlink (LINK), Avalanche (AVAX)"
2023-11-19,2023-11-19 00:00:00+00:00,2023-11-19 00:00:00+00:00,"While Bitcoin Dominance Shadows Altcoins, Could Polygon (MATIC) and Litecoin (LTC) Be Overlooked Treasures?"
2023-11-19,2023-11-19 00:00:00+00:00,2023-11-19 00:00:00+00:00,"The Road to a Bitcoin ETF: Exploring Challenges, Projections, and Market Impact"
2023-11-19,2023-11-19 00:00:00+00:00,2023-11-19 00:00:00+00:00,"Altcoin Market Corrections Test Algorand (ALGO) and GALA (GALA) Strength, Will They Stay Firm?"
2023-11-19,2023-11-19 00:00:00+00:00,2023-11-19 00:00:00+00:00,Potential Bitcoin Price Surge: Key Insights on a Catalyst and Projected Market Impact
2023-11-20,2023-11-20 00:00:00+00:00,2023-11-20 00:00:00+00:00,El plan de renovación de Celsius alcanza un obstáculo con la SEC: fuente
2023-11-20,2023-11-20 00:00:00+00:00,2023-11-20 00:00:00+00:00,Celsius Revamp Plan Hits Speed Bump With SEC: Source
2023-11-20,2023-11-20 00:00:00+00:00,2023-11-20 00:00:00+00:00,Bitcoin Breaks Above $37K After Argentina's Presidential Election Result
2023-11-20,2023-11-20 00:00:00+00:00,2023-11-20 00:00:00+00:00,Argentina’s Election: What Bitcoiners Are Getting Wrong
2023-11-20,2023-11-20 00:00:00+00:00,2023-11-20 00:00:00+00:00,Former Twitch CEO Tapped as New OpenAI Chief; Crypto Friendly Javier Milei Wins Argentine Presidency
2023-11-21,2023-11-21 00:00:00+00:00,2023-11-21 00:00:00+00:00,Bitcoin’s Hash Rate Surge Ahead of 2024 Halving: What It Means for Investors
2023-11-21,2023-11-21 00:00:00+00:00,2023-11-21 00:00:00+00:00,Bitcoin Buffeted Then Bounces on Binance/U.S. Settlement Report
2023-11-21,2023-11-21 00:00:00+00:00,2023-11-21 00:00:00+00:00,Bitcoin (BTC) Price Analysis: Technical Sell-Off from 37675 – 22 November 2023
2023-11-21,2023-11-21 00:00:00+00:00,2023-11-21 00:00:00+00:00,SEC Suing Kraken a 'Big Yawn' For Crypto Markets: Opimas CEO
2023-11-21,2023-11-21 00:00:00+00:00,2023-11-21 00:00:00+00:00,‘They’re Playing a Game’: What New Yorkers Think of the SEC’s War Against Crypto
2023-11-22,2023-11-22 00:00:00+00:00,2023-11-22 00:00:00+00:00,"Bitcoin and Crypto Markets Shake Off Binance News, Turn Higher for Week"
2023-11-22,2023-11-22 00:00:00+00:00,2023-11-22 00:00:00+00:00,ChatGPT Forecasts Bitcoin’s 2024 Trajectory and Unveils Potential BTC Mining Token Surge
2023-11-22,2023-11-22 00:00:00+00:00,2023-11-22 00:00:00+00:00,"2024 Bitcoin Forecast: Specialists Anticipate BTC Hitting $60K, Positive Sentiment Surrounding NuggetRush"
2023-11-22,2023-11-22 00:00:00+00:00,2023-11-22 00:00:00+00:00,Bitcoin (BTC) Price Analysis: Short-Term Shakeout Following Volatility – 23 November 2023
2023-11-22,2023-11-22 00:00:00+00:00,2023-11-22 00:00:00+00:00,Los mercados de Bitcoin y criptomonedas se deshacen de las noticias de Binance y la aprobación del ETF de Eye Spot
2023-11-23,2023-11-23 00:00:00+00:00,2023-11-23 00:00:00+00:00,Crypto for Advisors: Is Bitcoin for You?
2023-11-23,2023-11-23 00:00:00+00:00,2023-11-23 00:00:00+00:00,"El remitente de Bitcoin recibe una tarifa de transacción de $ 3,1 millones, la más grande de la historia"
2023-11-23,2023-11-23 00:00:00+00:00,2023-11-23 00:00:00+00:00,"Bitcoin Sender Struck With $3.1M Transaction Fee, Largest in History"
2023-11-23,2023-11-23 00:00:00+00:00,2023-11-23 00:00:00+00:00,Unlocking Portfolio Potential: Bitcoin ETFs Paving the Way for Diversification and Reduced Risk
2023-11-23,2023-11-23 00:00:00+00:00,2023-11-23 00:00:00+00:00,Bitcoin (BTC) Price Analysis: 38000 in Reach of Breach Again – 24 November 2023
2023-11-24,2023-11-24 00:00:00+00:00,2023-11-24 00:00:00+00:00,Grayscale's GBTC Discount to NAV At Narrowest Since July 2021 on ETF Optimism
2023-11-24,2023-11-24 00:00:00+00:00,2023-11-24 00:00:00+00:00,Bitcoin apunta a los 40.000 dólares después de superar los 38.000 dólares por primera vez desde mayo de 2022
2023-11-24,2023-11-24 00:00:00+00:00,2023-11-24 00:00:00+00:00,Bitcoin Eyes $40K After Breaching $38K for First Time Since May 2022
2023-11-24,2023-11-24 00:00:00+00:00,2023-11-24 00:00:00+00:00,Binance Bitcoin Reserves Dip After Legal Woes: Retail Exodus and Market Dynamics Unveiled
2023-11-24,2023-11-24 00:00:00+00:00,2023-11-24 00:00:00+00:00,Bitcoin Price Analysis: Uptrend Faces Crucial Test at $38K Amid Miner Sell-Off Concerns
2023-11-25,2023-11-25 00:00:00+00:00,2023-11-25 00:00:00+00:00,Former NYSE President Says This Catalyst Will Trigger Flood of Cash Into Bitcoin and Other Crypto Assets
2023-11-25,2023-11-25 00:00:00+00:00,2023-11-25 00:00:00+00:00,Bitcoin Sees Surge as Tether Holdings Signal Impending Price Rally
2023-11-25,2023-11-25 00:00:00+00:00,2023-11-25 00:00:00+00:00,Unveiling Bitcoin’s Evolution: Exploring the Impact of Second-Layer Solutions on Scalability and Decentralization
2023-11-25,2023-11-25 00:00:00+00:00,2023-11-25 00:00:00+00:00,Bitcoin’s Consolidation Game: Unraveling the Bullish Signals Beneath $38K
2023-11-25,2023-11-25 00:00:00+00:00,2023-11-25 00:00:00+00:00,"Bitcoin Futures Surge: Potential Rally to $45,000 Sparks Investor Frenzy"
2023-11-26,2023-11-26 00:00:00+00:00,2023-11-26 00:00:00+00:00,"Crypto Analyst Predicts Rallies for Two Ethereum-Based Altcoins, Updates Forecast on Bitcoin (BTC)"
2023-11-26,2023-11-26 00:00:00+00:00,2023-11-26 00:00:00+00:00,Bitcoin (BTC) Price Analysis: 38832 an Important Technical Hurdle – 27 November 2023
2023-11-26,2023-11-26 00:00:00+00:00,2023-11-26 00:00:00+00:00,"Bitcoin’s Potential Soars: Macro Investor Predicts $100,000 Price – Exploring the Timeline and Impact"
2023-11-26,2023-11-26 00:00:00+00:00,2023-11-26 00:00:00+00:00,"Top Analyst Says Uptrend Just Beginning for Solana Rival, Predicts Rally for Two Additional Altcoins"
2023-11-26,2023-11-26 00:00:00+00:00,2023-11-26 00:00:00+00:00,"CME Bitcoin Futures Signal Bullish Momentum: Anticipating a Rally to $45,000"
2023-11-27,2023-11-27 00:00:00+00:00,2023-11-27 00:00:00+00:00,"Bitcoin’s Resurgence: Surges Past $38,000 Amidst CZ’s Departure and Tether Whale Moves"
2023-11-27,2023-11-27 00:00:00+00:00,2023-11-27 00:00:00+00:00,"Spot Bitcoin ETFs Have Almost $100M in AUM in Brazil, Led by Hashdex Offering"
2023-11-27,2023-11-27 00:00:00+00:00,2023-11-27 00:00:00+00:00,Top Fast-Growing Cryptocurrencies with 100x Potential
2023-11-27,2023-11-27 00:00:00+00:00,2023-11-27 00:00:00+00:00,Bitcoin Surges Beyond $38K: Gearing Up for $40K Amidst Recognition as a Global Macro Asset
2023-11-27,2023-11-27 00:00:00+00:00,2023-11-27 00:00:00+00:00,Bitcoin and Cryptocurrency Market Analysis: Key Events Driving Price Surge and Economic Impact
2023-11-28,2023-11-28 00:00:00+00:00,2023-11-28 00:00:00+00:00,3 Long-Haul Crypto Picks to Buy and Hold for the Next 10 Years
2023-11-28,2023-11-28 00:00:00+00:00,2023-11-28 00:00:00+00:00,7 Cryptos to Watch as the Blockchain Grinds Some Gears
2023-11-28,2023-11-28 00:00:00+00:00,2023-11-28 00:00:00+00:00,Bitcoin
2023-11-28,2023-11-28 00:00:00+00:00,2023-11-28 00:00:00+00:00,Bitcoin’s Wyckoff Accumulation: Analysts Diverge on Short-Term Outlook
2023-11-28,2023-11-28 00:00:00+00:00,2023-11-28 00:00:00+00:00,"Uniswap (UNI) on Cusp of Breaking Out Into Macro Uptrend, Says Crypto Trader – Here’s His Outlook"
2023-11-29,2023-11-29 00:00:00+00:00,2023-11-29 00:00:00+00:00,"Crypto Mixer sancionado por el Tesoro de EE. UU. por acusaciones de Corea del Norte, mientras el FBI, la policía holandesa y finlandesa confiscan el sitio web"
2023-11-29,2023-11-29 00:00:00+00:00,2023-11-29 00:00:00+00:00,La USTC de Terra gana un 300% a medida que el plan de regreso centrado en Bitcoin y la cotización de Binance Perpetuals alimentan el frenesí especulativo
2023-11-29,2023-11-29 00:00:00+00:00,2023-11-29 00:00:00+00:00,"Terra's USTC Gains 300% as Bitcoin-Focused Comeback Plan, Binance Perpetuals Listing Fuel Speculative Frenzy"
2023-11-29,2023-11-29 00:00:00+00:00,2023-11-29 00:00:00+00:00,"Crypto Mixer sancionado por el Tesoro de EE. UU. por acusaciones de Corea del Norte, mientras el FBI y la policía finlandesa confiscan el sitio web"
2023-11-29,2023-11-29 00:00:00+00:00,2023-11-29 00:00:00+00:00,Bitcoin Buyer Quietly Accumulates $424M of BTC in 3 Weeks
2023-11-30,2023-11-30 00:00:00+00:00,2023-11-30 00:00:00+00:00,Bloomberg Analyst Says SEC Lining Up To Potentially Approve All Spot Bitcoin ETF Applications in January
2023-11-30,2023-11-30 00:00:00+00:00,2023-11-30 00:00:00+00:00,"Bitcoin pasa de hervir los océanos a drenarlos, según un crítico"
2023-11-30,2023-11-30 00:00:00+00:00,2023-11-30 00:00:00+00:00,Terra’s USTC Tokens Skyrocket 300% Amid Crypto Market Resurgence Led by Bitcoin
2023-11-30,2023-11-30 00:00:00+00:00,2023-11-30 00:00:00+00:00,Phemex COO Explains What a Crypto-First Future Could Look Like
2023-11-30,2023-11-30 00:00:00+00:00,2023-11-30 00:00:00+00:00,"Bitcoin Going From Boiling the Oceans to Draining Them, According to Critic"
2023-12-01,2023-12-01 00:00:00+00:00,2023-12-01 00:00:00+00:00,"$40,000 Bitcoin ‘Coming Soon’ As BTC Now Giving Few Reasons to Sell: Top Crypto Trader"
2023-12-01,2023-12-01 00:00:00+00:00,2023-12-01 00:00:00+00:00,Billionaire Mike Novogratz Says Bitcoin Setting Up for ‘Wonderful Story’ Amid Several Bullish Catalysts
2023-12-01,2023-12-01 00:00:00+00:00,2023-12-01 00:00:00+00:00,Celsius Network’s Transition to Bitcoin Mining Faces Roadblocks in Bankruptcy Proceedings
2023-12-01,2023-12-01 00:00:00+00:00,2023-12-01 00:00:00+00:00,Medición del impacto del ETF Spot de Bitcoin en la volatilidad de los precios
2023-12-01,2023-12-01 00:00:00+00:00,2023-12-01 00:00:00+00:00,Bitcoin Price Projections: Analysts Eye $40K by Year-End and $100K in 2024
2023-12-02,2023-12-02 00:00:00+00:00,2023-12-02 00:00:00+00:00,Bitcoin Mining Revenue Plummets: Understanding the Factors Behind the 30% Decline in Miner Earnings
2023-12-02,2023-12-02 00:00:00+00:00,2023-12-02 00:00:00+00:00,"Bitcoin Outlook: Anticipation Mounts for SEC Approval of Spot ETFs, Predicted to Skyrocket Prices"
2023-12-02,2023-12-02 00:00:00+00:00,2023-12-02 00:00:00+00:00,"Bitcoin Surges Toward $40,000 Amidst Fed’s Stance on Interest Rates"
2023-12-02,2023-12-02 00:00:00+00:00,2023-12-02 00:00:00+00:00,Bitcoin’s 2022 Bear Market Differed in One Critical Way Compared to Its 2018 Slump: Crypto Analyst Jamie Coutts
2023-12-02,2023-12-02 00:00:00+00:00,2023-12-02 00:00:00+00:00,Crypto Markets Tick Upward on Friday As Fed Chair Jerome Powell Strikes Mixed Tone on Inflation in New Speech
2023-12-03,2023-12-03 00:00:00+00:00,2023-12-03 00:00:00+00:00,"Bitcoin supera los $40,000 por primera vez en 18 meses en medio de un aumento más amplio del mercado criptográfico"
2023-12-03,2023-12-03 00:00:00+00:00,2023-12-03 00:00:00+00:00,"Bitcoin supera los $40,000 por primera vez en 19 meses en medio de un aumento más amplio del mercado criptográfico"
2023-12-03,2023-12-03 00:00:00+00:00,2023-12-03 00:00:00+00:00,Bitcoin’s December Surge: Potential Factors Driving a Bull Run in 2023’s Closing Month
2023-12-03,2023-12-03 00:00:00+00:00,2023-12-03 00:00:00+00:00,3 Cryptos to Buy Before the Bitcoin ETF Goes Live
2023-12-03,2023-12-03 00:00:00+00:00,2023-12-03 00:00:00+00:00,"Bitcoin supera los $ 41,000 mientras el mercado criptográfico se recupera a niveles anteriores a Terra"
2023-12-04,2023-12-04 00:00:00+00:00,2023-12-04 00:00:00+00:00,Cuy Sheffield: The Reason Visa Is 'Everywhere’ in Crypto
2023-12-04,2023-12-04 00:00:00+00:00,2023-12-04 00:00:00+00:00,First Mover Americas: Bitcoin Hits $42K for First Time in Over a Year
2023-12-04,2023-12-04 00:00:00+00:00,2023-12-04 00:00:00+00:00,"El Salvador's Bitcoin Investment 'In the Black,' Says President Bukele"
2023-12-04,2023-12-04 00:00:00+00:00,2023-12-04 00:00:00+00:00,Brian Armstrong of Coinbase Is Crypto's Last Big Man Standing
2023-12-04,2023-12-04 00:00:00+00:00,2023-12-04 00:00:00+00:00,Brian Armstrong de Coinbase es el último gran hombre en pie de Crypto
2023-12-05,2023-12-05 00:00:00+00:00,2023-12-05 00:00:00+00:00,Revolutionizing Bitcoin Mining: Ethereum-Based BTCMTX ICO Soars & Analysts Bullish on Mining Stocks
2023-12-05,2023-12-05 00:00:00+00:00,2023-12-05 00:00:00+00:00,"Bitcoin alcanza los $44,000 en Coinbase, podría alcanzar una resistencia de $48,000: analista de LMAX"
2023-12-05,2023-12-05 00:00:00+00:00,2023-12-05 00:00:00+00:00,Elon Musk-Backed X.AI Files With SEC to Raise Up to $1B in Equity Offering
2023-12-05,2023-12-05 00:00:00+00:00,2023-12-05 00:00:00+00:00,"Here’s When Current Bitcoin Rally Could Top Out, According to Crypto Analyst Benjamin Cowen"
2023-12-05,2023-12-05 00:00:00+00:00,2023-12-05 00:00:00+00:00,Cryptocurrency Funds Witness Surge in Investments Amid Bitcoin and Ethereum Rally
2023-12-06,2023-12-06 00:00:00+00:00,2023-12-06 00:00:00+00:00,Bitcoin Sees Short Liquidations Surging Over $100 Million in 24 Hours Amid Market Volatility
2023-12-06,2023-12-06 00:00:00+00:00,2023-12-06 00:00:00+00:00,Bitcoin Tops $44K Amid Spot Bitcoin ETF Excitement; Ledger's CEO Reflects on the Year in Crypto
2023-12-06,2023-12-06 00:00:00+00:00,2023-12-06 00:00:00+00:00,Why Are Pros Craving a Spot Bitcoin ETF?
2023-12-06,2023-12-06 00:00:00+00:00,2023-12-06 00:00:00+00:00,"Tether Allocating Part of Its Profits To Buy Bitcoin, Currently Holds $2,400,000,000 in BTC: Report"
2023-12-06,2023-12-06 00:00:00+00:00,2023-12-06 00:00:00+00:00,Binance Settlement Is a 'Major Positive' For the Crypto Market: Bitwise President
2023-12-07,2023-12-07 00:00:00+00:00,2023-12-07 00:00:00+00:00,La billetera Bitcoin Block Bitkey de Jack Dorsey llega al mercado en más de 95 países
2023-12-07,2023-12-07 00:00:00+00:00,2023-12-07 00:00:00+00:00,Cripto para asesores: herramientas y vehículos de inversión en cadena
2023-12-07,2023-12-07 00:00:00+00:00,2023-12-07 00:00:00+00:00,"Robinhood amplía el servicio criptográfico a Europa, señala la regulación de activos digitales de la región"
2023-12-07,2023-12-07 00:00:00+00:00,2023-12-07 00:00:00+00:00,Crypto for Advisors: On-Chain Investment Tools and Vehicles
2023-12-07,2023-12-07 00:00:00+00:00,2023-12-07 00:00:00+00:00,Bitcoin’s Soaring Price: Perspectives on Potential Correction and Future Projections
2023-12-08,2023-12-08 00:00:00+00:00,2023-12-08 00:00:00+00:00,"Innovative Bitcoin Investment Fund Introduced, Backed by Prominent Investors"
2023-12-08,2023-12-08 00:00:00+00:00,2023-12-08 00:00:00+00:00,Bitcoin Surges 60% Since October as Market 'Can't Ignore' Excitement Around a Spot BTC ETF: 21.co CEO
2023-12-08,2023-12-08 00:00:00+00:00,2023-12-08 00:00:00+00:00,Fidelity’s FBTC Bitcoin ETF Listing and SEC’s Crypto Review: What Investors Need to Know
2023-12-08,2023-12-08 00:00:00+00:00,2023-12-08 00:00:00+00:00,Bitcoin’s Historical Moment: Record-breaking Sale of Ordinals Inscription Unveiled
2023-12-08,2023-12-08 00:00:00+00:00,2023-12-08 00:00:00+00:00,Altcoins Could Surge in Price After Bitcoin and Ethereum Rallies This Week: Glassnode Co-Founders
2023-12-09,2023-12-09 00:00:00+00:00,2023-12-09 00:00:00+00:00,Bitcoin Achieves Milestone: Surpasses 50 Million Active Addresses Amidst Price Surge
2023-12-09,2023-12-09 00:00:00+00:00,2023-12-09 00:00:00+00:00,"Bitcoin’s Soaring Trajectory: Wall Street’s Influence, Regulatory Shifts, and the Cryptocurrency’s Fascination Explained"
2023-12-09,2023-12-09 00:00:00+00:00,2023-12-09 00:00:00+00:00,Bitcoin and Ethereum Surge to New Highs Triggering Increased Transaction Fees: What it Means for Investors?
2023-12-09,2023-12-09 00:00:00+00:00,2023-12-09 00:00:00+00:00,"Potential Approval Looms: Fidelity’s Bitcoin ETF Sparks SEC Dialogue, Fueling Speculation for Crypto Surge"
2023-12-09,2023-12-09 00:00:00+00:00,2023-12-09 00:00:00+00:00,"El Salvador Launches New ‘Freedom Visa’ for High-Net-Worth Individuals Who Can Pay $1,000,000 in Bitcoin or USDT"
2023-12-10,2023-12-10 00:00:00+00:00,2023-12-10 00:00:00+00:00,‘Rapid Move to New Highs’? – Analyst Says BTC Could Rally Like Amazon’s (AMZN) Parabolic Recovery in 2010
2023-12-10,2023-12-10 00:00:00+00:00,2023-12-10 00:00:00+00:00,"‘Smart Whale’ Profits Over $65,000,000 in Bitcoin After Masterful BTC Trading: Lookonchain"
2023-12-10,2023-12-10 00:00:00+00:00,2023-12-10 00:00:00+00:00,"Here Are Three Possible Bitcoin Bull Run Scenarios, According to Ex-Goldman Sachs Executive Raoul Pal"
2023-12-10,2023-12-10 00:00:00+00:00,2023-12-10 00:00:00+00:00,"Crypto Strategist Predicts Imminent Bitcoin Rally to $50,000 – Here’s His Timeline"
2023-12-10,2023-12-10 00:00:00+00:00,2023-12-10 00:00:00+00:00,Bitcoin and Ethereum Surge to New Highs Amid Soaring Transaction Fees: What It Means for Investors
2023-12-11,2023-12-11 00:00:00+00:00,2023-12-11 00:00:00+00:00,"JPMorgan CEO Jamie Dimon Fears the Rise of Crypto, According to Morgan Creek’s Mark Yusko"
2023-12-11,2023-12-11 00:00:00+00:00,2023-12-11 00:00:00+00:00,"Bitcoin (BTC) Correction to $39,000 Likely, According to On-Chain Analyst Willy Woo – Here’s Why"
2023-12-11,2023-12-11 00:00:00+00:00,2023-12-11 00:00:00+00:00,"Bitcoin cae un 7% a NEAR de 40.000 dólares; El retroceso será de corta duración, dicen los expertos"
2023-12-11,2023-12-11 00:00:00+00:00,2023-12-11 00:00:00+00:00,"Explicando la ""caída repentina"" de Bitcoin"
2023-12-11,2023-12-11 00:00:00+00:00,2023-12-11 00:00:00+00:00,"Coinbase, MicroStrategy, Marathon Stocks Buckle 5%-10% as Bitcoin Tumbles Below $42K"
2023-12-12,2023-12-12 00:00:00+00:00,2023-12-12 00:00:00+00:00,Bitcoin Halts at $41K as Traders Eye Fed Rate Decision; AVAX Flips Dogecoin as Altcoins Jump
2023-12-12,2023-12-12 00:00:00+00:00,2023-12-12 00:00:00+00:00,"Analyst Updates Outlook on Cardano Following Massive Rallies, Predicts New Bursts to the Upside for ADA"
2023-12-12,2023-12-12 00:00:00+00:00,2023-12-12 00:00:00+00:00,El ETF de Bitcoin de BlackRock ahora invita a la participación de los bancos de Wall Street
2023-12-12,2023-12-12 00:00:00+00:00,2023-12-12 00:00:00+00:00,Protocol Village: Matter Labs y Chainlink Labs anuncian precios ahora en zkSync Era
2023-12-12,2023-12-12 00:00:00+00:00,2023-12-12 00:00:00+00:00,"U.S. CPI Inflation Trended Lower in November, Rising 3.1% From a Year Ago"
2023-12-13,2023-12-13 00:00:00+00:00,2023-12-13 00:00:00+00:00,"Argentina's Milei, So Far Shunning Bitcoin, Devalues Peso by More Than 50%"
2023-12-13,2023-12-13 00:00:00+00:00,2023-12-13 00:00:00+00:00,Turkey’s Banking Giants Go Big on Crypto as Legislation Looms
2023-12-13,2023-12-13 00:00:00+00:00,2023-12-13 00:00:00+00:00,El Salvador Initiates Groundbreaking Crypto-Backed Bonds to Forge Bitcoin City Development
2023-12-13,2023-12-13 00:00:00+00:00,2023-12-13 00:00:00+00:00,Protocol Village: la cadena de bloques COTI Layer-1 se convertirá en la red Ethereum Layer-2
2023-12-13,2023-12-13 00:00:00+00:00,2023-12-13 00:00:00+00:00,FASB Confirms 'Fair Value' Approach for Corporate Crypto Holdings
2023-12-14,2023-12-14 00:00:00+00:00,2023-12-14 00:00:00+00:00,[RE-AIR] Bitcoin Bounces as Federal Reserve Holds Rates Steady; Singapore's Crypto Scene
2023-12-14,2023-12-14 00:00:00+00:00,2023-12-14 00:00:00+00:00,Bitcoin Bounces as Federal Reserve Holds Rates Steady; Singapore's Crypto Scene
2023-12-14,2023-12-14 00:00:00+00:00,2023-12-14 00:00:00+00:00,Crypto Update | The Accounting Rule Change That Might Trigger a New Wave of Corporate Demand for Crypto
2023-12-14,2023-12-14 00:00:00+00:00,2023-12-14 00:00:00+00:00,Bitcoin's Price Briefly Tops $43K as Federal Reserve Signals Rate Cuts Next Year
2023-12-14,2023-12-14 00:00:00+00:00,2023-12-14 00:00:00+00:00,Anthony Pompliano Says Bitcoin Bull Market Has Begun With Major Frontrunning of Fed Rate Cuts and ETF Approval
2023-12-15,2023-12-15 00:00:00+00:00,2023-12-15 00:00:00+00:00,SafeMoon Files for Chapter 7 Bankruptcy; Bitcoin's Reaction to Central Bank Moves
2023-12-15,2023-12-15 00:00:00+00:00,2023-12-15 00:00:00+00:00,"Bitcoin at Risk of Snapping Historic Winning Streak, but 'Perfect Storm' Brews for a Strong 2024"
2023-12-15,2023-12-15 00:00:00+00:00,2023-12-15 00:00:00+00:00,Crypto Update | How the SEC Wants Bitcoin ETF Redemptions to Work
2023-12-15,2023-12-15 00:00:00+00:00,2023-12-15 00:00:00+00:00,"Crypto Analyst Breaks Down Bitcoin and One Top AI Altcoin, Does a Deep Dive Into Ethereum Rival Cardano"
2023-12-15,2023-12-15 00:00:00+00:00,2023-12-15 00:00:00+00:00,Ledger CEO Vows to Help With Asset Recovery After Hack; Bitcoin's Muted Week
2023-12-16,2023-12-16 00:00:00+00:00,2023-12-16 00:00:00+00:00,Unlocking the Potential: Grayscale Unveils Tax Implications & Progress on Spot Bitcoin ETF with SEC
2023-12-16,2023-12-16 00:00:00+00:00,2023-12-16 00:00:00+00:00,"Iris Energy Expands Bitcoin Mining Capacity with Acquisition of 8,380 Next-Gen Miners"
2023-12-16,2023-12-16 00:00:00+00:00,2023-12-16 00:00:00+00:00,"Stablecoin Market Cap Flashing Positive Sign for Crypto Liquidity, According to Analytics Firm IntoTheBlock"
2023-12-16,2023-12-16 00:00:00+00:00,2023-12-16 00:00:00+00:00,Bitcoin’s Future Outlook: Price Predictions 2023-2032 and Growing Institutional Interest
2023-12-16,2023-12-16 00:00:00+00:00,2023-12-16 00:00:00+00:00,"Crypto Strategist Issues Bitcoin Alert, Says BTC Price Action Signaling Bearish Bias – Here Are His Targets"
2023-12-17,2023-12-17 00:00:00+00:00,2023-12-17 00:00:00+00:00,VanEck CEO Expects New Bitcoin (BTC) All-Time Highs Amid Imminent Interest Rate Cuts – Here’s His Timeline
2023-12-17,2023-12-17 00:00:00+00:00,2023-12-17 00:00:00+00:00,Bitcoin Price Fluctuates Amidst Significant Whale Movements: What Lies Ahead for Cryptocurrency Markets?
2023-12-17,2023-12-17 00:00:00+00:00,2023-12-17 00:00:00+00:00,"Analyst Who Caught Crypto Rally Earlier This Year Unveils Roadmap for Bitcoin Surge to $110,000 – Here’s His Timeline"
2023-12-17,2023-12-17 00:00:00+00:00,2023-12-17 00:00:00+00:00,Bitcoin’s Price Outlook: Navigating Key Resistance and Consolidation Signals Ahead of Holidays
2023-12-17,2023-12-17 00:00:00+00:00,2023-12-17 00:00:00+00:00,"Bitcoin Sees Major Shift as Whales Transfer 7,200 BTC to Coinbase: What Lies Ahead?"
2023-12-18,2023-12-18 00:00:00+00:00,2023-12-18 00:00:00+00:00,Bitcoin Fees Spike to 2-Year High as Ordinals Bonanza Gives Windfall Profit to BTC Miners
2023-12-18,2023-12-18 00:00:00+00:00,2023-12-18 00:00:00+00:00,"One Catalyst Could Send Bitcoin Flying to New All-Time High in Four Months, According to Quant Analyst PlanB"
2023-12-18,2023-12-18 00:00:00+00:00,2023-12-18 00:00:00+00:00,"Bitcoin’s Future: Predictions, Pitfalls, and a New ETF Buzz!"
2023-12-18,2023-12-18 00:00:00+00:00,2023-12-18 00:00:00+00:00,7 Cryptos to Buy ASAP Before the Next Bull Market Kicks In
2023-12-18,2023-12-18 00:00:00+00:00,2023-12-18 00:00:00+00:00,O que os mercados de previsão estão prevendo para a criptografia em 2024
2023-12-19,2023-12-19 00:00:00+00:00,2023-12-19 00:00:00+00:00,Les utilisateurs d'OKX Wallet sont avertis de mettre à jour l'application pour éviter la vulnérabilité du code
2023-12-19,2023-12-19 00:00:00+00:00,2023-12-19 00:00:00+00:00,Usuários da carteira OKX alertados para atualizar o aplicativo para evitar vulnerabilidade de código
2023-12-19,2023-12-19 00:00:00+00:00,2023-12-19 00:00:00+00:00,Bitcoin Market Analysis: Understanding Current Trends and Potential Price Movements
2023-12-19,2023-12-19 00:00:00+00:00,2023-12-19 00:00:00+00:00,Bitcoin Miner Marathon Digital comprará nuevos sitios mineros por $179 millones a medida que se acerca la reducción a la mitad de la recompensa
2023-12-19,2023-12-19 00:00:00+00:00,2023-12-19 00:00:00+00:00,BRICS Nations Push for Bitcoin’s Role in Challenging Traditional Currency Dominance
2023-12-20,2023-12-20 00:00:00+00:00,2023-12-20 00:00:00+00:00,ESG-Centric Firm Revolutionizes Bitcoin ETF with Carbon Credits: A Game-Changer in Crypto Investment
2023-12-20,2023-12-20 00:00:00+00:00,2023-12-20 00:00:00+00:00,Stacks' STX dispara 27% com comentários positivos de Tim Draper
2023-12-20,2023-12-20 00:00:00+00:00,2023-12-20 00:00:00+00:00,Michael Saylor Forecasts Bitcoin’s Surging Adoption and Price Momentum in 2024
2023-12-20,2023-12-20 00:00:00+00:00,2023-12-20 00:00:00+00:00,Protocol Village: Bitfinex Securities Announces First Tokenized Bond on Liquid Network
2023-12-20,2023-12-20 00:00:00+00:00,2023-12-20 00:00:00+00:00,Bitcoin’s Surge Past $43k Sparks Excitement: Will the Rally Sustain Momentum?
2023-12-21,2023-12-21 00:00:00+00:00,2023-12-21 00:00:00+00:00,"Michael Saylor Unpacks Bitcoin’s Surge: Education, Policy Shifts, and Global Adoption Key to Momentum"
2023-12-21,2023-12-21 00:00:00+00:00,2023-12-21 00:00:00+00:00,"Ethereum (ETH) Hinting at Imminent Jump Higher, Says Crypto Trader – Here Are His Targets"
2023-12-21,2023-12-21 00:00:00+00:00,2023-12-21 00:00:00+00:00,Crypto Trader Says AI Altcoin Close to Pushing to New All-Time Highs After Picture-Perfect Retest
2023-12-21,2023-12-21 00:00:00+00:00,2023-12-21 00:00:00+00:00,Bitcoin sobe NEAR de US$ 44 mil enquanto as ações dos EUA registram a maior perda em 3 meses
2023-12-21,2023-12-21 00:00:00+00:00,2023-12-21 00:00:00+00:00,"Solana, AVAX et Helium ont mené les gains des actifs numériques cette année. Et après?"
2023-12-22,2023-12-22 00:00:00+00:00,2023-12-22 00:00:00+00:00,2024: The Revenge of Bitcoin
2023-12-22,2023-12-22 00:00:00+00:00,2023-12-22 00:00:00+00:00,2024 : La revanche du Bitcoin
2023-12-22,2023-12-22 00:00:00+00:00,2023-12-22 00:00:00+00:00,2024: A Vingança do Bitcoin
2023-12-22,2023-12-22 00:00:00+00:00,2023-12-22 00:00:00+00:00,"Chi ha vinto le criptovalute nel 2023? L'indice del mercato CoinDesk , suddiviso in 6 grafici"
2023-12-22,2023-12-22 00:00:00+00:00,2023-12-22 00:00:00+00:00,2024: La venganza de Bitcoin
2023-12-23,2023-12-23 00:00:00+00:00,2023-12-23 00:00:00+00:00,Bitcoin’s Journey: Potential Future Scenarios Unveiled from 2023 to 2032
2023-12-23,2023-12-23 00:00:00+00:00,2023-12-23 00:00:00+00:00,"Bitcoin’s Struggle at $44,200: What It Means for Crypto’s Future Direction"
2023-12-23,2023-12-23 00:00:00+00:00,2023-12-23 00:00:00+00:00,Bitcoin’s Rally Faces Potential Hurdles: What Investors Need to Know
2023-12-23,2023-12-23 00:00:00+00:00,2023-12-23 00:00:00+00:00,Bitcoin Surges 160% in 2023: Unraveling the Reasons Behind Its Striking Rally Despite Setbacks
2023-12-23,2023-12-23 00:00:00+00:00,2023-12-23 00:00:00+00:00,"Ethereum (ETH) Primed To Outperform Bitcoin (BTC) in 2024, According to Macro Guru Raoul Pal – Here’s Why"
2023-12-24,2023-12-24 00:00:00+00:00,2023-12-24 00:00:00+00:00,Arthur Hayes Says TradFi Could ‘Completely Destroy’ Bitcoin With Spot ETF – Here’s Why
2023-12-24,2023-12-24 00:00:00+00:00,2023-12-24 00:00:00+00:00,"Bitcoin Soars Past 50 Million User Milestone, Signaling Continued Growth and Confidence in Cryptocurrency Markets"
2023-12-24,2023-12-24 00:00:00+00:00,2023-12-24 00:00:00+00:00,"Last Time This Indicator Flashed, Bitcoin All-Time Highs Were Two Months Away, According to Crypto Analyst"
2023-12-24,2023-12-24 00:00:00+00:00,2023-12-24 00:00:00+00:00,"Billionaire Tim Draper Reveals BTC Forecast, Says Mass Consolidation of Crypto Tech Coming to Bitcoin"
2023-12-24,2023-12-24 00:00:00+00:00,2023-12-24 00:00:00+00:00,Deep Bitcoin Correction in January? Top Trader Unveils Most Bullish BTC Scenario After Potential ETF Approval
2023-12-25,2023-12-25 00:00:00+00:00,2023-12-25 00:00:00+00:00,Bitcoin’s Potential Bull Market: Analyzing Bond Market Signals and Macro Factors
2023-12-25,2023-12-25 00:00:00+00:00,2023-12-25 00:00:00+00:00,OKX CEO Says He’s Being Urged To List More Bitcoin Ordinals As BRC-20 Total Market Cap Soars 30% in a Day
2023-12-25,2023-12-25 00:00:00+00:00,2023-12-25 00:00:00+00:00,Crypto Comeback: Our Top 7 Picks for the Next Bull Run
2023-12-25,2023-12-25 00:00:00+00:00,2023-12-25 00:00:00+00:00,Analyst Says This ‘Incredibly Undervalued’ Ethereum Rival Is a Contender for Top 10 Largest Crypto Assets List
2023-12-25,2023-12-25 00:00:00+00:00,2023-12-25 00:00:00+00:00,"‘Unprecedented’ Bitcoin Run About To Come to an End, Predicts Trader Tone Vays – Here’s His Timeline"
2023-12-26,2023-12-26 00:00:00+00:00,2023-12-26 00:00:00+00:00,SEC’s Imminent Deadline Sets Stage for Potential Bitcoin ETF Approvals: What Investors Need to Know
2023-12-26,2023-12-26 00:00:00+00:00,2023-12-26 00:00:00+00:00,Bitcoin ETF Approval: Paving the Way for Crypto in Retirement Plans
2023-12-26,2023-12-26 00:00:00+00:00,2023-12-26 00:00:00+00:00,"Bitcoin Emerges as a Dominant Global Currency: Impact, Potential, and Debate"
2023-12-26,2023-12-26 00:00:00+00:00,2023-12-26 00:00:00+00:00,Hedge Fund Veteran Anthony Scaramucci Says Bitcoin Will Likely Break New All-Time Highs by End of Next Year
2023-12-26,2023-12-26 00:00:00+00:00,2023-12-26 00:00:00+00:00,Crypto Market Leaders and Laggards in 2023
2023-12-27,2023-12-27 00:00:00+00:00,2023-12-27 00:00:00+00:00,"MicroStrategy Buys $615M Worth Additional BTC, Pushing Holdings to $5.9B"
2023-12-27,2023-12-27 00:00:00+00:00,2023-12-27 00:00:00+00:00,First Mover Americas: Barry Silbert renuncia como presidente de Grayscale
2023-12-27,2023-12-27 00:00:00+00:00,2023-12-27 00:00:00+00:00,First Mover Americas : Barry Silbert démissionne de son poste de président de Grayscale
2023-12-27,2023-12-27 00:00:00+00:00,2023-12-27 00:00:00+00:00,"Trader Says Altcoin Market Cap Could Move Higher After Flashing This Signal, Updates Outlook on Cardano and Near"
2023-12-27,2023-12-27 00:00:00+00:00,2023-12-27 00:00:00+00:00,First Mover Americas: Barry Silbert Resigns as Grayscale Chairman
2023-12-28,2023-12-28 00:00:00+00:00,2023-12-28 00:00:00+00:00,Milei da Argentina propõe incentivos para declarar participações criptográficas nacionais e estrangeiras em projeto de lei
2023-12-28,2023-12-28 00:00:00+00:00,2023-12-28 00:00:00+00:00,L'argentino Milei propone incentivi per dichiarare partecipazioni nazionali ed estere in criptovalute nel progetto di legge
2023-12-28,2023-12-28 00:00:00+00:00,2023-12-28 00:00:00+00:00,Milei de Argentina propone incentivos para declarar tenencias de criptomonedas nacionales y extranjeras en un proyecto de ley
2023-12-28,2023-12-28 00:00:00+00:00,2023-12-28 00:00:00+00:00,"Argentina's Milei Proposes Incentives for Declaring Domestic, Foreign Crypto Holdings in Draft Bill"
2023-12-28,2023-12-28 00:00:00+00:00,2023-12-28 00:00:00+00:00,"Anticipated Bearish Impact of Potential Spot Bitcoin ETF Approval Likely To Be Short-Term, Says Cathie Wood"
2023-12-29,2023-12-29 00:00:00+00:00,2023-12-29 00:00:00+00:00,"Crypto Stocks, Bitcoin Miners Sell-Off as Profit-Taking Caps Explosive Year-End"
2023-12-29,2023-12-29 00:00:00+00:00,2023-12-29 00:00:00+00:00,"Amériques, pionniers : Bitcoin s'apprête à sonner la nouvelle année en hausse de près de 160 %"
2023-12-29,2023-12-29 00:00:00+00:00,2023-12-29 00:00:00+00:00,Las acciones de criptomonedas y los mineros de Bitcoin se venden mientras la toma de ganancias limita el explosivo fin de año
2023-12-29,2023-12-29 00:00:00+00:00,2023-12-29 00:00:00+00:00,Le azioni crittografiche e i minatori Bitcoin svendono a causa delle prese di profitto esplosive di fine anno
2023-12-29,2023-12-29 00:00:00+00:00,2023-12-29 00:00:00+00:00,Ações criptográficas e liquidação de mineradores de Bitcoin como limites de realização de lucros explosivos no final do ano
2023-12-30,2023-12-30 00:00:00+00:00,2023-12-30 00:00:00+00:00,"Top Crypto Analyst Issues Bitcoin Warning, Says ‘Larger Washouts Coming’ – Here’s What He Means"
2023-12-30,2023-12-30 00:00:00+00:00,2023-12-30 00:00:00+00:00,"Trader Predicts ‘Fireworks’ for Blue-Chip Altcoin if Critical Support Area Is Reclaimed, Updates Bitcoin Outlook"
2023-12-30,2023-12-30 00:00:00+00:00,2023-12-30 00:00:00+00:00,"Probability of a Spot Bitcoin ETF Approval Has Gone Up, Says ARK Invest’s Cathie Wood – But There’s a Catch"
2023-12-30,2023-12-30 00:00:00+00:00,2023-12-30 00:00:00+00:00,"Bitcoin Primed for Months-Long Upward Phase, According to Analyst – Here’s When the Bullish Trend Could End"
2023-12-30,2023-12-30 00:00:00+00:00,2023-12-30 00:00:00+00:00,India’s Crackdown on Offshore Crypto Exchanges: Regulatory Moves and Global Impact
2023-12-31,2023-12-31 00:00:00+00:00,2023-12-31 00:00:00+00:00,"BlackRock Taps JPMorgan, Jane Street As Authorized Participants for Spot Market Bitcoin ETF: Bloomberg Analyst"
2023-12-31,2023-12-31 00:00:00+00:00,2023-12-31 00:00:00+00:00,"Bitcoin 40% Drop in Sight if Historical Pattern Repeats, Warns Crypto Strategist – Here’s His Forecast"
2023-12-31,2023-12-31 00:00:00+00:00,2023-12-31 00:00:00+00:00,Bitstamp USA Chief Bobby Zagotta Says Crypto Likely To See Increased Institutional Adoption and Onboarding in 2024
2023-12-31,2023-12-31 00:00:00+00:00,2023-12-31 00:00:00+00:00,Arthur Hayes Says Government Money Printing Will Push Bitcoin Into Blow-Off Top by 2027
2023-12-31,2023-12-31 00:00:00+00:00,2023-12-31 00:00:00+00:00,"Here’s the ‘Best Thing’ That Could Happen to Bitcoin After Potential ETF Approval, According to Top Analyst"
2024-01-01,2024-01-01 00:00:00+00:00,2024-01-01 00:00:00+00:00,"Bitwise Says Unnamed Investor Plans To Seed $200,000,000 Into Asset Manager’s Spot Bitcoin ETF: SEC Filing"
2024-01-01,2024-01-01 00:00:00+00:00,2024-01-01 00:00:00+00:00,"Bitcoin-Based NFTs See Record $881,223,753 Worth of Sales in December: On-Chain Data"
2024-01-01,2024-01-01 00:00:00+00:00,2024-01-01 00:00:00+00:00,"$80,000 Bitcoin Incoming Based on History, According to Coin Bureau’s Guy Turner – Here’s When It Could Happen"
2024-01-01,2024-01-01 00:00:00+00:00,2024-01-01 00:00:00+00:00,Billionaire Mike Novogratz Says This Is the Most Bullish Underpinning of Bitcoin Besides Store-of-Value Use Case
2024-01-01,2024-01-01 00:00:00+00:00,2024-01-01 00:00:00+00:00,"Bitcoin Upside Potential Capped for Now As ETF Announcement Approaches, Says Crypto Trader – Here’s His Outlook"
2024-01-02,2024-01-02 00:00:00+00:00,2024-01-02 00:00:00+00:00,"Bitcoin Starts 2024 Strong, Blasting Above $45K"
2024-01-02,2024-01-02 00:00:00+00:00,2024-01-02 00:00:00+00:00,Jim Cramer capitula sobre Bitcoin: 'Maravilla tecnológica... llegó para quedarse'
2024-01-02,2024-01-02 00:00:00+00:00,2024-01-02 00:00:00+00:00,"Wallet Thought To Be Owned by Tether Gains $1,330,000,000 in Bitcoin Profits, Now the 10th Largest BTC Address"
2024-01-02,2024-01-02 00:00:00+00:00,2024-01-02 00:00:00+00:00,Protocol Village: Particle Network apresenta 'Protocolo de abstração de conta para Bitcoin'
2024-01-02,2024-01-02 00:00:00+00:00,2024-01-02 00:00:00+00:00,"Protocol Village : Waterfall, chaîne de couche 1 basée sur DAG Tech, lance Testnet 8"
2024-01-03,2024-01-03 00:00:00+00:00,2024-01-03 00:00:00+00:00,Protocol Village: KuCoin Labs investe em ISSP para protocolo de inscrição baseado em Sui
2024-01-03,2024-01-03 00:00:00+00:00,2024-01-03 00:00:00+00:00,Protocol Village: KuCoin Labs investe nell'ISSP per il protocollo di iscrizione basato su Sui
2024-01-03,2024-01-03 00:00:00+00:00,2024-01-03 00:00:00+00:00,First Mover Americas: El fuerte comienzo de Bitcoin en enero puede fallar
2024-01-03,2024-01-03 00:00:00+00:00,2024-01-03 00:00:00+00:00,Bitcoin Price Predictions: Where Will BTC Go in 2024?
2024-01-03,2024-01-03 00:00:00+00:00,2024-01-03 00:00:00+00:00,Pioneiro nas Américas: o forte início do Bitcoin até janeiro pode vacilar
2024-01-04,2024-01-04 00:00:00+00:00,2024-01-04 00:00:00+00:00,Startup fondata da Citi Alumni per offrire titoli Bitcoin che T necessitano del via libera della SEC
2024-01-04,2024-01-04 00:00:00+00:00,2024-01-04 00:00:00+00:00,"Amériques, pionniers : expliquer la chute soudaine du Bitcoin"
2024-01-04,2024-01-04 00:00:00+00:00,2024-01-04 00:00:00+00:00,Pioneiro nas Américas: explicando a queda repentina do Bitcoin
2024-01-04,2024-01-04 00:00:00+00:00,2024-01-04 00:00:00+00:00,First Mover Americas: spiegare il crollo improvviso di Bitcoin
2024-01-04,2024-01-04 00:00:00+00:00,2024-01-04 00:00:00+00:00,Goldman Sachs Could Join Bitcoin ETF Party; Bitcoin Breaks Above $43K Again
2024-01-05,2024-01-05 00:00:00+00:00,2024-01-05 00:00:00+00:00,Arthur Hayes Foresees 30% Bitcoin Crash Amid 'Vicious Washout.' Here's Why
2024-01-05,2024-01-05 00:00:00+00:00,2024-01-05 00:00:00+00:00,Arthur Hayes prevé una caída del 30% de Bitcoin en medio de un 'desastroso lavado'. Este es el por qué
2024-01-05,2024-01-05 00:00:00+00:00,2024-01-05 00:00:00+00:00,Arthur Hayes prevê queda de 30% do Bitcoin em meio a um 'desgaste violento'. Aqui está o porquê
2024-01-05,2024-01-05 00:00:00+00:00,2024-01-05 00:00:00+00:00,VanEck fera don de 5 % des bénéfices de l'ETF BTC aux développeurs Bitcoin Core
2024-01-05,2024-01-05 00:00:00+00:00,2024-01-05 00:00:00+00:00,"Arthur Hayes prevede un crollo del 30% Bitcoin nel mezzo di un ""vizioso dilavamento"". Ecco perché"
2024-01-06,2024-01-06 00:00:00+00:00,2024-01-05 15:48:21+00:00,BlackRock’s $10 Million BTC Purchase Set For Today As Bloomberg Expert Predicts Imminent SEC Approval For Bitcoin Spot ETFs
2024-01-06,2024-01-06 00:00:00+00:00,2024-01-05 17:40:07+00:00,"Bitcoin (BTC) Slips Back Towards $43,000 as Investor Digest Strong US Jobs Report, Monitor Expected Upcoming Spot ETF Approvals"
2024-01-06,2024-01-06 00:00:00+00:00,2024-01-05 17:50:15+00:00,"Bitcoin Price Prediction as BTC Recovers to $43,000 – Is $50,000 in Sight?"
2024-01-06,2024-01-06 00:00:00+00:00,2024-01-06 00:00:00+00:00,Investment Giant VanEck Pledges To Donate 5% of Bitcoin ETF Profits to BTC Core Developers for at Least 10 Years
2024-01-06,2024-01-06 00:00:00+00:00,2024-01-06 00:00:00+00:00,"US ‘Dollar Liquidity Rug Pull’ Could Trigger Bitcoin To Collapse by 40%, Says Arthur Hayes – Here’s the Timeline"
2024-01-07,2024-01-07 00:00:00+00:00,2024-01-07 00:00:00+00:00,"$2,500,000,000 in Capital Flowing Back Into Crypto Markets Following Recent Shakeout, Says Strategist"
2024-01-07,2024-01-07 00:00:00+00:00,2024-01-07 00:00:00+00:00,Bitcoin Rallies Imminent As Market Gears Up for ‘Most Bullish Fundamental Catalyst’ in Last Few Years: Analyst
2024-01-07,2024-01-07 00:00:00+00:00,2024-01-07 00:00:00+00:00,PlanB Expects a ‘Nice 10x’ for Bitcoin As Several Indicators Start To Turn Bullish – Here’s His 2024 Outlook
2024-01-07,2024-01-07 00:00:00+00:00,2024-01-07 00:00:00+00:00,"Trader Issues Warning for Ethereum-Based Altcoin After Big Rejection, Updates Outlook on Bitcoin (BTC)"
2024-01-07,2024-01-07 00:00:00+00:00,2024-01-07 00:00:00+00:00,CoinShares’ Meltem Demirors Says Approval of Bitcoin ETFs Will Not Be a Sell-the-News Event – Here’s Why
2024-01-08,2024-01-08 00:00:00+00:00,2024-01-08 00:00:00+00:00,"Dans la bataille Bitcoin ETF, Grayscale apporte « une arme à feu à un combat au couteau »"
2024-01-08,2024-01-08 00:00:00+00:00,2024-01-08 00:00:00+00:00,ETFs de Bitcoin : o caso do touro
2024-01-08,2024-01-08 00:00:00+00:00,2024-01-08 00:00:00+00:00,ETF de Bitcoin : el caso del toro
2024-01-08,2024-01-08 00:00:00+00:00,2024-01-08 00:00:00+00:00,Bitcoin ETFs: The Bull Case
2024-01-08,2024-01-08 00:00:00+00:00,2024-01-08 00:00:00+00:00,"Na batalha do ETF Bitcoin , a Grayscale está trazendo “uma arma para uma luta com facas”"
2024-01-09,2024-01-09 00:00:00+00:00,2024-01-09 00:00:00+00:00,Gli ETF Bitcoin potrebbero registrare afflussi fino a 100 miliardi di dollari se la SEC lo approva: Standard Chartered
2024-01-09,2024-01-09 00:00:00+00:00,2024-01-09 00:00:00+00:00,El 'descuento en Grayscale ' cae al nivel más bajo en 18 meses en apuestas para la conversión de GBTC a ETF de Bitcoin
2024-01-09,2024-01-09 00:00:00+00:00,2024-01-09 00:00:00+00:00,What Was Behind Last Week's Crash?
2024-01-09,2024-01-09 00:00:00+00:00,2024-01-09 00:00:00+00:00,"Here Are the 10 US States That Are Most Interested in Bitcoin (BTC) ETFs, According to CoinGecko"
2024-01-09,2024-01-09 00:00:00+00:00,2024-01-09 00:00:00+00:00,Bitcoin ETFs Could See Up to $100B in Inflows If SEC Approves: Standard Chartered
2024-01-10,2024-01-10 00:00:00+00:00,2024-01-10 00:00:00+00:00,Why Is a Bitcoin ETF a Big Deal? The Gold Revolution Helps Explain
2024-01-10,2024-01-10 00:00:00+00:00,2024-01-10 00:00:00+00:00,"Gli ETF Bitcoin WIN l'approvazione della SEC, facilitando l'accesso alla più grande criptovaluta"
2024-01-10,2024-01-10 00:00:00+00:00,2024-01-10 00:00:00+00:00,"SEC Approves Highly Anticipated Bitcoin ETFs in Historic Move, Creating First-Ever Pipeline Between Wall Street and Crypto"
2024-01-10,2024-01-10 00:00:00+00:00,2024-01-10 00:00:00+00:00,"Bitcoin ETFs Win SEC Approval, Bringing Easier Access to Biggest Cryptocurrency"
2024-01-10,2024-01-10 00:00:00+00:00,2024-01-10 00:00:00+00:00,"Les ETF Bitcoin WIN l'approbation de la SEC, facilitant ainsi l'accès à la plus grande crypto-monnaie"
2024-01-11,2024-01-11 00:00:00+00:00,2024-01-11 00:00:00+00:00,MARA Stock Pops Higher With Potential Marathon Digital Short Squeeze Brewing
2024-01-11,2024-01-11 00:00:00+00:00,2024-01-11 00:00:00+00:00,ETF Bitcoin et Wall Street : une double étape
2024-01-11,2024-01-11 00:00:00+00:00,2024-01-11 00:00:00+00:00,Bitcoin dépasse brièvement 49 000 $ avant de se vendre alors que la frénésie des échanges d'ETF commence
2024-01-11,2024-01-11 00:00:00+00:00,2024-01-11 00:00:00+00:00,Bitcoin supera brevemente i 49.000 dollari prima di svendere mentre inizia la frenesia degli scambi di ETF
2024-01-11,2024-01-11 00:00:00+00:00,2024-01-11 00:00:00+00:00,Bitcoin Briefly Tops $49K Before Selling Off as ETF Trading Frenzy Commences
2024-01-12,2024-01-12 00:00:00+00:00,2024-01-12 00:00:00+00:00,First Mover Americas: el ETF de Bitcoin de Franklin Templeton se convierte en el más barato
2024-01-12,2024-01-12 00:00:00+00:00,2024-01-12 00:00:00+00:00,First Mover Americas: Franklin Templeton's Bitcoin ETF Becomes the Cheapest
2024-01-12,2024-01-12 00:00:00+00:00,2024-01-12 00:00:00+00:00,"Le PDG de BlackRock, Larry Fink, soutient l'ETF Ether"
2024-01-12,2024-01-12 00:00:00+00:00,2024-01-12 00:00:00+00:00,Coinbase CEO Brian Armstrong Says SEC’s Spot Bitcoin ETF Approvals Will Attract New Pools of Capital to Crypto
2024-01-12,2024-01-12 00:00:00+00:00,2024-01-12 00:00:00+00:00,L'ETF Bitcoin de Franklin Templeton est désormais le moins cher après une réduction de 10 points de base
2024-01-13,2024-01-13 00:00:00+00:00,2024-01-13 00:00:00+00:00,"Crypto Bear Issues Urgent Bitcoin Warning, Says BTC To Pump Before Reversing and Dumping – Here’s His Outlook"
2024-01-13,2024-01-13 00:00:00+00:00,2024-01-13 00:00:00+00:00,"BlackRock CEO Larry Fink Says He Sees Value in an Ethereum ETF, Predicts Tokenization Will Eliminate Corruption"
2024-01-13,2024-01-13 00:00:00+00:00,2024-01-13 00:00:00+00:00,More US Senators Demand Answers From the SEC After Tuesday’s Bitcoin ETF-Related Social Media Hack
2024-01-13,2024-01-13 00:00:00+00:00,2024-01-13 00:00:00+00:00,"SEC Chair Gary Gensler Avoids Opining on Possibility of Ethereum ETF, Says Majority of Tokens Are Securities"
2024-01-13,2024-01-13 00:00:00+00:00,2024-01-13 00:00:00+00:00,"Decentralized Exchange Altcoin Flashing Signs of Upcoming Rally, Says Crypto Trader – Here’s His Forecast"
2024-01-14,2024-01-14 00:00:00+00:00,2024-01-14 00:00:00+00:00,Vanguard Blocks Bitcoin Futures Offerings As Financial Giant Distances From Crypto
2024-01-14,2024-01-14 00:00:00+00:00,2024-01-14 00:00:00+00:00,3 Underrated Crypto Investments to Maximize Your Gains
2024-01-14,2024-01-14 00:00:00+00:00,2024-01-14 00:00:00+00:00,"Analyst Predicts Abrupt Bitcoin Bullish Reversal, Says BTC May Witness Short Squeeze After Reclaiming This Level"
2024-01-14,2024-01-14 00:00:00+00:00,2024-01-14 00:00:00+00:00,Macro Guru Raoul Pal Says Crypto Gearing Up for ‘Real Run’ to All-Time Highs – Here’s His Timeline
2024-01-14,2024-01-14 00:00:00+00:00,2024-01-14 00:00:00+00:00,"Bitcoin in Very Early Innings of Structural Bull Run As BTC Showing No Signs of Distribution, Says Lyn Alden"
2024-01-15,2024-01-15 00:00:00+00:00,2024-01-15 00:00:00+00:00,La prochaine réduction de moitié du Bitcoin sera-t-elle un autre cycle de battage médiatique ?
2024-01-15,2024-01-15 00:00:00+00:00,2024-01-15 00:00:00+00:00,JPMorgan ve un capital significativo de productos criptográficos existentes invirtiendo en nuevos ETF spot de Bitcoin
2024-01-15,2024-01-15 00:00:00+00:00,2024-01-15 00:00:00+00:00,Bitcoin Traders Eye Support em US$ 40 mil enquanto apostas contrárias em ETF provam ser corretas
2024-01-15,2024-01-15 00:00:00+00:00,2024-01-15 00:00:00+00:00,Pioneiro nas Américas: Bitcoin recua para US$ 42 mil; Venezuela fecha projeto Petro Crypto
2024-01-15,2024-01-15 00:00:00+00:00,2024-01-15 00:00:00+00:00,I trader Bitcoin vedono il supporto a $ 40.000 mentre le scommesse contrarie sull'ETF si dimostrano giuste
2024-01-16,2024-01-16 00:00:00+00:00,2024-01-16 00:00:00+00:00,"Benjamin Cowen Updates Bitcoin Price Forecast, Says Fed Rate Cuts Not As Bullish as Market Expects"
2024-01-16,2024-01-16 00:00:00+00:00,2024-01-16 00:00:00+00:00,"First Mover Americas: los comerciantes de Binance lideraron el retroceso de ""vender el hecho"" en Bitcoin"
2024-01-16,2024-01-16 00:00:00+00:00,2024-01-16 00:00:00+00:00,Pioneiros nas Américas: Binance Traders lideraram a retração “Sell-The-Fact” no Bitcoin
2024-01-16,2024-01-16 00:00:00+00:00,2024-01-16 00:00:00+00:00,BlackRock quiere seguir el ETF de Bitcoin con un ETF de Ethereum . Comercializar puede que no sea tan sencillo
2024-01-16,2024-01-16 00:00:00+00:00,2024-01-16 00:00:00+00:00,First Mover Americas: Binance Traders Led “Sell-The-Fact” Pullback in Bitcoin
2024-01-17,2024-01-17 00:00:00+00:00,2024-01-17 00:00:00+00:00,"Bitcoin ve la primera 'Cruz Dorada' semanal, una señal alcista para algunos"
2024-01-17,2024-01-17 00:00:00+00:00,2024-01-17 00:00:00+00:00,"Bitcoin voit la toute première « croix d'or » hebdomadaire, un signal haussier pour certains"
2024-01-17,2024-01-17 00:00:00+00:00,2024-01-17 00:00:00+00:00,How to Play BTC Now That Spot Bitcoin ETFs Have Finally Been Approved
2024-01-17,2024-01-17 00:00:00+00:00,2024-01-17 00:00:00+00:00,"Crypto Update | BTC at $110K is 'Easy,' Says 3IQ Head of Research Mark Connors"
2024-01-17,2024-01-17 00:00:00+00:00,2024-01-17 00:00:00+00:00,Por qué 2024 será el año de Bitcoin
2024-01-18,2024-01-18 00:00:00+00:00,2024-01-18 00:00:00+00:00,Empresa de inversión con activos de mil millones de dólares LOOKS invertir en minería de Bitcoin con Fabiano Consulting
2024-01-18,2024-01-18 00:00:00+00:00,2024-01-18 00:00:00+00:00,Une société d'investissement avec 1 milliard de dollars d'actifs LOOKS à investir dans l'exploitation minière de Bitcoin avec Fabiano Consulting
2024-01-18,2024-01-18 00:00:00+00:00,2024-01-18 00:00:00+00:00,Empresa de investimentos com ativos de US$ 1 bilhão LOOKS investir em mineração de Bitcoin com Fabiano Consulting
2024-01-18,2024-01-18 00:00:00+00:00,2024-01-18 00:00:00+00:00,"Bitcoin potrebbe vedere una crescita nell'ecosistema Layer-2, basandosi sull'esperienza di Ethereum: rapporto"
2024-01-18,2024-01-18 00:00:00+00:00,2024-01-18 00:00:00+00:00,Kraken CEO David Ripley Says Spot Bitcoin ETFs Will Help Grow the Overall Crypto Industry – Here’s Why
2024-01-19,2024-01-19 00:00:00+00:00,2024-01-19 00:00:00+00:00,The New York Times Still Doesn’t Get Bitcoin
2024-01-19,2024-01-19 00:00:00+00:00,2024-01-19 00:00:00+00:00,Il New York Times continua a T ricevere Bitcoin
2024-01-19,2024-01-19 00:00:00+00:00,2024-01-19 00:00:00+00:00,"Crypto Analyst Warns Bitcoin (BTC) Could Be Losing Support, Does a Deep Dive Into Ethereum (ETH)"
2024-01-19,2024-01-19 00:00:00+00:00,2024-01-19 00:00:00+00:00,"Bitcoin, Ethereum and XRP Sitting at ‘High-Risk’ Profit Levels, Warns Crypto Analytics Firm Santiment"
2024-01-19,2024-01-19 00:00:00+00:00,2024-01-19 00:00:00+00:00,Cryptocurrency Market Soars as US Approves Bitcoin ETFs: Ripple CEO Highlights Global Regulatory Challenges
2024-01-20,2024-01-20 00:00:00+00:00,2024-01-19 20:01:04+00:00,"Bitcoin and Ethereum Price Prediction as BTC Bounces From $40,500 Support and ETH Recovers – Sell-Off Over?"
2024-01-20,2024-01-20 00:00:00+00:00,2024-01-20 00:00:00+00:00,Shibarium Achieves Transaction Milestone Amidst Shiba Inu Challenges
2024-01-20,2024-01-20 00:00:00+00:00,2024-01-20 00:00:00+00:00,"Franklin Templeton CEO Says She’s Seen Bitcoin Demand Around the World, Touts “Suite” of Opportunities in Crypto"
2024-01-20,2024-01-20 00:00:00+00:00,2024-01-20 00:00:00+00:00,Crypto Strategist Michaël van de Poppe Says This Ethereum-Based Altcoin Could Surge Over 160% Against Bitcoin
2024-01-20,2024-01-20 00:00:00+00:00,2024-01-20 00:00:00+00:00,"Bitcoin Is ‘Just Months Away’ From a New All-Time High, According to This Indicator, Says Analyst Kevin Svenson"
2024-01-21,2024-01-21 00:00:00+00:00,2024-01-21 00:00:00+00:00,"Aggressive Bull Market Speculation on Ethereum Has Not Yet Begun, According to Analytics Firm Kaiko"
2024-01-21,2024-01-21 00:00:00+00:00,2024-01-21 00:00:00+00:00,"Crypto Whales Taking Advantage of Bitcoin, Ethereum and Chainlink Dips, According to Lookonchain"
2024-01-21,2024-01-21 00:00:00+00:00,2024-01-21 00:00:00+00:00,"Tether (USDT) Nears $100 Billion Market Cap After Printing More Than $10,000,000,000 in Three Months"
2024-01-21,2024-01-21 00:00:00+00:00,2024-01-21 00:00:00+00:00,"Trader Predicts Deep Correction for Solana Rival, Updates Outlook on Privacy-Focused Altcoin"
2024-01-21,2024-01-21 00:00:00+00:00,2024-01-21 00:00:00+00:00,Shibarium Achieves Historic Milestone Amidst Market Shifts
2024-01-22,2024-01-22 00:00:00+00:00,2024-01-22 00:00:00+00:00,Solana e Cardano guidano il mercato delle criptovalute al ribasso mentre i trader sono alle prese con i venti contrari Bitcoin
2024-01-22,2024-01-22 00:00:00+00:00,2024-01-22 00:00:00+00:00,Solana y Cardano lideran la caída del mercado criptográfico mientras los comerciantes se enfrentan a los vientos en contra de Bitcoin
2024-01-22,2024-01-22 00:00:00+00:00,2024-01-22 00:00:00+00:00,"Nine Bitcoin ETF Issuers Hold About $4,000,000,000 in BTC Less Than Two Weeks After Launch: Bloomberg Analyst"
2024-01-22,2024-01-22 00:00:00+00:00,2024-01-22 00:00:00+00:00,Solana (SOL) et Cardano (ADA) mènent le marché de la cryptographie à la baisse alors que les traders sont aux prises avec les vents contraires du BTC
2024-01-22,2024-01-22 00:00:00+00:00,2024-01-22 00:00:00+00:00,"May 2024 Could Be Best Opportunity for Bitcoin (BTC) Bulls, According to Top Analyst"
2024-01-23,2024-01-23 00:00:00+00:00,2024-01-23 00:00:00+00:00,Coinbase rétrogradé en sous-pondération ; Le catalyseur Bitcoin ETF pourrait décevoir : JPMorgan
2024-01-23,2024-01-23 00:00:00+00:00,2024-01-23 00:00:00+00:00,Coinbase Downgraded to Underweight; Bitcoin ETF Catalyst May Disappoint: JPMorgan
2024-01-23,2024-01-23 00:00:00+00:00,2024-01-23 00:00:00+00:00,Mt. Gox se acerca aparentemente a los pagos de Bitcoin para las víctimas del hackeo de 2014
2024-01-23,2024-01-23 00:00:00+00:00,2024-01-23 00:00:00+00:00,Mt.Gox si avvicina apparentemente al rimborso in Bitcoin per le vittime degli attacchi hacker del 2014
2024-01-23,2024-01-23 00:00:00+00:00,2024-01-23 00:00:00+00:00,Mt. Gox Moves Seemingly Closer to Bitcoin Repayments For 2014 Hack Victims
2024-01-24,2024-01-24 00:00:00+00:00,2024-01-24 00:00:00+00:00,Crypto Market Volatility Unveiled: The Unseen Impact of Bitcoin ETF Speculation
2024-01-24,2024-01-24 00:00:00+00:00,2024-01-24 00:00:00+00:00,Shiba Inu Unleashes Game-Changing Automated Token-Burning System on Puppynet
2024-01-24,2024-01-24 00:00:00+00:00,2024-01-24 00:00:00+00:00,Vibe Check: A liquidação continua: Todd Groth da CoinDesk Cotações
2024-01-24,2024-01-24 00:00:00+00:00,2024-01-24 00:00:00+00:00,Vibe Check: la svendita continua: Todd Groth di CoinDesk Indici
2024-01-24,2024-01-24 00:00:00+00:00,2024-01-24 00:00:00+00:00,Vibe Check: The Sell-Off Continues: CoinDesk Indices' Todd Groth
2024-01-25,2024-01-25 00:00:00+00:00,2024-01-25 00:00:00+00:00,Swan Bitcoin Unveils Mining Unit as Parent Company Prepares to Go Public
2024-01-25,2024-01-25 00:00:00+00:00,2024-01-25 00:00:00+00:00,Hut 8 (HUT) Stock Pops as Bitcoin Miner Battles Short Seller
2024-01-25,2024-01-25 00:00:00+00:00,2024-01-25 00:00:00+00:00,"600 Days of Bullish Bitcoin Momentum Incoming – But There’s a Catch, Says On-Chain Analyst"
2024-01-25,2024-01-25 00:00:00+00:00,2024-01-25 00:00:00+00:00,"Crypto Trader Updates Outlook on Bitcoin and Ethereum, Says BTC’s Correction in ‘Final Stages’"
2024-01-25,2024-01-25 00:00:00+00:00,2024-01-25 00:00:00+00:00,"Grayscale's GBTC Profit Taking Likely Over, Easing Bitcoin Selling Pressure: JPMorgan"
2024-01-26,2024-01-26 00:00:00+00:00,2024-01-26 00:00:00+00:00,BlackRock’s Bitcoin ETF First to Reach $2B in AUM
2024-01-26,2024-01-26 00:00:00+00:00,2024-01-26 00:00:00+00:00,El ETF de Bitcoin de BlackRock es el primero en alcanzar los 2.000 millones de dólares en activos bajo gestión
2024-01-26,2024-01-26 00:00:00+00:00,2024-01-26 00:00:00+00:00,Quel est le meilleur portefeuille Lightning d’auto-garde ?
2024-01-26,2024-01-26 00:00:00+00:00,2024-01-26 00:00:00+00:00,Qual é a melhor carteira Lightning de autocustódia?
2024-01-26,2024-01-26 00:00:00+00:00,2024-01-26 00:00:00+00:00,Qual è il miglior portafoglio Lightning con custodia personale?
2024-01-27,2024-01-27 00:00:00+00:00,2024-01-26 21:42:06+00:00,Bitcoin and Ethereum Price Prediction as Tesla Still Holds $380 Million BTC and Another ETH ETF Gets Delayed
2024-01-27,2024-01-27 00:00:00+00:00,2024-01-27 00:00:00+00:00,"One Chart Suggests Bitcoin Could Plunge by Double-Digits, Warns Crypto Analyst – Here Are His Targets"
2024-01-27,2024-01-27 00:00:00+00:00,2024-01-27 00:00:00+00:00,"This Ethereum-Based Altcoin Could Explode by Over 160% Against Bitcoin, Predicts Analyst Michaël van de Poppe"
2024-01-27,2024-01-27 00:00:00+00:00,2024-01-27 00:00:00+00:00,"Investor Chris Burniske Issues Bitcoin Alert, Says To Expect Fakeouts, Volatility in BTC’s Path to All-Time High"
2024-01-27,2024-01-27 00:00:00+00:00,2024-01-27 00:00:00+00:00,"BlackRock’s iShares Bitcoin ETF Surges Past $2,000,000,000 in Assets Under Management As BTC Jumps in Price"
2024-01-28,2024-01-28 00:00:00+00:00,2024-01-28 00:00:00+00:00,"Bitwise Unveils Bitcoin ETF Wallet, Spurs Crypto Community Engagement"
2024-01-28,2024-01-28 00:00:00+00:00,2024-01-28 00:00:00+00:00,"CFTC Chair Rostin Behnam Has ‘Magnified’ Concerns Over Bitcoin Regulation, Says New Federal Legislation Needed"
2024-01-28,2024-01-28 00:00:00+00:00,2024-01-28 00:00:00+00:00,Bitcoin Controversy Unfolds: Craig Wright’s Legal Battles and the Future of Cryptocurrency
2024-01-28,2024-01-28 00:00:00+00:00,2024-01-28 00:00:00+00:00,"Top Trader Says Bitcoin Remains in Strong Uptrend Despite Pullback, Predicts Rally if BTC Takes Out This Level"
2024-01-28,2024-01-28 00:00:00+00:00,2024-01-28 00:00:00+00:00,Understanding the Impact of Spot Bitcoin ETF Approval: A Closer Look at Regulatory Concerns and Investor Safety
2024-01-29,2024-01-29 00:00:00+00:00,2024-01-29 00:00:00+00:00,BlackRock’s Spot ETF Notches Big Milestone; Bitcoin Whales Make New Moves
2024-01-29,2024-01-29 00:00:00+00:00,2024-01-29 00:00:00+00:00,Hong Kong Prepares for Bitcoin ETF Boom: Harvest Fund Leads the Charge
2024-01-29,2024-01-29 00:00:00+00:00,2024-01-29 00:00:00+00:00,Ex-Goldman Sachs Executive Says ‘Bubble Cycle’ Could Unfold Next Crypto Bull Market – Here’s His Outlook
2024-01-29,2024-01-29 00:00:00+00:00,2024-01-29 00:00:00+00:00,Taproot Wizards lance la vente de « Quantum Cats » Bitcoin NFT entachée de problèmes techniques
2024-01-29,2024-01-29 00:00:00+00:00,2024-01-29 00:00:00+00:00,Analyst Who Anticipated Bitcoin's Recent Drop Makes New Prediction
2024-01-30,2024-01-30 00:00:00+00:00,2024-01-30 00:00:00+00:00,7 Once-in-a-Lifetime Cryptos With Unprecedented Surge Potential
2024-01-30,2024-01-30 00:00:00+00:00,2024-01-30 00:00:00+00:00,Web3 Payments Firm Transak Joins Visa Direct to Streamline Crypto-to-Fiat Conversion
2024-01-30,2024-01-30 00:00:00+00:00,2024-01-30 00:00:00+00:00,Premier arrivé en Amérique : Bitcoin éclipse 43 000 $ après avoir gagné près de 10 % en une semaine
2024-01-30,2024-01-30 00:00:00+00:00,2024-01-30 00:00:00+00:00,"Ether Could Hit $4,000 With Likely Spot ETH ETF Approval in May: Standard Chartered"
2024-01-30,2024-01-30 00:00:00+00:00,2024-01-30 00:00:00+00:00,"Woman Who Allegedly Tried To Launder $6,500,000,000 in Bitcoin (BTC) on Trial in London: Report"
2024-01-31,2024-01-31 00:00:00+00:00,2024-01-31 00:00:00+00:00,"Fed Leaves Rates Unchanged, Sounds Hawkish Note on March"
2024-01-31,2024-01-31 00:00:00+00:00,2024-01-31 00:00:00+00:00,"El protocolo: Debacle de Bitcoin NFT, 30 de Vitalik, Farcaster Frames, 'Mempools privados'"
2024-01-31,2024-01-31 00:00:00+00:00,2024-01-31 00:00:00+00:00,Bitcoin Mining Hashrate Surges to All-Time High: What Does It Mean for Cryptocurrency?
2024-01-31,2024-01-31 00:00:00+00:00,2024-01-31 00:00:00+00:00,Rich Dad Poor Dad Author Robert Kiyosaki Says He’ll ‘Make a Fortune’ Off His Bitcoin (BTC) Holdings – Here’s Why
2024-01-31,2024-01-31 00:00:00+00:00,2024-01-31 00:00:00+00:00,German Authorities Seize Record €2 Billion Worth of Bitcoin in Landmark Piracy Probe
2024-02-01,2024-02-01 00:00:00+00:00,2024-02-01 00:00:00+00:00,"CoreScintific Emerges Strong, Mines $812 Million Worth of Bitcoin in 2023"
2024-02-01,2024-02-01 00:00:00+00:00,2024-02-01 00:00:00+00:00,"Embattled Crypto Lender Celsius Escapes Chapter 11 Bankruptcy, To Distribute $3 Billion in Crypto to Creditors"
2024-02-01,2024-02-01 00:00:00+00:00,2024-02-01 00:00:00+00:00,Bitcoin Steady at $43K as Tumbling U.S. Regional Bank Stocks Reignite Worries
2024-02-01,2024-02-01 00:00:00+00:00,2024-02-01 00:00:00+00:00,"Taproot Wizards Delays 'Quantum Cats' for 3rd Time as Mint Site Gets Fixed, Tested"
2024-02-01,2024-02-01 00:00:00+00:00,2024-02-01 00:00:00+00:00,Bitcoin Stumbles to $42K Amidst Federal Reserve’s Decision: Crypto Market Faces Volatility
2024-02-02,2024-02-02 00:00:00+00:00,2024-02-02 00:00:00+00:00,Venmo Rival Beam Dives Into Stablecoin-Powered Shopping; Bitcoin Ends the Week Higher
2024-02-02,2024-02-02 00:00:00+00:00,2024-02-02 00:00:00+00:00,The U.S. Government Seems to Be Closing in on Bitcoin Mining
2024-02-02,2024-02-02 00:00:00+00:00,2024-02-02 00:00:00+00:00,"Analyst Updates Vision for Bitcoin (BTC), Names Two Altcoin Projects That Will Bring Value to Crypto"
2024-02-02,2024-02-02 00:00:00+00:00,2024-02-02 00:00:00+00:00,"Ethereum Ready for 70%+ Surge, According to Crypto Trader Michaël van de Poppe – Here’s the Timeline"
2024-02-02,2024-02-02 00:00:00+00:00,2024-02-02 00:00:00+00:00,First Mover Americas: Bitcoin Holds $43K
2024-02-03,2024-02-03 00:00:00+00:00,2024-02-02 18:50:34+00:00,Bitcoin Price Whipsaws Around $43K After Blockbuster US Jobs Report – Where Next for BTC?
2024-02-03,2024-02-03 00:00:00+00:00,2024-02-02 20:39:03+00:00,Marathon Digital Snaps Up Two Bitcoin Mining Sites From Hut 8 For $13.5 Million
2024-02-03,2024-02-03 00:00:00+00:00,2024-02-02 21:22:04+00:00,BlackRock’s Bitcoin ETF Surpasses Grayscale In Daily Trading Volume
2024-02-03,2024-02-03 00:00:00+00:00,2024-02-03 00:00:00+00:00,Fading Downside Pressures on the Crypto Market Could Foster a Better Trading Environment: Coinbase Analysts
2024-02-03,2024-02-03 00:00:00+00:00,2024-02-03 00:00:00+00:00,Is Bitcoin Bottom In? Trader Justin Bennett Says One Metric Suggests BTC Will Head Lower – Here Are His Targets
2024-02-04,2024-02-04 00:00:00+00:00,2024-02-04 00:00:00+00:00,"Cryptocurrency Market Buzzes as 7,000 BTC Mystery Transfer Sparks Speculation"
2024-02-04,2024-02-04 00:00:00+00:00,2024-02-04 00:00:00+00:00,Bitcoin’s Rollercoaster Ride: Exploring the Impact of Spot ETF Approvals on BTC Price
2024-02-04,2024-02-04 00:00:00+00:00,2024-02-04 00:00:00+00:00,"SEC Charges Founder of Online Crypto Course for Running $1,200,000 Fraud Scheme Targeting Students"
2024-02-04,2024-02-04 00:00:00+00:00,2024-02-04 00:00:00+00:00,Renowned Author Robert Kiyosaki Champions Bitcoin as the Future of Wealth Preservation
2024-02-04,2024-02-04 00:00:00+00:00,2024-02-04 00:00:00+00:00,"Shifting Tides: ETFs Surpass Grayscale Outflows, Indicators Signal Potential Bitcoin Rally"
2024-02-05,2024-02-05 00:00:00+00:00,2024-02-05 00:00:00+00:00,WisdomTree Head of Digital Assets Discusses Spot Bitcoin ETF Performance
2024-02-05,2024-02-05 00:00:00+00:00,2024-02-05 00:00:00+00:00,Bitcoin To Reach $70K By Year End: Markus Thielen
2024-02-05,2024-02-05 00:00:00+00:00,2024-02-05 00:00:00+00:00,"Crypto Update | A New Wave of Upside Potential Unlocks for BTC at $44k, Says Julius de Kempenaer"
2024-02-05,2024-02-05 00:00:00+00:00,2024-02-05 00:00:00+00:00,Bitcoin Sees Record Trading Volumes in January: What You Need to Know
2024-02-05,2024-02-05 00:00:00+00:00,2024-02-05 00:00:00+00:00,Bitcoin ETFs: Assessing the Landscape and Potential Impact on Financial Markets
2024-02-06,2024-02-06 00:00:00+00:00,2024-02-06 00:00:00+00:00,7 Cryptos to Watch as the Blockchain Enters a Holding Pattern
2024-02-06,2024-02-06 00:00:00+00:00,2024-02-06 00:00:00+00:00,Pioneiro nas Américas: Bitcoin pode cair no curto prazo
2024-02-06,2024-02-06 00:00:00+00:00,2024-02-06 00:00:00+00:00,First Mover Americas: Bitcoin podría caer en el corto plazo
2024-02-06,2024-02-06 00:00:00+00:00,2024-02-06 00:00:00+00:00,SEC Chair Gary Gensler Will Meet With Korean Regulator To Discuss Global Impact of Bitcoin ETF: Report
2024-02-06,2024-02-06 00:00:00+00:00,2024-02-06 00:00:00+00:00,"Amériques, pionniers : le Bitcoin pourrait chuter à court terme"
2024-02-07,2024-02-07 00:00:00+00:00,2024-02-07 00:00:00+00:00,"Bitcoin Tops $44K, With Whale Accumulation Suggesting Conviction in More Price Gains"
2024-02-07,2024-02-07 00:00:00+00:00,2024-02-07 00:00:00+00:00,Crypto Firm Bakkt Warns It Might Not Be Able to Remain in Business
2024-02-07,2024-02-07 00:00:00+00:00,2024-02-07 00:00:00+00:00,La società Cripto Bakkt avverte che potrebbe non essere in grado di rimanere in attività
2024-02-07,2024-02-07 00:00:00+00:00,2024-02-07 00:00:00+00:00,Investing in 'Gold' – Via Bitcoin – Is Cheaper Than Ever
2024-02-07,2024-02-07 00:00:00+00:00,2024-02-07 00:00:00+00:00,La société de Crypto Bakkt prévient qu'elle ne pourra peut-être pas rester en activité
2024-02-08,2024-02-08 00:00:00+00:00,2024-02-08 00:00:00+00:00,"Here Is When Bitcoin Is Likely To Go Parabolic, According to Crypto Analyst Kevin Svenson"
2024-02-08,2024-02-08 00:00:00+00:00,2024-02-08 00:00:00+00:00,Bitcoin Rallies to Four-Week High; The Future of Generative Art
2024-02-08,2024-02-08 00:00:00+00:00,2024-02-08 00:00:00+00:00,"MicroStrategy’s Bitcoin Stash Grows to 190,000 BTC After Adding $37,200,000 Worth in January"
2024-02-08,2024-02-08 00:00:00+00:00,2024-02-08 00:00:00+00:00,3 Cryptos With Serious Potential to Make You a Millionaire
2024-02-08,2024-02-08 00:00:00+00:00,2024-02-08 00:00:00+00:00,Bernstein Analysts Say Bitcoin Will Explode to New All-Time Highs on ETF-Fueled Rallies: Report
2024-02-09,2024-02-09 00:00:00+00:00,2024-02-09 00:00:00+00:00,Bitcoin Crosses $47K Propelled by Historic Chinese New Year Gains
2024-02-09,2024-02-09 00:00:00+00:00,2024-02-09 00:00:00+00:00,Crypto Bets for the Super Bowl and Taylor Swift Ramp Up; Bitcoin Tops $47K
2024-02-09,2024-02-09 00:00:00+00:00,2024-02-09 00:00:00+00:00,"Crypto Analyst ‘Positively Surprised’ by Bitcoin, Says Current Bull Cycle Could Send BTC Over $250,000"
2024-02-09,2024-02-09 00:00:00+00:00,2024-02-09 00:00:00+00:00,Bitcoin Surges to New All-Time High Against US Bonds Amidst Market Turmoil
2024-02-09,2024-02-09 00:00:00+00:00,2024-02-09 00:00:00+00:00,Vibe Check: Momentum Building: CoinDesk Indices' Todd Groth
2024-02-10,2024-02-10 00:00:00+00:00,2024-02-10 00:00:00+00:00,"Analyst Michaël van de Poppe Predicts One Ethereum Rival Will Skyrocket by Over 130%, Updates Outlook on Bitcoin"
2024-02-10,2024-02-10 00:00:00+00:00,2024-02-10 00:00:00+00:00,"Exploring the Future of Bitcoin: Price Predictions, Market Analysis, and Beyond"
2024-02-10,2024-02-10 00:00:00+00:00,2024-02-10 00:00:00+00:00,Bitcoin Rally Boosts Cryptocurrency Stocks: CleanSpark Leads Gains with Strong Quarterly Profits
2024-02-10,2024-02-10 00:00:00+00:00,2024-02-10 00:00:00+00:00,"More Than $1,000,000,000 in Ethereum Flows out of Centralized Exchanges This Week: IntoTheBlock"
2024-02-10,2024-02-10 00:00:00+00:00,2024-02-10 00:00:00+00:00,"Trader Says Altcoin That’s Exploded Over 90% in Four Days To Go Way Higher, Updates Outlook on Bitcoin"
2024-02-11,2024-02-11 00:00:00+00:00,2024-02-11 00:00:00+00:00,"Altcoins Flashing Bearish Signal Amid Broad Crypto Market Rally, Warns Analytics Firm Santiment"
2024-02-11,2024-02-11 00:00:00+00:00,2024-02-11 00:00:00+00:00,"Top Analyst Unveils Massive Bitcoin Price Target by End of 2025, Says BTC Chart Looks Beautiful"
2024-02-11,2024-02-11 00:00:00+00:00,2024-02-11 00:00:00+00:00,"BlackRock CIO Says Firm Could Increase ‘Very Small’ Bitcoin Exposure, Thinks BTC Upside Potential Is Real"
2024-02-11,2024-02-11 00:00:00+00:00,2024-02-11 00:00:00+00:00,"Ordinals Could Create Completely Different Bitcoin Ecosystem, Says Binance Research – Here’s Why"
2024-02-11,2024-02-11 00:00:00+00:00,2024-02-11 00:00:00+00:00,"‘Concerning’ Metric Suggests Bitcoin Rally Losing Steam, According to Crypto Analyst Jason Pizzino"
2024-02-12,2024-02-12 00:00:00+00:00,2024-02-12 00:00:00+00:00,"Bitcoin Runs Into $50K Resistance as Sellers Step In on Binance, Coinbase"
2024-02-12,2024-02-12 00:00:00+00:00,2024-02-12 00:00:00+00:00,Unraveling the Enigma: Satoshi Nakamoto and the 2024 Bitcoin Halving
2024-02-12,2024-02-12 00:00:00+00:00,2024-02-12 00:00:00+00:00,"CryptoQuant CEO Sees Bitcoin Rallying Above $100,000 on the Back of ETF Inflows – Here’s His Timeline"
2024-02-12,2024-02-12 00:00:00+00:00,2024-02-12 00:00:00+00:00,Solana's Second Phone Creates a Buzz; Could Bitcoin Reach $100K?
2024-02-12,2024-02-12 00:00:00+00:00,2024-02-12 00:00:00+00:00,Bitcoin’s Journey: Will It Hit $1 Million?
2024-02-13,2024-02-13 00:00:00+00:00,2024-02-13 00:00:00+00:00,Bitcoin Approaches $49K Milestone Amidst Volatile Market Conditions
2024-02-13,2024-02-13 00:00:00+00:00,2024-02-13 00:00:00+00:00,Bitcoin ETFs' First Month Is in the Books: How it Went and What Comes Next
2024-02-13,2024-02-13 00:00:00+00:00,2024-02-13 00:00:00+00:00,Bitcoin Surges to Highest Weekly Close Since 2021: What You Need to Know
2024-02-13,2024-02-13 00:00:00+00:00,2024-02-13 00:00:00+00:00,"Crypto Investment Funds Experience Massive Inflows Driven by Bitcoin, Ethereum, and Cardano"
2024-02-13,2024-02-13 00:00:00+00:00,2024-02-13 00:00:00+00:00,Embracing Bitcoin Cash: A Game-Changer for Businesses Everywhere
2024-02-14,2024-02-14 00:00:00+00:00,2024-02-14 00:00:00+00:00,"BlackRock Accumulates $518,000,000 in Bitcoin in One Day As BTC Tags $52,000: On-Chain Analysis"
2024-02-14,2024-02-14 00:00:00+00:00,2024-02-14 00:00:00+00:00,"Coinbase to Report Strong Earnings, ETF Benefits May Surprise Wall Street, Analysts Say"
2024-02-14,2024-02-14 00:00:00+00:00,2024-02-14 00:00:00+00:00,Are the Feds Coming After Bitcoin Miners?
2024-02-14,2024-02-14 00:00:00+00:00,2024-02-14 00:00:00+00:00,How the ‘Halving’ Could Impact Bitcoin
2024-02-14,2024-02-14 00:00:00+00:00,2024-02-14 00:00:00+00:00,Gary Gensler Says Bitcoin Is ‘Token of Choice for Ransomware’ and ‘Not That Decentralized’
2024-02-15,2024-02-15 00:00:00+00:00,2024-02-15 00:00:00+00:00,Michael Saylor’s MicroStrategy Bitcoin Bet Tops $4B in Profit
2024-02-15,2024-02-15 00:00:00+00:00,2024-02-15 00:00:00+00:00,"Amériques, pionniers : la Crypto reste résiliente alors que le Japon et le Royaume-Uni entrent en récession"
2024-02-15,2024-02-15 00:00:00+00:00,2024-02-15 00:00:00+00:00,"Bitcoin Is Back, Back, Back, Baby"
2024-02-15,2024-02-15 00:00:00+00:00,2024-02-15 00:00:00+00:00,Craig Wright Witnesses Face Questions About Their Memories in COPA Trial
2024-02-15,2024-02-15 00:00:00+00:00,2024-02-15 00:00:00+00:00,Protocol Village: QuickNode Adds Support for ZkSync Hyperchains
2024-02-16,2024-02-16 00:00:00+00:00,2024-02-16 00:00:00+00:00,Coinbase Surges with Record Profits in 2024 Amid Bitcoin ETF Boom
2024-02-16,2024-02-16 00:00:00+00:00,2024-02-16 00:00:00+00:00,"Anthony Scaramucci Doubles Down on Bitcoin Prediction, Says $170,000 BTC Target Is ‘Conservative’ – Here’s Why"
2024-02-16,2024-02-16 00:00:00+00:00,2024-02-16 00:00:00+00:00,Bitcoin Investors Bet Big on Price Surge: Call Options Soar Amid Bullish Sentiment
2024-02-16,2024-02-16 00:00:00+00:00,2024-02-16 00:00:00+00:00,Will BTC Reach Six Digits? Crypto Trader Dives Deep Into Expectations for Bitcoin’s Current Rally
2024-02-16,2024-02-16 00:00:00+00:00,2024-02-16 00:00:00+00:00,"Bitcoin Surges Above $52,000 Amid Pre-Halving Speculation"
2024-02-17,2024-02-17 00:00:00+00:00,2024-02-17 00:00:00+00:00,Top Analyst Says He’s Eyeing Over 110% Upside for Solana-Based Dogecoin Rival – Here’s His Outlook
2024-02-17,2024-02-17 00:00:00+00:00,2024-02-17 00:00:00+00:00,Why Bitcoin and Ethereum Remain Resilient Against 51% Attacks
2024-02-17,2024-02-17 00:00:00+00:00,2024-02-17 00:00:00+00:00,"Crypto Roundup: Ethereum Soars, Ripple Gains Momentum, and Altcoins Eye New Highs"
2024-02-17,2024-02-17 00:00:00+00:00,2024-02-17 00:00:00+00:00,Cryptocurrency Market Surpasses $2 Trillion: Bitcoin’s Surge Ignites Speculation
2024-02-17,2024-02-17 00:00:00+00:00,2024-02-17 00:00:00+00:00,Cryptocurrency Market Updates: Optimism Rises as Investors Eye Bitcoin and Ethereum ETFs
2024-02-18,2024-02-18 00:00:00+00:00,2024-02-18 00:00:00+00:00,"Crypto Analyst Warns Bitcoin Remains Vulnerable Above $50,000, Says Zero Reasons To Be Bullish on One DeFi Altcoin"
2024-02-18,2024-02-18 00:00:00+00:00,2024-02-18 00:00:00+00:00,The Future of Bitcoin Mining: What Happens After the Halving?
2024-02-18,2024-02-18 00:00:00+00:00,2024-02-18 00:00:00+00:00,"Bitcoin’s Meteoric Surge: Analyzing the Sustainability of its Record-Breaking Rally Beyond $52,000"
2024-02-18,2024-02-18 00:00:00+00:00,2024-02-18 00:00:00+00:00,CoinShares’ Meltem Demirors Says Ethereum (ETH) Narrative Has Struggled Amid Rise of Rival Layer-1s
2024-02-18,2024-02-18 00:00:00+00:00,2024-02-18 00:00:00+00:00,Unveiling the Hidden Forces Driving Bitcoin’s Future Growth: Insights by Samson Mow
2024-02-19,2024-02-19 00:00:00+00:00,2024-02-19 00:00:00+00:00,Bitcoin ETFs See Record $2.4B Weekly Inflows; BlackRock's IBIT Leads: CoinShares
2024-02-19,2024-02-19 00:00:00+00:00,2024-02-19 00:00:00+00:00,"Largest Bitcoin Whales Gobble Up Nearly $13,000,000,000 Worth of BTC in 2024 Alone: Santiment"
2024-02-19,2024-02-19 00:00:00+00:00,2024-02-19 00:00:00+00:00,Bitcoin Investment Surges as Grayscale Pulls Back: What It Means for Investors
2024-02-19,2024-02-19 00:00:00+00:00,2024-02-19 00:00:00+00:00,"Institutions Pour All-Time Record $2,450,000,000 of Capital Into Crypto ETPs in One Week; CoinShares"
2024-02-19,2024-02-19 00:00:00+00:00,2024-02-19 00:00:00+00:00,First Mover Americas: All Eyes on Ether
2024-02-20,2024-02-20 00:00:00+00:00,2024-02-20 00:00:00+00:00,"Bitcoin Bulls Charge as Prices Surge Past $50,000, Eyes Set on New All-Time Highs"
2024-02-20,2024-02-20 00:00:00+00:00,2024-02-20 00:00:00+00:00,Investor Insights: Exploring the Debate Between Gold and Bitcoin Amid Market Shifts
2024-02-20,2024-02-20 00:00:00+00:00,2024-02-20 00:00:00+00:00,7 Cryptos to Buy for Bargain Hunters on the Prowl
2024-02-20,2024-02-20 00:00:00+00:00,2024-02-20 00:00:00+00:00,"Bitcoin Suffers Swift Reversal at $53K, Suggesting More Consolidation Ahead"
2024-02-20,2024-02-20 00:00:00+00:00,2024-02-20 00:00:00+00:00,Ether Hits $3K for First Time in Nearly 2 Years Amid Rising ETH ETF Excitement
2024-02-21,2024-02-21 00:00:00+00:00,2024-02-21 00:00:00+00:00,Le protocole : les jetons de restauration explosent et la restauration n'est même T en ligne
2024-02-21,2024-02-21 00:00:00+00:00,2024-02-21 00:00:00+00:00,Il protocollo: i token Restaking stanno esplodendo e il Restaking T è nemmeno attivo
2024-02-21,2024-02-21 00:00:00+00:00,2024-02-21 00:00:00+00:00,El protocolo: los tokens de recuperación están explotando y la recuperación T siquiera está activa
2024-02-21,2024-02-21 00:00:00+00:00,2024-02-21 00:00:00+00:00,"The Protocol: Restaking Tokens Are Exploding, and Restaking Isn't Even Live"
2024-02-21,2024-02-21 00:00:00+00:00,2024-02-21 00:00:00+00:00,Bitcoin’s Next Move: What Retail Investors Need to Know
2024-02-22,2024-02-22 00:00:00+00:00,2024-02-22 00:00:00+00:00,NFT Platform Launches Classic Nintendo 64 Emulator on Bitcoin Blockchain Using BTC Ordinals
2024-02-22,2024-02-22 00:00:00+00:00,2024-02-22 00:00:00+00:00,"Analyst Issues Bitcoin Alert, Says BTC Could See Massive Dip After Hitting $60,000 – Here’s the Timeline"
2024-02-22,2024-02-22 00:00:00+00:00,2024-02-22 00:00:00+00:00,Crypto for Advisors: Bitcoin’s 4th Halving Is Approaching
2024-02-22,2024-02-22 00:00:00+00:00,2024-02-22 00:00:00+00:00,Reddit Discloses Holding Bitcoin and Ether in IPO Filing
2024-02-22,2024-02-22 00:00:00+00:00,2024-02-22 00:00:00+00:00,Bitcoin ETFs Surge as Institutional Interest Grows: What Investors Need to Know
2024-02-23,2024-02-23 00:00:00+00:00,2024-02-23 00:00:00+00:00,European Central Bank Criticizes Bitcoin ETF Approval as Financial Illusion
2024-02-23,2024-02-23 00:00:00+00:00,2024-02-23 00:00:00+00:00,"Amériques, pionniers : Worldcoin, The Graph et Filecoin terminent la semaine en tête"
2024-02-23,2024-02-23 00:00:00+00:00,2024-02-23 00:00:00+00:00,UNI de Uniswap aumenta un 60% con la propuesta para recompensar a los poseedores de tokens en una importante revisión de la gobernanza
2024-02-23,2024-02-23 00:00:00+00:00,2024-02-23 00:00:00+00:00,UNI di Uniswap balza del 60% sulla proposta di premiare i possessori di token nell'ambito di un'importante revisione della governance
2024-02-23,2024-02-23 00:00:00+00:00,2024-02-23 00:00:00+00:00,Uniswap's UNI Jumps 50% on Proposal to Upgrade Governance
2024-02-24,2024-02-24 00:00:00+00:00,2024-02-24 00:00:00+00:00,Grayscale’s $175 Million Bitcoin Sale Sends Ripples Through Crypto Markets
2024-02-24,2024-02-24 00:00:00+00:00,2024-02-24 00:00:00+00:00,"‘I Can Live With It’: Former President Donald Trump Changes Tune on Bitcoin, Calls for Regulation"
2024-02-24,2024-02-24 00:00:00+00:00,2024-02-24 00:00:00+00:00,"Social Media Giant Reddit Holds Bitcoin and Ethereum for ‘Treasury Purposes,’ According to SEC Filing"
2024-02-24,2024-02-24 00:00:00+00:00,2024-02-24 00:00:00+00:00,Unveiling Bitcoin’s Journey: CEO Insights on Price Trends and Institutional Adoption
2024-02-24,2024-02-24 00:00:00+00:00,2024-02-24 00:00:00+00:00,Reddit’s Bold Bet: How Bitcoin and Ethereum Investments Signal a New Era of Digital Innovation
2024-02-25,2024-02-25 00:00:00+00:00,2024-02-25 00:00:00+00:00,Binance Resolves $4.3 Billion Case with U.S. Prosecutors: What You Need to Know
2024-02-25,2024-02-25 00:00:00+00:00,2024-02-25 00:00:00+00:00,Unveiling Satoshi Nakamoto’s Prescient Concerns: The Bitcoin Energy Debate and Beyond
2024-02-25,2024-02-25 00:00:00+00:00,2024-02-25 00:00:00+00:00,Crypto's Cream of the Crop: The 3 Most Reliable Coins to Consider
2024-02-25,2024-02-25 00:00:00+00:00,2024-02-25 00:00:00+00:00,Spot Bitcoin ETFs: Revolutionizing Investment Portfolios and Shaping Market Dynamics
2024-02-25,2024-02-25 00:00:00+00:00,2024-02-25 00:00:00+00:00,7 Cryptos Destined to Be Big Winners in the 2024 Bull Run
2024-02-26,2024-02-26 00:00:00+00:00,2024-02-26 00:00:00+00:00,Bitcoin chega a US$ 54 mil e pode chegar a US$ 58 mil com a retomada do Cripto Rally
2024-02-26,2024-02-26 00:00:00+00:00,2024-02-26 00:00:00+00:00,Bitcoin dépasse 54 000 $ et pourrait atteindre 58 000 $ avec la reprise du Crypto Rally
2024-02-26,2024-02-26 00:00:00+00:00,2024-02-26 00:00:00+00:00,"Mysterious ‘Mr. 100’ Quietly Buying Bitcoin in Massive Quantities, Say On-Chain Analysts – Here’s Who the Entity Might Be"
2024-02-26,2024-02-26 00:00:00+00:00,2024-02-26 00:00:00+00:00,"$182,330,000 in Crypto Liquidated in Matter of Hours As Bitcoin (BTC) Shatters 26-Month High"
2024-02-26,2024-02-26 00:00:00+00:00,2024-02-26 00:00:00+00:00,Bitcoin supera los $ 54 000 y puede alcanzar los $ 58 000 a medida que se reanuda el Rally Cripto
2024-02-27,2024-02-27 00:00:00+00:00,2024-02-27 00:00:00+00:00,"MicroStrategy’s X Account Compromised As About $440,000 Worth of Crypto Stolen From Malicious Post"
2024-02-27,2024-02-27 00:00:00+00:00,2024-02-27 00:00:00+00:00,Texas Senator Ted Cruz Launches New Legislation To Ban Central Bank Digital Currencies (CBDCs)
2024-02-27,2024-02-27 00:00:00+00:00,2024-02-27 00:00:00+00:00,"Bitcoin, Ether Rally Continues; Earn Alliance CEO on the Future of Web3 Gaming"
2024-02-27,2024-02-27 00:00:00+00:00,2024-02-27 00:00:00+00:00,Bitcoin-Focused Payments App Strike Rolls Out Services to Africa
2024-02-27,2024-02-27 00:00:00+00:00,2024-02-27 00:00:00+00:00,Analyst Raises Bitcoin's 2025 Target to $200K
2024-02-28,2024-02-28 00:00:00+00:00,2024-02-28 00:00:00+00:00,Retail Investors Are Sleeping on Bitcoin's March Towards All-Time Highs: IntoTheBlock
2024-02-28,2024-02-28 00:00:00+00:00,2024-02-28 00:00:00+00:00,Bitcoin Surges Above $60K; Bitcoin ZK Rollup Citrea Raises $2.7M
2024-02-28,2024-02-28 00:00:00+00:00,2024-02-28 00:00:00+00:00,"The Protocol: Bitcoin's Call for Volunteers, Ethena's USDe, Blast's Blast-Off"
2024-02-28,2024-02-28 00:00:00+00:00,2024-02-28 00:00:00+00:00,"$638,300,000 in Liquidations Rock Crypto Markets As Bitcoin’s Relentless Rally Reaches New Heights"
2024-02-28,2024-02-28 00:00:00+00:00,2024-02-28 00:00:00+00:00,"Bitcoin chute soudainement de 7% après avoir atteint 64 000 $, déclenchant plus de 600 millions de dollars de liquidations Crypto"
2024-02-29,2024-02-29 00:00:00+00:00,2024-02-29 00:00:00+00:00,"Bitcoin’s Rollercoaster Ride: From Sharp Decline to Resilient Rebound – Can $64,000 Resurface?"
2024-02-29,2024-02-29 00:00:00+00:00,2024-02-29 00:00:00+00:00,Bitcoin Blasting Toward Biggest Monthly Gain in 3 Years
2024-02-29,2024-02-29 00:00:00+00:00,2024-02-29 00:00:00+00:00,Bitcoin’s Meteoric Rise: Biggest Single-Day Gain Since October Sparks Bullish Sentiment
2024-02-29,2024-02-29 00:00:00+00:00,2024-02-29 00:00:00+00:00,Pepe Price Predictions: Will the Latest Crypto Rally Take Meme Coin PEPE Higher?
2024-02-29,2024-02-29 00:00:00+00:00,2024-02-29 00:00:00+00:00,"Bitcoin’s Price Resurgence: A Deep Dive into Recent Volatility and the Journey Towards $64,000"
2024-03-01,2024-03-01 00:00:00+00:00,2024-03-01 00:00:00+00:00,Bitcoin’s Price Is Way Up. And $48 Trillion in Wealth Just Got Access
2024-03-01,2024-03-01 00:00:00+00:00,2024-03-01 00:00:00+00:00,Meme Stocks or Blue Chips? The 7 Best Places to Put Your Money in 2024
2024-03-01,2024-03-01 00:00:00+00:00,2024-03-01 00:00:00+00:00,"Bitcoin Could Hit New All-Time High Before the Halving, According to Analyst Kevin Svenson – But There’s a Catch"
2024-03-01,2024-03-01 00:00:00+00:00,2024-03-01 00:00:00+00:00,Meme Coin Rally May Signal Impending Altcoin Season; This Is the Sign to Watch
2024-03-01,2024-03-01 00:00:00+00:00,2024-03-01 00:00:00+00:00,First Mover Americas: Is Bitcoin Rallying Ahead of Schedule?
2024-03-02,2024-03-02 00:00:00+00:00,2024-03-02 00:00:00+00:00,"BlackRock’s New Spot Bitcoin ETF Crosses $10,000,000,000 in Assets Under Management: Bloomberg Analyst"
2024-03-02,2024-03-02 00:00:00+00:00,2024-03-02 00:00:00+00:00,"SHIB, WIF Climb 60% as Shorts Lose $50M Betting Against Meme Coins"
2024-03-02,2024-03-02 00:00:00+00:00,2024-03-02 00:00:00+00:00,"Bitcoin Price Primed To Hit $900,000, According To Contentious Crypto Model – Here’s the Timeline"
2024-03-02,2024-03-02 00:00:00+00:00,2024-03-02 00:00:00+00:00,"Bitcoin’s Current Surge Is Outperforming Previous Pre-Halving Rallies, According to Analyst – Here’s His Outlook"
2024-03-02,2024-03-02 00:00:00+00:00,2024-03-02 00:00:00+00:00,"Jack Mallers Heralds Bitcoin as the Ultimate Store of Value, Outshining Gold’s Scarcity"
2024-03-03,2024-03-03 00:00:00+00:00,2024-03-03 00:00:00+00:00,Deciphering Bitcoin’s Future: Galaxy Digital CEO’s Insights into Market Volatility
2024-03-03,2024-03-03 00:00:00+00:00,2024-03-03 00:00:00+00:00,Blow-Off Top? Legendary Trader Peter Brandt Weighs In on Bitcoin After BTC Rises Nearly 50% in a Month
2024-03-03,2024-03-03 00:00:00+00:00,2024-03-03 00:00:00+00:00,Grayscale CEO Michael Sonnenshein Says Pent-Up Demand for Bitcoin Driving BTC Price Following ETF Launch
2024-03-03,2024-03-03 00:00:00+00:00,2024-03-03 00:00:00+00:00,"Bitcoin in Midst of Sustainable Uptrend As BTC Bears Face Brunt of Futures Liquidations, According to Glassnode"
2024-03-03,2024-03-03 00:00:00+00:00,2024-03-03 00:00:00+00:00,Grayscale’s Bold Move: Spot Bitcoin ETF Ad Dominates NYC’s Wall Street
2024-03-04,2024-03-04 00:00:00+00:00,2024-03-04 00:00:00+00:00,AI+Crypto: Trouble
2024-03-04,2024-03-04 00:00:00+00:00,2024-03-04 00:00:00+00:00,"ARK Invest’s Cathie Wood Says $1,500,000 Bitcoin Price Explosion Still on the Table – Here’s Why"
2024-03-04,2024-03-04 00:00:00+00:00,2024-03-04 00:00:00+00:00,Premier arrivé en Amérique : Bitcoin dépasse les 65 000 $ et le Rally des jetons Meme
2024-03-04,2024-03-04 00:00:00+00:00,2024-03-04 00:00:00+00:00,Bitcoin Rally Leaves More Than 97% of Addresses in Profit
2024-03-04,2024-03-04 00:00:00+00:00,2024-03-04 00:00:00+00:00,"First Mover Americas: Bitcoin Surpasses $65K, Meme Tokens Rally"
2024-03-05,2024-03-05 00:00:00+00:00,2024-03-05 00:00:00+00:00,3 Cryptos With Tenfold Growth Potential by 2026
2024-03-05,2024-03-05 00:00:00+00:00,2024-03-05 00:00:00+00:00,"Trader Predicts Breakout Rally for Under-the-Radar Altcoin, Says Cardano (ADA) Uptrend Looks Healthy"
2024-03-05,2024-03-05 00:00:00+00:00,2024-03-05 00:00:00+00:00,Michael Saylor's MicroStrategy to Raise $600M to Buy More Bitcoin
2024-03-05,2024-03-05 00:00:00+00:00,2024-03-05 00:00:00+00:00,Bitcoin ETF Giant Grayscale Introduces a Crypto Staking Fund
2024-03-05,2024-03-05 00:00:00+00:00,2024-03-05 00:00:00+00:00,"Institutional Crypto Wallet Provider Utila Raises $11.5M, Aims to Facilitate Tokenization Boom"
2024-03-06,2024-03-06 00:00:00+00:00,2024-03-06 00:00:00+00:00,A $150K Target for Bitcoin; Meme Coins Take Center Stage on Solana
2024-03-06,2024-03-06 00:00:00+00:00,2024-03-06 00:00:00+00:00,Bitcoin Rally May Slow Amid Order-Book Imbalance
2024-03-06,2024-03-06 00:00:00+00:00,2024-03-06 00:00:00+00:00,"Crypto Update | BTC Sell-Off 'Clears the Air For Bitcoin to Go Higher,' Says Juan Leon"
2024-03-06,2024-03-06 00:00:00+00:00,2024-03-06 00:00:00+00:00,It's Time! 3 Topped Cryptos to Sell Right Now
2024-03-06,2024-03-06 00:00:00+00:00,2024-03-06 00:00:00+00:00,First Mover Americas: cosa verrà dopo il flirt di BTC con livelli record
2024-03-07,2024-03-07 00:00:00+00:00,2024-03-07 00:00:00+00:00,Decrypting Bitcoin’s Future: Analysts Forecast a 55% Crash Amid Market Volatility
2024-03-07,2024-03-07 00:00:00+00:00,2024-03-07 00:00:00+00:00,Cryptocurrency Chronology: Unveiling the Epic Saga of a Miner’s 14-Year Bitcoin Odyssey
2024-03-07,2024-03-07 00:00:00+00:00,2024-03-07 00:00:00+00:00,Bitcoin’s Spectacular Surge: Scaling New Heights Beyond $69K
2024-03-07,2024-03-07 00:00:00+00:00,2024-03-07 00:00:00+00:00,Bitcoin’s Rollercoaster Ride: From $69K Highs to Profit-Taking Plunge
2024-03-07,2024-03-07 00:00:00+00:00,2024-03-07 00:00:00+00:00,"Ethereum-Based Altcoin ‘Very Likely Going’ To Explode by Over 440%, Predicts Crypto Analyst Michaël van de Poppe"
2024-03-08,2024-03-08 00:00:00+00:00,2024-03-08 00:00:00+00:00,Elon Musk’s Tesla Scores $230 Million Profit from Bitcoin Investment Amid ETF Surge
2024-03-08,2024-03-08 00:00:00+00:00,2024-03-08 00:00:00+00:00,'Groundhog Day' in Crypto as Bitcoin Again Plunges Following New Record
2024-03-08,2024-03-08 00:00:00+00:00,2024-03-08 00:00:00+00:00,"Bitcoin Price Breaks All-Time High As BlackRock and Fidelity Holdings Surge to $12,300,000,000 in BTC"
2024-03-08,2024-03-08 00:00:00+00:00,2024-03-08 00:00:00+00:00,The Top 3 Cryptos to Buy in March 2024
2024-03-08,2024-03-08 00:00:00+00:00,2024-03-08 00:00:00+00:00,"Bitcoin Could Explode to Nearly $200,000 This Cycle, According to Coin Bureau’s Guy Turner – Here’s His Outlook"
2024-03-09,2024-03-09 00:00:00+00:00,2024-03-09 00:00:00+00:00,"Bitcoin Surges Past $70,000: Analysts Bullish Despite Potential Pullback"
2024-03-09,2024-03-09 00:00:00+00:00,2024-03-09 00:00:00+00:00,Binance Coin (BNB) Rockets to 2-Year High: What’s Fueling the Surge?
2024-03-09,2024-03-09 00:00:00+00:00,2024-03-09 00:00:00+00:00,Bitcoin Emerges as a Disruptive Force: Insights from Financial Analyst Alan Kohler
2024-03-09,2024-03-09 00:00:00+00:00,2024-03-09 00:00:00+00:00,"Historical Patterns Hint at When Ongoing Crypto Bull Market Could End, Says Analyst – Here’s the Timeline"
2024-03-09,2024-03-09 00:00:00+00:00,2024-03-09 00:00:00+00:00,Billionaire Hedge Funder Bill Ackman Mulls Bitcoin
2024-03-10,2024-03-10 00:00:00+00:00,2024-03-10 00:00:00+00:00,"Top Trader Warns Crypto Close to Printing Local Top, Predicts One Crypto Subsector Turning Hot in Coming Days"
2024-03-10,2024-03-10 00:00:00+00:00,2024-03-10 00:00:00+00:00,"Bitcoin Approaching ‘Tipping Point’ As BTC Becomes Part of the Financial Fabric, Says Billionaire Chamath Palihapitiya"
2024-03-10,2024-03-10 00:00:00+00:00,2024-03-10 00:00:00+00:00,"Bitcoin Will See Significant Inflows From Large Corporations and Others in Q2 2024, Says Bitwise CIO Matt Hougan"
2024-03-10,2024-03-10 00:00:00+00:00,2024-03-10 00:00:00+00:00,"BlackRock's Bitcoin ETF Nears 200K BTC, Passing Michael Saylor's MicroStrategy"
2024-03-10,2024-03-10 00:00:00+00:00,2024-03-10 00:00:00+00:00,"Bitcoin Coming Up on Potential ‘Danger Zone’ As BTC Halving Approaches, According to Crypto Analyst"
2024-03-11,2024-03-11 00:00:00+00:00,2024-03-11 00:00:00+00:00,Protocol Village: el protocolo de recuperación de Bitcoin BounceBit lanza Testnet
2024-03-11,2024-03-11 00:00:00+00:00,2024-03-11 00:00:00+00:00,BlackRock CEO Larry Fink Says Bitcoin ‘Great Potential Long-Term Store of Value’ if You’re Fearful of Government
2024-03-11,2024-03-11 00:00:00+00:00,2024-03-11 00:00:00+00:00,Protocol Village: Protocolo Bitcoin Restaking BounceBit lança Testnet
2024-03-11,2024-03-11 00:00:00+00:00,2024-03-11 00:00:00+00:00,Can MicroStrategy (MSTR) Stock Short Squeeze Even Higher?
2024-03-11,2024-03-11 00:00:00+00:00,2024-03-11 00:00:00+00:00,Protocol Village: il protocollo BounceBit di restaking Bitcoin lancia Testnet
2024-03-12,2024-03-12 00:00:00+00:00,2024-03-12 00:00:00+00:00,"Crypto Update | Consumer Price Index Inches Higher While BTC Continues Its Rise, With Peter Eberle"
2024-03-12,2024-03-12 00:00:00+00:00,2024-03-12 00:00:00+00:00,Grayscale Plans Low-Fee GBTC Spinoff: the Bitcoin Mini Trust
2024-03-12,2024-03-12 00:00:00+00:00,2024-03-12 00:00:00+00:00,VanEck Spot Bitcoin ETF Sees Record $119M Inflow After Fee Cut to 0%
2024-03-12,2024-03-12 00:00:00+00:00,2024-03-12 00:00:00+00:00,AVAX's 28% Advance Led CoinDesk 20 Gainers Last Week: CoinDesk Indices Market Update
2024-03-12,2024-03-12 00:00:00+00:00,2024-03-12 00:00:00+00:00,Jamie Dimon Defends Right to Buy Bitcoin Even Though He Never Will
2024-03-13,2024-03-13 00:00:00+00:00,2024-03-13 00:00:00+00:00,How a Bitcoin Mixer Laundering Conviction Might Be Appealed
2024-03-13,2024-03-13 00:00:00+00:00,2024-03-13 00:00:00+00:00,Spot Bitcoin ETFs See Record $1B in Net Inflows; Ethereum's 'Dencun' Upgrade Goes Live
2024-03-13,2024-03-13 00:00:00+00:00,2024-03-13 00:00:00+00:00,"BlackRock Leads Over $10,000,000,000 Avalanche Into Spot Bitcoin ETFs: BitMEX Research"
2024-03-13,2024-03-13 00:00:00+00:00,2024-03-13 00:00:00+00:00,7 Key Cryptos at a Crossroads as the Fed's Inflation Fight Rages On
2024-03-13,2024-03-13 00:00:00+00:00,2024-03-13 00:00:00+00:00,Spot Bitcoin ETFs Could See $220B of Inflows in Next 3 Years: JMP Securities
2024-03-14,2024-03-14 00:00:00+00:00,2024-03-14 00:00:00+00:00,Bitcoin Sells Off 3%; Is Macro Risk Returning to Market?
2024-03-14,2024-03-14 00:00:00+00:00,2024-03-14 00:00:00+00:00,"Ether ETFs Could Be Bigger Than Bitcoin ETFs, Says VanEck"
2024-03-14,2024-03-14 00:00:00+00:00,2024-03-14 00:00:00+00:00,How Spot BTC ETFs Could Influence Bitcoin's Response to the Halving
2024-03-14,2024-03-14 00:00:00+00:00,2024-03-14 00:00:00+00:00,Next Up: BTC ETFs Go Global
2024-03-14,2024-03-14 00:00:00+00:00,2024-03-14 00:00:00+00:00,Cash in on the Crypto Craze: 3 Coins Primed for Explosive Growth
2024-03-15,2024-03-15 00:00:00+00:00,2024-03-15 00:00:00+00:00,"Ether Could Be a Meaningful Earnings Driver for Coinbase, JPMorgan Says"
2024-03-15,2024-03-15 00:00:00+00:00,2024-03-15 00:00:00+00:00,Michael Saylor's MicroStrategy Prices Upsized $525M Debt Offering to Buy More Bitcoin
2024-03-15,2024-03-15 00:00:00+00:00,2024-03-15 00:00:00+00:00,First Mover Americas: El Salvador Holds More BTC Than Expected
2024-03-15,2024-03-15 00:00:00+00:00,2024-03-15 00:00:00+00:00,Bitcoin Trader Sees Prices Slumping to $60K as Crypto Bulls See $650M in Liquidations
2024-03-15,2024-03-15 00:00:00+00:00,2024-03-15 00:00:00+00:00,"Historical Pattern Suggests Bitcoin’s on the Cusp of Entering the ‘Danger Zone’, According to Crypto Analyst"
2024-03-16,2024-03-16 00:00:00+00:00,2024-03-16 00:00:00+00:00,"Bitcoin Entering a Zone of Head-Spinning Volatility, According to Analyst Kevin Svenson – Here Are His Targets"
2024-03-16,2024-03-16 00:00:00+00:00,2024-03-16 00:00:00+00:00,"Analyst Says ‘Flood Gates Are Open’ for Altcoin That’s up 10x in Six Months, Updates Outlook on Bitcoin and Sei"
2024-03-16,2024-03-16 00:00:00+00:00,2024-03-16 00:00:00+00:00,"$300,000 Bitcoin Price Incoming, Predicts Rich Dad Poor Dad Author Robert Kiyosaki – Here’s the Timeline"
2024-03-16,2024-03-16 00:00:00+00:00,2024-03-16 00:00:00+00:00,Bitcoin’s Skyrocketing Leverage Suggests Crypto Market Could Be Overheated: IntoTheBlock
2024-03-16,2024-03-16 00:00:00+00:00,2024-03-16 00:00:00+00:00,MicroStrategy Announces Plan To Buy More Bitcoin (BTC) As Top Crypto Asset Dips in Price
2024-03-17,2024-03-17 00:00:00+00:00,2024-03-16 16:50:00+00:00,"Bitcoin (BTC) Fees Down by 33%, Here's Why"
2024-03-17,2024-03-17 00:00:00+00:00,2024-03-17 00:00:00+00:00,"Trader Predicts Rallies in Broader Altcoin Market, Sees One Solana-Rival Following SOL’s Surge"
2024-03-17,2024-03-17 00:00:00+00:00,2024-03-17 00:00:00+00:00,"Crypto.com CEO Says Bitcoin Cycle Currently in December 2020 Phase, Sees Steady Ramp-Up of Capital Flowing to BTC"
2024-03-17,2024-03-17 00:00:00+00:00,2024-03-17 00:00:00+00:00,"Top Trader Says Bitcoin Trend Showing Change in Character, Warns BTC Flashing Multiple Bearish Signals"
2024-03-17,2024-03-17 00:00:00+00:00,2024-03-17 00:00:00+00:00,El Salvador President Says Country Moving Bitcoin Into Cold Storage Amid Daily One BTC Investment Plan
2024-03-18,2024-03-18 00:00:00+00:00,2024-03-18 00:00:00+00:00,"Investment Giant Standard Chartered Raises 2025 Bitcoin Price Target to $150,000: Report"
2024-03-18,2024-03-18 00:00:00+00:00,2024-03-18 00:00:00+00:00,"Bitcoin Could Be Making a Sprint for $160,000 Based on These Indicators, According to Crypto Analyst"
2024-03-18,2024-03-18 00:00:00+00:00,2024-03-18 00:00:00+00:00,Is Toxic Bitcoin Maximalism Getting Less Toxic?
2024-03-18,2024-03-18 00:00:00+00:00,2024-03-18 00:00:00+00:00,Tether's USDT Gets Delisted on Crypto Exchange OKX for EU Users
2024-03-18,2024-03-18 00:00:00+00:00,2024-03-18 00:00:00+00:00,Bitcoin Correction May Continue if ETF Inflows Disappoint in Next Few Days: 10x Research
2024-03-19,2024-03-19 00:00:00+00:00,2024-03-19 00:00:00+00:00,"Michael Saylor's MicroStrategy Acquired Another 9,245 BTC For $623M"
2024-03-19,2024-03-19 00:00:00+00:00,2024-03-19 00:00:00+00:00,Spot Bitcoin ETFs Are Just the Beginning for Wall Street
2024-03-19,2024-03-19 00:00:00+00:00,2024-03-19 00:00:00+00:00,"BlackRock Creates Tokenized Asset Fund, SEC Filing Shows"
2024-03-19,2024-03-19 00:00:00+00:00,2024-03-19 00:00:00+00:00,Bitcoin ‘Danger Zone’ Imminent As BTC Reaches Point of Market Cycle Historically Correlated With Correction: Analyst
2024-03-19,2024-03-19 00:00:00+00:00,2024-03-19 00:00:00+00:00,Luxor Looks to Help Bitcoin Miners Hedge Halving Risk With New Hashrate Futures
2024-03-20,2024-03-20 00:00:00+00:00,2024-03-20 00:00:00+00:00,La Federal Reserve mantiene stabili i tassi di interesse e le prospettive di taglio dei tassi per quest’anno
2024-03-20,2024-03-20 00:00:00+00:00,2024-03-20 00:00:00+00:00,"Pinapanatili ng Federal Reserve ang Mga Rate ng Interes, Panay ang Rate Cut Outlook para sa Taon na Ito"
2024-03-20,2024-03-20 00:00:00+00:00,2024-03-20 00:00:00+00:00,"Federal Reserve Keeps Interest Rates, Rate Cut Outlook Steady for This Year"
2024-03-20,2024-03-20 00:00:00+00:00,2024-03-20 00:00:00+00:00,La Réserve fédérale maintient ses taux d'intérêt et ses perspectives de baisse de taux stables pour cette année
2024-03-20,2024-03-20 00:00:00+00:00,2024-03-20 00:00:00+00:00,"Here’s What’s Behind the Recent Crypto Crash, According to Economist Alex Krüger"
2024-03-21,2024-03-21 00:00:00+00:00,2024-03-21 00:00:00+00:00,"After ‘Massive Bounce’ From Bitcoin, Crypto Analyst Breaks Down Two Rebounding Altcoins"
2024-03-21,2024-03-21 00:00:00+00:00,2024-03-21 00:00:00+00:00,"Argentinians Ditching US Dollar, Turning to Bitcoin in Droves Amid 276% Inflation: Report"
2024-03-21,2024-03-21 00:00:00+00:00,2024-03-21 00:00:00+00:00,Luke Lango Says Meme Coins Are the Slot Machines of Crypto
2024-03-21,2024-03-21 00:00:00+00:00,2024-03-21 00:00:00+00:00,Crypto for Advisors: Understanding The Ethereum Economy
2024-03-21,2024-03-21 00:00:00+00:00,2024-03-21 00:00:00+00:00,"Bitcoin Slips to $65K Amid Stronger Dollar, But Analyst Says the 'Pullback Is Over'"
2024-03-22,2024-03-22 00:00:00+00:00,2024-03-22 00:00:00+00:00,Bitcoin Slips to $64K as Large Grayscale GBTC Outflows Continue
2024-03-22,2024-03-22 00:00:00+00:00,2024-03-22 00:00:00+00:00,"Investor Dan Tapiero Says Bitcoin Bull Market in Third Inning, Predicts 200% BTC Rally – Here’s the Timeline"
2024-03-22,2024-03-22 00:00:00+00:00,2024-03-22 00:00:00+00:00,"Cathie Wood Calls Bitcoin a ‘Financial Super Highway,’ Reiterates $1.5M Price Target"
2024-03-22,2024-03-22 00:00:00+00:00,2024-03-22 00:00:00+00:00,"As Bitcoin’s Consolidation Continues, Crypto Analyst Compares BTC’s Movements to Previous Cycles"
2024-03-22,2024-03-22 00:00:00+00:00,2024-03-22 00:00:00+00:00,First Mover Americas: Fantom’s FTM Outperforms Market Ahead of Upgrade
2024-03-23,2024-03-23 00:00:00+00:00,2024-03-22 09:11:00+00:00,Analyst Names Key Reason Behind Disastrous Grayscales Outflows
2024-03-23,2024-03-23 00:00:00+00:00,2024-03-22 11:35:12+00:00,JPMorgan Warns of Further Bitcoin Decline Despite Recent Correction
2024-03-23,2024-03-23 00:00:00+00:00,2024-03-22 18:19:00+00:00,"BlackRock Claims There's ""Little"" Demand for Ethereum"
2024-03-23,2024-03-23 00:00:00+00:00,2024-03-22 20:10:00+00:00,Shocking $3.8 Million Bitcoin (BTC) Price Target Announced by Cathie Wood
2024-03-23,2024-03-23 00:00:00+00:00,2024-03-23 00:00:00+00:00,"‘You’re Not Ready for What’s Coming Next’ After Bitcoin Hits $90,000, Says Kevin Svenson – Here’s His Outlook"
2024-03-24,2024-03-24 00:00:00+00:00,2024-03-24 00:00:00+00:00,3 Cryptos to Sell Before They Become April Fool's Jokes
2024-03-24,2024-03-24 00:00:00+00:00,2024-03-24 00:00:00+00:00,"Gold Won’t Keep Up With Crypto’s Expected 2–3X of Market Cap in Coming Years, According to Analyst Jamie Coutts"
2024-03-24,2024-03-24 00:00:00+00:00,2024-03-24 00:00:00+00:00,ETF Investors Are the Strong Hands After Gobbling Up BTC Amid Recent Sell-Off: Bloomberg Analyst
2024-03-24,2024-03-24 00:00:00+00:00,2024-03-24 00:00:00+00:00,Anthony Scaramucci Says ‘Big Bump Up’ in Demand Coming for Bitcoin in the Next Ten Years – Here’s Why
2024-03-24,2024-03-24 00:00:00+00:00,2024-03-24 00:00:00+00:00,"Top Analyst Issues Bitcoin Warning, Says Monthly Close Below This Level Would Be Catastrophic for BTC"
2024-03-25,2024-03-25 00:00:00+00:00,2024-03-25 00:00:00+00:00,Why the Media Is Seemingly Less Interested in Bitcoin Than Ever
2024-03-25,2024-03-25 00:00:00+00:00,2024-03-25 00:00:00+00:00,London Stock Exchange Will Start Market for Bitcoin and Ether ETNs May 28
2024-03-25,2024-03-25 00:00:00+00:00,2024-03-25 00:00:00+00:00,"London Resident Holding $2,500,000,000 in Bitcoin Convicted on Money Laundering Charges: Report"
2024-03-25,2024-03-25 00:00:00+00:00,2024-03-25 00:00:00+00:00,"CryptoQuant CEO Unveils ‘Max Pain’ Price Level for Bitcoin, Says BTC ETF Netflows Are Slowing"
2024-03-25,2024-03-25 00:00:00+00:00,2024-03-25 00:00:00+00:00,Bitcoin Pumps Above $69K as Crypto Rally Resumes
2024-03-26,2024-03-26 00:00:00+00:00,2024-03-26 00:00:00+00:00,"Galaxy Digital's Strong Earnings Will Carry Into Current Quarter, Analyst Says"
2024-03-26,2024-03-26 00:00:00+00:00,2024-03-26 00:00:00+00:00,"Early Bitcoin Investor Launches Lawsuit To Recover Wallet With $560,000,000 in BTC Lost in UK Landfill: Report"
2024-03-26,2024-03-26 00:00:00+00:00,2024-03-26 00:00:00+00:00,"$160,000 Bitcoin Could Be ‘Conservative’ Price Target, According to Trader That Called 2022 Bear Market Bottom"
2024-03-26,2024-03-26 00:00:00+00:00,2024-03-26 00:00:00+00:00,The Bitcoin Halving Could Accelerate Consumer Adoption of BTC
2024-03-26,2024-03-26 00:00:00+00:00,2024-03-26 00:00:00+00:00,Nayib Bukele Update on El Salvador Bitcoin Holdings Shows Growing Stack
2024-03-27,2024-03-27 00:00:00+00:00,2024-03-27 00:00:00+00:00,"‘This Cycle Is Different’ – $86,000,000,000 in Institutional Money Enters Bitcoin in Just Six Months: CryptoQuant CEO"
2024-03-27,2024-03-27 00:00:00+00:00,2024-03-27 00:00:00+00:00,"Crypto Stocks Like MicroStrategy, Coinbase Could Shoot Up if Short Sellers Exit"
2024-03-27,2024-03-27 00:00:00+00:00,2024-03-27 00:00:00+00:00,The Protocol: Meme Coins (and Pepe's Best Friend) Swarm Coinbase Layer 2 Chain
2024-03-27,2024-03-27 00:00:00+00:00,2024-03-27 00:00:00+00:00,Protocol Village: Zircuit Launches 'Build to Earn' Program With Rewards for Devs
2024-03-27,2024-03-27 00:00:00+00:00,2024-03-27 00:00:00+00:00,"Ether.Fi's ETHFI Jumps 50% to Record, May Boost Valuations for Liquid Restaking Token Airdrops: Analyst"
2024-03-28,2024-03-28 00:00:00+00:00,2024-03-28 00:00:00+00:00,5 Big Buyers of MicroStrategy (MSTR) Stock
2024-03-28,2024-03-28 00:00:00+00:00,2024-03-28 00:00:00+00:00,Is This the End of Bitcoin's 4-Year Bull/Bear Market Cycle?
2024-03-28,2024-03-28 00:00:00+00:00,2024-03-28 00:00:00+00:00,"Crypto Trader Breaks Down Bitcoin’s Break Out, Says Altcoins Will Soon Wake Up"
2024-03-28,2024-03-28 00:00:00+00:00,2024-03-28 00:00:00+00:00,WUSD Is Unlocking the Potential of Stablecoins for Mainstream Adoption
2024-03-28,2024-03-28 00:00:00+00:00,2024-03-28 00:00:00+00:00,Dogecoin Bets Jump to $2B as Price Reaches Highest Level Since 2021
2024-03-29,2024-03-29 00:00:00+00:00,2024-03-29 00:00:00+00:00,Billionaire Mike Novogratz Predicts Ballooning US Debt Will Spur New Bitcoin Adoption
2024-03-29,2024-03-29 00:00:00+00:00,2024-03-29 00:00:00+00:00,"UK Judge Freezes $7,600,000 of Craig Wright’s Assets After Ruling That He Is Not the Founder of Bitcoin"
2024-03-29,2024-03-29 00:00:00+00:00,2024-03-29 00:00:00+00:00,"Whales Move Over $618,000,000 in Bitcoin, Ethereum, XRP and Chainlink – Here’s Where the Crypto’s Headed"
2024-03-29,2024-03-29 00:00:00+00:00,2024-03-29 00:00:00+00:00,"Crypto Analyst Says Altcoin Markets Are Ready To Pop, Lays Out a Path for Bitcoin"
2024-03-29,2024-03-29 00:00:00+00:00,2024-03-29 00:00:00+00:00,"Crypto Analyst Says Mid-Cap Memecoin Primed To ‘Absolutely Rip,’ Updates Outlook on BNB and Dogecoin"
2024-03-30,2024-03-30 00:00:00+00:00,2024-03-29 14:15:16+00:00,UK Court Freezes £6 Million of Craig Wright’s Assets to Prevent Evading Court Costs
2024-03-30,2024-03-30 00:00:00+00:00,2024-03-29 18:25:27+00:00,Bitcoin Price Prediction as $35 Billion Trading Volume Sends BTC Toward New All-Time Highs – Time to Buy?
2024-03-30,2024-03-30 00:00:00+00:00,2024-03-30 00:00:00+00:00,"Bitcoin Offering ‘Final Bargain’ Opportunities Before Parabolic Rally Erupts, Says Trader – Here’s the Timeline"
2024-03-30,2024-03-30 00:00:00+00:00,2024-03-30 00:00:00+00:00,‘It’s Going To Do Something Insane This Cycle’ – Analyst Says This Memecoin Primed To Skyrocket by at Least 200%
2024-03-30,2024-03-30 00:00:00+00:00,2024-03-30 00:00:00+00:00,"April Will Be a ‘Very Interesting Month’ for Bitcoin and Crypto, Says Benjamin Cowen – Here’s What He Means"
2024-03-31,2024-03-31 00:00:00+00:00,2024-03-31 00:00:00+00:00,"Here’s When Ethereum and Altcoins Could Start To Outrun Bitcoin, According to Analyst Jason Pizzino"
2024-03-31,2024-03-31 00:00:00+00:00,2024-03-31 00:00:00+00:00,"Q2 2024 Will Be Bullish for Bitcoin Amid Entry of Large Institutions via ETFs, According to Coinbase"
2024-03-31,2024-03-31 00:00:00+00:00,2024-03-31 00:00:00+00:00,Economist Alex Krüger Says TradFi Firms Have Three Options When It Comes to Bitcoin (BTC) – Here’s What He Means
2024-03-31,2024-03-31 00:00:00+00:00,2024-03-31 00:00:00+00:00,"Here’s Why Record-Level US Debt Will Propel Bitcoin to Greater Heights, According to Strike CEO Jack Mallers"
2024-03-31,2024-03-31 00:00:00+00:00,2024-03-31 00:00:00+00:00,"Bitcoin Tapping Into $84,000,000,000,000 Market, BTC Adoption Now Overwhelming: Billionaire Mike Novogratz"
2024-04-01,2024-04-01 00:00:00+00:00,2024-04-01 00:00:00+00:00,"Economist Alex Krüger Says Bitcoin All-Time Highs Coming Soon, Predicts 4x Move for One Layer-One Altcoin"
2024-04-01,2024-04-01 00:00:00+00:00,2024-04-01 00:00:00+00:00,Trading Volume on South Korean Crypto Exchange Upbit Crashes 75%
2024-04-01,2024-04-01 00:00:00+00:00,2024-04-01 00:00:00+00:00,Bitcoin-Powered Altcoin Skyrockets Over 470% in Just Over a Week As Rest of Market Corrects
2024-04-01,2024-04-01 00:00:00+00:00,2024-04-01 00:00:00+00:00,Inflation ‘Alarm Bell Going Off’ Pushing Strong Bitcoin Adoption As Americans Anticipate More Money Printing: Anthony Pompliano
2024-04-01,2024-04-01 00:00:00+00:00,2024-04-01 00:00:00+00:00,Thai Crypto Exchange Bitkub Plans 2025 IPO: Bloomberg
2024-04-02,2024-04-02 00:00:00+00:00,2024-04-02 00:00:00+00:00,How the Bitcoin Halving Could Affect Network Security
2024-04-02,2024-04-02 00:00:00+00:00,2024-04-02 00:00:00+00:00,7 Cryptos Ready to Soar to New Heights... or Crash and Burn
2024-04-02,2024-04-02 00:00:00+00:00,2024-04-02 00:00:00+00:00,Are Bitcoin Developers Losing Faith in Lightning?
2024-04-02,2024-04-02 00:00:00+00:00,2024-04-02 00:00:00+00:00,"Injection of New Capital Supporting Bitcoin As Long-Term Holders Distribute to Newcomers, According to Glassnode"
2024-04-02,2024-04-02 00:00:00+00:00,2024-04-02 00:00:00+00:00,"Institutional Sentiment Mounts Recovery With $862,000,000 in Weekly Inflows: CoinShares"
2024-04-03,2024-04-03 00:00:00+00:00,2024-04-03 00:00:00+00:00,Protocol Village: Optimism-Based DEX Velodrome Deploys to Bitcoin L2 BOB
2024-04-03,2024-04-03 00:00:00+00:00,2024-04-03 00:00:00+00:00,Defending Goldman Sachs’ Latest Crypto Criticism
2024-04-03,2024-04-03 00:00:00+00:00,2024-04-03 00:00:00+00:00,"$256,000 Bitcoin Blow-Off Top? Glassnode Analysts Plot Possible Price Path for BTC – Here’s Their Outlook"
2024-04-03,2024-04-03 00:00:00+00:00,2024-04-03 00:00:00+00:00,Digital Asset Platform With Ex-Goldman Partner as Co-Founder Gets Bahrain Crypto License
2024-04-03,2024-04-03 00:00:00+00:00,2024-04-03 00:00:00+00:00,Must Bitcoin ‘Drop Ideals’ of Decentralization to Achieve Mass Adoption?
2024-04-04,2024-04-04 00:00:00+00:00,2024-04-04 00:00:00+00:00,"Trader Predicts New All-Time High for Memecoin That’s Exploded Over 7,600% in Five Weeks, Updates BTC Outlook"
2024-04-04,2024-04-04 00:00:00+00:00,2024-04-04 00:00:00+00:00,What Does Ripple’s Stablecoin Mean for XRP?
2024-04-04,2024-04-04 00:00:00+00:00,2024-04-04 00:00:00+00:00,"Hester Peirce Slams SEC, Says Productive Interactions Between Regulator and Public ‘Few and Far Between’"
2024-04-04,2024-04-04 00:00:00+00:00,2024-04-04 00:00:00+00:00,"As Altcoins Take a Dip Against Bitcoin, One Crypto Analyst Breaks Down Opportunities for Traders"
2024-04-04,2024-04-04 00:00:00+00:00,2024-04-04 00:00:00+00:00,DAOs Beware: Neo-Imperialism Is on the Rise in Crypto-Land
2024-04-05,2024-04-05 00:00:00+00:00,2024-04-05 00:00:00+00:00,Australia Moves on a Spot Bitcoin ETF; Franklin Templeton on Bitcoin NFTs
2024-04-05,2024-04-05 00:00:00+00:00,2024-04-05 00:00:00+00:00,"Bitcoin Possesses ‘Much More Upside,’ According to Glassnode Co-Founders – But There’s a Catch"
2024-04-05,2024-04-05 00:00:00+00:00,2024-04-05 00:00:00+00:00,Did Strong Bitcoin ETF Demand Kill Halving's Potential Bullish Rally?
2024-04-05,2024-04-05 00:00:00+00:00,2024-04-05 00:00:00+00:00,First ‘Bitcoin Diploma’ Recipients Graduate From El Salvador’s New BTC Education Program
2024-04-05,2024-04-05 00:00:00+00:00,2024-04-05 00:00:00+00:00,Top Analyst Who Nailed 2022 Bitcoin Bottom Says BTC Could Surge by Around 45% Before Hitting the Bull Cycle Peak
2024-04-06,2024-04-06 00:00:00+00:00,2024-04-05 10:16:55+00:00,Paraguay Proposes Bitcoin Mining Ban Citing Power Issues
2024-04-06,2024-04-06 00:00:00+00:00,2024-04-06 00:00:00+00:00,"$150,000 Bitcoin Incoming if This Indicator That’s Tipped Off Every BTC Summer Rally Flashes Green: Jamie Coutts"
2024-04-06,2024-04-06 00:00:00+00:00,2024-04-06 00:00:00+00:00,"Parabolic Rally Incoming for Bitcoin After BTC Completes ‘Last Two Phases,’ Says Analyst – Here Are His Targets"
2024-04-06,2024-04-06 00:00:00+00:00,2024-04-06 00:00:00+00:00,"Bitcoin Flashing a Bullish Signal Due to This Historical Factor, According to Analytics Firm Santiment"
2024-04-06,2024-04-06 00:00:00+00:00,2024-04-06 00:00:00+00:00,Ethena Labs Onboards Bitcoin as a Backing Asset for the Crypto Project’s Synthetic Dollar
2024-04-07,2024-04-07 00:00:00+00:00,2024-04-07 00:00:00+00:00,"Bitcoin Dips Likely To Be Aggressively Bought Up As Investors See BTC As Digital Gold, Says Coinbase Institutional"
2024-04-07,2024-04-07 00:00:00+00:00,2024-04-07 00:00:00+00:00,Pantera Capital Records 66% Gain in Q1 for Liquid Crypto Fund – Here’s Some of Its Altcoin Positions: Report
2024-04-07,2024-04-07 00:00:00+00:00,2024-04-07 00:00:00+00:00,"Whale Holding $597,550,000 in Bitcoin Sends BTC to Binance After Being Dormant for Eight Months: Lookonchain"
2024-04-07,2024-04-07 00:00:00+00:00,2024-04-07 00:00:00+00:00,Top Analyst Says Altcoins Will Continue Massively Outshining Ethereum (ETH) – Unless This Happens
2024-04-07,2024-04-07 00:00:00+00:00,2024-04-07 00:00:00+00:00,Bitcoin Has More Room To Run As Wall Street ‘Selling Machine’ Generating Huge Demand for BTC: Anthony Scaramucci
2024-04-08,2024-04-08 00:00:00+00:00,2024-04-08 00:00:00+00:00,Stablecoin Growth Is More Important Cue for Crypto Bull Market Than Bitcoin ETF Inflows: Analyst
2024-04-08,2024-04-08 00:00:00+00:00,2024-04-08 00:00:00+00:00,"If You Can Only Buy One Crypto in April, It Better Be One of These 3 Names"
2024-04-08,2024-04-08 00:00:00+00:00,2024-04-08 00:00:00+00:00,Today’s Biggest Pre-Market Stock Movers: 10 Top Gainers and Losers on Monday
2024-04-08,2024-04-08 00:00:00+00:00,2024-04-08 00:00:00+00:00,"$13,800,000,000 Institutional Inflows at Highest Ever Yearly Rate, Far Surpassing 2021 Record: CoinShares"
2024-04-08,2024-04-08 00:00:00+00:00,2024-04-08 00:00:00+00:00,ENA Rises 15% as Ethena Labs Increases Staking Rewards
2024-04-09,2024-04-09 00:00:00+00:00,2024-04-09 00:00:00+00:00,VanEck CEO Says Transaction Fee Is Bigger Story Than Bitcoin or Ethereum ETFs
2024-04-09,2024-04-09 00:00:00+00:00,2024-04-09 00:00:00+00:00,"7 Cryptos You Can't Afford to Ignore: The Good, the Bad, and the Ugly of the Latest Rally"
2024-04-09,2024-04-09 00:00:00+00:00,2024-04-09 00:00:00+00:00,Bitcoin ETFs Are Not the 'Dominant Narrative' Driving BTC's 2024 Rally: VanEck CEO
2024-04-09,2024-04-09 00:00:00+00:00,2024-04-09 00:00:00+00:00,"Crypto Trader Bullish on One ‘Unpumped’ Altcoin, Updates Outlook on Bitcoin (BTC) and Ethereum (ETH)"
2024-04-09,2024-04-09 00:00:00+00:00,2024-04-09 00:00:00+00:00,"South Korean City Planning To Seize Crypto Assets of 5,208 Tax-Delinquent Residents: Report"
2024-04-10,2024-04-10 00:00:00+00:00,2024-04-10 00:00:00+00:00,"Top Analyst Says ‘Max Pain’ Scenario Coming for Bitcoin (BTC), Predicts Parabolic Rally for Gold"
2024-04-10,2024-04-10 00:00:00+00:00,2024-04-10 00:00:00+00:00,Hong Kong's Incoming Spot Bitcoin ETFs Could Be 'Big Deal.' Here's What Analysts Say
2024-04-10,2024-04-10 00:00:00+00:00,2024-04-10 00:00:00+00:00,"Bitcoin Rebounds to $70K, Shrugging Off Hot U.S. Inflation Print"
2024-04-10,2024-04-10 00:00:00+00:00,2024-04-10 00:00:00+00:00,Crypto Price Predictions: Where Experts Say These 3 Top Tokens Are Headed in 2025
2024-04-10,2024-04-10 00:00:00+00:00,2024-04-10 00:00:00+00:00,How the Halving Will Impact the Bitcoin Market
2024-04-11,2024-04-11 00:00:00+00:00,2024-04-11 00:00:00+00:00,How High Will Bitcoin Price Go After the Halving? Marathon Digital CEO Says BTC To Witness ‘Some Small Impact’
2024-04-11,2024-04-11 00:00:00+00:00,2024-04-11 00:00:00+00:00,"With Bitcoin Facing ‘Crucial Resistance’, Crypto Analyst Breaks Down What’s Next for BTC and Two Altcoins"
2024-04-11,2024-04-11 00:00:00+00:00,2024-04-11 00:00:00+00:00,Stacks Price Predictions: Where Will the Bitcoin Halving Take the STX Crypto?
2024-04-11,2024-04-11 00:00:00+00:00,2024-04-11 00:00:00+00:00,"Aptos Falls 16% Over Past Week, Lagging Ahead of $300M Token Unlocking Event"
2024-04-11,2024-04-11 00:00:00+00:00,2024-04-11 00:00:00+00:00,"Protocol Village: Tate Berenbaum lancia ""AO Ventures"" con 35 milioni di dollari per lo sviluppo Arweave"
2024-04-12,2024-04-12 00:00:00+00:00,2024-04-12 00:00:00+00:00,"Dogecoin Climbs 5.4%, Tops CoinDesk 20 This Week: CoinDesk Indices Market Update"
2024-04-12,2024-04-12 00:00:00+00:00,2024-04-12 00:00:00+00:00,Approval of Spot Bitcoin and Ethereum ETFs in Hong Kong Could Happen Early Next Week: Report
2024-04-12,2024-04-12 00:00:00+00:00,2024-04-12 00:00:00+00:00,"Bitcoin Plunges to $66K, Altcoins Tumble 10-15% on Ugly Day for Risk Assets"
2024-04-12,2024-04-12 00:00:00+00:00,2024-04-12 00:00:00+00:00,"Crypto Analyst Predicts Bitcoin Build-Up Before Breakout, Updates Outlook on Two Altcoins"
2024-04-12,2024-04-12 00:00:00+00:00,2024-04-12 00:00:00+00:00,The Halving Highlights Why Bitcoin Needs to Upgrade
2024-04-13,2024-04-13 00:00:00+00:00,2024-04-12 21:55:29+00:00,Australian Crypto Mining Companies Collapse into Liquidation Owing 450 Investors
2024-04-13,2024-04-13 00:00:00+00:00,2024-04-13 00:00:00+00:00,"Bitcoin Falls 8%, Drops Below $62K Before Rebound"
2024-04-13,2024-04-13 00:00:00+00:00,2024-04-13 00:00:00+00:00,"Slumping Memecoin Pepe Could Witness Nearly 50% Collapse, Warns Crypto Trader"
2024-04-13,2024-04-13 00:00:00+00:00,2024-04-13 00:00:00+00:00,"Crypto Trader Says He Is ‘Super Bullish’ on One Top-10 Altcoin, Updates Outlook on Bitcoin and Pepe"
2024-04-13,2024-04-13 00:00:00+00:00,2024-04-13 00:00:00+00:00,"Bitcoin Ordinals Token That’s Exploded Over 4,600% in a Month Flashing Bullish Signal, According to Top Analyst"
2024-04-14,2024-04-14 00:00:00+00:00,2024-04-14 00:00:00+00:00,"Trader Known for Calling Bitcoin Bottoms Predicts New All-Time Highs for BTC, Updates Outlook on Dogecoin Rival"
2024-04-14,2024-04-14 00:00:00+00:00,2024-04-14 00:00:00+00:00,Analytics Firm Glassnode Says Bitcoin Euphoria Phase Still Young – Here’s Why
2024-04-14,2024-04-14 00:00:00+00:00,2024-04-14 00:00:00+00:00,Gold-Backed PAXG Token Spikes to $2.9K Amid Geopolitical Tensions
2024-04-15,2024-04-15 00:00:00+00:00,2024-04-15 00:00:00+00:00,Hong Kong Boards the ETF Express
2024-04-15,2024-04-15 00:00:00+00:00,2024-04-15 00:00:00+00:00,"Ether, Altcoins Remain Under Pressure Following Volatile Weekend"
2024-04-15,2024-04-15 00:00:00+00:00,2024-04-15 00:00:00+00:00,"There Are Many Bitcoin Critics Left in Finance, Despite BlackRock's Newfound Love"
2024-04-15,2024-04-15 00:00:00+00:00,2024-04-15 00:00:00+00:00,"The Bitcoin Halving Dilemma: Should You Buy, Sell, or Hold as the Supply Shock Approaches?"
2024-04-15,2024-04-15 00:00:00+00:00,2024-04-15 00:00:00+00:00,"Meme-Coin, AI Tokens Lead Gains After Bitcoin Drop Causes $2B in Weekend Liquidations"
2024-04-16,2024-04-16 00:00:00+00:00,2024-04-16 00:00:00+00:00,The 3 Best Cryptos to Buy With Your Tax Refund in 2024
2024-04-16,2024-04-16 00:00:00+00:00,2024-04-16 00:00:00+00:00,Crumbling Cryptos: What's Ahead for These 7 Top Coins as Geopolitical Tensions Flare?
2024-04-16,2024-04-16 00:00:00+00:00,2024-04-16 00:00:00+00:00,New Bitcoin Whales Now Control 9% of BTC Supply Amid ‘Very Active’ On-Chain Accumulation: CryptoQuant CEO
2024-04-16,2024-04-16 00:00:00+00:00,2024-04-16 00:00:00+00:00,"Investors in Three Central European Countries Show Optimism and Confidence in Crypto, According to KPMG Study"
2024-04-16,2024-04-16 00:00:00+00:00,2024-04-16 00:00:00+00:00,Are Bitcoin ETFs Driving BTC Demand? Bored Ape NFT Prices Down 90% From Peak
2024-04-17,2024-04-17 00:00:00+00:00,2024-04-17 00:00:00+00:00,A Major Upside Catalyst Is Just Around the Corner for CleanSpark (CLSK) Stock
2024-04-17,2024-04-17 00:00:00+00:00,2024-04-17 00:00:00+00:00,Is Crypto at the 'Mercy' of Fed Rates and Macro Conditions Now?
2024-04-17,2024-04-17 00:00:00+00:00,2024-04-17 00:00:00+00:00,"The Protocol: Bitcoin Halving Spectacular, With Runes, 'Epic Sat,' Stacks Nakamoto"
2024-04-17,2024-04-17 00:00:00+00:00,2024-04-17 00:00:00+00:00,What Is Bitcoin Meant to Hedge?
2024-04-17,2024-04-17 00:00:00+00:00,2024-04-17 00:00:00+00:00,Bernstein Is Pounding the Table on Riot Platforms (RIOT) Stock
2024-04-18,2024-04-18 00:00:00+00:00,2024-04-18 00:00:00+00:00,Bitcoin Halving Partially Priced In With No Big Rally Expected Afterward: Deutsche Bank
2024-04-18,2024-04-18 00:00:00+00:00,2024-04-18 00:00:00+00:00,Crypto for Advisors: Bitcoin’s Supply Reduction
2024-04-18,2024-04-18 00:00:00+00:00,2024-04-18 00:00:00+00:00,Why Is Canaan (CAN) Stock Down 21% Today?
2024-04-18,2024-04-18 00:00:00+00:00,2024-04-18 00:00:00+00:00,Why Bitcoin May Fall to $52K
2024-04-18,2024-04-18 00:00:00+00:00,2024-04-18 00:00:00+00:00,"Tether реорганізується на 4 підрозділи, оскільки він розширюється за межі стейблкойнів"
2024-04-19,2024-04-19 00:00:00+00:00,2024-04-19 00:00:00+00:00,Crypto Analyst Dives Into Altcoin Bear Market As the Bitcoin (BTC) Halving Nears
2024-04-19,2024-04-19 00:00:00+00:00,2024-04-19 00:00:00+00:00,Will Bitcoin Go Up After the April 2024 Halving? 3 Expert Predictions
2024-04-19,2024-04-19 00:00:00+00:00,2024-04-19 00:00:00+00:00,Bitcoin Pioneer Hal Finney Posthumously Wins New Award Named for Him
2024-04-19,2024-04-19 00:00:00+00:00,2024-04-19 00:00:00+00:00,Trader Says Chainlink (LINK) Flashing Short-Term Bullish Signal As Crypto Market Tracks Sideways
2024-04-19,2024-04-19 00:00:00+00:00,2024-04-19 00:00:00+00:00,"Bitcoin Halving Executes, Defying Era of Money Printing and Currency Debasement With ‘Quantitative Tightening’"
2024-04-20,2024-04-20 00:00:00+00:00,2024-04-20 00:00:00+00:00,Grayscale Reveals 0.15% Fees For Its Bitcoin Mini Trust ETF
2024-04-20,2024-04-20 00:00:00+00:00,2024-04-20 00:00:00+00:00,"Bitcoin Halving a Bullish Event, According to Bitwise CIO Matt Hougan – But There’s a Catch"
2024-04-20,2024-04-20 00:00:00+00:00,2024-04-20 00:00:00+00:00,"Binance Unveils New ‘Megadrop’ Token Launch Platform, Picks Bitcoin Restaking Chain To Serve As First Project"
2024-04-20,2024-04-20 00:00:00+00:00,2024-04-20 00:00:00+00:00,"Whales Gobble Up $1,235,000,000 Worth of Bitcoin Amid BTC’s Price Dip on Thursday: IntoTheBlock"
2024-04-20,2024-04-20 00:00:00+00:00,2024-04-20 00:00:00+00:00,"Crypto Trader Says Solana Rival Forming Decent Trade Setup, Updates Outlook on Pepe, Ethena and Celestia"
2024-04-21,2024-04-21 00:00:00+00:00,2024-04-20 17:26:41+00:00,Bitcoin Price Prediction as ‘Bitcoin Halving’ Executes Successfully – Will a New Bull Market Start Now?
2024-04-21,2024-04-21 00:00:00+00:00,2024-04-21 00:00:00+00:00,"Peaking Dollar To Bring Strength Back to Bitcoin (BTC), According to Glassnode Founders"
2024-04-21,2024-04-21 00:00:00+00:00,2024-04-21 00:00:00+00:00,Hedge Fund Veteran Mark Yusko Says Bitcoin FOMO Incoming As BTC Completes Halving – Here’s When
2024-04-21,2024-04-21 00:00:00+00:00,2024-04-21 00:00:00+00:00,"‘Perfect Chart’ Shows 4,000,000,000 People Adopting Bitcoin and Crypto, Says Macro Guru Raoul Pal – Here’s the Timeline"
2024-04-21,2024-04-21 00:00:00+00:00,2024-04-21 00:00:00+00:00,"Institutions Look to Bitcoin for ‘Non-Debt Money,’ Says Bitwise CIO Matt Hougan – Here’s What He Means"
2024-04-22,2024-04-22 00:00:00+00:00,2024-04-22 00:00:00+00:00,"Bitcoin Eyes $67K After Halving as Altcoins Primed for Short Squeeze, Hedge Fund Says"
2024-04-22,2024-04-22 00:00:00+00:00,2024-04-22 00:00:00+00:00,How the Bitcoin Halving Will Drive Action to Layer 2s
2024-04-22,2024-04-22 00:00:00+00:00,2024-04-22 00:00:00+00:00,"Price Target of $111,000 for Bitcoin (BTC) on the Table, According to Economist Henrik Zeberg – Here’s When"
2024-04-22,2024-04-22 00:00:00+00:00,2024-04-22 00:00:00+00:00,"US Institutions Take $206,000,000 out of Crypto Investment Products Amid Interest Rate Worries: CoinShares"
2024-04-22,2024-04-22 00:00:00+00:00,2024-04-22 00:00:00+00:00,Bitcoin Miner Hut 8’s Post-Merger Prospects Look Good: Benchmark
2024-04-23,2024-04-23 00:00:00+00:00,2024-04-23 00:00:00+00:00,"Crypto Watch: Which Coins to Buy, Sell, or Hold in the Wake of Bitcoin's Halving"
2024-04-23,2024-04-23 00:00:00+00:00,2024-04-23 00:00:00+00:00,Bitcoin Could See 'Real All-Time High for This Cycle' in Q3 or Q4: Delta Blockchain Fund Founder
2024-04-23,2024-04-23 00:00:00+00:00,2024-04-23 00:00:00+00:00,7 Cryptos That Will Go Parabolic Within 6 Months of the Halving
2024-04-23,2024-04-23 00:00:00+00:00,2024-04-23 00:00:00+00:00,"$1,000,000 or More? Billionaire Crypto OG Brock Pierce Unveils ‘Reasonable’ Price Target for Bitcoin"
2024-04-23,2024-04-23 00:00:00+00:00,2024-04-23 00:00:00+00:00,"Bitcoin Daily Fees Hit New All-Time High of $80,000,000 Following Launch of Runes: IntoTheBlock"
2024-04-24,2024-04-24 00:00:00+00:00,2024-04-24 00:00:00+00:00,"Spot Bitcoin, Ether ETFs Get Official Approval in Hong Kong; 'Potential Fee War' Unfolding, Says Analyst"
2024-04-24,2024-04-24 00:00:00+00:00,2024-04-24 00:00:00+00:00,The Protocol: Analyzing Runes Impact as Bitcoin Fee Bonanza Fades
2024-04-24,2024-04-24 00:00:00+00:00,2024-04-24 00:00:00+00:00,"$300,000,000,000 in ‘Boomer Cash’ Coming In to Crypto Space, Says Morgan Creek’s Mark Yusko – Here’s When"
2024-04-24,2024-04-24 00:00:00+00:00,2024-04-24 00:00:00+00:00,Pent-Up Bitcoin Demand Could Come From Morgan Stanley and Other Institutions: Investor Brian Kelly
2024-04-24,2024-04-24 00:00:00+00:00,2024-04-24 00:00:00+00:00,Some Square Users Can Now Convert Their Dollars to Bitcoin Via Cash App
2024-04-25,2024-04-25 00:00:00+00:00,2024-04-25 00:00:00+00:00,"Bitcoin Dominance Has Peaked, According to Crypto Trader – Here’s What That Means for Altcoins"
2024-04-25,2024-04-25 00:00:00+00:00,2024-04-25 00:00:00+00:00,"Ethereum, Solana and Altcoins Approaching ‘Banana Zone,’ According to Macro Guru Raoul Pal – Here’s His Outlook"
2024-04-25,2024-04-25 00:00:00+00:00,2024-04-25 00:00:00+00:00,New Bitcoin Whales Have Already Nearly Double the Size of Old Large BTC Owner Holdings: CryptoQuant
2024-04-25,2024-04-25 00:00:00+00:00,2024-04-25 00:00:00+00:00,Spot Crypto ETFs Set To Begin Trading in Hong Kong Next Week: Report
2024-04-25,2024-04-25 00:00:00+00:00,2024-04-25 00:00:00+00:00,Bitcoin Mining Pool ViaBTC Sells 'Epic' First Post-Halving Sat for $2.13M
2024-04-26,2024-04-26 00:00:00+00:00,2024-04-26 00:00:00+00:00,"Analyst Warns One Crypto Asset Category About To Face a Reckoning, Maps Path Forward for Bitcoin and Hedera"
2024-04-26,2024-04-26 00:00:00+00:00,2024-04-26 00:00:00+00:00,Two US Senators Pen Open Letter to DOJ and DHS Concerning Crypto Use by Child Abusers
2024-04-26,2024-04-26 00:00:00+00:00,2024-04-26 00:00:00+00:00,First Mover Americas: Bitcoin Holds Stable as ETF Outflows Increase
2024-04-26,2024-04-26 00:00:00+00:00,2024-04-26 00:00:00+00:00,"Warren Flags Crypto Ties to Child Sexual Abuse in Letter to DOJ, Homeland Security"
2024-04-26,2024-04-26 00:00:00+00:00,2024-04-26 00:00:00+00:00,"Bitcoin Chops Around $64K, With Japanese Yen's Tumble Maybe Signaling 'Currency Turmoil,' Analyst Says"
2024-04-27,2024-04-27 00:00:00+00:00,2024-04-27 00:00:00+00:00,"Bitcoin Just Entered a ‘Second Danger Zone,’ Warns Crypto Analyst – Here Are His Targets"
2024-04-27,2024-04-27 00:00:00+00:00,2024-04-27 00:00:00+00:00,‘Hands Down a Market Leader Right Now’: Trader Says Top Ethereum Rival Will Be One of the First To Hit New Highs
2024-04-27,2024-04-27 00:00:00+00:00,2024-04-27 00:00:00+00:00,"Altcoins in ‘Last Exit Pump’ Against Bitcoin Before Final Capitulation, Warns Top Analyst – Here’s the Timeline"
2024-04-27,2024-04-27 00:00:00+00:00,2024-04-27 00:00:00+00:00,Swiss Central Bank’s Chairman Says He’s Dubious About Holding Bitcoin as a Reserve Currency: Report
2024-04-27,2024-04-27 00:00:00+00:00,2024-04-27 00:00:00+00:00,3 'Forever Cryptos' to Buy Before May and Then Go Away
2024-04-28,2024-04-28 00:00:00+00:00,2024-04-28 00:00:00+00:00,"Crypto Trader Says Bitcoin Presenting ‘Generational’ Opportunity, Unveils Bull Market Price Target for BTC"
2024-04-28,2024-04-28 00:00:00+00:00,2024-04-28 00:00:00+00:00,Depository Trust and Clearing Corporation Says Bitcoin and Crypto ETFs Don’t Qualify As Collateral for Financial Assets
2024-04-28,2024-04-28 00:00:00+00:00,2024-04-28 00:00:00+00:00,"Bitcoin Whale Aggressively Accumulates $282,380,000 Worth of BTC During Correction: On-Chain Data"
2024-04-28,2024-04-28 00:00:00+00:00,2024-04-28 00:00:00+00:00,"Gold May Have Just Signaled End of Bitcoin (BTC) Rally, According to Analyst Benjamin Cowen – Here’s What He Means"
2024-04-28,2024-04-28 00:00:00+00:00,2024-04-28 00:00:00+00:00,"Bitcoin Could Witness Repeat of November 2020 Parabolic Rally Amid Max Price Compression, Says Analyst"
2024-04-29,2024-04-29 00:00:00+00:00,2024-04-29 00:00:00+00:00,"Top Analyst Says Bitcoin Looks Incredibly Strong Even if BTC Witnesses Correction to $52,000 – Here’s Why"
2024-04-29,2024-04-29 00:00:00+00:00,2024-04-29 00:00:00+00:00,Is Bitcoin's Bull Market Over?
2024-04-29,2024-04-29 00:00:00+00:00,2024-04-29 00:00:00+00:00,"First Mover Americas: Bitcoin, Ether Sink Amid U.S. Stagflation Fears"
2024-04-29,2024-04-29 00:00:00+00:00,2024-04-29 00:00:00+00:00,Bitcoin Trades At Slight Premium in Yen Terms Amid Suspected BOJ Intervention
2024-04-29,2024-04-29 00:00:00+00:00,2024-04-29 00:00:00+00:00,"Bitcoin Wavers Around $63K, Awaiting Hong Kong Spot Crypto ETF Debut"
2024-04-30,2024-04-30 00:00:00+00:00,2024-04-30 00:00:00+00:00,Coinbase Integrates Support for Bitcoin Payments Platform Lightning Network
2024-04-30,2024-04-30 00:00:00+00:00,2024-04-30 00:00:00+00:00,"Chainlink (LINK) Flashing Potential Rally Signal, According to Crypto Analyst – Here’s His Target"
2024-04-30,2024-04-30 00:00:00+00:00,2024-04-30 00:00:00+00:00,"Bitcoin Tumbles Below $60K, Risking Deeper Pullback as Crypto Markets Endure Worst Month Since FTX Crash"
2024-04-30,2024-04-30 00:00:00+00:00,2024-04-30 00:00:00+00:00,Bitcoin scivola sotto i 62.000 dollari mentre gli ETF di Hong Kong deludono
2024-04-30,2024-04-30 00:00:00+00:00,2024-04-30 00:00:00+00:00,MicroStrategy (MSTR) Stock Is Plunging on Earnings. Just Wait for the Next Bitcoin Run
2024-05-01,2024-05-01 00:00:00+00:00,2024-05-01 00:00:00+00:00,"Bitcoin Is a Multi-Decade Story That Will Eat Other Massive Asset Classes, Says Macro Expert Lyn Alden"
2024-05-01,2024-05-01 00:00:00+00:00,2024-05-01 00:00:00+00:00,"Cathie Wood Raises Bitcoin Price Target, Says Institutions May Push BTC To This Astronomical Level: Report"
2024-05-01,2024-05-01 00:00:00+00:00,2024-05-01 00:00:00+00:00,"Crypto Trader Issues Bitcoin Warning, Says BTC Flashed Potential Bull Market Top"
2024-05-01,2024-05-01 00:00:00+00:00,2024-05-01 00:00:00+00:00,"Bitcoin Could Drop Further to as Low as $50K, Standard Chartered Says"
2024-05-01,2024-05-01 00:00:00+00:00,2024-05-01 00:00:00+00:00,"Billionaire Whale Deposits Over $147,980,000 in Crypto to Kraken As Bitcoin (BTC) Kicks Off May With More Red"
2024-05-02,2024-05-02 00:00:00+00:00,2024-05-02 00:00:00+00:00,"World’s Ninth-Largest Bank Acquires Shares of BlackRock’s Spot Bitcoin ETF, According to SEC Filing"
2024-05-02,2024-05-02 00:00:00+00:00,2024-05-02 00:00:00+00:00,"As Crypto Prices and Sentiment Fall, One Analyst Says Bitcoin’s Back Slide Is Almost Over"
2024-05-02,2024-05-02 00:00:00+00:00,2024-05-02 00:00:00+00:00,"Trader Who Called 2021 Collapse Issues Bitcoin Alert, Says BTC May Be In for More Downside – Here’s His Target"
2024-05-02,2024-05-02 00:00:00+00:00,2024-05-02 00:00:00+00:00,"Jack Dorsey's Block Adding More Bitcoin to Balance Sheet, Presents Road Map for Others"
2024-05-02,2024-05-02 00:00:00+00:00,2024-05-02 00:00:00+00:00,Economist Alex Krüger Goes ‘Max Long’ on Crypto Positions – Here Are His Altcoin Picks
2024-05-03,2024-05-03 00:00:00+00:00,2024-05-03 00:00:00+00:00,Two US Representatives Urge the SEC To Approve Options on Spot Bitcoin Exchange-Traded Funds: Report
2024-05-03,2024-05-03 00:00:00+00:00,2024-05-03 00:00:00+00:00,"Bitcoin Flashes Potentially Bullish Indicator Amid Crypto Market Downtick, According to Analytics Firm Santiment"
2024-05-03,2024-05-03 00:00:00+00:00,2024-05-03 00:00:00+00:00,Here’s Why One Crypto Analyst Doesn’t Think an Ethereum ETF Will Get Approval Despite ‘Altcoin Bull Market’
2024-05-03,2024-05-03 00:00:00+00:00,2024-05-03 00:00:00+00:00,"Bitcoin’s Recent Weakness Is More Tied to Global Markets Than to Anything Crypto Specific, Coinbase Says"
2024-05-03,2024-05-03 00:00:00+00:00,2024-05-03 00:00:00+00:00,‘There’s Not Much More Downside Left To Go’: Trader Says Bitcoin Close to Bottom After Deepest Retrace of Cycle
2024-05-04,2024-05-04 00:00:00+00:00,2024-05-04 00:00:00+00:00,"Bitcoin and Other Cryptos Set To Begin ‘Slow Grind Higher,’ Says Arthur Hayes – Here Are His Top Altcoin Picks"
2024-05-04,2024-05-04 00:00:00+00:00,2024-05-04 00:00:00+00:00,"Venture Capitalists Funnel Nearly $2,500,000,000 Into Crypto in Q1 of 2024: Galaxy Research"
2024-05-04,2024-05-04 00:00:00+00:00,2024-05-04 00:00:00+00:00,"Wrapped Bitcoin (WBTC) Wallet Loses $69,300,000 Worth of Crypto in Apparent Address Poisoning Scam"
2024-05-04,2024-05-04 00:00:00+00:00,2024-05-04 00:00:00+00:00,Jack Dorsey-Led Block Announces Plan To Invest 10% of Its Gross Profit From Bitcoin Products Directly Into BTC
2024-05-04,2024-05-04 00:00:00+00:00,2024-05-04 00:00:00+00:00,"Crypto Trader Says Top Ethereum Rival Primed for Massive Bull Run Ahead, Updates Outlook on Bitcoin"
2024-05-05,2024-05-05 00:00:00+00:00,2024-05-05 00:00:00+00:00,"Six to Twelve Months of ‘Parabolic Advance’ on the Horizon for Bitcoin, According to On-Chain Analyst"
2024-05-05,2024-05-05 00:00:00+00:00,2024-05-05 00:00:00+00:00,Subsidiary of Kraken Becoming Under-the-Radar Beneficiary of Multi-Billion ETF Boom: Report
2024-05-05,2024-05-05 00:00:00+00:00,2024-05-05 00:00:00+00:00,Coinbase CEO Brian Armstrong Says Layer-2 Solutions Will Drive Many Use Cases in Crypto Economy
2024-05-05,2024-05-05 00:00:00+00:00,2024-05-05 00:00:00+00:00,"Bitcoin Whales Gobble Over 47,000 BTC Worth $2,967,768,000 in Just 24 Hours Amid ‘New Era’: CryptoQuant CEO"
2024-05-05,2024-05-05 00:00:00+00:00,2024-05-05 00:00:00+00:00,Here’s the Next Price Target for Bitcoin As BTC Repeats Previous Bull Market Pattern: Crypto Analyst
2024-05-06,2024-05-06 00:00:00+00:00,2024-05-06 00:00:00+00:00,Is the Marathon (MARA) Stock Short Squeeze Heating Back Up?
2024-05-06,2024-05-06 00:00:00+00:00,2024-05-06 00:00:00+00:00,"First Mover Americas: Bitcoin Nears $65,000 Amid Strong Crypto Rebound"
2024-05-06,2024-05-06 00:00:00+00:00,2024-05-06 00:00:00+00:00,"Analyst Predicts Rallies for Altcoin Market, Says Top Memecoin Has Fully Confirmed New Macro Uptrend"
2024-05-06,2024-05-06 00:00:00+00:00,2024-05-06 00:00:00+00:00,Weakening Dollar Could Boost Crypto and Push One Altcoin to Astronomical Price Target: Economist Henrik Zeberg
2024-05-06,2024-05-06 00:00:00+00:00,2024-05-06 00:00:00+00:00,"Bitcoin Flashing ‘Chad’ Setup and en Route to Witnessing Best-Case Scenario, Says Top Crypto Analyst"
2024-05-07,2024-05-07 00:00:00+00:00,2024-05-07 00:00:00+00:00,"U.S. DOJ Identifies and Charges LockBit Ransomware Gang Leader with Fraud, Extortion"
2024-05-07,2024-05-07 00:00:00+00:00,2024-05-07 00:00:00+00:00,7 Cryptos to Watch This Week as the Market Heats Up
2024-05-07,2024-05-07 00:00:00+00:00,2024-05-07 00:00:00+00:00,From Avalanche to Bitcoin to Chainlink: 3 Top Cryptos for Future Growth
2024-05-07,2024-05-07 00:00:00+00:00,2024-05-07 00:00:00+00:00,"Bitcoin Rally Could Be Short-Lived if BTC Follows Stock Market, According to Analyst Benjamin Cowen"
2024-05-07,2024-05-07 00:00:00+00:00,2024-05-07 00:00:00+00:00,First Mover Americas: Bitcoin Settles Into $63K-$64K Range
2024-05-08,2024-05-08 00:00:00+00:00,2024-05-08 00:00:00+00:00,"Trump Says He’s ‘Good With’ Bitcoin and Crypto, Claims Biden Doesn’t Understand Digital Assets"
2024-05-08,2024-05-08 00:00:00+00:00,2024-05-08 00:00:00+00:00,Crypto Markets Under Pressure as $2B Worth of Altcoin Token Unlocks and $11B Bitcoin Distribution Loom
2024-05-08,2024-05-08 00:00:00+00:00,2024-05-08 00:00:00+00:00,Key Bitcoin Indicator Points to Period of Calm in Crypto Market
2024-05-08,2024-05-08 00:00:00+00:00,2024-05-08 00:00:00+00:00,Institutional Crypto Firm Anchorage Digital Accumulates Eight Figures Worth of Ethereum DeFi Coin: Lookonchain
2024-05-08,2024-05-08 00:00:00+00:00,2024-05-08 00:00:00+00:00,"$85,200 Bitcoin Before Summer? Glassnode Analysts Say BTC Breaking Out of Bullish Technical Pattern"
2024-05-09,2024-05-09 00:00:00+00:00,2024-05-09 00:00:00+00:00,WisdomTree’s Crypto Business Goes Live in New York Against Big Shareholder's Wishes
2024-05-09,2024-05-09 00:00:00+00:00,2024-05-09 00:00:00+00:00,"Bitcoin About To ‘Blow Higher’ Despite This Week’s Pullback, According to Glassnode Co-Founders – Here’s Why"
2024-05-09,2024-05-09 00:00:00+00:00,2024-05-09 00:00:00+00:00,"Trading Giant Susquehanna Adds $1,174,000,000 Worth of Spot Bitcoin ETFs to Portfolio"
2024-05-09,2024-05-09 00:00:00+00:00,2024-05-09 00:00:00+00:00,"With Bitcoin at a ‘Range Low’, Crypto Analyst Picks Out Two ‘Promising’ Altcoins for Traders To Watch"
2024-05-09,2024-05-09 00:00:00+00:00,2024-05-09 00:00:00+00:00,"Here’s Why Ethereum (ETH) Has Been Lagging Behind Bitcoin (BTC), According to Glassnode"
2024-05-10,2024-05-10 00:00:00+00:00,2024-05-10 00:00:00+00:00,"Banking Giant Wells Fargo Holds Spot Bitcoin ETF on Behalf of Clients, According To New SEC Filing"
2024-05-10,2024-05-10 00:00:00+00:00,2024-05-10 00:00:00+00:00,"Bitcoin's Modest Rally Cut Short, Price Tumbles Back Below $61K"
2024-05-10,2024-05-10 00:00:00+00:00,2024-05-10 00:00:00+00:00,"Bitcoin Is in a 'Bore You to Death' Phase, but Bottom Could Be Close, Analysts Say"
2024-05-10,2024-05-10 00:00:00+00:00,2024-05-10 00:00:00+00:00,Was Sam Bankman-Fried Proven Right About FTX’s Solvency?
2024-05-10,2024-05-10 00:00:00+00:00,2024-05-10 00:00:00+00:00,"Ethereum Layer-2 Scaling Solution Arbitrum Flashes Potentially Bullish Indicator, According to Crypto Analyst"
2024-05-11,2024-05-11 00:00:00+00:00,2024-05-10 21:01:33+00:00,Institutions Likely To Show Interest in Bitcoin DeFi Applications
2024-05-11,2024-05-11 00:00:00+00:00,2024-05-10 21:19:00+00:00,"Wells Fargo Banks Has Invested $143 Million In Bitcoin, Filing Reveals"
2024-05-11,2024-05-11 00:00:00+00:00,2024-05-11 00:00:00+00:00,Trader Who Nailed 2022 Bitcoin Meltdown Says Ethereum Rival With ‘Strong Fundamentals’ Could Surge by up to 170%
2024-05-11,2024-05-11 00:00:00+00:00,2024-05-11 00:00:00+00:00,"Jack Dorsey Predicts Bitcoin Will Skyrocket to ‘At Least $1,000,000’ by 2030: Report"
2024-05-11,2024-05-11 00:00:00+00:00,2024-05-11 00:00:00+00:00,"Ethereum Competitor NEAR Protocol Looks ‘Extremely Bullish,’ Says Analyst Jamie Coutts – Here Are His Targets"
2024-05-12,2024-05-12 00:00:00+00:00,2024-05-11 15:32:23+00:00,Bitcoin Price Prediction as BTC Hits $60k After FED’s Rate Cut Comments – What’s Next?
2024-05-12,2024-05-12 00:00:00+00:00,2024-05-12 00:00:00+00:00,"Technicals Suggesting Altcoins May Be on the Verge of a ‘Massive Move,’ According to Glassnode Founders"
2024-05-12,2024-05-12 00:00:00+00:00,2024-05-12 00:00:00+00:00,"Willy Woo Predicts $1,000,000 Bitcoin ‘Will Happen Easily,’ Says Multiple Signals Now Flashing Bullish"
2024-05-13,2024-05-13 00:00:00+00:00,2024-05-13 00:00:00+00:00,Cautious Bitcoin Bounce to Face Inflation Data Hurdles Later This Week
2024-05-13,2024-05-13 00:00:00+00:00,2024-05-13 00:00:00+00:00,"Bitcoin Has Officially Left the ‘Danger Zone’ As BTC Starts Week in the Green, According to Crypto Analyst"
2024-05-13,2024-05-13 00:00:00+00:00,2024-05-13 00:00:00+00:00,"Trader Who Called May 2021 Collapse Updates Bitcoin Outlook, Says Bottom Likely In for BTC – Here’s Why"
2024-05-13,2024-05-13 00:00:00+00:00,2024-05-13 00:00:00+00:00,Hong Kong Bitcoin and Ether ETFs See $39M Outflows on Monday: Farside Investors
2024-05-13,2024-05-13 00:00:00+00:00,2024-05-13 00:00:00+00:00,"Zest Raises $3.5M, Led by Tim Draper, for On-Chain Bitcoin Lending Using Stacks"
2024-05-14,2024-05-14 00:00:00+00:00,2024-05-14 00:00:00+00:00,Legendary Trader Peter Brandt Says XRP Looks Headed to Zero Against Bitcoin (BTC) – Here’s Why
2024-05-14,2024-05-14 00:00:00+00:00,2024-05-14 00:00:00+00:00,DeFi Lender Liquity Unveils New Stablecoin With User-Set Borrowing Rates in White Paper
2024-05-14,2024-05-14 00:00:00+00:00,2024-05-14 00:00:00+00:00,"3 Cryptos to Turn $100,000 Into $1 Million: Spring 2024"
2024-05-14,2024-05-14 00:00:00+00:00,2024-05-14 00:00:00+00:00,"Crypto Analyst Predicts Sudden Bounce for Bitcoin (BTC), Updates Outlook on XRP"
2024-05-14,2024-05-14 00:00:00+00:00,2024-05-14 00:00:00+00:00,"AI Could Send Smart Contract Platforms to Massive $25,000,000,000,000 Valuation, Says Analyst Jamie Coutts"
2024-05-15,2024-05-15 00:00:00+00:00,2024-05-15 00:00:00+00:00,"Crypto Old-Head Otoh Talks Casascius Bitcoins, Tax Havens and Old Friends"
2024-05-15,2024-05-15 00:00:00+00:00,2024-05-15 00:00:00+00:00,"Boston-Based Hedge Fund Accumulates $363,000,000 Million Worth of Bitcoin ETF Shares: Bloomberg Analyst"
2024-05-15,2024-05-15 00:00:00+00:00,2024-05-15 00:00:00+00:00,Halving Impact and Macro Shifts Create Tailwinds for Bitcoin
2024-05-15,2024-05-15 00:00:00+00:00,2024-05-15 00:00:00+00:00,"Crucial Decision Coming for Bitcoin, Says Crypto Trader Michaël van de Poppe – Here’s His Outlook"
2024-05-15,2024-05-15 00:00:00+00:00,2024-05-15 00:00:00+00:00,Bitcoin Rises on CPI Inflation Data As Experts Predict Miners Send BTC Parabolic
2024-05-16,2024-05-16 00:00:00+00:00,2024-05-16 00:00:00+00:00,Coinbase Shares Sink 9% on Report CME to Consider Listing Spot Bitcoin
2024-05-16,2024-05-16 00:00:00+00:00,2024-05-16 00:00:00+00:00,Crypto Analyst Looks Ahead for Bitcoin After BTC Breaks Downtrend
2024-05-16,2024-05-16 00:00:00+00:00,2024-05-16 00:00:00+00:00,LocalMonero Shutdown Is Another Blow for Privacy Tech
2024-05-16,2024-05-16 00:00:00+00:00,2024-05-16 00:00:00+00:00,"Foundation for Next Altcoin Hype Cycle Now Setting Up, Says Crypto Trader – Here’s His Timeline"
2024-05-16,2024-05-16 00:00:00+00:00,2024-05-16 00:00:00+00:00,"Protocol Village: Lita Releases 'Valida ZkEVM,' Claims Speed, Efficiency Advantages"
2024-05-17,2024-05-17 00:00:00+00:00,2024-05-17 00:00:00+00:00,"More Than 900 Professional Firms Bought Into Spot Bitcoin ETFs in Q1, According to Crypto Intelligence Firm"
2024-05-17,2024-05-17 00:00:00+00:00,2024-05-17 00:00:00+00:00,First Mover Americas: Bitcoin Regains $66K Following Bullish ETF Data
2024-05-17,2024-05-17 00:00:00+00:00,2024-05-17 00:00:00+00:00,"Anthony Scaramucci Predicts More Pension Funds Will Invest in Bitcoin, Says ‘We Are Still Early’ in BTC Adoption"
2024-05-17,2024-05-17 00:00:00+00:00,2024-05-17 00:00:00+00:00,"Solana's SOL Could Hit $200 By Month End, Hedge Fund Founder Says"
2024-05-17,2024-05-17 00:00:00+00:00,2024-05-17 00:00:00+00:00,"Bitcoin Rises Above $67K, but Lags Broader Crypto Market as ETH, SOL, LINK Post Big Gains"
2024-05-18,2024-05-18 00:00:00+00:00,2024-05-18 00:00:00+00:00,CryptoQuant CEO Maps Out Path Forward for Bitcoin Bull Cycle – Here’s When He Thinks It Will End
2024-05-18,2024-05-18 00:00:00+00:00,2024-05-18 00:00:00+00:00,"Billionaire Mike Novogratz Issues Warning, Says Bitcoin Is Unlikely To Hit a New High Without Macro Assistance"
2024-05-18,2024-05-18 00:00:00+00:00,2024-05-18 00:00:00+00:00,"Top-50 Solana-Based Altcoin Primed for a ‘Much Higher’ Price, According to Crypto Trader – Here’s the Timeline"
2024-05-18,2024-05-18 00:00:00+00:00,2024-05-18 00:00:00+00:00,"Crypto Trader Says One Large-Cap Memecoin Is ‘About To Rip,’ Updates Outlook on Bitcoin and Solana"
2024-05-18,2024-05-18 00:00:00+00:00,2024-05-18 00:00:00+00:00,"Bitcoin Bull Cycle Not Over by Any Stretch of the Imagination, Says Analyst Jason Pizzino – Here Are His Targets"
2024-05-19,2024-05-19 00:00:00+00:00,2024-05-18 12:09:38+00:00,"Bitcoin Price Prediction as BTC Approaches $67,000 Level – New All Time High This Week?"
2024-05-19,2024-05-19 00:00:00+00:00,2024-05-18 16:00:38+00:00,"Top U.S. Hedge Funds Embrace Spot Bitcoin ETFs, 13 of 25 Invested: River Report"
2024-05-19,2024-05-19 00:00:00+00:00,2024-05-18 17:46:14+00:00,Oklahoma enacts landmark legislation establishing rights to self-custody crypto
2024-05-19,2024-05-19 00:00:00+00:00,2024-05-19 00:00:00+00:00,"Bitcoin (BTC) Mirroring Pre-Parabolic Rally That Led to Over 1,200% Gains in 2017, According to Crypto Analyst"
2024-05-19,2024-05-19 00:00:00+00:00,2024-05-19 00:00:00+00:00,"Bitcoin Has Completed Profit-Taking Phase Amid Backdrop of Rising Capital Flows to BTC, Says Analyst Willy Woo"
2024-05-20,2024-05-20 00:00:00+00:00,2024-05-20 00:00:00+00:00,"Largest US Hedge Funds Collectively Own Over $2,600,000,000 in Bitcoin ETF Shares: BTC Brokerage Firm River"
2024-05-20,2024-05-20 00:00:00+00:00,2024-05-20 00:00:00+00:00,Bitcoin Breaks Out Above $68K as SOL's 7% Gain Leads Crypto Rally
2024-05-20,2024-05-20 00:00:00+00:00,2024-05-20 00:00:00+00:00,'Sky Is the Limit' for Bitcoin: Expert
2024-05-20,2024-05-20 00:00:00+00:00,2024-05-20 00:00:00+00:00,Ether Jumps 10% to $3.4K After Bloomberg Ups Odds of Spot ETF Approval
2024-05-20,2024-05-20 00:00:00+00:00,2024-05-20 00:00:00+00:00,Hamster Wheel: Telegram’s Social Gaming Brings Millions to Crypto
2024-05-21,2024-05-21 00:00:00+00:00,2024-05-21 00:00:00+00:00,"Here’s When Bitcoin Will Ignite New Parabolic Phase, According to Analyst Who Nailed Recent BTC Correction"
2024-05-21,2024-05-21 00:00:00+00:00,2024-05-21 00:00:00+00:00,How Bitcoin ETFs Are Changing the Risk-Reward Ratio for Institutional Investors
2024-05-21,2024-05-21 00:00:00+00:00,2024-05-21 00:00:00+00:00,"Bitcoin To ‘Chop Altcoin Market Up’ in Consolidation Period, Says Analyst Benjamin Cowen – Here’s His Forecast"
2024-05-21,2024-05-21 00:00:00+00:00,2024-05-21 00:00:00+00:00,"Economist Alex Krüger Says ‘Base Case’ Is Ethereum at New All-Time Highs, Bitcoin Much Higher by Year End"
2024-05-21,2024-05-21 00:00:00+00:00,2024-05-21 00:00:00+00:00,First Mover Americas: Bitcoin Hits $71K as Ether ETF Hopes Build
2024-05-22,2024-05-22 00:00:00+00:00,2024-05-22 00:00:00+00:00,"Donald Trump Asks for Bitcoin, Ethereum, Dogecoin and XRP Donations As Crypto’s Election Cycle Heats Up"
2024-05-22,2024-05-22 00:00:00+00:00,2024-05-22 00:00:00+00:00,U.S. House Set to Vote for First Standalone Crypto Market Structure Bill
2024-05-22,2024-05-22 00:00:00+00:00,2024-05-22 00:00:00+00:00,Ether Volatility Expected as Traders Flood Exchanges With $231M of ETH Amid ETF Hopes
2024-05-22,2024-05-22 00:00:00+00:00,2024-05-22 00:00:00+00:00,Happy Bitcoin Pizza Day
2024-05-22,2024-05-22 00:00:00+00:00,2024-05-22 00:00:00+00:00,SEC's Gensler Going Rogue in Solo Quest to Stop U.S. Crypto Legislation?
2024-05-23,2024-05-23 00:00:00+00:00,2024-05-23 00:00:00+00:00,"Bitcoin Drops Below $68K, Ether Slumps in Sudden Crypto Sell-Off as ETH ETF Decision Looms"
2024-05-23,2024-05-23 00:00:00+00:00,2024-05-23 00:00:00+00:00,"Bitcoin cae por debajo de $ 68,000, Ether se desploma en una venta masiva de Cripto a medida que se avecina la decisión sobre el ETF de ETH"
2024-05-23,2024-05-23 00:00:00+00:00,2024-05-23 00:00:00+00:00,Crypto for Advisors: Bitcoin ETF vs Direct Ownership
2024-05-23,2024-05-23 00:00:00+00:00,2024-05-23 00:00:00+00:00,U.S. House Approves Crypto FIT21 Bill; Sam Bankman-Fried Being Moved to New Prison
2024-05-23,2024-05-23 00:00:00+00:00,2024-05-23 00:00:00+00:00,Gensler Says 'Stay Tuned' on U.S. SEC's Decision on ETH ETF
2024-05-24,2024-05-24 00:00:00+00:00,2024-05-24 00:00:00+00:00,"Spot Bitcoin ETFs Rake In Nine Consecutive Days of Inflows Totaling Over $1,750,000,000"
2024-05-24,2024-05-24 00:00:00+00:00,2024-05-24 00:00:00+00:00,British-Chinese Money Launder Sentenced to 6 Years in Prison for Role in $6B Fraud: FT
2024-05-24,2024-05-24 00:00:00+00:00,2024-05-24 00:00:00+00:00,The Untold Story Behind Beeple's Historic NFT Sale: 'Token Supremacy' Excerpt
2024-05-24,2024-05-24 00:00:00+00:00,2024-05-24 00:00:00+00:00,"The Great Wealth Transfer Will Be a Boon for Crypto, Says Billionaire Mike Novogratz – Here’s Why"
2024-05-24,2024-05-24 00:00:00+00:00,2024-05-24 00:00:00+00:00,Bitcoin Miner Marathon Digital Signs Deal With Kenya to Invest in Green Energy Projects
2024-05-25,2024-05-25 00:00:00+00:00,2024-05-24 02:07:57+00:00,"Bitcoin Price Prediction: BTC Drops to $68,000, Market Cap Hits $1.3 Trillion Amidst Bearish Trend; What’s Next?"
2024-05-25,2024-05-25 00:00:00+00:00,2024-05-24 10:17:38+00:00,Bitcoin Price Prediction with $80K on the Horizon – Will BTC Rally Soon?
2024-05-25,2024-05-25 00:00:00+00:00,2024-05-24 22:40:30+00:00,Bitcoin miner Marathon partners with Kenya to capitalize on excess energy
2024-05-25,2024-05-25 00:00:00+00:00,2024-05-25 00:00:00+00:00,"Bitcoin Is Currently out of the ‘Danger Zone,’ According to Crypto Analyst – But There’s a Catch"
2024-05-25,2024-05-25 00:00:00+00:00,2024-05-25 00:00:00+00:00,"‘I Feel Super Confident About That’: Jack Mallers Says Bitcoin To Explode by up to 1,357% – Here’s the Timeline"
2024-05-26,2024-05-26 00:00:00+00:00,2024-05-25 10:13:38+00:00,Bitcoin Price Prediction as BTC Tumbles After ETH ETF Approval – Here’s the Next Level to Watch
2024-05-26,2024-05-26 00:00:00+00:00,2024-05-26 00:00:00+00:00,"Stronger and More Sustainable Uptrend Now in Play for Bitcoin (BTC), Says Crypto Analyst – Here’s His Outlook"
2024-05-26,2024-05-26 00:00:00+00:00,2024-05-26 00:00:00+00:00,Hedge Funds Net Short on Bitcoin and Ethereum Futures on CME: Kaiko Analytics
2024-05-26,2024-05-26 00:00:00+00:00,2024-05-26 00:00:00+00:00,"Top Trader Predicts Ethereum Will Massively Outperform Bitcoin, Says One ‘Golden Child’ Memecoin Set To Go Higher"
2024-05-26,2024-05-26 00:00:00+00:00,2024-05-26 00:00:00+00:00,"Woman To Serve About Seven Years Behind Bars for Laundering Bitcoin Proceeds of $6,400,000,000 Fraud: Report"
2024-05-27,2024-05-27 00:00:00+00:00,2024-05-26 09:15:40+00:00,"Bitcoin Price Prediction as Crypto Exchanges Announce 1,200 Job Openings – Will BTC Pump Higher?"
2024-05-27,2024-05-27 00:00:00+00:00,2024-05-27 00:00:00+00:00,Bitcoin Ready To Outperform Gold by at Least Double for Rest of Market Cycle: Glassnode Founders
2024-05-27,2024-05-27 00:00:00+00:00,2024-05-27 00:00:00+00:00,"Donald Trump Promises To Protect the Future of Bitcoin and Crypto in the United States, Says He Supports Right to Self-Custody"
2024-05-27,2024-05-27 00:00:00+00:00,2024-05-27 00:00:00+00:00,"Ethereum Meme Coins PEPE, MOG Hit Lifetime Highs on Ether ETF Filing Approvals"
2024-05-27,2024-05-27 00:00:00+00:00,2024-05-27 00:00:00+00:00,Crypto Trader Says Bitcoin Halving Still Not Priced in Despite Run-Up to New Highs – Here’s Why
2024-05-28,2024-05-28 00:00:00+00:00,2024-05-28 00:00:00+00:00,"Bitcoin Corrects As $9,666,000,000 Worth of Mt. Gox Coins Suddenly Start Moving"
2024-05-28,2024-05-28 00:00:00+00:00,2024-05-28 00:00:00+00:00,7 Cryptos Worth Watching: What to Know Now About the Market's Key Players
2024-05-28,2024-05-28 00:00:00+00:00,2024-05-28 00:00:00+00:00,"Weekly Institutional Investments Push Year-to-Date Inflows to Record High of $14,900,000,000: CoinShares"
2024-05-28,2024-05-28 00:00:00+00:00,2024-05-28 00:00:00+00:00,UK’s First Spot Bitcoin and Ethereum ETPs Begin Trading on the London Stock Exchange
2024-05-28,2024-05-28 00:00:00+00:00,2024-05-28 00:00:00+00:00,Medical Device Maker Semler Scientific Stock Rises 25% After $40M Bitcoin Investment
2024-05-29,2024-05-29 00:00:00+00:00,2024-05-29 00:00:00+00:00,"NYSE Plans Bitcoin Options, Bringing Another TradFi Giant Into Crypto"
2024-05-29,2024-05-29 00:00:00+00:00,2024-05-29 00:00:00+00:00,Trader Buys 2M Dogecoin Call Options as Meme Coin Market Heats Up
2024-05-29,2024-05-29 00:00:00+00:00,2024-05-29 00:00:00+00:00,Cathie Wood Says Ether ETF Filings Were Approved Because Crypto Is an Election Issue
2024-05-29,2024-05-29 00:00:00+00:00,2024-05-29 00:00:00+00:00,"Grayscale’s Ethereum Trust Could Witness $110,000,000 in Daily Outflows if ETH ETFs Are Approved, Says Kaiko"
2024-05-29,2024-05-29 00:00:00+00:00,2024-05-29 00:00:00+00:00,First Mover Americas: BTC Consolidates Around $68K as IBIT Overtakes GBTC
2024-05-30,2024-05-30 00:00:00+00:00,2024-05-30 00:00:00+00:00,"$1,000,000 Bitcoin Price Is Possible Within the Next 18 Months, Says Strike CEO Jack Mallers – Here’s Why"
2024-05-30,2024-05-30 00:00:00+00:00,2024-05-30 00:00:00+00:00,"Franklin Templeton's Jenny Johnson on Bitcoin ETFs, RWA Tokenization and Blockchain's Potential for TradFi"
2024-05-30,2024-05-30 00:00:00+00:00,2024-05-30 00:00:00+00:00,"Bitcoin on Cusp of Entering Parabolic Phase of the Cycle, Says Crypto Analyst – Here’s the Timeline"
2024-05-30,2024-05-30 00:00:00+00:00,2024-05-30 00:00:00+00:00,"Ripple's Brad Garlinghouse Foresees XRP, Solana, Cardano ETFs: Consensus 2024"
2024-05-30,2024-05-30 00:00:00+00:00,2024-05-30 00:00:00+00:00,Bitcoin Staking Project Babylon Raises $70M Led by Paradigm
2024-05-31,2024-05-31 00:00:00+00:00,2024-05-31 00:00:00+00:00,"Bitcoin Breaks to Low End of Trading Range, but June Data Could Be Next Catalyst"
2024-05-31,2024-05-31 00:00:00+00:00,2024-05-31 00:00:00+00:00,"Bitcoin Indicator That’s Historically Predicted Price Rallies Flashing Bullish Signal, According to Santiment"
2024-05-31,2024-05-31 00:00:00+00:00,2024-05-31 00:00:00+00:00,Embracing Crypto Regulation and Fun
2024-05-31,2024-05-31 00:00:00+00:00,2024-05-31 00:00:00+00:00,President Biden Vetoes Bill That Would Have Eliminated Controversial SEC Crypto Policy
2024-05-31,2024-05-31 00:00:00+00:00,2024-05-31 00:00:00+00:00,Tether Buys $100M Worth of Bitdeer Shares With Option to Purchase $50M More
2024-06-01,2024-06-01 00:00:00+00:00,2024-05-31 13:52:14+00:00,Biden campaign reportedly seeking help from crypto industry to rebuild new policy
2024-06-01,2024-06-01 00:00:00+00:00,2024-05-31 16:31:31+00:00,Bitdeer gains $150 million from Tether for ASIC-based mining rig development
2024-06-01,2024-06-01 00:00:00+00:00,2024-05-31 17:07:31+00:00,Japanese DMM exchange suspends withdrawals after $305 million Bitcoin theft
2024-06-01,2024-06-01 00:00:00+00:00,2024-06-01 00:00:00+00:00,"No New Retail Investors Are Joining the Crypto Market, Says Top Trader – Here’s What He Thinks Could Change That"
2024-06-01,2024-06-01 00:00:00+00:00,2024-06-01 00:00:00+00:00,"Japanese Crypto Exchange DMM Bitcoin Hacked for More Than $300,000,000 Worth of BTC"
2024-06-02,2024-06-02 00:00:00+00:00,2024-06-02 00:00:00+00:00,"Crypto Whales Suddenly Gobble Up $112,000,000 Worth of Dogecoin Amid Bearish DOGE Sentiment: Analyst"
2024-06-02,2024-06-02 00:00:00+00:00,2024-06-02 00:00:00+00:00,Trader That Called May 2021 Crypto Collapse Unveils Potential Max Target for Bitcoin Bull Market Top
2024-06-02,2024-06-02 00:00:00+00:00,2024-06-02 00:00:00+00:00,Overlooked Indicator Hinting at ‘Stealth’ Bitcoin (BTC) Rallies to Fresh New All-Time Highs: Jason Pizzino
2024-06-02,2024-06-02 00:00:00+00:00,2024-06-02 00:00:00+00:00,Billionaire Chamath Palihapitiya Says It Makes Sense for Countries To Hold Bitcoin in Dual-Currency Environment
2024-06-02,2024-06-02 00:00:00+00:00,2024-06-02 00:00:00+00:00,"Bitcoin Flashing Signal That Preceded Nine-Month Parabolic Rally, According to Crypto Strategist"
2024-06-03,2024-06-03 00:00:00+00:00,2024-06-03 00:00:00+00:00,President Biden Vetoes Resolution Overturning SEC Guidance; Michael Saylor's $40M Settlement
2024-06-03,2024-06-03 00:00:00+00:00,2024-06-03 00:00:00+00:00,CryptoQuant CEO Says Bitcoin (BTC) Flashing Mid-2020 Vibes – Here’s What He Means
2024-06-03,2024-06-03 00:00:00+00:00,2024-06-03 00:00:00+00:00,3 Cryptos to Buy and Hold for at Least 10 Years
2024-06-03,2024-06-03 00:00:00+00:00,2024-06-03 00:00:00+00:00,Bitcoin Knocks on $70K Level; Bitfinex Hopeful Selling Pressure That Sparked a Correction Is Ending
2024-06-03,2024-06-03 00:00:00+00:00,2024-06-03 00:00:00+00:00,"Bitcoin Flashing Signal That Foreshadowed Massive Stock Market Rally in 1980s, According to Trader Peter Brandt"
2024-06-04,2024-06-04 00:00:00+00:00,2024-06-04 00:00:00+00:00,"Ether Price Poised for Supply 'Shock' as ETFs May Attract $4B Inflows in Five Months, K33 Research Says"
2024-06-04,2024-06-04 00:00:00+00:00,2024-06-04 00:00:00+00:00,"Bitcoin Indicator Flips Bullish As Potential US Banking Crisis Looms, According to Analyst Jamie Coutts"
2024-06-04,2024-06-04 00:00:00+00:00,2024-06-04 00:00:00+00:00,"Trader Says Rapid, Vertical Growth Could Be Coming to Dogecoin (DOGE) Amid ‘Meme Super Cycle’"
2024-06-04,2024-06-04 00:00:00+00:00,2024-06-04 00:00:00+00:00,"Uniswap, Starknet, BNB Lead Altcoin Gains as Bitcoin Hits $71K"
2024-06-04,2024-06-04 00:00:00+00:00,2024-06-04 00:00:00+00:00,"Multicoin, Coinbase Ventures Invest in Latin American Stablecoin-Powered SuperApp El Dorado"
2024-06-05,2024-06-05 00:00:00+00:00,2024-06-05 00:00:00+00:00,SEC's Gensler Shrugs About New Crypto ETFs Strolling Through His Agency's Gates
2024-06-05,2024-06-05 00:00:00+00:00,2024-06-05 00:00:00+00:00,"Bitcoin Miners With Attractive Power Contracts Are Potential M&A Targets, JPMorgan Says"
2024-06-05,2024-06-05 00:00:00+00:00,2024-06-05 00:00:00+00:00,Bitcoin Crosses $71K as BTC ETFs Score $880M Inflows; Kraken Lists PoliFi Tokens BODEN and TREMP
2024-06-05,2024-06-05 00:00:00+00:00,2024-06-05 00:00:00+00:00,Kerrisdale Capital Slams Riot Platforms (RIOT) Stock in New Short Seller Report
2024-06-05,2024-06-05 00:00:00+00:00,2024-06-05 00:00:00+00:00,"Bank of Canada Begins G-7 Monetary Easing Cycle, Trimming Benchmark Rate 25 Basis Points"
2024-06-06,2024-06-06 00:00:00+00:00,2024-06-06 00:00:00+00:00,Invezz interview: Digital asset manager 3iQ says this is the future of crypto
2024-06-06,2024-06-06 00:00:00+00:00,2024-06-06 00:00:00+00:00,"Altcoins Are Ready for Their Big Run, According to Crypto Analyst Michaël van de Poppe – Here’s the Timeline"
2024-06-06,2024-06-06 00:00:00+00:00,2024-06-06 00:00:00+00:00,"Ethereum’s Prospects for Hitting New All-Time High a ‘Certainty,’ Says Crypto Trader – But There’s a Catch"
2024-06-06,2024-06-06 00:00:00+00:00,2024-06-06 00:00:00+00:00,"Spot Bitcoin ETFs’ Inflows Hit $886,750,000 in a Single Day, the Second-Highest Figure on Record"
2024-06-06,2024-06-06 00:00:00+00:00,2024-06-06 00:00:00+00:00,"$1,500,000,000 Liquidation Cascade Waiting for Bitcoin at $72,000, According To Willy Woo"
2024-06-07,2024-06-07 00:00:00+00:00,2024-06-07 00:00:00+00:00,Big Friday Crypto Selloff Pulls Bitcoin Below $70K
2024-06-07,2024-06-07 00:00:00+00:00,2024-06-07 00:00:00+00:00,"The Crypto Market Is Missing One Ingredient Critical to Fueling Sustained Price Rally, Says Analytics Firm"
2024-06-07,2024-06-07 00:00:00+00:00,2024-06-07 00:00:00+00:00,First Mover Americas: Bitcoin Futures Positions Top Record $37B as Analysts Predict Bitcoin Surge to $83K
2024-06-07,2024-06-07 00:00:00+00:00,2024-06-07 00:00:00+00:00,U.S. Added 272K Jobs in May; Semler Scientific Buys $17M More Bitcoin
2024-06-07,2024-06-07 00:00:00+00:00,2024-06-07 00:00:00+00:00,"$100,000 Bitcoin Incoming by the End of the Year if This Happens, Says Billionaire Mike Novogratz"
2024-06-08,2024-06-08 00:00:00+00:00,2024-06-07 15:32:25+00:00,Bitcoin set for new all-time high next week but Ethereum holds it back – 10x Research
2024-06-08,2024-06-08 00:00:00+00:00,2024-06-08 00:00:00+00:00,"Analyst Michaël van de Poppe Says One Solana Rival’s Upward Momentum ‘Inevitable,’ Updates Outlook on Bitcoin"
2024-06-08,2024-06-08 00:00:00+00:00,2024-06-08 00:00:00+00:00,"Bitcoin To Explode to $135,000 by End of 2024 Courtesy of These Three Catalysts, Says BitGo CEO Mike Belshe"
2024-06-08,2024-06-08 00:00:00+00:00,2024-06-08 00:00:00+00:00,"Analyst Says Blue-Chip Altcoin Mimicking Price Action That Preceded Massive Rally, Updates Outlook on Ethereum"
2024-06-08,2024-06-08 00:00:00+00:00,2024-06-08 00:00:00+00:00,"Bitcoin Is on the Cusp of a ‘Historic Breakout,’ According to Crypto Analyst – Here’s What He Means"
2024-06-09,2024-06-09 00:00:00+00:00,2024-06-08 12:57:48+00:00,Miners continue reporting declines in Bitcoin production following halving
2024-06-09,2024-06-09 00:00:00+00:00,2024-06-09 00:00:00+00:00,"DeFi Total Value Locked Blasts Off to $192,000,000, Records Best Performance in 15 Months: DappRadar"
2024-06-09,2024-06-09 00:00:00+00:00,2024-06-09 00:00:00+00:00,"Trader Who Nailed 2022 BTC Collapse Predicts Ethereum Rally, Says Bullish Continuation in Sight for Crypto Market"
2024-06-09,2024-06-09 00:00:00+00:00,2024-06-09 00:00:00+00:00,Anthony Scaramucci Says President Biden Won’t Lose Election on ‘Capricious Whims’ of Gary Gensler
2024-06-09,2024-06-09 00:00:00+00:00,2024-06-09 00:00:00+00:00,Arthur Hayes Says Central Banks About To Catapult Bitcoin and Altcoins to New Heights – Here’s Why
2024-06-10,2024-06-10 00:00:00+00:00,2024-06-10 00:00:00+00:00,Explaining Bitcoin's Dull Price Action Amid Record ETF Inflows
2024-06-10,2024-06-10 00:00:00+00:00,2024-06-10 00:00:00+00:00,Crypto Investment Products Saw Nearly $2B in Inflows Last Week: CoinShares
2024-06-10,2024-06-10 00:00:00+00:00,2024-06-10 00:00:00+00:00,"Crypto ETPs See $2,000,000,000 in Inflows Amid Anticipation of Rate Cuts: CoinShares"
2024-06-10,2024-06-10 00:00:00+00:00,2024-06-10 00:00:00+00:00,In Defense of Meme Coins
2024-06-10,2024-06-10 00:00:00+00:00,2024-06-10 00:00:00+00:00,First Mover Americas: Bitcoin Little Changed After Liquidation Rout
2024-06-11,2024-06-11 00:00:00+00:00,2024-06-11 00:00:00+00:00,"Biggest Bank in the World Says Ethereum Is ‘Digital Oil,’ Bitcoin ‘Digital Gold’: Report"
2024-06-11,2024-06-11 00:00:00+00:00,2024-06-11 00:00:00+00:00,"Crypto Trader Issues Bitcoin Warning, Says BTC Forming Topping Structure – Here’s His Outlook"
2024-06-11,2024-06-11 00:00:00+00:00,2024-06-11 00:00:00+00:00,"Trader That Called May 2021 Crypto Collapse Updates Bitcoin Outlook, Says BTC ‘Still on Track’ for Bull Market"
2024-06-11,2024-06-11 00:00:00+00:00,2024-06-11 00:00:00+00:00,Spot Bitcoin ETFs snap 19-day inflows streak; BTC dips
2024-06-11,2024-06-11 00:00:00+00:00,2024-06-11 00:00:00+00:00,Mexican billionaire Ricardo Salinas advocates Bitcoin as an inflation hedge
2024-06-12,2024-06-12 00:00:00+00:00,2024-06-12 00:00:00+00:00,Bitcoin Miners Cash in on BTC Rally as Exchange Transfers Hit Two-Month High
2024-06-12,2024-06-12 00:00:00+00:00,2024-06-12 00:00:00+00:00,The Protocol: How Optimism Filled in Its Missing Tooth
2024-06-12,2024-06-12 00:00:00+00:00,2024-06-12 00:00:00+00:00,"Fed Holds Policy Steady, but Sees Just One Rate Cut This Year"
2024-06-12,2024-06-12 00:00:00+00:00,2024-06-12 00:00:00+00:00,"President of $4,250,000,000 Investment Firm Says Crypto Markets Still Have ‘Quite a Way To Run’ – Here’s Why"
2024-06-12,2024-06-12 00:00:00+00:00,2024-06-12 00:00:00+00:00,"Bitcoin Made in America: What New Trump Push Could Mean for CLSK, MARA, RIOT"
2024-06-13,2024-06-13 00:00:00+00:00,2024-06-13 00:00:00+00:00,"3 Cryptos That Can Turn $1 Into $1,000 by 2040: June Edition"
2024-06-13,2024-06-13 00:00:00+00:00,2024-06-13 00:00:00+00:00,"Bitcoin Indicator That’s Historically Predicted ‘Blow Off Tops’ Flashing Green, Says Analyst"
2024-06-13,2024-06-13 00:00:00+00:00,2024-06-13 00:00:00+00:00,"Here’s What Could Kick Off Next Leg Up in Digital Assets, According to CryptoQuant CEO"
2024-06-13,2024-06-13 00:00:00+00:00,2024-06-13 00:00:00+00:00,Assured Spot Ether ETF Approval Fails to Stir Slumping Crypto Market
2024-06-13,2024-06-13 00:00:00+00:00,2024-06-13 00:00:00+00:00,What's Next for Bitcoin After Fed Predicts Just One Rate Cut for 2024
2024-06-14,2024-06-14 00:00:00+00:00,2024-06-14 00:00:00+00:00,"In Craig Wright Verdict, Reality Prevails"
2024-06-14,2024-06-14 00:00:00+00:00,2024-06-14 00:00:00+00:00,"Altcoins on the Cusp of a Turnaround After Massively Underperforming, Says Crypto Analyst – Here’s the Timeline"
2024-06-14,2024-06-14 00:00:00+00:00,2024-06-14 00:00:00+00:00,MicroStrategy increases debt offering by 40% to $700 M to purchase more Bitcoin
2024-06-14,2024-06-14 00:00:00+00:00,2024-06-14 00:00:00+00:00,MicroStrategy Increases Convertible Note Offering by 40% to $700M in Bitcoin Splurge
2024-06-14,2024-06-14 00:00:00+00:00,2024-06-14 00:00:00+00:00,Drake on Brink of $1M Bitcoin Loss as NHL and NBA Bets Sour
2024-06-15,2024-06-15 00:00:00+00:00,2024-06-14 14:00:57+00:00,NiceHash and Marathon partner to launch new firmware for miners
2024-06-15,2024-06-15 00:00:00+00:00,2024-06-14 15:43:27+00:00,Calls dominate Bitcoin options despite price drop and ETF outflows
2024-06-15,2024-06-15 00:00:00+00:00,2024-06-14 15:43:27+00:00,Congressman Massie says support for legislation to abolish Federal Reserve has grown 10x
2024-06-15,2024-06-15 00:00:00+00:00,2024-06-14 20:16:07+00:00,"Bernstein raises long-term Bitcoin price projection to $1 million by 2033, initiates MicroStrategy coverage"
2024-06-15,2024-06-15 00:00:00+00:00,2024-06-15 00:00:00+00:00,"Veteran Trader Peter Brandt Issues Bitcoin Alert, Says BTC Flashing Bearish Signal – Here Are His Targets"
2024-06-16,2024-06-16 00:00:00+00:00,2024-06-15 19:31:28+00:00,Trezor launches new touchscreen hardware wallet with custom expert setup
2024-06-16,2024-06-16 00:00:00+00:00,2024-06-16 00:00:00+00:00,"Here’s What’s Driving the Current Bitcoin (BTC) Correction, According to On-Chain Analyst Willy Woo"
2024-06-16,2024-06-16 00:00:00+00:00,2024-06-16 00:00:00+00:00,"100 Largest Non-Exchange Ethereum Whales Now Hold All-Time High of $241,635,000,000 in ETH: Santiment"
2024-06-16,2024-06-16 00:00:00+00:00,2024-06-16 00:00:00+00:00,"Crypto Whales Unload $3,300,000,000 in Bitcoin (BTC) in Just 10 Days, According to Analyst"
2024-06-16,2024-06-16 00:00:00+00:00,2024-06-16 00:00:00+00:00,Donald Trump’s dramatic reversal on crypto: change of heart or just a political maneuver?
2024-06-17,2024-06-17 00:00:00+00:00,2024-06-17 00:00:00+00:00,L'Australian Securities Exchange donne sa première approbation d'une cotation spot de Bitcoin à VanEck
2024-06-17,2024-06-17 00:00:00+00:00,2024-06-17 00:00:00+00:00,Bolsa de valores australiana dá sua primeira aprovação para listagem de Bitcoin à vista para VanEck
2024-06-17,2024-06-17 00:00:00+00:00,2024-06-17 00:00:00+00:00,La Bolsa de Valores de Australia otorga su primera aprobación de una cotización al contado de Bitcoin a VanEck
2024-06-17,2024-06-17 00:00:00+00:00,2024-06-17 00:00:00+00:00,Австралійська біржа цінних паперів уперше схвалила VanEck спотовий лістинг Bitcoin
2024-06-17,2024-06-17 00:00:00+00:00,2024-06-17 00:00:00+00:00,"Bitcoin Move on the Horizon Following Rare Quiet Period, According to On-Chain Analyst"
2024-06-18,2024-06-18 00:00:00+00:00,2024-06-18 00:00:00+00:00,Bitcoin sees a 4.3% weekly decline amid miner sell-offs and ETF outflows
2024-06-18,2024-06-18 00:00:00+00:00,2024-06-18 00:00:00+00:00,"TradFi ‘Dominating’ Tokenization of Real World Assets Trend, According to Kaiko Analytics"
2024-06-18,2024-06-18 00:00:00+00:00,2024-06-18 00:00:00+00:00,"XRP, Ondo, ENS the only coins standing as Bitcoin and altcoins bleed"
2024-06-18,2024-06-18 00:00:00+00:00,2024-06-18 00:00:00+00:00,Why is Riot Platforms in a hostile takeover of Bitfarms?
2024-06-18,2024-06-18 00:00:00+00:00,2024-06-18 00:00:00+00:00,"Investors turn to PepeFork (PORK), cat in a dogs world (MEW), Memeinator (MMTR) as market tumbles"
2024-06-19,2024-06-19 00:00:00+00:00,2024-06-19 00:00:00+00:00,HBAR surges 7% as Hashgraph Association launches world’s first Hedera ETP
2024-06-19,2024-06-19 00:00:00+00:00,2024-06-19 00:00:00+00:00,"First Mover Americas: Ether, Meme Coins Lead Recovery While Bitcoin Remains Subdued"
2024-06-19,2024-06-19 00:00:00+00:00,2024-06-19 00:00:00+00:00,ETH-USD news: Consensys confirms major Ethereum win from SEC
2024-06-19,2024-06-19 00:00:00+00:00,2024-06-19 00:00:00+00:00,"Marathon's Layer-2 Chain, Anduro, Plugs In 'Portal to Bitcoin' for Atomic Swaps"
2024-06-19,2024-06-19 00:00:00+00:00,2024-06-19 00:00:00+00:00,"Coinbase Holding Roughly $55,057,697,000 in Bitcoin (BTC), According to Glassnode"
2024-06-20,2024-06-20 00:00:00+00:00,2024-06-20 00:00:00+00:00,"Crypto Analyst Justin Bennett Issues Warning on Bitcoin, Says Crypto Market Will Get ‘Hammered’ if This Happens"
2024-06-20,2024-06-20 00:00:00+00:00,2024-06-20 00:00:00+00:00,"Bitcoin Approaching Post-Halving Parabolic Advance Phase, According to Real Vision Analyst"
2024-06-20,2024-06-20 00:00:00+00:00,2024-06-20 00:00:00+00:00,Fetch.ai (FET) soars 30% as Nvidia’s stock gains propel AI cryptos
2024-06-20,2024-06-20 00:00:00+00:00,2024-06-20 00:00:00+00:00,"MicroStrategy acquires 11,931 BTC for $786 M, strengthens position as largest corporate Bitcoin holder"
2024-06-20,2024-06-20 00:00:00+00:00,2024-06-20 00:00:00+00:00,Merlin Chain Launches Merlin's Adventure: A 210 Million $MERL Ecosystem Grant Program
2024-06-21,2024-06-21 00:00:00+00:00,2024-06-21 00:00:00+00:00,"Standard Chartered Is Building a Spot BTC, ETH Trading Desk: Bloomberg"
2024-06-21,2024-06-21 00:00:00+00:00,2024-06-21 00:00:00+00:00,"Wanna Be a Future Crypto Millionaire? Invest in POL, VET and BTC."
2024-06-21,2024-06-21 00:00:00+00:00,2024-06-21 00:00:00+00:00,"Mexican Drug Cartels Use Bitcoin, Ethereum, Monero and USDT To Acquire Key Fentanyl Ingredients: US Regulators"
2024-06-21,2024-06-21 00:00:00+00:00,2024-06-21 00:00:00+00:00,"Top Trader Says Bitcoin (BTC) at ‘Do-or-Die’ Level, Updates Outlook on Solana (SOL) and dogwifhat (WIF)"
2024-06-21,2024-06-21 00:00:00+00:00,2024-06-21 00:00:00+00:00,"This Is Why Altcoin Investors Struggle Despite Bitcoin, Ether Sitting Near Yearly Highs"
2024-06-22,2024-06-22 00:00:00+00:00,2024-06-22 00:00:00+00:00,"Crypto Trader Says One Blue-Chip Altcoin Primed To Skyrocket by 150%, Updates Outlook on Bitcoin and Ethereum"
2024-06-22,2024-06-22 00:00:00+00:00,2024-06-22 00:00:00+00:00,"Bitcoin To Hit $90,000 ‘Sooner Rather Than Later’ if This Happens, Says Crypto Analyst Kevin Svenson"
2024-06-22,2024-06-22 00:00:00+00:00,2024-06-22 00:00:00+00:00,Banking Giant Standard Chartered To Launch London-Based Bitcoin and Ethereum Trading Desk: Report
2024-06-22,2024-06-22 00:00:00+00:00,2024-06-22 00:00:00+00:00,"Ethereum On-Chain Metric Suggests Potential for Altcoin Market Rallies, According to Analytics Firm CryptoQuant"
2024-06-22,2024-06-22 00:00:00+00:00,2024-06-22 00:00:00+00:00,"Bitcoin Could Skyrocket Nearly 300%, Says SkyBridge Capital CEO Anthony Scaramucci – Here’s the Timeline"
2024-06-23,2024-06-23 00:00:00+00:00,2024-06-22 02:54:56+00:00,Are 24 word Bitcoin seed phrases better than 12 words for security?
2024-06-23,2024-06-23 00:00:00+00:00,2024-06-23 00:00:00+00:00,"Crypto Approaching ‘Banana Zone’ When Risk Assets Utterly Rip, According to Raoul Pal – Here’s the Timeline"
2024-06-23,2024-06-23 00:00:00+00:00,2024-06-23 00:00:00+00:00,"Top Trader Issues Bitcoin Warning, Predicts BTC Collapse Amid Extended Weakness and Consolidation"
2024-06-23,2024-06-23 00:00:00+00:00,2024-06-23 00:00:00+00:00,Investor Arthur Cheong Says Crypto May Be Mirroring S&P 500 Growth After 2008 Collapse – Here’s What He Means
2024-06-23,2024-06-23 00:00:00+00:00,2024-06-23 00:00:00+00:00,"Argentina-Style Inflationary Period Underway As Money Flees to Gold, Bitcoin and Stocks: Investor Luke Gromen"
2024-06-24,2024-06-24 00:00:00+00:00,2024-06-24 00:00:00+00:00,"$313,090,000 in Liquidations Hits Crypto Markets As Bitcoin Touches $59,000 Following Mt. Gox Statement"
2024-06-24,2024-06-24 00:00:00+00:00,2024-06-24 00:00:00+00:00,‘True Correction Is Underway’ for Crypto ETPs After Two Straight Weeks of Outflows: CoinShares
2024-06-24,2024-06-24 00:00:00+00:00,2024-06-24 00:00:00+00:00,"AI and Bitcoin Are Part of Massive Decade-Long Trend, According to Anthony Pompliano – Here’s Why"
2024-06-24,2024-06-24 00:00:00+00:00,2024-06-24 00:00:00+00:00,"Gold May Be Hinting at Incoming Bitcoin (BTC) Correction, According to Analyst Benjamin Cowen"
2024-06-24,2024-06-24 00:00:00+00:00,2024-06-24 00:00:00+00:00,Bitcoin Mining Sector Is Attracting Growing Investor Interest Following Core Scientific Deal: JPMorgan
2024-06-25,2024-06-25 00:00:00+00:00,2024-06-25 00:00:00+00:00,"German Government Entity Moves $24M Bitcoin to Kraken, Coinbase: Arkham"
2024-06-25,2024-06-25 00:00:00+00:00,2024-06-25 00:00:00+00:00,"First Mover Americas: BTC Steadies, but 10% Monthly Loss Questions Nasdaq Rally"
2024-06-25,2024-06-25 00:00:00+00:00,2024-06-25 00:00:00+00:00,"German Government Transfers Part of $2,800,000,000 Bitcoin Stash to Kraken and Coinbase: On-Chain Data"
2024-06-25,2024-06-25 00:00:00+00:00,2024-06-25 00:00:00+00:00,3 Cryptocurrencies to Buy as U.S. Debt Continues to Grow
2024-06-25,2024-06-25 00:00:00+00:00,2024-06-25 00:00:00+00:00,Ether Spot ETFs Could See Lower Demand Compared to Bitcoin Peers: Bernstein
2024-06-26,2024-06-26 00:00:00+00:00,2024-06-26 00:00:00+00:00,Bitcoin Miner Marathon Mined $15M Worth Kaspa Tokens to Diversify Revenue
2024-06-26,2024-06-26 00:00:00+00:00,2024-06-26 00:00:00+00:00,The Protocol: Blast's $3B Airdrop and Bitcoin's Mt. Gox Moment
2024-06-26,2024-06-26 00:00:00+00:00,2024-06-26 00:00:00+00:00,Pro-Crypto Former President Donald Trump To Speak at Bitcoin Convention Event: Report
2024-06-26,2024-06-26 00:00:00+00:00,2024-06-26 00:00:00+00:00,"Bitcoin (BTC) Flashing Signal That Led to Nearly 200% Rally in August 2023, According to Crypto Analyst"
2024-06-26,2024-06-26 00:00:00+00:00,2024-06-26 00:00:00+00:00,"First Mover Americas: Germany Moves 750 BTC, Altcoins Bleed Liquidity"
2024-06-27,2024-06-27 00:00:00+00:00,2024-06-27 00:00:00+00:00,"Willy Woo Updates Bitcoin Outlook, Says Good Chance BTC Already Cleared Price Lows"
2024-06-27,2024-06-27 00:00:00+00:00,2024-06-27 00:00:00+00:00,"Файли VanEck для Solana ETF, SOL зростає на 8%"
2024-06-27,2024-06-27 00:00:00+00:00,2024-06-27 00:00:00+00:00,"VanEck Files para sa Solana ETF, SOL Tumaas ng 8%"
2024-06-27,2024-06-27 00:00:00+00:00,2024-06-27 00:00:00+00:00,"Dormant Crypto Whale Wakes Up, Moves $3,050,000 Worth of Bitcoin (BTC) to Binance"
2024-06-27,2024-06-27 00:00:00+00:00,2024-06-27 00:00:00+00:00,"VanEck Files для Solana ETF, SOL выросла на 8%"
2024-06-28,2024-06-28 00:00:00+00:00,2024-06-28 00:00:00+00:00,"Crypto Trader Says Top-10 Altcoin Primed for a Double-Digit Rally, Updates Outlook on Bitcoin and Solana"
2024-06-28,2024-06-28 00:00:00+00:00,2024-06-28 00:00:00+00:00,"Analyst Says One Ethereum Rival’s Going To Be a ‘Decent Project’ Going Forward, Maps Path Ahead for Bitcoin"
2024-06-28,2024-06-28 00:00:00+00:00,2024-06-28 00:00:00+00:00,"U.S. Treasury Issues Crypto Tax Regime For 2025, Delays Rules for Non-Custodians"
2024-06-28,2024-06-28 00:00:00+00:00,2024-06-28 00:00:00+00:00,"Florida Man Convicted for Violent Kidnapping, Assault and Crypto-Stealing Scheme"
2024-06-28,2024-06-28 00:00:00+00:00,2024-06-28 00:00:00+00:00,"Crypto Trader Michaël van de Poppe Says Low-Cap Altcoin Primed To Rally, Updates Outlook on Bitcoin and Ethereum"
2024-06-29,2024-06-29 00:00:00+00:00,2024-06-28 21:11:49+00:00,No Bitcoin mention by Trump while Biden fails his ‘one job’ in first presidential debate
2024-06-29,2024-06-29 00:00:00+00:00,2024-06-28 22:46:55+00:00,"Supreme Court overturns Chevron, reducing SEC’s ‘unilateral power’ over crypto: expert"
2024-06-29,2024-06-29 00:00:00+00:00,2024-06-29 00:00:00+00:00,"Trader Says Ethereum-Based Altcoin Primed To ‘Get Explosive Soon,’ Updates Outlook on Bitcoin and Curve"
2024-06-29,2024-06-29 00:00:00+00:00,2024-06-29 00:00:00+00:00,Crypto Analyst Warns That Bitcoin (BTC) Is at Risk of Further Correction – Here’s His Target
2024-06-29,2024-06-29 00:00:00+00:00,2024-06-29 00:00:00+00:00,"Crypto Analyst Says One Ethereum Rival Is Extremely Undervalued, Maps Path Forward for Bitcoin and Chainlink"
2024-06-30,2024-06-30 00:00:00+00:00,2024-06-30 00:00:00+00:00,Bitcoin Mining Companies Switching to Other Coins Amid Rising Cost of Operations: CryptoQuant CEO
2024-06-30,2024-06-30 00:00:00+00:00,2024-06-30 00:00:00+00:00,Analyst Says Lower Prices for Bitcoin Could Serve As Catalyst for Rally to New Highs – Here’s What He Means
2024-07-01,2024-07-01 00:00:00+00:00,2024-07-01 00:00:00+00:00,Bitcoin 2.0: Seeking Alpha
2024-07-01,2024-07-01 00:00:00+00:00,2024-07-01 00:00:00+00:00,Fundstrat’s Tom Lee Says Bitcoin (BTC) Gearing Up for ‘Sharp Rebound’ for Rest of 2024 – Here’s His Target
2024-07-01,2024-07-01 00:00:00+00:00,2024-07-01 00:00:00+00:00,"Bitcoin's Bottom in Price Could Be Near or Already In, the Coinbase Premium Index Suggests"
2024-07-01,2024-07-01 00:00:00+00:00,2024-07-01 00:00:00+00:00,Retail Investors Returning? Analyst Says Number of New Bitcoin Addresses Soaring Amid Choppy Conditions
2024-07-01,2024-07-01 00:00:00+00:00,2024-07-01 00:00:00+00:00,First Mover Americas: Bitcoin Relief Rally Stalls at $63K as Crypto Rebound Faces Hurdles
2024-07-02,2024-07-02 00:00:00+00:00,2024-07-02 00:00:00+00:00,Bitcoin Could Get Ethereum-Style Restaking as Startup Lombard Raises $16M
2024-07-02,2024-07-02 00:00:00+00:00,2024-07-02 00:00:00+00:00,"Top Trader Unveils Massive Price Target for Memecoin dogwifhat (WIF), Updates Bitcoin (BTC) Forecast"
2024-07-02,2024-07-02 00:00:00+00:00,2024-07-02 00:00:00+00:00,Investors Added Money to Bitcoin ETFs Even as Bitcoin Slipped 7% in June
2024-07-02,2024-07-02 00:00:00+00:00,2024-07-02 00:00:00+00:00,PlanB Predicts Bitcoin (BTC) Bounce As On-Chain Indicators Coil Up – Here’s His Outlook
2024-07-02,2024-07-02 00:00:00+00:00,2024-07-02 00:00:00+00:00,Bitcoin's Retreat From $70K Characterized by 'Vol Lethargy'
2024-07-03,2024-07-03 00:00:00+00:00,2024-07-03 00:00:00+00:00,"DeFi Tokens Plunge 10%-20%, Led by Pendle Amid Weak Crypto Price Action This Week"
2024-07-03,2024-07-03 00:00:00+00:00,2024-07-03 00:00:00+00:00,Alameda-Backed Mining Firm Genesis Digital Assets Considering IPO in US: Report
2024-07-03,2024-07-03 00:00:00+00:00,2024-07-03 00:00:00+00:00,The Protocol: 'Private Jet Brandization' Is One Way Polkadot Burnt Cash
2024-07-03,2024-07-03 00:00:00+00:00,2024-07-03 00:00:00+00:00,"Mt. Gox Repayments Won’t Be As Brutal for Bitcoin As Expected, Says CoinShares – Here’s Why"
2024-07-03,2024-07-03 00:00:00+00:00,2024-07-03 00:00:00+00:00,First Mover Americas: Bitcoin Falls to $60K as Mt. Gox Overhang Looms
2024-07-04,2024-07-04 00:00:00+00:00,2024-07-04 00:00:00+00:00,"Here Are Price Targets for Bitcoin, Solana, and Render, According to Analyst Jason Pizzino"
2024-07-04,2024-07-04 00:00:00+00:00,2024-07-04 00:00:00+00:00,"Bitcoin Currently in Ideal Time for Whales To Accumulate, According to CryptoQuant CEO – Here’s Why"
2024-07-04,2024-07-04 00:00:00+00:00,2024-07-04 00:00:00+00:00,"Over $370,000,000 in Bitcoin, Ethereum and Altcoins Liquidated in 24 Hours As BTC Briefly Dives Below $57,000"
2024-07-04,2024-07-04 00:00:00+00:00,2024-07-04 00:00:00+00:00,"Bitcoin Primed for a Rebound Based on One Indicator, Says Crypto Analyst – Here’s His Outlook"
2024-07-04,2024-07-04 00:00:00+00:00,2024-07-04 00:00:00+00:00,3 Cryptos That Could Make Your Grandchildren Rich
2024-07-05,2024-07-05 00:00:00+00:00,2024-07-05 00:00:00+00:00,"Mt. Gox Trustee Says Some Creditors Have Received Compensation in Bitcoin and Bitcoin Cash, Urges Others To Wait"
2024-07-05,2024-07-05 00:00:00+00:00,2024-07-05 00:00:00+00:00,"Here’s When Bitcoin Could Reach Its Cycle Peak if History Repeats Itself, According to Crypto Analyst"
2024-07-05,2024-07-05 00:00:00+00:00,2024-07-05 00:00:00+00:00,"Total Crypto Market Cap Primed To Explode by Over 44x to $100,000,000,000,000, Says Raoul Pal – Here’s Why"
2024-07-05,2024-07-05 00:00:00+00:00,2024-07-05 00:00:00+00:00,"Chainlink on the Cusp of ‘Good Times Ahead,’ Says Analyst Michaël van de Poppe – Here Are His Targets"
2024-07-05,2024-07-05 00:00:00+00:00,2024-07-05 00:00:00+00:00,Bitcoin Traders Target $50K as Billions in BTC Selling Pressure Looms
2024-07-06,2024-07-06 00:00:00+00:00,2024-07-06 00:00:00+00:00,"Bitcoin Primed To Rally Nearly 80% After Ongoing Correction Ends, Says Analyst – But There’s a Catch"
2024-07-06,2024-07-06 00:00:00+00:00,2024-07-06 00:00:00+00:00,Self-Proclaimed Bitcoin Creator Craig Wright Slapped With an Assets Freezing Order Over Libel Lawsuit
2024-07-06,2024-07-06 00:00:00+00:00,2024-07-06 00:00:00+00:00,"Bitcoin Could Skyrocket by Nearly 2x Before Hitting Cycle Top, Glassnode Co-Founders Say – Here’s Their Outlook"
2024-07-06,2024-07-06 00:00:00+00:00,2024-07-06 00:00:00+00:00,"Bitcoin ETF Investors Bought the Dip on Friday, With Inflows Topping $140M"
2024-07-06,2024-07-06 00:00:00+00:00,2024-07-06 00:00:00+00:00,"Crypto Trader Says Blue-Chip Altcoin Could Nosedive by 45%, Updates Outlook on Bitcoin"
2024-07-07,2024-07-07 00:00:00+00:00,2024-07-07 00:00:00+00:00,"Trader Predicts 400% Bitcoin Rally Following Correction, Says Short-Term BTC Pain Could Lead to Long-Term Gain"
2024-07-07,2024-07-07 00:00:00+00:00,2024-07-07 00:00:00+00:00,US Voters Increasingly Focused on Crypto As 2024 Election Approaches: Grayscale
2024-07-07,2024-07-07 00:00:00+00:00,2024-07-07 00:00:00+00:00,CryptoQuant CEO Says Bitcoin Bull Market Will Continue Until Next Year – Here’s His Price Target
2024-07-07,2024-07-07 00:00:00+00:00,2024-07-07 00:00:00+00:00,"Ancient Bitcoin Whales Wake Up From Slumber To Move Over $58,000,000 in BTC After a Decade: On-Chain Data"
2024-07-07,2024-07-07 00:00:00+00:00,2024-07-07 00:00:00+00:00,Top Trader Warns of November 2018-Style Capitulation for Bitcoin After ‘Massive Range Breakdown’
2024-07-08,2024-07-08 00:00:00+00:00,2024-07-08 00:00:00+00:00,"Германия все еще хранит Bitcoin на сумму 1,3 миллиарда долларов, показывают данные блокчейна"
2024-07-08,2024-07-08 00:00:00+00:00,2024-07-08 00:00:00+00:00,"L'Allemagne détient toujours 1,3 milliard de dollars de Bitcoin, selon les données de la blockchain"
2024-07-08,2024-07-08 00:00:00+00:00,2024-07-08 00:00:00+00:00,"Німеччина все ще володіє Bitcoin на суму 1,3 мільярда доларів США, свідчать дані про блокчейн"
2024-07-08,2024-07-08 00:00:00+00:00,2024-07-08 00:00:00+00:00,"Hawak pa rin ng Germany ang $1.3B na Halaga ng Bitcoin, Blockchain Data Show"
2024-07-08,2024-07-08 00:00:00+00:00,2024-07-08 00:00:00+00:00,"Alemanha ainda detém US$ 1,3 bilhão em Bitcoin, mostra Blockchain Data"
2024-07-09,2024-07-09 00:00:00+00:00,2024-07-09 00:00:00+00:00,‘Fake Breakdown’? – Crypto Analyst Says BTC About to Challenge Downtrend After Showing Stability
2024-07-09,2024-07-09 00:00:00+00:00,2024-07-09 00:00:00+00:00,"Bitcoin May Rally to $100,000 While Altcoins Get Left Behind, Warns Veteran Crypto Trader"
2024-07-09,2024-07-09 00:00:00+00:00,2024-07-09 00:00:00+00:00,7 Cryptos on Red Alert: German Selloff Could Trigger Crypto Crash
2024-07-09,2024-07-09 00:00:00+00:00,2024-07-09 00:00:00+00:00,"Bitcoin Rebounds Toward $60K, but Choppiness Likely to Persist: Analysts"
2024-07-09,2024-07-09 00:00:00+00:00,2024-07-09 00:00:00+00:00,Bitcoin Steady Above $57K as Germany Moves 6.3K BTC to Exchanges
2024-07-10,2024-07-10 00:00:00+00:00,2024-07-10 00:00:00+00:00,"‘Uncomfortable’ Bitcoin Indicator Could Decide BTC’s Next Move, According to Benjamin Cowen"
2024-07-10,2024-07-10 00:00:00+00:00,2024-07-10 00:00:00+00:00,"Venture Capitalists Flood Crypto With Nearly $3,200,000,000 in Q2 of 2024, According to Galaxy Digital"
2024-07-10,2024-07-10 00:00:00+00:00,2024-07-10 00:00:00+00:00,"Bitcoin Price Decline on Germany, Mt. Gox and Miner Sell Pressure May Be Overblown: NYDIG"
2024-07-10,2024-07-10 00:00:00+00:00,2024-07-10 00:00:00+00:00,"Trader Predicts 231% Rally for Celestia (TIA), Updates Outlook on Bitcoin Bull Market Cycle"
2024-07-10,2024-07-10 00:00:00+00:00,2024-07-10 00:00:00+00:00,Bitcoin at Pivotal Point as Bear Market Beckons: Onchain Data
2024-07-11,2024-07-11 00:00:00+00:00,2024-07-11 00:00:00+00:00,"Germany Almost Done Selling Bitcoin, Holding Less Than 5K Tokens After Latest Moves"
2024-07-11,2024-07-11 00:00:00+00:00,2024-07-11 00:00:00+00:00,Bitcoin Miner Ionic Digital Hires CFO to Shepherd IPO
2024-07-11,2024-07-11 00:00:00+00:00,2024-07-11 00:00:00+00:00,Crypto Bulls Frustrated as Bitcoin and Stocks Recouple – to the Downside
2024-07-11,2024-07-11 00:00:00+00:00,2024-07-11 00:00:00+00:00,"Here’s What Bitcoin Needs To Do To Confirm a Breakout From the Current Downtrend, Says Analyst"
2024-07-11,2024-07-11 00:00:00+00:00,2024-07-11 00:00:00+00:00,Why I Chose Bitcoin Ordinals to Release ‘Frontline’
2024-07-12,2024-07-12 00:00:00+00:00,2024-07-12 00:00:00+00:00,SEC Terminates Investigation Into Bitcoin (BTC) Layer-2 Stacks Developer Hiro
2024-07-12,2024-07-12 00:00:00+00:00,2024-07-12 00:00:00+00:00,"Market Signal That Preceded a 400% Altcoin Rally in 2020 Currently Flashing Bullish, Say Glassnode Co-Founders"
2024-07-12,2024-07-12 00:00:00+00:00,2024-07-12 00:00:00+00:00,"Bitcoin Metric That’s Previously Preceded a Bullish Reversal Flashing Green, According to Analyst Jamie Coutts"
2024-07-12,2024-07-12 00:00:00+00:00,2024-07-12 00:00:00+00:00,"German Government Resumes Bitcoin Selling Spree, Currently Holding Less Than 4,000 BTC"
2024-07-12,2024-07-12 00:00:00+00:00,2024-07-12 00:00:00+00:00,"Ethereum Could Continue Underperforming Bitcoin Even After Spot ETF Approval, Says Benjamin Cowen – Here’s Why"
2024-07-13,2024-07-13 00:00:00+00:00,2024-07-12 14:06:59+00:00,Bitcoin mining touted as solution for UK’s renewable energy goals
2024-07-13,2024-07-13 00:00:00+00:00,2024-07-12 21:10:30+00:00,Senator Lummis says ‘Bitcoin in reserve’ can help dollar ‘remain strong’
2024-07-13,2024-07-13 00:00:00+00:00,2024-07-13 00:00:00+00:00,"Trader Says One Blue-Chip Memecoin Will ‘Do Big Numbers’ This Year, Updates Outlook on Bitcoin and Ethereum"
2024-07-13,2024-07-13 00:00:00+00:00,2024-07-13 00:00:00+00:00,"Bitcoin Price Action Pointing to Further Downside, Says Crypto Analyst Justin Bennett – Here Are His Targets"
2024-07-13,2024-07-13 00:00:00+00:00,2024-07-13 00:00:00+00:00,"Ancient Bitcoin Whales Come Alive After Lying Low for a Decade, Move Over $11,000,000 in BTC: On-Chain Data"
2024-07-14,2024-07-14 00:00:00+00:00,2024-07-14 00:00:00+00:00,Investor Arthur Cheong Says Crypto May Not Witness Mass Adoption Comparable to the Internet – Here’s Why
2024-07-14,2024-07-14 00:00:00+00:00,2024-07-14 00:00:00+00:00,"‘Price of Tomorrow’ Author Says Bitcoin Is the Only Free Market Force, Predicts Prices Will Fall Against BTC"
2024-07-14,2024-07-14 00:00:00+00:00,2024-07-14 00:00:00+00:00,Crypto Exchange Abra Acquires Several Valkyrie Funds After Settling With US State Regulators: Report
2024-07-14,2024-07-14 00:00:00+00:00,2024-07-14 00:00:00+00:00,"$3,540,000,000 in Bitcoin (BTC) Moved to Crypto Exchanges in Just One Month, According to Analyst"
2024-07-14,2024-07-14 00:00:00+00:00,2024-07-14 00:00:00+00:00,"Coinbase Institutional Forecasts Choppy Q3, Says Crypto Still Lacking Strong Narratives"
2024-07-15,2024-07-15 00:00:00+00:00,2024-07-15 00:00:00+00:00,"Digital Asset Products See Fifth-Largest Weekly Inflows of $1,440,000,000: CoinShares"
2024-07-15,2024-07-15 00:00:00+00:00,2024-07-15 00:00:00+00:00,"Dear MSTR Stock Fans, Mark Your Calendars for July 27"
2024-07-15,2024-07-15 00:00:00+00:00,2024-07-15 00:00:00+00:00,"Bitcoin Flashing Bullish Signal That Previously Led to 193% Rally, Says Crypto Analyst"
2024-07-15,2024-07-15 00:00:00+00:00,2024-07-15 00:00:00+00:00,Bitcoin Price Targets Now Depend on Donald Trump’s Reelection Odds
2024-07-15,2024-07-15 00:00:00+00:00,2024-07-15 00:00:00+00:00,Founder's Gambling 'Struggles' Spur Crippling Loss at Crypto Casino Backed by Galaxy
2024-07-16,2024-07-16 00:00:00+00:00,2024-07-16 00:00:00+00:00,Donald Trump Appoints Pro-Crypto Bitcoin Holder J.D. Vance As Running Mate
2024-07-16,2024-07-16 00:00:00+00:00,2024-07-16 00:00:00+00:00,"North Korean Hackers Lazarus Group May Be Behind $305,000,000 DMM Bitcoin Attack, Says On-Chain Researcher"
2024-07-16,2024-07-16 00:00:00+00:00,2024-07-16 00:00:00+00:00,"Trader Updates Bull Market Outlook, Says Bitcoin Downtrend Now Over After Successful Reclaim of Critical Range"
2024-07-16,2024-07-16 00:00:00+00:00,2024-07-16 00:00:00+00:00,Bitcoin Hits $65K Shaking Off Mt. Gox Payout Worries; XRP Leads Crypto Rally
2024-07-16,2024-07-16 00:00:00+00:00,2024-07-16 00:00:00+00:00,"Meme Coins Outperform BTC, ETH and SOL as Traders Rotate Holdings"
2024-07-17,2024-07-17 00:00:00+00:00,2024-07-17 00:00:00+00:00,"Маркет- Maker Flowdesk подвоїв зусилля щодо США, оскільки все виглядало похмуро. Тепер ця ставка окупається"
2024-07-17,2024-07-17 00:00:00+00:00,2024-07-17 00:00:00+00:00,Bitcoin Summer 2024: What to Expect
2024-07-17,2024-07-17 00:00:00+00:00,2024-07-17 00:00:00+00:00,"Democrats Have Made a 'Horrific Mistake' on Crypto, Says SkyBridge Capital’s Anthony Scaramucci"
2024-07-17,2024-07-17 00:00:00+00:00,2024-07-17 00:00:00+00:00,"Render (RNDR), Aave and One More Ethereum-Based Altcoin Showing Notable Address Activity Growth: Santiment"
2024-07-17,2024-07-17 00:00:00+00:00,2024-07-17 00:00:00+00:00,Bitcoin Dips Below $64K as U.S. Equity Selloff Stalls Crypto Rebound
2024-07-18,2024-07-18 00:00:00+00:00,2024-07-18 00:00:00+00:00,Bitcoin Mining Is So Back (Except It's AI Now)
2024-07-18,2024-07-18 00:00:00+00:00,2024-07-18 00:00:00+00:00,"Bitcoin Correction Is Over and an Uptrend Has Kicked Off, According to Crypto Analyst – Here Are His Targets"
2024-07-18,2024-07-18 00:00:00+00:00,2024-07-18 00:00:00+00:00,UK Prosecutors To Consider Charging Self-Styled Bitcoin Creator Craig Wright With Perjury and Document Forgery
2024-07-18,2024-07-18 00:00:00+00:00,2024-07-18 00:00:00+00:00,Bitcoin Slumps Towards $63K as Speculation About Biden Dropout Intensifies
2024-07-18,2024-07-18 00:00:00+00:00,2024-07-18 00:00:00+00:00,"Trader Says FLOKI ‘Going Higher, Much Higher,’ Maps Path Forward for Bitcoin, Ethereum and Solana"
2024-07-19,2024-07-19 00:00:00+00:00,2024-07-19 00:00:00+00:00,"Winklevoss Twins Continue Crypto Donation Spree With Another $1,000,000 in Bitcoin (BTC)"
2024-07-19,2024-07-19 00:00:00+00:00,2024-07-19 00:00:00+00:00,"Crypto Trader Issues Ethereum Alert, Says ETH To Underperform Bitcoin Over the Short-Term – Here’s His Outlook"
2024-07-19,2024-07-19 00:00:00+00:00,2024-07-19 00:00:00+00:00,Profit-Making Crypto Address Makes New Investment of $16M in BTC
2024-07-19,2024-07-19 00:00:00+00:00,2024-07-19 00:00:00+00:00,Arthur Hayes’ Family Office Maelstrom Fund Unveils Grant Program Aimed at Supporting Bitcoin Developers
2024-07-19,2024-07-19 00:00:00+00:00,2024-07-19 00:00:00+00:00,Crypto Analyst Justin Bennett Says Bitcoin (BTC) Primed for a Short-Term Rally – Here Are His Targets
2024-07-20,2024-07-20 00:00:00+00:00,2024-07-19 19:07:53+00:00,Miners reduce holdings amid rising prices
2024-07-20,2024-07-20 00:00:00+00:00,2024-07-19 22:35:54+00:00,"Jefferies believes Trump’s ‘overt’ support for Bitcoin will benefit crypto stocks, gold miners"
2024-07-20,2024-07-20 00:00:00+00:00,2024-07-20 00:00:00+00:00,"One Low-Cap Altcoin on the Verge of a Big Breakout, Says Analyst Michaël van de Poppe – Here Are His Targets"
2024-07-20,2024-07-20 00:00:00+00:00,2024-07-20 00:00:00+00:00,"Solana-Based Altcoin That’s Exploded Over 7,200% Year-to-Date Flashing Bullish Signal, According to Top Trader"
2024-07-20,2024-07-20 00:00:00+00:00,2024-07-20 00:00:00+00:00,"Bitcoin To Surge by up to 83% if History Repeats Itself, Says Analyst Kevin Svenson – But There’s a Catch"
2024-07-21,2024-07-21 00:00:00+00:00,2024-07-21 00:00:00+00:00,"Sa Biden Out, Pinapaboran ng Polymarket si Harris para sa Democratic Presidential Nominee"
2024-07-21,2024-07-21 00:00:00+00:00,2024-07-21 00:00:00+00:00,У зв’язку з виходом Байдена Polymarket віддає перевагу Харрісу як кандидата в президенти від Демократичної партії
2024-07-21,2024-07-21 00:00:00+00:00,2024-07-21 00:00:00+00:00,После ухода Байдена Polymarket отдает предпочтение Харрис в качестве кандидата в президенты от Демократической партии
2024-07-21,2024-07-21 00:00:00+00:00,2024-07-21 00:00:00+00:00,"Bitcoin Indicator Pointing Towards ‘Deep Value’ for BTC, According to ARK Invest Analysts"
2024-07-21,2024-07-21 00:00:00+00:00,2024-07-21 00:00:00+00:00,"Con Biden fuera, Polymarket favorece a Harris como candidato presidencial demócrata"
2024-07-22,2024-07-22 00:00:00+00:00,2024-07-22 00:00:00+00:00,"Swan Bitcoin Drops IPO Plan, Cuts Staff and Will Shut Managed Mining Unit"
2024-07-22,2024-07-22 00:00:00+00:00,2024-07-22 00:00:00+00:00,"Trader That Called May 2021 Collapse Says Bitcoin May Be Following Parabolic Path to $100,000 if History Repeats"
2024-07-22,2024-07-22 00:00:00+00:00,2024-07-22 00:00:00+00:00,"Ethereum ETFs Approved by SEC, Bringing Popular Funds to Second-Largest Cryptocurrency"
2024-07-22,2024-07-22 00:00:00+00:00,2024-07-22 00:00:00+00:00,"Here’s a Potential ETH/BTC Capitulation Scenario, According to Crypto Analyst Benjamin Cowen"
2024-07-22,2024-07-22 00:00:00+00:00,2024-07-22 00:00:00+00:00,First Mover Americas: Bitcoin Settles Above $67K After Biden Drops Out
2024-07-23,2024-07-23 00:00:00+00:00,2024-07-23 00:00:00+00:00,‘This Is What BTC Bull Markets Are Made Of’ – On-Chain Analyst Says Indicator Flashing Bullish for Bitcoin
2024-07-23,2024-07-23 00:00:00+00:00,2024-07-23 00:00:00+00:00,Mark Cuban Says Kamala Harris Likely To Be ‘Far More Open’ to Crypto and AI if Elected President: Report
2024-07-23,2024-07-23 00:00:00+00:00,2024-07-23 00:00:00+00:00,Bitcoin Slips to Near $65K as Mt. Gox Creditors Receive Assets on Kraken
2024-07-23,2024-07-23 00:00:00+00:00,2024-07-23 00:00:00+00:00,BlackRock's $500M Tokenized Fund Pitches for Ethena's RWA Investment Plan
2024-07-23,2024-07-23 00:00:00+00:00,2024-07-23 00:00:00+00:00,Ethereum-Based Protocol Alkimiya Creates Market for Hedging Bitcoin Fees
2024-07-24,2024-07-24 00:00:00+00:00,2024-07-24 00:00:00+00:00,Is Donald Trump Insulating Bitcoin’s Price From The Tech Stock Slide?
2024-07-24,2024-07-24 00:00:00+00:00,2024-07-24 00:00:00+00:00,"‘Long Way to Go’ in Secular Bitcoin and Crypto Bull Market, According to Analyst Jamie Coutts – Here’s Why"
2024-07-24,2024-07-24 00:00:00+00:00,2024-07-24 00:00:00+00:00,"Sygnum's First-Half Spot Crypto Trading Doubles, Derivatives Increase 500%"
2024-07-24,2024-07-24 00:00:00+00:00,2024-07-24 00:00:00+00:00,"Riot Platforms’ Acquisition of Block Mining Makes Sense, JPMorgan Says"
2024-07-24,2024-07-24 00:00:00+00:00,2024-07-24 00:00:00+00:00,"Bitcoin Holds Up as Tech Stocks Plunge, Ether Sinks a Day After ETF Launch"
2024-07-25,2024-07-25 00:00:00+00:00,2024-07-25 00:00:00+00:00,Kraken Has Successfully Distributed Bitcoin (BTC) and Bitcoin Cash (BCH) to Mt Gox Creditors: CEO David Ripley
2024-07-25,2024-07-25 00:00:00+00:00,2024-07-25 00:00:00+00:00,Bitcoin майнеры имеют значительный потенциал роста благодаря своим энергетическим портфелям: Бернштейн
2024-07-25,2024-07-25 00:00:00+00:00,2024-07-25 00:00:00+00:00,"Donald Trump’s Presidential Campaign Raises Over $4,000,000 in Bitcoin (BTC) and Other Crypto Funds: Report"
2024-07-25,2024-07-25 00:00:00+00:00,2024-07-25 00:00:00+00:00,Ang mga Minero ng Bitcoin ay May Malaking Kabaligtaran Mula sa Kanilang Mga Power Portfolio: Bernstein
2024-07-25,2024-07-25 00:00:00+00:00,2024-07-25 00:00:00+00:00,"Protocol Village: Provas ZK chegam ao Bitcoin, Roxom lança bolsa de ações, commodities e futuros baseada em Bitcoin"
2024-07-26,2024-07-26 00:00:00+00:00,2024-07-26 00:00:00+00:00,"Bitcoin Whales Accumulating BTC at ‘Unprecedented Level,’ According to CryptoQuant CEO"
2024-07-26,2024-07-26 00:00:00+00:00,2024-07-26 00:00:00+00:00,"Bitcoin Mining Giant Marathon Digital Buys $100,000,000 Worth of BTC, Announces New ‘Full HODL’ Strategy"
2024-07-26,2024-07-26 00:00:00+00:00,2024-07-26 00:00:00+00:00,The Real Crypto Candidate? Presidential Hopeful Robert F. Kennedy Jr Says He Puts ‘Most’ of His Wealth Into BTC
2024-07-26,2024-07-26 00:00:00+00:00,2024-07-26 00:00:00+00:00,"Crypto Analyst Says Top Ethereum Rival Mimicking 2021-Style Price Action, Could Explode by Over 400% ‘Soon’"
2024-07-26,2024-07-26 00:00:00+00:00,2024-07-26 00:00:00+00:00,"Bitcoin Could See More Upside After Bouncing From Major Support Zone, According to Trader – Here Are His Targets"
2024-07-27,2024-07-27 00:00:00+00:00,2024-07-27 00:00:00+00:00,U.S. Senator Lummis Proposes the U.S. Buy 1M Bitcoin to Reduce National Debt
2024-07-27,2024-07-27 00:00:00+00:00,2024-07-27 00:00:00+00:00,Santiment Outlines Bullish Altcoins Amid a Blossoming Crypto Market – Here Are the Analytics Firm’s Picks
2024-07-27,2024-07-27 00:00:00+00:00,2024-07-27 00:00:00+00:00,Trump Backs U.S. Bitcoin Reserve and Says Democrat Win Will Be Disaster for Crypto: 'Every One of You Will Be Gone'
2024-07-27,2024-07-27 00:00:00+00:00,2024-07-27 00:00:00+00:00,Bitcoin Prices See Wild Trading as Trump Plans to Establish BTC as U.S. Strategic Asset
2024-07-27,2024-07-27 00:00:00+00:00,2024-07-27 00:00:00+00:00,"Former President Trump Vows To Create Strategic National Bitcoin Stockpile, Fire Gary Gensler and Make America the ‘Crypto Capital of the Planet’"
2024-07-28,2024-07-28 00:00:00+00:00,2024-07-27 11:07:18+00:00,"Trump vows to make America the superpower of Bitcoin, fire Gensler on Day 1"
2024-07-28,2024-07-28 00:00:00+00:00,2024-07-28 00:00:00+00:00,Economist Alex Krüger Says Bitcoin and Crypto in a ‘Supercycle’ – Here’s What He Means
2024-07-28,2024-07-28 00:00:00+00:00,2024-07-28 00:00:00+00:00,"State of Michigan Unveils Nearly $6,600,000 Investment in ARK 21Shares Bitcoin ETF"
2024-07-28,2024-07-28 00:00:00+00:00,2024-07-28 00:00:00+00:00,‘Big Short’ Investor Says ‘Huge Debasement’ of US Dollar and Fiat Currency Driving Bullish Bitcoin Trade
2024-07-28,2024-07-28 00:00:00+00:00,2024-07-28 00:00:00+00:00,"MicroStrategy’s Michael Saylor Says Bitcoin Will Hit $13,000,000 in Base-Case Scenario – Here’s His Timeline"
2024-07-29,2024-07-29 00:00:00+00:00,2024-07-29 00:00:00+00:00,"100 Days After the Bitcoin Halving, What's Next?"
2024-07-29,2024-07-29 00:00:00+00:00,2024-07-29 00:00:00+00:00,Trump Proposes a U.S. Strategic Bitcoin Reserve. What Would That Mean for BTC?
2024-07-29,2024-07-29 00:00:00+00:00,2024-07-29 00:00:00+00:00,"Year-to-Date Institutional Flows for Crypto ETPs Reach Record-Breaking $20,500,000,000: CoinShares"
2024-07-29,2024-07-29 00:00:00+00:00,2024-07-29 00:00:00+00:00,"Ex-Goldman Sachs Executive Predicts Weaker US Dollar, Rallies for Gold and Bitcoin Amid ‘Macro Summer’"
2024-07-29,2024-07-29 00:00:00+00:00,2024-07-29 00:00:00+00:00,"Crypto Billionaire Mike Novogratz Issues Warning on US National Debt, Says There’s Only Solution to Crisis"
2024-07-30,2024-07-30 00:00:00+00:00,2024-07-30 00:00:00+00:00,"Coinbase Earnings Hurt by Low Volume But Trump Could be Wild Card, Analysts Say"
2024-07-30,2024-07-30 00:00:00+00:00,2024-07-30 00:00:00+00:00,"U.S. Strategic Bitcoin Reserve to Be Funded Partly by Revaluing Fed's Gold, Draft Bill Shows"
2024-07-30,2024-07-30 00:00:00+00:00,2024-07-30 00:00:00+00:00,"CryptoQuant CEO Unveils Bitcoin Bull Market Top Timeline, Says Mt. Gox Repayments Having No Impact on BTC Price"
2024-07-30,2024-07-30 00:00:00+00:00,2024-07-30 00:00:00+00:00,"El futuro de Bitcoin podría estar ligado al resultado de las elecciones estadounidenses, dice Jefferies"
2024-07-30,2024-07-30 00:00:00+00:00,2024-07-30 00:00:00+00:00,"BitClout Founder Sinisingil ng Wire Fraud, Civil Securities Charge"
2024-07-31,2024-07-31 00:00:00+00:00,2024-07-31 00:00:00+00:00,Bitcoin Price Shrugs Off Latest $2B Mt. Gox Transfer as Distribution Nears Its End
2024-07-31,2024-07-31 00:00:00+00:00,2024-07-31 00:00:00+00:00,"Traders Piling Into Bullish Bitcoin Bets for 2024 US Election, According to Analytics Firm Kaiko"
2024-07-31,2024-07-31 00:00:00+00:00,2024-07-31 00:00:00+00:00,"Tether Nets $5B Profits This Year, Says Its US Debt Holdings Surpassed Germany's"
2024-07-31,2024-07-31 00:00:00+00:00,2024-07-31 00:00:00+00:00,Central Bank Money Printing To Push Bitcoin Back Into Limelight and Above All-Time Highs: Top Trader
2024-07-31,2024-07-31 00:00:00+00:00,2024-07-31 00:00:00+00:00,BlackRock Executive Predicts Bitcoin and Ethereum Become Part of Model Portfolios by 2025
2024-08-01,2024-08-01 00:00:00+00:00,2024-08-01 00:00:00+00:00,Analyst Says XRP on Cusp of Bullish Breakout if It Can Break Through This Major Resistance Level
2024-08-01,2024-08-01 00:00:00+00:00,2024-08-01 00:00:00+00:00,"Solana on the Verge of a Breakout, Says Real Vision’s Jamie Coutts – Here’s His Outlook"
2024-08-01,2024-08-01 00:00:00+00:00,2024-08-01 00:00:00+00:00,"Trillions of Dollars To Flood Into Crypto Over the Coming Months, Says Bitwise CIO Matt Hougan – Here’s Why"
2024-08-01,2024-08-01 00:00:00+00:00,2024-08-01 00:00:00+00:00,Bitcoin Miner Marathon's Shares Tumble After Revenue Unexpectedly Misses Wall Street's Estimates
2024-08-01,2024-08-01 00:00:00+00:00,2024-08-01 00:00:00+00:00,"Trade Volume in US Bitcoin (BTC) Markets Picking Up, According to Analytics Firm Kaiko"
2024-08-02,2024-08-02 00:00:00+00:00,2024-08-02 00:00:00+00:00,Bitcoin Trading Sideways Is the 'Best Thing' for Long-Term Holders: eToro US Analyst
2024-08-02,2024-08-02 00:00:00+00:00,2024-08-02 00:00:00+00:00,MicroStrategy Bull Doubles Down on The Stock by Raising Price Target to Wall Street High
2024-08-02,2024-08-02 00:00:00+00:00,2024-08-02 00:00:00+00:00,"As Trump Suggests Crypto as a Fix to U.S. Debt, Harris Camp Highlights His Remarks"
2024-08-02,2024-08-02 00:00:00+00:00,2024-08-02 00:00:00+00:00,Morgan Stanley to Offer Bitcoin ETFs to Wealthy Clients: CNBC
2024-08-02,2024-08-02 00:00:00+00:00,2024-08-02 00:00:00+00:00,"Bitcoin Could Be Weeks Away From a New All-Time High, According to Michaël van de Poppe – But There’s a Catch"
2024-08-03,2024-08-03 00:00:00+00:00,2024-08-03 00:00:00+00:00,"Bitcoin Indicator That’s Previously Foreshadowed Major Upward Moves Flashing Bullish, Says Analyst Kevin Svenson"
2024-08-03,2024-08-03 00:00:00+00:00,2024-08-03 00:00:00+00:00,"Veteran Trader Peter Brandt Says Top-10 Altcoin Flashing Major Bearish Signal, Outlines Path Forward for Bitcoin"
2024-08-03,2024-08-03 00:00:00+00:00,2024-08-03 00:00:00+00:00,Crypto and Stock Prices Tumble on Friday As New Labor Report Reveals a Rising Unemployment Rate in the US
2024-08-03,2024-08-03 00:00:00+00:00,2024-08-03 00:00:00+00:00,‘Hand ’Em a Little Bitcoin’: Donald Trump Suggests Crypto Could Wipe Out US National Debt
2024-08-03,2024-08-03 00:00:00+00:00,2024-08-03 00:00:00+00:00,"Crypto Trader Issues Bitcoin Alert, Says BTC Could Plunge in a ‘Violent Move’ – Here Are His Targets"
2024-08-04,2024-08-04 00:00:00+00:00,2024-08-03 00:53:01+00:00,"Genesis begins distributing $4 billion in assets to creditors, creates legal fund to sue DCG, others"
2024-08-04,2024-08-04 00:00:00+00:00,2024-08-04 00:00:00+00:00,"$768,850,000 in Bitcoin and Crypto Liquidated in 12 Hours As Global Asset Dump Intensifies"
2024-08-04,2024-08-04 00:00:00+00:00,2024-08-04 00:00:00+00:00,"Crypto Crowd Keeping Their Wallets Closed As Bitcoin Threatens To Move Below $60,000: Santiment"
2024-08-04,2024-08-04 00:00:00+00:00,2024-08-04 00:00:00+00:00,"Bitcoin Plunges Under $60K; Crypto Bulls Lose $200M as Dogecoin, Solana Tokens Drop 10%"
2024-08-04,2024-08-04 00:00:00+00:00,2024-08-04 00:00:00+00:00,"Next Bitcoin Breakout Above This Key Level Should Trigger Serious FOMO, Says Crypto Strategist"
2024-08-05,2024-08-05 00:00:00+00:00,2024-08-05 00:00:00+00:00,Bitcoin Bounces to $53K After Brutal Sell-Off Reminiscent of Covid Crash
2024-08-05,2024-08-05 00:00:00+00:00,2024-08-05 00:00:00+00:00,Why Is Crypto Crashing Today?
2024-08-05,2024-08-05 00:00:00+00:00,2024-08-05 00:00:00+00:00,Trader Who Called May 2021 Collapse Says Bitcoin Setting Up for 4th Quarter ‘Fireworks’
2024-08-05,2024-08-05 00:00:00+00:00,2024-08-05 00:00:00+00:00,Kamala Harris Running Mates: Where Do the Top Candidates Stand on Crypto?
2024-08-05,2024-08-05 00:00:00+00:00,2024-08-05 00:00:00+00:00,"Clear Bearish Market Structure Flashing for SUI, NEAR and One Additional Altcoin, Says Crypto Analyst"
2024-08-06,2024-08-06 00:00:00+00:00,2024-08-06 00:00:00+00:00,"One Metric ‘Great To See’ Amid Massive Crypto Market Correction, According to Closely Followed Analyst"
2024-08-06,2024-08-06 00:00:00+00:00,2024-08-06 00:00:00+00:00,These Two Bitcoin Indicators Offer Light in a Gloomy Marke
2024-08-06,2024-08-06 00:00:00+00:00,2024-08-06 00:00:00+00:00,"Economist Henrik Zeberg Doubles Down on Massive Crypto Rally Call, Says Not Yet Time for Markets To Crash"
2024-08-06,2024-08-06 00:00:00+00:00,2024-08-06 00:00:00+00:00,"Bitcoin Jumps Above $56K, Solana Leads Recovery From Monday's Rout"
2024-08-06,2024-08-06 00:00:00+00:00,2024-08-06 00:00:00+00:00,Will Bitcoin Eat Everything Else? Jurrien Timmer Doesn’t See BTC Priced in Millions of Dollars – Here’s Why
2024-08-07,2024-08-07 00:00:00+00:00,2024-08-07 00:00:00+00:00,‘The Printer Cometh’ – Bitwise CIO Matt Hougan Says He’s Betting on Crypto Reversal After Market Crash
2024-08-07,2024-08-07 00:00:00+00:00,2024-08-07 00:00:00+00:00,"The Protocol: Death Cross, Dip Buying and Developer Nerves"
2024-08-07,2024-08-07 00:00:00+00:00,2024-08-07 00:00:00+00:00,Donald Trump Reiterates That the US Government Shouldn’t Be Selling Its Bitcoin (BTC)
2024-08-07,2024-08-07 00:00:00+00:00,2024-08-07 00:00:00+00:00,Crypto Turns Broadly Lower in U.S. Afternoon Trade as Stocks Give Away Gains
2024-08-07,2024-08-07 00:00:00+00:00,2024-08-07 00:00:00+00:00,Crypto Strategist Says Bitcoin Might ‘Speed Run’ Recovery and Rally As Fast as BTC Crashed
2024-08-08,2024-08-08 00:00:00+00:00,2024-08-08 00:00:00+00:00,Crypto for Advisors: Bitcoin and Lending
2024-08-08,2024-08-08 00:00:00+00:00,2024-08-08 00:00:00+00:00,"Trader Says Stellar (XLM) Rival Primed To Surge Against Bitcoin, Outlines Path Forward for Dogecoin and Ethereum"
2024-08-08,2024-08-08 00:00:00+00:00,2024-08-08 00:00:00+00:00,Economist Alex Krüger Says Repeat of March 2020-Style Recovery Likely Underway – Here’s Why
2024-08-08,2024-08-08 00:00:00+00:00,2024-08-08 00:00:00+00:00,Medical Data Company OneMedNet Latest to Pursue Bitcoin Treasury Strategy After Capital Raise
2024-08-08,2024-08-08 00:00:00+00:00,2024-08-08 00:00:00+00:00,"Opportunities Appearing for High-Quality Altcoins, According to Real Vision Analyst Jamie Coutts – Here’s Why"
2024-08-09,2024-08-09 00:00:00+00:00,2024-08-09 00:00:00+00:00,"Trader Peter Brandt Issues Bitcoin Alert, Predicts a 50% Chance BTC Falls Below $40,000 – Here’s the Timeline"
2024-08-09,2024-08-09 00:00:00+00:00,2024-08-09 00:00:00+00:00,"Bitcoin To Remain Bearish Until Major ‘Line in the Sand’ Is Reclaimed, Says Top Analyst – Here Are His Targets"
2024-08-09,2024-08-09 00:00:00+00:00,2024-08-09 00:00:00+00:00,Bitcoin Bulls Revisit $100K Year-End Target as BTC Spikes Over $62K
2024-08-09,2024-08-09 00:00:00+00:00,2024-08-09 00:00:00+00:00,Tether's USDT and Circle's USDC Combined Supply Grew $3B Amid Crypto Market Rebound
2024-08-09,2024-08-09 00:00:00+00:00,2024-08-09 00:00:00+00:00,Alcistas de bitcoin vuelven a la meta de $100.000  para fin de año
2024-08-10,2024-08-10 00:00:00+00:00,2024-08-09 14:21:38+00:00,Trump family plans crypto project to combat FED sparking stablecoin rumors
2024-08-10,2024-08-10 00:00:00+00:00,2024-08-09 19:14:10+00:00,"Analysts believe Bitcoin, Ethereum may face further downside in the short term"
2024-08-10,2024-08-10 00:00:00+00:00,2024-08-10 00:00:00+00:00,"This Layer-1 Altcoin Presents Solana-Like Opportunity, Could Be One of Fastest Horses in the Race: Raoul Pal"
2024-08-10,2024-08-10 00:00:00+00:00,2024-08-10 00:00:00+00:00,"Bitcoin Primed To Break Out and Explode by up to 86%, According to Analyst Kevin Svenson – Here’s the Timeline"
2024-08-10,2024-08-10 00:00:00+00:00,2024-08-10 00:00:00+00:00,"Crypto Analyst Issues Bitcoin Alert, Says There Will Be ‘Pretty Severe Consequences’ if BTC Falls Below This Level"
2024-08-11,2024-08-11 00:00:00+00:00,2024-08-10 01:44:23+00:00,California’s Santa Monica city launches Bitcoin office to bolster adoption
2024-08-11,2024-08-11 00:00:00+00:00,2024-08-11 00:00:00+00:00,"Bitcoin On-Chain Indicators Shifting Back to Bull Market, According to CryptoQuant CEO"
2024-08-11,2024-08-11 00:00:00+00:00,2024-08-11 00:00:00+00:00,California City Launches New ‘Bitcoin Office’ Dedicated to ‘Transformative Potential’ of BTC
2024-08-11,2024-08-11 00:00:00+00:00,2024-08-11 00:00:00+00:00,"Bitcoin Witnesses $1,700,000,000 in Weekly Net Outflows As Whales Load Up on BTC Amid Correction: IntoTheBlock"
2024-08-11,2024-08-11 00:00:00+00:00,2024-08-11 00:00:00+00:00,"Crypto Will Witness ‘Way More Aggressive Growth’ As Powerful People Take Digital Asset Positions, Says Preston Pysh"
2024-08-12,2024-08-12 00:00:00+00:00,2024-08-12 00:00:00+00:00,"Trader Says One Ethereum-Based Altcoin Set to Rapidly 2x in Price, Leaving Most Sidelined – Here’s His Forecast"
2024-08-12,2024-08-12 00:00:00+00:00,2024-08-12 00:00:00+00:00,Crypto Venture Money Rises in Second Quarter – But Number of Deals Shrinks: Report
2024-08-12,2024-08-12 00:00:00+00:00,2024-08-12 00:00:00+00:00,"Crypto Markets Need Looser Fed Policy Before Moving Higher, According to Analyst Benjamin Cowen"
2024-08-12,2024-08-12 00:00:00+00:00,2024-08-12 00:00:00+00:00,Spot Bitcoin ETFs Are a 'Godsend' for BTC Price: Analyst
2024-08-12,2024-08-12 00:00:00+00:00,2024-08-12 00:00:00+00:00,Kamala Harris Pulls Well Ahead of Trump on Polymarket
2024-08-13,2024-08-13 00:00:00+00:00,2024-08-13 00:00:00+00:00,"Hamster Combat Says It Skipped VC Fund Offers, Bashes 'Exit Liquidity' Behaviour"
2024-08-13,2024-08-13 00:00:00+00:00,2024-08-13 00:00:00+00:00,Asset Manager Grayscale Introduces Crypto Fund for MakerDAO's MKR
2024-08-13,2024-08-13 00:00:00+00:00,2024-08-13 00:00:00+00:00,First Mover Americas: BTC Muted After Crypto Goes Unmentioned in Musk-Trump Interview
2024-08-13,2024-08-13 00:00:00+00:00,2024-08-13 00:00:00+00:00,Bitcoin More Likely to Fall by $5K Than Rise by Same Amount: Analyst
2024-08-13,2024-08-13 00:00:00+00:00,2024-08-13 00:00:00+00:00,Crypto Wallet Holding $2B Mt. Gox Bitcoin Sends Test Transaction as Distribution Continues: Arkham
2024-08-14,2024-08-14 00:00:00+00:00,2024-08-14 00:00:00+00:00,"Nearly $600M of Silk Road Bitcoin Hits Coinbase Prime, but Not Necessarily to Sell"
2024-08-14,2024-08-14 00:00:00+00:00,2024-08-14 00:00:00+00:00,StratoVM Introduces DeFi Solutions Anchored in Bitcoin's Security
2024-08-14,2024-08-14 00:00:00+00:00,2024-08-14 00:00:00+00:00,"Crypto Trader Says Bitcoin Potentially Forming a Bullish Setup, Updates Outlook on Solana and Polygon"
2024-08-14,2024-08-14 00:00:00+00:00,2024-08-14 00:00:00+00:00,"Protocol Village: Wormhole Rolls Out 'Era3' Roadmap, XION Plans Token"
2024-08-14,2024-08-14 00:00:00+00:00,2024-08-14 00:00:00+00:00,Crypto is a 'Purple Issue': Circle's Jeremy Allaire
2024-08-15,2024-08-15 00:00:00+00:00,2024-08-15 00:00:00+00:00,Schumer Sets Stage for New Era of U.S. Crypto Politics
2024-08-15,2024-08-15 00:00:00+00:00,2024-08-15 00:00:00+00:00,"Wall Street Agrees Crypto Is 'Clearly' A Huge Election Issue, But Still Divided on Who Is Best for Industry"
2024-08-15,2024-08-15 00:00:00+00:00,2024-08-15 00:00:00+00:00,"Analyst Says Bitcoin Primed To Crash Below $50,000 if Major Level Holds, Updates Outlook on Sui and Helium"
2024-08-15,2024-08-15 00:00:00+00:00,2024-08-15 00:00:00+00:00,Bitcoin Tumbles Back Under $58K as Crypto Quickly Crumbles Thursday Afternoon
2024-08-15,2024-08-15 00:00:00+00:00,2024-08-15 00:00:00+00:00,"Long-Term Bitcoin Holders Accumulate Over $22,058,146,000 in BTC Over the Past Three Months, According to Glassnode"
2024-08-16,2024-08-16 00:00:00+00:00,2024-08-16 00:00:00+00:00,Analyst Benjamin Cowen Says Ethereum Primed To Go Up Against Bitcoin – Here’s the Timeline
2024-08-16,2024-08-16 00:00:00+00:00,2024-08-16 00:00:00+00:00,"$100,000 Bitcoin Incoming, According to Glassnode Co-Founders – But There’s a Catch"
2024-08-16,2024-08-16 00:00:00+00:00,2024-08-16 00:00:00+00:00,"Analyst Issues Ethereum Warning, Says ETH Could Be on the Verge of a Correction – Here Are His Targets"
2024-08-16,2024-08-16 00:00:00+00:00,2024-08-16 00:00:00+00:00,First Mover Americas: Crypto Trades Little Changed Following Thursday's Slide
2024-08-16,2024-08-16 00:00:00+00:00,2024-08-16 00:00:00+00:00,"Former President Donald Trump Owns More Than $1,000,000 in Crypto, Per Financial Disclosure"
2024-08-17,2024-08-17 00:00:00+00:00,2024-08-17 00:00:00+00:00,"Trader Says Bitcoin Could Crash by Nearly 20% if Major Support Level Fails, Updates Outlook on Ethereum and Aave"
2024-08-17,2024-08-17 00:00:00+00:00,2024-08-17 00:00:00+00:00,"South Korean Pension Fund Invests $32,500,000 in MicroStrategy As the US Firm Continues To Gobble Up Bitcoin"
2024-08-17,2024-08-17 00:00:00+00:00,2024-08-17 00:00:00+00:00,More Than 260 Additional Institutional Firms Invested in Spot Bitcoin ETFs in Q2: Crypto Intelligence Firm
2024-08-17,2024-08-17 00:00:00+00:00,2024-08-17 00:00:00+00:00,"Two Bitcoin Whales Emerge From More Than a Decade of Slumber To Move $11,000,000 Worth of BTC"
2024-08-17,2024-08-17 00:00:00+00:00,2024-08-17 00:00:00+00:00,"Bitcoin Veteran Adam Back Says BTC in Early Bull Market Phase, Could Explode by Over 700% – Here’s the Timeline"
2024-08-18,2024-08-18 00:00:00+00:00,2024-08-18 00:00:00+00:00,"Bitcoin Miners Shifting to Artificial Intelligence and High-Performance Computing, According to VanEck Analysts"
2024-08-18,2024-08-18 00:00:00+00:00,2024-08-18 00:00:00+00:00,"Trader Says Bitcoin and Crypto Witnessing Final Weeks of Pain, Predicts Big Breakout for Altcoin Market"
2024-08-18,2024-08-18 00:00:00+00:00,2024-08-18 00:00:00+00:00,‘Smart Money’ Investors Accumulating One OG Ethereum Ecosystem Altcoin: Defi Veteran Arthur Cheong
2024-08-19,2024-08-19 00:00:00+00:00,2024-08-19 00:00:00+00:00,"Bitcoin Is Approaching ‘Parabolic Phase’ of Market Cycle, According to Crypto Analyst – Here’s His Timeline"
2024-08-19,2024-08-19 00:00:00+00:00,2024-08-19 00:00:00+00:00,BlackRock’s Bitcoin ETF Holdings Surpass Grayscale’s for First Time: Arkham
2024-08-19,2024-08-19 00:00:00+00:00,2024-08-19 00:00:00+00:00,"$238,655,421 in Bitcoin Suddenly on the Move As Investigator Warns of Potential ‘Suspicious’ Transfer"
2024-08-19,2024-08-19 00:00:00+00:00,2024-08-19 00:00:00+00:00,"Robert Kiyosaki Says Bank Panics Are Invisible, Urges People To Safeguard Money in Gold, Bitcoin and Silver"
2024-08-19,2024-08-19 00:00:00+00:00,2024-08-19 00:00:00+00:00,Analyst Says One Altcoin That Rallied 278% Last Week Could Be Showing Crypto the Way – Here’s His Forecast
2024-08-20,2024-08-20 00:00:00+00:00,2024-08-20 00:00:00+00:00,"Top Analyst Predicts One More Leg Down for Altcoins Before Fresh Rallies, Updates Forecast on Bitcoin"
2024-08-20,2024-08-20 00:00:00+00:00,2024-08-20 00:00:00+00:00,Bitcoin superó los USD 61.000 y XRP lidera las ganancias entre las principales criptomonedas
2024-08-20,2024-08-20 00:00:00+00:00,2024-08-20 00:00:00+00:00,"80% of Short-Term Bitcoin Holders Currently Underwater on Positions, According to On-Chain Analyst"
2024-08-20,2024-08-20 00:00:00+00:00,2024-08-20 00:00:00+00:00,"Tether Mints Over $33,000,000,000 in USDT This Year on TRON and Ethereum: On-Chain Data"
2024-08-20,2024-08-20 00:00:00+00:00,2024-08-20 00:00:00+00:00,U.S.-Listed Bitcoin Miners Have the Upper Hand Over Unlisted Peers: Bernstein
2024-08-21,2024-08-21 00:00:00+00:00,2024-08-21 00:00:00+00:00,Top Republican Retains Hope U.S. Crypto Legislation Can Get Done This Year
2024-08-21,2024-08-21 00:00:00+00:00,2024-08-21 00:00:00+00:00,The Protocol: Now Everyone's Putting a Wrapper on Bitcoin
2024-08-21,2024-08-21 00:00:00+00:00,2024-08-21 00:00:00+00:00,"Protocol Village: Credbull Raises $5.2M, Aave Comes to ZKSync Era"
2024-08-21,2024-08-21 00:00:00+00:00,2024-08-21 00:00:00+00:00,"TradFi Underestimates Bitcoin's Enormous Scale, Franklin Templeton CEO Says"
2024-08-21,2024-08-21 00:00:00+00:00,2024-08-21 00:00:00+00:00,"Mt. Gox mueve USD 700 millones en bitcoin, que se mantiene en USD 59.000"
2024-08-22,2024-08-22 00:00:00+00:00,2024-08-22 00:00:00+00:00,"Bitcoin se tambalea y MATIC y LINK suben, mientras el mercado se debilita"
2024-08-22,2024-08-22 00:00:00+00:00,2024-08-22 00:00:00+00:00,Crypto for Advisors: Are Crypto SMAs Right for Institutions?
2024-08-22,2024-08-22 00:00:00+00:00,2024-08-22 00:00:00+00:00,"Bitcoin Transitioning Into Bull Market ‘Slowly but Surely,’ Says Crypto Analyst – Here’s the Timeline"
2024-08-22,2024-08-22 00:00:00+00:00,2024-08-22 00:00:00+00:00,"Crypto Trader Says Solana Rival Could Surge by 30%, Updates Outlook on Bitcoin, Polygon and Aave"
2024-08-22,2024-08-22 00:00:00+00:00,2024-08-22 00:00:00+00:00,Crypto Asset Manager Grayscale Offers AVAX Token Investment in New Avalanche Trust
2024-08-23,2024-08-23 00:00:00+00:00,2024-08-23 00:00:00+00:00,Former FTX Executive Ryan Salame Alleges the US Government Broke Its Promises After DOJ Charges His Partner
2024-08-23,2024-08-23 00:00:00+00:00,2024-08-23 00:00:00+00:00,Crypto Analyst Says Bitcoin Indicator Is Flashing a Bullish Signal – Here Are His Targets
2024-08-23,2024-08-23 00:00:00+00:00,2024-08-23 00:00:00+00:00,"Crypto Friendly RFK Jr. Drops White House Hunt, Will Lend Kennedy Name to Trump"
2024-08-23,2024-08-23 00:00:00+00:00,2024-08-23 00:00:00+00:00,"Bitcoin Surges to Nearly $64K, Adding to Gains as RFK Jr. Endorses Trump"
2024-08-23,2024-08-23 00:00:00+00:00,2024-08-23 00:00:00+00:00,First Mover Americas: Will BTC React to Powell’s Jackson Hole Speech?
2024-08-24,2024-08-24 00:00:00+00:00,2024-08-23 21:29:59+00:00,Bitcoin surges past $63k as Robert F. Kennedy Jr. withdraws and endorses Trump
2024-08-24,2024-08-24 00:00:00+00:00,2024-08-24 00:00:00+00:00,"‘There’s a Big Bull Rush Coming’ – Bitcoin and Ethereum on Course for Massive Gains, According to Dan Tapiero"
2024-08-24,2024-08-24 00:00:00+00:00,2024-08-24 00:00:00+00:00,"Hackers Behind DMM Crypto Exchange’s $305,000,000 Bitcoin Heist Move 850 BTC: Blockchain Security Firm"
2024-08-24,2024-08-24 00:00:00+00:00,2024-08-24 00:00:00+00:00,Crypto Markets and Equities Jump As U.S. Fed Chair Jerome Powell Alludes to Upcoming Rate Cuts
2024-08-24,2024-08-24 00:00:00+00:00,2024-08-24 00:00:00+00:00,"Analyst Says He’s ‘Pretty Confident’ All-Time High Run Starting for Bitcoin, Updates Outlook on Solana Rival"
2024-08-25,2024-08-25 00:00:00+00:00,2024-08-25 00:00:00+00:00,"PEPE Breakout Approaching As Memecoin ‘Deja Vu’ Price Action Unfolds, Says Top Trader"
2024-08-25,2024-08-25 00:00:00+00:00,2024-08-25 00:00:00+00:00,Top Trader Says One Level Stands in the Way of Fresh All-Time Highs for Bitcoin (BTC) – Here’s His Outlook
2024-08-25,2024-08-25 00:00:00+00:00,2024-08-25 00:00:00+00:00,Pro-Bitcoin Candidates Join Forces As Robert Kennedy Jr. Endorses Donald Trump To ‘Save Our Country’
2024-08-25,2024-08-25 00:00:00+00:00,2024-08-25 00:00:00+00:00,"Anthony Scaramucci Says Bitcoin Not a Store of Value Today, Sees Wall Street ‘Selling Machine’ Amping Up for BTC"
2024-08-25,2024-08-25 00:00:00+00:00,2024-08-25 00:00:00+00:00,"Markets Believe That Trump Will Win, Boosting Stocks and Bitcoin: Fundstrat’s Tom Lee"
2024-08-26,2024-08-26 00:00:00+00:00,2024-08-26 00:00:00+00:00,"Ether ETFs Have Bled Money, but That's Not the Whole Story"
2024-08-26,2024-08-26 00:00:00+00:00,2024-08-26 00:00:00+00:00,Risk Appetite Returning to Crypto Markets Following Mass Liquidations and Deleveraging: Bitfinex
2024-08-26,2024-08-26 00:00:00+00:00,2024-08-26 00:00:00+00:00,"Macro Conditions Look Bullish for Bitcoin As Massive Supply Overhang Now Mostly Settled, Says Analyst"
2024-08-26,2024-08-26 00:00:00+00:00,2024-08-26 00:00:00+00:00,"$533,000,000 Flows Into Crypto Products Following Hints of Fed Rate Cuts: CoinShares"
2024-08-26,2024-08-26 00:00:00+00:00,2024-08-26 00:00:00+00:00,"Next Crypto Rally Will Be the Real Breakout, Says Trader That Called 2022 Collapse"
2024-08-27,2024-08-27 00:00:00+00:00,2024-08-27 00:00:00+00:00,Bitcoin Mining Is So Rough a Miner Adopted Michael Saylor's Successful BTC Strategy
2024-08-27,2024-08-27 00:00:00+00:00,2024-08-27 00:00:00+00:00,Bitcoin Price Falls Below $59K Amid Broad Market Rout; Ether Slumps Almost 10%
2024-08-27,2024-08-27 00:00:00+00:00,2024-08-27 00:00:00+00:00,Цена Bitcoin упала ниже $59 тыс. на фоне обвала рынка; эфир падает почти на 10%
2024-08-27,2024-08-27 00:00:00+00:00,2024-08-27 00:00:00+00:00,"El mercado cripto ha sufrido desde que los ETFs de ether al contado comenzaron a cotizar, dijo el banco Citi"
2024-08-27,2024-08-27 00:00:00+00:00,2024-08-27 00:00:00+00:00,Avalon Labs CeDeFi Lending Reaches Over 30M in Bitcoin-Backed Loans in Just 2 Days
2024-08-28,2024-08-28 00:00:00+00:00,2024-08-28 00:00:00+00:00,"Large Crypto Traders Now Seeking Higher Returns Amid Signs of Capital Rotation to Altcoins, Says Santiment"
2024-08-28,2024-08-28 00:00:00+00:00,2024-08-28 00:00:00+00:00,Bitcoin Layer-2 Network Stacks Begins Nakamoto Upgrade
2024-08-28,2024-08-28 00:00:00+00:00,2024-08-28 00:00:00+00:00,"$324,000,000 in Liquidiations Hits Crypto Markets As Bitcoin Loses $60,000 Level"
2024-08-28,2024-08-28 00:00:00+00:00,2024-08-28 00:00:00+00:00,The Protocol: The Impact of Telegram CEO's Arrest on TON Blockchain
2024-08-28,2024-08-28 00:00:00+00:00,2024-08-28 00:00:00+00:00,"Protocol Village: Proof of Play Adds 'Boss' as 2nd Arbitrum Orbit Chain, Lombard Launches LBTC"
2024-08-29,2024-08-29 00:00:00+00:00,2024-08-29 00:00:00+00:00,Bitcoin retorna a USD 59.000 y los alcistas no logran superar la resistencia clave
2024-08-29,2024-08-29 00:00:00+00:00,2024-08-29 00:00:00+00:00,"Ancient Bitcoin Address Awakens After Lying Low Since 2011, Moves $4,142,580 in BTC at 6,426,507% Profit"
2024-08-29,2024-08-29 00:00:00+00:00,2024-08-29 00:00:00+00:00,"El Salvador's Bukele Says Bitcoin Strategy a 'Net Positive,' but Adoption Lags"
2024-08-29,2024-08-29 00:00:00+00:00,2024-08-29 00:00:00+00:00,Bitcoin Returns to $59K as Bulls Fail to Flip Key Resistance; AI Cryptos Lead Losses
2024-08-29,2024-08-29 00:00:00+00:00,2024-08-29 00:00:00+00:00,"Crypto Trader Says Ethereum on Cusp of Breaking Out, Updates Outlook on Bitcoin and One DeFi Altcoin"
2024-08-30,2024-08-30 00:00:00+00:00,2024-08-30 00:00:00+00:00,Breaking Down Bitcoin's Selling Pressure
2024-08-30,2024-08-30 00:00:00+00:00,2024-08-30 00:00:00+00:00,Analyst Michaël van de Poppe Says Ethereum Is Flashing a Bullish Signal Against Bitcoin – Here Are His Targets
2024-08-30,2024-08-30 00:00:00+00:00,2024-08-30 00:00:00+00:00,Bitcoin (BTC) Mining in Texas Increases by 30% in August As Electricity Prices Plummet
2024-08-30,2024-08-30 00:00:00+00:00,2024-08-30 00:00:00+00:00,"Bitcoin Slips Back to $58K in Continued Desultory Action, but Next Week Could Offer Upside Excitement"
2024-08-30,2024-08-30 00:00:00+00:00,2024-08-30 00:00:00+00:00,BlackRock’s iShares Bitcoin Trust (IBIT) Suffers Outflows for the Second Time Since Launching: BTC ETF Flow Data
2024-08-31,2024-08-31 00:00:00+00:00,2024-08-30 18:35:00+00:00,Satoshi-Era Bitcoin Address Activated After More Than 13 Years
2024-08-31,2024-08-31 00:00:00+00:00,2024-08-30 21:39:36+00:00,"Elon Musk Doubles Down On US Bankruptcy Warning, Bitcoin To The Rescue?"
2024-08-31,2024-08-31 00:00:00+00:00,2024-08-31 00:00:00+00:00,"Altcoins Could Do Well if Republicans Win, Bitcoin the Safe Bet if Democrats Retake White House: Alex Krüger"
2024-08-31,2024-08-31 00:00:00+00:00,2024-08-31 00:00:00+00:00,"Trader Says Memecoin That’s Up Over 15,000% Year-to-Date Still Looks Pretty Strong, Updates Outlook on Bitcoin"
2024-08-31,2024-08-31 00:00:00+00:00,2024-08-31 00:00:00+00:00,Investor Anthony Pompliano Says Bitcoin To Start To ‘Pick Up’ After Sideways Summer – Here’s His Timeline
2024-09-01,2024-09-01 00:00:00+00:00,2024-08-31 13:08:27+00:00,"Bitcoin Whale Accumulation Surges, Key September Events to Watch"
2024-09-01,2024-09-01 00:00:00+00:00,2024-08-31 16:58:26+00:00,"Trump’s pro-Bitcoin stance helps secure 12-point lead over Harris, FDU poll finds"
2024-09-01,2024-09-01 00:00:00+00:00,2024-09-01 00:00:00+00:00,Crypto Trader Unveils ‘Ultimate’ Target for Bitcoin Price Before Reversal – Here’s His Outlook
2024-09-01,2024-09-01 00:00:00+00:00,2024-09-01 00:00:00+00:00,"Whales and Sharks Gobble Up Over $7,863,000,000 in Bitcoin As ‘Impatient’ Traders Drop Their Holdings: Santiment"
2024-09-01,2024-09-01 00:00:00+00:00,2024-09-01 00:00:00+00:00,"Trader Says Old Halving-Based Bitcoin Cycles Have Likely Ended, Sees BTC Price Behaviour Drastically Changing"
2024-09-02,2024-09-02 00:00:00+00:00,2024-09-02 00:00:00+00:00,"Bitcoin відновився до 58,3 тисячі доларів на початку сезонно зниженого вересня"
2024-09-02,2024-09-02 00:00:00+00:00,2024-09-02 00:00:00+00:00,Circle CEO Jeremy Allaire Says ‘More Suprises to Come’ in Crypto Industry – Here’s Why
2024-09-02,2024-09-02 00:00:00+00:00,2024-09-02 00:00:00+00:00,Metaplanet Teams Up With SBI VC Trade for Bitcoin Custody
2024-09-02,2024-09-02 00:00:00+00:00,2024-09-02 00:00:00+00:00,"Bitcoin восстановился до $58,3 тыс. в начале сезонно-медвежьего сентября"
2024-09-02,2024-09-02 00:00:00+00:00,2024-09-02 00:00:00+00:00,"Federal Trade Commission Issues Warning on Crypto ATM Scams, Says Victims Losing $10,000 on Average: Report"
2024-09-03,2024-09-03 00:00:00+00:00,2024-09-03 00:00:00+00:00,‘Proceed With Caution’ – Analyst Warns Multiple On-Chain Metrics Signaling Lower Investor Interest in Bitcoin
2024-09-03,2024-09-03 00:00:00+00:00,2024-09-03 00:00:00+00:00,DeFi Protocol Penpie Exploited for $27M of Crypto Assets; PNP Token Craters 40%
2024-09-03,2024-09-03 00:00:00+00:00,2024-09-03 00:00:00+00:00,Inside the Trump Crypto Project Linked to a $2M DeFi Hack and Former Pick-Up Artist
2024-09-03,2024-09-03 00:00:00+00:00,2024-09-03 00:00:00+00:00,Bitfinex Says ‘Sell-The-News’ Reaction to Rate Cuts Could Push Crypto Markets Down in September
2024-09-03,2024-09-03 00:00:00+00:00,2024-09-03 00:00:00+00:00,"‘Absolutely Abysmal’ – Top Trader Warns Solana Looking Horrid, Says SOL Forming Top Against Bitcoin"
2024-09-04,2024-09-04 00:00:00+00:00,2024-09-04 00:00:00+00:00,"Willy Woo Updates Bitcoin Outlook, Says Bearish Chapter for BTC Moving to New Phase"
2024-09-04,2024-09-04 00:00:00+00:00,2024-09-04 00:00:00+00:00,"Markets Expecting Bearish September – Making It Less Likely To Happen, Say Glassnode Founders"
2024-09-04,2024-09-04 00:00:00+00:00,2024-09-04 00:00:00+00:00,"Bitcoin Posts Negligible Bounce, but Extreme Fear Suggests Larger Rebound in Store"
2024-09-04,2024-09-04 00:00:00+00:00,2024-09-04 00:00:00+00:00,Nigeria’s Crypto Thaw: Not What It Seems
2024-09-04,2024-09-04 00:00:00+00:00,2024-09-04 00:00:00+00:00,"La rentabilidad de la minería de bitcoin está en mínimos históricos, según JPMorgan"
2024-09-05,2024-09-05 00:00:00+00:00,2024-09-05 00:00:00+00:00,Illiquid Bitcoin Now Accounts for a Record 74% of BTC's Circulating Supply
2024-09-05,2024-09-05 00:00:00+00:00,2024-09-05 00:00:00+00:00,"This Factor Could Push Bitcoin and Ethereum to New All-Time Highs, Says Coin Bureau’s Guy Turner"
2024-09-05,2024-09-05 00:00:00+00:00,2024-09-05 00:00:00+00:00,Aptos Leads Losses as Crypto Weakness Continues; Coinbase Shares Fall to 7-Month Lows
2024-09-05,2024-09-05 00:00:00+00:00,2024-09-05 00:00:00+00:00,"Bitcoin Edging Toward Massive Breakout, According to Trader That Called May 2021 Collapse"
2024-09-05,2024-09-05 00:00:00+00:00,2024-09-05 00:00:00+00:00,Bitcoin vuelve a caer por debajo de USD 57.000 mientras continúan las ventas al alza
2024-09-06,2024-09-06 00:00:00+00:00,2024-09-06 00:00:00+00:00,"Coinbase, Robinhood Upgraded by Barclays Analyst, Citing 'Matured' Business Models"
2024-09-06,2024-09-06 00:00:00+00:00,2024-09-06 00:00:00+00:00,Bitcoin sobe e depois cai abaixo de US$ 54 mil enquanto relatório de empregos estimula volatilidade de Cripto
2024-09-06,2024-09-06 00:00:00+00:00,2024-09-06 00:00:00+00:00,Is Bitcoin Losing Its Bullish Momentum?
2024-09-06,2024-09-06 00:00:00+00:00,2024-09-06 00:00:00+00:00,"Bitcoin Could Plunge by Double Digits After Failed Breakout, According to Justin Bennett – Here’s His Outlook"
2024-09-06,2024-09-06 00:00:00+00:00,2024-09-06 00:00:00+00:00,"Ancient Bitcoin Address Comes Alive After Lying Dormant Since 2012, Moves $1,810,404 in BTC at 487,122% Profit"
2024-09-07,2024-09-07 00:00:00+00:00,2024-09-07 00:00:00+00:00,‘There Is No Demand Growth’: CryptoQuant Analyst Outlines Factors Behind Bitcoin (BTC) Slump
2024-09-07,2024-09-07 00:00:00+00:00,2024-09-07 00:00:00+00:00,"Trader Forecasts 20% Bitcoin Fall, Updates Outlook on Solana Rival That ‘Still Looks Good’ and One More Altcoin"
2024-09-07,2024-09-07 00:00:00+00:00,2024-09-07 00:00:00+00:00,"Analyst Says Top Ethereum Competitor To Plunge by Over 36% Before Bouncing Higher, Updates Outlook on Bitcoin"
2024-09-07,2024-09-07 00:00:00+00:00,2024-09-07 00:00:00+00:00,‘Bitcoin Surge Is Close’: Crypto Analyst Michaël van de Poppe Says BTC Primed for a Massive Rally – Here’s Why
2024-09-07,2024-09-07 00:00:00+00:00,2024-09-07 00:00:00+00:00,"Veteran Trader Peter Brandt Issues Bitcoin Alert, Says BTC Forming Bearish Pattern – Here Are His Targets"
2024-09-08,2024-09-08 00:00:00+00:00,2024-09-07 20:00:00+00:00,"Mike Novogratz's Galaxy Digital Sells $89 Million in Bitcoin, Community Stunned"
2024-09-08,2024-09-08 00:00:00+00:00,2024-09-08 00:00:00+00:00,Trader Who Nailed Pre-Halving Bitcoin Correction Outlines Worst-Case Scenario for BTC– Here’s His Forecast
2024-09-08,2024-09-08 00:00:00+00:00,2024-09-08 00:00:00+00:00,"‘We’ve Barely Started’ – Analyst Predicts Craziest Bull Market Yet, Unveils Timeline for Massive Crypto Surges"
2024-09-08,2024-09-08 00:00:00+00:00,2024-09-08 00:00:00+00:00,Legendary Trader Peter Brandt Says Bitcoin Hinting at ‘Massive’ Outperformance of Gold
2024-09-08,2024-09-08 00:00:00+00:00,2024-09-08 00:00:00+00:00,"Crypto Markets Forming Huge Bear Trap Before Ascent Into Euphoria, According to Crypto Analyst"
2024-09-09,2024-09-09 00:00:00+00:00,2024-09-09 00:00:00+00:00,U.S. Already Got the 'Lion's Share' of the Spot Bitcoin ETFs: Samson Mow
2024-09-09,2024-09-09 00:00:00+00:00,2024-09-09 00:00:00+00:00,"Crypto Strategist Says Seller Exhaustion in Sight for Bitcoin, Predicts Subsequent Price Rebound for BTC"
2024-09-09,2024-09-09 00:00:00+00:00,2024-09-09 00:00:00+00:00,"Bitcoin Retakes $57K, but Potential Positive Catalysts Are 'Sparse,' Says NYDIG"
2024-09-09,2024-09-09 00:00:00+00:00,2024-09-09 00:00:00+00:00,"Crypto Whale Facing Liquidation of $26,470,000 WBTC Position on Compound: Lookonchain"
2024-09-09,2024-09-09 00:00:00+00:00,2024-09-09 00:00:00+00:00,"Michael Saylor Says Republicans Have More 'Progressive’ View on Crypto, Democrats ‘Drifting to the Middle’"
2024-09-10,2024-09-10 00:00:00+00:00,2024-09-10 00:00:00+00:00,"Bitcoin ETFs Are Fine Despite Suffering Their Worst String of Outflows, Says Expert"
2024-09-10,2024-09-10 00:00:00+00:00,2024-09-10 00:00:00+00:00,Core Scientific Is Uniquely Placed to Deliver AI Data Center Scale in the Near Term: Bernstein
2024-09-10,2024-09-10 00:00:00+00:00,2024-09-10 00:00:00+00:00,Ethena's Yield Machine Sees $1B Outflows as Crypto Market Cools – But There's Good News
2024-09-10,2024-09-10 00:00:00+00:00,2024-09-10 00:00:00+00:00,Bitcoin Trading Volume Jumped to $2.8T in January to August Period
2024-09-10,2024-09-10 00:00:00+00:00,2024-09-10 00:00:00+00:00,"Russian Bitcoin Miners Mine Over $3,000,000,000 Worth of BTC in 2023, According to Industry Insiders: Report"
2024-09-11,2024-09-11 00:00:00+00:00,2024-09-11 00:00:00+00:00,Here’s When Bitcoin Could End Its Consolidation Period and Kick Off New Leg Up: Jason Pizzino
2024-09-11,2024-09-11 00:00:00+00:00,2024-09-11 00:00:00+00:00,Fidelity Says Stablecoins Will Drive ‘Divergence’ Between Bitcoin and Ethereum – Here’s Why
2024-09-11,2024-09-11 00:00:00+00:00,2024-09-11 00:00:00+00:00,Protocol Village: Flight-Tracking DePIN Protocol Wingbits Raises $3.5M
2024-09-11,2024-09-11 00:00:00+00:00,2024-09-11 00:00:00+00:00,"U.S. Core Inflation Rose 0.3% in August, Faster Than Anticipated"
2024-09-11,2024-09-11 00:00:00+00:00,2024-09-11 00:00:00+00:00,Bitcoin ETFs Bled $1.2B of Outflows in Longest Streak of Outflows
2024-09-12,2024-09-12 00:00:00+00:00,2024-09-12 00:00:00+00:00,"EToro Reaches $1.5M SEC Settlement, Agrees to Stop Trading Most Cryptocurrencies"
2024-09-12,2024-09-12 00:00:00+00:00,2024-09-12 00:00:00+00:00,Wrapped Bitcoin Coinbase cbBTC
2024-09-12,2024-09-12 00:00:00+00:00,2024-09-12 00:00:00+00:00,Wrapped Bitcoin cbBTC Coinbase починає працювати
2024-09-12,2024-09-12 00:00:00+00:00,2024-09-12 00:00:00+00:00,Naging Live ang Wrapped Bitcoin cbBTC ng Coinbase
2024-09-12,2024-09-12 00:00:00+00:00,2024-09-12 00:00:00+00:00,EToro Settles With the SEC: Industry Lawyers React
2024-09-13,2024-09-13 00:00:00+00:00,2024-09-13 00:00:00+00:00,"Bitcoin se acerca a USD 60.000 y probablemente tenga más margen de recuperación, según un analista"
2024-09-13,2024-09-13 00:00:00+00:00,2024-09-13 00:00:00+00:00,"Bitcoin Eyes $60K and Likely Haa More Room to Rally, Analyst Says"
2024-09-13,2024-09-13 00:00:00+00:00,2024-09-13 00:00:00+00:00,MicroStrategy Goes on Biggest Bitcoin (BTC) Buying Spree Since 2021: Report
2024-09-13,2024-09-13 00:00:00+00:00,2024-09-13 00:00:00+00:00,"Crypto Trader Says Bitcoin Short Squeeze Imminent, Shares ‘Honest’ Opinion on BTC Progress"
2024-09-13,2024-09-13 00:00:00+00:00,2024-09-13 00:00:00+00:00,Polygon's POL (MATIC) Token Spikes 15% on Binance Listing
2024-09-14,2024-09-14 00:00:00+00:00,2024-09-13 20:56:06+00:00,US SEC Halts All Crypto Trading Except These 3 Top Coins: Report
2024-09-14,2024-09-14 00:00:00+00:00,2024-09-14 00:00:00+00:00,"Crypto Trader Issues Bitcoin Alert, Says BTC Could Crash by up to 47% From Current Level – Here’s Why"
2024-09-14,2024-09-14 00:00:00+00:00,2024-09-14 00:00:00+00:00,‘We’re Going To Have a Strong October’: Analyst Says Bitcoin Primed To Rally Next Month – Here Are His Targets
2024-09-14,2024-09-14 00:00:00+00:00,2024-09-14 00:00:00+00:00,"Bitcoin Could Skyrocket by Up to 890% This Cycle, Says Analyst Michaël van de Poppe – Here Are His Targets"
2024-09-14,2024-09-14 00:00:00+00:00,2024-09-14 00:00:00+00:00,"Analyst Says Altcoin That’s Exploded Over 6,400% in One Year ‘Still Looks Strong,’ Updates Outlook on Dogecoin"
2024-09-15,2024-09-15 00:00:00+00:00,2024-09-14 20:45:47+00:00,"Bitcoin ETFs Record Over $400M Inflows, $62K BTC Price In Sight?"
2024-09-15,2024-09-15 00:00:00+00:00,2024-09-15 00:00:00+00:00,"Crypto Strategist Hints at Rallies for Dogecoin and Altcoins, Says Alt Market Goes As DOGE Goes"
2024-09-15,2024-09-15 00:00:00+00:00,2024-09-15 00:00:00+00:00,Venture Capitalist Chris Burniske Says Subtle Signs of Crypto Bull Market Flashing Amid Depressed Sentiment
2024-09-15,2024-09-15 00:00:00+00:00,2024-09-15 00:00:00+00:00,Analyst Benjamin Cowen Predicts Altcoin Bleed-Out Toward End of the Year – Here’s Why
2024-09-15,2024-09-15 00:00:00+00:00,2024-09-15 00:00:00+00:00,"‘This Is How Bottoms Are Formed’ – Analyst Predicts Bitcoin Comeback, Says New BTC All-Time High Around the Corner"
2024-09-16,2024-09-16 00:00:00+00:00,2024-09-16 00:00:00+00:00,"CryptoQuant CEO ‘Genuinely Concerned’ About Industry, Says Crypto Failing Traders and Builders – Here’s Why"
2024-09-16,2024-09-16 00:00:00+00:00,2024-09-16 00:00:00+00:00,"Coinbase’s New Wrapped Bitcoin Token Goes Live, Hitting $100,000,000 Market Cap in First Day"
2024-09-16,2024-09-16 00:00:00+00:00,2024-09-16 00:00:00+00:00,Michael Saylor's MicroStrategy Plans Another $700M Convertible Note Issuance
2024-09-16,2024-09-16 00:00:00+00:00,2024-09-16 00:00:00+00:00,Another Bitcoin Miner Adopts MicroStrategy's Playbook of Buying BTC in Open Market
2024-09-16,2024-09-16 00:00:00+00:00,2024-09-16 00:00:00+00:00,"Bitcoin Mining Profitability Remains at All-Time Lows as Prices Fall, Hashrate Rises, JPMorgan Says"
2024-09-17,2024-09-17 00:00:00+00:00,2024-09-17 00:00:00+00:00,Analyst Says Bitcoin Making ‘All the Right Technical Steps’ As BTC Starts Week Off With Rallies
2024-09-17,2024-09-17 00:00:00+00:00,2024-09-17 00:00:00+00:00,BlackRock's Bitcoin ETF Monday Posted First Net Inflows in 14 Days
2024-09-17,2024-09-17 00:00:00+00:00,2024-09-17 00:00:00+00:00,"Bután, un pequeño país con un PIB de USD 3000 millones, posee más de USD 780 millones en bitcoin"
2024-09-17,2024-09-17 00:00:00+00:00,2024-09-17 00:00:00+00:00,"Bitcoin Gains 5% to $61K Ahead of Fed, but Order Books Suggest Rally Could Be Capped"
2024-09-17,2024-09-17 00:00:00+00:00,2024-09-17 00:00:00+00:00,"Brian Armstrong, ETF Experts Shoot Down 'Paper Bitcoin' Rumors"
2024-09-18,2024-09-18 00:00:00+00:00,2024-09-18 00:00:00+00:00,"La Fed réduit ses taux d'intérêt de 50 points de base, le Bitcoin atteint brièvement 61 000 dollars"
2024-09-18,2024-09-18 00:00:00+00:00,2024-09-18 00:00:00+00:00,"La Fed taglia i tassi di interesse di 50 punti base, Bitcoin raggiunge brevemente i 61.000 $"
2024-09-18,2024-09-18 00:00:00+00:00,2024-09-18 00:00:00+00:00,"Bitcoin Currently Forming a Bullish Chart Pattern, According to On-Chain Analyst Willy Woo – But There’s a Catch"
2024-09-18,2024-09-18 00:00:00+00:00,2024-09-18 00:00:00+00:00,"The Protocol: How Winklevii Taught Dad BTC, Wild Flight to Singapore"
2024-09-18,2024-09-18 00:00:00+00:00,2024-09-18 00:00:00+00:00,"ФРС знижує процентні ставки на 50 базисних пунктів, Bitcoin ненадовго досяг 61 тисячі доларів"
2024-09-19,2024-09-19 00:00:00+00:00,2024-09-19 00:00:00+00:00,"Bitcoin's Breakout to New Highs Could Be Near, Past Market Cycles Suggest"
2024-09-19,2024-09-19 00:00:00+00:00,2024-09-19 00:00:00+00:00,Bitcoin Faces Key Test at $64K as Altcoins Lead Crypto Rally; Options Traders Bet on $70K BTC Next Month
2024-09-19,2024-09-19 00:00:00+00:00,2024-09-19 00:00:00+00:00,"German Government Shuts Down 47 Exchanges, Says They're Tied To ‘Illegal Activity’"
2024-09-19,2024-09-19 00:00:00+00:00,2024-09-19 00:00:00+00:00,"DeFi Lender Sky Ratifies Plan to Offboard Wrapped Bitcoin, Due to Sun Concerns"
2024-09-19,2024-09-19 00:00:00+00:00,2024-09-19 00:00:00+00:00,Maximizing Bitcoin per Share: A New Corporate Strategy
2024-09-20,2024-09-20 00:00:00+00:00,2024-09-20 00:00:00+00:00,"Bitcoin Price and Hashrate Divergence May Set the Scene for a Potential Rally, Historical Data Shows"
2024-09-20,2024-09-20 00:00:00+00:00,2024-09-20 00:00:00+00:00,"MicroStrategy збільшує авуари Bitcoin шляхом купівлі на 458 мільйонів доларів США, збільшення пропозиції конвертованих банкнот до 1 мільярда доларів США"
2024-09-20,2024-09-20 00:00:00+00:00,2024-09-20 00:00:00+00:00,"MicroStrategy увеличивает активы Bitcoin , покупая их на сумму 458 млн долларов и увеличивая предложение конвертируемых облигаций до 1 млрд долларов"
2024-09-20,2024-09-20 00:00:00+00:00,2024-09-20 00:00:00+00:00,"Pinapalakas ng MicroStrategy ang Bitcoin Holdings Sa $458M na Pagbili, Upsized Convertible Note na Nag-aalok sa $1B"
2024-09-20,2024-09-20 00:00:00+00:00,2024-09-20 00:00:00+00:00,MicroStrategy aumenta participações em Bitcoin com compra de US$ 458 milhões e oferta de notas conversíveis ampliada para US$ 1 bilhão
2024-09-21,2024-09-21 00:00:00+00:00,2024-09-20 19:51:00+00:00,MicroStrategy's Saylor Shares Stunningly Bullish Bitcoin Rumor
2024-09-21,2024-09-21 00:00:00+00:00,2024-09-21 00:00:00+00:00,"MicroStrategy Continues Bitcoin-Buying Spree, Purchases an Additional $458,200,000 Worth of BTC"
2024-09-21,2024-09-21 00:00:00+00:00,2024-09-21 00:00:00+00:00,"‘Most Reliable’ Bitcoin Signal Flashing Green, According to Crypto Analyst Kevin Svenson – Here’s His Outlook"
2024-09-21,2024-09-21 00:00:00+00:00,2024-09-21 00:00:00+00:00,"Ancient Bitcoin Addresses Abruptly Wake Up After Lying Low Since 2009, Move 250 BTC at 8,000,000,000%+ Profit"
2024-09-21,2024-09-21 00:00:00+00:00,2024-09-21 00:00:00+00:00,"Ethereum Could Bottom Out Relatively Soon Against Bitcoin, Says Analyst Benjamin Cowen – Here Are His Targets"
2024-09-22,2024-09-22 00:00:00+00:00,2024-09-22 00:00:00+00:00,"Ethereum in Its ‘Final Stages of Capitulation’ Against Bitcoin, According to Analyst Benjamin Cowen"
2024-09-22,2024-09-22 00:00:00+00:00,2024-09-22 00:00:00+00:00,"Two California Men Arrested by Feds for Allegedly Stealing $250,000,000 in Bitcoin From Washington D.C. Victim"
2024-09-22,2024-09-22 00:00:00+00:00,2024-09-22 00:00:00+00:00,"Best Opportunity for Bitcoin? BTC Post Halving Re-Accumulation Setup Forming, According to Analyst Willy Woo"
2024-09-22,2024-09-22 00:00:00+00:00,2024-09-22 00:00:00+00:00,"Investor Chris Burniske Says Crypto Emerging From ‘Early Bull’ Reset, Sees Favorable Conditions for Asset Class"
2024-09-22,2024-09-22 00:00:00+00:00,2024-09-22 00:00:00+00:00,"‘It Has To Be Now’ – Raoul Pal Unveils Massive Bitcoin Price Target, Says BTC Repeating 2023 Rally ‘Perfectly’"
2024-09-23,2024-09-23 00:00:00+00:00,2024-09-23 00:00:00+00:00,"Ether supera a bitcoin al término de TOKEN2049, mientras que el mercado de criptomonedas en general se mantiene plano"
2024-09-23,2024-09-23 00:00:00+00:00,2024-09-23 00:00:00+00:00,"Coinbase New Wrapped Bitcoin (cbBTC) Coming to Solana, Says Crypto Exchange’s Executive"
2024-09-23,2024-09-23 00:00:00+00:00,2024-09-23 00:00:00+00:00,Gold and Bitcoin ‘Very Well Positioned’ for Rallies Amid Worsening US Fiscal Predicament: Macro Guru Luke Gromen
2024-09-23,2024-09-23 00:00:00+00:00,2024-09-23 00:00:00+00:00,Digital Asset Funds See Second Consecutive Week of Inflows: CoinShares
2024-09-23,2024-09-23 00:00:00+00:00,2024-09-23 00:00:00+00:00,"Crypto Products See $321,000,000 in Institutional Capital During Second Consecutive Week of Inflows: CoinShares"
2024-09-24,2024-09-24 00:00:00+00:00,2024-09-24 00:00:00+00:00,Minero de bitcoin en 2009 está realizando movimientos al exchange de criptomonedas Kraken
2024-09-24,2024-09-24 00:00:00+00:00,2024-09-24 00:00:00+00:00,PlanB Says Only Matter of Time Before Bitcoin Explodes Upward – Here’s His Outlook
2024-09-24,2024-09-24 00:00:00+00:00,2024-09-24 00:00:00+00:00,"Bitfinex Issues Altcoin Warning, Says ‘Concerning’ Indicator Warranting Caution Despite Rallies"
2024-09-24,2024-09-24 00:00:00+00:00,2024-09-24 00:00:00+00:00,First Mover Americas: Bitcoin Little Changed in Face of PBOC Rate Cut
2024-09-24,2024-09-24 00:00:00+00:00,2024-09-24 00:00:00+00:00,Mas Naka-link ang Bitcoin Sa US Fed kaysa sa China PBOC: Presto Research
2024-09-25,2024-09-25 00:00:00+00:00,2024-09-25 00:00:00+00:00,Bitcoin ETFs Remove Nearly Five Times Daily Supply as Ethereum ETFs See Strong Rebound
2024-09-25,2024-09-25 00:00:00+00:00,2024-09-25 00:00:00+00:00,"Bitcoin's $5.8B Quarterly Options Expiry May Spark Market Swings, Deribit Says"
2024-09-25,2024-09-25 00:00:00+00:00,2024-09-25 00:00:00+00:00,"Bitcoin Strength Continues on U.S, China Easing; Floki Bot Crosses Trading Milestone"
2024-09-25,2024-09-25 00:00:00+00:00,2024-09-25 00:00:00+00:00,"History Suggests ‘It’s Breakout Time’ for Bitcoin, According to Closely Followed Crypto Analyst"
2024-09-25,2024-09-25 00:00:00+00:00,2024-09-25 00:00:00+00:00,"Bitcoin (BTC) Bullish Setup Awaiting Confirmation, Says Veteran Trader John Bollinger"
2024-09-26,2024-09-26 00:00:00+00:00,2024-09-26 00:00:00+00:00,"Bitcoin Hits $65K for First Time Since Early August, Renewing Investor Interest in Spot ETFs"
2024-09-26,2024-09-26 00:00:00+00:00,2024-09-26 00:00:00+00:00,Mind Network Secures $10 Million in Pre-A Round Funding to Continually Build FHE (Fully Homomorphic Encryption) Layer
2024-09-26,2024-09-26 00:00:00+00:00,2024-09-26 00:00:00+00:00,SEC Announces Settlement With TrueCoin and TrustToken Over TUSD Charges
2024-09-26,2024-09-26 00:00:00+00:00,2024-09-26 00:00:00+00:00,Trader Says Bitcoin Set To Rip Past Six-Figures After US Election – Here’s His Price Path
2024-09-26,2024-09-26 00:00:00+00:00,2024-09-26 00:00:00+00:00,First Mover Americas: Bitcoin Regains $64K as ETF Flow Trends Flip Positive
2024-09-27,2024-09-27 00:00:00+00:00,2024-09-27 00:00:00+00:00,Coinbase Teases Coinbase Wrapped Bitcoin (cbBTC) Expansion to Ethereum (ETH) Rival Arbitrum (ARB)
2024-09-27,2024-09-27 00:00:00+00:00,2024-09-27 00:00:00+00:00,"Dogecoin Competitor That’s Skyrocketed Over 150,000% in Ten Months on Cusp of New Uptrend, According to Analyst"
2024-09-27,2024-09-27 00:00:00+00:00,2024-09-27 00:00:00+00:00,Bitcoin Prices Show Positive 30-Day Correlation With China's Central Bank Balance Sheet
2024-09-27,2024-09-27 00:00:00+00:00,2024-09-27 00:00:00+00:00,"Economist Henrik Zeberg Says Solana-Based Altcoin Could Skyrocket by Nearly 1,000% in a ‘Matter of Weeks’"
2024-09-27,2024-09-27 00:00:00+00:00,2024-09-27 00:00:00+00:00,MicroStrategy 2X Leveraged ETF Sees Massive Inflows In First Week Of Trading As MSTR Outperforms Bitcoin
2024-09-28,2024-09-28 00:00:00+00:00,2024-09-28 00:00:00+00:00,"Bitcoin (BTC) Looks Primed for a Correction, According to Crypto Analytics Firm Santiment – Here’s Why"
2024-09-28,2024-09-28 00:00:00+00:00,2024-09-28 00:00:00+00:00,"Bitcoin Likely To Explode To Up to $100,000 Before the End of 2024, Says Michaël van de Poppe – Here’s Why"
2024-09-28,2024-09-28 00:00:00+00:00,2024-09-28 00:00:00+00:00,"Crypto Trader Says One Low-Cap Altcoin Has ‘Way More Upside,’ Updates Outlook on Bitcoin and dogwifhat"
2024-09-28,2024-09-28 00:00:00+00:00,2024-09-28 00:00:00+00:00,"Things Are About To Get ‘Silly’ With Memecoins Again, Says Top Crypto Analyst – Here Are His Leading Picks"
2024-09-28,2024-09-28 00:00:00+00:00,2024-09-28 00:00:00+00:00,"Upcoming Quarter Looking Solid for Bitcoin and Altcoins, Says Analyst Kevin Svenson – Here’s His Outlook"
2024-09-29,2024-09-29 00:00:00+00:00,2024-09-28 12:45:00+00:00,Most Bullish on Crypto in Months: Top Analyst on Two Macro Triggers for Rally
2024-09-29,2024-09-29 00:00:00+00:00,2024-09-28 20:00:00+00:00,Hardcore Bullish Bitcoin Tweet Comes From BTC Bull Samson Mow
2024-09-29,2024-09-29 00:00:00+00:00,2024-09-28 20:07:40+00:00,Will Bitcoin Price Break $70K Level? Analyst Predicts A New Milestone
2024-09-29,2024-09-29 00:00:00+00:00,2024-09-29 00:00:00+00:00,"Legendary Trader Peter Brandt Says Dogecoin Breaking Out, Sees Long-Term Constructiveness for DOGE"
2024-09-29,2024-09-29 00:00:00+00:00,2024-09-29 00:00:00+00:00,Coinbase Sees More Bitcoin and Altcoin Rallies in Q4 Amid Favorable Macro-Economic Outlook
2024-09-30,2024-09-30 00:00:00+00:00,2024-09-30 00:00:00+00:00,MicroStrategy's Next Bitcoin Purchase Is Likely to Take Its Holdings Above Grayscale's GBTC
2024-09-30,2024-09-30 00:00:00+00:00,2024-09-30 00:00:00+00:00,"Here’s Why Bitcoin Is Still in the Middle of a Bull Market, According to CryptoQuant CEO"
2024-09-30,2024-09-30 00:00:00+00:00,2024-09-30 00:00:00+00:00,"$1,200,000,000 Flows Into Institutional Crypto Products Amid Further Expectations of Dovish Fed: CoinShares"
2024-09-30,2024-09-30 00:00:00+00:00,2024-09-30 00:00:00+00:00,"Bitcoin cae por debajo de USD 64.000 antes de los datos manufactureros de Estados Unidos, según 10x Research"
2024-09-30,2024-09-30 00:00:00+00:00,2024-09-30 00:00:00+00:00,"US Regaining Dominance of Bitcoin (BTC) Holdings, According to CryptoQuant CEO"
2024-10-01,2024-10-01 00:00:00+00:00,2024-10-01 00:00:00+00:00,Bitcoin $100K Call Option Draws Nearly $1B Open Interest on Deribit
2024-10-01,2024-10-01 00:00:00+00:00,2024-10-01 00:00:00+00:00,Analyst Benjamin Cowen Says Unemployment Rate May Hold Bitcoin Back in Q4
2024-10-01,2024-10-01 00:00:00+00:00,2024-10-01 00:00:00+00:00,Crypto Analyst Says Bitcoin Due for Breakout After Successful Macro Price Retest – Here’s His Outlook
2024-10-01,2024-10-01 00:00:00+00:00,2024-10-01 00:00:00+00:00,First Mover Americas: BTC Is Little Changed Following Muted Asia Trading
2024-10-01,2024-10-01 00:00:00+00:00,2024-10-01 00:00:00+00:00,Bitwise Takes a Step Toward XRP ETF
2024-10-02,2024-10-02 00:00:00+00:00,2024-10-02 00:00:00+00:00,"Options Traders Betting Big on Bullish October for Bitcoin (BTC), According to Analytics Firm Kaiko"
2024-10-02,2024-10-02 00:00:00+00:00,2024-10-02 00:00:00+00:00,"New Whales Fiercely Accumulating Bitcoin (BTC) Like Never Before, According to CryptoQuant CEO"
2024-10-02,2024-10-02 00:00:00+00:00,2024-10-02 00:00:00+00:00,Protocol Village: Polyhedra's ZK Prover Tops Speed Rankings in First Results From 'Proof Arena'
2024-10-02,2024-10-02 00:00:00+00:00,2024-10-02 00:00:00+00:00,Bitcoin Regains $61K in Worst Start to Most Bullish Month as Israel-Iran Tensions Rage On
2024-10-02,2024-10-02 00:00:00+00:00,2024-10-02 00:00:00+00:00,Bitwise hace oficiales sus planes para un fondo cotizado de XRP con un registro ante la SEC
2024-10-03,2024-10-03 00:00:00+00:00,2024-10-03 00:00:00+00:00,Bitcoin Dominance Nears 3-Year High Amid Altcoin Weakness; Aptos Outperforms as SUI Drops
2024-10-03,2024-10-03 00:00:00+00:00,2024-10-03 00:00:00+00:00,El FMI insta de nuevo a El Salvador a reforzar el marco regulador y la supervisión del bitcoin
2024-10-03,2024-10-03 00:00:00+00:00,2024-10-03 00:00:00+00:00,"This Factor Could Trigger Further Upside for Bitcoin and Other Crypto Assets, Says Analyst Jason Pizzino"
2024-10-03,2024-10-03 00:00:00+00:00,2024-10-03 00:00:00+00:00,IMF Urges El Salvador Again to Strengthen Regulatory Framework and Oversight of Bitcoin
2024-10-03,2024-10-03 00:00:00+00:00,2024-10-03 00:00:00+00:00,Crypto for Advisors: Crypto as a Growth Driver
2024-10-04,2024-10-04 00:00:00+00:00,2024-10-04 00:00:00+00:00,‘One Last Shakeout’: Trader Says Bitcoin and Ethereum Could Crash Before Altseason Starts – Here Are His Targets
2024-10-04,2024-10-04 00:00:00+00:00,2024-10-04 00:00:00+00:00,Binance’s Crypto Exchange Market Share Plunges to Its Lowest Level Since September 2020: CCData
2024-10-04,2024-10-04 00:00:00+00:00,2024-10-04 00:00:00+00:00,"Bitcoin Primed To Hit New All-Time High if BTC Breaks Above This Resistance Level, According to Crypto Analyst"
2024-10-04,2024-10-04 00:00:00+00:00,2024-10-04 00:00:00+00:00,HBO Is Joining Search for Bitcoin's Satoshi. Past Attempts Haven’t Turned Out Great.
2024-10-04,2024-10-04 00:00:00+00:00,2024-10-04 00:00:00+00:00,‘Curious Who’s Behind Bitcoin?’ Filmmaker Teases Reveal of Satoshi Nakamoto’s Identity in Upcoming HBO Documentary
2024-10-05,2024-10-05 00:00:00+00:00,2024-10-04 15:34:00+00:00,MicroStrategy's Saylor Issues One-Word Verdict for Bitcoin
2024-10-05,2024-10-05 00:00:00+00:00,2024-10-04 15:40:00+00:00,"Bitcoin (BTC) Back to $62,000 on Strong US Payroll Data"
2024-10-05,2024-10-05 00:00:00+00:00,2024-10-04 18:10:29+00:00,Bitcoin News: Bitcoin Core 28.0 Launches With Major Bug Fixes & Improvements
2024-10-05,2024-10-05 00:00:00+00:00,2024-10-05 00:00:00+00:00,"Here’s How Bitcoin Could Surge to $70,000, According to Crypto Analyst Justin Bennett"
2024-10-05,2024-10-05 00:00:00+00:00,2024-10-05 00:00:00+00:00,"Top Analyst Benjamin Cowen Issues Bitcoin Alert, Says BTC Could Plunge by Over 30% – Here’s His Timeline"
2024-10-06,2024-10-06 00:00:00+00:00,2024-10-06 00:00:00+00:00,"Trader Says Memecoin That’s Skyrocketed Over 300x in Nine Months Still Looks Strong, Updates Outlook on Bitcoin"
2024-10-06,2024-10-06 00:00:00+00:00,2024-10-06 00:00:00+00:00,"Crypto Strategist Sees Bitcoin Potentially Rallying to $68,000 – But There’s a Big Catch"
2024-10-06,2024-10-06 00:00:00+00:00,2024-10-06 00:00:00+00:00,"Analyst PlanB Unveils Potential Trigger for Next Bitcoin ‘Pump,’ Says Whales Waiting for Outcome of One Event"
2024-10-06,2024-10-06 00:00:00+00:00,2024-10-06 00:00:00+00:00,"Bitcoin To Soar by up to 98% in a Blow-Off Top Move, According to Economist Henrik Zeberg – Here’s the Timeline"
2024-10-06,2024-10-06 00:00:00+00:00,2024-10-06 00:00:00+00:00,"Ancient Bitcoin Address Awakens After Lying Low for Over a Decade, Moves $6,113,890 in BTC at 7,222% Profit"
2024-10-07,2024-10-07 00:00:00+00:00,2024-10-07 00:00:00+00:00,La idea de una Reserva Federal agresiva se desvanece ante el informe de inflación de Estados Unidos
2024-10-07,2024-10-07 00:00:00+00:00,2024-10-07 00:00:00+00:00,Delaware Judge Approves FTX Estate’s Bankruptcy Plan
2024-10-07,2024-10-07 00:00:00+00:00,2024-10-07 00:00:00+00:00,MicroStrategy Surges to 6-Month High as Bitcoin Wrestles With Key Moving Average
2024-10-07,2024-10-07 00:00:00+00:00,2024-10-07 00:00:00+00:00,"Institutional Crypto Products See $147,000,000 in Outflows After Stronger-Than-Expected Economic Data: CoinShares"
2024-10-07,2024-10-07 00:00:00+00:00,2024-10-07 00:00:00+00:00,First Mover Americas: Bitcoin Tests $64K Ahead of Busy U.S. Economic Data Week
2024-10-08,2024-10-08 00:00:00+00:00,2024-10-08 00:00:00+00:00,Bitcoin Protocol Babylon Hours Away From Opening 'Duration-Based' Staking Round
2024-10-08,2024-10-08 00:00:00+00:00,2024-10-08 00:00:00+00:00,"Solana Is 'Richly Valued' Versus Ether, But Could Still Outperform If Trump Gets Elected: Standard Chartered"
2024-10-08,2024-10-08 00:00:00+00:00,2024-10-08 00:00:00+00:00,Bitcoin Protocol Babylon Pulls in $1.5B of Staking Deposits as Cap Lifted
2024-10-08,2024-10-08 00:00:00+00:00,2024-10-08 00:00:00+00:00,"Bitcoin Wavers at $62K Amid Major Swings in Stocks, Gold; Memecoins Falter as Profit-Taking Sets In"
2024-10-08,2024-10-08 00:00:00+00:00,2024-10-08 00:00:00+00:00,"Le Bitcoin a augmenté de 40 % depuis le début de l'année, mais l'or l'emporte grâce à ses rendements ajustés au risque"
2024-10-09,2024-10-09 00:00:00+00:00,2024-10-09 00:00:00+00:00,Town in Texas Sues Marathon Digital Over ‘Intolerably Loud’ Noise of BTC Miners
2024-10-09,2024-10-09 00:00:00+00:00,2024-10-09 00:00:00+00:00,SEC Chair Gary Gensler on Crypto: ‘It’s Unlikely This Stuff Is Gonna Be a Currency’
2024-10-09,2024-10-09 00:00:00+00:00,2024-10-09 00:00:00+00:00,Operación de USD 1 millón en bitcoin apuesta por la expansión de la volatilidad fuera del rango de USD 53.000 a USD 87.000
2024-10-09,2024-10-09 00:00:00+00:00,2024-10-09 00:00:00+00:00,‘Reality Check’: Top Trader Says Latest Crypto Rally May Have Been a Trap – Here’s Why
2024-10-09,2024-10-09 00:00:00+00:00,2024-10-09 00:00:00+00:00,Protocol Village: Nexus Launches 'World's First Open Prover Network' in Beta
2024-10-10,2024-10-10 00:00:00+00:00,2024-10-10 00:00:00+00:00,"Stripe To Roll Out Support for USDC Payments on Ethereum, Solana and Polygon in Over 150 Countries"
2024-10-10,2024-10-10 00:00:00+00:00,2024-10-10 00:00:00+00:00,"Bitcoin Tumbles Below $59K Amid Inflation Worry, Regulatory Onslaught on Crypto"
2024-10-10,2024-10-10 00:00:00+00:00,2024-10-10 00:00:00+00:00,Four Reasons Ether ETFs Have Underperformed
2024-10-10,2024-10-10 00:00:00+00:00,2024-10-10 00:00:00+00:00,Bitcoin cae por debajo de USD 59.000 entre la preocupación por la inflación y la arremetida reguladora contra las criptomonedas
2024-10-10,2024-10-10 00:00:00+00:00,2024-10-10 00:00:00+00:00,Crypto for Advisors: Bitcoin and the American Dream
2024-10-11,2024-10-11 00:00:00+00:00,2024-10-11 00:00:00+00:00,"Solana Rival That’s Exploded Over 130% in a Month Primed To Hit New All-Time High, According to Analyst"
2024-10-11,2024-10-11 00:00:00+00:00,2024-10-11 00:00:00+00:00,"Trump-Themed Tokens Surge, Bitcoin Forecast to Jump After U.S. Elections"
2024-10-11,2024-10-11 00:00:00+00:00,2024-10-11 00:00:00+00:00,"Trader Stays Bullish on Bitcoin, Updates Outlook on Aptos and Altcoin That’s Up Over 166,000% in Ten Months"
2024-10-11,2024-10-11 00:00:00+00:00,2024-10-11 00:00:00+00:00,Bitcoin Bounces 7% Above $63K as Crypto Traders Eye China Stimulus Statement
2024-10-11,2024-10-11 00:00:00+00:00,2024-10-11 00:00:00+00:00,"Mt. Gox Postpones Repayment Deadline to 2025, Allaying Concerns of Bitcoin Sell Pressure"
2024-10-12,2024-10-12 00:00:00+00:00,2024-10-12 00:00:00+00:00,Bitcoin Ticks Up in Price As Bankrupt Crypto Exchange Mt. Gox Delays Deadline for Long-Awaited BTC Repayments
2024-10-12,2024-10-12 00:00:00+00:00,2024-10-12 00:00:00+00:00,"Ancient Bitcoin Address Awakens After Lying Low for Over 12 Years, Moves $6,017,301 in BTC at 994,495% Profit"
2024-10-12,2024-10-12 00:00:00+00:00,2024-10-12 00:00:00+00:00,Bitcoin Takes Another Shot at $63.5K as China's Vague Fiscal Stimulus Deters Capital Shift
2024-10-12,2024-10-12 00:00:00+00:00,2024-10-12 00:00:00+00:00,"Trader Sees Bullish Reversal Pattern for BTC, Outlines Level Where ‘Things’ Could ‘Get a Little Bit Treacherous’"
2024-10-12,2024-10-12 00:00:00+00:00,2024-10-12 00:00:00+00:00,"Crypto Analyst Issues Ethereum Alert, Predicts ‘One Final Shakeout’ for ETH – Here Are His Targets"
2024-10-13,2024-10-13 00:00:00+00:00,2024-10-13 00:00:00+00:00,"Veteran Trader Peter Brandt Issues Bitcoin Warning, Says 75% Decline on the Table After Lengthy Consolidation"
2024-10-13,2024-10-13 00:00:00+00:00,2024-10-13 00:00:00+00:00,"Bitcoin Approaching Longest Sideways Consolidation in Halving-Year History, According to CryptoQuant CEO"
2024-10-13,2024-10-13 00:00:00+00:00,2024-10-13 00:00:00+00:00,"Crypto Analyst Predicts Incoming Parabolic Rally for Bitcoin, Says Wait Almost Over for BTC"
2024-10-13,2024-10-13 00:00:00+00:00,2024-10-13 00:00:00+00:00,"Trader Says Sell-Off for Ethereum Could Unfold if Demand Zone Where 2,400,000 Wallets Purchased ETH Fails"
2024-10-14,2024-10-14 00:00:00+00:00,2024-10-14 00:00:00+00:00,"Trader Hints at Parabolic Rally to All-Time High for Solana Rival, Updates Outlook on PEPE and WIF"
2024-10-14,2024-10-14 00:00:00+00:00,2024-10-14 00:00:00+00:00,"Man Sues City Council for $647,000,000 for Blocking Him From Digging Up Old Hard Drive With Bitcoin: Report"
2024-10-14,2024-10-14 00:00:00+00:00,2024-10-14 00:00:00+00:00,"‘Political Shift’ to Republicans Drives $407,000,000 in Inflows to Crypto Products: CoinShares"
2024-10-14,2024-10-14 00:00:00+00:00,2024-10-14 00:00:00+00:00,"Bitcoin Breaks Out, Liquidating $238,500,000 As Several Analysts Predict Q4 Fireworks for BTC"
2024-10-14,2024-10-14 00:00:00+00:00,2024-10-14 00:00:00+00:00,First Mover Americas: Bitcoin Nears $65K as Chinese Stocks Rebound
2024-10-15,2024-10-15 00:00:00+00:00,2024-10-15 00:00:00+00:00,"Bitcoin ETF's Are ""Trojan Horse for Adoption"": Bernstein"
2024-10-15,2024-10-15 00:00:00+00:00,2024-10-15 00:00:00+00:00,"Blockstream Closes $210,000,000 in Funding To Accelerate Development ‘Ahead of Next Bitcoin Cycle’"
2024-10-15,2024-10-15 00:00:00+00:00,2024-10-15 00:00:00+00:00,Grayscale Looks to Turn Multi-Token Fund Into ETF
2024-10-15,2024-10-15 00:00:00+00:00,2024-10-15 00:00:00+00:00,Crypto Analyst Says Outsized Move Down in Sight for Memecoins PEPE and WIF – Here Are His Targets
2024-10-15,2024-10-15 00:00:00+00:00,2024-10-15 00:00:00+00:00,Why This ETF Expert Is Bullish on Ethereum and Says Washington’s Crypto Stance Is Misunderstood
2024-10-16,2024-10-16 00:00:00+00:00,2024-10-16 00:00:00+00:00,"Bitcoin Transitioning Into New Parabolic Move to the Upside, According to Crypto Analyst"
2024-10-16,2024-10-16 00:00:00+00:00,2024-10-16 00:00:00+00:00,"New Bitcoin Whale Wallets Explode to 9.3% of Supply As BTC Bounces to $68,0000: CryptoQuant CEO"
2024-10-16,2024-10-16 00:00:00+00:00,2024-10-16 00:00:00+00:00,Crypto Investor Arthur Cheong Says Stage Set for New DeFi Bull Market – Here’s Why
2024-10-16,2024-10-16 00:00:00+00:00,2024-10-16 00:00:00+00:00,"Protocol Village: Conduit Launches New G2 Sequencer, Claiming 10x Improvement Over Existing Versions"
2024-10-16,2024-10-16 00:00:00+00:00,2024-10-16 00:00:00+00:00,Italy to Raise Capital Gains Tax on Crypto to 42% From 26%: Reports
2024-10-17,2024-10-17 00:00:00+00:00,2024-10-17 00:00:00+00:00,"Trader Justin Bennett Issues Ethereum Alert, Says ETH Potentially Forming Bearish Pattern – Here Are His Targets"
2024-10-17,2024-10-17 00:00:00+00:00,2024-10-17 00:00:00+00:00,Coinbase dice que la liquidez de bitcoin en el exchange no se ha visto afectada tras la demanda de la SEC contra Cumberland
2024-10-17,2024-10-17 00:00:00+00:00,2024-10-17 00:00:00+00:00,"Trader Says Solana-Based Altcoin That’s Up Over 4x in a Week To Go Higher, Updates Outlook on Fantom and Ethena"
2024-10-17,2024-10-17 00:00:00+00:00,2024-10-17 00:00:00+00:00,FBI Arrests Alleged SEC Hacker Linked to Fake Tweet Saying Bitcoin ETFs Were Approved
2024-10-17,2024-10-17 00:00:00+00:00,2024-10-17 00:00:00+00:00,Jailhouse Block: Elvis Digital Art Collection Inscribed on the Bitcoin Network
2024-10-18,2024-10-18 00:00:00+00:00,2024-10-18 00:00:00+00:00,"Ethereum Whales Gobble Up 1,700,000 ETH in Just 30 Days, Signaling Confidence: IntoTheBlock"
2024-10-18,2024-10-18 00:00:00+00:00,2024-10-18 00:00:00+00:00,What's Driving Bitcoin's Recent Price Rise?
2024-10-18,2024-10-18 00:00:00+00:00,2024-10-18 00:00:00+00:00,"NYSE, Cboe Win SEC Approval for Bitcoin ETF Options"
2024-10-18,2024-10-18 00:00:00+00:00,2024-10-18 00:00:00+00:00,"MicroStrategy's 'Nav Premium' Shouldn't be Feared, Says Benchmark, Raising Price Target to $245"
2024-10-18,2024-10-18 00:00:00+00:00,2024-10-18 00:00:00+00:00,What to Expect Over the Coming Week in Crypto: Scroll Enters the Frame
2024-10-19,2024-10-19 00:00:00+00:00,2024-10-18 14:53:00+00:00,"MicroStrategy, Coinbase, and Other Stocks in Green as Bitcoin Traders Become Greedy"
2024-10-19,2024-10-19 00:00:00+00:00,2024-10-18 15:16:00+00:00,"Wall Street Will Capitulate to Bitcoin, Predicts Anthony Pompliano"
2024-10-19,2024-10-19 00:00:00+00:00,2024-10-18 18:39:00+00:00,"Dogecoin (DOGE) Can ""Run"" to $1, Top Trader Predicts"
2024-10-19,2024-10-19 00:00:00+00:00,2024-10-19 00:00:00+00:00,"Trader Outlines Path Forward for Altcoin That’s Up Over 800% in a Week, Sets Targets for Bitcoin and Ethereum"
2024-10-19,2024-10-19 00:00:00+00:00,2024-10-19 00:00:00+00:00,"Bitcoin Close to Rallying to New All-Time High, According to Analyst Michaël van de Poppe – But There’s a Catch"
2024-10-20,2024-10-20 00:00:00+00:00,2024-10-20 00:00:00+00:00,"Analyst Issues Bitcoin Warning, Says Nothing Wrong With Being Cautious Amid ‘Strange’ Week for BTC"
2024-10-20,2024-10-20 00:00:00+00:00,2024-10-20 00:00:00+00:00,"Bitcoin Heading to Six Figures As BTC ETF Net Inflows Accelerate to $20,000,000,000: Bitwise CIO Matt Hougan"
2024-10-20,2024-10-20 00:00:00+00:00,2024-10-20 00:00:00+00:00,"Bitcoin (BTC) Edging Toward Confirmed Breakout As Price Pushes Against Resistance, According to Analyst"
2024-10-20,2024-10-20 00:00:00+00:00,2024-10-20 00:00:00+00:00,"Trader Unveils Massive Price Target for Ethereum Rival, Says Memecoins Attract Retail Investors"
2024-10-20,2024-10-20 00:00:00+00:00,2024-10-20 00:00:00+00:00,Top Memecoins Dogecoin and Shiba Inu Flashing Bearish Signal As Crowd Hype Surges to Five-Month Highs: Santiment
2024-10-21,2024-10-21 00:00:00+00:00,2024-10-21 00:00:00+00:00,Le Bitcoin revient en dessous de 67 000 $ ; un autre Rally Crypto est-il en train d'échouer ?
2024-10-21,2024-10-21 00:00:00+00:00,2024-10-21 00:00:00+00:00,Bitcoin повертається нижче 67 тисяч доларів; Ще одне Крипто Rally провалюється?
2024-10-21,2024-10-21 00:00:00+00:00,2024-10-21 00:00:00+00:00,Bitcoin опустился ниже $67 тыс.; очередное Криптo Rally неудачу?
2024-10-21,2024-10-21 00:00:00+00:00,2024-10-21 00:00:00+00:00,Bitcoin Pull Back Below $67K; Nabigo ba ang Isa pang Crypto Rally ?
2024-10-21,2024-10-21 00:00:00+00:00,2024-10-21 00:00:00+00:00,"Bitcoin Primed for Next Vertical Leg As ‘Mass Attention’ Approaches, Says Crypto Analyst"
2024-10-22,2024-10-22 00:00:00+00:00,2024-10-22 00:00:00+00:00,Paul Tudor Jones: 'All Roads Lead to Inflation;' He's Long Bitcoin and Gold
2024-10-22,2024-10-22 00:00:00+00:00,2024-10-22 00:00:00+00:00,Metaplanet Raises $66 Million Through Stocks Acquisition Rights Program
2024-10-22,2024-10-22 00:00:00+00:00,2024-10-22 00:00:00+00:00,Bitcoin Exchange River Financial Allowing Users to Earn BTC Interest on Cash Deposits
2024-10-22,2024-10-22 00:00:00+00:00,2024-10-22 00:00:00+00:00,"Don’t Count on Bitcoin Correction Before Next Leg Up, According to Analyst Jason Pizzino – Here’s His Outlook"
2024-10-22,2024-10-22 00:00:00+00:00,2024-10-22 00:00:00+00:00,"Bitcoin y las principales criptomonedas caen debido alapalancamiento, mientras el token CAT sube 60% tras la venta de futuros en Binance"
2024-10-23,2024-10-23 00:00:00+00:00,2024-10-23 00:00:00+00:00,"The Protocol: Justin Sun, Bitcoin Mempool Sniping, XRP for Harris, Inspirational Women"
2024-10-23,2024-10-23 00:00:00+00:00,2024-10-23 00:00:00+00:00,BRICS Summit Kicks Off As Lawmakers Discuss Using Bitcoin (BTC) To Evade US Sanctions: Report
2024-10-23,2024-10-23 00:00:00+00:00,2024-10-23 00:00:00+00:00,"Solana Hits Record vs. Ether, Outperforms Bitcoin as AI Memecoin Frenzy and Surging Revenues Fuel Rally"
2024-10-23,2024-10-23 00:00:00+00:00,2024-10-23 00:00:00+00:00,"Bitcoin Slides to $66K, Ether Dives 5% in Market-Wide Selloff"
2024-10-23,2024-10-23 00:00:00+00:00,2024-10-23 00:00:00+00:00,"Another Move Higher for Altcoins on the Table As ‘Constructive’ Price Action Unfolds, According to Top Analyst"
2024-10-24,2024-10-24 00:00:00+00:00,2024-10-24 00:00:00+00:00,"Elon Musk’s Tesla Still Holding $772,500,000 in Bitcoin in Seven Wallets After Massive Coin Shuffle: Arkham"
2024-10-24,2024-10-24 00:00:00+00:00,2024-10-24 00:00:00+00:00,"Bitcoin ETFs Will Soon Hold 1M Tokens, Nearly as Much as Satoshi"
2024-10-24,2024-10-24 00:00:00+00:00,2024-10-24 00:00:00+00:00,"Bitcoin Climbs 3% to Retake $68K With Solana Outperforming, Ether Showing Relative Weakness"
2024-10-24,2024-10-24 00:00:00+00:00,2024-10-24 00:00:00+00:00,"Top Analyst Issues Ethereum Alert, Says There’s a ‘Decent Chance’ ETH Crashes in December – Here Are His Targets"
2024-10-24,2024-10-24 00:00:00+00:00,2024-10-24 00:00:00+00:00,"Bitcoin sube 3% y recupera los USD 68.000, mientras Solana supera a ether mostrando debilidad relativa"
2024-10-25,2024-10-25 00:00:00+00:00,2024-10-25 00:00:00+00:00,Una investigación del Departamento de Justicia de Estados Unidos sobre Tether frustra el repunte de las criptomonedas
2024-10-25,2024-10-25 00:00:00+00:00,2024-10-25 00:00:00+00:00,Pennsylvania House of Representatives Passes Bi-Partisan Crypto Bill Protecting Citizens’ Rights to Self-Custody
2024-10-25,2024-10-25 00:00:00+00:00,2024-10-25 00:00:00+00:00,"Tether’s Plan B Initiative Unveils New Satoshi Nakamoto Statue in Lugano, Switzerland"
2024-10-25,2024-10-25 00:00:00+00:00,2024-10-25 00:00:00+00:00,"Trader Michaël van de Poppe Says Markets About To Go Vertical, Outlines Six-Figure Price Targets for Bitcoin"
2024-10-25,2024-10-25 00:00:00+00:00,2024-10-25 00:00:00+00:00,"Crypto Analyst Says Bitcoin Could Explode by 164% This Cycle, But Thinks Solana Will Do Even Better – Here’s Why"
2024-10-26,2024-10-26 00:00:00+00:00,2024-10-26 00:00:00+00:00,From Smuggling Gold Out of Africa to Bridging Bitcoin and Cardano
2024-10-26,2024-10-26 00:00:00+00:00,2024-10-26 00:00:00+00:00,"There’s a 60% Chance Bitcoin Hits $170,000 This Cycle, According to Analyst Jamie Coutts – Here’s the Timeline"
2024-10-26,2024-10-26 00:00:00+00:00,2024-10-26 00:00:00+00:00,Federal Prosecutors To Propose Plea Deal to Man Who Allegedly Cracked SEC’s X Account in January: Report
2024-10-26,2024-10-26 00:00:00+00:00,2024-10-26 00:00:00+00:00,"Ancient Bitcoin Wallet Awakens After Hibernating for 14+ Years, Moves $3,387,175 in BTC at 169,358,650% Profit"
2024-10-26,2024-10-26 00:00:00+00:00,2024-10-26 00:00:00+00:00,"Bitcoin ‘Right on Track’ for More Upside Despite Months of Sideways Movement, Says Kevin Svenson – Here’s Why"
2024-10-27,2024-10-27 00:00:00+00:00,2024-10-26 13:45:00+00:00,"Bitcoin's PoW Is Bug, Not Feature, Here's Why"
2024-10-27,2024-10-27 00:00:00+00:00,2024-10-27 00:00:00+00:00,CryptoQuant CEO Says Satoshi’s Vision for Bitcoin To Be Electronic Cash May Be Realized in 2030 – Here’s How
2024-10-27,2024-10-27 00:00:00+00:00,2024-10-27 00:00:00+00:00,‘Textbook’ Breakout Underway for Bitcoin As Critical Support Level Holds: Crypto Analyst
2024-10-27,2024-10-27 00:00:00+00:00,2024-10-27 00:00:00+00:00,"Bitcoin Gearing Up for ‘Monstrous’ Breakout Amid Shallower Dips, Says Top Analyst – Here’s His Outlook"
2024-10-28,2024-10-28 00:00:00+00:00,2024-10-28 00:00:00+00:00,Bitcoin Policy Institute Lays Out Six Reasons for Central Banks To Adopt BTC As Reserve Asset
2024-10-28,2024-10-28 00:00:00+00:00,2024-10-28 00:00:00+00:00,"‘Very Bullish Setup’ for Bitcoin Going Into Election, According to VanEck Executive Matthew Sigel – Here’s Why"
2024-10-28,2024-10-28 00:00:00+00:00,2024-10-28 00:00:00+00:00,FTX's $228M Settlement With Bybit Brings Conclusion of Epic Liquidation Closer
2024-10-28,2024-10-28 00:00:00+00:00,2024-10-28 00:00:00+00:00,Sliding Copper-to-Gold Ratio Presents Bitcoin Bear Case
2024-10-28,2024-10-28 00:00:00+00:00,2024-10-28 00:00:00+00:00,La Universidad de Emory se une a la fiebre de los fondos cotizados de bitcoin y declara una participación de USD 16 millones en un ETF de Grayscale
2024-10-29,2024-10-29 00:00:00+00:00,2024-10-29 00:00:00+00:00,Celestia's TIA Braces for Price Volatility Amid $900M Token Unlock
2024-10-29,2024-10-29 00:00:00+00:00,2024-10-29 00:00:00+00:00,"Tether CEO Paolo Ardoino Says Stablecoin Issuer Now Holds Over $5,800,000,000 in Bitcoin Reserves"
2024-10-29,2024-10-29 00:00:00+00:00,2024-10-29 00:00:00+00:00,Bitcoin Price Breaks $71K: Can BTC Withstand Political Narratives?
2024-10-29,2024-10-29 00:00:00+00:00,2024-10-29 00:00:00+00:00,"Bitcoin Tops $73.5K, Climbing Just Shy of New Record High"
2024-10-29,2024-10-29 00:00:00+00:00,2024-10-29 00:00:00+00:00,"Crypto Stocks MicroStrategy, Coinbase and Marathon Post Just Modest Gains as Bitcoin Eyes Record High"
2024-10-30,2024-10-30 00:00:00+00:00,2024-10-30 00:00:00+00:00,Inversores institucionales se posicionan ante la volatilidad de bitcoin antes de las elecciones estadounidenses
2024-10-30,2024-10-30 00:00:00+00:00,2024-10-30 00:00:00+00:00,Degens estão buscando mais alavancagem na MicroStrategy e ganhando massivamente
2024-10-30,2024-10-30 00:00:00+00:00,2024-10-30 00:00:00+00:00,Дегени шукають подальших важелів впливу на MicroStrategy та перемагають масово
2024-10-30,2024-10-30 00:00:00+00:00,2024-10-30 00:00:00+00:00,Дегены ищут дополнительные рычаги воздействия на микростратегию и добиваются крупных побед
2024-10-30,2024-10-30 00:00:00+00:00,2024-10-30 00:00:00+00:00,Spot Bitcoin ETFs Record $870M Inflows as BTC Tests All-Time High
2024-10-31,2024-10-31 00:00:00+00:00,2024-10-31 00:00:00+00:00,"Tether Reports $2.5B Profit in Q3, Holds Over $100B of U.S. Treasuries"
2024-10-31,2024-10-31 00:00:00+00:00,2024-10-31 00:00:00+00:00,"Ethereum in the Final Innings of Downtrend Against Bitcoin, Says Top Analyst Benjamin Cowen – Here’s His Outlook"
2024-10-31,2024-10-31 00:00:00+00:00,2024-10-31 00:00:00+00:00,"Crypto Analyst Says One Large-Cap Memecoin Looking Very Strong, Updates Outlook on Bitcoin and Solana"
2024-10-31,2024-10-31 00:00:00+00:00,2024-10-31 00:00:00+00:00,Businessman Claiming To Be Bitcoin (BTC) Creator Satoshi Nakamoto Holds Press Conference in London
2024-10-31,2024-10-31 00:00:00+00:00,2024-10-31 00:00:00+00:00,Mega ETF Inflows and Bitcoin Wallet Activity Signal Further Bullishness
2024-11-01,2024-11-01 00:00:00+00:00,2024-11-01 00:00:00+00:00,Bitcoin's Drop on Thursday Spurred Panic Sales Among Short-Term Holders: Van Straten
2024-11-01,2024-11-01 00:00:00+00:00,2024-11-01 00:00:00+00:00,"Bitcoin Mining Bans Can Backfire on Climate Conscious Governments, a New Research Finds"
2024-11-01,2024-11-01 00:00:00+00:00,2024-11-01 00:00:00+00:00,Self-Proclaimed Satoshi Nakamoto Craig Wright Accused of Contempt of Court: Report
2024-11-01,2024-11-01 00:00:00+00:00,2024-11-01 00:00:00+00:00,"MicroStrategy Rolls Out New $42,000,000,000 Capital Fundraising Plan To Purchase More Bitcoin (BTC)"
2024-11-01,2024-11-01 00:00:00+00:00,2024-11-01 00:00:00+00:00,"Short-Term Holders Panic Amid Bitcoin's Drop, $295M Long Liquidations"
2024-11-02,2024-11-02 00:00:00+00:00,2024-11-01 20:10:00+00:00,"Top Economist Slams Bitcoin as ""Just Another Bubble"""
2024-11-02,2024-11-02 00:00:00+00:00,2024-11-02 00:00:00+00:00,"Ethereum (ETH) Flashes Possible Rebound Signal, According to Crypto Analyst – Here’s His Outlook"
2024-11-02,2024-11-02 00:00:00+00:00,2024-11-02 00:00:00+00:00,"Trader Highly Bullish on Altcoin That’s Up Over 1,100% in Under a Month, Updates Outlook on Bitcoin and Ethereum"
2024-11-02,2024-11-02 00:00:00+00:00,2024-11-02 00:00:00+00:00,"Crypto Analyst Issues Bitcoin Alert, Outlines ‘Must-Hold’ BTC Level Necessary To Keep Bull Dreams Alive"
2024-11-02,2024-11-02 00:00:00+00:00,2024-11-02 00:00:00+00:00,"Bitcoin Address Springs to Life After Hibernating for 12+ Years, Moves $11,756,205 in BTC at 700,854% Profit"
2024-11-03,2024-11-03 00:00:00+00:00,2024-11-03 00:00:00+00:00,"Henrik Zeberg Doubles Down on Bitcoin Price Prediction, Says Stock Market Nearing Top"
2024-11-03,2024-11-03 00:00:00+00:00,2024-11-03 00:00:00+00:00,Bitcoin Volatility Jumps to 3-Month High Ahead of U.S. Election
2024-11-03,2024-11-03 00:00:00+00:00,2024-11-03 00:00:00+00:00,CryptoQuant CEO Says Stablecoins Now Being Mostly Used for Purposes Other Than Exchange Trading
2024-11-03,2024-11-03 00:00:00+00:00,2024-11-03 00:00:00+00:00,Bitcoin Pulls Under $68K as Crypto Markets Falter Ahead of Election
2024-11-03,2024-11-03 00:00:00+00:00,2024-11-03 00:00:00+00:00,"Economist Alex Krüger Unveils Election Prediction for Bitcoin, Says BTC Could ‘Shoot Straight Up’ – Here’s Why"
2024-11-04,2024-11-04 00:00:00+00:00,2024-11-04 00:00:00+00:00,"$2,200,000,000 of Institutional Money Flows Into Crypto Products Amid Election ‘Euphoria’: CoinShares"
2024-11-04,2024-11-04 00:00:00+00:00,2024-11-04 00:00:00+00:00,'There's No Catch': Bitcoin Mining Startup Promises Free Money to Renewable Energy Companies
2024-11-04,2024-11-04 00:00:00+00:00,2024-11-04 00:00:00+00:00,"Semler Scientific Added 47 Bitcoin to Holdings, Bringing Stack to 1,058 BTC"
2024-11-04,2024-11-04 00:00:00+00:00,2024-11-04 00:00:00+00:00,T-Mobile Parent Company Launches Pilot Project for Bitcoin Mining Infrastructure With Surplus Energy
2024-11-04,2024-11-04 00:00:00+00:00,2024-11-04 00:00:00+00:00,The Toll of Mental Biases in Crypto Investing
2024-11-05,2024-11-05 00:00:00+00:00,2024-11-05 00:00:00+00:00,DOGE Surges on U.S. Election Day; Bitcoin ETFs Shed $541M and Mt. Gox Moves $2.2B BTC
2024-11-05,2024-11-05 00:00:00+00:00,2024-11-05 00:00:00+00:00,Live Updates: Crypto and the 2024 U.S. Election
2024-11-05,2024-11-05 00:00:00+00:00,2024-11-05 00:00:00+00:00,Bitcoin Gives Up Gains as U.S. Election Anxiety Unleashes Crypto Volatility
2024-11-05,2024-11-05 00:00:00+00:00,2024-11-05 00:00:00+00:00,"Investor Anthony Pompliano Calls Bitcoin ‘Gold With Wings,’ Says BTC the Savings Account of the New Generation"
2024-11-05,2024-11-05 00:00:00+00:00,2024-11-05 00:00:00+00:00,Bitcoin Price Hits New All-Time High As Traders Bet Trump Will Beat Harris
2024-11-06,2024-11-06 00:00:00+00:00,2024-11-06 00:00:00+00:00,"Banking Giant Standard Chartered’s Crypto Custodian in Talks for $50,000,000 Capital Raise: Report"
2024-11-06,2024-11-06 00:00:00+00:00,2024-11-06 00:00:00+00:00,How This Crypto Hedge Fund Nailed the Trump Trade
2024-11-06,2024-11-06 00:00:00+00:00,2024-11-06 00:00:00+00:00,"Bitcoin Price Shatters $75,800 As Senator Cynthia Lummis Promises Strategic BTC Reserve"
2024-11-06,2024-11-06 00:00:00+00:00,2024-11-06 00:00:00+00:00,First Mover Americas: BTC Hit All-Time High as Trump Closed In on Victory
2024-11-06,2024-11-06 00:00:00+00:00,2024-11-06 00:00:00+00:00,Crypto Equities Surge More Than 10% as U.S. Political Uncertainty Diminishes with Trump Victory
2024-11-07,2024-11-07 00:00:00+00:00,2024-11-07 00:00:00+00:00,"La Fed taglia i tassi di 25 punti base, il prezzo Bitcoin a un record mentre Powell afferma che la WIN di Trump non ha ""alcun effetto"" sulla Politiche"
2024-11-07,2024-11-07 00:00:00+00:00,2024-11-07 00:00:00+00:00,"Whale Loses $74,980,000 in One Trade Trying to Short Bitcoin (BTC) on Election Day: Lookonchain"
2024-11-07,2024-11-07 00:00:00+00:00,2024-11-07 00:00:00+00:00,"Bitcoin’s Parabolic Trend to Six-Figure Price Very Much in Play, Says Kevin Svenson – Here Are His Targets"
2024-11-07,2024-11-07 00:00:00+00:00,2024-11-07 00:00:00+00:00,"Bitcoin Hits New $76K Record High, ETFs Post $620M Inflows"
2024-11-07,2024-11-07 00:00:00+00:00,2024-11-07 00:00:00+00:00,Bitcoin's New All-Time High; U.S. BTC Reserve Hopes Fly
2024-11-08,2024-11-08 00:00:00+00:00,2024-11-08 00:00:00+00:00,Stablecoin Giant Tether Enters Oil Trade by Financing $45M Middle Eastern Crude Deal
2024-11-08,2024-11-08 00:00:00+00:00,2024-11-08 00:00:00+00:00,"$80,000 Bitcoin Incoming in November, Predicts Crypto Trader Michaël van de Poppe – But There’s a Catch"
2024-11-08,2024-11-08 00:00:00+00:00,2024-11-08 00:00:00+00:00,"BlackRock’s IBIT Bitcoin ETF Surpasses iShares Gold ETF in Net Assets, Reaching Over $33,000,000,000"
2024-11-08,2024-11-08 00:00:00+00:00,2024-11-08 00:00:00+00:00,"Bitcoin Hits Another Milestone, Topping $77K for First Time; Funding Rates Suggest Crypto Rally Can Keep Going"
2024-11-08,2024-11-08 00:00:00+00:00,2024-11-08 00:00:00+00:00,Cardano sube 16% y bitcoin podría alcanzar los USD 100.000 tras la rebaja de tipos de la Fed
2024-11-09,2024-11-09 00:00:00+00:00,2024-11-09 00:00:00+00:00,The Unique Way the Solana Trading Ecosystem Is Making Bank
2024-11-09,2024-11-09 00:00:00+00:00,2024-11-09 00:00:00+00:00,"Ether Blows Past $3K, Builds Bullish Momentum After Trump's Election Win and Fed Rate Cut"
2024-11-09,2024-11-09 00:00:00+00:00,2024-11-09 00:00:00+00:00,"Bitcoin Cracks $77,000 After US Federal Reserve Votes To Cut Interest Rates Again"
2024-11-09,2024-11-09 00:00:00+00:00,2024-11-09 00:00:00+00:00,"Bitcoin Price Surpasses $79,000 in Abrupt Weekend Melt-Up"
2024-11-09,2024-11-09 00:00:00+00:00,2024-11-09 00:00:00+00:00,Why Bitcoin Will Soar Above Its Fresh Record: Van Straten
2024-11-10,2024-11-10 00:00:00+00:00,2024-11-10 00:00:00+00:00,"Top Analyst Says Bitcoin on an Unstoppable Path, Predicts Ethereum Rallies in Coming Weeks"
2024-11-10,2024-11-10 00:00:00+00:00,2024-11-10 00:00:00+00:00,BitMEX Founder Arthur Hayes Details ‘Massive Trade’ As Bitcoin and Crypto Markets Move Higher
2024-11-10,2024-11-10 00:00:00+00:00,2024-11-10 00:00:00+00:00,"$800,000 Bitcoin – Tuur Demeester Says ‘Eye Watering’ BTC Price Target in Play Based on Outperformance of Gold"
2024-11-10,2024-11-10 00:00:00+00:00,2024-11-10 00:00:00+00:00,"Bitcoin Smashes $79K in Bullish Weekend Pump, With $280M Bearish Bets Liquidated"
2024-11-10,2024-11-10 00:00:00+00:00,2024-11-10 00:00:00+00:00,Solana supera una capitalización de USD 100.000 millones y alcanza un máximo de casi tres años por encima de USD 210
2024-11-11,2024-11-11 00:00:00+00:00,2024-11-11 00:00:00+00:00,"Bitcoin Climbs Above $84K, Adds Almost $20K in a Week"
2024-11-11,2024-11-11 00:00:00+00:00,2024-11-11 00:00:00+00:00,Bitcoin supera los USD 84.000 y suma casi USD 20.000 en una semana
2024-11-11,2024-11-11 00:00:00+00:00,2024-11-11 00:00:00+00:00,"Bitcoin Entering ‘Price Discovery’ With Best Yet to Come, According to Crypto Analyst – Here’s Why"
2024-11-11,2024-11-11 00:00:00+00:00,2024-11-11 00:00:00+00:00,"Ethereum Bottom Against Bitcoin Likely Very Close, According to Analyst Benjamin Cowen – Here’s Why"
2024-11-11,2024-11-11 00:00:00+00:00,2024-11-11 00:00:00+00:00,"Solana Memecoin ACT Rockets 1,720% on Binance Listing as Altcoin Market Heats Up"
2024-11-12,2024-11-12 00:00:00+00:00,2024-11-12 00:00:00+00:00,‘Just Don’t Break’ Bitcoin: Devs Debate Tech Upgrades to Top Crypto
2024-11-12,2024-11-12 00:00:00+00:00,2024-11-12 00:00:00+00:00,La empresa de inteligencia artificial Genius Group adopta bitcoin como principal activo de tesorería y sus acciones suben 50%
2024-11-12,2024-11-12 00:00:00+00:00,2024-11-12 00:00:00+00:00,"Arthur Hayes Says Bitcoin Going to $1,000,000 Triggered by Multi-Trillion Dollar Money Printing Spree"
2024-11-12,2024-11-12 00:00:00+00:00,2024-11-12 00:00:00+00:00,"Parabolic Spike in the Cards for Bitcoin (BTC), Says Top Analyst – Here’s His Timeline"
2024-11-12,2024-11-12 00:00:00+00:00,2024-11-12 00:00:00+00:00,"Bitcoin Mining Capital Markets, How the Elections Benefit BTC with Mostafa Al-Mashita"
2024-11-13,2024-11-13 00:00:00+00:00,2024-11-13 00:00:00+00:00,Bitcoin Surges to New Record Over $93K as Strong U.S. Demand Crushes Resistance Level
2024-11-13,2024-11-13 00:00:00+00:00,2024-11-13 00:00:00+00:00,I trader Bitcoin si accalcano in opzioni CME da $ 100.000 mentre il prezzo sale a $ 93.000: CF Benchmarks
2024-11-13,2024-11-13 00:00:00+00:00,2024-11-13 00:00:00+00:00,"Mientras bitcoin ya toca los USD 93.000, los operadores apuestan por un nuevo precio de USD 100.000, según CF Benchmarks"
2024-11-13,2024-11-13 00:00:00+00:00,2024-11-13 00:00:00+00:00,"Трейдери Bitcoin купують опціони CME на 100 тис. доларів США, коли ціна досягає 93 тис. доларів США: контрольні показники CF"
2024-11-13,2024-11-13 00:00:00+00:00,2024-11-13 00:00:00+00:00,Traders de Bitcoin se amontoam em opções de CME de US$ 100 mil enquanto o preço sobe para US$ 93 mil: CF Benchmarks
2024-11-14,2024-11-14 00:00:00+00:00,2024-11-14 00:00:00+00:00,"Ancient Bitcoin Wallet Comes Alive After Lying Low for Over 13 Years, Moves $3,670,000 in BTC at 646,618% Profit"
2024-11-14,2024-11-14 00:00:00+00:00,2024-11-14 00:00:00+00:00,Fed Chair Jerome Powell's Hawkish Comments Throw Some Cold Water on Crypto
2024-11-14,2024-11-14 00:00:00+00:00,2024-11-14 00:00:00+00:00,"Polygon Rival Primed To Explode by Over 200% in Weeks, According to Crypto Analyst Michaël van de Poppe"
2024-11-14,2024-11-14 00:00:00+00:00,2024-11-14 00:00:00+00:00,Strategic Bitcoin Reserve Has Precedent in Other Big U.S. Government Purchases: Michael Saylor
2024-11-14,2024-11-14 00:00:00+00:00,2024-11-14 00:00:00+00:00,Top Analyst Says Things Could Get Crazy for Altcoins Once Key Resistance Zone Is Broken – But There’s a Catch
2024-11-15,2024-11-15 00:00:00+00:00,2024-11-15 00:00:00+00:00,XRP salta 17% y supera al resto del mercado a medida que se enfría el rally de las criptomonedas
2024-11-15,2024-11-15 00:00:00+00:00,2024-11-15 00:00:00+00:00,Cinco años de cárcel para el marido de Razzlekhan por el pirateo de Bitfinex
2024-11-15,2024-11-15 00:00:00+00:00,2024-11-15 00:00:00+00:00,"Trader Says Altcoin That’s Up Over 20x in Under Five Weeks Still Has Upside, Updates Outlook Dogecoin and Pepe"
2024-11-15,2024-11-15 00:00:00+00:00,2024-11-15 00:00:00+00:00,Муж Раззлкхан приговорен к пяти годам тюрьмы за взлом Bitfinex
2024-11-15,2024-11-15 00:00:00+00:00,2024-11-15 00:00:00+00:00,This OG Bitcoin Investor Just Turned $120 Into $178M
2024-11-16,2024-11-16 00:00:00+00:00,2024-11-16 00:00:00+00:00,An Interview With El Salvador’s Top Crypto Regulator: ‘Developing Countries Can Lead the Financial Revolution’
2024-11-16,2024-11-16 00:00:00+00:00,2024-11-16 00:00:00+00:00,"$100,000 Bitcoin Incoming, According to MicroStrategy Co-Founder Michael Saylor – Here’s His Timeline"
2024-11-16,2024-11-16 00:00:00+00:00,2024-11-16 00:00:00+00:00,"Top Trader Says Dogecoin and Shiba Inu Rival Has Started Push to New All-Time High, Outlines Targets for Bitcoin"
2024-11-16,2024-11-16 00:00:00+00:00,2024-11-16 00:00:00+00:00,"600% Bitcoin Explosion Incoming in Base-Case Scenario, According to ARK Invest CEO Cathie Wood – Here’s Why"
2024-11-16,2024-11-16 00:00:00+00:00,2024-11-16 00:00:00+00:00,"Infamous Crypto Hacker Behind Nearly $11,000,000,000 Bitfinex Exploit Sentenced to Five Years in Prison"
2024-11-17,2024-11-17 00:00:00+00:00,2024-11-17 00:00:00+00:00,"ARK Invest Unveils Year-End Targets for Bitcoin, Sees Continued Bullish Momentum for BTC in 2025"
2024-11-17,2024-11-17 00:00:00+00:00,2024-11-17 00:00:00+00:00,BONK Jumps 16% to Record Highs as Traders Eye Even More Gains Ahead
2024-11-17,2024-11-17 00:00:00+00:00,2024-11-17 00:00:00+00:00,XRP Sees Record Futures Bets Amid Price Surge Above $1.20
2024-11-17,2024-11-17 00:00:00+00:00,2024-11-17 00:00:00+00:00,"‘Time Has Come’ – Top Trader Predicts More Rallies for Dogecoin, Updates Forecast for Bitcoin and PEPE"
2024-11-17,2024-11-17 00:00:00+00:00,2024-11-17 00:00:00+00:00,"Real Vision Analyst Jamie Coutts Issues Bitcoin Warning Amid Strong Dollar Rally, Says Macro Backdrop Soured"
2024-11-18,2024-11-18 00:00:00+00:00,2024-11-18 00:00:00+00:00,"‘Retail Investors Are Coming’ – CryptoQuant CEO Details Rise of Smaller Bitcoin Transactions As BTC Regains $92,000"
2024-11-18,2024-11-18 00:00:00+00:00,2024-11-18 00:00:00+00:00,Can a Strategic Bitcoin Reserve Move Forward Without Congress? Experts Disagree
2024-11-18,2024-11-18 00:00:00+00:00,2024-11-18 00:00:00+00:00,Solana's SOL Skyrockets Past $240 for First Time in Three Years
2024-11-18,2024-11-18 00:00:00+00:00,2024-11-18 00:00:00+00:00,"Institutional Crypto Products See $2,200,000,000 in Weekly Flows Setting Year-to-Date Record: CoinShares"
2024-11-18,2024-11-18 00:00:00+00:00,2024-11-18 00:00:00+00:00,"Semler Scientific Added 215 Bitcoin to Holdings, Bringing Stack to 1,273 BTC"
2024-11-19,2024-11-19 00:00:00+00:00,2024-11-19 00:00:00+00:00,Ethena Sees $1B Inflows as Crypto Rally Brings Back Double-Digit Yields
2024-11-19,2024-11-19 00:00:00+00:00,2024-11-19 00:00:00+00:00,Rumble Stock Rises as CEO Teases Bitcoin Adoption
2024-11-19,2024-11-19 00:00:00+00:00,2024-11-19 00:00:00+00:00,BlackRock's IBIT Options Launch on Nasdaq
2024-11-19,2024-11-19 00:00:00+00:00,2024-11-19 00:00:00+00:00,"Analyst Says Dogecoin Has Way More Room To Grow, Sees Potential Rally to New All-Time High for DOGE"
2024-11-19,2024-11-19 00:00:00+00:00,2024-11-19 00:00:00+00:00,"Bitcoin a USD 100.000 ya no es un sueño para los operadores, pero advierten de una subida seguida de una fuerte caída"
2024-11-20,2024-11-20 00:00:00+00:00,2024-11-20 00:00:00+00:00,"The Protocol: ENS on Bitcoin; Worldcoin, Without the Eyeballs"
2024-11-20,2024-11-20 00:00:00+00:00,2024-11-20 00:00:00+00:00,Bitcoin Smashes Another All-Time High as Crypto Analyst Says ‘Breakout Confirmed’ for BTC
2024-11-20,2024-11-20 00:00:00+00:00,2024-11-20 00:00:00+00:00,Bitcoin Posts New ATH Amid BlackRock's IBIT Options Launch
2024-11-20,2024-11-20 00:00:00+00:00,2024-11-20 00:00:00+00:00,"History May Repeat for Bitcoin, Sending BTC to Massive Price Target, According to Crypto Analyst"
2024-11-20,2024-11-20 00:00:00+00:00,2024-11-20 00:00:00+00:00,Galaxy Digital Executive Says ‘Reasonable’ To Look at Bitcoin To Replace US Dollar in Future
2024-11-21,2024-11-21 00:00:00+00:00,2024-11-21 00:00:00+00:00,Crypto for Advisors: 2024 - Bitcoin’s Year?
2024-11-21,2024-11-21 00:00:00+00:00,2024-11-21 00:00:00+00:00,Bitcoin Nears $100K as BTC Battles Pullback with Bullish Sentiment
2024-11-21,2024-11-21 00:00:00+00:00,2024-11-21 00:00:00+00:00,"Billionaire Mike Novogratz Says Bitcoin Could Skyrocket ‘Much Higher’ Once BTC Blows Past $100,000 – Here’s Why"
2024-11-21,2024-11-21 00:00:00+00:00,2024-11-21 00:00:00+00:00,"First Day of BlackRock’s IBIT ETF Options Sees $1,900,000,000 in Exposure: Bloomberg Analyst"
2024-11-21,2024-11-21 00:00:00+00:00,2024-11-21 00:00:00+00:00,MicroStrategy’s Michael Saylor Says He Plans To Pitch Bitcoin Strategy to Microsoft CEO
2024-11-22,2024-11-22 00:00:00+00:00,2024-11-22 00:00:00+00:00,Bitcoin Going to $140K Says Trio of AIs Managing $30M Investment Fund
2024-11-22,2024-11-22 00:00:00+00:00,2024-11-22 00:00:00+00:00,Dogecoin Jumps on Fresh X Payments Speculations After Elon Musk Tweet
2024-11-22,2024-11-22 00:00:00+00:00,2024-11-22 00:00:00+00:00,"Trader Michaël van de Poppe Says Solana Rival To Explode by Nearly 70%, Updates Outlook on Bitcoin and Ethereum"
2024-11-22,2024-11-22 00:00:00+00:00,2024-11-22 00:00:00+00:00,Trump Picks Pro-Crypto Hedge Fund Manager Scott Bessent for Treasury Secretary
2024-11-22,2024-11-22 00:00:00+00:00,2024-11-22 00:00:00+00:00,"Memecoin That’s Skyrocketed Over 160% in Less Than Three Weeks Primed to ‘Turbo Send,’ Says Top Trader"
2024-11-23,2024-11-23 00:00:00+00:00,2024-11-22 11:40:00+00:00,Bitcoin (BTC) on Verge of Parabolic Bull Run: Here Are Two Major Scenarios
2024-11-23,2024-11-23 00:00:00+00:00,2024-11-22 14:34:00+00:00,Bloomberg: MicroStrategy's Bitcoin Model Won't Last
2024-11-23,2024-11-23 00:00:00+00:00,2024-11-22 19:42:00+00:00,Novogratz on Bitcoin Approaching $100K: 'This Is a Big Moment'
2024-11-23,2024-11-23 00:00:00+00:00,2024-11-23 00:00:00+00:00,"$180,000 Bitcoin Incoming Before BTC Goes ‘Higher Than We All Imagined,’ Says Top Analyst – Here’s His Timeline"
2024-11-23,2024-11-23 00:00:00+00:00,2024-11-23 00:00:00+00:00,"Analyst Who Nailed 2022 Crypto Collapse Issues Warning, Says Bitcoin Could Hit Local Top Any Time – Here’s Why"
2024-11-24,2024-11-24 00:00:00+00:00,2024-11-23 13:00:00+00:00,Bitcoin (BTC) Price Top Near? CryptoQuant CEO Shares His Forecast
2024-11-24,2024-11-24 00:00:00+00:00,2024-11-23 15:30:00+00:00,Raoul Pal Shares His 'Paper Hand' Drama From 2017
2024-11-24,2024-11-24 00:00:00+00:00,2024-11-24 00:00:00+00:00,Top Crypto Analyst Unveils Two Triggers That Could Signal Bull Market Top for Bitcoin (BTC)
2024-11-24,2024-11-24 00:00:00+00:00,2024-11-24 00:00:00+00:00,"New Altcoin Season Now in Sight, According to Crypto Strategist – Here’s Why"
2024-11-25,2024-11-25 00:00:00+00:00,2024-11-25 00:00:00+00:00,"Bitcoin Whales Gobble Up Nearly $4,000,000,000 in BTC in Just Four Days, Says Analyst"
2024-11-25,2024-11-25 00:00:00+00:00,2024-11-25 00:00:00+00:00,BitMEX Founder Arthur Hayes Unveils Massive Price Targets for Bitcoin (BTC) and Dogecoin (DOGE)
2024-11-25,2024-11-25 00:00:00+00:00,2024-11-25 00:00:00+00:00,"BTC's $100K Threshold, ETF's Liquidity Concern and MicroStrategy's BTC Bags"
2024-11-25,2024-11-25 00:00:00+00:00,2024-11-25 00:00:00+00:00,"$3,124,000,000 Hits Bitcoin ETFs In Largest Weekly Inflows on Record: CoinShares"
2024-11-25,2024-11-25 00:00:00+00:00,2024-11-25 00:00:00+00:00,MicroStrategy Adds $5.4B of Bitcoin; Trump Taps Pro-Crypto Scott Bessent for Treasury Secretary
2024-11-26,2024-11-26 00:00:00+00:00,2024-11-25 17:04:00+00:00,"Odds of Bitcoin Hitting $100,000 Collapse"
2024-11-26,2024-11-26 00:00:00+00:00,2024-11-26 00:00:00+00:00,"Economist Alex Krüger Predicts Runs for Bitcoin, Altcoins and Memecoins, Sees March 2025 Turbulence"
2024-11-26,2024-11-26 00:00:00+00:00,2024-11-26 00:00:00+00:00,"Pantera Capital Sees 131,165% Performance on BTC As CEO Dan Morehead Says Bitcoin Has Reached ‘Escape Velocity’"
2024-11-26,2024-11-26 00:00:00+00:00,2024-11-26 00:00:00+00:00,"Bitcoin Sees Heaviest Profit-Taking Period of Entire Market Cycle, According to On-Chain Analyst"
2024-11-26,2024-11-26 00:00:00+00:00,2024-11-26 00:00:00+00:00,"Analyst Issues $80,000 Bitcoin Price Warning As Crypto Markets Retreat"
2024-11-27,2024-11-27 00:00:00+00:00,2024-11-27 00:00:00+00:00,"YouTube Rival Rumble Announces Up to $20,000,000 Allocation to Bitcoin Treasury Strategy"
2024-11-27,2024-11-27 00:00:00+00:00,2024-11-27 00:00:00+00:00,When's the Best Time to Buy Bitcoin?
2024-11-27,2024-11-27 00:00:00+00:00,2024-11-27 00:00:00+00:00,"Top Analyst Says Dogecoin Parabolic Rally Has Just Started, Places Solana Rival on Altcoin Hotlist"
2024-11-27,2024-11-27 00:00:00+00:00,2024-11-27 00:00:00+00:00,"This Solana Rival Is Looking Great Amid Bitcoin Pullback, Says Top Crypto Analyst"
2024-11-27,2024-11-27 00:00:00+00:00,2024-11-27 00:00:00+00:00,"Correction for Bitcoin in Coming Weeks Could Be Beneficial for Bull Market, According to Rekt Capital – Here’s Why"
2024-11-28,2024-11-28 00:00:00+00:00,2024-11-28 00:00:00+00:00,"Bitcoin Hasn’t Yet Reached Parabolic Phase, According to Trader That Called 2021 Crypto Collapse"
2024-11-28,2024-11-28 00:00:00+00:00,2024-11-28 00:00:00+00:00,"Bankrupt Crypto Lender Announces Plan To Distribute $127,000,000 in Bitcoin or US Dollars to Creditors"
2024-11-28,2024-11-28 00:00:00+00:00,2024-11-28 00:00:00+00:00,"Bitcoin Could Reach up to $500,000 Within 24 Months, Says Cardano Founder Charles Hoskinson – Here’s Why"
2024-11-28,2024-11-28 00:00:00+00:00,2024-11-28 00:00:00+00:00,"Analyst Kevin Svenson Outlines Two Scenarios That Could Trigger Bitcoin Rally to $100,000 – Here’s His Outlook"
2024-11-28,2024-11-28 00:00:00+00:00,2024-11-28 00:00:00+00:00,"Bitcoin Primed for ‘Some Sort of Thanksgiving Rally,’ According to Crypto Analyst – Here Are His Targets"
2024-11-29,2024-11-29 00:00:00+00:00,2024-11-29 00:00:00+00:00,"Glassnode Co-Founders Predict Bitcoin Has Bottomed Out, Say One Altcoin Checks All the Boxes for Incoming Rally"
2024-11-29,2024-11-29 00:00:00+00:00,2024-11-29 00:00:00+00:00,"Analyst Michaël van de Poppe Says One Top-50 Altcoin Primed To Rally 70%, Outlines Path Forward for Bitcoin"
2024-11-29,2024-11-29 00:00:00+00:00,2024-11-29 00:00:00+00:00,"Bitcoin Has Higher-Than-Usual Chances of Continuing Upward Move if This Happens, Says Analytics Firm Santiment"
2024-11-29,2024-11-29 00:00:00+00:00,2024-11-29 00:00:00+00:00,"Top Trader Says Breakout Loading for Dogecoin and Shiba Inu Rival, Updates Outlook on Bitcoin and Jupiter"
2024-11-29,2024-11-29 00:00:00+00:00,2024-11-29 00:00:00+00:00,"Bitcoin Just Flashed the ‘Very First Signal’ To Kick Off the Parabolic Phase, Says Analyst – Here’s His Outlook"
2024-11-30,2024-11-30 00:00:00+00:00,2024-11-29 19:49:00+00:00,Roubini Not Sold on Crypto Despite Record-Breaking Rally
2024-11-30,2024-11-30 00:00:00+00:00,2024-11-30 00:00:00+00:00,"Trader Says One Metric Signaling Massive Upside Potential for Bitcoin, Updates Outlook on Ethereum and Dogecoin"
2024-11-30,2024-11-30 00:00:00+00:00,2024-11-30 00:00:00+00:00,‘No Prospect of Success’: Craig Wright’s Appeal Bid in Bitcoin Creator Case Rejected As Meritless
2024-11-30,2024-11-30 00:00:00+00:00,2024-11-30 00:00:00+00:00,Top Crypto Trader Says Altcoins To Pop Off Amid Bullish Signals on Bitcoin Charts – Here Are His Top Picks
2024-11-30,2024-11-30 00:00:00+00:00,2024-11-30 00:00:00+00:00,"Crypto Analyst Issues Ethereum Alert, Says ETH Approaching the First ‘Trouble Area’ – Here Are His Targets"
2024-12-01,2024-12-01 00:00:00+00:00,2024-12-01 00:00:00+00:00,"Analyst Says Dogecoin Parabolic Rally Will Test Your Patience, Sees Bitcoin Surging Amid Calls for Pullback"
2024-12-01,2024-12-01 00:00:00+00:00,2024-12-01 00:00:00+00:00,"Fundstrat’s Tom Lee Says Bitcoin (BTC) Explosion Above $250,000 This Bull Market ‘Highly Probable’ – Here’s Why"
2024-12-02,2024-12-02 00:00:00+00:00,2024-12-01 13:23:00+00:00,MicroStrategy's Saylor: '60 Public Companies Can Issue Equity to Buy Bitcoin'
2024-12-02,2024-12-02 00:00:00+00:00,2024-12-02 00:00:00+00:00,"Crypto Whales Scoop Up $1,000,000,000 Worth of Ethereum (ETH) in Just Four Days, Says Analyst"
2024-12-02,2024-12-02 00:00:00+00:00,2024-12-02 00:00:00+00:00,Robert Kiyosaki Says ‘Horse Will Be out of the Barn and Running’ Once Bitcoin (BTC) Shatters This Price Level
2024-12-02,2024-12-02 00:00:00+00:00,2024-12-02 00:00:00+00:00,Ethereum Sees ‘Dramatic’ Shift in Institutional Sentiment Amid New Yearly Record in Product Inflows: CoinShares
2024-12-02,2024-12-02 00:00:00+00:00,2024-12-02 00:00:00+00:00,PlanB Doubles Down on Massive Bitcoin Price Prediction for Market Cycle Peak – Here’s His Outlook
2024-12-03,2024-12-03 00:00:00+00:00,2024-12-02 13:19:00+00:00,MicroStrategy Buys $1.5 Billion Worth of Bitcoin
2024-12-03,2024-12-03 00:00:00+00:00,2024-12-02 15:09:00+00:00,XRP vs. Bitcoin: Expert Trader Breaks Silence on What Happened in 2017
2024-12-03,2024-12-03 00:00:00+00:00,2024-12-03 00:00:00+00:00,"Here’s When Government Money Printing Will Push Bitcoin to $1,000,000, According to Arthur Hayes"
2024-12-03,2024-12-03 00:00:00+00:00,2024-12-03 00:00:00+00:00,Whales Scoop up Discounts in Crypto Markets As South Korean Government Suddenly Declares Martial Law
2024-12-03,2024-12-03 00:00:00+00:00,2024-12-03 00:00:00+00:00,"Crypto, Stocks and ‘Everything Bubble’ Still Has Room To Run, According to Analyst Jason Pizzino"
2024-12-04,2024-12-04 00:00:00+00:00,2024-12-04 00:00:00+00:00,Bitcoin Trading Sideways Around $21K
2024-12-04,2024-12-04 00:00:00+00:00,2024-12-04 00:00:00+00:00,BTC Slides Below $43K During Bitcoin Miami Conference
2024-12-04,2024-12-04 00:00:00+00:00,2024-12-04 00:00:00+00:00,Twitter Joined $20M Funding Round for Bitcoin Payments Provider OpenNode
2024-12-04,2024-12-04 00:00:00+00:00,2024-12-04 00:00:00+00:00,Will Bitcoin Hit Its All-Time High of Just Under $65K?
2024-12-04,2024-12-04 00:00:00+00:00,2024-12-04 00:00:00+00:00,'Reality Kicking in' for Crypto: MarketVector Indexes
2024-12-05,2024-12-05 00:00:00+00:00,2024-12-05 00:00:00+00:00,Analyst Benjamin Cowen Says One Catalyst Could Trigger ‘One More Push Higher’ for Bitcoin Before End of 2024
2024-12-05,2024-12-05 00:00:00+00:00,2024-12-05 00:00:00+00:00,"Trader Michaël van de Poppe Says Altcoins Primed for ‘Another Strong Run,’ Outlines Path Forward for Bitcoin"
2024-12-05,2024-12-05 00:00:00+00:00,2024-12-05 00:00:00+00:00,"Bitcoin (BTC) Smashes Through $100,000 Following Trump’s Pick of Paul Atkins for SEC Chair"
2024-12-05,2024-12-05 00:00:00+00:00,2024-12-05 00:00:00+00:00,"This Ethereum-Based Altcoin Looks Ready To Explode by Over 500%, According to Crypto Analyst Justin Bennett"
2024-12-05,2024-12-05 00:00:00+00:00,2024-12-05 00:00:00+00:00,"BTC Consolidates at $43K Level, Correlation With S&P 500 On the Rise"
2024-12-06,2024-12-06 00:00:00+00:00,2024-12-06 00:00:00+00:00,Medical Tech Firm Semler Scientific Adds 303 Bitcoin to Corporate BTC Treasury Holdings
2024-12-06,2024-12-06 00:00:00+00:00,2024-12-06 00:00:00+00:00,"One Catalyst Could Trigger Bitcoin Explosion to $1,000,000, Says CryptoQuant CEO"
2024-12-06,2024-12-06 00:00:00+00:00,2024-12-06 00:00:00+00:00,"Bitcoin (BTC) Competes With Gold, Not the US Dollar: Fed Chair Jerome Powell"
2024-12-06,2024-12-06 00:00:00+00:00,2024-12-06 00:00:00+00:00,"Bitcoin Primed To Keep Appreciating Against US Dollar Forever, According to Michael Saylor – Here’s His Outlook"
2024-12-06,2024-12-06 00:00:00+00:00,2024-12-06 00:00:00+00:00,"Glassnode Co-Founders Issue Bitcoin Alert After $100,000 Milestone Is Hit, Say BTC Early Warning Signal Flashing"
2024-12-07,2024-12-07 00:00:00+00:00,2024-12-06 13:16:00+00:00,Satoshi No Longer Leading Bitcoin Holder
2024-12-07,2024-12-07 00:00:00+00:00,2024-12-06 14:32:00+00:00,John Bollinger Asks What Top Cryptocurrencies Right Now Are
2024-12-07,2024-12-07 00:00:00+00:00,2024-12-07 00:00:00+00:00,"Altcoins Primed for Massive Upward Run, According to Crypto Analyst Michaël van de Poppe – Here’s His Outlook"
2024-12-07,2024-12-07 00:00:00+00:00,2024-12-07 00:00:00+00:00,Top Crypto Analyst Says Bitcoin Far Closer to the Cycle Peak Than People Want To Admit – Here’s His Timeline
2024-12-07,2024-12-07 00:00:00+00:00,2024-12-07 00:00:00+00:00,"Top Trader Says Large-Cap Altcoin on Cusp of a Violent Upside Move, Updates Outlook on Bitcoin and dogwifhat"
2024-12-08,2024-12-08 00:00:00+00:00,2024-12-08 00:00:00+00:00,"Investor Chris Burniske Warns of Crypto Shakedown Event, Says Market Entering Period of Increasing Frenzy"
2024-12-08,2024-12-08 00:00:00+00:00,2024-12-08 00:00:00+00:00,"Key Bitcoin Stakeholders Unload Over $8,500,000,000 Worth of BTC in Just 48 Hours, Says Analytics Firm Santiment"
2024-12-08,2024-12-08 00:00:00+00:00,2024-12-08 00:00:00+00:00,Former New York Fed President Says Strategic Bitcoin Reserve Would Drive Up Inflation and Government Debt
2024-12-08,2024-12-08 00:00:00+00:00,2024-12-08 00:00:00+00:00,"Marathon Digital Acquires Over $270,000,000 Worth of Bitcoin (BTC) Following Convertible Note Offer: Lookonchain"
2024-12-08,2024-12-08 00:00:00+00:00,2024-12-08 00:00:00+00:00,"Ethereum Could Break $5,000 ‘In a Few Days,’ Says Crypto Trader – Here’s His Outlook"
2024-12-09,2024-12-09 00:00:00+00:00,2024-12-09 00:00:00+00:00,"Bitcoin (BTC) Strength Now Serving As Precursor for Rallies in This Asset, Says Fundstrat’s Tom Lee"
2024-12-09,2024-12-09 00:00:00+00:00,2024-12-09 00:00:00+00:00,"$567,390,000 in Liquidations Hits Crypto Markets As Analyst Warns of ‘Trouble Area’ for Altcoins"
2024-12-09,2024-12-09 00:00:00+00:00,2024-12-09 00:00:00+00:00,Traders Call $120K Bitcoin Next Resistance Level
2024-12-09,2024-12-09 00:00:00+00:00,2024-12-09 00:00:00+00:00,El Salvador and Bhutan's Bitcoin Retreat; MicroStrategy Buys $2B BTC
2024-12-09,2024-12-09 00:00:00+00:00,2024-12-09 00:00:00+00:00,"Treasury Department Says Bitcoin (BTC) Being Used As ‘Digital Gold,’ Touts Benefits of Tokenization"
2024-12-10,2024-12-10 00:00:00+00:00,2024-12-10 00:00:00+00:00,"Quant Analyst PlanB Outlines Bitcoin December Price Target, Forecasts Timeline for ‘Face Melting’ Bull Market"
2024-12-10,2024-12-10 00:00:00+00:00,2024-12-10 00:00:00+00:00,Economist Alex Krüger Says Bitcoin (BTC) ‘Highly Likely’ in a Supercycle – Here’s Why
2024-12-10,2024-12-10 00:00:00+00:00,2024-12-10 00:00:00+00:00,Why Wall Street is Missing The Cultural Wave
2024-12-10,2024-12-10 00:00:00+00:00,2024-12-10 00:00:00+00:00,Bitcoin Price Drops As Microsoft Shareholders Say No To BTC
2024-12-10,2024-12-10 00:00:00+00:00,2024-12-10 00:00:00+00:00,"Bitcoin ‘Parabolic Phase’ Has Just Begun, Says Crypto Strategist – Here’s How Long It Could Last"
2024-12-11,2024-12-11 00:00:00+00:00,2024-12-11 00:00:00+00:00,Eric Trump Says Only Matter of Time Before Crypto Leaps Ahead of ‘Antiquated’ Banking System
2024-12-11,2024-12-11 00:00:00+00:00,2024-12-11 00:00:00+00:00,MicroStrategy’s Michael Saylor Says Bitcoin Creator Satoshi Gave Us a Game We Can All Win While Getting Wealthy
2024-12-11,2024-12-11 00:00:00+00:00,2024-12-11 00:00:00+00:00,SEC Begins Seeking Comments From Public on Bitwise’s New Crypto ETP
2024-12-11,2024-12-11 00:00:00+00:00,2024-12-11 00:00:00+00:00,"Fed Rate Cut Likely After In-line CPI Data; BTC, XRP Surge"
2024-12-11,2024-12-11 00:00:00+00:00,2024-12-11 00:00:00+00:00,"Will BTC, ETH and SOL Hit New All Time Highs in 2025?"
2024-12-12,2024-12-12 00:00:00+00:00,2024-12-12 00:00:00+00:00,Financial Giant BlackRock Endorses Up to 2% Bitcoin (BTC) Allocation in Multi-Asset Portfolios: Report
2024-12-12,2024-12-12 00:00:00+00:00,2024-12-12 00:00:00+00:00,"As Bitcoin (BTC) Reaches for New Heights, the Altcoin Bull Market Is Just Getting Started, Says Crypto Analyst"
2024-12-12,2024-12-12 00:00:00+00:00,2024-12-12 00:00:00+00:00,"Coinbase Will Surpass Charles Schwab As Most Valuable Brokerage in the World, According to Bitwise – Here’s Why"
2024-12-12,2024-12-12 00:00:00+00:00,2024-12-12 00:00:00+00:00,"Bitcoin Likely To Print Smaller Gains Compared To Last Market Cycle, According to Analyst Benjamin Cowen"
2024-12-12,2024-12-12 00:00:00+00:00,2024-12-12 00:00:00+00:00,Ray Dalio Says He’d Rather Have ‘Hard Money Like Gold and Bitcoin’ Amid ’Pending Debt Money Problem’: Report
2024-12-13,2024-12-13 00:00:00+00:00,2024-12-12 19:57:00+00:00,Bitcoin Bull Novogratz Reacts to 'Massive' BlackRock News
2024-12-13,2024-12-13 00:00:00+00:00,2024-12-13 00:00:00+00:00,"Whales Accumulate Bitcoin, Dogecoin, Cardano and One Other Altcoin Amid Brief Market Dip This Week, Says Analyst"
2024-12-13,2024-12-13 00:00:00+00:00,2024-12-13 00:00:00+00:00,"Crypto Trader Claims Bitcoin’s Uptrend Is Still Intact, Updates Outlook on Top XRP Rival"
2024-12-13,2024-12-13 00:00:00+00:00,2024-12-13 00:00:00+00:00,"Crypto Analyst Highlights Altcoin Market Bottom, Draws Line in the Sand for Bitcoin (BTC)"
2024-12-13,2024-12-13 00:00:00+00:00,2024-12-13 00:00:00+00:00,Texas Lawmaker Introduces Bill That Would Establish Bitcoin Reserve Within the State Treasury
2024-12-14,2024-12-14 00:00:00+00:00,2024-12-13 16:23:00+00:00,"Bitcoin to Continue Outperforming Other Cryptos, McGlone Predicts"
2024-12-14,2024-12-14 00:00:00+00:00,2024-12-14 00:00:00+00:00,Wrapped Bitcoin Custodian BiT Global Sues Coinbase After November WBTC Delisting
2024-12-14,2024-12-14 00:00:00+00:00,2024-12-14 00:00:00+00:00,"Digital Chamber CEO Perianne Boring Suggests Bitcoin (BTC) Could Skyrocket to $800,000 Next Year – Here’s Why"
2024-12-14,2024-12-14 00:00:00+00:00,2024-12-14 00:00:00+00:00,"Bitcoin Mining Giant Riot Platforms Adds More Than $510,000,000 Worth of BTC to Corporate Treasury"
2024-12-14,2024-12-14 00:00:00+00:00,2024-12-14 00:00:00+00:00,Early-Era US Bitcoin Investor Sentenced to Two Years in Prison for Underreporting Gains From BTC Sales
2024-12-15,2024-12-15 00:00:00+00:00,2024-12-15 00:00:00+00:00,"Crypto Whales Gobble Up Nearly $149,600,000 Worth of Cardano and Large-Cap Memecoin in Just Two Days: Analyst"
2024-12-15,2024-12-15 00:00:00+00:00,2024-12-15 00:00:00+00:00,"Demand for Bitcoin and Ethereum ETFs Seeing Just Tip of the Iceberg, Says BlackRock Executive: Report"
2024-12-15,2024-12-15 00:00:00+00:00,2024-12-15 00:00:00+00:00,"Dan Morehead Unveils Pantera Capital’s Crypto Holdings, Says Firm Owns Bitcoin and Other ‘Interesting’ Altcoins"
2024-12-15,2024-12-15 00:00:00+00:00,2024-12-15 00:00:00+00:00,"Here’s What Could Trigger Christmas Rally for Altcoins, According to Glassnode Co-Founders"
2024-12-15,2024-12-15 00:00:00+00:00,2024-12-15 00:00:00+00:00,"VanEck Predicts $4,000,000,000,000 Explosion in DeFi Volumes for 2025 – Here’s Why"
2024-12-16,2024-12-16 00:00:00+00:00,2024-12-16 00:00:00+00:00,"Out-of-Control Surge in US National Debt Fueling Bitcoin Rallies, Says Anthony Pompliano"
2024-12-16,2024-12-16 00:00:00+00:00,2024-12-16 00:00:00+00:00,"Avalanche of Institutional Money Continues Into Crypto Products With $3,200,000,000 in Inflows: CoinShares"
2024-12-16,2024-12-16 00:00:00+00:00,2024-12-16 00:00:00+00:00,Bitcoin Hits New Record High As More Companies Buy BTC
2024-12-16,2024-12-16 00:00:00+00:00,2024-12-16 00:00:00+00:00,"Investors Withdraw Nearly $4,000,000,000 Worth of Bitcoin From Crypto Exchanges Over Past Week, Says Analyst"
2024-12-16,2024-12-16 00:00:00+00:00,2024-12-16 00:00:00+00:00,"Singapore Leading World in Crypto Adoption, With 40% of Investors Holding Digital Assets: Report"
2024-12-17,2024-12-17 00:00:00+00:00,2024-12-17 00:00:00+00:00,"Trader Says Altcoin That’s Up over 8x in Under Three Months to Outperform Market, Updates Outlook on Solana"
2024-12-17,2024-12-17 00:00:00+00:00,2024-12-17 00:00:00+00:00,Bitcoin Spikes $108K Record Despite Cautious Options Data
2024-12-17,2024-12-17 00:00:00+00:00,2024-12-17 00:00:00+00:00,"Ethereum (ETH) In for ‘Renewed Upside’ After Continued Stability, Says Crypto Analyst – Here’s His Outlook"
2024-12-17,2024-12-17 00:00:00+00:00,2024-12-17 00:00:00+00:00,"Strike CEO Says Bitcoin in Early Innings of Bull Run, Predicts BTC Could Skyrocket by up to 870% – Here’s Why"
2024-12-17,2024-12-17 00:00:00+00:00,2024-12-17 00:00:00+00:00,"Bitcoin and Ethereum Primed To Go Massively Higher Soon, According to Top Crypto Analyst – Here Are His Targets"
2024-12-18,2024-12-18 00:00:00+00:00,2024-12-18 00:00:00+00:00,"Analyst Says It’s Time for New Ethereum All-Time High, Sees Bitcoin Going ‘Full Santa Claus Mode’"
2024-12-18,2024-12-18 00:00:00+00:00,2024-12-18 00:00:00+00:00,"$200,000 Bitcoin Price Target To Look ‘Quaint’ if US Government Launches BTC Reserve: Bitwise CIO Matt Hougan"
2024-12-18,2024-12-18 00:00:00+00:00,2024-12-18 00:00:00+00:00,Bitcoin Price Drops As Jerome Powell Says Federal Reserve ‘Not Allowed’ To Hold BTC
2024-12-18,2024-12-18 00:00:00+00:00,2024-12-18 00:00:00+00:00,Bitcoin Price Retreats Ahead of Expected Fed Rate Cut
2024-12-18,2024-12-18 00:00:00+00:00,2024-12-18 00:00:00+00:00,"Bitcoin Whale Wakes Up After Three Years To Move $530,000,000 in BTC to New Wallets, Pays $46 in Fees: Arkham"
2024-12-19,2024-12-19 00:00:00+00:00,2024-12-19 00:00:00+00:00,Trader Says XRP Will Be Off to the Races Once Major Resistance Level Is Overcome – Here’s His Price Target
2024-12-19,2024-12-19 00:00:00+00:00,2024-12-19 00:00:00+00:00,"Fed's Hawkish Outlook Plunges Bitcoin, Crypto Markets"
2024-12-19,2024-12-19 00:00:00+00:00,2024-12-19 00:00:00+00:00,Self-Proclaimed Bitcoin Creator Craig Wright Declared in Contempt of Court
2024-12-19,2024-12-19 00:00:00+00:00,2024-12-19 00:00:00+00:00,"Glassnode Co-Founders Say Fed’s Hawkishness Triggered Bitcoin Dip, Predict BTC Recovery – Here’s Why"
2024-12-19,2024-12-19 00:00:00+00:00,2024-12-19 00:00:00+00:00,"Analyst Justin Bennett Issues Bitcoin Alert, Says BTC Headed Lower if Bulls Lose Momentum – Here’s His Target"
2024-12-20,2024-12-20 00:00:00+00:00,2024-12-20 00:00:00+00:00,"Coinbase Withdraws Support for Wrapped Bitcoin (wBTC) As BTC Careens Below $100,000"
2024-12-20,2024-12-20 00:00:00+00:00,2024-12-20 00:00:00+00:00,"Bitcoin Mining Giant MARA Gobbles Up $1,530,000,000 Worth of BTC As Fellow Miners Add to Crypto Treasuries"
2024-12-20,2024-12-20 00:00:00+00:00,2024-12-20 00:00:00+00:00,"El Salvador Inks $1,400,000,000 Funding Deal With IMF but Agrees To Wind Down Involvement in Chivo Bitcoin Wallet"
2024-12-20,2024-12-20 00:00:00+00:00,2024-12-20 00:00:00+00:00,Hawk Tuah Girl Breaks Silence After Token Failure
2024-12-20,2024-12-20 00:00:00+00:00,2024-12-20 00:00:00+00:00,Blood Bath Across Crypto Markets After Fed Decision
2024-12-21,2024-12-21 00:00:00+00:00,2024-12-21 00:00:00+00:00,"Veteran Trader Peter Brandt Sees Bitcoin Flashing Bearish Signal, Warns BTC Crashing Below $80,000 a Possibility"
2024-12-21,2024-12-21 00:00:00+00:00,2024-12-21 00:00:00+00:00,"Trader Issues Crypto Market Alert, Warns One or More Flushes Incoming Before End of Year – Here’s His Outlook"
2024-12-21,2024-12-21 00:00:00+00:00,2024-12-21 00:00:00+00:00,"$200,000 Bitcoin ‘Doable’ in 2025 Courtesy of One Catalyst, Says Venture Capitalist Dan Tapiero"
2024-12-21,2024-12-21 00:00:00+00:00,2024-12-21 00:00:00+00:00,"Altcoin That’s Up 20,000%+ Year-to-Date and Nine Others Are Seeing ‘Very Large Whale Transfers’: Santiment"
2024-12-21,2024-12-21 00:00:00+00:00,2024-12-21 00:00:00+00:00,Investor Anthony Pompliano Says 2025 Will Be a ‘Great Year’ for Bitcoin – Here Are His Reasons
2024-12-22,2024-12-22 00:00:00+00:00,2024-12-22 00:00:00+00:00,End of Altcoin Season? Glassnode Co-Founders Warn Alts in Danger of Lagging Behind After Last Week’s Correction
2024-12-22,2024-12-22 00:00:00+00:00,2024-12-22 00:00:00+00:00,"Rich Dad Poor Dad Author Warns World About To Crash Financially, Calls Bitcoin a ‘Best Asset’ for Your Money"
2024-12-22,2024-12-22 00:00:00+00:00,2024-12-22 00:00:00+00:00,"Ethereum Set To Move Up Against Bitcoin, According to Analyst Benjamin Cowen – Here’s His Outlook"
2024-12-22,2024-12-22 00:00:00+00:00,2024-12-22 00:00:00+00:00,"Crypto Analyst Predicts Incoming Bitcoin Parabolic Rally, Says BTC at Point Where Things Get Exciting"
2024-12-23,2024-12-23 00:00:00+00:00,2024-12-22 18:10:00+00:00,MicroStrategy's Saylor Pitches $600 Million Bitcoin Buy to Jeff Bezos
2024-12-23,2024-12-23 00:00:00+00:00,2024-12-23 00:00:00+00:00,"Bitcoin Flashing Bullish Pattern That Led to 100% Rally Earlier This Year, According to Analyst Justin Bennett"
2024-12-23,2024-12-23 00:00:00+00:00,2024-12-23 00:00:00+00:00,"Strategic Bitcoin Reserve Can Pay Off Over a Third of US National Debt by 2050, According to VanEck Executive"
2024-12-23,2024-12-23 00:00:00+00:00,2024-12-23 00:00:00+00:00,"‘Omega Candle’ Is the Next Step for Bitcoin, Says BTC Veteran Samson Mow – Here’s What He Means"
2024-12-23,2024-12-23 00:00:00+00:00,2024-12-23 00:00:00+00:00,Institutional Crypto Products Continue Inflow Hot Streak Despite Market Sell-Off: CoinShares
2024-12-24,2024-12-24 00:00:00+00:00,2024-12-24 00:00:00+00:00,"31% of All Bitcoin Holdings Now Belong to ETFs, Governments and Microstrategy (MSTR): CryptoQuant CEO"
2024-12-24,2024-12-24 00:00:00+00:00,2024-12-24 00:00:00+00:00,"El Salvador Raises Daily Bitcoin Purchase Elevenfold for Two Days As BTC Reserves Soars to Over $574,000,000"
2024-12-24,2024-12-24 00:00:00+00:00,2024-12-24 00:00:00+00:00,Bitcoin (BTC) May Be Due for Significant Correction As Technical Indicators Overextend: Benjamin Cowen
2024-12-24,2024-12-24 00:00:00+00:00,2024-12-24 00:00:00+00:00,Russian Government To Ban Bitcoin Mining in 10 Different Regions Due to Energy Shortages: Report
2024-12-24,2024-12-24 00:00:00+00:00,2024-12-24 00:00:00+00:00,What Trump Means for BTC Miners and Strategic BTC Reserve With Pierre Rochard
2024-12-25,2024-12-25 00:00:00+00:00,2024-12-25 00:00:00+00:00,Top Analyst Now Sees Window of Opportunity for Bitcoin and Altcoins To Pop – But There’s a Catch
2024-12-25,2024-12-25 00:00:00+00:00,2024-12-25 00:00:00+00:00,"Everything Setting Up for Crypto Bull Market Top in 2025, Says Pantera Capital’s CEO – Here’s His Timeline"
2024-12-25,2024-12-25 00:00:00+00:00,2024-12-25 00:00:00+00:00,"Additional Downside for Bitcoin To Be Expected As Resistance Remains Strong, According to Analyst"
2024-12-25,2024-12-25 00:00:00+00:00,2024-12-25 00:00:00+00:00,"Russian Companies Now Using Bitcoin (BTC) for Foreign Trade, According to Finance Minister: Report"
2024-12-25,2024-12-25 00:00:00+00:00,2024-12-25 00:00:00+00:00,"CryptoQuant CEO Says Using Strategic Bitcoin Reserve To Offset US Debt Is Feasible, Calls the Approach Practical"
2024-12-26,2024-12-26 00:00:00+00:00,2024-12-25 15:13:00+00:00,Michael Saylor Reacts to Bitcoin Xmas Rally: 'There Is No Second-Best Christmas Gift'
2024-12-26,2024-12-26 00:00:00+00:00,2024-12-25 15:43:00+00:00,Several Bitcoin Mutual Funds to Go Live in Israel
2024-12-26,2024-12-26 00:00:00+00:00,2024-12-26 00:00:00+00:00,"Bitcoin Cycle Top ‘Still Seems Far Off,’ According to CryptoQuant CEO – Here’s His Outlook"
2024-12-26,2024-12-26 00:00:00+00:00,2024-12-26 00:00:00+00:00,"Crypto Trader Issues Bitcoin Alert, Says BTC Could Drop Sharply to $70,085 if Critical Support Level Crumbles"
2024-12-27,2024-12-27 00:00:00+00:00,2024-12-26 20:20:00+00:00,There's Silver Lining for XRP Bulls Following 6% Plunge
2024-12-27,2024-12-27 00:00:00+00:00,2024-12-27 00:00:00+00:00,"Here’s When Bitcoin Could Hit a Top This Cycle if History Repeats, According to Crypto Analyst"
2024-12-27,2024-12-27 00:00:00+00:00,2024-12-27 00:00:00+00:00,Investor Anthony Pompliano Says One Factor Will Be a Huge Tailwind for Bitcoin and Crypto in 2025
2024-12-27,2024-12-27 00:00:00+00:00,2024-12-27 00:00:00+00:00,"Tech Firm KULR Scoops Up $21,000,000 Worth of Bitcoin to Start New BTC Corporate Treasury"
2024-12-27,2024-12-27 00:00:00+00:00,2024-12-27 00:00:00+00:00,"Analyst Issues Urgent Crypto Alert, Says There’s a Chance the Market Could Go Lower – Here’s His Outlook"
2024-12-28,2024-12-28 00:00:00+00:00,2024-12-27 07:59:00+00:00,"2025 Might Be Year of Corporate Bitcoin Adoption, According to Bitwise CEO"
2024-12-28,2024-12-28 00:00:00+00:00,2024-12-28 00:00:00+00:00,"Dogecoin Primed for a Price Rebound As Crypto Whales Accumulate DOGE, According to Analyst"
2024-12-28,2024-12-28 00:00:00+00:00,2024-12-28 00:00:00+00:00,"Here’s How Long Bitcoin Could Take Before Hitting a New All-Time High, According to Analyst Jason Pizzino"
2024-12-28,2024-12-28 00:00:00+00:00,2024-12-28 00:00:00+00:00,"Trader Issues Bitcoin Alert, Says BTC ‘Doesn’t Look Great’ After Double-Digit Percentage Fall From All-Time High"
2024-12-28,2024-12-28 00:00:00+00:00,2024-12-28 00:00:00+00:00,"$1,000,000 Bitcoin Incoming by the End of the Current Cycle, Predicts BitMEX Founder Arthur Hayes – Here’s Why"
2024-12-29,2024-12-29 00:00:00+00:00,2024-12-28 13:45:00+00:00,"2024 Crypto Rally Is Over, With Trading Volume Down by 64%"
2024-12-29,2024-12-29 00:00:00+00:00,2024-12-29 00:00:00+00:00,BitGo CEO Mike Belshe Predicts ‘Good Gains’ in 2025 for Bitcoin and Crypto – Here’s His Forecast
2024-12-29,2024-12-29 00:00:00+00:00,2024-12-29 00:00:00+00:00,"Trader Predicts ‘Aggressive’ Upside Rally for Bitcoin, Unveils ‘Realistic’ Bull Market Price Target for BTC"
2024-12-29,2024-12-29 00:00:00+00:00,2024-12-29 00:00:00+00:00,"Here’s Where Bitcoin and Solana Will Peak in Current Market Cycle, According to InvestAnswers"
2024-12-30,2024-12-30 00:00:00+00:00,2024-12-30 00:00:00+00:00,"Galaxy Research Unveils H1 and Q4 2025 Price Targets for Bitcoin, Sees Ethereum Hitting New Highs Next Year"
2024-12-30,2024-12-30 00:00:00+00:00,2024-12-30 00:00:00+00:00,Analyst Who Nailed Bitcoin Pre-Halving Pullback Warns BTC Showing Signs of Incoming Multi-Week Correction
2024-12-30,2024-12-30 00:00:00+00:00,2024-12-30 00:00:00+00:00,"Here’s How Bitcoin Could Potentially Witness a Price Pump, According to Glassnode Co-Founders"
2024-12-30,2024-12-30 00:00:00+00:00,2024-12-30 00:00:00+00:00,"MicroStrategy Acquires 2,138 Bitcoin As Value of the Firm’s BTC Stash Balloons to Over $27,000,000,000"
2024-12-30,2024-12-30 00:00:00+00:00,2024-12-30 00:00:00+00:00,Crypto Analyst Justin Bennett Warns One Factor Could Trigger Massive Bitcoin Plunge – Here’s His Target
